total,pde,bc,diss,ctrl,energy,var,epoch
3.2689401783334064,0.08936567865002655,0.08315736167695383,0.0008688473811600339,0.00010368480927975124,0.23981742619571303,0.14785824025287922,1
8.26643325645985,0.6799106091711,0.3799511530897889,0.0021354010527012426,0.00022181962767853184,0.2648936102969875,0.1583657894993248,2
5.868847367827099,0.39687780023588015,0.23631926654551944,0.0017373335301100724,0.0005189241710898179,0.27277990717913086,0.16148051502912236,3
3.065506073699832,0.12064859824758106,0.06875242996261133,0.0011698105844835207,0.00036690844365227664,0.26915485431039027,0.15878664672181822,4
3.507253385423053,0.23386423743914664,0.09113527805942753,0.0010958585871782406,9.87623392263386e-06,0.2531426475975893,0.14891239652912822,5
4.402171630678055,0.3103228767357889,0.14366277888141937,0.0011318875807739281,3.9033198463746465e-05,0.2437523445626582,0.14527705024335347,6
4.108379343940406,0.23627827723294115,0.12985791932800364,0.0010413247528831087,6.620248720343326e-05,0.24186350891333167,0.14793129887649278,7
3.2587332617061584,0.13912163638003722,0.08371551591517985,0.0009542647838325641,1.5354100734923365e-05,0.2460815690978501,0.1555443091720892,8
2.752500064600837,0.1246019600272866,0.054975941046804006,0.001033950836071055,1.3245904976836366e-05,0.2536394924064815,0.16519665894326918,9
2.7927498850252506,0.1649182012699831,0.05508523473520048,0.0012795576615052943,2.4593686404420844e-05,0.2549592021943475,0.16585676264742755,10
3.0095531047704904,0.1752295671515485,0.06705449041528835,0.0014658213096181516,1.0982067116787404e-05,0.2533139202037447,0.16100842542685626,11
3.0540045821160344,0.17223270829980616,0.0680081902359369,0.0015112228069522945,9.035457674257981e-06,0.25300590380322757,0.1556990047868929,12
2.8597092851678583,0.17309338346069353,0.053237451115545315,0.001431578683182545,2.3264988183704155e-05,0.25482337933234617,0.15207289295393678,13
2.582051715377583,0.1714238798004161,0.03393274661425004,0.0012963017556351629,4.1215158787094866e-05,0.2564199033316005,0.1505597586559024,14
2.4874654715380142,0.1610826700102678,0.028784790044075713,0.0012072606883236274,1.0330652994444506e-05,0.2532141333193327,0.1506869432497402,15
2.622546608812597,0.16446964349147705,0.03902829757073534,0.0012432294177187647,1.256671938944473e-06,0.24887898620037732,0.15375358693339736,16
2.648045533608891,0.1718952898121105,0.042604462786768986,0.0012787195219023065,8.964784571893577e-08,0.24970058749906035,0.15928436496031773,17
2.4958601008114547,0.17180149740170936,0.03470745436752045,0.001287513383089858,1.4185602005075354e-05,0.25376637783620754,0.16519877665964725,18
2.403910093014582,0.17206363700081784,0.029135031052320487,0.001295649382724557,3.0319106896655206e-05,0.25550627886114163,0.16716863185975414,19
2.440827868961028,0.16990001346421568,0.030190401753470833,0.0013302047576111617,4.496077769022879e-06,0.2478796043366808,0.16248531581152192,20
2.448228608264082,0.1739498066407025,0.031307976630085846,0.0013575706909789106,1.6708243298115855e-06,0.24870739629823693,0.1645866886051743,21
2.391385307371212,0.1819252884464696,0.02911398882472945,0.0013776863757762319,2.3430195625968737e-05,0.2548404747314668,0.1706648041621514,22
2.34258555338095,0.19235527554878684,0.02569855808897784,0.001387167246921336,3.981307689668384e-05,0.25630976044685405,0.17260010905981832,23
2.364039965963737,0.19735206758437654,0.023759243246228218,0.0013653686548498075,1.3971457907000658e-05,0.24626215865679124,0.16406417125115544,24
2.3445725350728597,0.1991905799246162,0.023479105866471804,0.0013760194423508777,3.7348595964489235e-09,0.24993888650233828,0.16642909717534343,25
2.3230050855759248,0.20316993571337078,0.02428631305367398,0.0014698331976073897,0.00010718389668430876,0.2603529655985282,0.17656135917165117,26
2.3089735967110006,0.20875995535339978,0.023833224496761014,0.0015562214127667355,1.5708820455284416e-05,0.2539634354359929,0.1755989380983007,27
2.2952003909049488,0.20600326122694684,0.022790925022524514,0.0015115373410063636,1.194001056882527e-06,0.24890729644601908,0.17428275784505307,28
2.279040021114457,0.1953764734755928,0.024806491421558004,0.0014554289851095496,1.313627541333126e-05,0.25362440000735725,0.18106098364118584,29
2.264589762704681,0.2115195294880593,0.024835705277598232,0.0015818348989052743,5.972760777753072e-06,0.2524439232348323,0.18650175541811692,30
2.25426271241726,0.23127441761546644,0.024020109986239584,0.0016555283112524722,1.655003937381497e-05,0.25406817396061365,0.19026329212034881,31
2.2441220999389984,0.2221627248123794,0.023532521220756945,0.0015995221396808079,4.723241313435756e-05,0.2568725841671352,0.19023451786522344,32
2.236340740930979,0.2105722676559398,0.023268770209146455,0.0016088926225928234,3.7983338620013806e-06,0.2519489314667277,0.18713027517086908,33
2.2088446349946236,0.22071889721340876,0.0217196602995427,0.001710116867540528,3.547308818586261e-07,0.24940440711735395,0.1897159946214692,34
2.2070425608215274,0.23603469068670807,0.023400128638948574,0.0017705363233698468,5.657220226014522e-05,0.25752144947866734,0.200157057562086,35
2.179632609139831,0.23111179412568314,0.02218070558838288,0.0017497363297890452,3.8012385841474074e-05,0.2561654185455226,0.20025370274127247,36
2.1768569920781746,0.2182781503246653,0.021654396321131787,0.001736672955757901,2.2367551233643456e-06,0.24850442147536,0.1952879940518616,37
2.1548378149985377,0.22710732737035505,0.021693858288309713,0.00179221467830631,9.21413947501144e-06,0.2530354801061795,0.2018077584524286,38
2.1509175837990258,0.24650759040647433,0.021753635181555618,0.001885480294047304,4.909439384760226e-05,0.2570067391736529,0.20841160307544399,39
2.139909899147124,0.24253637885240767,0.021573700889300586,0.0019147471023289323,2.2169767025269512e-05,0.2547084782069443,0.20819370736842502,40
2.122120897632385,0.22364794443419742,0.02095485618463113,0.0018729028753571562,3.4762994973128404e-06,0.2518644837079773,0.20527393581560502,41
2.1148497646110127,0.22523701352153797,0.020685852402116046,0.0018824311937697354,5.316411817325583e-06,0.2523057345504905,0.20634288100637585,42
2.0903600311028656,0.239063908770463,0.019676668794264985,0.001969388114061801,1.7551117682239223e-05,0.25418940540915286,0.21170009904325632,43
2.1086744599801004,0.2386021495198317,0.02195807098712283,0.002031916614274155,9.987283590697333e-06,0.25316026637970557,0.21467097434219023,44
2.094602034372885,0.23963305857026895,0.021365320954231323,0.002049663932637642,9.686595038365893e-06,0.25311232951956664,0.21599594267658337,45
2.058379767360868,0.239271007155444,0.01894441713619982,0.002035795634402133,1.7145577686934055e-05,0.25414072187993036,0.2162202216689497,46
2.0576719690436547,0.2322981124832814,0.019461400833065228,0.0020439126016845747,1.5568621493143696e-05,0.2539457092509641,0.21647437086710725,47
2.0403853869894313,0.22776145688155636,0.019076313256106467,0.0020927798480758707,4.6268339918905015e-06,0.25215100766895204,0.21751331789754536,48
2.0165883016024817,0.23340138082770107,0.018153947665562404,0.0021420388088177955,9.312410734608822e-06,0.2530516242780868,0.22114131650186716,49
2.031665733610131,0.2455485144585425,0.019138957188019567,0.002158522399580541,4.023348039818669e-05,0.2563429867096019,0.2251648113441073,50
2.008620411130421,0.239972598744431,0.01827139535341211,0.0021771575511716347,3.003189218389664e-05,0.2554801361464745,0.2257096253301043,51
1.9860737886485524,0.2221481741114867,0.0178133864357132,0.002208284247177015,2.2500905906132436e-06,0.25150003019656714,0.22397764482694105,52
1.97541333401542,0.2207228289330557,0.017982489246188345,0.0022368365991310003,8.889093632398771e-06,0.25298145830633245,0.22693138610523111,53
1.960682166907034,0.22927540051971224,0.017097105812693587,0.002259042961503223,2.6974081014177357e-05,0.2551936577682956,0.23004372489270247,54
1.9445280755835996,0.22275663301564394,0.016713124876650602,0.002284111062194504,1.5912997485405488e-05,0.25398910986128553,0.230427001937481,55
1.9501922104806841,0.20911845891589206,0.01842809332589495,0.002309501750225677,1.3422804226933824e-05,0.25366371453949865,0.23179649798586952,56
1.9338511681955757,0.20426808533820737,0.017667947146878145,0.0023270734131482017,6.040451813486126e-06,0.2524577330639201,0.23147517841729368,57
1.9149434319884349,0.21269300389663728,0.016169694466493946,0.0023457169016763793,1.2540204108787313e-05,0.2535412150610754,0.23290546918772217,58
1.9005587369847219,0.21047955850745698,0.01623436972197694,0.002376790539309501,4.568565471421627e-05,0.2567591164151993,0.2375565077262146,59
1.8963672306661379,0.19930547314046396,0.016161699063547946,0.002418305999677637,3.890111029077005e-07,0.25062370754597624,0.23352167591460832,60
1.8766141565298289,0.19253178987219421,0.01632403149359416,0.0024278259861570265,2.2342656800952574e-05,0.2547268019633736,0.2381930133602313,61
1.8779635637756917,0.20328373306343864,0.0158076871289013,0.0024381381716577096,1.9509933641662397e-05,0.2544170050533888,0.23845311608742756,62
1.8625733088108238,0.19860731217004582,0.015571503285823282,0.0024577070489751134,2.6928992952137485e-05,0.2551893152681387,0.2405261801803495,63
1.8453695421741534,0.1813531469237766,0.016013411550489083,0.0024935622938728513,2.225051084907174e-05,0.2547170447156108,0.24188768252628004,64
1.834840481228801,0.18370216781280602,0.014522094643700757,0.0025396280235974334,1.2297528192399946e-07,0.25035067831687174,0.23854501669176428,65
1.833329145593833,0.18897057185592853,0.015280903628195359,0.002557124566274827,0.00011517214659131529,0.2607318286694913,0.2485719438774412,66
1.8169456834198678,0.19008260086769813,0.013601144794350954,0.002599722403166664,6.553537413778883e-06,0.2525599877760995,0.24136459477986155,67
1.805013577762177,0.1797561933090463,0.014063770130495767,0.00263932124534104,1.0942593262937645e-05,0.25330795907818365,0.2436502729663682,68
1.7923978336383497,0.17669180736753293,0.01417823538314538,0.0026649292583904734,5.814240123854187e-05,0.2576251164737689,0.24874898852733898,69
1.8121469787590436,0.19242148955510702,0.012520399251702341,0.002698505623607905,5.9540520756713424e-06,0.24755990736330127,0.23915687122226928,70
1.7891434751332738,0.18683215015435087,0.013068007649713543,0.002708577160414074,1.3928794335922137e-05,0.253732129999869,0.2457573253582521,71
1.7908572024098173,0.1687735658194765,0.01494263025199995,0.0027298950756791144,0.00019136880285762253,0.26383361134547384,0.25677042736808287,72
1.77802871387376,0.1730437581773212,0.013513921456060774,0.0027998719872019554,5.6563356133611205e-06,0.2523783051976904,0.24633928973915725,73
1.7682719236084066,0.1821010021121355,0.01064273157598442,0.002843625666986075,1.2463334629348334e-05,0.24646965516849298,0.2407643479551976,74
1.7707795771541361,0.1799961727249637,0.01324680165559507,0.002831502591129642,0.00017045095121327503,0.26305568654699074,0.2572032904835307,75
1.751877914826055,0.17584391835874424,0.012453373632935583,0.002854690908625651,0.00015478932661874516,0.2624414358744779,0.2571304636809071,76
1.7730534086682794,0.175833957663738,0.010544114097055603,0.0029369337695668556,4.203621055600668e-05,0.24351646619843725,0.23917842447276091,77
1.7671781582186665,0.17155296774697154,0.011122944721927059,0.0029712435213002076,2.6755724606661264e-05,0.2448274063945965,0.24091217750773472,78
1.7299078615590444,0.1707926449259121,0.011781094480347311,0.0029640167046971057,0.000117982472264383,0.2608619736818123,0.2569964481972984,79
1.761876400379287,0.18916749352045154,0.012727685412068354,0.0030155217818879066,8.148631972207986e-05,0.25902697733031826,0.2552824353408533,80
1.726126949732294,0.18064549066632152,0.01047643992600638,0.00303863876083767,1.4652196318535179e-05,0.2538278187415988,0.2502506037707719,81
1.7584517999067812,0.16150324834456123,0.014134771563258751,0.0030542253290242777,2.0745674899262767e-05,0.25455474202334916,0.2514113324361073,82
1.7448743868227266,0.16109251951846915,0.013465232408176183,0.003088721047309743,2.7725417195793814e-05,0.25526549306293284,0.2525506498484019,83
1.7228566715663212,0.17326838654436483,0.011134793977261878,0.003120564240010532,2.2313873361563714e-05,0.25472375627668953,0.2520854300506585,84
1.7400550001108948,0.17651238758592275,0.012145717707520463,0.0031156577570670124,4.390329871885571e-05,0.2566259564380439,0.2534826617046521,85
1.73697130189655,0.1701864668980431,0.01247902246471361,0.00312027151348289,6.821838407032557e-05,0.25825944211616775,0.2551665022335568,86
1.7017001919423382,0.16319998977631683,0.010659878441537428,0.0031588017117653764,4.3680048593032066e-05,0.2566090883329724,0.25417115036776494,87
1.697368708819156,0.160157079490104,0.009891791586595786,0.0031960730410373196,3.3589163598556103e-06,0.2518327346670633,0.2495631629235099,88
1.695888380115046,0.16377807677644338,0.01021057601808727,0.0031871784682571897,4.833976197348909e-05,0.2569526802007204,0.25431956531540273,89
1.6962005840251444,0.1629359480486801,0.010398355230073384,0.0031943987110617275,9.162648699506615e-05,0.2595721725326629,0.25695785231212004,90
1.6780220602111489,0.15351507239853038,0.009318841187214433,0.0032260423792535475,1.2469906086980506e-05,0.253531275419304,0.25104855337737514,91
1.6821160788977632,0.15755403863589032,0.009615501616645197,0.003267983787996021,2.9772278557829617e-05,0.2554563979471653,0.25302899767853926,92
1.6970037367587478,0.15903754017993624,0.01074717263015636,0.003254072757079545,9.537278976863036e-05,0.25976589933230065,0.25728773941318345,93
1.6682614838492231,0.14764873576845014,0.009375556968719553,0.00323683950902135,4.189537472765235e-05,0.2564726636501252,0.2537316954051719,94
1.773494619833623,0.15605129202186413,0.014761534577122992,0.0033711047019195713,1.1008317696955769e-08,0.24989507946961173,0.2476125786620697,95
1.7808053422840775,0.15858053956517365,0.015533207631663278,0.003429383290073241,1.998329281856154e-06,0.2514136227508979,0.24940039832953714,96
1.6735774734699134,0.15165136101993998,0.00975133810677267,0.003371557227327518,8.210792617449249e-05,0.25906134240466017,0.25689064150943397,97
1.72731604442594,0.13770494737661135,0.013907620248674427,0.00323098836217024,7.225540470909784e-05,0.25850031791811917,0.25501743204584687,98
1.733371026091499,0.13533521019250222,0.013829153446514707,0.003216962398698292,1.0649032666416692e-05,0.25326328556311223,0.2494871318249912,99
1.651649975809358,0.13742939080124938,0.008322006672535943,0.003329967301677557,4.733723122838072e-06,0.25217571209557654,0.24949477094972095,100
1.7449926033404264,0.15367992605537958,0.014106961449240268,0.0034675277362259593,0.00022617405320703073,0.26503908418777655,0.26333243262389067,101
1.7380526458086774,0.15462522082628197,0.013470689633883459,0.0034918864118569314,0.00024255383472036025,0.2655741399351733,0.2637589577078876,102
1.6424686847387053,0.13932477892865464,0.008001616117602407,0.0034037765141980004,2.3481905492538126e-05,0.25484581319208016,0.2520084212051894,103
1.6899111843853496,0.12573232984357513,0.011595699662418864,0.003267999268196915,9.807804506099913e-06,0.2531317414494335,0.24953440623116202,104
1.669629731185747,0.12473345440787306,0.010807228347876084,0.0032876756875054973,3.22120811250404e-05,0.255675568793085,0.2525311554795267,105
1.6487352394872807,0.1380818912568599,0.00892170093495187,0.0034422875577416277,5.781896515352e-05,0.25760387829686404,0.25534720073939626,106
1.6513461255775954,0.13737677951445312,0.009076870519544464,0.0034755260581381263,5.206290891426819e-05,0.2572154631808546,0.25480182939004625,107
1.643157053385453,0.12946680957074055,0.00885037664053432,0.003396798490410951,4.006670596356678e-05,0.25632982669301196,0.25339876728629224,108
1.6300600436128463,0.12458702272242615,0.008273547875984971,0.00335540908535602,3.124818800330836e-05,0.25559000787148894,0.2528416325971451,109
1.648914573199224,0.1304301313873546,0.009528508105290073,0.00346505491957399,5.491100617924309e-05,0.25741019609586974,0.2555236012481895,110
1.6309471064139605,0.13116171424578654,0.008260788242703494,0.003502340163459384,5.138949921948727e-05,0.25716864695877034,0.2552632977975091,111
1.6428421475570218,0.12423727083988105,0.00923153825205574,0.0034076343932678194,4.3800080877217745e-05,0.2566181629533593,0.2537918574828706,112
1.634566960870432,0.11902794913581291,0.009026634666204812,0.003380986676407059,3.8132459513479933e-05,0.256175148541815,0.25350204291657746,113
1.6220015449056167,0.1222070315195889,0.008199768508823325,0.003473967852621422,3.1714092858853746e-05,0.25563152668988204,0.2540254464393752,114
1.6215904825455958,0.12654209090239205,0.008093182156944106,0.003502807765752023,6.733602639097099e-05,0.25820585317873596,0.25664864318159997,115
1.6106569009352842,0.11890556307681971,0.007630762811743539,0.0034480717882497337,4.816484075379701e-05,0.25694008939090823,0.25473696414633157,116
1.6214679412242685,0.1181673608776591,0.00822550474887708,0.0034602569215746682,2.5380128498850345e-05,0.25503786944043316,0.2529133070073043,117
1.5939643339814946,0.11636696871109467,0.006803115175155728,0.0034803462896758263,4.77611372459919e-05,0.25691094329639536,0.25516022873478866,118
1.6145781768272212,0.12462436402407154,0.007693697691737971,0.003508131586545416,5.203116178736284e-05,0.2572132629085153,0.25563469505316094,119
1.5884020521686857,0.11747004266577225,0.006455528794999176,0.003501176979949549,5.8867716540167814e-05,0.25767252999604223,0.256099427305621,120
1.6745586016468013,0.11162520773956532,0.01209716665443952,0.003476740681004164,1.540405893464303e-05,0.2539248004961581,0.25201644783043986,121
1.7020689454134623,0.1137136163013104,0.013459252112334962,0.003473736715624242,5.466755932165026e-06,0.2523381094782249,0.25026386282097735,122
1.6167479082835736,0.10972213040658005,0.008312274827033802,0.003484676178642477,1.3614845643093475e-05,0.25368983002902484,0.2517083557173354,123
1.6385573715332171,0.128428726833316,0.009143310912080153,0.003544049518525643,0.0001202995116990299,0.260968113406554,0.2595566222455576,124
1.7032839293269757,0.1411790783883913,0.012403538727581855,0.0035812071742317617,0.00021181562247057665,0.26455388685096104,0.2635406827295026,125
1.6643193558728984,0.1237385259058898,0.01125752798344389,0.003568573342838761,0.00014333836345381572,0.26197240007073835,0.2610847765952086,126
1.6098379198952193,0.10141091121597698,0.008584906396756395,0.0035158050474232974,1.1974418799496292e-05,0.25346040731699265,0.2523035449930753,127
1.6328046862823988,0.10047985998907721,0.0093155018757338,0.0034795467653258704,2.0256179243426056e-08,0.2501423242046998,0.2484646950082733,128
1.63551112906683,0.10433002130276801,0.00997316586093898,0.003481630640898562,1.703934487455221e-05,0.2541278741350182,0.2520717928472549,129
1.6118290258242771,0.11060274166877627,0.008409773711399393,0.003524060289804895,0.00013880461405027972,0.26178153699863815,0.259972085396935,130
1.599958094931247,0.11264160807171472,0.007600226806176896,0.0035755800629384583,0.00015102039201755037,0.26228903543885973,0.2610695242747903,131
1.6049365408366283,0.10593754622560081,0.00833953332466341,0.0035767328562122448,3.201624494154709e-05,0.255658289930849,0.25477788357327263,132
1.5877404177218601,0.09631255153915265,0.007367770612082046,0.0034962118407288433,8.795012140370946e-06,0.25296563857210735,0.25182592520427877,133
1.5787386871962823,0.09673847904952734,0.00711163687581628,0.0034457981255604803,4.576801660374739e-05,0.2567652063238121,0.25511548373522674,134
1.584930464766888,0.10617131069744039,0.007046161048618833,0.0035321014707460586,9.33828938671288e-05,0.25966348249168636,0.25814023573320755,135
1.5687235860000717,0.1065455135867409,0.006034100968227754,0.0035892741715023223,8.04969283695521e-05,0.2589720080455577,0.2578373054758393,136
1.6003378004809032,0.09602525808098672,0.00852842220926271,0.0035129181073067887,2.099722958932218e-05,0.2545822734083992,0.25358643415073256,137
1.589983655769066,0.09076510084041561,0.007946171730804677,0.0034604490428939622,9.880638785928625e-06,0.25314334833989627,0.2521032648503872,138
1.584398912471834,0.09893025051659624,0.007444812985242371,0.00346723844478005,4.356827759389805e-05,0.25660062706065856,0.2553938018228247,139
1.5693508103665914,0.10148214371878153,0.006375352509061261,0.0035084436058833352,0.00011716596414074205,0.2608243228028705,0.2595857244618253,140
1.5694552347476167,0.09915940100654046,0.006577149798895151,0.0035558605519783264,6.807859280071171e-05,0.25825097526361046,0.2572044579909708,141
1.5749222904695475,0.09926358945038093,0.006545463768372301,0.0035750416720556084,1.527335743827632e-05,0.25390811430721727,0.2530209866384878,142
1.549919840733799,0.0938603823011394,0.005578930701843758,0.003529031153884204,4.664430430757411e-05,0.2568296635574217,0.2559151690872742,143
1.6153136411026217,0.09917473964114913,0.009628517826837421,0.0034617223639659862,0.00012623753428822785,0.26123554779653524,0.26019368753386646,144
1.6104715415259425,0.09937581280984091,0.009328581242226434,0.0034503669186799635,9.781469403696959e-05,0.2598901311435678,0.2588594100008484,145
1.5520557195118525,0.09145478377496255,0.00570642517474775,0.0034939361910568114,2.5462359020884807e-05,0.25504602408049,0.25416369947092604,146
1.5749219785535633,0.09179513181330104,0.007426474713616997,0.003561491012460398,4.715427891822612e-05,0.25686689732835916,0.25610702867429924,147
1.5642088339304099,0.09528673212518488,0.006571165420301324,0.0035919783699591237,7.280406295726693e-05,0.25853252969272694,0.2577789095501273,148
1.5699915366063464,0.09999520469438977,0.006571382084364807,0.003565590107282537,5.596928855796554e-05,0.25748126249759795,0.256637055355,149
1.5683568026823385,0.09848102817726705,0.0065801561969621725,0.0035156530806857624,6.331379995521264e-05,0.2579569969181352,0.2570785016665252,150
1.5491355417098425,0.08550654922057276,0.006203887119133496,0.003470369052747984,7.335795446759049e-05,0.2585649258296608,0.2577502018770308,151
1.549050702294693,0.08450935924848205,0.005891825355344326,0.003508041575476669,1.700709135085205e-05,0.2541239654885622,0.25344039834683574,152
1.5415587598582117,0.09228946582873339,0.005126784370410218,0.003563920567047977,3.570784973768365e-05,0.25597560454997514,0.2553584786604854,153
1.5485730120851096,0.0930951483760868,0.005557504686689301,0.0035697546689973346,0.00016681476099841323,0.262915678882599,0.2622093652803006,154
1.5332653119901403,0.08722537079615453,0.004988595820700514,0.0035307781468656425,5.759741928890868e-05,0.2575892963632282,0.2567752924703039,155
1.5695311822714808,0.0837835562266464,0.007135060087533016,0.003505075150293248,8.886678443493741e-06,0.2529810532439884,0.2523826837946718,156
1.5668156217065576,0.08334607677415166,0.007239248146841073,0.0035097238446498433,1.8458472135091082e-05,0.2542963324050975,0.25383951653760006,157
1.5411035585929902,0.08619378405358422,0.005726403339630938,0.0035453219263220943,8.660564234521284e-05,0.2593062152535396,0.258837723619599,158
1.539803549496502,0.08978563254465916,0.005340739172519277,0.003563451792765591,8.262727706872195e-05,0.2590899547341404,0.2584011904385473,159
1.53896260675003,0.08548171764355093,0.005458570364176105,0.003546938587335554,5.036792765691693e-05,0.2570970365404806,0.2563041595382731,160
1.53602010591746,0.08264539599139666,0.005486450592061363,0.003548224342434959,4.6997920918287216e-05,0.25685550296610593,0.256265829478513,161
1.52431654845689,0.08344254421873544,0.004696422157689483,0.00356613720750567,4.797712331913746e-05,0.25692655205128334,0.2564829909825879,162
1.542984404232892,0.08813686944627548,0.005693756707628039,0.003527233190247485,9.842842338918214e-05,0.2599211099877575,0.2593393880254636,163
1.5252741305035766,0.08201457444283242,0.004890673636715123,0.003518315512751213,7.378307252306414e-05,0.25858970735957076,0.2579458271722362,164
1.564858746555095,0.0826361778748904,0.0070589877437585834,0.0036059700195935187,1.3497335930478177e-05,0.2536738720623449,0.2532197785458146,165
1.5770876024932676,0.08726921874120516,0.007667784446563367,0.0036499844449738076,1.7484568995038095e-05,0.25418145536805525,0.25381195964207437,166
1.5210000627703704,0.0835567747741448,0.004571273742549332,0.0036167494288742797,8.008589206406453e-05,0.25894907213425306,0.2585374181755561,167
1.5654007917574226,0.08673027220330924,0.007250700082371509,0.0035150273441846005,7.521764093328607e-05,0.2586728104402948,0.25801707988739203,168
1.5674701465720957,0.08525068112197622,0.007425507563818037,0.0034742348038224397,5.412810390311628e-05,0.2573571804315999,0.25669248272019907,169
1.537837832160596,0.07385749508375368,0.006213400492132466,0.0035212946794416296,4.243906400208005e-05,0.256514527151074,0.2561083972498689,170
1.5348445370536805,0.07842836191955663,0.005751988729116617,0.003616957802293023,4.3472662131613034e-05,0.25659338017496436,0.25632734094758086,171
1.5347767508520005,0.08323217404931288,0.0054951233721100045,0.003665069575949852,6.169162958692733e-05,0.2578544019242032,0.2575259011062394,172
1.5259555278473387,0.08288293514632294,0.004933759616777969,0.0036300895261922547,0.00010326162523852457,0.26016177274094066,0.25968890702579017,173
1.51873322849868,0.075282692888587,0.0049441581617619655,0.003558480967437215,7.39780428570859e-05,0.25860104893934954,0.25811414424037143,174
1.5215588536386986,0.07001362660244033,0.00510689864491204,0.0035346226650582306,1.6729010043163307e-05,0.2540901112507074,0.25373658312838754,175
1.5144578000792215,0.07417991676496004,0.004655720012611041,0.0035793527210560326,3.986192216949551e-05,0.2563136298727036,0.2560635090343859,176
1.5257804195414166,0.08383138335109235,0.004828690132020563,0.0036630658819032116,0.00014575181640684676,0.2620727716953004,0.26178718772593856,177
1.5213959573520501,0.08073861757064957,0.004791308283138772,0.0036710535089529667,0.00010499711673377965,0.26024681007600803,0.2598519528592479,178
1.5235407548871878,0.07317642426708042,0.005091980367982428,0.0035994968002112117,2.1922181094105086e-05,0.25468211288780024,0.2542443299174019,179
1.513765416322233,0.06919568610288174,0.004832368692441106,0.003568004544727049,2.9825627987138314e-05,0.25546128446312205,0.2551305589776335,180
1.514994018688608,0.07718681114458437,0.004651772430460452,0.0036078305958237777,9.407673977914793e-05,0.2596993164593773,0.25948057896505144,181
1.5089177038526507,0.07643056478479945,0.00428025727832501,0.0036296020290108137,7.762774371152077e-05,0.25881066079880055,0.2585632522119061,182
1.5050529432250754,0.07049751542267327,0.004274940978910564,0.0036164515427112784,4.359740771095878e-05,0.2566028333093422,0.25625812764575184,183
1.5030965820541333,0.07177515208464125,0.004100113014277946,0.003644328555431755,5.15386125571254e-05,0.2571790398074621,0.2568228497356148,184
1.510933668368243,0.07498858320718113,0.004510519331721931,0.0036635651450778513,8.995859300517881e-05,0.2594846503891909,0.2592011241117981,185
1.5032073850460976,0.07458844569129951,0.004036342490624168,0.003633664425870835,9.003800487515516e-05,0.2594888358018861,0.2592602000104485,186
1.5142459695303006,0.06593506846008042,0.005147363954779334,0.0035956393392331497,3.390356380039446e-05,0.2558226766869194,0.25559041137760863,187
1.5092937393947528,0.06566330528309673,0.004728949634204492,0.003614749682367977,2.491432045766599e-05,0.25499142469217617,0.25472472026191184,188
1.496841608480864,0.06997551552120707,0.0038847352243229875,0.0036705567795002223,7.315140425187517e-05,0.2585528594196254,0.25825185784084115,189
1.5040198098144686,0.07524844428492695,0.004013144045272289,0.003688165620361448,0.00011894953538648637,0.26090639882759137,0.26063397339228117,190
1.4881623584640102,0.06875669052836327,0.0033963790267567137,0.003660961767655216,6.69963613793965e-05,0.258185130504726,0.257968853094443,191
1.528786541173126,0.06451931388428331,0.006140119402721249,0.003644117239521842,2.6263268971589554e-05,0.25512477013841495,0.2549291023669243,192
1.525808960817419,0.06302033852037651,0.006035827959904743,0.00363150874790136,2.6099723088302656e-05,0.2551087888083481,0.2548987393342826,193
1.4882481732287371,0.06616143757753852,0.003556560190793062,0.003636440091377703,6.310459124931438e-05,0.2579438398302908,0.25769607374848674,194
1.4998230158361006,0.07040985057431831,0.0040860079160809516,0.0036942481647126526,0.00010416632918438203,0.2602061907283953,0.25998183084803916,195
1.4889787609755707,0.06836593378824174,0.0034905627061373717,0.0037347355952260853,6.677233982743086e-05,0.258171434380048,0.258011289028599,196
1.5103187855396083,0.0641120153611195,0.0051509775533993985,0.003668089068893686,5.423896764058687e-05,0.2573647109678919,0.25718752516219473,197
1.4966875913453188,0.06057857768785212,0.004425655653955005,0.0036142030533918754,4.710382546944108e-05,0.25686322267374745,0.256619285683924,198
1.5173402604913329,0.06624953639494818,0.005467850767817792,0.0036572748169852276,5.605345216382982e-05,0.257486885344643,0.25724707340786607,199
1.508249602894863,0.06890844048397886,0.004770825260764364,0.0037259786777272185,8.896646791827684e-05,0.25943220376785175,0.2592823236552757,200
1.5037879312211357,0.06909947128647044,0.004477783853685039,0.0037545992847554123,9.70791180709541e-05,0.25985287359458925,0.25977052253553595,201
1.4942782193591169,0.06409577818555152,0.004045175053676124,0.0037156314712573075,4.473619324366288e-05,0.2566885120350989,0.25655536945960367,202
1.5030866214591767,0.06117830427568621,0.004756749873116072,0.0036580224709237895,3.9999254049729544e-05,0.2563244963475149,0.2560421057434568,203
1.4929166569324912,0.06461055352301362,0.0039974137651596475,0.003658301036017729,8.131547914203563e-05,0.25901750958646763,0.2587384600153221,204
1.5024543799418486,0.06653035290067981,0.004558425861475448,0.003722510028334854,8.64118061652726e-05,0.25929579507978057,0.25920974197314756,205
1.4980543027133288,0.06490349677891909,0.004323514260070651,0.0037553849344049077,5.589849362703817e-05,0.25747652951756617,0.25743977561408327,206
1.5035408587580434,0.06143341478531093,0.004853858260695535,0.0037126439745647478,4.820846981894465e-05,0.2569432319433348,0.25678626699398266,207
1.4999368539760616,0.062086838075621285,0.004609024163982192,0.003679706391062742,7.010471456521077e-05,0.2583728558189671,0.2580637905143126,208
1.5039431845622673,0.06398605968196501,0.004794307055630306,0.0037042293108907874,8.526005575771215e-05,0.25923363719006287,0.25902157942620035,209
1.5008820915288823,0.06306499254528856,0.004664411672682816,0.0037292429624203255,7.099840849394954e-05,0.25842605533413765,0.2583336044188808,210
1.4907784596870925,0.0597404678311849,0.004140919643528032,0.003731470506163725,4.87334639269531e-05,0.25698093574866243,0.256909896127331,211
1.4929042846599843,0.06024622582325334,0.004264484804235756,0.0037167433251456255,5.498355716270276e-05,0.2574150898283637,0.2572911119295093,212
1.4858881722421289,0.06311239128929531,0.0036611745077363327,0.0037204409870504225,8.817063040769953e-05,0.2593899217466228,0.2592204057613254,213
1.4833908376859684,0.061269763321933374,0.003618894048939573,0.0037304252203294286,8.319993318507765e-05,0.25912139973825715,0.2589682608540166,214
1.491899487898963,0.05868140976502907,0.004245170519460238,0.0037273324509899983,4.400287282112128e-05,0.256633466124216,0.25650873421703885,215
1.4818697394506475,0.05810659101988614,0.0036302806758242187,0.0037228417720485503,4.589295163979796e-05,0.25677443367668457,0.2566650975160545,216
1.4948183348948192,0.06281379601203983,0.004294893750640386,0.0037384483041254333,9.452947107355351e-05,0.2597226267579062,0.25962244635756304,217
1.4915847319199322,0.06383433514607831,0.004010587038713418,0.0037502370170335165,9.931976408676988e-05,0.2599659301666613,0.259868743858726,218
1.4764924487627331,0.0575084501845378,0.003360521887807861,0.0037380913929911494,5.574728269075792e-05,0.25746641029483097,0.2573601882857524,219
1.4761015237555868,0.05652210203745083,0.0033691704225597722,0.0037184418400087087,4.993159605957054e-05,0.2570662292674078,0.25694106415242507,220
1.482133339367995,0.05887980250470554,0.0036917874943299942,0.003738387336863999,7.412548341906899e-05,0.2586096157532766,0.2584886756137911,221
1.472742925010799,0.06062138579225136,0.0029704438540047117,0.0037644399083333,8.766640034588827e-05,0.2593630337148751,0.25927086620535755,222
1.4936963553558689,0.05677085533438698,0.0045854144378704,0.0037508824432212684,6.159882652083551e-05,0.25784849199023835,0.25777304104303095,223
1.4878254050778876,0.0556144298565515,0.004203733079305972,0.003727970495630079,4.6638885807289827e-05,0.2568292668572322,0.2567429852054335,224
1.475375644220845,0.05642805870143451,0.0033785547270983977,0.003727682074518777,6.222403988414698e-05,0.25788822159197794,0.2577727578671545,225
1.476034386396054,0.0584445004775111,0.003330806103845378,0.0037535798726312146,9.291080650773121e-05,0.25963902518451587,0.2595264940554562,226
1.4767410246298156,0.05625684141218516,0.0035038596745391704,0.0037709189310449155,6.706395758103982e-05,0.25818925867103,0.2581114803941291,227
1.471656542892392,0.05559139169429334,0.003163279453693018,0.00375798326258622,5.270528081629937e-05,0.2572598402748476,0.2571936734987,228
1.4850978175547032,0.05640148146540808,0.0040692975304433485,0.0037416767835835763,8.102457050549671e-05,0.2590013649245821,0.25890256136437456,229
1.4826053573583373,0.05636099124156541,0.0039005717913813357,0.003740181092352166,8.117486880439113e-05,0.2590097096958998,0.25888989276211183,230
1.47189402409005,0.05410681915405884,0.00328940413082309,0.0037531854498194126,5.694433955672889e-05,0.2575461473320317,0.2574554826589943,231
1.4740490763734482,0.054718246773759444,0.003426421015558305,0.003763601893355807,6.487518494620544e-05,0.25805451332770674,0.2579962944455353,232
1.4721323613364306,0.056069330340651716,0.0032280144772874973,0.0037696077787645263,7.581099958426593e-05,0.2587069512221136,0.2586367278400493,233
1.469804449001689,0.05488081763035325,0.0031432997569149105,0.003764867934546959,7.461087557635164e-05,0.25863775871255684,0.2585406369734308,234
1.4766081071806945,0.05298755668856743,0.0037076758921329913,0.003754849796473746,6.572340950289484e-05,0.2581069975640119,0.25802166017833644,235
1.4744395946983326,0.0531105903493187,0.003531918448442933,0.0037526141744989145,5.7056442120378696e-05,0.2575535714811193,0.25748594450704637,236
1.471024608093383,0.055257183269174594,0.003205436526231094,0.003766920187892249,7.347685294826802e-05,0.2585718640299685,0.258504844711679,237
1.4727746221250044,0.05420878442410272,0.003404689020278083,0.0037753437201939557,8.683883019365824e-05,0.25931873543962153,0.25924608277646644,238
1.4671732574765235,0.05227692889127635,0.0031053149811786068,0.0037750091529097154,5.786186183310849e-05,0.2576066984844352,0.2575363742178832,239
1.4675470910747057,0.05256178649007298,0.003116563250123013,0.003767574030110274,5.895227258641265e-05,0.25767803832931385,0.25761299495300716,240
1.4689837886254846,0.05444736201230104,0.0031378229819211444,0.0037721057196241914,9.007650315922004e-05,0.259490864194541,0.25942082662751087,241
1.4669156351215722,0.05280421187010072,0.003095568824802942,0.00377480198004054,7.436161044523687e-05,0.2586233178327855,0.25855276013187994,242
1.469593861608402,0.051063307755928974,0.003342669686871577,0.0037728072727343733,5.5465672630934625e-05,0.2574475279543574,0.2573939254212533,243
1.468738468732352,0.05166213418168791,0.0032731394551006013,0.0037754598521124944,6.294117317228118e-05,0.2579335473258991,0.25788513373022937,244
1.4655602492274327,0.054093678155223826,0.00293052361953022,0.0037905334426150345,8.270480091900108e-05,0.2590942179938135,0.2590285906007366,245
1.4666776943223558,0.05207465116635248,0.003138638777838082,0.003787148974220677,8.379581051344104e-05,0.25915400516241066,0.25908125538706944,246
1.4630650483437884,0.04984309243020318,0.0029862270957983486,0.0037758705992415086,5.4746947201080896e-05,0.25739911800156484,0.257347176659171,247
1.4630268066208036,0.05055176907629305,0.002951500709960861,0.0037789159079383112,5.777948689041366e-05,0.25760128192415027,0.25756156279515846,248
1.463943389283353,0.05352976344391854,0.002866731556087931,0.003799122013418921,9.662158764907482e-05,0.25982962805242776,0.25977565836496885,249
1.461905894756359,0.05091524381399826,0.002893892417857864,0.0037970397352923685,7.806995335276156e-05,0.2588357203075223,0.25876963177628803,250
1.4646964008723813,0.0491828023218373,0.003126376188298012,0.003781151934127404,5.164825128271397e-05,0.25718667178064464,0.257139089404761,251
1.4627788373620185,0.04969224573440505,0.0030043306271850764,0.003788607105576899,6.110698166317793e-05,0.2578170954748665,0.2577797869255611,252
1.4624664484196055,0.05305604124692292,0.0028015363313149393,0.0038155675104364884,9.268812361481361e-05,0.25962746714431234,0.25957814564905646,253
1.4618359832926413,0.05009680229217679,0.002952670555237253,0.0038055605840888814,8.4883803269509e-05,0.2592132406497122,0.2591571434321936,254
1.4600312667671995,0.04787433145655233,0.0028857104348067797,0.003782180103680068,4.8070701653731616e-05,0.25693330380509405,0.25689008873679076,255
1.4584146355325835,0.048681087304864853,0.002782008963870107,0.0037963604298996965,6.150428537155001e-05,0.2578424667912303,0.2578050687996417,256
1.4616447900122707,0.052327707106947306,0.002791855448443915,0.003832484460033693,0.00010273334655025584,0.26013574597897243,0.26008691754245256,257
1.4586115219099463,0.049092701335065325,0.002800335262902488,0.0038208684437075575,7.879611761303344e-05,0.25887671772746174,0.25882524880413804,258
1.46105160973868,0.0470534576250474,0.003022810714612048,0.0037865289583111743,5.0532384894469666e-05,0.2571086134298096,0.2570719976508344,259
1.459132395879615,0.04755338447954214,0.0028949693212690706,0.0037990775606791707,5.8374539759341105e-05,0.2576403232758399,0.25760485750865636,260
1.4582318091247173,0.051243173968955696,0.0026375573145265554,0.0038407400578217804,0.00010124858991551373,0.26006223583084365,0.26001343420985007,261
1.456895331912601,0.04812181170999121,0.002755432911251113,0.003830844560144465,8.296924655187337e-05,0.2591087456080337,0.25906009029453725,262
1.4575896988637302,0.04622931430122827,0.002827686975392111,0.0037984343288047073,4.673001553066179e-05,0.2568359356002424,0.25680246847099286,263
1.4551330999020804,0.046702019356799775,0.0027050526336111734,0.0038112775484400985,6.449669692105965e-05,0.25803098355875914,0.25799781913899233,264
1.4584085794457409,0.05043094656398299,0.002703736743681429,0.00385066739099752,0.0001004615498714228,0.26002305092631095,0.2599735970092571,265
1.456434764535534,0.04724461873534777,0.0027830941959807263,0.003836902033929199,8.254762454139883e-05,0.2590855723287748,0.25903788172335196,266
1.4551269528568977,0.045221292448897686,0.0027458214881485006,0.003804700897633983,4.9355897520684026e-05,0.2570253752583534,0.2569957235951255,267
1.454080594573223,0.0459206054516259,0.0026791623931268845,0.0038225852373625292,6.158641858456422e-05,0.2578477014841649,0.2578175985111468,268
1.4545280111626486,0.049352125118423046,0.0025126860306128726,0.0038600679032749913,0.00010669806921691853,0.2603294757474384,0.26028153742929055,269
1.452623210635394,0.04601569049185216,0.0026039307123905146,0.0038422431558015196,7.622545060012883e-05,0.2587307187905767,0.2586834892782101,270
1.454348418050844,0.04432735939042952,0.0027710048802047967,0.003809782461273009,5.280038398460574e-05,0.257266387271857,0.25724038194723564,271
1.4524231312272868,0.04506635375001481,0.002621223553920448,0.0038304840293434755,5.997853741375857e-05,0.2577445811645149,0.2577178250720508,272
1.4531936217668604,0.04851894750199554,0.00247678932697296,0.0038676587581849067,0.00010936286497071833,0.260457670150216,0.2604107000758751,273
1.4518503788154673,0.04515398920095734,0.0026097651325557034,0.0038499555030948444,7.627304878529288e-05,0.2587334442681735,0.2586857016566142,274
1.4513365110732286,0.043484379435325723,0.0026257687376770667,0.0038184127193345166,5.258108170534805e-05,0.25725128138368303,0.25722673670486706,275
1.450165267424518,0.044323356836479755,0.0025310381224476243,0.0038392952221982467,6.322972888148783e-05,0.2579517123238638,0.2579273821884718,276
1.4507702481304252,0.04758518482950433,0.0023793810664706995,0.003872781003781645,0.00010786564128108879,0.26038583849677477,0.2603402133245705,277
1.4490817930368696,0.04389104685344586,0.002505216690446941,0.003852866012657165,7.33241713163364e-05,0.2585629534225252,0.2585170319235564,278
1.4500949000620353,0.04280405604940322,0.002602205391522606,0.003826277158715158,5.5658893185451356e-05,0.25746048880338623,0.25743873382416543,279
1.4484910999754497,0.04374955110094172,0.002456159252946794,0.0038498588892590035,6.262930373208107e-05,0.2579138678111326,0.2578906601488704,280
1.4490134395735779,0.04641492422369536,0.002332018889095816,0.0038765208375685805,0.00011482830901814593,0.26071579717137955,0.26067076466680467,281
1.447601012301975,0.042704944203083926,0.0024563050670301737,0.003856987061658255,6.11310567708815e-05,0.25781863522431386,0.2577742120614811,282
1.4476471992345699,0.04201884915555405,0.00254250675761067,0.003832453727078061,7.381213876611977e-05,0.2585913991157506,0.25857347970356015,283
1.4471727448309162,0.04339767949462562,0.0023303222801492026,0.0038630044648012393,4.784604668142593e-05,0.25691708368327476,0.25689269830982675,284
1.4459234138090937,0.044503551079985056,0.0021573026885733783,0.003873381773915581,0.00015612984685459065,0.2624951929498744,0.26245417460991616,285
1.4481899770189874,0.04151521447265435,0.002213745924832072,0.0038650669939913978,1.7740429304381547e-05,0.2542119389008367,0.2541662806277783,286
1.4457242559918897,0.040771894921914624,0.0023761047372257665,0.003832933249661517,0.00016331525887256374,0.26277948586104166,0.2627652718929408,287
1.4496649201535285,0.0432059622030001,0.0021778787755059727,0.003878620586048055,1.6361508869188904e-05,0.2540449362008799,0.2540145041679162,288
1.435751360955229,0.04281366310016021,0.001628542479205056,0.003872178549415719,0.0001439643648583751,0.2619985151105616,0.26196057812285806,289
1.451831191733118,0.03980216969195932,0.002299053396024202,0.003858092670558235,6.8708761650801975e-06,0.2526212356180016,0.2525829090697649,290
1.437462052644494,0.039584762999148544,0.0020308300377675343,0.0038442334810540497,0.00010875954038904716,0.2604287842239183,0.26040709564427655,291
1.4562006268647172,0.046071699973714034,0.002775040784087816,0.003908648248902138,5.3277727531552985e-05,0.2572991593715683,0.25725403775842165,292
1.4502691863414456,0.04509885344933592,0.002514809633230296,0.0038988609983664686,0.00010438456453290104,0.26021687645677,0.2601713652647164,293
1.4399934265982672,0.03866752599801005,0.002251529543716948,0.0038419932560291416,0.00011495509736357918,0.26072171149414025,0.2606939417443733,294
1.4505780839241325,0.03914372267105077,0.0019582537285711002,0.003868340734949867,1.4628107069010928e-06,0.251209467116916,0.25117273517564415,295
1.4318529364913573,0.04099996639721711,0.0014788066371976708,0.003876694162542465,0.00014843388206961693,0.2621833444533764,0.26215262559206903,296
1.4398883427083042,0.04048490704002823,0.0013681449634566636,0.003885658111392496,4.8180354240813e-06,0.2521950023745047,0.2521419564982828,297
1.446243590290271,0.037993676636592796,0.0021204939014973405,0.0038399009282078806,0.0002649336445431445,0.26627678237684416,0.26625485204751914,298
1.4295203747118899,0.039266028200696565,0.0014486867461239302,0.0038808779682218716,5.221928137586071e-05,0.2572262909833372,0.25719389441631896,299
1.451756933476097,0.04165148372104937,0.0028454728169684776,0.003890463308781158,8.862423381117874e-05,0.2594140444980454,0.2593588789322878,300
1.438271733435633,0.04011168364801875,0.0020316471262775797,0.0038778650803615255,0.00011866949765909427,0.2608935530319127,0.2608536165704722,301
1.4586743236329354,0.038442891379610405,0.0031916797862590394,0.00388274069704845,2.1902143385456196e-05,0.25467997258383596,0.25466127839991626,302
1.4634877692044599,0.037709278897050294,0.003793943424362736,0.003878524253230451,4.699621223786147e-05,0.25685537834388894,0.2568366229037246,303
1.4303167635122576,0.038541767987792276,0.0015816529970733258,0.003879384660369474,0.0001315643116245109,0.26147014871850016,0.26143185578615263,304
1.4696722931728698,0.04239236714686427,0.003138676528149408,0.003918547705211174,3.110683560606453e-06,0.2517637130040362,0.25172414865173875,305
1.450832156296939,0.040487885450437,0.0027459192723077778,0.003897200589239661,4.3849115964146393e-05,0.2566218665015346,0.256601811123595,306
1.4551850908770598,0.036336473578818,0.0027004876475220036,0.0038566730628671396,0.0002870857994015119,0.26694360644613513,0.26693001491771956,307
1.4639933395721276,0.037206690060361314,0.0039133413928110405,0.0038846797444306285,5.9911018939751666e-05,0.25774022085859,0.25770264577280305,308
1.4461443150116173,0.039462044160503966,0.0015957611907350955,0.003911704365280228,1.0617970665612606e-06,0.25103043537718833,0.250981072463223,309
1.4520856996290479,0.0391638379332567,0.0027208581988184977,0.0038726460702776157,0.00020931114999359892,0.2644675896400748,0.2644532109452917,310
1.4469457724963508,0.0378166428954881,0.0026068037757590377,0.0038722574530131617,0.00017655563243876586,0.2632874238450787,0.26327390729980515,311
1.4483728806211078,0.03745048726108794,0.0015864246840055721,0.0039128898801457776,1.3562952616768286e-08,0.24988353990976833,0.24983172389992575,312
1.447066292077688,0.03713764479471672,0.0027920088897742117,0.0038866680229315254,6.176627112470573e-05,0.2578591520614317,0.2578081142229606,313
1.4428200149558288,0.036935720887718036,0.0016984729510756682,0.0038641490082656454,0.0003092880184149534,0.2675865863206864,0.267564729600381,314
1.4484216361394977,0.03888335918223035,0.002436653335674851,0.003911073251690251,1.940514932605485e-05,0.2544051276174539,0.25437360549687593,315
1.4336111010929526,0.03711785654844802,0.0014241478633882515,0.003899565447819601,1.2356499341253632e-05,0.25351518126719713,0.25347142103156534,316
1.4725660848366484,0.03517057137446629,0.0032760994688697097,0.00383905872746541,0.0003871978532603023,0.2696773436535601,0.2696421462494795,317
1.472910371586112,0.036452009191843104,0.0040206099843535,0.003858279718025598,0.00026043750558276465,0.2661380762664812,0.26609380618111494,318
1.4402324194471416,0.03788198534973857,0.0012703529440966678,0.003923726559877137,7.846222884029166e-07,0.25088578907670106,0.25082948932967136,319
1.449200117484877,0.0373433334800404,0.0028545796692189523,0.0038971366552704926,4.549634768449314e-05,0.25674509804854556,0.2567165001258034,320
1.4500416432530008,0.03582524609972545,0.0025021900107241126,0.0038522324209378112,0.0002677487702231399,0.26636303059409044,0.26634076290537073,321
1.4294608594261935,0.03687644749441615,0.0016636606247088402,0.0038835564519712246,7.419294856012685e-05,0.25861353287334105,0.258557955657525,322
1.4415481659084985,0.03640629925474028,0.0018848506193916842,0.003919660076129182,8.298802860919434e-06,0.2528807642841648,0.2528262169328474,323
1.4261936511541449,0.03549380162178133,0.0015213321232698238,0.0038844860927028818,0.00012765247663518246,0.2612983395521281,0.2612719600537063,324
1.451640078241292,0.03941038663513953,0.0029407620068199044,0.0038910684879785375,6.009128394670888e-05,0.25775185680638574,0.2577038414473946,325
1.4351780455420227,0.03792003186373982,0.0018968693995239367,0.0038863719873594993,4.953965901730689e-05,0.25703844151906563,0.2569839533248449,326
1.4581345015842628,0.03525567212792599,0.0036584204765272394,0.0038818135132559508,0.00013168448659708768,0.26147538611973853,0.26145063705723687,327
1.4653468091421802,0.03575427656790633,0.004145840693385162,0.003900016416832122,0.00010955215684015426,0.2604667166217565,0.26045169051016526,328
1.4242116430751437,0.03638321287503697,0.0012176215485268935,0.0039127014616191355,3.98881225374939e-05,0.25631570443715457,0.2562940491158954,329
1.4452598651069906,0.036158581160663006,0.0024172211057494606,0.0038482132738648597,0.00021830147330536174,0.26477502870742936,0.2647344489033851,330
1.4290517484559648,0.03498662787564184,0.0017794205548670775,0.003865880483481051,8.859234621265485e-05,0.2594123507272442,0.2593697567234438,331
1.453511168212999,0.0362672151805596,0.002554054245232965,0.003952249263646635,4.4866313534684466e-06,0.25211816697960016,0.25211300370426265,332
1.4514343051087868,0.035972397664571075,0.0032002119429889336,0.0039341244624066,7.265055296325145e-05,0.2585235293724637,0.2585230057196197,333
1.430336056291797,0.03481454859912949,0.0015256445281781631,0.0038642361445140223,0.00021646058370244277,0.2647125994882768,0.264691762517912,334
1.4550893200539154,0.036004804534133725,0.0027289954835958154,0.003890590417082989,6.013095090437769e-06,0.25245216131003606,0.2523868989287062,335
1.430150969578011,0.03432414889530762,0.001385855537896134,0.0038896754729596905,1.2534429893375076e-05,0.2535403996798914,0.2535036483229481,336
1.4794050671663992,0.03365540400874492,0.003516387916287212,0.0038685413684897154,0.00043213063585279053,0.27078775206348177,0.27078741326837674,337
1.4961558667680541,0.035402266357073046,0.004845679977619077,0.0039022597098751803,0.00038664332254132583,0.26966324801606606,0.2696631461168765,338
1.4376201953789658,0.03671080064974258,0.0019034066470245627,0.00395084030782113,2.197841306861491e-05,0.2546881140204367,0.254665505813389,339
1.4559208695729218,0.034397011841395916,0.0029306935921552726,0.003881070882782921,7.140850263126543e-06,0.25267223693993,0.2525917274901501,340
1.470396740303498,0.03306386193640241,0.004613442123277999,0.003813892514491737,0.00012858074375765032,0.2613393449439397,0.26125386557487634,341
1.4288497521786094,0.03281025045539384,0.0016412044494073332,0.0038437065897696885,0.00019705703663065198,0.264037700546409,0.26398692006443025,342
1.4762769523865287,0.03846472391550938,0.0037365919771561893,0.003996369120374327,1.64620020436432e-06,0.2512830433369003,0.2512582236454978,343
1.4888372720393002,0.038485051543207735,0.004540897573343348,0.0040141974272418415,1.2826219411300686e-06,0.25113252900233507,0.25112075916857096,344
1.4238773483566738,0.03351884588363791,0.0014864285819645921,0.003892299562062204,0.0001346649813920162,0.2616045241777514,0.26159109791449164,345
1.484073666169352,0.03452330735510152,0.005451731555335014,0.0038171996313238125,8.442293507067983e-05,0.25918819541970456,0.2590491309565806,346
1.4990242667905627,0.0351053017041213,0.006249492519531377,0.003823251167061691,4.0175805296613926e-05,0.25633843871127693,0.25615071111598836,347
1.4239636316774007,0.032996167135960625,0.001471979054410404,0.0038805888422705397,4.907139179372374e-05,0.2570050975577592,0.25693853400665556,348
1.4968625116697578,0.0376139965677799,0.005868159497233528,0.00397181382258387,0.00019659501754938028,0.26402123452301474,0.2640157801705075,349
1.5193047613511876,0.0392258497673466,0.0073906934058044806,0.003986639809470041,0.00016164992427568733,0.2627141623505321,0.2627040255699911,350
1.4249554396101902,0.03441563307780475,0.0014310491766530086,0.003917227812182259,4.4580924084483396e-05,0.2566768947935761,0.2566605244283656,351
1.531758184617488,0.033391901376841546,0.008690108662032205,0.003778511406217149,0.00010343962220174891,0.2601705271349006,0.25997332014850416,352
1.6287032423645187,0.03526227471595282,0.014984464172185567,0.0037525656756408087,0.00012041219933649143,0.2609732492606562,0.26068505225501554,353
1.5120314025062396,0.033209580895453915,0.007387316599626445,0.0038009575986199654,7.83434814135897e-05,0.25885118531122187,0.25867263181077516,354
1.4304781737710572,0.035309835963331496,0.0017140221864508868,0.0039293820768869685,4.049182123879439e-05,0.25636331841406623,0.2563524099713833,355
1.5111599904930952,0.03739855817669426,0.007065401501031805,0.003984511619832361,0.00012595154605081021,0.26122281364234523,0.26121037611083264,356
1.4896677617652776,0.035194519487689535,0.0057060262394107225,0.003940963579871126,0.0001551406989153701,0.2624555489206767,0.2624497188502787,357
1.4158191224802195,0.03217693890183601,0.0010649807003689515,0.003848817139325747,6.885011159749521e-05,0.25829759673625413,0.25827155002751445,358
1.46841860679635,0.042159307505622565,0.00392041394221033,0.004007687569587135,9.906672141986637e-05,0.2599532266838381,0.2598949318674979,359
1.46855041108035,0.04699350755276203,0.0035991032471787226,0.0040850980783581296,0.00010654778801514285,0.26032219879750157,0.26025458200106394,360
1.4350275642575394,0.035926228626732386,0.0021166239178746996,0.0039869003102295745,8.607069395080132e-05,0.2592774292749016,0.259246206212199,361
1.4426683870172663,0.036226435766293634,0.0026107514613789825,0.003811741467543073,8.120822154587451e-05,0.2590115604390069,0.2590104020612475,362
1.4505318337661937,0.032401351824934845,0.0033382499938229325,0.003730174613135445,5.758703210538739e-05,0.25758861200124156,0.2575885749271915,363
1.4309029521960293,0.030764943380024563,0.0020104282114381446,0.0038288688515228033,3.619737121502727e-05,0.2560164251192072,0.25599695472966083,364
1.4359688152699823,0.03698641449299916,0.0020974583839336223,0.0040294164788846135,9.984024044840258e-05,0.2599920088294798,0.2599178968838416,365
1.4409241732098261,0.038485388555310085,0.0021262783043394093,0.00405439989436127,0.00018384534289062355,0.26355895803115503,0.2635240172746593,366
1.4226952650976976,0.03282831684058253,0.001484077113416938,0.003909706232406039,6.822271005720382e-05,0.2582597039933162,0.25825585877999446,367
1.4412877693480814,0.030660314799006376,0.0025777405106271033,0.0037679551860375807,2.378781376695727e-05,0.2548772752400246,0.2548565035548453,368
1.4383238507689795,0.03333038498594795,0.0024843499131957237,0.003752249328328178,6.78731455004522e-05,0.2582385159768281,0.25820415621622383,369
1.4294833668439353,0.032493686210912705,0.0019480081647182301,0.003925353915003838,0.0001253728602696745,0.26119700228943776,0.2611822067355617,370
1.4422610515950471,0.03885355326231519,0.002393580012791335,0.004092293970356678,7.405178070735793e-05,0.25860533443320816,0.2585858586429923,371
1.4256346005589309,0.034939800151788956,0.0015446697831167785,0.0040017136202865865,7.902757196079555e-05,0.2588897453259807,0.2588367338634745,372
1.4390009252129112,0.03201037137116015,0.002598258734150498,0.003776639682333155,0.0001308842351249633,0.2614404648124525,0.26140371967021264,373
1.4336025566362878,0.029737078795787242,0.002372927361022217,0.003708621871913937,5.4710223345024485e-05,0.25739663594784984,0.25738482429338816,374
1.4454042455547933,0.03213249721844563,0.0026738654123493015,0.0039234301085072,1.8319472734502323e-05,0.25428012531761657,0.25427395556344146,375
1.447634168358625,0.03708193454967378,0.0028730577773778665,0.004073612981692708,7.43256678168985e-05,0.25862123354380906,0.2586120491005705,376
1.4466985816757514,0.0359777007566778,0.0024737190441872256,0.00402122276362595,0.00022921480624626657,0.2651398416849803,0.26511043809394336,377
1.4400021110120453,0.03249565892356199,0.002602550941864348,0.003914746627684926,0.00014150419718426133,0.2618955536728755,0.2618431021721781,378
1.4422872734736645,0.02938023323262936,0.002557432325112772,0.003841638502285104,1.3888175371244925e-05,0.25372668423283284,0.2536968433991208,379
1.4379173187172878,0.029689687880155417,0.002358028183694223,0.003819837230081536,1.9440671169662596e-05,0.25440915764853816,0.2544076472028501,380
1.4397972394304934,0.0323570478631789,0.0025921065728400352,0.0038375315421622647,0.00014849345758980405,0.2621857891656554,0.2621846728771688,381
1.4296150431436263,0.03213163442038035,0.001926900393187919,0.003905170261867879,0.00014855077611124453,0.26218814079797426,0.2621829780011051,382
1.4363394831294485,0.03314779035678255,0.002168394383262055,0.003970852793703933,3.212662921005332e-05,0.25566803574530483,0.2556154712816844,383
1.432816137011599,0.03203340707344198,0.0021037002842360353,0.003959247005503267,4.4523641849252466e-05,0.25667260382828566,0.256618815705566,384
1.4309460726889203,0.03188132998726473,0.001967812166957485,0.0038963920406869883,0.00016824530615189496,0.26297094083526307,0.2629630616162939,385
1.4306508326998744,0.03197023127971063,0.002071040756744811,0.0038632069549168722,0.0001219259436920469,0.2610420081367497,0.2610417433349832,386
1.4395058304328168,0.029504712497817272,0.002416178070944565,0.0038746354334461587,1.6200116709256196e-05,0.2540249368577974,0.25401446651068915,387
1.431170291336586,0.029643863307525088,0.0019608913677593744,0.0038772568981579572,2.3329228922377348e-05,0.2548300340498155,0.25479586209836713,388
1.434000162205859,0.03090833950248301,0.0022805182387782112,0.0038914228251127154,0.00015249121833356392,0.26234873347082865,0.262309714630624,389
1.430390046966189,0.031998615632401056,0.0019397203934795667,0.003936421005250695,0.0001617304776616902,0.262717329816502,0.2626873397665907,390
1.4251947103452973,0.030926740636686115,0.0016592117064553262,0.003969787915552898,4.157973702894383e-05,0.2564482351871612,0.25642876974560785,391
1.4209672227848709,0.02956498441212424,0.001515801333751345,0.003917261146545476,4.9110916786257705e-05,0.25700791814922647,0.25699822982046755,392
1.4402221047104327,0.030777227013162822,0.002701043560075148,0.003841958137148573,0.00015556955450602824,0.26247275248315416,0.26245875949301106,393
1.436689085642475,0.030133661397490123,0.002568256621898716,0.003834158640451449,0.00013210244267130675,0.26149358267344464,0.2614642741180597,394
1.4234207882970362,0.02952912422290997,0.0015737337328106033,0.003894301640629397,3.444099201100494e-05,0.2558686448189514,0.2558300729908447,395
1.420787905012927,0.030368610180169155,0.001478996349473038,0.003951732417501623,5.565350877201324e-05,0.2574601279326841,0.25744609939089713,396
1.4350276663688968,0.03173688522650915,0.0022619749366685877,0.003938214033485118,0.00016492828882586633,0.26284244092164205,0.2628382029246569,397
1.4274338666826114,0.031161355760583646,0.0018903640277006973,0.003917131833979495,0.00013075946256608213,0.2614350103876683,0.26142507606159116,398
1.4292522524430633,0.02883593227494623,0.001987785446986844,0.0039073891815305855,3.1898964564767046e-05,0.25564791683408733,0.2556199530619595,399
1.4263397116750742,0.028703494090408604,0.0018774359174479269,0.00389759395702107,4.081802473145327e-05,0.2563888985538552,0.256364453514398,400
1.424171461951285,0.03012078325949781,0.0017338967159583178,0.003895024070848711,0.00013459235075125093,0.2616013943451316,0.26159252518479137,401
1.4200752338143119,0.030237382556038382,0.001498131188812968,0.003917662935636885,0.00010858352038619751,0.2604203416636019,0.26041163296339037,402
1.4332151154958392,0.02939262581741494,0.002236767113465632,0.003936502799447112,3.400600116583168e-05,0.2558314664678648,0.2558121103209896,403
1.4293969863927531,0.028827027816654128,0.00210159789449782,0.00392596044057087,4.5017187924198676e-05,0.2567094849224213,0.25669024041333927,404
1.4232025602015854,0.030143480038762716,0.001677551240702139,0.0039063053099116125,0.0001302130969913586,0.2614110953458184,0.2614019203479601,405
1.419209291196165,0.029852852450859304,0.0014680495876283424,0.003912207286831939,0.00010662454051845878,0.26032591596510735,0.26031740856494157,406
1.4308885449585294,0.02924930348135298,0.002125132179826368,0.003932562773111909,3.7926599989946516e-05,0.25615845759829087,0.25614301181756965,407
1.425648818437414,0.029128752235768173,0.0018558755623242832,0.003926341602357208,4.9229984416055995e-05,0.25701640822758026,0.25700017104911016,408
1.424548900742695,0.029807416337122247,0.0017947439003050797,0.003904894977364581,0.00012753245378850026,0.26129302677710897,0.26128151208463757,409
1.4216140438260907,0.029504733054836356,0.0016491854428991042,0.0039078816846836294,0.0001079445606724615,0.26038963717713287,0.26037675788706444,410
1.4261824742102593,0.028323595359967223,0.0019033985324056104,0.003935374134382616,4.208447273862106e-05,0.2564872546380284,0.2564726552257986,411
1.4218593844478986,0.028481976035829866,0.001680146789505143,0.003945574117331691,5.6320762771853e-05,0.2575047160353909,0.25749560933013654,412
1.426130791563231,0.030238725618176504,0.001861589895614607,0.003925909568767697,0.0001326245903491491,0.2615162750205589,0.2615093494969063,413
1.422735180632802,0.029402834763880472,0.001728455875975025,0.003910912597195158,0.0001094523676252956,0.2604619485577638,0.260446481695755,414
1.4241542504502316,0.028145693955199013,0.0017754258450878174,0.003917931939197286,4.17628010273018e-05,0.25646241448897406,0.25643816719188267,415
1.4194721454974941,0.02797289428931327,0.0015501134249997191,0.003930375443844789,5.532332569646588e-05,0.2574379651583256,0.25742542528457174,416
1.4274830260325264,0.030372577817087618,0.0019443766046383956,0.003934479282451481,0.00013231754328120655,0.2615029362895396,0.26149952634437557,417
1.4236292140093445,0.029838190109884324,0.001753925091764827,0.003934102673763137,0.00011521202161230581,0.26073368630118776,0.26072700116324216,418
1.4215308597669298,0.027767702544003417,0.0016566105725407303,0.003933468510329771,4.656585595002284e-05,0.25682391793253867,0.256803752816409,419
1.4179957859925523,0.027768580176998632,0.0014746562007778223,0.0039304673450211896,5.8117178746302034e-05,0.2576234623857078,0.25760542582408436,420
1.4272577811041667,0.029831548319059768,0.0019773817885108133,0.0039278469947500215,0.00012619282623282504,0.2612335580397675,0.26122613513601656,421
1.4231727869345248,0.029431768825242424,0.0017559810551235795,0.003927347987740991,0.00011091477157567595,0.2605316082141179,0.26052398111217345,422
1.4206091923975661,0.027451598244549714,0.001629073670703479,0.003932068145570612,4.867727544147359e-05,0.25697691016435453,0.2569616707784227,423
1.4171469945407207,0.02732924470582712,0.0014558347325095077,0.003936437536667774,6.02077640532872e-05,0.25775936621466516,0.25774600614122506,424
1.426466900327513,0.02973789000436019,0.0019359451060215267,0.003939736189846824,0.00012347852967675956,0.2611120893479471,0.26110427271376174,425
1.4218891193721945,0.02920348628632206,0.0016857847730639237,0.003938496240014552,0.00011018599037412599,0.26049695148003105,0.26048679044762824,426
1.4209926523499916,0.02743990346493658,0.0016694198566351622,0.0039377028941939085,5.1528975991231354e-05,0.2571783686162826,0.2571623565818334,427
1.417694414931427,0.027226872745346367,0.0014956282562517294,0.003936393252276952,5.9010010203846644e-05,0.257681797329001,0.2576706383566784,428
1.424045881536446,0.02925693191640701,0.0018200477355917047,0.003934786857960669,0.0001155499138583461,0.2607494145821224,0.26074304391670033,429
1.41991032713131,0.028766017971954147,0.0015877027342819496,0.003934649147430734,0.00010561115150512834,0.2602767286382938,0.2602667462518911,430
1.421536342101703,0.027080797201545187,0.001739221668790379,0.003942780788626765,5.3620736169829765e-05,0.2573226181226273,0.2573071434665048,431
1.4181278205007202,0.02716839263257647,0.0015342583847668065,0.003951577860936121,6.0640186392579e-05,0.2577871809014931,0.2577774332142,432
1.422239890880579,0.029056167074947827,0.001716026774674962,0.0039464517855982,0.00011353859499465958,0.2606554490752225,0.2606500318740981,433
1.418213588468403,0.02830323866485857,0.001507742651261705,0.0039329319461710085,0.00010254850420174638,0.2601266235341177,0.26011633487944213,434
1.4219519579682,0.026746549715918923,0.0017860900554185787,0.003933482439084838,5.293143792449414e-05,0.2572753995027417,0.25725950248969087,435
1.418148187231882,0.02676582408072498,0.001559340212129175,0.003947975438661466,5.963540785217234e-05,0.2577223965096447,0.2577135501393175,436
1.4212452437924865,0.02897646267116028,0.0016564519657535333,0.003956478638761133,0.00011270159275042775,0.2606161006377308,0.26061208812509296,437
1.417390180331917,0.02825638497779113,0.0014551113065591212,0.0039475049178044974,0.0001040287691989058,0.2601994494556768,0.26019018636406616,438
1.421431255844697,0.02661387035225995,0.0017680082754502255,0.003939683880085828,5.4790622225555804e-05,0.2574020687801152,0.25738532336724956,439
1.4175855790719718,0.026519887714427544,0.001538206256937467,0.003944196336402268,5.971125804483995e-05,0.25772730600176025,0.2577173241544255,440
1.420637145329576,0.028544657256718415,0.0016489752851691862,0.003950867393196379,0.00010908054874000132,0.26044416338152565,0.2604400440455566,441
1.4170110223657735,0.027989715703624657,0.001449227223532736,0.003947478022834184,0.000102137737924551,0.26010632168123254,0.26009809696214836,442
1.4203331239665948,0.02636727349915544,0.0017206036174374256,0.003947104663081483,5.704406956437477e-05,0.25755275244956266,0.2575376243467558,443
1.4164911565680305,0.026357933948994574,0.001486032729253771,0.003954880763991949,6.283617894973847e-05,0.2579269274595986,0.2579172393516132,444
1.4204937018375414,0.028381015027393163,0.0016505049969573011,0.003957493784735686,0.0001086754869046917,0.26042475356565764,0.26041974689463787,445
1.4168006851968162,0.027697440367004753,0.0014555572545564674,0.0039470639564697695,0.00010029917844552837,0.26001494775051415,0.2600058477018997,446
1.419357859209199,0.026091638451531993,0.0016770670263867296,0.003943779617827216,5.776969100777166e-05,0.2576006375395602,0.2575869594550251,447
1.41564291473061,0.026082257042091134,0.0014509772310298448,0.003954686415861235,6.373103573559581e-05,0.2579831720346987,0.25797545857659104,448
1.420130833541752,0.028171286244962193,0.0016418249992664505,0.0039626951635223905,0.00010717322787312244,0.26035245033183557,0.26034755218566497,449
1.416476126978388,0.02752439885161237,0.0014451137348343488,0.003955476572105893,0.00010041327734059892,0.26002064256126317,0.260010555153844,450
1.4185590976122668,0.025910717507889033,0.0016444361151673609,0.003950976127539498,6.0192216207391436e-05,0.25775836427395565,0.2577449771376768,451
1.415181215609545,0.025909709719716383,0.0014345798362111984,0.003957828622414027,6.466994783815143e-05,0.25804176273202284,0.25803509375218203,452
1.4192004603324575,0.02781349506214608,0.0016064791975745711,0.003960492444192358,0.00010397345975756541,0.2601967377017145,0.2601919911024504,453
1.4157115430662335,0.027151706037977962,0.001419957890164275,0.003952845498716803,9.823994123546613e-05,0.2599116063902612,0.25990130568301595,454
1.4180618634195719,0.025689526070878484,0.0016309088270762325,0.003954727898221662,6.16008146260852e-05,0.2578486186444549,0.25783650689432025,455
1.4148473661670116,0.025777854707465023,0.0014252661476395515,0.003966663823998807,6.61591712263236e-05,0.2581338288171269,0.2581281552779033,456
1.4182331049475636,0.027595137044514627,0.001557013998559095,0.003966609503545908,0.00010324100695349285,0.2601607581879254,0.260155782527128,457
1.4149379525200998,0.026847875712547403,0.0013888720205896669,0.003953532992809612,9.708424893525768e-05,0.2598531339651533,0.2598421483098351,458
1.4176331258000727,0.025437932965703108,0.0016200814755492243,0.0039540363690714585,6.181642198346269e-05,0.25786234201643904,0.2578514163034104,459
1.4145625087641478,0.02554975230154267,0.0014219091811376549,0.003967294438119969,6.623636505957278e-05,0.25813857266721707,0.2581338010267739,460
1.4173740863777449,0.027299934798979054,0.0015199732383201947,0.003970046280344724,0.00010236075016351581,0.2601173489691478,0.2601121629910571,461
1.414434032905029,0.026636790261631724,0.0013692454754692948,0.003959888959563222,9.711248587286283e-05,0.25985456675216434,0.25984329196666506,462
1.416861621860462,0.025246713603084853,0.0015856072541057698,0.003960101734384132,6.311357822963203e-05,0.2579444054673482,0.2579346946881395,463
1.4140388298242614,0.025331555717860364,0.0014033851552256054,0.003968789172739506,6.6936064333338e-05,0.2581814463472749,0.2581770789926905,464
1.4167198905510234,0.026944855464800965,0.0015008661099491947,0.003968138678556479,0.00010065180895040239,0.2600325375130324,0.260026499607669,465
1.4140469819712727,0.02637351670243277,0.001361280599445876,0.003961052251413268,9.607276264581668e-05,0.259801671421029,0.25979039583423674,466
1.416043211143263,0.025082697299826075,0.0015465785500650131,0.003966233905548534,6.456431420417883e-05,0.2580351922319369,0.2580274212286671,467
1.4134147436910416,0.02516234362053926,0.0013763598644236273,0.00397421624587803,6.828392453054992e-05,0.2582634087718417,0.25825954112135985,468
1.4162812511873797,0.026644312301289826,0.0014918414536109642,0.00396946642542381,9.958697934421474e-05,0.25997932759980424,0.2599718526527966,469
1.41373234926873,0.026126307817376657,0.0013568496226935634,0.003962130006048019,9.532725760341904e-05,0.2597635678726283,0.25975192537360364,470
1.4153656554489338,0.024893289604505205,0.001517081677399357,0.0039693878569719765,6.553285298702366e-05,0.25809523643799387,0.2580892441718742,471
1.4128789720498063,0.024962264047151062,0.0013551335323102446,0.003976563511942481,6.874670097685817e-05,0.25829136303492123,0.2582879445170424,472
1.4158817025950992,0.02633203726589916,0.0014860676771712997,0.003971135622151397,9.86541551250423e-05,0.2599324798074319,0.2599235487495947,473
1.413379265402964,0.025925429545081008,0.0013466458699400291,0.003966613078090602,9.54521092519844e-05,0.25976995953174753,0.2597582490391621,474
1.4148092158801384,0.024734309177173085,0.0014937792458201268,0.003974771034340005,6.664523629562193e-05,0.25816365336694436,0.2581591129593548,475
1.412331237726709,0.024732395648345947,0.0013345020767802163,0.003977719505557741,6.898276375033008e-05,0.25830558629780764,0.2583023229291332,476
1.4155636587471105,0.026011429188759844,0.0014862670373721968,0.003970277752949088,9.75785376476082e-05,0.2598781849369005,0.25986773655620427,477
1.4129946290333155,0.025715598948822502,0.0013351034276974998,0.003969639503199461,9.520329895423478e-05,0.2597572177875783,0.2597457956325731,478
1.4142858545700243,0.024600885589705298,0.001470578047989698,0.003980489810449085,6.76841957877302e-05,0.25822704052425477,0.2582236626843328,479
1.41168503475961,0.02451644002157,0.0013072251235783283,0.003980630523347175,6.963482119892428e-05,0.2583447481207598,0.2583414989847712,480
1.415352603849341,0.025745577542445247,0.0014898133234054112,0.003971203389830119,9.689806937422394e-05,0.2598436816981363,0.2598319668916185,481
1.412640228199884,0.025524822936152183,0.0013243625040441464,0.003972142578535283,9.480211145855138e-05,0.25973663758484167,0.25972563900662365,482
1.413681803212827,0.02442620223419059,0.0014438661472169433,0.003983669895298394,6.844103249847578e-05,0.258272909554593,0.25827020467353723,483
1.4109376854239641,0.024292819400833835,0.001273321000990421,0.003982635830648685,7.014177476101224e-05,0.2583750686421672,0.25837163947421604,484
1.4151868722968715,0.02552389533447345,0.0014934727478334642,0.003974291923011673,9.65814368554525e-05,0.259827585504866,0.25981527742309446,485
1.4123527015358555,0.025362223598289727,0.001316195381873503,0.003976492895167274,9.486283624485014e-05,0.2597397554509777,0.25972947869830626,486
1.4129394206886785,0.024217699731376927,0.0014097498413604662,0.003986182651094558,6.90729963558158e-05,0.25831101656572864,0.25830860187234195,487
1.410149746987472,0.024046943757541343,0.0012377166454610187,0.003983542446945464,7.044741008973781e-05,0.2583932955440481,0.2583895123133468,488
1.4149660570915588,0.025331262982592754,0.0014916221403625616,0.003977589354468687,9.646661683603435e-05,0.2598217420469097,0.2598094637959768,489
1.4120818211042994,0.025198133178272023,0.0013092413036167115,0.003981134527255604,9.490723806410336e-05,0.25974203459571477,0.259732489429596,490
1.4121503434348008,0.024003028453069255,0.0013724310044637908,0.003988810007018664,6.952641036897978e-05,0.2583382498384841,0.25833583979975944,491
1.4094371034334081,0.023815415633362064,0.0012066355612103976,0.003985273087131317,7.098016938161372e-05,0.25842497296028977,0.2584209194672124,492
1.4146246008369472,0.025160213057708963,0.0014804252255378688,0.003981359843176115,9.639763852657717e-05,0.2598182299080118,0.2598065656481114,493
1.411769418865539,0.02501638008560425,0.0013007028449569262,0.003984825649378519,9.458097454697848e-05,0.25972527503708653,0.2597162571010861,494
1.4114368545857738,0.023775332168043044,0.0013407472027502827,0.003990691652392074,6.988505217943507e-05,0.2583597279967374,0.2583571175181364,495
1.408865383334259,0.02361710843702489,0.0011830092357655248,0.003988099967053976,7.16429127419662e-05,0.2584642136517202,0.2584601284888446,496
1.4141796258593273,0.024990914049348383,0.0014623069393940602,0.003985922319504677,9.62036429743312e-05,0.2598083455778399,0.2597975581433187,497
1.4114069741699118,0.02480924444007421,0.0012904601856256772,0.003988088834107121,9.41441977678074e-05,0.2597027932971803,0.2596940454727445,498
1.4108355871837481,0.02354175785205036,0.001316973597672144,0.003992310015910653,7.027196825387705e-05,0.25838283772083637,0.25837999775146453,499
1.40840297880231,0.023431213668372444,0.001165690450465179,0.0039913423360432585,7.221702228638127e-05,0.25849805991308494,0.2584941743513586,500
1.4136844643923312,0.024801904262594543,0.0014421320034380377,0.003990221954061566,9.587256501525459e-05,0.25979145367222123,0.25978132770073187,501
1.4109896059376537,0.02458154376149988,0.0012778467045241018,0.003991205204225942,9.368631191491497e-05,0.25967916896819737,0.2596704249019445,502
1.4103589701700727,0.02333252558995339,0.0013000791616268733,0.003994708982834526,7.074117022193898e-05,0.2584107770284284,0.25840788691498623,503
1.4080288138275039,0.023249222562925786,0.0011539377704059407,0.003994700379769074,7.275877063034161e-05,0.2585298751825769,0.2585263345913961,504
1.4131438448625464,0.024579750879111757,0.0014210695037966852,0.0039935658924140265,9.525735723221088e-05,0.25975998756311763,0.2597500648106801,505
1.4104928744881573,0.024346202529733595,0.0012603991765286842,0.003994205469281992,9.317485978121011e-05,0.2596527125607888,0.25964381859963104,506
1.4100277960112926,0.02315385843022714,0.0012912673858094768,0.003998158071226313,7.141066097362168e-05,0.25845048288405,0.2584477899669551,507
1.4077538642961014,0.023072102704270733,0.0011481647029679678,0.003998038126038378,7.314331950540804e-05,0.2585523867724401,0.25854916702689656,508
1.4125322756307033,0.024327977790602095,0.0013971654494907663,0.003996052748970272,9.442692286673471e-05,0.2597173516385245,0.2597072787862442,509
1.4098973564966015,0.024114975917319058,0.0012361005766193776,0.003997156846789835,9.276725516265476e-05,0.2596315759438762,0.2596226418448066,510
1.4098277846057512,0.022990703504939033,0.001290188329200602,0.00400214091187442,7.210220736140368e-05,0.25849130186493235,0.258488934307182,511
1.4075441189988802,0.02288896083632942,0.0011467505134917858,0.00400113198509151,7.333350426494406e-05,0.2585634983660268,0.25856043585805755,512
1.411881133341054,0.02407058574090992,0.0013709148637630676,0.003998422013888467,9.36573277937601e-05,0.2596776716101426,0.25966733497797834,513
1.4092497400092898,0.0239006344903131,0.0012072527176881925,0.004000469606376554,9.249940022361186e-05,0.25961766084989546,0.2596089210964679,514
1.4096728872460427,0.02282841377492892,0.0012918071319854797,0.004005950862176088,7.26863260902114e-05,0.25852562760682235,0.25852355064402377,515
1.407338364032846,0.022695247766469022,0.0011460860944098625,0.0040037764467553355,7.341469415054928e-05,0.25856823751716473,0.2585652054432169,516
1.4112383263257051,0.023831932069726138,0.0013439558294459461,0.004001214264314342,9.302568574558751e-05,0.25964498241292266,0.2596345083930273,517
1.4086198769897909,0.023704943228880962,0.0011783686420665691,0.004004239226484337,9.241650523173066e-05,0.2596133503645571,0.25960490225429106,518
1.409483516243329,0.02265744807825741,0.0012914450568791572,0.004009283494908558,7.315879972171407e-05,0.2585532917477258,0.25855137953934143,519
1.4071063381817217,0.022499864533328192,0.0011435588069953558,0.004006161767183293,7.33660728432576e-05,0.2585653997480128,0.2585623943093661,520
1.4106384737303523,0.023616117116387073,0.0013183614086037855,0.0040043392794094496,9.261165204082715e-05,0.2596234947935159,0.25961308103384234,521
1.4080509500583882,0.023516217630784195,0.0011530557945446259,0.004008072202386916,9.249556972250557e-05,0.2596174617089181,0.2596091893540352,522
1.4092422751104248,0.022479246535714415,0.0012877656789727053,0.0040124054891072835,7.345699361122046e-05,0.25857070554920775,0.25856887020498615,523
1.4068414042539248,0.0223110737750767,0.0011384334255288649,0.004008720108170035,7.332524193806106e-05,0.2585630159370435,0.2585601251354537,524
1.4101070555664192,0.02341544621565518,0.0012963153518537598,0.004007484529773255,9.238100897981478e-05,0.25961150399156213,0.2596011607299046,525
1.4075474329031175,0.023324929745832047,0.0011322279299128993,0.004011566410482478,9.258173928555576e-05,0.2596219405155902,0.2596136600152,526
1.4089688005080991,0.022302550183211485,0.001281662886662231,0.004015559460086505,7.36514682629268e-05,0.2585820433617482,0.25858032265663855,527
1.4065417713916712,0.02212993191777293,0.0011305675281964008,0.004011576230095487,7.332391524561202e-05,0.25856293847026895,0.25856022339536994,528
1.4096513188918267,0.023221442327985307,0.001278812790435655,0.004010521716341086,9.233381739446048e-05,0.2596090487247417,0.2595985407233833,529
1.407089575673116,0.023134144597675897,0.001114394911163158,0.004014890010951452,9.266314469079845e-05,0.25962616978298214,0.2596178202740713,530
1.4086867292149514,0.02213283974229506,0.0012742993052698192,0.004018850252206801,7.370085554939911e-05,0.25858492024129515,0.25858341260402806,531
1.406211477273237,0.02195016961266098,0.0011206280267968504,0.00401432677000981,7.336514905487043e-05,0.2585653458222579,0.2585627634934257,532
1.4092559946303582,0.02303041396033184,0.0012650780146369104,0.004013453860774201,9.246316797655797e-05,0.2596157770344657,0.259604846945969,533
1.4066560922004099,0.022951240604798875,0.0010976883803969074,0.004018485190682254,9.269204931208203e-05,0.25962767102221934,0.25961936303949856,534
1.4083997237013965,0.02196724836771945,0.0012662269911040708,0.004022226221666694,7.368264964416071e-05,0.25858385983367393,0.2585825998575665,535
1.4058585364869765,0.02176752636610154,0.0011094455138767547,0.004016738328350161,7.346514004109073e-05,0.2585711807845297,0.25856862763364064,536
1.4088873696473347,0.022845460396784326,0.0012527097242989154,0.004016426654857948,9.26383864051142e-05,0.25962488370865405,0.2596135024908392,537
1.4062350843494886,0.02277465742721781,0.0010814317822671878,0.00402235586785197,9.265734819808002e-05,0.2596258686983607,0.2596177608748757,538
1.4080959941799267,0.021800065868839372,0.0012571435541943814,0.004025500580231507,7.36715708521011e-05,0.25858321448247107,0.2585821456215643,539
1.4054962050847144,0.021585196484661992,0.0010977418974127612,0.004019019711266099,7.365066847207209e-05,0.25858199676486027,0.25857940206133756,540
1.4085182889982457,0.02266611685546701,0.0012399747710752996,0.00401957636751777,9.276956425880872e-05,0.2596316958142795,0.25962002064547013,541
1.4058244242295022,0.02259690241892651,0.0010659549884448319,0.004026247591435966,9.251595900635846e-05,0.259618521664287,0.2596106653327206,542
1.4077795500309649,0.021631702053689382,0.0012474276703291782,0.004028619354565386,7.375111944943559e-05,0.2585878471952775,0.2585869057608114,543
1.4051410585619089,0.021408021619820496,0.0010863096164699445,0.004021366574093493,7.392018367956446e-05,0.25859768478600864,0.2585950492179025,544
1.4081428349998264,0.022484324536976977,0.0012270056275102714,0.004022777191258326,9.274381817656911e-05,0.2596303591925,0.25961849801104414,545
1.4054179787060572,0.022415603364355968,0.0010509908266482164,0.004030065070004387,9.232657865333911e-05,0.2596086720546254,0.25960105924602556,546
1.4074720253595385,0.02146818373033145,0.0012382091811009052,0.00403177042666623,7.396939970339295e-05,0.2586005464770207,0.2585997176448701,547
1.40480185575618,0.021234334644289796,0.0010756919920156156,0.00402367157924919,7.418493065824046e-05,0.25861306743606716,0.2586103891182342,548
1.4077600319871117,0.022293195213542446,0.001214166003766419,0.004025818332532616,9.255917111402977e-05,0.25962076769878734,0.2596087107146128,549
1.405002559321755,0.022238255359140993,0.001035179920512327,0.004034004332841498,9.216211308191028e-05,0.25960011005571865,0.25959280676631824,550
1.407185451555481,0.02131099142875972,0.001230165025338355,0.004034987035168571,7.431372201631481e-05,0.25862054070324564,0.25861982389904015,551
1.404481400980775,0.021057691664362457,0.0010663685434263706,0.004025655982102359,7.436816060683622e-05,0.25862369761800796,0.2586209165469415,552
1.4073578822429966,0.02209705493124943,0.0012003771532540486,0.004028819620705194,9.224460916384637e-05,0.25960440571632865,0.2595922032223663,553
1.4045755741559542,0.022072956158463757,0.0010178309608192466,0.004038293069896504,9.211750015507289e-05,0.25959778621115687,0.2595909229449326,554
1.4069024183903642,0.02115381136526799,0.0012224140996812266,0.004038014893694202,7.470821830694375e-05,0.2586433915974543,0.2586427498285056,555
1.4041788364988854,0.020875796540595837,0.0010583578225108969,0.004027231706961745,7.442060825470596e-05,0.2586267379845864,0.2586237813813162,556
1.4069227811715117,0.021906019258847772,0.0011840946349184474,0.0040320624251316715,9.19112890834329e-05,0.2595870375551279,0.25957489501670994,557
1.4041484832414581,0.021919492835853524,0.0009997104054659794,0.004042914116356522,9.222578145682117e-05,0.25960342550639204,0.2595970772664388,558
1.4065965205470956,0.02099033190314048,0.0012134438494761457,0.004040607795384561,7.504689447081033e-05,0.2586629610682959,0.25866233821515566,559
1.4038855372738186,0.020690830022864263,0.0010509661584478245,0.004028502231891207,7.43521788080322e-05,0.25862277094720904,0.25861960069916434,560
1.4064646601204887,0.021726750069989576,0.0011655434308977528,0.004035691039631818,9.167212205903619e-05,0.2595745559718995,0.2595626771176842,561
1.4037401062880128,0.02177424575560034,0.0009822957190712082,0.004047755975942097,9.248616012519584e-05,0.25961697250309035,0.2596111554659882,562
1.4062503632199432,0.020819288002221745,0.0012020307674550197,0.004042708156270585,7.522528180784206e-05,0.2586732509365198,0.25867260762840627,563
1.403586181484762,0.020503569008626727,0.0010431832670158578,0.004029495680346469,7.420446066450662e-05,0.2586142011042526,0.25861077057507226,564
1.4060057588201507,0.021562694195398663,0.001145973015268594,0.004039762177264209,9.164066893462168e-05,0.2595729132940094,0.25956143172297447,565
1.4033703474548702,0.021637766452485965,0.0009668757829006233,0.004052839765926381,9.283334950976448e-05,0.2596350064613245,0.25962976384408937,566
1.4058464577315777,0.020638769280831547,0.001187086643534724,0.004044208656239144,7.520513576568489e-05,0.25867208946942344,0.2586713842500421,567
1.403272978480107,0.020313799883373392,0.001034594752282623,0.004030175797149724,7.404280895197883e-05,0.2586048131270806,0.25860102329581647,568
1.4055507427214025,0.021418111708910958,0.0011254306369116362,0.0040444777544228665,9.183997531829629e-05,0.25958331755282565,0.2595724364851471,569
1.4030522529264648,0.021509307348279157,0.0009543674490902223,0.004058162649129795,9.32072099673895e-05,0.2596543881197821,0.25964976950878293,570
1.4053759426939785,0.020445321546261618,0.0011682578379236322,0.004044921898383518,7.499829048149193e-05,0.25866015533818487,0.25865930458331793,571
1.40295564404683,0.02012439120307473,0.0010257692402802238,0.0040306654517824085,7.39344222815929e-05,0.2585985127947566,0.25859427110745503,572
1.405089363631516,0.021293430692320234,0.0011032153239490523,0.004050005113430903,9.220363402354593e-05,0.25960227233646005,0.2595922891973221,573
1.402777360276293,0.021382397579817386,0.0009446215249090469,0.004063560811042335,9.356552929707582e-05,0.2596729276487047,0.2596689143562713,574
1.4048691228037173,0.020240327207304284,0.0011475369545745095,0.004044815204519213,7.46591013423137e-05,0.2586405498287038,0.2586394315612535,575
1.402655741766634,0.01993916451687305,0.0010179219236460448,0.004031169145942064,7.388846414771662e-05,0.2585958399326486,0.25859111600005646,576
1.4046219207110893,0.021182345607264078,0.0010797401735773253,0.004056255263899022,9.265573787278814e-05,0.25962578505228473,0.25961694320263473,577
1.4025219998343663,0.02125290769896226,0.0009363269251004082,0.0040688819490747275,9.388842559481208e-05,0.25968960399576846,0.25968613082888925,578
1.4043826016122478,0.020028468037696777,0.001128449862655659,0.004043981590668907,7.423989062566395e-05,0.25861625734444277,0.25861472443168687,579
1.4023901241034453,0.019759332595474417,0.001012056681361357,0.004031777181322502,7.387476567504979e-05,0.2585950430874458,0.25858984829258863,580
1.4041641858253475,0.02107972617998694,0.0010563698630490957,0.004063079265688934,9.314157240259828e-05,0.25965098815679505,0.2596434443933002,581
1.4022656229215682,0.021120882708080466,0.0009281069678973371,0.004074003300309938,9.418037685535063e-05,0.2597046574826395,0.25970163486074144,582
1.4039608985413046,0.01981269871413953,0.0011138075781798806,0.004042486228800111,7.37774344776268e-05,0.2585893791671824,0.2585872427431122,583
1.402152960993517,0.01958598481839508,0.0010076732647057516,0.004032615606066701,7.385958133715504e-05,0.25859415972257643,0.2585885731752241,584
1.4037456653497786,0.020984786217169087,0.0010350986818228908,0.004070349592172465,9.364885931905559e-05,0.2596772340737969,0.2596710557711794,585
1.4019911997751078,0.02098302131835997,0.0009190339531574375,0.004078683298700161,9.4440503899065e-05,0.25971805041657353,0.25971532876294495,586
1.403630754926564,0.019597349321600274,0.0011051429344633716,0.004040542519388701,7.329858795805491e-05,0.2585614594525732,0.25855852920224615,587
1.4019187674772728,0.019421462544300907,0.001002908012725384,0.004033906392462547,7.382114199203809e-05,0.25859192306716244,0.25858613437790706,588
1.4033959212585692,0.020893767986232402,0.0010180975599858688,0.004077746599898862,9.421593883363371e-05,0.2597064895216362,0.2597015687337824,589
1.4016837295384323,0.02083582801758274,0.0009083413477219374,0.004082713192934926,9.461758151002423e-05,0.25972715690785464,0.25972455044101433,590
1.4033956276132566,0.019388968311086656,0.0011023550566452893,0.004038583652933797,7.284964698953387e-05,0.2585352004656911,0.2585313917903383,591
1.4016679183557692,0.01926749092274518,0.0009963351191791309,0.004035779878489112,7.375198925540233e-05,0.25858789783680514,0.25858213838057253,592
1.4031063575389022,0.020799505147448463,0.0010052236285267326,0.004084828899812078,9.487458291347789e-05,0.25974035845918814,0.25973644380447986,593
1.4013329845709483,0.020678769129669747,0.0008954030093881191,0.00408605184139304,9.461148225707204e-05,0.25972684338606683,0.2597241759265027,594
1.4032243285159811,0.01919276504981225,0.001103239654654733,0.004037051805794607,7.253000935555836e-05,0.25851645521068234,0.25851183663665733,595
1.4013971623535981,0.01912525538716826,0.0009876308110058098,0.004038289842226581,7.363876994285542e-05,0.258581303510706,0.2585757867839228,596
1.4028296959238753,0.02069433177089596,0.0009938122224813902,0.004091178592957411,9.561915021233407e-05,0.25977850449774065,0.25977529129432414,597
1.4009385532301115,0.020510977735631472,0.0008802631473680935,0.004088759132775347,9.432183349021373e-05,0.25971194282778753,0.259709046235261,598
1.4030680688155746,0.019013054029206805,0.0011045798216815263,0.004036370703394699,7.24851391209402e-05,0.25851382047737326,0.25850864212355773,599
1.4011192780118051,0.018994614293134034,0.0009775205003221621,0.004041402945064638,7.341189970632893e-05,0.2585680744456575,0.2585629535402953,600
1.402514792536039,0.02056908331499168,0.0009810395874158574,0.004096401414951692,9.647959842854803e-05,0.2598224028846585,0.2598195666864749,601
1.400518801412279,0.02033710075924258,0.000863836391259979,0.0040911323808684,9.363943900472061e-05,0.25967674733599677,0.2596734965762316,602
1.4028819822104621,0.018851661731703197,0.0011037125764961414,0.0040368016092750935,7.294485835937099e-05,0.2585407762152729,0.2585354392339788,603
1.4008532726110807,0.01887278869292354,0.0009670373293810331,0.004044922653195292,7.285683635292173e-05,0.25853562161491017,0.25853091718575655,604
1.402138837797816,0.020419473436302602,0.0009655825839293045,0.0041003065362414165,9.768489337392517e-05,0.25988356683459596,0.2598808271820676,605
1.4001017803940758,0.020167518369245067,0.000847253899567057,0.004093713752176949,9.229085743433864e-05,0.259606813073769,0.2596031614813,606
1.4026495422952043,0.01870482166777301,0.0011006057354592744,0.004038153739244327,7.445296018531189e-05,0.2586286128772423,0.25862353684650696,607
1.4006169436090654,0.018757433175372967,0.0009562136928210327,0.0040487236207334765,7.133402792131799e-05,0.25844594742591487,0.2584415414169404,608
1.4017150678918666,0.02024351097352317,0.0009479481047377739,0.0041027847836505255,0.00010014994942614022,0.2600074946628085,0.26000467526751814,609
1.3997080985096533,0.020015520477519536,0.000830571512289304,0.004097267707122404,8.92382224196307e-05,0.25944659845762646,0.25944253631513553,610
1.4023938178626754,0.01855996580487784,0.0010994474022599438,0.004039518537134591,7.884408226614201e-05,0.258879419027512,0.25887499551788457,611
1.4004590448636705,0.018653345617794474,0.0009426314735351143,0.004053209185589856,6.679230966170269e-05,0.25817265621825014,0.25816823357781515,612
1.4012389223549204,0.02002243244956587,0.000925667643295153,0.004103041293532081,0.00010718146633221048,0.26035284822318044,0.26034998967754425,613
1.3993638761921168,0.0199046934485068,0.000809433469640509,0.004103307512364221,8.059288321609594e-05,0.25897735390948223,0.25897271973451863,614
1.40219640881767,0.01837981416207608,0.001106326481279214,0.004038240180043544,9.364382248618209e-05,0.25967697382894994,0.2596736756109205,615
1.4007698978920207,0.018593402591793186,0.0009197178914996785,0.00406077796185467,5.290950369060151e-05,0.25727389192183947,0.2572685864303835,616
1.4003082331227017,0.019646253807163148,0.0008571096413524852,0.004097215919056535,0.00012786049669712504,0.26130754158502745,0.2613050857798067,617
1.3993368665155348,0.019852585169816344,0.0007546219353659202,0.004114707692047488,5.6454742875574395e-05,0.2575136371269562,0.2575073278926246,618
1.4026111082785473,0.018082939130845035,0.001075918567422435,0.004030089062248518,0.00014422425092786256,0.2620093401537246,0.2620077482776406,619
1.4031945131166603,0.01861751527175049,0.0008953297664774172,0.004074015653808814,2.799530802656553e-05,0.2552910592537379,0.2552827663748258,620
1.3956118133816386,0.019026047339064742,0.0005905340408255387,0.004087726296042373,0.0001251902071824491,0.26118884297782613,0.2611857043142551,621
1.396457747577066,0.01933264315210859,0.00044705727286505943,0.004115031964756378,3.271145496781997e-05,0.25571939288454815,0.2557102506935451,622
1.423345646802799,0.01748920886785408,0.0014358756133557773,0.00399502133559665,0.00035026692473285383,0.2687154194378019,0.2687154190505626,623
1.4027735170846485,0.01788879549331547,0.001133141303450672,0.0040296637117778035,0.00013043461942869325,0.261420797670421,0.2614172609515333,624
1.4375714862445017,0.02053470081210874,0.0010159557323617442,0.004184665209860289,1.056880730990598e-05,0.24674902978944654,0.24671659587170097,625
1.4212617098179026,0.021078477223971177,0.0015003278368951132,0.004173028637255986,6.547777429221161e-06,0.25255886252644044,0.25253644461230645,626
1.4364996621267623,0.018073044497075315,0.0014450939522377537,0.004021433660165305,0.0004652316400108616,0.27156922900826225,0.2715688362959211,627
1.4209670008500823,0.017318119337677254,0.0011646283601047778,0.003997376089249448,0.0003684458494164513,0.2691949433293368,0.2691927630260393,628
1.4286795742476117,0.019058519825292258,0.0010488897278916648,0.004123535181184551,2.777439379461396e-06,0.2483334348559203,0.24828790003621756,629
1.4323578490012046,0.019209959578295008,0.0009717059995653643,0.004136195171702888,6.834047273978248e-06,0.24738579892242807,0.24732819206304923,630
1.3995722335056608,0.017724047313043678,0.0006614075440486596,0.0040331426827520285,0.00020628990298404622,0.26436279579274335,0.2643436641806751,631
1.396967667590896,0.019050790702892912,0.0006440816999662682,0.004100290151104677,0.00013811151276249228,0.26175208546439704,0.26172353510873775,632
1.4154933895524626,0.01913782771286392,0.0006197388345872744,0.004146651882981415,7.996699825686404e-09,0.24991057573133826,0.24985099209403136,633
1.4000143839528105,0.01777024154815363,0.0009127651616954442,0.004049286721251691,5.1973918633878864e-05,0.25720929390674835,0.2571760780642306,634
1.417498765817421,0.01762728989330648,0.0009414459172838181,0.0040180465850268845,0.0003640180498298474,0.2690792570565483,0.2690703419888144,635
1.403742055530348,0.0200390468757619,0.0010711732744922763,0.004120851228650378,0.00011892665839405648,0.2609053499895261,0.2608832301352714,636
1.4115962944606433,0.019146128158842497,0.0005512410176390192,0.004153929945696245,3.9791093339750244e-07,0.25063080181784575,0.25059074282133054,637
1.4020599585782068,0.01753990352692841,0.0011476869770992984,0.00403595440421468,8.429013774499421e-05,0.25918096605728363,0.25916677396755633,638
1.4027933700152366,0.017702406116686224,0.0007209179701184315,0.004039889832221181,0.00023897872324145966,0.26545893667887477,0.2654530935766317,639
1.4105230602393315,0.02070191053851561,0.0010316532704387374,0.00417673763351214,1.4485971553919102e-05,0.25380604408197266,0.25378198112535066,640
1.4018154471065958,0.019072435464016317,0.0007927740423603928,0.004129137488005366,2.9949184174310257e-05,0.25547258478000207,0.25545877011011714,641
1.4212078983534466,0.016830498584043497,0.0015383924200737557,0.003978331368757805,0.00031952502211962376,0.2678752628545603,0.26787497389852716,642
1.4126822290811192,0.017338884655993744,0.0016503632354222643,0.004008888094887172,0.0001865424617236752,0.2636580548294285,0.26365419895287473,643
1.4183533311889893,0.019691478205662208,0.0009151874341614363,0.004169038463684634,1.7689001495866426e-07,0.25042058294658565,0.2503913592278396,644
1.406310240588987,0.019611523295169492,0.0007980313060744863,0.004163034046811594,1.325479866888332e-05,0.2536407140328352,0.2536224426256583,645
1.432611058829393,0.01725380925841611,0.0017161547731187883,0.003998665695770594,0.0004011041658237444,0.27002758512211955,0.27002757539836486,646
1.4244560387084941,0.016784298434313283,0.0013753364729069456,0.003982914317615501,0.0003768127520835649,0.2694116653609,0.26941101885776925,647
1.4049727332605653,0.018847341453196585,0.0006568677134844705,0.004123027552405421,9.41445753379158e-06,0.2530682988012564,0.2530361658410883,648
1.4041919981325475,0.01856424063073364,0.0005681581150497029,0.004128568323203178,7.666949632665788e-06,0.252768925718156,0.25273718277527873,649
1.4153876470222977,0.01704659209964452,0.0012143021002441515,0.004004175700582104,0.0003069310918827877,0.267519448960592,0.26751557860681713,650
1.4068587545890023,0.017504945332525453,0.0009170648521700593,0.0040403363094887,0.00025523240655468975,0.2659759946968785,0.26596596315897664,651
1.420405681238623,0.02040719855764017,0.0010112332544269889,0.004194896035934522,2.326324204264317e-07,0.2504823198320891,0.2504205324265739,652
1.4162075558446985,0.019155884523266015,0.0007904937021876734,0.004158304573289558,1.4988703575456916e-07,0.2503871524709395,0.25032472086808394,653
1.4088206438948847,0.01667181857635934,0.0013074855394229607,0.003984617061326293,0.00021524979828537843,0.2646713938767037,0.2646558077416408,654
1.406139717865393,0.016899395874398246,0.0009171202406559692,0.004010293328282755,0.00025358043163993847,0.2659242089800385,0.265908098659731,655
1.4144333957992792,0.02072477934149464,0.0010778116883828994,0.004198672052136779,7.099877036682667e-06,0.2526645594451396,0.25259922940057167,656
1.409696425118458,0.019746131386310827,0.000776868419274836,0.004182260641429043,5.798835167252156e-06,0.25240807706837887,0.2523424929321274,657
1.4099761954371945,0.01670631815547342,0.0013042847368128626,0.0039894625605293495,0.00023101692094885644,0.26519924080172613,0.26518158580389156,658
1.4068876977513831,0.01660739455059966,0.001148107568479233,0.003992214940710392,0.00022235486024439998,0.2649115680008643,0.2648939141453395,659
1.4113500197786002,0.02012124065462499,0.000889731025791263,0.004175560195508743,6.452582551611246e-06,0.25254019340830797,0.25248002923692153,660
1.4062242312512563,0.01965701044918014,0.0007255264750592955,0.004174710009151441,1.1035423950019562e-05,0.2533219608591944,0.2532677659444212,661
1.4140396785771239,0.016820287480871783,0.001397849021621662,0.004000239249896666,0.00026306029032826487,0.26621913346416093,0.2662080455848532,662
1.4096912728783153,0.01663637258620315,0.0011747505679039424,0.00400054529634697,0.0002532348995062889,0.2659133560101661,0.265902855545575,663
1.4084153504813337,0.01973140031251366,0.0008550273789066224,0.004168191672556637,1.0521972160016504e-05,0.25324375895528883,0.2531975589538368,664
1.404839976753851,0.01923066660604193,0.0006307913143936249,0.004160180973103757,9.796322448027645e-06,0.25312990773794175,0.2530875815239745,665
1.4120871324251814,0.01669960866517448,0.0014014909443895935,0.003992865105724512,0.00024007866037421613,0.2654944719295049,0.2654875186581825,666
1.4075942577468799,0.016676492114900975,0.001096870958721997,0.0040078399219919585,0.0002413130845457524,0.26553425519765117,0.26552683960646606,667
1.4091625676687785,0.020171560871071186,0.0009220080535820699,0.00418549591044196,1.227600895600186e-05,0.25350371359503054,0.2534633956949454,668
1.4057811843517556,0.0192564957721336,0.0007107988921088129,0.004171602571435387,1.0421032747445264e-05,0.2532281624413039,0.253191435696732,669
1.4102489496016923,0.01663673963951742,0.0014048391303518593,0.00399446353257333,0.00021583645667022663,0.2646913735460721,0.26468617809122347,670
1.4062212491963775,0.01653306359685368,0.0011052580588877248,0.004003741319377359,0.0002236400141906581,0.2649545984296021,0.26494875017950953,671
1.409787709466703,0.020486908650558234,0.0009968495478806625,0.004185791744484606,1.464737917649467e-05,0.2538271894617976,0.25378985572145096,672
1.4066657251913979,0.019670737621215125,0.0007803977091079148,0.0041819735893155185,1.1879345468817242e-05,0.2534466426372366,0.2534107687383285,673
1.4076245926235138,0.016689704531791857,0.0013179865282743346,0.004006555482150256,0.00019562065097397717,0.2639864452586773,0.26398090367691285,674
1.404143508629009,0.01650780197951636,0.0010685988837043539,0.00401027078857182,0.00020228950223026673,0.26422285140997637,0.26421657390800635,675
1.409856077417102,0.020469597258284716,0.0010156528334387027,0.004186371842413062,1.5289612184826587e-05,0.2539101933692372,0.2538723148669955,676
1.4061424411070993,0.019824732541069742,0.0008093342644038441,0.004181511462105413,1.517953046976107e-05,0.25389609169165217,0.25386006120153404,677
1.4072559257724264,0.016645174925251135,0.0012971468935272694,0.0040103236525902775,0.0001954346455235909,0.26397979418745465,0.2639741799252544,678
1.403618271007039,0.01650594765580744,0.001071852126779104,0.004016631207664268,0.00019351689058835612,0.26391103484965645,0.263904436701658,679
1.4096917166955065,0.020277551678772935,0.001019737142524568,0.004190050965847899,1.5422056161830492e-05,0.2539270925838119,0.25388761237962665,680
1.4055650794892436,0.019708524431175888,0.0008033460146348938,0.00418408506920156,1.646068195852051e-05,0.25405717659937554,0.2540194626022537,681
1.4077125957420513,0.016635104895360756,0.0013225939653583518,0.004012563300089799,0.00019674976513176442,0.2640267517669546,0.2640212002179847,682
1.4043502666282484,0.01646253861934123,0.0011073104933396257,0.0040147885217476816,0.000197339768780986,0.26404776739489183,0.2640419598926977,683
1.408018563806208,0.020039810302743058,0.0009723134179150644,0.00418341474608265,1.7977043879393704e-05,0.25423993441923265,0.2542012988069288,684
1.4044018405668814,0.019431404779953438,0.0007676136418150456,0.0041807994423925625,1.7744776452180544e-05,0.2542124549198989,0.25417365148233223,685
1.4078235726426889,0.01664409962207742,0.001338528769697854,0.004017562756726962,0.0001946064826783358,0.2639501427475971,0.26394428154414973,686
1.4045109485287228,0.016482524604370455,0.0011089148017426687,0.00402183158081423,0.00019913057353091048,0.26411136327683865,0.26410583698466694,687
1.4069665002250829,0.020026319217821786,0.0009535451316898716,0.004183474403132295,2.1041071398892153e-05,0.2545870547630143,0.2545497704787988,688
1.4036332617066938,0.01926439170765096,0.0007529819447757958,0.004175783187169274,1.9212070164704357e-05,0.2543831575564545,0.254345359230864,689
1.4075691298761908,0.016582500043985874,0.001355509828333012,0.004016226649729422,0.00018751249651830838,0.26369352023835757,0.2636880259101179,690
1.4040715632130094,0.016462126175231646,0.001106475911499547,0.0040249384018632385,0.00019325444495918844,0.2639015986476084,0.26389656407148115,691
1.4068022461084277,0.020056559149263336,0.0009686036616869229,0.004187630351070249,2.2934610811166495e-05,0.2547890093768092,0.25475331830242964,692
1.403638742039125,0.019323864849499325,0.0007799903775419121,0.004179634603106584,2.1116135836525702e-05,0.25459522968267373,0.25455913931700586,693
1.4065283264525257,0.01650121565997904,0.0013174525067261716,0.004019481870644532,0.00018109420857442482,0.2634571248256983,0.2634521650697514,694
1.4031131541802753,0.016387514246460556,0.0010896245262820375,0.004027276213071758,0.00018306318382078595,0.2635300843981398,0.2635254799061674,695
1.406826316087527,0.019991489580911497,0.0009712251305161457,0.004189457728383729,2.2671430731437663e-05,0.25476145258628474,0.25472724151300735,696
1.4035334518151115,0.0193349842992234,0.0007994414946147882,0.004182759841869124,2.2944285367355064e-05,0.2547900193493717,0.2547562425748614,697
1.4058616415533178,0.016457079933342982,0.0012754542003330497,0.004023934470534724,0.00018127081005207612,0.2634636848615851,0.26345957307190404,698
1.4026115052310895,0.01633479634813221,0.001080022147404166,0.004030421717699362,0.0001779013560719121,0.26333796671430515,0.26333387683635673,699
1.4063313703326976,0.01981664883558995,0.0009428933707470279,0.004188978766212609,2.2159610185535883e-05,0.25470739951411986,0.25467445028481356,700
1.402921094188832,0.019179015933591715,0.0007867168557829777,0.004181622156413887,2.4209208010561078e-05,0.2549202853586516,0.2548883596961223,701
1.4057656761701163,0.016400836268764332,0.0012593834997772385,0.004026113303818635,0.00018467701761774912,0.2635895922535501,0.26358607189840066,702
1.4025505473177666,0.01630174789795457,0.00107670038616362,0.004033946855361424,0.00017829017306484094,0.2633525343311613,0.2633486304846329,703
1.4055481067414606,0.019633322611651523,0.0009063738771394611,0.0041892573360794725,2.2397734781250197e-05,0.2547326245130213,0.25469986493778435,704
1.402282073007428,0.018949957147160933,0.0007685085205855144,0.004179293851843335,2.489241263661803e-05,0.2549892296636473,0.2549580487148981,705
1.4054999139227444,0.016320289745448406,0.0012438519999628268,0.004026215963837134,0.0001854787900301541,0.2636190598071289,0.263615755236504,706
1.4022470395530904,0.01624824821106807,0.0010635399008656911,0.004036604694927236,0.0001773655024443776,0.2633178640346107,0.26331381666069154,707
1.4051796859206207,0.01953882426120002,0.000889414539528857,0.004191240068557007,2.2504763590786572e-05,0.254743918590236,0.2547103177586136,708
1.4021407966644335,0.018792197347274973,0.0007742204788048516,0.004180034381273049,2.526409610725812e-05,0.2550263402299544,0.2549946570129553,709
1.4047684987038174,0.016256178419103522,0.001207736461081033,0.004028829700199166,0.00018337941579620918,0.2635417656085242,0.26353821497047664,710
1.4016982421634614,0.016199348747086,0.0010423868940248472,0.004040130058922573,0.00017411351787638733,0.2631952081406997,0.26319071053652027,711
1.4049239167134029,0.019450220042714496,0.0008819539256277785,0.004192399983379468,2.2777382441443232e-05,0.25477256560368144,0.25473829714982077,712
1.4019227089216562,0.01866042812239017,0.000779991928918428,0.004179980785415804,2.618773092865709e-05,0.25511739493577124,0.25508586669764544,713
1.4043386147190817,0.016199020184831596,0.0011898149066331826,0.004031388502112166,0.00018163082057737318,0.2634770479177516,0.26347347211369815,714
1.4014382537411936,0.016154776650251564,0.0010390639265093519,0.0040430615375305675,0.00017110905038004317,0.26308086581156015,0.2630761970561818,715
1.4044783056615306,0.01929453164263018,0.0008741474162517569,0.00419244900583722,2.360433370369771e-05,0.25485842913951595,0.25482447210883935,716
1.4015271550166863,0.018559768060724364,0.0007787921429982909,0.00417996466762367,2.772756901723067e-05,0.25526569739134625,0.2552351066908118,717
1.4041747598856464,0.016137250729409795,0.0011871165395250095,0.004034266288346945,0.00018059405763924148,0.2634385288495148,0.2634351120219045,718
1.401327278186727,0.01610314123576789,0.0010433045647072177,0.00404522161156352,0.0001688464822402655,0.26299409412926755,0.26298953602965697,719
1.404021770708989,0.019089304862553686,0.0008706791610737435,0.004191633613784817,2.4578858705566713e-05,0.25495770700077836,0.2549249345502897,720
1.4011218333627111,0.018490756966774116,0.000771417621332137,0.004180227477941038,2.904069453577568e-05,0.2553889418753384,0.25535978122245334,721
1.404057670122717,0.016073599489629053,0.0011891546697004244,0.004036735988610829,0.00017917301108088987,0.26338555232632893,0.2633824084212014,722
1.401183548507117,0.016037110606614117,0.0010440578187538557,0.00404609217039238,0.000167201494976568,0.2629306417078414,0.2629264352672596,723
1.4036803755579497,0.018883170072078542,0.0008729969895572426,0.004190903601908982,2.5431202440146024e-05,0.25504293589490745,0.25501174448362773,724
1.4008217490957584,0.018460270629290995,0.0007616761653109769,0.004182396450882801,2.9782466748987842e-05,0.25545733146775856,0.25542923566365155,725
1.4038309440968448,0.016020476861781034,0.0011834533838486886,0.004040209464307289,0.0001776530488225624,0.2633286551768197,0.26332559167640485,726
1.4009786069857424,0.015975755398928055,0.0010361063251367506,0.004046841003834665,0.00016676001581343526,0.26291355937816663,0.2629096224707816,727
1.403299883912181,0.018698637498070377,0.000870268412032952,0.004189841253659314,2.6235274307247058e-05,0.25512203810091716,0.25509229094218566,728
1.4004605253008144,0.01841970787155347,0.0007433580169800076,0.004183642328365465,3.0053986935407112e-05,0.25548215167023014,0.2554548460446177,729
1.4035905627413112,0.015960303376915775,0.0011772509956717659,0.004042465158414551,0.00017613039038742628,0.2632714125241975,0.26326838906125505,730
1.4007337515388796,0.015914971245388803,0.0010235580610473537,0.004047904457226922,0.0001668542469634538,0.26291720739801966,0.26291349970527816,731
1.402928286507955,0.018577046321083635,0.0008627546831261683,0.004190677758868749,2.697780850184618e-05,0.25519401660585006,0.255165222089338,732
1.4001245178801565,0.018381759157696544,0.0007260877918737433,0.0041856233630704264,3.0298511149944616e-05,0.2555044083378638,0.25547733029709074,733
1.4032893434857705,0.015896568621832193,0.0011657229792983418,0.004044073343633242,0.0001749857122451742,0.26322821651792766,0.2632251383537754,734
1.4004673932174776,0.015855537409232373,0.0010106554409352907,0.004048966023201519,0.00016660835863336332,0.2629076860293921,0.26290410314397517,735
1.402550831155938,0.01851021490035927,0.0008479073429064743,0.004192137481071178,2.7465876889075267e-05,0.2552407897199826,0.2552125871313416,736
1.3998093784125893,0.018333162490574564,0.0007118933188420859,0.004187033824856957,3.064070527301967e-05,0.25553540470724767,0.25550853616126046,737
1.4029490100766118,0.015830415381691217,0.0011504563024591346,0.004044903615896565,0.00017418260463157047,0.2631978257539479,0.2631947627734414,738
1.4001591485266063,0.015796476919564564,0.0009974648922146333,0.004050487256619724,0.00016563348045239916,0.2628698671497572,0.2628663583282551,739
1.4022692561053265,0.018488678830284138,0.0008329803723856903,0.004194724273476119,2.7670184869771334e-05,0.25526024570431566,0.25523227202395976,740
1.3995990554009328,0.01828370296130002,0.0007053258941030023,0.004188887378293433,3.104776949685986e-05,0.25557205253895365,0.25554529709735546,741
1.4025560490531719,0.015767957325933037,0.0011310199293653779,0.004046017870754564,0.00017348605170045271,0.2631714103914673,0.2631683653169883,742
1.3998426436313316,0.015740447487204382,0.0009848059389363458,0.004052357466498507,0.00016427298540704072,0.26281690233274174,0.262813416593189,743
1.402016409264606,0.018472067463665698,0.0008186340091732284,0.004197037192618057,2.7788321160627805e-05,0.2552714629051742,0.25524370277672137,744
1.3994101981797544,0.018216455683807583,0.0007014106801203671,0.004190120484545186,3.1458668026627636e-05,0.2556088027266635,0.25558238676428674,745
1.4021704662972347,0.015705335816831565,0.0011127208132275614,0.004047183768633421,0.00017261689339310386,0.2631383748383544,0.26313539143319997,746
1.3995200242818504,0.01568251131592452,0.000972169031476039,0.004054708039611942,0.00016280434755194543,0.26275948069287874,0.262756001080323,747
1.401802398253517,0.01844155919136188,0.0008085861665872365,0.004199658822130423,2.797574729530424e-05,0.255289210460485,0.255261673629477,748
1.3992409131319885,0.01813772584733217,0.0006997952658127343,0.004191756334301916,3.189926154895029e-05,0.255647943125506,0.2556218851000783,749
1.4018025661642368,0.015643350039409767,0.0010959318449747812,0.004048781043010897,0.00017163692587866738,0.26310102766498367,0.2630980711671377,750
1.3992231108751256,0.015622943293943889,0.000961035681062036,0.004056868157081163,0.00016141005467955528,0.2627047256829715,0.2627012449221711,751
1.401562921539956,0.018378805023822414,0.000799850924971127,0.00420150998208525,2.8236141924115396e-05,0.25531376908833225,0.2552866571178292,752
1.3990432024489132,0.01804627457104854,0.0006971533940453183,0.00419313816975093,3.234513313659916e-05,0.2556872781835074,0.25566173475929427,753
1.4014636474845277,0.01558113262367653,0.0010810494885087575,0.004050737901529439,0.0001706596499045579,0.2630636767376018,0.263060741033859,754
1.3989313250112863,0.01556299016342722,0.0009495619147960604,0.004059219237569623,0.00016021058659060878,0.26265743206936576,0.26265394806666964,755
1.4013361032211393,0.018293851738406978,0.0007939182846352372,0.0042032913627913894,2.8541381712451737e-05,0.2553424134726219,0.2553157657758205,756
1.3988436444243053,0.017957387552797674,0.0006935401904331904,0.004194713160950534,3.272939811479342e-05,0.2557209612928942,0.2556958448448691,757
1.4011554415213803,0.015519080897690512,0.0010682324309480627,0.004052857881643312,0.0001696633553258735,0.2630254886789661,0.2630225315887136,758
1.3986691133805316,0.015504089231205541,0.0009388873917439084,0.004061292852492713,0.0001593354676665611,0.2626228153621354,0.2626193503455533,759
1.401092463545037,0.018196314664373926,0.0007885732553053677,0.00420468837768629,2.892699973328853e-05,0.2553783826317294,0.25535231077207166,760
1.3986280189404412,0.017876991034213918,0.0006876280216327012,0.004196209805890044,3.304897007461718e-05,0.2557488233643605,0.2557241110207331,761
1.4008729100033666,0.015457413612738261,0.0010573353791864676,0.004054901005275648,0.00016859269495569243,0.2629843249711216,0.26298133827523124,762
1.3984208894043886,0.015445806947223981,0.0009284224541586403,0.004063261761683599,0.00015866395485858865,0.26259618810825675,0.26259276401831944,763
1.4008482809858018,0.01810369281163328,0.0007833685910775157,0.004206282498197133,2.9366820443376228e-05,0.2554191162050076,0.25539356395034757,764
1.398410675150957,0.017807977664632157,0.0006806837451191843,0.004197968042358959,3.335909830422787e-05,0.2557757335728224,0.2557512918429246,765
1.4006046449893,0.015397374097129015,0.0010470835710615018,0.0040568312282402725,0.00016756850246938722,0.2629448253162948,0.2629418153278244,766
1.3981923177695912,0.015388614670271214,0.0009190112689418433,0.004064984149963945,0.0001580473850777781,0.2625716898258658,0.2625683388280793,767
1.4005861118655765,0.01802266430593609,0.0007760367327795948,0.004207756962346437,2.9800677868574856e-05,0.2554589997131869,0.2554339229319135,768
1.3981839184978242,0.017740692883200834,0.0006733031117226546,0.004199562697160243,3.3706862985499006e-05,0.25580576118915505,0.25578157450386135,769
1.400345142949139,0.015339555271779189,0.0010367381197559028,0.004058668094537584,0.00016668869096938714,0.2629107974567564,0.26290779971174505,770
1.3979675867089847,0.015332687524258324,0.0009099641438422315,0.004066897483687744,0.00015736593132571647,0.26254455783699515,0.26254126890997403,771
1.4003318761294328,0.017954370737406074,0.0007678175874940999,0.004209447984008768,3.0191731290991507e-05,0.2554947002912799,0.2554699303476112,772
1.3979629650607615,0.017669524402169935,0.0006668931767908129,0.004201069015165307,3.4096384136489226e-05,0.2558392109172806,0.2558152428498362,773
1.4000976773186478,0.01528314458260308,0.001026674765605333,0.004060380850923897,0.000165926011120845,0.26288122708133216,0.2628782636859031,774
1.3977566034508855,0.015277624918340222,0.0009019537452591707,0.004068786168496233,0.00015662253754549548,0.26251489263020245,0.26251164963898616,775
1.400077857248527,0.01788731956336497,0.0007592775768651854,0.004211030268362501,3.0565290976178336e-05,0.25552858851572247,0.25550407971922146,776
1.397744722149597,0.017591673009613788,0.0006613864559885563,0.004202425675900033,3.4521341050440226e-05,0.2558754864522387,0.25585179007624764,777
1.3998563348864286,0.015226702096998328,0.0010168563753029179,0.004062136442633792,0.00016520572132370506,0.2628532377758954,0.2628503080340544,778
1.3975473246276284,0.015222173193484153,0.0008942095045962824,0.004070794772540046,0.00015583052690564672,0.26248320979979295,0.2624799814075064,779
1.3998329814525028,0.017814039483843042,0.0007516106488898379,0.004212628116026102,3.092970973934654e-05,0.25556144852887686,0.25553718510317336,780
1.3975302558743965,0.01751081292035196,0.0006563787780320163,0.0042037793860570894,3.4957998768723776e-05,0.25591252896557165,0.25588912053869023,781
1.3996248940702523,0.015169580106235077,0.0010075935684978642,0.004063899442709867,0.00016452368352935212,0.2628266785852516,0.2628237755477951,782
1.3973474614454813,0.015166840586662414,0.0008869549425695974,0.004072702826043341,0.00015507451318210963,0.2624528917598327,0.26244969307196103,783
1.3995879296807605,0.01773212240163767,0.0007444346472448684,0.00421407060634364,3.1289686087234766e-05,0.2555937184490493,0.25556978530749597,784
1.397315534525112,0.017431482664708748,0.0006510608509080941,0.004205122118587448,3.537935345853428e-05,0.255948054594448,0.25592493875299027,785
1.3994025876365173,0.015112081031322507,0.0009987710550455882,0.004065726078733193,0.0001638935807668236,0.26280209282761313,0.26279921236566567,786
1.397153867827683,0.015111882277579005,0.0008797741821231452,0.004074625220403755,0.00015441653385564257,0.2624264449403537,0.26242329729434166,787
1.399345931470594,0.017647561022634217,0.0007374926956948387,0.004215511747994574,3.1639434936372176e-05,0.2556248942155717,0.2556013077489727,788
1.3971010870458254,0.017355845696083835,0.0006451552113264341,0.004206481553434644,3.5765785599553896e-05,0.25598045028401323,0.2559575930965593,789
1.3991921159223786,0.015055432567902793,0.000990460568832975,0.004067498471949538,0.00016332576945385065,0.2627798970830696,0.2627770564632378,790
1.3969712476842344,0.015057841075846488,0.0008729048586737277,0.004076450656252189,0.00015387194435812464,0.2624045130641281,0.26240144078139016,791
1.3991021463369855,0.01756607620556673,0.0007300999257520116,0.004216915052745604,3.19821892010347e-05,0.2556552797632862,0.25563199056081953,792
1.3968864385630184,0.0172816057236386,0.000638892034343926,0.004207842692869621,3.61292927635646e-05,0.2560107647403275,0.2559881140205689,793
1.398989512029946,0.015000014117184091,0.0009823987537973151,0.004069270544397117,0.00016281284501069604,0.2627598136746073,0.2627570228492114,794
1.3967945099092964,0.015003802059066358,0.0008662328022764915,0.004078288890726398,0.00015338641212580035,0.2623849268114834,0.2623819189826666,795
1.398861611260984,0.017489096516659933,0.0007224634625931977,0.004218337416251593,3.231560439334992e-05,0.25568468155601964,0.2556615860543757,796
1.3966738803885226,0.017205173221667543,0.0006327703986567612,0.004209192218068101,3.648131184294868e-05,0.25603997614589236,0.25601749723218414,797
1.3987952471267977,0.01494627733098458,0.0009746780567627929,0.0040710391393520935,0.0001623281363198193,0.26274080595252197,0.26273806866365323,798
1.3966248416898708,0.014949839852495395,0.0008599061042926237,0.004080105683685082,0.00015293598991344542,0.2623667291517784,0.2623637652229233,799
1.3986236124620277,0.01741274980451032,0.0007149619077612403,0.004219710445760377,3.265602039475435e-05,0.25571454463581783,0.25569157313392044,800
1.3964637792706582,0.01712626521642062,0.0006269148844968439,0.004210543247057606,3.683103924027369e-05,0.2560688581496253,0.25604652559350116,801
1.3986065463942736,0.014893473679324377,0.000967282301414214,0.00407288020781402,0.00016183523202215833,0.2627214477172277,0.2627187500193247,802
1.3964592259057207,0.01489593330595411,0.0008537791889043173,0.004081943821942124,0.0001525035686578632,0.2623492335251166,0.26234629516531965,803
1.3983886820240996,0.01733401390737324,0.0007078997352842558,0.004221030515533921,3.300914356486805e-05,0.2557453584365876,0.2557225027722238,804
1.3962544349062465,0.017047255145139956,0.0006210775319215557,0.00421187788043635,3.7180355537064355e-05,0.256097569641838,0.2560753858133173,805
1.3984257787599557,0.014841305323310848,0.0009603740018061795,0.004074739950567108,0.00016133950845386225,0.2627019490021753,0.2626992885976893,806
1.3963000050943473,0.014842673230767744,0.000847935486985441,0.004083754711970714,0.00015210257750821737,0.262332987371607,0.262330081397184,807
1.3981548779131634,0.017253720284670444,0.0007010892273609897,0.004222302189229916,3.337443062372024e-05,0.25577706072529277,0.255754336766418,808
1.3960455068073425,0.016970250413594654,0.000615095222036477,0.004213215658618014,3.7529558792891664e-05,0.2561261373468844,0.25610409363608144,809
1.3982525551183016,0.01478973556348238,0.0009538753524828617,0.004076614858047171,0.00016085797054753197,0.2626829795611099,0.26268036378262694,810
1.3961470450330808,0.014789912030174953,0.0008423982786708867,0.004085545812863955,0.00015172665621837972,0.26231773746344594,0.2623148781893198,811
1.3979218348441276,0.01717446310026787,0.000694231742270216,0.004223538387323756,3.374162848977469e-05,0.2558087544697443,0.2557861622217173,812
1.3958362801813353,0.016894431190560395,0.0006090153639210481,0.004214535580383267,3.788316287977919e-05,0.256154929965465,0.25613303522760655,813
1.3980874046440177,0.014739334407595239,0.0009477063644160843,0.00407848376131646,0.00016041488336559454,0.2626654997282221,0.2626629454950761,814
1.3959998914917378,0.014737459899902302,0.0008371719760495518,0.00408731956313438,0.00015136778901595602,0.26230316174875207,0.26230035159560383,815
1.3976905026442006,0.01709686650026362,0.0006872835226543165,0.0042247584772988536,3.410452415407615e-05,0.2558399078891774,0.25581741025632676,816
1.3956275800120823,0.01681811096639686,0.0006030047751633787,0.004215859922576707,3.824148094807205e-05,0.25618396967554596,0.25616222463144445,817
1.3979288492511595,0.014689719219432575,0.0009418089112787254,0.0040803646634632595,0.0001600050975413281,0.2626493121370819,0.2626468218868141,818
1.395857359465441,0.014684935270411696,0.0008322147189370511,0.004089080122943213,0.00015102103101326811,0.2622890614374438,0.2622862881946049,819
1.3974606935313534,0.017019181831647023,0.0006803771754676549,0.004225959437163353,3.446561483617231e-05,0.2558707422730156,0.255848317972844,820
1.395418996012732,0.016741037728839763,0.0005970429245004028,0.004217186049719885,3.8603144747012644e-05,0.2562131429041197,0.25619155343626193,821
1.397776184742356,0.014640449102325249,0.0009361909245408379,0.004082247221881497,0.00015962043067892448,0.26263409793688985,0.2626316631766801,822
1.3957188919755117,0.014632499818799641,0.0008274527184692641,0.004090827352586034,0.00015069522778781154,0.2622757984582597,0.26227305010653806,823
1.3972323645619897,0.01694045372623964,0.0006735977731189551,0.004227162433963679,3.4827031782753936e-05,0.25590144319491037,0.2558790876473223,824
1.3952107566789274,0.01666443361194435,0.000591018230262125,0.004218530019370767,3.896267929277624e-05,0.2562420092352364,0.2562205670638667,825
1.3976294261044329,0.014591254192538858,0.000930876571982331,0.004084115137531317,0.00015925969673779295,0.2626198136570154,0.2626174270835914,826
1.3955854994749817,0.014580303486667518,0.0008229163029275499,0.004092540554911862,0.0001504007902294053,0.26226379999141397,0.2622610766559971,827
1.3970042024642513,0.016861525624929433,0.000666801765151915,0.004228359671981817,3.518825367279646e-05,0.2559319687855548,0.25590969333047736,828
1.3950023494499155,0.01658876818523656,0.0005848634912864239,0.004219884013690786,3.9319226848981725e-05,0.2562705045131139,0.256249214711859,829
1.3974883588389675,0.014542374103334971,0.0009258140174119725,0.004085961438191379,0.00015893056144367874,0.2626067664943743,0.262604431054215,830
1.3954565763768407,0.014528241533375756,0.0008185758860247492,0.0040942284884830215,0.00015013700993177418,0.26225304084428736,0.26225034558981375,831
1.3967766417042058,0.0167835510123143,0.0006599169296025589,0.004229571021786628,3.554652011326008e-05,0.25596209024699057,0.25593990066695893,832
1.3947939043416175,0.01651327279650961,0.0005786479142546111,0.004221252115478478,3.967342261871824e-05,0.25629868419741125,0.25627756460270595,833
1.397352677060079,0.014493660197778004,0.000920998935786015,0.004087776287278321,0.0001586315140190863,0.2625949003179496,0.2625926196860117,834
1.3953320718493871,0.014476109730032546,0.0008144583160371983,0.004095882335466059,0.00014989827543534183,0.2622432951216305,0.2622406277041971,835
1.3965492459601947,0.016706065873855803,0.0006529623617611631,0.004230794563673241,3.5903330789451364e-05,0.255991938817232,0.25596985249941173,836
1.3945856712122953,0.016437509175300454,0.0005724321138838178,0.004222635079693228,4.002693055625524e-05,0.2563266840095152,0.25630575861542837,837
1.397220879631507,0.014444766173495988,0.0009163778549169201,0.0040895648570426395,0.00015835501303533344,0.2625839188266348,0.26258168945312776,838
1.3952108895687756,0.014423918055914725,0.0008105002389753367,0.00409751999391496,0.0001496809923203632,0.262234418348265,0.26223177550774046,839
1.3963223663051798,0.016628430597567644,0.0006460169214705614,0.004232048695885304,3.625990004987079e-05,0.2560216193876623,0.255999660358084,840
1.3943780529071843,0.01636202443587002,0.0005661936472566427,0.004224032080824356,4.037838498453426e-05,0.25635439886885725,0.2563336773567025,841
1.3970927537413396,0.014395533698244306,0.0009119624303663212,0.004091312607265032,0.00015809629002770296,0.2625736347182389,0.2625714498458996,842
1.3950935416633907,0.014371959438215964,0.000806717346321587,0.00409913583112759,0.00014948530267151625,0.2622264182274089,0.26222380053142497,843
1.3960957506077072,0.016551016344115703,0.0006390410792027059,0.004233334261172242,3.661640903355132e-05,0.256051149397722,0.25602934124898696,844
1.3941716566006763,0.016287277697813025,0.0005599458457730368,0.004225443091045383,4.072842829803007e-05,0.2563818828176354,0.25636136698368234,845
1.3969674615415142,0.014346123973657726,0.000907684664105314,0.004093029236830522,0.00015785613211511271,0.262564081029471,0.2625619367527696,846
1.394979362316337,0.014320293727177271,0.00080307744596683,0.004100746229176344,0.00014930589121141987,0.26221907898376223,0.2622164878134246,847
1.3958700670676112,0.016474448992653073,0.0006320178073441512,0.004234656594851736,3.697062497945731e-05,0.2560803474390414,0.25605870460676533,848
1.3939667866569927,0.01621289904156009,0.0005537406081865812,0.004226861448754604,4.107780196902879e-05,0.2564091966711148,0.2563888920747207,849
1.3968448702669303,0.01429661281891231,0.0009035390287801422,0.004094713480828396,0.00015763220332745388,0.26255516639983134,0.2625530604076316,850
1.3948681379325707,0.01426892321770737,0.0007995829412214893,0.00410235246187158,0.00014913700657608698,0.2622121663342786,0.2622096017543726,851
1.3956457356696665,0.016398532338194462,0.0006249938075947429,0.004236014941671308,3.732300610687083e-05,0.25610925577356775,0.2560877953796984,852
1.3937641484981258,0.01613877071476886,0.0005476395877735949,0.004228289770703661,4.142733743056307e-05,0.2564364071834031,0.25641632130926134,853
1.3967239158902178,0.014246895364268977,0.0008994814100799542,0.0040963762433114965,0.00015741828021623952,0.262546644181463,0.26254457218499955,854
1.3947591387781562,0.01421790005974759,0.0007961952005642332,0.004103966856209995,0.0001489741249478319,0.2622054956862813,0.26220295831629614,855
1.3954233497092858,0.01632298218573586,0.0006180296680969712,0.0042374090011789035,3.767356885746945e-05,0.2561378798340689,0.2561166223373937,856
1.3935642230647645,0.016065178939439987,0.0005416459434304608,0.004229719464731821,4.177582347392536e-05,0.25646342196316513,0.256443554637313,857
1.3966045492318235,0.014197085476613516,0.0008955141376469464,0.004098018046517744,0.00015721036857656754,0.26253835589607216,0.2625363143031297,858
1.3946523627350738,0.014167421386284353,0.000792906448668925,0.004105591408555672,0.00014881559078902147,0.26219899958148296,0.2621964923521775,859
1.3952035328044572,0.01624807124878117,0.0006111460230516627,0.004238831525786632,3.802208491138647e-05,0.2561662050656288,0.25614516299749557,860
1.393367603321411,0.015992284705919797,0.0005357869347435791,0.0042311504215647566,4.212309423905779e-05,0.25649023067687565,0.2564705775667944,861
1.3964864295394563,0.014147430625415527,0.0008916053004664497,0.004099653645066559,0.00015700642324710903,0.26253022039898377,0.26252820831015544,862
1.3945472375138261,0.014117476320040439,0.0007896912106863587,0.004107231987091851,0.00014865723985541752,0.2621925075294386,0.2621900325624851,863
1.3949870382074283,0.016174012578612385,0.0006043702779768402,0.004240274100757911,3.836762207201673e-05,0.2561941603201739,0.2561733363152006,864
1.3931744958635102,0.01591989247013214,0.0005300881343359545,0.004232580887500599,4.2468818341507914e-05,0.2565168104423489,0.256497368249328,865
1.3963694210487132,0.014098055733470477,0.0008877501970744209,0.004101290941421671,0.0001568024819251556,0.2625220797763453,0.26252009617506444,866
1.3944433217058523,0.01406803680552379,0.0007865299591034393,0.004108890099685713,0.00014849612825941995,0.26218589874647824,0.26218345617157374,867
1.3947744392249122,0.0161006109117757,0.0005977588356122495,0.004241732728965147,3.871076160401995e-05,0.25622179729692474,0.2562011917516182,868
1.3929853128811143,0.015848061908195942,0.0005245688779573949,0.004234015234562463,4.2812335292207447e-05,0.25654311357781656,0.2565238767524098,869
1.3962530585970758,0.014049021412355048,0.0008839274699428087,0.004102939993152843,0.0001565941792305871,0.262513759596164,0.2625118027538196,870
1.3943401300701286,0.014019115474313941,0.0007833949978337772,0.004110568175167907,0.00014833033602633375,0.2621790942202749,0.26217668415408496,871
1.3945662191188346,0.01602782498538842,0.0005913443535523633,0.00424320075213621,3.90511607991666e-05,0.2562490927980921,0.2562287026725953,872
1.392800245059373,0.0157769642106259,0.0005192216859505885,0.004235452335447474,4.315228149824194e-05,0.256569039617649,0.25654999921856186,873
1.3961372461362194,0.01400047381372233,0.0008801276697491965,0.004104605827289141,0.0001563794636389669,0.2625051774733095,0.2625032467912378,874
1.3942373126783891,0.013970714322146563,0.0007802657921464114,0.0041122645531552005,0.00014815880561101416,0.2621720501810917,0.26216967256053186,875
1.3943628349235546,0.015955838670195073,0.0005851417092410079,0.0042446727202248135,3.93883998861154e-05,0.25627601783666326,0.25625583456826834,876
1.392619450702172,0.015706565812887027,0.0005140578073936473,0.004236896074761045,4.348811472429651e-05,0.25659455189715696,0.25657570181776607,877
1.3960216258236813,0.01395247172504843,0.0008763294400148303,0.00410629352574206,0.00015615632657524033,0.26249625250125974,0.2624943482024008,878
1.3941343048925667,0.013922721340226079,0.0007771190055381378,0.004113976846358485,0.00014797902246228313,0.262164662858554,0.2621623164237763,879
1.3941646135581647,0.015884624943304605,0.0005791705026060114,0.004246146924372432,3.972175436961697e-05,0.25630251968419115,0.2562825347962077,880
1.392443046885806,0.015636861670967398,0.0005090814079024275,0.004238350572268841,4.381889305392151e-05,0.25661958405444946,0.2566009208316799,881
1.3959057155880985,0.01390496467351121,0.0008725108428740175,0.004108003923509642,0.00015592247968846607,0.2624868923150825,0.26248501381073014,882
1.3940306256325008,0.013875097445364066,0.0007739280259698469,0.0041157044824855354,0.00014778991544247682,0.2621568875721739,0.2621545708273948,883
1.3939717722139517,0.015814121777017246,0.0005734479373153426,0.00424762648046,4.005072020053417e-05,0.2563285638339622,0.25630877199665153,884
1.3922712598593656,0.015567971482767208,0.0005042934924608419,0.004239819520010706,4.414340688324534e-05,0.25664405048771044,0.2566255706029907,885
1.3957890124794612,0.013857925531029611,0.0008686447884720695,0.004109737552535866,0.00015567637798723734,0.26247703402204375,0.262475180798166,886
1.3939258278644233,0.013827818559266142,0.0007706687128159705,0.004117447808440455,0.00014759002745152636,0.2621486636076371,0.26214637536403446,887
1.393784555895622,0.01574444658445501,0.0005679745649074587,0.004249114061283939,4.0373991222808045e-05,0.25635405313345805,0.25633444850926357,888
1.3921042553739422,0.01549992485643992,0.0004996991976366978,0.0042413058648330185,4.4460708335785695e-05,0.25666788634694576,0.25664958718152725,889
1.395671089403579,0.013811323547043407,0.000864706269751898,0.004111493505975221,0.0001554174696531578,0.26246665430872124,0.2624648258155597,890
1.3938195353922724,0.013780843208584274,0.0007673215949784787,0.004119205866243865,0.00014737823695582463,0.26213994386131273,0.26213768244408675,891
1.393603061852556,0.015675620572145076,0.0005627512949895142,0.004250612954339146,4.0690668698905105e-05,0.25637892378845406,0.25635950212823105,892
1.3919421613994225,0.015432702557913115,0.0004953059701005783,0.004242811889980578,4.477004983093592e-05,0.256691042507034,0.2566729229269042,893
1.3955514709251282,0.013765058981346112,0.0008606730592954061,0.004113269900204425,0.00015514468376922976,0.26245570888264613,0.2624539037825651,894
1.393711426578796,0.01373414322550698,0.000763869551101518,0.004120979955087384,0.0001471535840574738,0.26213068769928044,0.2621284514159897,895
1.3934273371960155,0.015607610726103033,0.0005577805327310348,0.0042521278031705575,4.099996113815866e-05,0.25640312120283215,0.25638388084971275,896
1.3917851049029688,0.015366370231666789,0.0004911143945955602,0.004244337989882872,4.5070601520086454e-05,0.2567134641966787,0.2566955215624557,897
1.3954299199731344,0.013719100313970512,0.0008565312528273958,0.004115065502766597,0.00015485794700556048,0.26244419330473295,0.26244241011390945,898
1.3936014122550482,0.013687747055896355,0.0007603042127170949,0.004122771198323456,0.00014691619185225392,0.2621208989704664,0.262118686730702,899
1.3932573595076658,0.015540450280665216,0.0005530560809785864,0.004253660029205387,4.13012146812548e-05,0.2564266021100777,0.25640754140117644,900
1.3916330946946964,0.015300922408582485,0.0004871242451016995,0.004245884586262281,4.536184863674085e-05,0.25673512053617015,0.2567173519313577,901
1.3953063471148845,0.013673442490726564,0.0008522736075078231,0.004116881022860758,0.0001545576599644477,0.2624321221022176,0.2624303595530065,902
1.3934894465303473,0.013641643511416614,0.0007566222259303321,0.004124580522775292,0.00014666630365449632,0.262110586429009,0.26210839712482403,903
1.3930930254400802,0.01547413012680651,0.0005485714925650063,0.00425521030253188,4.1594111838302706e-05,0.25644934972212724,0.2564304666753396,904
1.391485985169641,0.015236327080742733,0.000483328908323543,0.0042474518206308855,4.564362687914951e-05,0.256756006725807,0.25673840909881523,905
1.3951808817877136,0.013628073634753888,0.000847905805050777,0.004118715701407978,0.0001542448762517554,0.26241953607232393,0.26241779274656485,906
1.3933757079433817,0.013595833683639315,0.0007528308049815091,0.00412640689806701,0.0001464054448690711,0.26209981176998515,0.2620976444641127,907
1.392934039564394,0.015408569607737335,0.0005443158536914438,0.004256777518501816,4.187883741679968e-05,0.2564713860506695,0.2564526790359728,908
1.3913435000579173,0.015172583513701368,0.0004797114821289628,0.004249039164145325,4.591590983703452e-05,0.25677612793836085,0.2567586971610148,909
1.3950538480534946,0.013583008104592231,0.0008434420457920096,0.004120569520915354,0.0001539215638094664,0.26240651295930756,0.2624047876769103,910
1.3932605026984963,0.013550314531884659,0.0007489436502337607,0.004128248810691961,0.00014613597708429716,0.26208867143586495,0.26208652538877214,911
1.3927800029433854,0.015343739451257703,0.0005402683396513162,0.004258359168040131,4.2155734397295444e-05,0.2564927447506656,0.2564742105542285,912
1.3912051692671978,0.015109642258641998,0.00047624805164964276,0.0042506461934789805,4.6179098466200335e-05,0.25679552047058946,0.25677825242253,913
1.3949257746507624,0.013538265958836618,0.0008389065409378703,0.0041224408959958285,0.00015359077700924346,0.26239317461384465,0.2623914665002307,914
1.3931442706330017,0.013505058931151392,0.0007449827644245829,0.004130102201738497,0.00014586105470760764,0.2620772950078901,0.2620751693519035,915
1.3926303422943518,0.015279554509291974,0.0005364024856960882,0.004259953027903925,4.24254677529919e-05,0.25651348353440706,0.2564951185274711,916
1.391070409782968,0.015047442899877573,0.00047290925461186293,0.004252273087868562,4.643383760776284e-05,0.25681423785964086,0.2567971289384342,917
1.3947972356526706,0.01349382690605602,0.0008343277011674448,0.004124326729094653,0.00015325608081846845,0.2623796640026484,0.26237797217015724,918
1.3930275376588475,0.013460036937195986,0.0007409746041740017,0.004131962883840495,0.0001455844184556526,0.26206583683196705,0.262063730726618,919
1.3924843586557842,0.015215929346726302,0.0005326843274144951,0.004261557877613935,4.268884026953212e-05,0.2565336697398577,0.25651547066834884,920
1.3909385668541585,0.014985935794523413,0.0004696610955517614,0.004253918819270828,4.6680977878587506e-05,0.256832347903802,0.25681539468129244,921
1.394668907647662,0.013449677400704572,0.0008297381627242686,0.004126222524379771,0.0001529218257335354,0.2623661564656742,0.26236448031649645,922
1.3929109127079906,0.013415225728730584,0.000736949972451151,0.004133825913306713,0.00014531013581469828,0.2620544653890041,0.2620523781716973,923
1.3923412964511428,0.015152802351148418,0.0005290740635155742,0.004263172773862126,4.294663246864857e-05,0.25655336802481354,0.2565353317507488,924
1.3908089564199844,0.014925045945269198,0.000466470547614818,0.00425558277161286,4.6921592240344385e-05,0.25684993373985066,0.25683313382218587,925
1.3945414279752926,0.013405779327375836,0.0008251693750008196,0.004128122806057136,0.0001525924813304905,0.26235283292732847,0.26235117194902186,926
1.3927949950026728,0.013370599862587953,0.0007329398685603427,0.004135686730109618,0.000145042083913626,0.26204334189141976,0.26204127297425533,927
1.3922003820235878,0.015090104401677028,0.0005255311810970284,0.004264798126171743,4.3199621921669075e-05,0.25657264192860596,0.25655476641144587,928
1.390680951894553,0.014864704299016828,0.0004633077060244051,0.004257263169739324,4.7156773105972816e-05,0.2568670789354698,0.25685043033634525,929
1.3944153776144779,0.013362089605952365,0.0008206502893973205,0.004130021898244234,0.0001522722799599808,0.26233986547576515,0.2623382192447526,930
1.3926803475057612,0.013326150344844514,0.0007289730262886431,0.0041375418494337774,0.00014478376035438387,0.2620326123661649,0.26203056142529046,931
1.3920609312729437,0.015027788176448512,0.0005220183699625951,0.004266434699534557,4.344843637792666e-05,0.25659154279193624,0.25657382656629496,932
1.3905540265238052,0.014804856825687164,0.0004601475824208872,0.004258958255970934,4.7387537550761525e-05,0.256883860657419,0.2568673615122513,933
1.3942912292469833,0.013318575268710452,0.0008162039712446175,0.0041319148183199825,0.00015196485343901416,0.2623274025422639,0.26232577074975383,934
1.392567430788651,0.013281877127700474,0.0007250730907611086,0.004139388845318028,0.00014453785171921385,0.2620223896010408,0.26202035647787714,935
1.3919223970079662,0.01496583906668316,0.0005185039228395574,0.004268083402692211,4.369353834318196e-05,0.25661010879964785,0.25659255049881446,936
1.390427785252745,0.014745440691611588,0.0004569736544851409,0.004260666216359689,4.761478174904455e-05,0.25690034649485405,0.25688399497695524,937
1.3941693096872652,0.013275210392360256,0.0008118463757374503,0.004133797890843859,0.00015167285362884417,0.26231555332207385,0.26231393572330447,938
1.3924565576762995,0.013237782025605526,0.0007212563688900938,0.004141226224216801,0.00014430610364799023,0.26201274754783394,0.2620107321320871,939
1.3917843973264206,0.01490424557813016,0.0005149658794771726,0.004269745323158701,4.393524649556517e-05,0.2566283668045428,0.2566109650275868,940
1.390301981360608,0.014686432893136966,0.00045377502128647596,0.0042623856505742365,4.7839155641483345e-05,0.25691658554790464,0.2569003795166033,941
1.39404977919821,0.013231976836413858,0.0008075852809218898,0.004135668368684402,0.00015139781191349222,0.2623043818176084,0.26230277819343767,942
1.3923478934225373,0.013193875920515269,0.0007175315437071275,0.004143053712538626,0.00014408924711996874,0.2620037180540018,0.26200172030401253,943
1.391646737521209,0.014843037723342849,0.0005113905629797607,0.004271421308640293,4.417368859618517e-05,0.2566463289563627,0.2566290816758383,944
1.3901765210149708,0.01462780133940571,0.00045055030831176325,0.004264115406336561,4.806109525929645e-05,0.2569326109987,0.25691654804003844,945
1.393932642814515,0.013188872093686266,0.0008034206746478252,0.004137525447722615,0.0001511400728434708,0.26229390388946777,0.2622923141124236,946
1.3922414302024047,0.013150160620287238,0.0007138991619401269,0.004144871385353378,0.00014388696648020652,0.26199528934541416,0.26199330906343,947
1.391509379035546,0.014782247022391264,0.0005077740565355059,0.004273112275710926,4.44089038150163e-05,0.25666400058636074,0.25664690530926365,948
1.3900514311215006,0.014569552404677708,0.00044730250555865625,0.0042658551777240315,4.828083155667654e-05,0.2569484409443181,0.2569325186192763,949
1.393817738268588,0.01314588523566963,0.0007993453698736438,0.004139368498188751,0.00015089881383841824,0.2622840878309469,0.26228251165621586,950
1.392137046784344,0.013106648668492418,0.0007103538160869887,0.0041466807114900195,0.00014369808995037998,0.261987413814096,0.26198545076899743,951
1.3913724150165496,0.014721924047001225,0.0005041196425405909,0.004274819191027716,4.464087900007339e-05,0.25668138301551957,0.2566644369134799,952
1.3899268586151083,0.014511679104411824,0.00044404260075871086,0.004267604268908641,4.8498447538752255e-05,0.2569640826774782,0.25694829827406146,953
1.3937048291397083,0.013103027861800757,0.000795348501795906,0.004141199065821762,0.0001506722794305169,0.26227486372350084,0.2622733009916493,954
1.3920345213374765,0.01306334465951801,0.0007068857831899244,0.00414848310336783,0.00014352072549210688,0.26198001358480477,0.26197806736240514,955
1.3912360248703441,0.01466211802015974,0.0005004367366482537,0.0042765425325816675,4.486964724175407e-05,0.25669848096524533,0.25668168097028626,956
1.3898029965386796,0.01445420584983772,0.00044078244677011946,0.004269362742585819,4.8713983760893595e-05,0.2569795403688849,0.2569638914084301,957
1.393593593062864,0.013060298479519982,0.00079141643961519,0.004143018250364733,0.0001504579586167907,0.2622661305478456,0.26226458088786114,958
1.3919336094356827,0.013020270059110313,0.000703483749800651,0.004150281414652219,0.00014335258748895223,0.2619729940904083,0.2619710642832305,959
1.3911004357548615,0.014602868639660876,0.000496739358191267,0.004278282359726809,4.5095362154066685e-05,0.2567153080461038,0.25669865116976004,960
1.3896800863113186,0.014397132990240624,0.00043753841541346677,0.004271129608624929,4.8927449834432616e-05,0.25699481592570045,0.2569792996279651,961
1.3934837490093257,0.013017728124092636,0.0007875373375115902,0.0041448295734943155,0.00015025292825182276,0.26225777011743256,0.26225623325610015,962
1.391834045668948,0.012977435370584583,0.0007001361513952141,0.004152077776295868,0.00014319119645882846,0.26196625239825855,0.2619643384548265,963
1.3909658891161187,0.014544209215432065,0.0004930436754195027,0.004280037774410141,4.531831893957776e-05,0.2567318882150239,0.2567153714312875,964
1.3895583381404957,0.01434048866756105,0.0004343233389163953,0.004272904737339483,4.913890593327655e-05,0.2570099148306721,0.25699452866806144,965
1.3933750107044156,0.012975332821172586,0.0007837003269033352,0.004146635513561494,0.00015005409680561587,0.26224965700767233,0.2622481324626221,966
1.3917356081966936,0.012934868005669247,0.0006968328967073944,0.004153875409440969,0.0001430341802931837,0.2619596898075654,0.2619577912570899,967
1.390832615781968,0.014486145493540164,0.0004893677706631172,0.004281807070967463,4.553895004242791e-05,0.2567482553332271,0.25673187573874245,968
1.3894379484047625,0.014284274079525686,0.00043115080842763575,0.004274687086680896,4.934841590489996e-05,0.25702484276727244,0.25700958399795126,969
1.3932671876868024,0.012933159445525665,0.0007798983917622355,0.004148440536167734,0.00014985853037616486,0.2622416718783083,0.2622401593019564,970
1.3916380817230025,0.01289257490209898,0.0006935649879171533,0.00415567591642146,0.00014287938986380823,0.26195321671617344,0.26195133296032014,971
1.390700814450546,0.01442868508542985,0.000485727685309061,0.004283588114052653,4.5757743616710305e-05,0.25676444702963297,0.25674820180872293,972
1.3893190514898102,0.014228514764441265,0.0004280288833243595,0.004276476599697815,4.955606529738493e-05,0.2570396068993506,0.25702447307956733,973
1.3931600966034223,0.01289123037987044,0.000776125528591177,0.004150247266618829,0.0001496636147913842,0.26223370813741215,0.26223220702467814,974
1.3915413028392083,0.01285057521972687,0.0006903251021472592,0.004157481593200357,0.00014272503893558627,0.261946758511646,0.26194488905617114,975
1.3905706542794052,0.01437180604746938,0.00048213919317755167,0.0042853784399319705,4.5975156046110474e-05,0.2567804982151838,0.2567643846977929,976
1.3892017554086595,0.014173219817171656,0.00042496462941879964,0.0042782728020807044,4.976189228201227e-05,0.25705421096098013,0.2570391996572868,977
1.3930536201919383,0.012849582813645044,0.0007723776723045388,0.004152059216360848,0.00014946723723016043,0.2622256794179367,0.2622241893766123,978
1.3914451068529212,0.012808866435249346,0.0006871062897591026,0.004159293060156757,0.00014256967816689894,0.26194025452688924,0.26193839879439546,979
1.390442263260641,0.01431550465516913,0.00047861329643301054,0.004287176265777638,4.61915126078553e-05,0.25679643381545464,0.2567804496166742,980
1.3890861280270905,0.014118409443162812,0.0004219615550165599,0.00428007588223628,4.996589570763979e-05,0.2570686558628667,0.25705376492244675,981
1.3929476315206584,0.012808228245038961,0.0007686501866999485,0.004153878069080754,0.0001492678094034172,0.26221752059148734,0.26221604115161024,982
1.3913493614401922,0.01276745358709155,0.0006839023591185631,0.00416111139893652,0.00014241219721711963,0.2619336581657562,0.2619318156769125,983
1.3903157457783066,0.014259756620294719,0.00047515965323605613,0.004288980083040349,4.640695286867749e-05,0.25681226488538705,0.25679640785234836,984
1.388972222693368,0.014064104132681839,0.0004190217800916521,0.004281885994415676,5.016800335625257e-05,0.2570829374807528,0.25706816486429007,985
1.3928420257514353,0.012767178022870479,0.0007649382660263501,0.004155705381060165,0.0001490643042174232,0.2622091893349814,0.2622077200818097,986
1.3912539357415419,0.012726330725545472,0.0006807071744638767,0.004162936833798491,0.0001422517586248795,0.2619269341670389,0.2619251044522425,987
1.3901911765026493,0.0142045605681742,0.0004717831830294677,0.004290789360402331,4.662140499270851e-05,0.25682798689166203,0.2568122551094769,988
1.3888600778533227,0.014010316692523709,0.0004161467553904935,0.004283703425711462,5.036810332792981e-05,0.25709704891683366,0.2570823927079458,989
1.3927366946068447,0.012726430340906076,0.0007612363331093031,0.0041575418161996615,0.00014885616722507957,0.26220066257319985,0.26219920309808714,990
1.3911587144967823,0.012685492274671077,0.0006775150075044594,0.0041647696233179776,0.00014208774804376834,0.26192005654532596,0.2619182391740774,991
1.3900686088049663,0.014149908286614337,0.00046848685098647774,0.004292604093432998,4.68346241869718e-05,0.2568435827011129,0.25682797439946625,992
1.3887497214343139,0.013957068372599706,0.0004133365244456391,0.0042855285545240936,5.056605780635133e-05,0.25711098149388334,0.2570964397939953,993
1.3926315360354256,0.01268597717796763,0.0007575383863394985,0.00415938741545423,0.00014864327043586414,0.26219193464696494,0.26219048455866417,994
1.3910636004790107,0.012644933799490315,0.0006743207611254914,0.004166610026838576,0.00014191973157011396,0.26191300682322116,0.2619112014067566,995
1.3899480768300692,0.01409580276519086,0.0004652708177375048,0.004294424729516733,4.7046230013254886e-05,0.25685902544194544,0.25684353877760835,996
1.388641171514307,0.013904364684261027,0.0004105916083960903,0.004287361693789367,5.076174161859908e-05,0.2571247274767951,0.2571102984386473,997
1.3925264562652033,0.012645806511542975,0.0007538384771159727,0.004161242015878844,0.00014842574723168038,0.26218301059802873,0.2621815695147753,998
1.3909685073906497,0.012604647181342667,0.0006711199580954981,0.0041684580837181035,0.00014174739783801685,0.2619057716187577,0.2619039777409012,999
1.3898295908071228,0.01404224955701633,0.0004621333133898428,0.0042962522926629585,4.725579535594891e-05,0.25687428507962456,0.25685891826564067,1000
1.3885344418027168,0.013852213794966366,0.00040791211819615064,0.004289202936303787,5.095504807526687e-05,0.25713828047048215,0.25712396212877314,1001
1.3924213754480301,0.012605906005954983,0.0007501311083401085,0.004163105222884081,0.0001482039060729986,0.2621739026640186,0.2621724702378399,1002
1.3908733722203142,0.012564629359212102,0.0006679091226494331,0.004170314124235001,0.0001415705146870961,0.26189834083757463,0.26189655808187223,1003
1.389713154021603,0.013989255247371636,0.00045907200843288583,0.004298087622036431,4.746288902193992e-05,0.25688933153665433,0.2568740825591408,1004
1.388429534928725,0.013800612491487115,0.0004052984732323911,0.004291052482546468,5.114591525598467e-05,0.25715163724303636,0.2571374277665601,1005
1.3923162187687412,0.01256625873610083,0.0007464114497129431,0.00416497647005515,0.00014797804128984088,0.26216462252969,0.2621631983543228,1006
1.390778146428213,0.012524878225506193,0.0006646855066491405,0.004172178556974826,0.00014138891048016934,0.26189070689573035,0.2618889348258957,1007
1.3895987543946446,0.01393682179153231,0.0004560844396730676,0.004299931810163086,4.766715930344261e-05,0.25690414073606865,0.2568890076767218,1008
1.3883264599407632,0.013749558333594912,0.0004027513842138838,0.004292909988874173,5.133428218143965e-05,0.2571647946363758,0.25715069196716767,1009
1.392210941700662,0.012526861246607308,0.0007426759401560543,0.004166855856178361,0.00014774841023219732,0.2621551803866581,0.2621537641410429,1010
1.3906827935661494,0.012485392489845353,0.0006614470534369867,0.0041740517862852745,0.00014120243177046847,0.26188286294503427,0.2618811010870026,1011
1.389486387598857,0.013884956307594492,0.00045316868450329855,0.004301785323504959,4.786832985887035e-05,0.2569186942307686,0.25690367491473787,1012
1.388225210988891,0.013699036839973273,0.0004002716478492017,0.004294775585113965,5.152011975063614e-05,0.25717775171976825,0.25716375405784353,1013
1.3921054928985852,0.012487700293582347,0.0007389217047927327,0.00416874309950479,0.00014751508374268775,0.26214557877347505,0.26214417000969786,1014
1.390587288491228,0.012446173905316594,0.0006581920750767582,0.004175934418287209,0.00014101099530381065,0.2618748050638236,0.2618730529444321,1015
1.3893760396607608,0.013833647562132475,0.0004503242494988558,0.0043036487222948136,4.8066251726281974e-05,0.25693298288807076,0.2569180753839938,1016
1.3881257955079354,0.013649049177172752,0.00039785945865632286,0.004296648755801045,5.170334050305816e-05,0.25719050349440553,0.2571766086406524,1017
1.3919998620103486,0.012448785884471807,0.0007351471996781113,0.00417063901518471,0.00014727810520576232,0.2621358190990869,0.2621344175292618,1018
1.3904916068558182,0.012407220864442145,0.0006549191138671276,0.0041778267241389805,0.0001408145288432104,0.26186652977256664,0.2618647868671511,1019
1.389267715354433,0.01378289937284109,0.00044755095677287865,0.004305521624410144,4.826081874979916e-05,0.25694700070172727,0.25693220264810906,1020
1.3880281936606036,0.013599573262486803,0.0003955151335012792,0.004298530089056197,5.188388740088466e-05,0.25720304709139713,0.2571892534029053,1021
1.3918940027109887,0.012410101940464258,0.0007313507140033655,0.004172543282851899,0.0001470373083062949,0.2621258941239933,0.2621244991954779,1022
1.3903957290904818,0.012368533559173467,0.0006516266093413057,0.0041797290958991125,0.00014061308180746213,0.26185803869986357,0.2618563045145058,1023
1.3891613951792818,0.01373268988621709,0.00044484951510581665,0.004307404486760636,4.8452022182521515e-05,0.2569607486797414,0.2569460583455722,1024
1.3879324176912684,0.013550623757035642,0.00039323777833106914,0.004300418746062117,5.206158789808566e-05,0.25721537163963754,0.2572016765988355,1025
1.391787937510389,0.012371675872824596,0.0007275318400609326,0.004174457501904666,0.00014679271662605873,0.2621158044151455,0.262114415966153,1026
1.3902996273759949,0.012330103924782171,0.0006483130975267796,0.004181641222401641,0.000140406653500892,0.2618493313524811,0.2618476052896016,1027
1.3890570937709508,0.013683032007938774,0.0004422198545964947,0.004309296242553028,4.8639788057050165e-05,0.2569742231149462,0.2569596379031996,1028
1.3878384226855778,0.013502165983245596,0.00039102706184650855,0.004302316341585804,5.223638036953531e-05,0.25722747399646206,0.2572138764016273,1029
1.3916815851170279,0.01233346594810432,0.0007236884201747031,0.004176380022116806,0.00014654406742538434,0.2621055387085988,0.26210415595052894,1030
1.390203289171924,0.012291934927530349,0.0006449769445811913,0.004183563591789339,0.00014019544240113647,0.2618404156346446,0.26183869725779924,1031
1.3889547689782267,0.013633889419615108,0.0004396624906526145,0.004311198142621694,4.882413954286569e-05,0.2569874272477691,0.25697294596973785,1032
1.387746245447281,0.013454243540059207,0.00038888112481204145,0.004304220777228752,5.240800710786999e-05,0.2572393374771363,0.25722583406817057,1033
1.3915750283775643,0.012295536801806886,0.0007198209955484558,0.004178314086767435,0.00014629164374011926,0.2620951082566515,0.26209373140341047,1034
1.390106675814198,0.012254006725116014,0.0006416168527876508,0.00418549496981171,0.00013997938929495173,0.26183128857288807,0.26182957715477506,1035
1.3888544533404321,0.013585306808149131,0.0004371756685464831,0.004313108173347415,4.900491494783708e-05,0.2570003510588996,0.25698597052372324,1036
1.387655791615909,0.013406777992043121,0.00038680031320915444,0.004306135734993377,5.257653037630273e-05,0.25725096754759685,0.2572375582471342,1037
1.3914680907332488,0.012257781768912884,0.000715925633140516,0.004180254795917329,0.00014603501065886917,0.2620844946381249,0.26208312233910913,1038
1.3900098012578694,0.012216337367495143,0.0006382315675876919,0.004187436874151394,0.00013975887257440395,0.26182196568149324,0.26182026098242545,1039
1.3887560524803997,0.013537214687703586,0.00043475934908120253,0.004315029664310659,4.918218882346824e-05,0.2570130014133371,0.25699872164302257,1040
1.3875671682295339,0.013359876927672768,0.0003847819090259218,0.004308055484565422,5.274157759044675e-05,0.257262339677435,0.25724901931579325,1041
1.391361020828974,0.0122203684836931,0.0007120059195071533,0.004182210338610994,0.00014577499612619403,0.26207373165703934,0.2620723651534479,1042
1.3899125997309383,0.01217887850237684,0.0006348205083214423,0.0041893860155232535,0.00013953353271797114,0.26181243127886766,0.2618107321730125,1043
1.3886596513229186,0.013489724975920226,0.00043240941679259666,0.004316957916412053,4.9355672814959654e-05,0.2570253592658995,0.2570111754751365,1044
1.3874801576799696,0.013313346906661402,0.0003828284871964967,0.004309989086110867,5.2903553599066794e-05,0.2572734829070444,0.25726025434107697,1045
1.3912533967121292,0.012183023692532031,0.0007080539204087093,0.004184167555275824,0.00014551049277135362,0.2620627730133396,0.26206140942991074,1046
1.3898151649023787,0.012141696694470721,0.0006313835603518377,0.004191347314331806,0.00013930421072497225,0.2618027204798289,0.2618010273043692,1047
1.3885650401049876,0.013442678027279612,0.00043012646702334705,0.004318900925762244,4.952567189959083e-05,0.25703744782571003,0.2570233629346252,1048
1.387395050227711,0.013267458024363517,0.0003809351879747037,0.00431192124899855,5.3061747743531324e-05,0.2572843495072334,0.25727120258586583,1049
1.3911459220758222,0.012146197964407189,0.000704082330998863,0.004186148816698424,0.00014524355615272032,0.2620517034543968,0.2620503467922582,1050
1.3897173378167782,0.012104655915905638,0.0006279212620606731,0.0041933112299859555,0.0001390697901665695,0.26179278551346413,0.2617910959314389,1051
1.3884724387675826,0.01339634325884438,0.0004279020924090341,0.004320846917700487,4.9691690901689296e-05,0.257049233355599,0.2570352386771922,1052
1.387311306311182,0.013221720469574318,0.0003791095560132159,0.00431387554552421,5.3217348077507175e-05,0.25729502214372973,0.2572819673701157,1053
1.3910375130220154,0.01210917455878366,0.0007000721951232599,0.004188118591559128,0.00014497119367442733,0.2620403984018149,0.26203904164875064,1054
1.3896194347521353,0.012067961842333342,0.0006244362275294708,0.004195292422716761,0.00013883251781047904,0.26178272115474516,0.26178103721907614,1055
1.388381355298693,0.013350345016554842,0.0004257382328575086,0.004322815338976728,4.985461819849742e-05,0.2570607802825536,0.25704688597282055,1056
1.3872296825679986,0.013176820371214197,0.00037734066281138037,0.004315811281567722,5.336871130991434e-05,0.25730538919633406,0.257292403261636,1057
1.390930119496315,0.01207316811129071,0.0006960620179464052,0.004190138384399682,0.00014469878892064866,0.26202908096741595,0.26202773564509924,1058
1.3895210199866619,0.012031209971134695,0.0006209318480040712,0.004197262067713601,0.00013858941062090186,0.2617724003763422,0.2617707161134322,1059
1.3882922963564293,0.01330534530041248,0.0004236131036171603,0.004324777184990822,5.001354205113144e-05,0.2570720253146557,0.25705821347271995,1060
1.3871487832265599,0.013131485072716397,0.0003756483889871381,0.004317790242439189,5.351905965618927e-05,0.2573156721944186,0.2573027852507068,1061
1.3908208942938176,0.012036281338335283,0.0006920027523801351,0.0041921117240457,0.0001444185241247579,0.262017425852684,0.2620160739554922,1062
1.389423088061044,0.011995001054506158,0.000617421503160211,0.004199262470136328,0.00013834679088129133,0.2617620912630914,0.26176041365035757,1063
1.38820398757551,0.013260489372527912,0.0004215231321591381,0.004326780494214911,5.017091236026503e-05,0.2570831428307119,0.25706944181699803,1064
1.3870704746715747,0.01308739862205755,0.000374006919606328,0.004319702664532816,5.366481187671305e-05,0.2573256270637204,0.25731278105045846,1065
1.3907153868263682,0.012001797266782034,0.0006880164827912469,0.004194207796403631,0.00014414535883966687,0.26200605509064767,0.26200472875998715,1066
1.3893246466637277,0.011958122300010008,0.0006139314965604038,0.0042012052234247895,0.00013809768633854123,0.26175149719561475,0.26174980922449254,1067
1.3881172095921168,0.013217433946464663,0.0004193894647611082,0.004328755377566132,5.0325970352499846e-05,0.257094079951093,0.2570804522225642,1068
1.3869909461619854,0.01304110681942775,0.0003724694780098505,0.004321704798245188,5.381560847892612e-05,0.2573359122458578,0.25732318598141596,1069
1.390606491749386,0.011964806019496671,0.0006839925564767492,0.004196171703952466,0.00014385932805164055,0.26199413723665194,0.261992790847727,1070
1.3892292523354168,0.011922231524272351,0.0006105493018939319,0.004203204735765513,0.00013786136724493246,0.2617414380399052,0.2617397596179486,1071
1.3880275915604334,0.01317436235683157,0.0004171205566752263,0.004330816324974672,5.0488719257864336e-05,0.2571055414471991,0.2570920641419713,1072
1.3869136979074461,0.012996181813602648,0.00037096189195449816,0.004323488500347078,5.396893908634908e-05,0.2573463554968671,0.25733359911885906,1073
1.3905124908403623,0.011934339375139495,0.0006804524280990664,0.00419847022930464,0.0001436074637353137,0.26198363316091217,0.2619823566376804,1074
1.3891383814069143,0.011883665243423595,0.0006076104263341843,0.004204970970215223,0.00013763388602439246,0.2617317469297796,0.261730026262918,1075
1.387930917110571,0.01313525757486453,0.00041422316234234163,0.004332780359094038,5.067749833060299e-05,0.2571188129860675,0.2571054242242903,1076
1.3868252882443395,0.012941844672993625,0.00036959235950611224,0.004325386682905598,5.417133113588749e-05,0.2573601176034006,0.25734752251888227,1077
1.390422957439097,0.011898788203219369,0.0006775661240385381,0.004200490073732313,0.0001433389577396746,0.26197242488970696,0.2619711141218217,1078
1.3890784022036526,0.011846691589891446,0.0006063797915888259,0.004206727247474923,0.0001375095856388916,0.26172644812545093,0.26172473230125815,1079
1.3877894369381971,0.01309435918073488,0.00040923345182943704,0.004334772958116449,5.101438307458712e-05,0.25714243537419745,0.25712939176403565,1080
1.3867108887957007,0.012878790320110927,0.000367696828282559,0.0043262894821556415,5.454661993130185e-05,0.2573855683553334,0.2573727486595088,1081
1.3904548897096751,0.011886861838734285,0.0006807485561194306,0.0042035884494942485,0.0001432616669261418,0.2619691965864941,0.2619681209004845,1082
1.3891702763747789,0.01180224376382714,0.0006147115279485523,0.004207152652381603,0.00013779777201083796,0.2617387295739717,0.26173685419604337,1083
1.3874347639577416,0.013039391127923941,0.00039460585082402427,0.0043352479985091395,5.2124234041598294e-05,0.25721971149296136,0.2572071328579433,1084
1.3864121168264458,0.012749168717864861,0.00036216777476249596,0.0043256387972168625,5.592608289622168e-05,0.2574783743484946,0.25746595729440463,1085
1.3909229080511682,0.011887878251823771,0.000711670972680267,0.00420662845437168,0.00014334217679469376,0.2619725593251691,0.2619715497695818,1086
1.3900937770014838,0.011781183345472375,0.0006708762463035409,0.004204938138144999,0.00014048574963776815,0.26185266846063654,0.2618508421576559,1087
1.3859365715695937,0.01278814791840522,0.00033365968900110176,0.004327890952334383,5.731377633555027e-05,0.25757058626102036,0.25755983841602803,1088
1.3847213901192266,0.012441239976377635,0.00029780165885068,0.004311885828416301,6.409153327486462e-05,0.2580057187856472,0.2579942492296725,1089
1.3965274609852225,0.012161378149526059,0.00103171067196918,0.0042048989448778915,0.00015549232712540608,0.26246965625530255,0.262469652987353,1090
1.3952256893788941,0.011932377245567921,0.000942377903655043,0.0041859352209737515,0.00016095346749370198,0.262686743770318,0.2626860408707605,1091
1.3846018829812257,0.012077159794853234,0.00033566052198998796,0.004289834906680763,7.379039096316459e-05,0.2585901333495566,0.25857850993986764,1092
1.420443731420205,0.015424290032436139,0.002429314921963353,0.004382053917617026,5.011792956018342e-05,0.2570794017798246,0.25707795148619267,1093
1.4045625771231478,0.014291766738131682,0.0014612613746882123,0.004369886062032332,5.340842857821814e-05,0.25730810704479745,0.25730565716811077,1094
1.4048117982453714,0.012283018790669547,0.0016821818205909461,0.004258109012253137,8.882954880025817e-05,0.2594249429070026,0.259407320758951,1095
1.4056857609749558,0.012114069902468057,0.0017198642797299501,0.004206858422027979,0.0001254263779842175,0.26119939185778485,0.2611875899765135,1096
1.3998614373491327,0.012555442326875782,0.001310744748040696,0.004251888039497777,0.0001223534291718204,0.26106134843370465,0.2610613483828841,1097
1.3958150961859896,0.012789621676738925,0.0010511101129618847,0.004307546114465302,8.478471431569156e-05,0.25920786154955056,0.2592078366472876,1098
1.4072113454441855,0.012674932295243106,0.0017661274089813093,0.004305003450178,5.979549196842497e-05,0.25773275448778926,0.2577129383504225,1099
1.4050762878641045,0.012952756168399589,0.001600421412158437,0.004307193484764287,5.887380655366832e-05,0.2576729268570519,0.2576467285350417,1100
1.3974513636349488,0.01322331791660032,0.0011291958570515627,0.004312477979882742,8.243235669434549e-05,0.2590792266572845,0.2590778689083218,1101
1.3968309980659606,0.012511088911589401,0.0011237802369753512,0.004272863405383671,0.00011463971505569744,0.26070699374501066,0.26070651290231445,1102
1.4042155516176702,0.012080799446119544,0.0016470054018840523,0.004230122126879933,0.0001119566506906393,0.2605809569836872,0.2605748281513663,1103
1.3978517282187695,0.012088848510250728,0.0012310088392387727,0.004258798096744791,8.673735197258345e-05,0.2593132889986612,0.25929836246051363,1104
1.4060507323988891,0.014131687338337503,0.0016133639541253651,0.0043417341435427635,6.549166299237393e-05,0.25809269194967743,0.258091292003969,1105
1.406651567781853,0.01409179773400647,0.0016555991382889977,0.004353445007257125,6.519207031715335e-05,0.25807416065713046,0.25807412104028205,1106
1.3932980783916917,0.011882186662493893,0.0009424398264819243,0.004282905722753841,8.44130484886685e-05,0.2591876573993956,0.2591829434164721,1107
1.393998296648076,0.011793641491186637,0.0009898623329334152,0.004240266552307481,0.00010672720897800725,0.2603308861661528,0.26032155077745767,1108
1.3998299526169977,0.012847540235559148,0.0013153663444970438,0.004286827857534154,0.00010020593791333636,0.2600102915998155,0.2600100883053228,1109
1.3920499498705154,0.012646627007759452,0.000808356944661872,0.004315490961331374,8.301203231889438e-05,0.25911109391450304,0.25911109256573883,1110
1.4124830781515085,0.01246751904449466,0.0021697951230668713,0.004279989094398988,7.498525934215896e-05,0.2586594029437461,0.2586456649095182,1111
1.4118411738175725,0.012578781812730649,0.0021185547182621975,0.0042735731486385,7.548690111464978e-05,0.25868831980964385,0.25866753997865866,1112
1.3902384560385872,0.012643027352909989,0.0006874079439612246,0.004301401788234277,8.3374972928817e-05,0.2591309897014955,0.2591280766520185,1113
1.3944450897310454,0.012571092992577334,0.0009758065999115519,0.004301105871686561,9.774871729076618e-05,0.25988679509703555,0.2598864233709007,1114
1.3949741978524621,0.011822398833804301,0.0010600483586794308,0.004262378824756831,9.787615859122004e-05,0.25989323802358055,0.2598888601735479,1115
1.3896335506567508,0.011914450157641055,0.0006942081305839824,0.004275006029131288,8.461063423957017e-05,0.2591984038963056,0.25918616726723664,1116
1.4085189665057964,0.01403260859746381,0.0018058609997986374,0.004339376786130105,7.587463548915628e-05,0.2587106047717226,0.25871060441696925,1117
1.403176266160162,0.013543253972418033,0.0014854213039636418,0.004337017996357106,7.824539730218511e-05,0.25884564284278905,0.2588453772416904,1118
1.396352507120544,0.01182986622937286,0.0011511210916974974,0.0042671955131205076,9.02055726165431e-05,0.2594976614288225,0.25948928018937545,1119
1.398459669692264,0.011977820639936862,0.0012796235021130045,0.004250197731222167,9.708129044413268e-05,0.2598529838345616,0.259837923542384,1120
1.3947120651592761,0.012658097665039244,0.0009884651369565431,0.004303556218489131,9.047410019442097e-05,0.2595117874342534,0.2595111718561248,1121
1.3929830468005904,0.012636024246326674,0.0008702949372116275,0.004325451019502911,8.189445643364235e-05,0.2590495555931572,0.2590495205378021,1122
1.4000384023694141,0.012000728385102587,0.0013805091223362854,0.00427659740601686,8.228325152299905e-05,0.2590710116041707,0.25905933329830433,1123
1.3954434081658076,0.012040174846588442,0.001072921503416026,0.004266847650536203,8.624099926872673e-05,0.2592866032147781,0.25926970224746265,1124
1.4016560955967754,0.013238369982123755,0.0014126821573004693,0.004313922195337104,8.97038343689593e-05,0.25947121081852575,0.2594711988952606,1125
1.4011137761556194,0.013066579173776904,0.0013880002765505727,0.004320343751502235,9.182964506660825e-05,0.259582778567128,0.2595817052685854,1126
1.3945042709748465,0.011783921288192221,0.001031520677282805,0.004275864955821673,8.954984460583992e-05,0.2594630779668055,0.25945751237888715,1127
1.3954595709742048,0.012018164130201051,0.0010736941788399242,0.004272534947069541,8.35087060843921e-05,0.25913830980457503,0.2591212403309095,1128
1.3958657594678368,0.013067781183722397,0.001032379232133038,0.0043193011615747815,8.082051331050372e-05,0.25899002298720664,0.25898870376021466,1129
1.393171261185136,0.01267892815389267,0.000883206180859728,0.004321273179774869,8.66584207463824e-05,0.2593090504750153,0.25930895394808506,1130
1.3999282807705777,0.011872834183022821,0.001386976507813391,0.00426461898291286,9.403132969422756e-05,0.25969697528584185,0.25968918408389097,1131
1.3970952556504115,0.011887479667092695,0.001195446549712949,0.004259451963209221,9.278660544350601e-05,0.2596325804145881,0.2596179111226706,1132
1.3968580121580132,0.012917622801619974,0.0011109325321728134,0.00431772648724887,8.343946947928371e-05,0.25913452075805204,0.25913368023598415,1133
1.3964435265755148,0.01303321036728226,0.001072827807228125,0.00433543331415617,8.018889569663272e-05,0.2589548252744893,0.25895474446758626,1134
1.395197470295465,0.011782991265140446,0.001076518560842025,0.0042842994932209095,8.627381275279388e-05,0.25928836975754055,0.2592827042680091,1135
1.3935969255124558,0.011783566291862071,0.000969476309392229,0.00426463534766008,9.212383646181551e-05,0.2595981162975771,0.25958482846444114,1136
1.3975352109394708,0.012830351380875614,0.0011649065125622512,0.004309370048866544,8.94187671327921e-05,0.25945614969915304,0.2594553685159634,1137
1.3947477047287236,0.012751349100234646,0.0009830166586802728,0.004325701892337277,8.577880765473228e-05,0.259261684925257,0.2592616152864306,1138
1.3973585437429736,0.011840393688486805,0.0012159810763255037,0.004285881611179177,8.500389317791548e-05,0.2592197555920922,0.25921383539395076,1139
1.3960422086089053,0.011849421491915759,0.0011258450341713466,0.004274618788015547,8.541333245457983e-05,0.2592419333721132,0.25922800159096876,1140
1.3945487945235366,0.012785268401452679,0.0009672686918117258,0.004309526625966231,8.626667595016864e-05,0.2592879855700883,0.2592858258776724,1141
1.3931588153786376,0.012651527409540026,0.0008852392228005853,0.0043183077163302065,8.941835669976402e-05,0.2594561279972177,0.2594561279825457,1142
1.3962799099664711,0.011787056700288342,0.0011501845713775111,0.004281189668423719,9.053802396357508e-05,0.25951514708050144,0.25951080130445525,1143
1.393556140065707,0.011734969438017426,0.0009691754516959217,0.0042767464830381205,8.67399121857792e-05,0.25931342644711275,0.25930241230003653,1144
1.3963961941591945,0.012907100500230818,0.0010794624703587892,0.004317636287977281,8.215473382011737e-05,0.25906392485737373,0.2590617242470554,1145
1.3946249202306733,0.012878311776101202,0.0009655366213143413,0.0043246261988338155,8.444564731411181e-05,0.2591894312834969,0.25918925250506464,1146
1.3939047979607493,0.011690584468535044,0.0009984594197934812,0.0042835571191193016,9.112923298230302e-05,0.2595461632597763,0.25954223706226676,1147
1.391917152338641,0.011625950839798109,0.0008690688154208923,0.0042737736600014,9.165946172026703e-05,0.25957389480411536,0.2595650032582226,1148
1.3961435424433828,0.01276605638519087,0.0010739890893657483,0.004314724477888214,8.472068815583314e-05,0.2592043841812385,0.25920232230873436,1149
1.3934284581000935,0.01272068961534385,0.0008944943310622952,0.004325758386937493,8.220296076811903e-05,0.2590665848459119,0.25906609082877835,1150
1.3946829011281725,0.011721157487275197,0.0010469053647116928,0.004288423402851846,8.702332554836725e-05,0.25932862934992956,0.2593238433339573,1151
1.3928280300319669,0.011623042117556177,0.0009299569189954733,0.004276843049755639,9.05392376840835e-05,0.2595152108586244,0.2595067725294118,1152
1.3940876134969584,0.012629038305515077,0.0009477346268644213,0.004309199589408406,8.818597520561067e-05,0.2593907387997756,0.25938847118700237,1153
1.391719740435632,0.012525816494640537,0.0007962319043425829,0.004318392662807823,8.612945961253929e-05,0.25928059586516616,0.25927987521134405,1154
1.3953449414909942,0.011736252113434043,0.0010898832443092875,0.004288658921918706,8.682869083289838e-05,0.2593181913928025,0.2593131608902182,1155
1.393133162568175,0.011652820654688771,0.000947147122377142,0.004284414838906101,8.658105441479533e-05,0.2593048941108857,0.2592969708516033,1156
1.3931912056721907,0.012614890561997853,0.0008877186612119264,0.004313478196176658,8.56685395553467e-05,0.2592557300930476,0.2592532942923315,1157
1.3911740670392003,0.012481984197348738,0.0007635157160511381,0.004314684337992161,8.79408837062471e-05,0.2593776800812486,0.25937665964925266,1158
1.3948260931189864,0.011671323580442483,0.0010607809435664868,0.0042839089972255455,9.034312786379948e-05,0.259504900202727,0.2594999499433221,1159
1.3924876240627557,0.011615854091500654,0.0009073032957098316,0.004285088224051463,8.767366435109857e-05,0.25936342161557935,0.25935648090136953,1160
1.393153372809648,0.012604521296662547,0.0008843009837725339,0.0043188439927071215,8.324400630156882e-05,0.2591238153368845,0.2591215079878937,1161
1.3911921877230942,0.012493094830085582,0.0007625370206608405,0.004318412974009503,8.518949527344351e-05,0.2592298155600989,0.2592283894876279,1162
1.393911523481089,0.011614707982939529,0.0010036260942087921,0.004283377547068244,9.102339701931048e-05,0.25954061827238206,0.25953541662238716,1163
1.3916026652211284,0.011550127761074442,0.0008537112917262905,0.0042831527486102,9.057850038841319e-05,0.2595172737897159,0.2595111672421067,1164
1.3933743343283025,0.01259240251021482,0.0009007842626804559,0.004319218202261217,8.443727536225517e-05,0.25918897575153266,0.25918703544512867,1165
1.391359527403569,0.012476501665445101,0.0007735840394206492,0.004321074792313849,8.348688302327145e-05,0.25913711568402586,0.2591354388819348,1166
1.393051822398289,0.011590238653969936,0.0009473272581097789,0.0042869642725289646,8.876384666839043e-05,0.2594214567168984,0.2594157985542949,1167
1.3908284956411907,0.011517503691840817,0.0008043215761056528,0.004285706170583465,9.03116864405019e-05,0.25950324610017556,0.2594975335669343,1168
1.393584566122545,0.01260159036706493,0.0009152941436510188,0.004319206835403406,8.617451060465114e-05,0.259283022708399,0.2592814135003318,1169
1.3915355324430974,0.012452267748936053,0.0007880047552676215,0.004319521604850959,8.507748436661531e-05,0.25922374567985346,0.2592220375685457,1170
1.3922632213536956,0.011551636551511663,0.0008970517594252262,0.004288191726098181,8.81510175727459e-05,0.25938887733292676,0.25938294747415824,1171
1.3901301788478022,0.01150190245483029,0.000758298867924716,0.004290485019433436,8.82336953338413e-05,0.25939327926412503,0.25938778915448785,1172
1.3937708872374623,0.012622173040750893,0.0009259902255820164,0.004322666595770096,8.546890851622959e-05,0.2592449396166892,0.25924349629307014,1173
1.3917000542622877,0.012444918777082354,0.000800206907280828,0.004318775823680511,8.645530008470868e-05,0.2592981342259998,0.25929636676691303,1174
1.3915361096813383,0.011496994754273737,0.0008526446382730623,0.004286701944737758,8.973539214029132e-05,0.2594728766560265,0.25946678734860557,1175
1.3894816847097966,0.011473345428107039,0.0007169074036400627,0.004293006934474614,8.785220779787436e-05,0.2593729508586077,0.25936778873105387,1176
1.393948039822106,0.012635499953478032,0.0009358624134299673,0.004327362831899858,8.381949378913021e-05,0.25915529867285225,0.2591539679339263,1177
1.3918386682889696,0.012443211205756758,0.0008090423193234305,0.0043213625384260325,8.555898476340295e-05,0.2592498099852593,0.2592479006756631,1178
1.3908906517299162,0.011450927270359783,0.0008128217645232582,0.004286425851102524,9.070823208917047e-05,0.25952408694254575,0.2595178059012404,1179
1.3889067599646898,0.011435471533299492,0.000681610014256707,0.004293701790258206,8.905711617183087e-05,0.259437007797593,0.2594322797324936,1180
1.3940549897951502,0.012637582652347518,0.0009425965970356442,0.004330195084659721,8.343789930092113e-05,0.25913443481015225,0.25913322740371947,1181
1.3918836521049316,0.012432976853763388,0.000811847448629606,0.004324368331670852,8.423744258211245e-05,0.2591780958037118,0.25917601858874223,1182
1.3903958634321074,0.011421147357027116,0.0007816666193145295,0.004288192061517381,9.019276989443433e-05,0.2594969874115129,0.2594904731137713,1183
1.3884891507828974,0.011405930335376197,0.0006560222602164376,0.004295219365047284,8.978843553359694e-05,0.2594756759934897,0.2594713524568719,1184
1.3939541519827132,0.012622364129658031,0.0009373691589375254,0.004331522098876196,8.407850408531065e-05,0.25916943313871205,0.2591683164830862,1185
1.3917081312352793,0.012403489584696968,0.000802016762112368,0.004325532701593956,8.417209234624131e-05,0.25917453499346105,0.25917227635172896,1186
1.3901578435851287,0.011398962609441024,0.0007671069033637571,0.0042900744241965655,8.962494736203059e-05,0.2594670453343179,0.2594603647538392,1187
1.3883379894199845,0.011390996528124461,0.0006469286431661947,0.0042979529111938156,8.943203683172123e-05,0.2594568513169935,0.25945284696818155,1188
1.3934823154100988,0.012576243831717876,0.0009092098160135042,0.00433283093467041,8.440573942787115e-05,0.2591872596255832,0.2591861585803054,1189
1.3911904137151567,0.012343199216888447,0.0007719069952600609,0.004325384872028361,8.485459797351951e-05,0.25921165555009085,0.259209153973621,1190
1.3902529251763955,0.011378251164123882,0.0007748757366892639,0.004291024573484581,8.989976417971707e-05,0.2594815486171678,0.25947483071665267,1191
1.3885067345068862,0.01138367470491825,0.0006585861797734802,0.004300616377490439,8.894430057185246e-05,0.25943102860624717,0.2594272605384571,1192
1.3926265020419641,0.012502218284487911,0.0008568191131504549,0.004334623870867224,8.403624461136233e-05,0.25916712848232,0.25916597264116653,1193
1.3903741868463408,0.012255653021926698,0.0007234570460065361,0.00432526928737332,8.520342423269793e-05,0.2592305700925077,0.2592277382962062,1194
1.3906153162599664,0.011361223710115215,0.0008003273451326501,0.004291538910129056,9.060064579552985e-05,0.25951843715089457,0.2595118248957368,1195
1.3888882305922137,0.011375499703988405,0.0006846505561887472,0.004302344984840746,8.90807647773314e-05,0.2594382606860232,0.25943469970538796,1196
1.3916311366504095,0.01241995003576811,0.0007955759766848938,0.004336399354216697,8.356477194202703e-05,0.25914137691718414,0.2591401196594743,1197
1.3895271523859267,0.012165599372930918,0.0006727873153850106,0.00432572887767943,8.503858901355891e-05,0.2592216370029165,0.25921840351754327,1198
1.3909703661464754,0.011347669573994497,0.0008250352409858403,0.004292528470439909,9.111063510088729e-05,0.25954518910765456,0.25953883259731303,1199
1.3892016184026779,0.011364633473014736,0.0007064666513640225,0.0043036517627879104,8.960873620259707e-05,0.25946618910663616,0.25946288912762855,1200
1.3908542945149587,0.012351120036311067,0.0007482201680342007,0.004337663279000417,8.341258132746505e-05,0.25913304885169597,0.25913164560973057,1201
1.3889649194971647,0.012099716389682753,0.0006394065168530722,0.004326613306264437,8.475261746864425e-05,0.259206118480046,0.2592024583089218,1202
1.39098724375881,0.011330731050323624,0.000827403921895701,0.00429449231857512,9.126627013288057e-05,0.25955333816699067,0.25954738208886785,1203
1.3891779126586445,0.011351087715301049,0.000705948516043536,0.0043055947125516005,8.996689513287634e-05,0.25948508804033343,0.25948212116392516,1204
1.3905011623639973,0.012306273514252836,0.0007276088264793329,0.004338578182692204,8.34172510409518e-05,0.2591333044973302,0.2591316702783221,1205
1.388806215132181,0.012066523040026152,0.0006308249708865533,0.0043277601294690006,8.458489707671338e-05,0.25919700478833807,0.25919294566843426,1206
1.3905891865652047,0.01130597286536516,0.0008026394517616645,0.004297223833478474,9.126151463189574e-05,0.25955308927163856,0.2595476461710365,1207
1.3888240908144998,0.011334741871611475,0.0006835392652334941,0.0043083454823976495,9.001870852374326e-05,0.2594878189550467,0.2594851929084054,1208
1.3904749627536441,0.012277904144704858,0.0007276019650889838,0.0043394154058339785,8.33454285917803e-05,0.25912937175230477,0.25912736977798395,1209
1.388895668756649,0.012051421127452104,0.0006376544430184296,0.004329109537311975,8.452070538593236e-05,0.25919351431096577,0.2591890876368252,1210
1.3900192271487444,0.011278923400980426,0.0007665934375484318,0.004300294879991617,9.130458532009679e-05,0.2595553432863554,0.25955049805787184,1211
1.3883879107704917,0.011317200408683685,0.0006556769839261449,0.004311243367947202,8.995252438381015e-05,0.2594843304657635,0.25948197841286746,1212
1.3905088612155276,0.012249031646096854,0.000731509879013593,0.00434008394935265,8.316452761374513e-05,0.2591194587346917,0.2591169270063408,1213
1.3889797136185622,0.012034282146193252,0.0006442685933102077,0.004330572976654614,8.44650615837838e-05,0.2591904875596338,0.2591857110263593,1214
1.3895454712998916,0.01125747780063973,0.0007366158353059602,0.004303520461920943,9.144969267604148e-05,0.2595629332673632,0.25955875973140113,1215
1.3880568338888488,0.011298683861938236,0.0006348757757441421,0.004313727819914713,8.995102597341277e-05,0.2594842514714348,0.2594820735822651,1216
1.3904484489542468,0.012211145568479223,0.0007296603249905883,0.004340527561779545,8.29432422347309e-05,0.2591073180593812,0.2591041129727237,1217
1.388948771510709,0.01200997418548138,0.0006436751680379325,0.004332231176566895,8.43579739952648e-05,0.2591846597103684,0.25917959360294096,1218
1.389228229983528,0.01124357653492021,0.000716577574319889,0.0043068431396656144,9.165054681535124e-05,0.2595734292087711,0.25956994819011325,1219
1.3878236441375829,0.011277044841101723,0.0006208076748558157,0.004315663924660634,9.00610024041109e-05,0.2594900475448815,0.25948794369890466,1220
1.3903331919925421,0.012169930822565605,0.0007243501976488815,0.004340964188242355,8.272143423246477e-05,0.2590951324472195,0.25909117068503745,1221
1.3888590507731038,0.01198687100769603,0.000639062992869816,0.004334300071560081,8.418186450959598e-05,0.2591750675479582,0.2591698266107128,1222
1.3889722954686479,0.01123299228051398,0.0007003826491382074,0.004310100295692283,9.186483815215699e-05,0.2595846146585117,0.2595817457199443,1223
1.3875869362693993,0.011249620838278905,0.0006068796033596065,0.00431710304249908,9.023548081919782e-05,0.2594992358018526,0.2594971120352735,1224
1.3902652281150827,0.012134777313689277,0.0007217651262905702,0.004341700192920067,8.247219147297672e-05,0.2590814201242414,0.25907671908458985,1225
1.3888034180629703,0.011972839294729528,0.0006360947266426936,0.004336903166397822,8.39274944002592e-05,0.2591611950312314,0.2591559176156005,1226
1.388671627534138,0.011219786774305258,0.000681339594773015,0.004313105581945834,9.208811494705555e-05,0.2595962552564558,0.25959384874973995,1227
1.3872737352297668,0.01121576032328603,0.0005882613406159784,0.004318194960342674,9.042887290212913e-05,0.2595094097031377,0.2595071810017048,1228
1.3902989573784785,0.012112279273500006,0.0007250826029154674,0.004343030151942399,8.215279231334214e-05,0.25906381775596476,0.2590585115014713,1229
1.3888344835056432,0.011969992225500787,0.0006381211765104129,0.004339979389870319,8.359030795138571e-05,0.2591427735371377,0.25913756951447836,1230
1.3882769520478038,0.011199753764727073,0.0006564387476253749,0.004315695751168176,9.232649529913973e-05,0.25960866771717805,0.2596065528653671,1231
1.386874806494294,0.011177524785336452,0.0005642000490575294,0.004319144374131399,9.061247411167946e-05,0.2595190584677099,0.2595166643315773,1232
1.3904295006170106,0.012104927251432222,0.0007338105194451752,0.004345152109487243,8.174087481022414e-05,0.2590410660217822,0.2590353896543358,1233
1.3889575890519439,0.01197574909990041,0.0006456590307218864,0.004343342777919157,8.318227507159565e-05,0.2591204317371271,0.25911535652727335,1234
1.3878000701228261,0.011171133778298984,0.0006265860989775537,0.004317767568749161,9.257747606677584e-05,0.2596217189767097,0.25961973443947345,1235
1.3864291692084636,0.011138649307971902,0.000537055162636693,0.004320201188714756,9.075375737148296e-05,0.2595264766504455,0.2595239047087113,1236
1.390617673181798,0.012110750760902893,0.0007454742184519806,0.004348083653681769,8.124456384821422e-05,0.2590135766401698,0.2590078004101804,1237
1.3891444507946322,0.011985430686701179,0.0006571485555555947,0.004346762385259657,8.274678796491463e-05,0.25909652614820156,0.25909157931044424,1238
1.3872894772180413,0.011135170111135387,0.0005949385867648158,0.004319314673852734,9.284738366275673e-05,0.2596357347235567,0.2596337484439427,1239
1.385987865735782,0.0111032349450486,0.0005099687637326357,0.0043216025756969674,9.081867913056297e-05,0.25952988347938016,0.25952718719682094,1240
1.3908251333491475,0.012124528567810116,0.0007578638679575054,0.004351581073944227,8.069242131480952e-05,0.25898289604274755,0.2589772144794451,1241
1.389361369842623,0.01199451290304248,0.0006706717592082653,0.004350013072051576,8.233606201564393e-05,0.25907392208560576,0.25906904585485896,1242
1.386790787160952,0.011095509790331703,0.0005643055026599897,0.004320515751032305,9.314429332544701e-05,0.25965112912178917,0.2596490615052746,1243
1.3855797998998594,0.01107369286715325,0.00048471533651231523,0.004323515713125796,9.077735213715647e-05,0.2595277149483576,0.25952499479369945,1244
1.3910332080093937,0.012139013492561255,0.0007702057884797109,0.004355191542956153,8.012229068858247e-05,0.258951105556778,0.2589455405890697,1245
1.3895804473361106,0.011999070896918798,0.0006846591638830081,0.004352920555444237,8.199234121218516e-05,0.25905496224244945,0.25905005418740185,1246
1.3863382706502039,0.011057062010112608,0.0005366631947926626,0.004321705610507945,9.346805183326421e-05,0.2596678876613904,0.2596657439172885,1247
1.385223944081884,0.011049896999400254,0.0004625599668795958,0.00432588730639394,9.061688633718113e-05,0.25951929022234227,0.25951662617740195,1248
1.3912008506102456,0.012145079481122078,0.0007803837792766141,0.004358433485790677,7.958710167179422e-05,0.2589211603321426,0.2589155598160995,1249
1.3897368146453979,0.011993528099994544,0.0006952184300044388,0.004355410322276942,8.177276660711747e-05,0.2590428295686205,0.25903779794538945,1250
1.3859905975764215,0.011024459265916118,0.0005156327526673874,0.004323144932391723,9.384042069841413e-05,0.25968712654497783,0.259685002038293,1251
1.3849665387915768,0.011028912307038521,0.0004467596859407513,0.004328320314907499,9.036944337535652e-05,0.2595062844148151,0.2595036630013503,1252
1.3912223183632673,0.012133229267232586,0.0007820314892589389,0.0043611339436987724,7.913165411270207e-05,0.2588955974567593,0.2588897832974819,1253
1.3897155705571644,0.011971147218660971,0.000695231365422635,0.004357589537836598,8.174107210210787e-05,0.25904107693265066,0.25903593987938145,1254
1.3858215121859916,0.010998784228749002,0.0005060508850691834,0.004324709310470552,9.432660662800758e-05,0.2597121885601551,0.25971019308936577,1255
1.384862388293062,0.011006303651253503,0.00044125532791459466,0.004330271776723418,9.012510789509747e-05,0.2594934244556481,0.25949074134609806,1256
1.3909857578998122,0.012100647986367704,0.000767898560953312,0.004363668826242053,7.872439553869689e-05,0.25887267690940546,0.2588666542984167,1257
1.3894375183555925,0.011930373426522095,0.0006795548398592516,0.004359753488530274,8.1889530001371e-05,0.25904928339711886,0.2590442114268843,1258
1.385852919978847,0.010975265197824232,0.0005096475070182293,0.0043258527789872755,9.50066465124959e-05,0.2597471352977424,0.2597452804512901,1259
1.384931486234066,0.010981355808189524,0.00044745874432940765,0.00433158032256563,8.999620057196062e-05,0.2594866327309515,0.2594838100246069,1260
1.3904607799073705,0.012051136820276899,0.0007356190969821351,0.004366460697317089,7.82565515729679e-05,0.2588462733155249,0.25884021027722576,1261
1.388907357271537,0.011873027182929543,0.0006482922559494449,0.004361949418724902,8.212518827046067e-05,0.25906229486777277,0.2590574539773242,1262
1.3860709422948376,0.01094887062157769,0.0005257716052900162,0.004326095275112482,9.594075521030162e-05,0.2597949351815263,0.25979315216149246,1263
1.3851727584577185,0.010957166721548041,0.00046515691028690736,0.004332405167953879,9.012267797278123e-05,0.2594932964755548,0.25949038773150906,1264
1.3897018794863725,0.01198812372465314,0.0006884551671576326,0.0043694398300439434,7.763496824217194e-05,0.2588110707772763,0.2588050765072911,1265
1.3881914032082832,0.011800977051760437,0.0006055897453005269,0.004363906139473609,8.232523841626027e-05,0.25907332565359914,0.2590687169562751,1266
1.386455013860554,0.010920804222196684,0.0005529267509693201,0.004325532836053193,9.714034917631309e-05,0.2598559803762139,0.2598542338375283,1267
1.3855586602653307,0.010934805428695604,0.0004924783164476018,0.004332774484864244,9.065003558209704e-05,0.2595210312247202,0.2595181682106308,1268
1.3888300714771145,0.011916420789261176,0.0006340902304971948,0.004372342158134391,7.685809373048804e-05,0.258766874798381,0.2587609267417138,1269
1.3874112037439492,0.011721428496018855,0.0005589670393573117,0.0043655699861454055,8.239546569606598e-05,0.25907719481426206,0.2590727168951054,1270
1.3869286833248489,0.01089416666137993,0.0005857832528094542,0.0043246345177486495,9.854716795294709e-05,0.259927092623369,0.2599254098312515,1271
1.3859960741248645,0.010912397073797613,0.000523278645954708,0.004332703154673977,9.157174044234698e-05,0.2595693124331034,0.2595665799540104,1272
1.3880220203548805,0.011846411431675445,0.0005836823204702306,0.004375083245749727,7.601165278731775e-05,0.2587184661946536,0.2587124821087018,1273
1.3867298752727713,0.011648037126734023,0.000518371027673872,0.004367238263719788,8.230894678722102e-05,0.2590724278331228,0.2590679955594551,1274
1.387334122855394,0.010868233164202703,0.0006138853205782277,0.004323871840799598,0.00010001572746605308,0.26000078634238594,0.25999919822673156,1275
1.3863278053635801,0.010887672574844392,0.0005471220611084704,0.00433252222673616,9.263354067081192e-05,0.2596246319758634,0.2596220175403092,1276
1.3874507971685557,0.011791762154514761,0.0005479265629889615,0.0043778393042585954,7.515325101009852e-05,0.2586690974737915,0.2586629919368298,1277
1.3862890980228548,0.01159477788110793,0.0004923065549148508,0.004369308047217288,8.204819303932785e-05,0.25905804576270886,0.25905361807593685,1278
1.387498549544418,0.010839074109289925,0.0006260578978082243,0.004323544289017148,0.00010136844855399223,0.26006818993434233,0.2600666873675023,1279
1.3864115825519379,0.010859309603158307,0.0005545845981879962,0.004332725655185401,9.348350423379967e-05,0.259668686789518,0.2596661070025511,1280
1.3872012521992731,0.011762420158065993,0.0005317394824871132,0.004380980156217127,7.423368223010308e-05,0.25861589706473465,0.258609617698982,1281
1.3861369920023487,0.011568069170723842,0.00048350918503071213,0.004372036234108802,8.157325363825013e-05,0.25903179127517073,0.2590273465466766,1282
1.3873619601112375,0.010803871748959647,0.0006185647718839286,0.004323668252344588,0.00010253098352232937,0.26012575841714236,0.26012430161236555,1283
1.386235832917156,0.010828280716181766,0.0005448856941537401,0.004333566861083075,9.393557104245989e-05,0.25969203647550193,0.2596893990747135,1284
1.3872162278614042,0.011756779157344344,0.00053130998777776,0.004384737290355894,7.319234076473148e-05,0.2585552522326774,0.25854881315530553,1285
1.3861939493722653,0.011561016011370846,0.00048715575630668717,0.00437528050023034,8.093493819524864e-05,0.2589963847291703,0.2589919093370026,1286
1.3870429486760183,0.010764099577511675,0.0005992089564170434,0.004323995889339953,0.00010357158200500516,0.2601770124302275,0.2601755630336021,1287
1.3859443271047476,0.010798016671451062,0.0005274280434386707,0.004334924676373713,9.405431136472317e-05,0.25969816020514835,0.25969542234290005,1288
1.3873148304613923,0.011759657834131314,0.0005356700831695426,0.004388886050371267,7.20865339008925e-05,0.25849037890208043,0.25848385158254067,1289
1.3862808534727111,0.011555229923961938,0.0004927506890101568,0.004378472176042055,8.036440597474187e-05,0.2589646196781984,0.2589601283707898,1290
1.3867562859453617,0.010723789135564566,0.0005819563764076876,0.004324159007715738,0.00010463274930192057,0.2602290150699821,0.2602275546569938,1291
1.3857279378337604,0.010771269229795474,0.0005147588379776887,0.004336414638503229,9.406183446800322e-05,0.25969854805978726,0.2596957295398424,1292
1.3872958482863775,0.011751558253787918,0.0005329458963036423,0.004392897476484786,7.10496904850795e-05,0.2584290978452667,0.25842255746804793,1293
1.3862283143782241,0.011532815726990015,0.0004905064776337468,0.004380977189969417,8.013620131236736e-05,0.2589518825568909,0.25894742517336333,1294
1.3866508979874987,0.010685758601556067,0.0005764358703015207,0.0043238929757349765,0.00010584501805732335,0.26028810079933723,0.26028663275766933,1295
1.3856822006022393,0.010747684649693619,0.0005132573554680255,0.004337661690872105,9.417209814265613e-05,0.259704230940299,0.2597013770325313,1296
1.3870920752996259,0.011724937459181751,0.0005192639348178543,0.004396486443904162,7.012630876332601e-05,0.25837414525568586,0.2583676272315633,1297
1.386019170120397,0.011491763691128414,0.0004794918200360199,0.004382656499396211,8.030498397564038e-05,0.2589613048143471,0.2589569324145743,1298
1.3866939214717675,0.010649964314488244,0.00058043377404401,0.004323294752249484,0.00010720253635511295,0.2603538657686447,0.26035239837966423,1299
1.38573497401072,0.01072579398440793,0.0005182056326196406,0.004338742833319411,9.434996017268573e-05,0.2597133907659831,0.25971051553978647,1300
1.3868308205963547,0.011690794074930178,0.0005022459461633709,0.004399885529645672,6.924399407249335e-05,0.25832129761951184,0.2583148069392625,1301
1.3857986554094344,0.011447173738775105,0.0004681428284681366,0.004383990830229775,8.065731870887427e-05,0.25898094197224736,0.2589766725453719,1302
1.3867110679797252,0.010614192166276591,0.0005826250276410373,0.0043227736002390115,0.00010852789425775697,0.2604176722091721,0.2604161938545726,1303
1.3857231698640393,0.010705644467217916,0.0005187498859011972,0.0043402317006883545,9.428405792930459e-05,0.25970999783364057,0.25970706450647124,1304
1.3866822295074004,0.011664697646020525,0.0004920656632913076,0.004403491382764886,6.833999083293844e-05,0.2582668005197258,0.25826035007692655,1305
1.385697249371947,0.011412900972242696,0.0004639852497386604,0.004385496259698345,8.096288684951107e-05,0.25899793792207476,0.258993755478499,1306
1.3865922026791557,0.010577111958429855,0.0005759296413642485,0.004322613326402079,0.00010966972165181655,0.2604723312424606,0.26047081401804234,1307
1.385589581998409,0.0106885436342313,0.0005109991577409005,0.004342484460235113,9.37822886021733e-05,0.2596841255982238,0.25968109017275803,1308
1.3866515647440614,0.01164697801114138,0.0004891818105239639,0.004407270740252648,6.746932619750698e-05,0.258213971402282,0.2582076020348412,1309
1.3856737890804167,0.011384276405371856,0.00046466062575505296,0.004387006092665716,8.12942363189473e-05,0.2590163316442413,0.25901222614825303,1310
1.3864255976300506,0.010540757579931618,0.0005661281090644114,0.0043227149871237075,0.00011063542481666209,0.26051833755004383,0.260516759957098,1311
1.385445834665086,0.010675253353616307,0.000502305309412315,0.004345189458193623,9.302197481034382e-05,0.25964479003453905,0.2596416517574347,1312
1.3865924897366448,0.01162337645448542,0.0004851662860382485,0.004410711811517391,6.677889189338416e-05,0.2581718352830551,0.25816560010327066,1313
1.3855904455683938,0.01134566492647689,0.00046231759043265005,0.00438782823279315,8.197119481713102e-05,0.25905379449828253,0.259049792096575,1314
1.3863452978364634,0.010508485238558098,0.0005619529652889167,0.0043229524715078975,0.00011143659523258319,0.2605563533112805,0.2605547074668772,1315
1.3853845504130626,0.010665258464459582,0.0004988519256994936,0.004347968329513372,9.221828213934326e-05,0.2596030350483242,0.2595998223941385,1316
1.3864428635991928,0.011587502106647078,0.0004765333069610189,0.004413508625870246,6.634363232298988e-05,0.2581451600550873,0.2581390984550978,1317
1.3854352424365837,0.011295450447581132,0.00045625820158789576,0.004387810568239087,8.306251389043163e-05,0.25911386382882867,0.25910999441865307,1318
1.3863125277336916,0.010481512426744924,0.0005609341439581138,0.004323597581662649,0.00011193389452518666,0.2605798815931553,0.26057816119214156,1319
1.3853337041426923,0.010658971439566095,0.0004957756509716704,0.00435115951667123,9.120155203615629e-05,0.2595499503682562,0.25954666718629843,1320
1.386308671281834,0.011548182203366333,0.000469856351467653,0.004415779367256591,6.618662204522892e-05,0.2581355160896669,0.25812965800242815,1321
1.3853162349240942,0.011245631161277437,0.00045261437058953334,0.004387457322829543,8.434810232076932e-05,0.2591841222945238,0.25918038894637563,1322
1.386212801934821,0.010459487905029785,0.0005557111764663504,0.004325028106899357,0.00011194577643856981,0.2605804431116362,0.2605786314691715,1323
1.3852118978706538,0.010657418709075356,0.00048747018213672627,0.004355219256697074,8.972942059177254e-05,0.25947256145885433,0.2594691876443668,1324
1.3862383300305117,0.011508826017717147,0.00046843152471534274,0.004417440911011459,6.64179267421272e-05,0.25814971942720283,0.25814410304505764,1325
1.3852400626129584,0.011196882930915494,0.00045172514504597603,0.004386808647079472,8.583702835624003e-05,0.2592648274865882,0.2592612270845094,1326
1.3860784905564738,0.010444298656192138,0.0005484422577313884,0.004327342480528667,0.00011136759606235034,0.26055308467048144,0.26055115853476235,1327
1.3850812671038926,0.010659782861550358,0.00047803491888358067,0.0043598605642072375,8.795211195559085e-05,0.25937827873096075,0.25937481570280574,1328
1.386142225923114,0.01146086656394921,0.0004671543106956764,0.004418080002821194,6.71736878178049e-05,0.2581959555768565,0.25819061901834733,1329
1.3851249838457966,0.011140174927001013,0.0004487579394875775,0.004385440912592225,8.773930019677653e-05,0.25936692586694143,0.25936346457086096,1330
1.3859844778993178,0.010439644029621152,0.0005439757548961462,0.00433069321918621,0.0001100582735413362,0.26049086619595047,0.26048880420658915,1331
1.3849882655697372,0.010664518795382837,0.00047063254020543455,0.004364772246951594,8.604585391883804e-05,0.2592760904436534,0.2592725593327611,1332
1.386006085542311,0.011402178767580597,0.00046526162163538826,0.004417469805327923,6.853939931798765e-05,0.2582788525363113,0.2582738179561184,1333
1.3849929391316926,0.011079321816988077,0.0004447058846915702,0.004383606490160661,8.992399617544395e-05,0.2594828263811716,0.2594794974408708,1334
1.3858829243046733,0.010446336102295823,0.0005390102506260328,0.004335365229812613,0.00010791133096829263,0.2603880378786512,0.2603858254724958,1335
1.3848789678153508,0.010670021176328643,0.00046168932491820637,0.004370024363549299,8.399147451026225e-05,0.25916468627451383,0.2591611018113006,1336
1.3858965264149885,0.011337096679039566,0.00046682023806583154,0.0044155380981765555,7.061724664356619e-05,0.2584034068474379,0.25839868423150875,1337
1.3848990044239942,0.01102285313349007,0.0004425234021533448,0.004381883514080661,9.210873537348104e-05,0.25959732959595955,0.2595941108360336,1338
1.3857409323231986,0.010463095417209647,0.0005310769640809619,0.004341392830952,0.00010497017384115285,0.26024549529506275,0.26024312131461685,1339
1.3847489102220352,0.01067282090000909,0.0004512154556725721,0.004375248735931444,8.197523695949524e-05,0.2590540177247173,0.2590503979739214,1340
1.3858033532930714,0.0112651206367522,0.00047069965454818344,0.004412298348958158,7.340929727858813e-05,0.2585679225765986,0.25856350757491403,1341
1.3848208386314464,0.010971482454696542,0.0004407016541689579,0.004380529035514746,9.413654758148354e-05,0.2597023990631948,0.2596992623441899,1342
1.385599388889548,0.010488489376817338,0.0005224595946632512,0.004348554144823677,0.0001013844492073083,0.26006898451718485,0.26006644081457536,1343
1.3846368179059512,0.010669157710060297,0.000442382539316717,0.004379805687578951,8.03105029386388e-05,0.25896161274205926,0.25895798596531,1344
1.3856981508060302,0.011186492444817774,0.0004741295163743724,0.0044080807015346125,7.672969423185395e-05,0.2587595487459032,0.25875541204067964,1345
1.3847428977138396,0.010927108278559678,0.0004382083101225449,0.004379884591167155,9.577752392614012e-05,0.2597865992012619,0.2597835074133486,1346
1.3854656823040703,0.010518014883140334,0.0005133624344476074,0.004356386146214772,9.747875765415476e-05,0.2598731331224771,0.2598704243593685,1347
1.3845356888506393,0.010656540429576858,0.00043524018161271596,0.004383333288207579,7.917039147820148e-05,0.2588977745239021,0.2588941661197171,1348
1.3855996529749712,0.011106533713956694,0.00047724579317022584,0.004403480149802148,8.029540462858155e-05,0.25896077031446413,0.2589568604420738,1349
1.3846828522875652,0.010893830697822399,0.0004361572238235824,0.0043803315915372084,9.680570558493722e-05,0.2598389890529941,0.25983590271538826,1350
1.385318090663625,0.010544704701443747,0.0005024696236872421,0.004364208488172472,9.369510125899594e-05,0.2596796229915734,0.2596767684617856,1351
1.3844220139957715,0.010633771055005114,0.00042854484095109635,0.004385675916117762,7.862347778042827e-05,0.25886698808956166,0.25886341265890117,1352
1.3855270534586266,0.01103185269455919,0.0004804760931320024,0.0043992029965200284,8.3767172292224e-05,0.25915244078332245,0.2591486997046497,1353
1.3846476955550662,0.010872272240759222,0.00043512523447415577,0.004381950440055465,9.717441346392406e-05,0.25985770832718863,0.2598545969498038,1354
1.3851501663783459,0.010562550720564388,0.0004898644784736872,0.004371336371970994,9.040512034373963e-05,0.25950816072349114,0.259505186068484,1355
1.3842887763963472,0.010601597101263965,0.00042185123906067067,0.004386870052751443,7.865524071062606e-05,0.25886877898645727,0.2588652433949016,1356
1.3854803289206403,0.01096799203479675,0.00048345255792511555,0.0043959255063025105,8.680457214008312e-05,0.25931689713048733,0.25931327286251094,1357
1.3846303047552813,0.0108597925700079,0.00043483615210501757,0.004384545053847659,9.698963863662155e-05,0.2598483317692197,0.2598451769402196,1358
1.3849693409934918,0.010567953977396818,0.00047669430374773785,0.004377250458145192,8.783252112189007e-05,0.25937190061417054,0.25936883418340206,1359
1.3841421656718316,0.010562698897037898,0.0004152549171390445,0.004387181972908405,7.914961254638719e-05,0.25889660679958304,0.25889311479670396,1360
1.3854479826966977,0.01091847252201461,0.0004854842439254613,0.004394149002627069,8.91469090514865e-05,0.25944176408577796,0.2594382139297797,1361
1.3846166997257758,0.010852360369276897,0.00043456019299427276,0.004387788816129325,9.643923660873476e-05,0.2598203480899984,0.2598171440350208,1362
1.3847926254814926,0.01055977815300526,0.0004646255122717985,0.004381659252580273,8.605624407107191e-05,0.2592766504769271,0.2592735229342233,1363
1.383999580221855,0.010521011176533241,0.0004093699587307056,0.004387039388599165,7.990194216173296e-05,0.2589387886294359,0.2589353407156351,1364
1.3854083791646576,0.010883720683597324,0.00048549682763213814,0.004394102304557542,9.066114588613175e-05,0.2595216146680136,0.25951810656624485,1365
1.38458619699164,0.010845390294823653,0.00043313971899384864,0.0043913086411310216,9.574023748328896e-05,0.25978469404137344,0.259781446683685,1366
1.384643970363906,0.0105389166988078,0.00045550896820162096,0.004384506565875004,8.503614223391547e-05,0.25922150433681596,0.2592183448460297,1367
1.383882909853355,0.010480964160351249,0.0004050510561822534,0.004386946431073977,8.065561971188083e-05,0.2589808473827296,0.25897744105683335,1368
1.3853404089953754,0.01086087573853964,0.00048258171325405303,0.004395661040187333,9.13868946044011e-05,0.25955964929296055,0.2595561629734109,1369
1.3845238593423441,0.01083472028404937,0.00042980029986163437,0.004394710651584864,9.511161965005102e-05,0.25975251863110504,0.2597492404861879,1370
1.3845360074242086,0.01050803366250655,0.0004501071857899333,0.004386018952780869,8.462840280975382e-05,0.25919936969632995,0.25919620274026073,1371
1.3837985233669885,0.010446060347294889,0.00040226864846221275,0.004387357953741689,8.117721499077208e-05,0.25900983989817644,0.2590064715991404,1372
1.385245876523062,0.010845420832901657,0.000477320047795824,0.00439834466466167,9.156171205073993e-05,0.25956878843170544,0.25956531290818907,1373
1.3844390974540346,0.010818271633326026,0.00042529080139346823,0.004397648651558809,9.475066044573311e-05,0.25973399509172534,0.25973070104494916,1374
1.3844526940007211,0.010471363138968764,0.0004469706907646013,0.004386744117986864,8.458599044092161e-05,0.2591970642294659,0.2591939085834636,1375
1.3837267563283502,0.01041744105727157,0.00039955498695002376,0.004388525118179989,8.134534018497513e-05,0.25901916516008966,0.25901582905497644,1376
1.385152245300012,0.010833300167751428,0.0004718770705996279,0.004401487241391662,9.155556031188225e-05,0.2595684669781466,0.2595649995181767,1377
1.3843605633919251,0.01079684895588293,0.0004214734061515218,0.0043999719123276005,9.476578940602285e-05,0.259734772180489,0.25973147829707766,1378
1.3843608190301036,0.01043366505044532,0.00044337106797821775,0.0043873885492081936,8.460001379575983e-05,0.2591978265800003,0.2591946912334357,1379
1.3836385970748128,0.010394057490965466,0.00039508486429854286,0.0043904366797758365,8.118447994332853e-05,0.25901024305683973,0.2590069309912147,1380
1.3850889369264778,0.010821407439192363,0.0004684580535540127,0.0044044611440432774,9.17393758323787e-05,0.2595780674372432,0.25957461492233136,1381
1.3843130201260838,0.010773054537453943,0.0004198299400614438,0.004401794255137886,9.511934669268713e-05,0.25975291477932044,0.259749634713051,1382
1.3842359749705284,0.010398805147562879,0.0004372412943400012,0.004388532846040313,8.439995528392688e-05,0.25918694482861016,0.2591838263948484,1383
1.3835173061436026,0.010373673338283264,0.00038802415590763364,0.004392851798655704,8.084244397862933e-05,0.25899124262705825,0.25898794826232896,1384
1.385069907570937,0.010807478460570185,0.0004681485510523528,0.004406844547194175,9.236235761034763e-05,0.2596105336797884,0.25960711003583997,1385
1.3843063262819246,0.010749877948022252,0.0004208249315201005,0.00440341274609336,9.565135482561741e-05,0.2597801510635377,0.2597768913389348,1386
1.3840724023736337,0.01036877933976238,0.0004279552306335876,0.0043904474636004475,8.385152091740446e-05,0.2591570476092136,0.2591539339186709,1387
1.3833621106379759,0.010353508687496672,0.00037871770609175287,0.004395378243921359,8.054052213616484e-05,0.25897443714871105,0.2589711595393876,1388
1.3850961074549186,0.010790878229400879,0.0004709910567060974,0.004408549909177152,9.346764856585275e-05,0.259667866805343,0.25966448680531484,1389
1.3843403581225164,0.01073000230781084,0.00042430000914479187,0.004405168133884915,9.61577616955097e-05,0.25980600640911017,0.25980276423920107,1390
1.3838753871084355,0.010343246461243343,0.0004158754487398051,0.0043930511483600745,8.300263095772856e-05,0.25911057797056414,0.25910745388693374,1391
1.3831790752789408,0.01033100402644324,0.00036797019920721693,0.004397622889428035,8.049695739136151e-05,0.2589720096629106,0.2589687555263436,1392
1.3851651165957146,0.010773432491896455,0.00047661331079981186,0.004409859189759398,9.487028752040185e-05,0.25974013796208256,0.25973680899722695,1393
1.3844133524523747,0.01071539605575946,0.0004300521656640927,0.004407319833804517,9.647202272520623e-05,0.25982201724317394,0.2598187799960822,1394
1.383650844216681,0.010319858658819965,0.0004016726860251904,0.004395985007744123,8.206406372178667e-05,0.25905892177479123,0.2590557772597421,1395
1.3829728399276349,0.010304828379839228,0.00035631273224470846,0.0043993696794200265,8.084081761961826e-05,0.25899115218532187,0.2589879354483581,1396
1.3852765230342512,0.010759009098108365,0.0004847294947366155,0.004411301216036909,9.62199360055546e-05,0.2598091761124752,0.2598058886827755,1397
1.384525102427886,0.010706908376099226,0.000438042298282,0.004409972877738875,9.652022679010615e-05,0.2598244708147618,0.2598212192279639,1398
1.3834029542187365,0.010295436630814125,0.0003860956284981447,0.004398770262801342,8.132703759343222e-05,0.25901815045302706,0.25901498956535884,1399
1.3827471594841776,0.010275581267806377,0.0003438980334460716,0.004400685224128138,8.154925652532987e-05,0.25903046269718943,0.259027297425015,1400
1.3854285244194824,0.010751525463850026,0.0004950949235741814,0.004413407712077857,9.713902401224797e-05,0.25985591314958933,0.25985263879128295,1401
1.3846725224060736,0.010703780624063205,0.00044811063471195584,0.004413057014144919,9.633177663139674e-05,0.25981487527334896,0.25981159044888186,1402
1.3831396119470676,0.010267526501752172,0.0003701231649669289,0.004401004401995431,8.104214883003045e-05,0.259002341297131,0.25899918412098477,1403
1.3825105881358344,0.010245892027783346,0.00033088969865809796,0.0044019165787576395,8.243125870327415e-05,0.25907916618986976,0.25907605777803666,1404
1.3856112311356965,0.01075189017231266,0.0005071438622875039,0.004416394913529135,9.741560996315478e-05,0.25986993464837305,0.2598666350121352,1405
1.3848449259532023,0.010703448868852914,0.0004596823993723777,0.004416337429359677,9.601864878089644e-05,0.259798910591535,0.2597955806365562,1406
1.382874017256246,0.010236026085501126,0.00035475781924663215,0.004402583711529773,8.129229663320568e-05,0.2590162240784713,0.2590130991454055,1407
1.3822759043820754,0.010219142307337649,0.0003176515636056298,0.004403531365366725,8.319967634414821e-05,0.25912138565921583,0.25911832496890563,1408
1.3858081247199374,0.010756043614012136,0.0005200422570758517,0.004419908543336142,9.718896054940864e-05,0.25985844615288883,0.25985509195846374,1409
1.3850279149929938,0.010702380523859481,0.0004719927923704286,0.004419467725503115,9.574982186214188e-05,0.2597851837929669,0.2597818086145525,1410
1.382617730533212,0.010204016616618197,0.00034036655108334686,0.004403863704091965,8.189673811682264e-05,0.2590496816583139,0.2590466086776476,1411
1.3820531742961104,0.010196670212601443,0.00030465568503949185,0.0044057726708376975,8.367362788334288e-05,0.25914732900268395,0.2591442966774984,1412
1.3860039563206825,0.010757290717693005,0.0005330797977775869,0.004423192858285741,9.689676130012503e-05,0.2598436152555921,0.259840202889478,1413
1.3852092293328024,0.010698206521567988,0.0004843597673743399,0.004422176596260373,9.566028288867084e-05,0.2597806074907784,0.2597771957744346,1414
1.3823774756832754,0.01017596479666086,0.00032673105939953133,0.004405470348580372,8.248383098995429e-05,0.2590820609439683,0.2590790367092372,1415
1.3818476662570558,0.01017566545339639,0.000292567043852681,0.004408361495481794,8.397557002500968e-05,0.2591638185285944,0.2591608031372331,1416
1.3861911725135987,0.01075361906195279,0.0005458116741559495,0.004425894141199638,9.679949530640074e-05,0.25983867345257483,0.25983520658001596,1417
1.3853841226862336,0.010692864250647503,0.0004963554076510083,0.004424594280113632,9.567647467242646e-05,0.2597814352051438,0.25977799026224013,1418
1.3821545240478466,0.010152568732775258,0.0003137443590471952,0.004407615643536129,8.286858786140377e-05,0.2591032185440867,0.25910023461045956,1419
1.38165881251207,0.010151657867625046,0.00028183816296891524,0.004410812339988828,8.436499317443873e-05,0.25918504181669516,0.2591820353096854,1420
1.3863755843093104,0.010753148321508864,0.0005581605490444404,0.004428700520389646,9.663933599447631e-05,0.2598305308093956,0.2598270109429723,1421
1.3855602625753325,0.010692091453632643,0.00050815209428657,0.0044271478303881,9.558032794867672e-05,0.25977651921435624,0.25977303769722104,1422
1.3819439670745712,0.010127109901975778,0.0003017401731101732,0.004409604455630036,8.329572553051027e-05,0.259126649195105,0.25912370129905765,1423
1.3814809941969173,0.010128266263005859,0.0002717568779584124,0.004413629511024629,8.470378336471598e-05,0.2592034658343863,0.2592004661598628,1424
1.3865691310467594,0.010758054739628325,0.0005707426514815293,0.004431482834073737,9.648672051502973e-05,0.25982276542095095,0.2598191398812055,1425
1.385743766222693,0.010695474325426479,0.0005201550268069424,0.004429398070581716,9.555248160373067e-05,0.25977509496648143,0.2597716001801364,1426
1.3817455271349897,0.010099354530726586,0.00029068709823940877,0.004411398083951569,8.371208587791483e-05,0.25914943090459264,0.2591465709081399,1427
1.381313035848895,0.010105560203368795,0.00026209050390188016,0.0044172269645270865,8.482237854927642e-05,0.2592099065440034,0.25920672761648594,1428
1.3867663114534565,0.010775722099359068,0.0005826725889979141,0.00443427937764777,9.697672198315268e-05,0.259847675968631,0.2598444942418169,1429
1.3859264283835084,0.01069610431345697,0.00053222781878889,0.004429842688510437,9.593955300635085e-05,0.25979487381268135,0.2597914732502486,1430
1.3815667618759242,0.010056394675305622,0.0002814111552542139,0.004412321965221058,8.35378628021344e-05,0.25913990496679995,0.25913668889614855,1431
1.3812476298097458,0.010143583700145406,0.00025564328506147665,0.0044260937396741265,8.522917863349895e-05,0.25923196504724205,0.2592296756916439,1432
1.3872821376360998,0.010670118236845983,0.0006226492549364277,0.0044203639741023275,9.798011144584797e-05,0.25989849036196166,0.2598908049758354,1433
1.385867925450526,0.010665917400477494,0.0005304423862649431,0.004426833389739849,9.527674698713869e-05,0.2597609808414492,0.259757395472055,1434
1.3821503599448253,0.010220987375761865,0.00030880709066212627,0.0044271425206537166,8.212028438733491e-05,0.2590620242985403,0.2590613293752933,1435
1.3859453328031388,0.010030260550236817,0.0005745367313771356,0.0044010905464748696,8.705558427349005e-05,0.25933035820713707,0.25931690027936743,1436
1.3805985412500612,0.010225403227142616,0.00020891958901858365,0.004437986658024759,9.10722232201172e-05,0.2595431767886861,0.25954075697820744,1437
1.3809843516661444,0.009936205590537685,0.0002467639672311886,0.004390104391623352,7.939718678803156e-05,0.25891050990617437,0.2589069968858638,1438
1.3903550095704678,0.01149822083842099,0.0007660261387486422,0.004528732491509842,0.0001087979857208336,0.26043062729277744,0.26043062707032094,1439
1.3838125738842755,0.010768521668325011,0.00036953217251009773,0.004514028189220365,0.0001148059271227639,0.2607147527793582,0.260708451760213,1440
1.3940932227650653,0.010201693905972522,0.0010674705939710408,0.004306808620035445,6.253593943212729e-05,0.2579079668330189,0.25789681495898054,1441
1.396144285893857,0.010417563360781838,0.0011205282014298719,0.004251079394802657,4.580906818466852e-05,0.25676823966660967,0.25676773005281334,1442
1.3893633695701892,0.010723376194760551,0.0007249100899757385,0.004381394388795147,6.438476965575592e-05,0.2580240120672738,0.25802234895465587,1443
1.386388751032733,0.010948190449242137,0.0005198628908927977,0.004523411384654079,0.00012062983490931412,0.26098316142598815,0.2609754867130361,1444
1.3922407503834404,0.011082879101246518,0.0008746984821823001,0.004519448129545172,0.00013163121087890895,0.2614730645809613,0.26144706941095847,1445
1.3817989316929902,0.010111807859199769,0.00029557210213755424,0.004439850860780148,8.72403113059203e-05,0.2593402522078325,0.25933825994556875,1446
1.3907184100442544,0.010704154574370644,0.000805478641622301,0.004328132554810892,6.06260347277126e-05,0.2577862721971244,0.25778503126347657,1447
1.386885066783482,0.010271150374328564,0.0005860436696635457,0.0043126295233049715,6.294888946128484e-05,0.2579340336186132,0.25793268961891697,1448
1.3868259759751385,0.010535103307291325,0.0005975746863571669,0.004496802034114108,0.00010171052508432273,0.2600851636121742,0.2600714813503449,1449
1.390817594809863,0.011867452653917416,0.0007235634780245743,0.004594212139451382,0.00013540188421318238,0.2616362315297171,0.2616297810998116,1450
1.3840738225930216,0.010305315088799278,0.00043290973015965104,0.0044349605132851825,0.0001011708021349759,0.2600583697553319,0.2600562290992825,1451
1.388532142645015,0.010127952671238383,0.0006882251884657579,0.004275453340519242,5.787589170167991e-05,0.2576076206333965,0.2576042775182348,1452
1.3852566843048644,0.01003050912133869,0.0004655173069312238,0.004357026364145198,5.494952520680498e-05,0.25741279469611866,0.25741273575611984,1453
1.3859338704858477,0.011081205683033321,0.0004926495462538182,0.00452776525367281,0.00011344776258372249,0.26065118597076037,0.26064776408113877,1454
1.3882750513599558,0.010858652069466956,0.0005813756776744632,0.004525448598282228,0.00014882974151281727,0.26219957956295287,0.26217536027759214,1455
1.3823019305602906,0.010136659198774111,0.0003240305754094521,0.0044071515845438315,8.233329926889901e-05,0.2590737698487949,0.2590701526940383,1456
1.3882172713904546,0.010518851543973239,0.0006038875563751914,0.004338388725674302,4.927530806392733e-05,0.2570196373171217,0.25701854622449494,1457
1.3837130627158887,0.01019452101534029,0.00038932405832479126,0.00434520421041816,6.659865000415211e-05,0.2581607995934315,0.258158788077094,1458
1.3887835344065351,0.011188585614555739,0.0006225876891473284,0.004548360909520152,0.00013950702322341793,0.261811309124031,0.2618023349299605,1459
1.391546484820064,0.01231949394525595,0.0007077033458501715,0.004602619094174772,0.0001480675366244014,0.26216830048217094,0.26215851304600446,1460
1.3835675582037053,0.010315517410421781,0.00038986504805266567,0.004402297919244577,7.728056368014156e-05,0.25879093645069406,0.25878272236550115,1461
1.3889928810396737,0.009887235646247113,0.0007177230360996371,0.0042541804225470605,5.340002652202195e-05,0.2573075321772827,0.25730684705495366,1462
1.3850591413195108,0.010270632831355677,0.0004798717481125852,0.004377447337248125,6.898850202678598e-05,0.25830593173742633,0.25830542597803885,1463
1.3879907149572106,0.01095718028011333,0.000632699414498903,0.0045629755690862785,0.00011479423287975507,0.2607142070579094,0.26069753692964465,1464
1.389335143886723,0.01136723016049351,0.0006361179769369849,0.004545235058235658,0.00014225057646276735,0.26192688460842845,0.2619014611104671,1465
1.3860562281115956,0.01011785090339313,0.0005787658351543688,0.004360235900728681,8.532819921748075e-05,0.25923732641068187,0.259237198515602,1466
1.3878395285210652,0.009743677359954241,0.000610364709403358,0.00427703905964135,4.556146549794383e-05,0.2567499233697831,0.25674980667804065,1467
1.3872717935068344,0.01096669035432531,0.0005832932720795465,0.004422519590100321,7.131862444665466e-05,0.2584450354911424,0.2584353929469274,1468
1.3856192688085445,0.010866466836818394,0.0004467288669140869,0.004554637945949883,0.0001338140176283934,0.26156780089854564,0.2615579104117424,1469
1.3875942480903112,0.010717306058331039,0.0006375584658978811,0.0044371871007359166,0.00010505020395522312,0.260249400175387,0.2602480435642497,1470
1.3863071694704936,0.01044439250011081,0.0005310138664298882,0.004308750362683124,6.160748530289091e-05,0.25784904359160343,0.2578442865572228,1471
1.3880548415151,0.01041141041977135,0.000668913478563575,0.004382189474985507,6.973090458139641e-05,0.2583505032531816,0.2583388595738208,1472
1.3874429509935877,0.01153142350146453,0.0005728159488860263,0.004489652371523255,0.0001044527983100242,0.26022021517924276,0.26021614280723177,1473
1.389175244021965,0.010766508586005176,0.0007282701080373565,0.00449958130821632,0.00011517341628073531,0.2607318878246437,0.260731698792774,1474
1.3856547185582797,0.010143853981473652,0.0005501143254504905,0.004421115622776893,8.78823279005288e-05,0.25937455747758414,0.25936986583332716,1475
1.3873168435260945,0.010465989081606198,0.0006061158655524594,0.004346236467051355,6.66940379006576e-05,0.2581666417761928,0.2581429611520533,1476
1.3850089456912986,0.0100057126025004,0.0005059636190180353,0.004372043138775023,7.761861124933462e-05,0.2588101425215109,0.25879731429826136,1477
1.3852408315013447,0.010288800575882261,0.0005103820723798652,0.004466437397754979,0.00010385466922061465,0.260190911108464,0.2601906944169566,1478
1.3842660045367967,0.010624797085783129,0.0004223994685643008,0.004486965704662041,0.00010422478127639378,0.26020905388742727,0.26020790290191587,1479
1.3865255577913351,0.010248575266414721,0.000591517905060319,0.00439071358705947,7.87062288264283e-05,0.2588716531056184,0.2588563347605434,1480
1.384048979784874,0.009932040082566209,0.0004332813057087982,0.004344683994132647,6.970971068603497e-05,0.258349234137694,0.25833521552351624,1481
1.3895483389463494,0.01053184760762021,0.0007841804083076865,0.004446082332659996,8.660979345018644e-05,0.25930643827950234,0.2593055750707445,1482
1.3877223825669203,0.010561963608772013,0.0006568291429832026,0.0045086805191912336,0.00010461368782196172,0.26022808329170044,0.26022770640932785,1483
1.3857204760715587,0.010724048384040155,0.0005086444869466788,0.004462410563101747,0.00010696681067543659,0.2603424760418111,0.26033430403470775,1484
1.3853227355698599,0.010053897333152303,0.0005335542798426793,0.0043797655480725785,8.915165444610575e-05,0.25944201538052686,0.25943353155001825,1485
1.3854140554353203,0.0098997451736215,0.000527772391895311,0.004382294220159066,6.878335834204524e-05,0.258293573315649,0.25829300685589857,1486
1.3843039265613795,0.010167745658510648,0.00043581072314865783,0.004434453743210242,6.88952511508734e-05,0.25830031632836203,0.25829912635019253,1487
1.3865679713468415,0.010302820231980285,0.0005953186952684189,0.004449686805768572,0.0001031944874875405,0.2601584687570293,0.2601459581270115,1488
1.3861325162091749,0.010273452275108378,0.0005420263712306447,0.004449746352821875,0.00012382894091920484,0.26112784529543814,0.26111909087929913,1489
1.3847778907052906,0.010075391104482257,0.0004982131258792617,0.0044507460361225964,9.22530424321715e-05,0.2596048447375359,0.2596048332481042,1490
1.384269001976806,0.009953956756661934,0.0004285317076820019,0.0044199207857495565,6.158064779466295e-05,0.2578473338016592,0.2578470431344641,1491
1.386074871959487,0.010035901002697103,0.0005750929773002521,0.004379532457159371,7.733928870577921e-05,0.2587942759057116,0.25878326466809026,1492
1.3844560702207909,0.009822410177058883,0.0004851724404446227,0.0044095141290739995,0.00010618148398612847,0.26030444001322384,0.26029550958066316,1493
1.3866175990724503,0.01035567418524532,0.0006012242557159015,0.004497370824706233,9.74111109062862e-05,0.2598697067284842,0.2598696940280798,1494
1.386016871253931,0.010316948330530984,0.000558461595629852,0.004497028052662684,8.037809871634807e-05,0.258965383355794,0.25896531574119735,1495
1.3844542009571426,0.01008507734621656,0.0004710172048902817,0.004396607156057001,8.390000333499564e-05,0.2591596945000909,0.2591514546400356,1496
1.3841649483652037,0.009677001812736449,0.00048229497440534214,0.004361558535301326,9.427868350126358e-05,0.2597097210825679,0.2597025835500086,1497
1.385673007654202,0.010203129143070576,0.0005451171432312619,0.004462466359827515,8.245213198956705e-05,0.2590803156327061,0.25908005587254146,1498
1.384936207243598,0.01036142968124895,0.0004809159385343183,0.0045123602505918806,7.833263657390974e-05,0.25885057266926326,0.2588497439386161,1499
1.385244624572718,0.01011106135688677,0.000523494705459133,0.004430792096039193,9.855032567807318e-05,0.2599272516679126,0.25991827851307403,1500
1.3852104266796168,0.009824250638951116,0.0005376836927253675,0.004374578268653477,0.00010435414791776094,0.2602153878006545,0.2602090865653908,1501
1.3840027444108263,0.009833843160058227,0.00045387858760620323,0.004426024394569108,7.798999371686619e-05,0.25883119435392893,0.25883096969915537,1502
1.3835661459486848,0.010151937716975588,0.0003884246966984599,0.00447834276485943,6.929880604020434e-05,0.2583245904427908,0.25832343120602264,1503
1.3849663694954408,0.010003205445884416,0.0005098409365666156,0.004437087906049445,0.00010245855889042873,0.2601221815282294,0.26011266160138974,1504
1.3840788523647582,0.009729799998968067,0.00045767349797598626,0.0044140247358582544,0.00011414235889192885,0.26068374273800754,0.2606770125523701,1505
1.3844672292675129,0.009943884708735883,0.00047475332804001,0.004456622483951475,7.602351672510968e-05,0.2587191465594466,0.25871889313136043,1506
1.3839963384353366,0.009990034190582052,0.00041392919340967353,0.00446049883665657,6.363997503203514e-05,0.2579774667051662,0.2579769320285731,1507
1.3841590781934046,0.009931770289274808,0.0004639900702643583,0.004406010327211942,9.771511378246901e-05,0.25988509553734657,0.25987809782908317,1508
1.383292287834624,0.009703905979012618,0.00040683055578165546,0.004413521011734393,0.00011433468476993885,0.2606927398158722,0.2606865190338855,1509
1.3850693555822393,0.010195143753665368,0.0004983337751697056,0.004492142011906249,7.629315213253324e-05,0.25873459513271985,0.2587340402096705,1510
1.3840649311541766,0.01010486134896648,0.0004174341296306719,0.004486220778191116,6.613224699230879e-05,0.2581321735712114,0.2581313960640592,1511
1.3842820807478846,0.009819789750544445,0.00047930182232454766,0.004393585441891818,9.911973194141984e-05,0.2599558893094198,0.2599495757336409,1512
1.383648528366263,0.009688544157748256,0.00043919209725216696,0.004389088587781465,0.00010828913664757788,0.26040620664063413,0.2604008192346109,1513
1.3844578980118836,0.010123848164581074,0.0004581932181034243,0.004489218280886703,7.362781975116249e-05,0.25858066546085806,0.2585800921720552,1514
1.3836932102165451,0.010188863469615674,0.0003991616480618237,0.004501558374648783,7.16402687309763e-05,0.25846405746264617,0.25846306432630634,1515
1.384486447060923,0.009741193271859473,0.0004907436224584887,0.004403130894336701,0.00010871203134375997,0.26042650619065466,0.26041990397207876,1516
1.3839272532907523,0.009601380076348667,0.00046546328799528544,0.004386100745104399,0.00010634676206258674,0.2603124566453676,0.26030697225305316,1517
1.3838755276731582,0.009977287246649966,0.00041478923554293036,0.0044759353831223215,6.668671737494233e-05,0.2581661935670753,0.2581656113011504,1518
1.3832298491358772,0.010066829174981846,0.00037475231871375076,0.004492384674173691,7.07597109524227e-05,0.25841187915702685,0.25841101738398736,1519
1.3845090533515543,0.009764991412555882,0.00047999342211818785,0.0044099399678077375,0.00011703947766909533,0.2608184785283835,0.26081234652420665,1520
1.3837582442592085,0.009637519506197734,0.0004459618952634421,0.004402651181129017,0.00011167077522734684,0.2605674393883924,0.26056175394291176,1521
1.3837547923898414,0.010013507575712633,0.0003978223141967161,0.0044806298555851234,6.423787315571557e-05,0.25801485328348034,0.2580140854456538,1522
1.3830247236653017,0.009960609260637535,0.0003607781442991482,0.00447972918514353,6.737016047075755e-05,0.2582079327769395,0.2582071390799589,1523
1.3844387012002932,0.009716729149098394,0.0004789032423453925,0.004403165130015195,0.00011691859948055272,0.26081289043135797,0.26080744905985104,1524
1.3835869974157962,0.009708868041632599,0.0004274450266990074,0.004412711178832411,0.00011349468433988727,0.2606533883971198,0.2606477899599778,1525
1.3838424747435005,0.010060493219143265,0.00040316487787749977,0.004494748523475085,6.524103763789838e-05,0.2580771924353638,0.25807622011337367,1526
1.3831338671296127,0.009980911250938562,0.0003675317010375871,0.004481289355686229,6.773069614661125e-05,0.25822986610745347,0.2582289973165966,1527
1.3842167128955059,0.00960847285046884,0.0004745868276580318,0.004396408709528943,0.00011472225752950101,0.26071084765690844,0.2607055883326863,1528
1.3834358417655723,0.009651575444890457,0.00042554877884557244,0.004410337187447078,0.00010996492006116311,0.26048641597788125,0.2604808524484285,1529
1.3838863353992983,0.010047258072793113,0.0004065534446460367,0.004500962787113965,6.509375970400367e-05,0.25806807038293567,0.258067080881005,1530
1.3832489468558904,0.009981827627376788,0.0003801980150693543,0.004489752354201858,7.001944083858998e-05,0.2583677619970091,0.25836693465804944,1531
1.3839161552559545,0.009606255558694106,0.00045413639078061024,0.004399459482423843,0.00011510614988484918,0.260728753417096,0.2607234518221564,1532
1.3832483498826431,0.009622690160208964,0.0004183361704694869,0.004408422462890213,0.00010664413293274538,0.2603268646225631,0.26032100293214633,1533
1.3838952848136545,0.010023991361544235,0.0004051499925083645,0.004498949555216171,6.380443686258169e-05,0.2579877679524747,0.25798677123955194,1534
1.3833011528926586,0.00996907483246235,0.00038671232942732526,0.004493342077604573,7.108887347557637e-05,0.25843142179442924,0.258430715614213,1535
1.3836943697483133,0.009620100195635105,0.00043703582990260037,0.004407182940263733,0.00011609644998138315,0.26077480626189553,0.26076975383056644,1536
1.3831043809781567,0.009645062198245149,0.0004081670700633385,0.0044123250574899615,0.00010561661556991398,0.2602769944813605,0.2602711533014781,1537
1.3838413785254893,0.00999044311801726,0.00040202448834866306,0.004495051870137322,6.318465431226219e-05,0.2579488775504635,0.25794790026926595,1538
1.3832674305057615,0.00994134621676982,0.00038588238316384905,0.004490598597655093,7.086085970805588e-05,0.258417889266797,0.2584172265625788,1539
1.3835302823511926,0.00960482804965272,0.0004275220698069675,0.004413510185325861,0.00011582870385046334,0.2607623744522509,0.2607574651312855,1540
1.3829899363981795,0.009651069717592336,0.0003997211634669502,0.004420477819385471,0.00010610692848451615,0.2603008217383137,0.26029516110800344,1541
1.383710433348661,0.009953240811849458,0.0003983187263703533,0.004494551661238587,6.406612314251836e-05,0.25800413162950975,0.258003218873383,1542
1.3831300606820423,0.009893395494493522,0.00037937137742169734,0.004485964700026343,7.057835792359698e-05,0.2584010926624813,0.25840043501437515,1543
1.3834558516803086,0.009602201487810514,0.0004255109448837638,0.004414776963566215,0.0001138312449126252,0.2606691726442412,0.26066418151252946,1544
1.3828969288394615,0.009644913497547848,0.0003938636036863866,0.004426098138119299,0.00010615852036867665,0.2603033256945841,0.2602976567526792,1545
1.3836061906237203,0.00993658001554089,0.00039767157671428304,0.00449767476266374,6.600230265964635e-05,0.2581241801223044,0.25812329177399307,1546
1.382995220566942,0.009863150274491875,0.0003740384263911762,0.004486441302263174,7.141077141173607e-05,0.2584504894184737,0.25844982381717474,1547
1.3834384501851116,0.009600494494585268,0.0004271503262113149,0.004415173960497161,0.00011172336281030136,0.2605699272850054,0.26056481286017813,1548
1.3828671857432786,0.009632436043115426,0.00039369254464222006,0.004425862384598163,0.00010500842669312935,0.26024736193823217,0.260241610539827,1549
1.3834898899583277,0.00991524997563385,0.00039470598827535193,0.004498335807130481,6.736242115381103e-05,0.2582074613099186,0.25820656443109147,1550
1.3829092083258985,0.009854467721700195,0.00037126618990040365,0.004490433865966191,7.270161127820295e-05,0.25852652398566983,0.2585258515830669,1551
1.3833757031666796,0.009602383863386368,0.0004237971532887449,0.004419398856903527,0.00011091568988138408,0.2605316518116288,0.26052651520385284,1552
1.382844395677784,0.009612831590740278,0.0003942435463158991,0.004425331705736664,0.00010407129691711816,0.26020153404724594,0.2601958098052921,1553
1.383336966904272,0.009876278921637163,0.0003880444212596444,0.004495557310165549,6.775382512802164e-05,0.25823127117327704,0.258230365442894,1554
1.3828065417569044,0.009841509556223605,0.0003661887712824517,0.004492128721324776,7.322249242555469e-05,0.25855701422375554,0.2585563109937628,1555
1.383286691510872,0.009607644763332797,0.00041760123256665623,0.004425196466170069,0.00011081976746958518,0.2605270968205667,0.26052193999954526,1556
1.3827709557800463,0.00960085330350599,0.00039006694141128053,0.004428348617791,0.0001041990439441458,0.2602077932945444,0.2602021882533057,1557
1.3832173574276476,0.009835367796896907,0.0003833776676002085,0.004493642963188382,6.799588290216823e-05,0.25824596161173263,0.25824508889072445,1558
1.3826923178503123,0.009810249712275692,0.0003601287397866864,0.004491014182945706,7.29198114061588e-05,0.25853930977340434,0.25853859248065486,1559
1.3832116986792027,0.009602848560085045,0.0004134366904467125,0.004428653131112927,0.00011036166369541538,0.2605053159731355,0.2605001293283449,1560
1.3826784405863721,0.009591405993197171,0.0003841018086861857,0.004432635996989216,0.00010472989223839079,0.2602337623696464,0.2602282042465386,1561
1.3831426240276672,0.009813506049006361,0.000381201279740513,0.004494768672290262,6.858684788238618e-05,0.2582817176891262,0.2582808532702181,1562
1.3826073970260937,0.009778554826974404,0.000356137617356848,0.004490640877353976,7.267060411781985e-05,0.25852470551502044,0.25852398463401965,1563
1.3831361474349135,0.009591020316665668,0.00041016860902985284,0.004429936124852581,0.00010950314402118885,0.2604643749942932,0.2604592485961789,1564
1.3825944413001219,0.009577537113797682,0.00037945902675033867,0.004435113502158116,0.00010470106972729802,0.2602323540657709,0.2602268635159979,1565
1.3830810349588247,0.009801711063917896,0.0003791511091568177,0.0044968491645426024,6.91653328746641e-05,0.25831656977813955,0.2583156842153093,1566
1.382550512485118,0.009763372972301166,0.0003537711474278605,0.004492338912498937,7.291078001476726e-05,0.25853878094430155,0.25853803006000575,1567
1.383040659746046,0.009577865892953083,0.00040529655055448257,0.004431589026299285,0.00010894077399322557,0.2604374697122064,0.2604323854508543,1568
1.3825092440717188,0.00956330680136242,0.00037517072190180155,0.004436343574395403,0.0001041690894136508,0.2602063259507842,0.2602009212195649,1569
1.3830171395898927,0.009780967651784718,0.00037668657634452705,0.004497920616410898,6.935690122285492e-05,0.25832807908360955,0.25832719319266795,1570
1.3824958677808066,0.009750329287752482,0.0003516598599985606,0.004494312985256455,7.329587255574141e-05,0.2585613008681941,0.25856053736643514,1571
1.382941312241561,0.009563260412880368,0.0003997845728412287,0.0044342612240228585,0.00010880729008241104,0.26043107329484416,0.26042600447869424,1572
1.3824189806297549,0.009547611073275685,0.0003705790369656609,0.004438120327039537,0.0001036729956070523,0.2601819936950998,0.2601766089016738,1573
1.3829585301832525,0.009755789762955418,0.0003744212542235608,0.004498384158254866,6.934086577400577e-05,0.25832711629401234,0.258326229021502,1574
1.3824382650658285,0.009727934298397146,0.0003497482588495184,0.004495437738730759,7.355153259176503e-05,0.25857621901491357,0.2585754629936729,1575
1.382853018396111,0.00955252198670407,0.0003946794525111167,0.004437182255003934,0.00010874955642552238,0.26042830553951707,0.26042329021173943,1576
1.382335655429486,0.009534815382656534,0.00036609881928625096,0.004440789131750296,0.00010336981473821967,0.26016709470489086,0.26016173277015964,1577
1.3828991599448135,0.009735283254828319,0.00037195053037358106,0.004498951679927937,6.939871699640023e-05,0.258330589234646,0.2583296911358978,1578
1.3823790493096706,0.009703687883845515,0.0003476758116214542,0.0044958654535525895,7.370661105399099e-05,0.2585852554448887,0.2585844928810651,1579
1.3827708471581122,0.009542276115676717,0.0003901162611140294,0.0044398022071220474,0.00010853077491951815,0.26041781046667284,0.26041283459600306,1580
1.3822586714391483,0.009527578547780018,0.00036160363463217857,0.00444385915456127,0.00010316161642574752,0.2601568507139638,0.26015154288181164,1581
1.3828342316849238,0.009715722612289571,0.0003694609216365563,0.004499904225887964,6.964967910803138e-05,0.25834563832837437,0.2583447433582654,1582
1.3823146077109905,0.009681879948718374,0.0003451057797664214,0.004496200210331677,7.387171973979763e-05,0.25859486589423,0.258594092516272,1583
1.3826958055283447,0.009528331051143266,0.0003864899501178444,0.004442011439282668,0.00010808904081530009,0.260396587941017,0.2603916020266923,1584
1.3821863214529901,0.009517697164114214,0.0003576114590235728,0.004446646420072184,0.00010291327770930181,0.2601446181647858,0.2601393305582103,1585
1.3827688333342243,0.009694429827132672,0.00036742301713324894,0.004501088299818053,7.007969894802942e-05,0.25837136183353876,0.25837047681605096,1586
1.382248964213283,0.009659576039657539,0.0003426772007333814,0.0044970109153424686,7.415231837653354e-05,0.25861117404170497,0.25861040349222514,1587
1.3826284535169797,0.009516203716409008,0.00038336859424466105,0.004444200468606246,0.00010752289503183653,0.26036932471436,0.2603643354050905,1588
1.382121467292408,0.009504198362570136,0.000354444217925144,0.004448901548808849,0.0001025306316415566,0.2601257410416007,0.2601204522805551,1589
1.3827026856223978,0.00967378783190587,0.0003653252786658171,0.004502087800574673,7.053750091782845e-05,0.258398660662143,0.2583977761577074,1590
1.3821860302835838,0.009639069267584411,0.00034046340820307025,0.004498264641878448,7.453576444668604e-05,0.25863340978100113,0.2586326386053138,1591
1.3825631670917713,0.00950681939841083,0.00038010008578565595,0.004446741662415411,0.0001070453913627663,0.26034627427448,0.26034129350593116,1592
1.3820612972832609,0.00949182951107995,0.0003515234175410641,0.004450956223400222,0.00010213130954579712,0.2601060036387188,0.26010074228388597,1593
1.3826347629680547,0.009652122716565426,0.0003629582747934355,0.0045027353706553076,7.089532811303496e-05,0.25841993634851446,0.25841905699142853,1594
1.3821240586908892,0.00961995702921387,0.00033809094280845206,0.004499484227728461,7.484676360933354e-05,0.258651402407086,0.25865062347707696,1595
1.382497993746302,0.009496289892888612,0.00037679763902512676,0.004449526997446051,0.00010667277759322547,0.26032825142960925,0.26032325794368544,1596
1.3820014858533547,0.00947959828042047,0.00034851308886612627,0.00445321851282244,0.00010188041699369457,0.2600935829611538,0.2600883508703012,1597
1.3825675652336804,0.009629496305832288,0.0003606261224259886,0.004503331549336748,7.121962110570736e-05,0.2584391718258196,0.25843830484421804,1598
1.38206187133672,0.009599588807331055,0.0003355937277879985,0.004500451247160827,7.50364960775398e-05,0.2586623608835894,0.2586615794742148,1599
1.382434082655334,0.009484807514819464,0.00037365386200635653,0.004452184140785406,0.00010627921145296481,0.2603091809302662,0.26030417405117057,1600
1.3819408014480672,0.009466428925489906,0.00034544764160838754,0.004455670925830097,0.0001017115379336663,0.26008521382686883,0.26007999668448956,1601
1.38250414253334,0.009608245216846669,0.00035849212566790227,0.00450417573222701,7.157102330066994e-05,0.2584599659160466,0.2584591067143192,1602
1.3820016751033892,0.009578717503852347,0.00033323138769037397,0.004501359463162491,7.52075907288603e-05,0.25867223101219405,0.2586714490617722,1603
1.3823713676527383,0.009473005998838087,0.0003706277150941871,0.004454586809315573,0.00010586128669728769,0.2602888914221741,0.2602838850350015,1604
1.3818803095832226,0.009453596929803739,0.00034239002297225456,0.004458098576076936,0.00010151317753471092,0.2600753748086466,0.2600701771440329,1605
1.3824448903548376,0.009588611809225902,0.00035650924181327906,0.004505266389021387,7.192024088329885e-05,0.2584805802209105,0.2584797265381868,1606
1.3819454276009282,0.00955865959964954,0.0003311215474126875,0.004502398935404955,7.541016995671476e-05,0.25868390292188453,0.2586831183968361,1607
1.3823085204020527,0.009459880124091047,0.0003676626681110269,0.004456837177367356,0.0001054526127004062,0.26026901225534405,0.2602640054296935,1608
1.3818205381489366,0.009440634215670485,0.0003394202292251579,0.004460378442395265,0.00010126101319473681,0.2600628531339147,0.26005767875548486,1609
1.3823881978548647,0.009569562155488523,0.0003546169249013572,0.0045064401643252865,7.225393596312994e-05,0.2585002315240898,0.2584993869280633,1610
1.3818921627072294,0.009539563138744643,0.0003292003916294567,0.004503608399780886,7.565202243712854e-05,0.2586978171075925,0.25869703182117754,1611
1.3822450281077594,0.009446170418188553,0.00036466738965908733,0.004459126994908756,0.00010506079390093173,0.26024991677531734,0.2602449030969291,1612
1.3817605505939872,0.009426979619937369,0.0003365041115108548,0.004462569039317304,0.00010096122061636369,0.26004794608944354,0.26004278828064575,1613
1.3823335926517486,0.009550202008901179,0.0003528369599729174,0.004507530527232343,7.256753674508128e-05,0.25851865815402175,0.2585178245414914,1614
1.3818404874726369,0.009520701271906235,0.0003273955855067158,0.004504842072476142,7.591532503418282e-05,0.25871294009127704,0.25871215717642504,1615
1.3821816666206912,0.009432889512676191,0.0003616254696126387,0.004461527089267583,0.00010468994234120817,0.2602318103159318,0.26022679036951046,1616
1.3817003673584158,0.009413393927052323,0.0003335671353948054,0.004464820272243964,0.00010065485133035754,0.26003268913753225,0.2600275448504601,1617
1.3822808663993849,0.009530521741028117,0.00035117344421755085,0.00450855530546364,7.286999252621716e-05,0.2585363922429922,0.25853556937399647,1618
1.3817900359969668,0.009501425650481397,0.00032567094213666926,0.004505996304339705,7.616300101586211e-05,0.2587271416291855,0.25872636118290143,1619
1.3821189671294603,0.009419783709169276,0.00035861009919493984,0.004463952795626758,0.00010431547808508738,0.26021349490062473,0.26020846814954185,1620
1.381640674225948,0.009400181052846143,0.0003306170518690905,0.004467145927858584,0.00010037591328449291,0.26001877803349754,0.2600136482118495,1621
1.3822295490556284,0.00951104624857163,0.0003496058730668494,0.004509600562775789,7.318707100321647e-05,0.25855494424313896,0.2585541326407206,1622
1.3817407795970649,0.009481953860825074,0.0003239987543820318,0.004507117823481718,7.638643682757972e-05,0.25873993345670204,0.25873915472690434,1623
1.3820570219959811,0.009406420321466461,0.00035567306096608226,0.004466347007360437,0.00010391428971907972,0.2601938358687532,0.2601887985131136,1624
1.3815817623301774,0.009386936058922416,0.00032770422369840816,0.004469478417732347,0.00010011948834497493,0.2600059726336311,0.26000085695325853,1625
1.3821793979068706,0.009492000227559425,0.00034811412174095505,0.004510696047186956,7.352610514127671e-05,0.25857473644733625,0.2585739369448995,1626
1.3816926473234785,0.009462821809030566,0.00032235811123249047,0.004508270971539093,7.659860603918496e-05,0.25875206295905057,0.2587512857083548,1627
1.3819957040866522,0.009392677704028652,0.0003528067596848396,0.004468704018388211,0.00010349365603721206,0.26017318318114896,0.26016813223425655,1628
1.3815233352895597,0.009373293853090651,0.0003248424808788478,0.004471777319863157,9.98699060906866e-05,0.25999349318760395,0.25998839160011283,1629
1.3821304914948223,0.009473168123589044,0.0003466929376158542,0.004511842786269265,7.387353365932843e-05,0.2585949714170164,0.2585941847529937,1630
1.381645392368617,0.009444075845909491,0.0003207425430508072,0.004509480212629123,7.680853408819695e-05,0.2587640478141209,0.2587632722074413,1631
1.3819351996758624,0.009378717145489221,0.00034999748241355914,0.004471024700791044,0.00010307364497237388,0.26015251914415205,0.26014745371155945,1632
1.3814653548576914,0.009359362240755214,0.00032202555994882345,0.004474024603640912,9.962092790648259e-05,0.25998102839924236,0.25997594102581884,1633
1.3820829064938962,0.00945449505555755,0.0003453264990709214,0.004513026430943627,7.421481090642844e-05,0.25861480184951624,0.2586140282098505,1634
1.3815991604070212,0.0094254895123192,0.0003191798682063994,0.004510747884868237,7.701829255964971e-05,0.2587760066408162,0.2587752331354285,1635
1.3818753153846626,0.009364596678604918,0.0003472201794311579,0.004473330118131112,0.00010266714310366937,0.2601324796127932,0.260127401333678,1636
1.3814079049450345,0.009345404713765127,0.00031924184148489647,0.0044762298378407265,9.937215687404192e-05,0.25996855841503885,0.2599634860903124,1637
1.3820363497308747,0.009436041494054062,0.0003439800436354685,0.004514215859632988,7.454245257109073e-05,0.25863379711199486,0.25863303626775386,1638
1.3815539623736282,0.009407022299343506,0.0003176698019757929,0.004512043749197874,7.72250426398682e-05,0.25878777802631975,0.2587870067432847,1639
1.3818156442819443,0.009350219323336293,0.0003444528693737222,0.004475645406552834,0.00010227731832562646,0.26011322492213174,0.2601081349459316,1640
1.381350691935512,0.00933148159594571,0.00031646470352007414,0.004478436773454903,9.912983798768111e-05,0.25995639683759547,0.25995134025464317,1641
1.38199070788026,0.009417685519307195,0.0003426586696890599,0.004515402517574977,7.485839960590323e-05,0.25865207487287895,0.25865132659979356,1642
1.3815095503461943,0.009388604451148181,0.00031619053356960294,0.004513327118269756,7.742097789396929e-05,0.2587989191321417,0.2587981498434771,1643
1.381756132426472,0.009335665529646986,0.00034169334466880273,0.004477960916900276,0.00010189505936975085,0.2600943082660354,0.26008920662352075,1644
1.3812934434088413,0.009317579727380324,0.00031367380236621713,0.0044806694838654655,9.890155723279367e-05,0.25994492620549764,0.2599398862529746,1645
1.381946116002997,0.009399395652302012,0.00034139064802183753,0.004516606341656572,7.517310024788834e-05,0.25867024222544494,0.2586695064752558,1646
1.3814658748453124,0.009370140260104723,0.00031474253107353716,0.0045145969911777484,7.76036102432631e-05,0.2588092911317122,0.2588085234018754,1647
1.38169677033999,0.009321056081580358,0.000338940416187087,0.0044802562869366855,0.00010150887178117002,0.2600751611292907,0.2600700473713564,1648
1.3812361305032845,0.009303732667796166,0.00031086642776224796,0.0044829079007064135,9.868557792867593e-05,0.2599340615021589,0.25992903910507936,1649
1.3819026032782697,0.009381224871217569,0.00034018105718613045,0.004517837606083024,7.549091295332916e-05,0.25868855068197966,0.25868782737198226,1650
1.3814231183365455,0.00935168611571432,0.000313338915394135,0.004515881805198543,7.777611975442158e-05,0.2588190770352924,0.25881831062099564,1651
1.3816373099401988,0.009306365291727821,0.0003361783435493464,0.004482533377890618,0.00010112018927303756,0.2600558534830733,0.2600507282697239,1652
1.381178761766279,0.00928991852924723,0.00030804621130058627,0.004485126644916428,9.847945460387726e-05,0.2599236815045565,0.2599186775238289,1653
1.3818600157656422,0.009363180309790747,0.00033901002546917846,0.004519086785601562,7.580583474432036e-05,0.25870665462415504,0.25870594313861095,1654
1.3813813352391182,0.009333348346089352,0.00031197554234745507,0.004517195429328106,7.793761443384932e-05,0.2588282282726405,0.2588274627834185,1655
1.3815775225905058,0.00929156211540633,0.00033338945956426643,0.004484802694737824,0.00010073716235688502,0.26003679044101674,0.2600316558542691,1656
1.3811212494908567,0.009276045447831486,0.0003052130924822191,0.004487323836274674,9.82858508252503e-05,0.25991392207076747,0.2599089385726761,1657
1.381818223860516,0.00934521442035957,0.0003378630527644679,0.004520348775077924,7.611133770238376e-05,0.25872418120526985,0.2587234808232725,1658
1.3813403901521397,0.00931515073251433,0.0003106389025317458,0.004518533100859187,7.808537545062826e-05,0.2588365929775354,0.2588358277593168,1659
1.381517384498156,0.00927670700844383,0.0003305654910379343,0.00448706409520336,0.00010036550753270871,0.26001825870761525,0.26001311699160207,1660
1.3810635155452413,0.009262136450207127,0.00030236041526516145,0.004489505750321162,9.810605675187415e-05,0.25990485016301984,0.2598998896707415,1661
1.3817771749288974,0.009327266934455312,0.00033673554698997285,0.004521624929156943,7.640312571733875e-05,0.2587408881538056,0.258740198203324,1662
1.3813001799194211,0.009297017651408083,0.00030932764312478425,0.004519888302656258,7.821927817295002e-05,0.25884416633566726,0.2588434008098979,1663
1.3814569225647462,0.009261843963885807,0.000327703861632375,0.004489316275297635,0.00010000970300233593,0.26000048513834884,0.259995338817974,1664
1.3810056144233425,0.009248287626980874,0.00029948584106832506,0.004491678287741036,9.793987278105703e-05,0.25989645758749347,0.25989152214128286,1665
1.3817366944729428,0.009309313879641264,0.00033561403418670157,0.004522913891904897,7.667784543643496e-05,0.2587565886871792,0.25875590820715044,1666
1.3812606230849187,0.009278866418552823,0.00030804204334293933,0.00452125478925258,7.833901648993181e-05,0.2588509330858352,0.25885016670306493,1667
1.3813961188459705,0.009246990896462646,0.00032480207272304125,0.004491560880935016,9.967248191817757e-05,0.25998361066539444,0.25997846289524196,1668
1.3809476577873265,0.00923453546676432,0.0002965942480375751,0.004493846687600509,9.778876337413595e-05,0.2598888201204257,0.2598839115873545,1669
1.3816965013711358,0.00929135719834928,0.0003344795676775272,0.004524212439417344,7.693441815336784e-05,0.2587712267188443,0.2587705544857443,1670
1.381221562699007,0.009260694204189634,0.0003067706601798843,0.004522626410798545,7.844321878628093e-05,0.2588568176444071,0.25885604974629106,1671
1.381335009706831,0.009232200214769563,0.0003218603747557352,0.004493797567121541,9.935385004582081e-05,0.2599676401442779,0.25996249449069736,1672
1.3808897628093346,0.009220876400253004,0.0002936936006247468,0.004496013288796183,9.76544397380512e-05,0.259882026094787,0.2598771465857184,1673
1.3816563230253065,0.009273361495419803,0.00033331830915094853,0.0045255217993533554,7.717329478574084e-05,0.25878483322469703,0.25878416788087333,1674
1.3811827820913072,0.00924252463305675,0.00030549784826870024,0.004524003229804814,7.85318577530776e-05,0.2588618202279824,0.2588610499197483,1675
1.3812737486894158,0.009217520173292163,0.0003188865929677477,0.004496022764997255,9.905455311951059e-05,0.25995261539091663,0.2599474753058347,1676
1.3808321080993187,0.009207295684910648,0.00029079736220330617,0.004498172822879709,9.753668903213614e-05,0.25987606647568434,0.2598712181737278,1677
1.3816158954795017,0.009255275561473696,0.00033211504414455977,0.004526843418411829,7.739272653416426e-05,0.2587973135975799,0.2587966537241333,1678
1.3811440868137357,0.009224354040220942,0.00030421257489980733,0.004525390942471251,7.860604341505183e-05,0.2588660049297895,0.2588652312651798,1679
1.381212520578923,0.009202991170397041,0.0003158896870660094,0.004498236558762441,9.877881725196012e-05,0.25993875330471383,0.25993362229030514,1680
1.3807749328503045,0.009193778855325132,0.0002879228854847475,0.0045003201638181695,9.743509382574929e-05,0.25987092163000747,0.2598661062550406,1681
1.38157492981563,0.009237081726706974,0.00033084800511467373,0.004528175002984772,7.758889631746631e-05,0.2588084559553571,0.25880779993324815,1682
1.3811053005688454,0.009206167930087978,0.0003029049784245898,0.004526790200351976,7.866628620492725e-05,0.2588694016824658,0.25886862377185177,1683
1.3811514967878715,0.0091886467529884,0.0003128783820366964,0.004500439657408724,9.85312102773139e-05,0.25992628884716307,0.2599211709142341,1684
1.380718465241075,0.009180332370040935,0.0002850853657657137,0.004502455819598396,9.734920482934778e-05,0.2598665700640774,0.25986178905014284,1685
1.3815331600320009,0.009218780553320332,0.00032949735341823857,0.004529515357670652,7.77591518723451e-05,0.2588181149840737,0.25881746099612896,1686
1.3810662444963733,0.009187975132184924,0.00030156417152581746,0.00452819840197559,7.871376642961993e-05,0.25887207790935246,0.2588712947984783,1687
1.3810908549441316,0.009174508438259437,0.000309863366751064,0.004502631850555953,9.831462244206905e-05,0.25991537303595125,0.25991027231771,1688
1.3806628902921847,0.00916695936207281,0.0002822977137895493,0.004504581534477528,9.727736319370295e-05,0.2598629287330743,0.2598581833852412,1689
1.3814903996871681,0.009200346763296344,0.0003280520153276183,0.00453086289194042,7.790219866486611e-05,0.2588262222193227,0.25882556843226157,1690
1.3810267847559432,0.009169778876985838,0.0003001832922848903,0.004529612871731441,7.875026251937117e-05,0.258874134465928,0.258873345208081,1691
1.3810307485966715,0.009160601529968114,0.00030685391739468376,0.004504814348115909,9.813057865595612e-05,0.2599060879592277,0.25990100842173575,1692
1.38060834543144,0.009153644018741946,0.0002795708171489843,0.004506699368455759,9.7217803119143e-05,0.25985990887986005,0.2598552001012214,1693
1.381446575524232,0.009181760701035484,0.0003265092026471566,0.004532215771222233,7.801775016819264e-05,0.25883276571455355,0.25883211028758085,1694
1.38098689771631,0.009151572402357887,0.0002987629530980773,0.004531031469552867,7.87771305074519e-05,0.25887564817393366,0.25887485191475407,1695
1.3809712578505102,0.00914695223993718,0.0003038548719698915,0.004506988269550557,9.797897741779326e-05,0.25989843307891675,0.25989337864417356,1696
1.3805549032453928,0.00914036579405527,0.00027691149468744765,0.004508810773604323,9.716877638804552e-05,0.2598574224008128,0.2598527507139454,1697
1.381401751319713,0.009163037790620636,0.00032487388448353767,0.004533573850472575,7.810646773828068e-05,0.25883778635961974,0.2588371274572019,1698
1.380946686846222,0.009133372017738136,0.00029731072796105977,0.004532453995077082,7.879579232427185e-05,0.2588766994048617,0.2588758953776371,1699
1.3809123713965548,0.009133557125608444,0.0003008671201830395,0.0045091538900954966,9.785862233163144e-05,0.2598923517088522,0.2598873261696554,1700
1.3805025342654424,0.009127096687408888,0.0002743205221915514,0.004510916118268726,9.712767515034975e-05,0.2598553373940393,0.2598507030829407,1701
1.3813561514532535,0.00914420955745273,0.00032316074228620783,0.00453493835035317,7.816925067421212e-05,0.2588413376066188,0.2588406735091829,1702
1.3809063721576056,0.00911521553273601,0.00029584093828404244,0.004533881659860286,7.880803744326367e-05,0.258877389111854,0.2588765767055006,1703
1.3808539890179095,0.009120383137115488,0.00029788754795579233,0.004511311306112677,9.77677494912402e-05,0.2598877575562531,0.2598827645202693,1704
1.3804510938708974,0.00911379369374701,0.0002717922395750934,0.004513015739314639,9.709103479516795e-05,0.2598534783094686,0.25984888148441637,1705
1.3813101617322285,0.009125312961979161,0.0003213949861297738,0.0045363106922982725,7.820726674263475e-05,0.25884348725009737,0.25884281644285934,1706
1.380866285848847,0.009097138994600136,0.00029437575041784466,0.004535315729219561,7.881586703105743e-05,0.258877830085728,0.2588770089360699,1707
1.3807959245724464,0.009107389981352021,0.0002949079612543098,0.004513461285100901,9.770349861125521e-05,0.25988450801058177,0.2598795509172783,1708
1.3804003423083733,0.00910041116196998,0.0002693149606692394,0.004515110784107147,9.705481239217874e-05,0.25985164008641093,0.2598470806994788,1709
1.3812642934347876,0.009106392259755158,0.0003196105008200277,0.004537691804535081,7.822248405086586e-05,0.25884434757632613,0.2588436688033145,1710
1.3808268465794764,0.009079173698387948,0.0002929434330106401,0.004536757027069813,7.882130091060584e-05,0.2588781361169226,0.2588773061522096,1711
1.3807379284113113,0.009094530410518874,0.00029191670299615725,0.00451560549083954,9.766152660165849e-05,0.25988238466169267,0.25987746674782636,1712
1.3803499737966796,0.009086910609432852,0.00026687211633010086,0.004517202983007339,9.701491853487434e-05,0.25984961514653615,0.259845093094715,1713
1.3812191344363947,0.009087497989266207,0.00031784685247807434,0.004539082323422712,7.821780537261338e-05,0.25884408307133155,0.2588433954004197,1714
1.3807885143151826,0.009061351318937564,0.0002915745892178714,0.004538206319998141,7.882602893875191e-05,0.2588784023866207,0.2588775638224148,1715
1.380679724295109,0.00908174094512565,0.00028890165432949157,0.004517745748470377,9.763628390041994e-05,0.25988110742277504,0.2598762316078828,1716
1.3802996525172537,0.009073252051422053,0.00026444508361493207,0.004519293689839854,9.696769602542998e-05,0.25984721767939706,0.2598427329102611,1717
1.38117528856018,0.009068684438732356,0.00031614500792554205,0.004540483006989369,7.819670114118594e-05,0.25884288986368065,0.25884219273029024,1718
1.3807517365114916,0.009043703154810746,0.0002902984656028728,0.0045396647575590065,7.883128287876188e-05,0.2588786982648788,0.25887785157486415,1719
1.3806210510660428,0.00906894918307111,0.0002858523193860532,0.00451988363369674,9.762176616517799e-05,0.2598803727746061,0.25987554155629683,1720
1.3802490530562042,0.00905939407935373,0.000262015797841389,0.004521383877428356,9.691008472368367e-05,0.2598442919869173,0.25983984452063474,1721
1.381133318865066,0.009050005891654937,0.00031454340121217256,0.00454189471394973,7.81628392900017e-05,0.2588409750191934,0.2588402682393263,1722
1.3807169015271494,0.00902625367315198,0.00028914037787418595,0.004541133186741917,7.883791779988242e-05,0.258879071899691,0.2588782177959199,1723
1.3805617014424896,0.0090560805041363,0.0002827618782252885,0.004522020154207438,9.761196636653342e-05,0.259879876839644,0.25987509226487265,1724
1.3801978980246843,0.009045306453404397,0.0002595684058356951,0.004523474731481647,9.683962762575729e-05,0.2598407127600473,0.25983630270008157,1725
1.3810936954236455,0.00903151294423626,0.00031307482522024006,0.004543318394554539,7.812015097358288e-05,0.25883856045821846,0.2588378442149494,1726
1.380684298124269,0.009009016320155244,0.0002881195408197641,0.004542611769588408,7.884663315091554e-05,0.25887956266664724,0.25887870204507973,1727
1.380501550087427,0.009043061219421946,0.00027962883272338794,0.0045241556950666,9.760099772489814e-05,0.25987932172392914,0.2598745853430012,1728
1.38014598672633,0.009030973593093341,0.00025709093119338127,0.004525567305670578,9.675451759648542e-05,0.2598363874261075,0.2598320149963542,1729
1.3810567501248447,0.009013247609237445,0.00031176384966717354,0.004544754642337382,7.807288095843338e-05,0.2588358859747302,0.25883516078946156,1730
1.380654086657499,0.008991993067377347,0.0002872472736935923,0.0045441003962200304,7.885806158463549e-05,0.25888020616791274,0.25887934003181184,1731
1.3804405675760616,0.009029826013600882,0.00027645735966193535,0.004526290683616942,9.75833487922134e-05,0.2598784284576148,0.25987374128407215,1732
1.3800932157907053,0.009016391098295906,0.00025457680785748095,0.0045276621475190725,9.665383462986827e-05,0.25983126821065666,0.2598269337677596,1733
1.381022647579725,0.008995239818706853,0.00031062484975045036,0.0045462032115006785,7.802535294053587e-05,0.25883319607732874,0.2588324627518827,1734
1.3806262867627896,0.008975177105449665,0.0002865258755737803,0.004545598704765567,7.887266450741821e-05,0.2588810283474054,0.2588801577249788,1735
1.3803788236903642,0.009016324018826008,0.00027325698149639066,0.004528425670773855,9.755428388994868e-05,0.25987695721818965,0.25987231972060626,1736
1.3800395870541813,0.00900156635396753,0.00025202531961242817,0.0045297593343424,9.653773699041957e-05,0.2598253619266885,0.25982106593653376,1737
1.380991376523966,0.008977506113471099,0.00030966108146582587,0.0045476632401548695,7.798161591362278e-05,0.2588307200110536,0.2588299795385167,1738
1.3806007781018468,0.008958554154249083,0.00028594853745695563,0.004547106054722926,7.889069044236651e-05,0.25888204314571633,0.2588811690017405,1739
1.3803164796088523,0.009002519822029945,0.0002700418314601997,0.004530561091283727,9.751023205427549e-05,0.2598747269356816,0.25987013906710255,1740
1.379985200140811,0.00898651959674484,0.00024944108965691534,0.004531858714920559,9.640740869051275e-05,0.2598187274476132,0.25981447047258754,1741
1.3809627563829143,0.008960048136794414,0.0003088648394380097,0.0045491334875597585,7.79451541121538e-05,0.25882865528334603,0.258827908745697,1742
1.3805773129656702,0.008942100825883011,0.0002855003731393514,0.004548621429127483,7.89122420801238e-05,0.258883256276846,0.25888237943452086,1743
1.3802537662275998,0.008988394551062852,0.00026682907709727453,0.004532697231589913,9.74489430118833e-05,0.2598716231194208,0.25986708440020373,1744
1.379930234531667,0.008971282978044304,0.0002468330604925967,0.004533960151717388,9.626481803073027e-05,0.25981146360288465,0.2598072462816766,1745
1.3809364588143362,0.008942852612240424,0.00030821870943576406,0.004550612324764849,7.79187646602107e-05,0.25882716062277167,0.25882640908084925,1746
1.3805555445741564,0.00892578615950285,0.00028516033157392073,0.004550143483011933,7.893738120884877e-05,0.2588846711367866,0.2588837922218806,1747
1.3801909517742186,0.00897394867671712,0.0002636366021791192,0.004534834489094955,9.736943064131438e-05,0.25986759497756745,0.25986310463247225,1748
1.3798749249897584,0.008955897170499397,0.0002442131983237263,0.004536063475114384,9.611246153228467e-05,0.25980369631987266,0.25979951934549517,1749
1.3809120424099885,0.008925891865153869,0.0003076976552780996,0.004552097647284081,7.790443204191382e-05,0.25882634873783683,0.2588255931229684,1750
1.3805350647300272,0.008909575713517118,0.0002849034172203364,0.004551670797542194,7.896611137588477e-05,0.2588862878287778,0.2588854072276162,1751
1.3801283071184025,0.008959201953963896,0.00026048073143665116,0.004536973640197038,9.727192412957669e-05,0.25986265299651046,0.2598582101056274,1752
1.3798195324006108,0.00894040565227089,0.00024159502028595013,0.004538168418943023,9.595317655385565e-05,0.2597955692307214,0.2597914333292066,1753
1.380888997680389,0.008909125287191037,0.0003072716245363748,0.004553587074107526,7.790311566377947e-05,0.25882627416658804,0.2588255151840176,1754
1.3805154452713428,0.008893434645732015,0.00028470312818649373,0.004553202063353845,7.899826897041786e-05,0.2588880970387602,0.25888721487728117,1755
1.3800660754195495,0.008944189912514975,0.0002573744958791652,0.004539115688903331,9.715782349955612e-05,0.2598568668196114,0.2598524704859659,1756
1.3797643168314233,0.008924849273045848,0.0002389922572748273,0.004540274673400194,9.578984462453138e-05,0.2597872286488327,0.2597831345392631,1757
1.380866796514382,0.008892503707722004,0.00030690846151845697,0.0045550783592129915,7.791468711835021e-05,0.2588269296540955,0.2588261677082521,1758
1.3804962780005339,0.008877330217462714,0.00028453402037178723,0.004554736231612372,7.90335748869989e-05,0.2588900829516377,0.2588891991034431,1759
1.3800044530973823,0.008928959565540759,0.0002543267624654299,0.004541261677011479,9.702951443663242e-05,0.2598503560563379,0.25984600556772847,1760
1.3797095182985575,0.008909262075321861,0.00023641794946419292,0.004542381922047538,9.56249678012167e-05,0.25977880196144787,0.2597747502968807,1761
1.3808449376971996,0.008875974442753775,0.00030657685428076237,0.004556569546611852,7.793812088115224e-05,0.2588282569559994,0.2588274921130456,1762
1.3804772065041762,0.00886123467769037,0.0002843738307699836,0.00455627260334922,7.907179610967822e-05,0.25889223234681136,0.25889134646778944,1763
1.3799435839399345,0.008913564937424042,0.0002513422998147183,0.004543412726437707,9.689000538142636e-05,0.2598432720871378,0.25983896702944387,1764
1.3796553458053022,0.008893668045452451,0.00023388396970254268,0.004544489799999371,9.546038719466005e-05,0.25977038316519163,0.25976637446226275,1765
1.3808229850902474,0.008859486413864448,0.00030624900005954013,0.004558059021000538,7.797184101967223e-05,0.25883016653408486,0.2588293985270899,1766
1.3804579490298967,0.008845128161723994,0.00028420492601450827,0.0045578109143905345,7.911284335541598e-05,0.2588945400867845,0.25889365167135064,1767
1.379883563257581,0.008898060580349712,0.00024842265476894424,0.0045455700007626535,9.674247957046863e-05,0.25983577549410664,0.2598315157985377,1768
1.3796019718538408,0.008878078428053097,0.00023140081338189755,0.004546597767303115,9.529720288227148e-05,0.2597620286253561,0.2597580631865389,1769
1.380800601841331,0.008842996701126125,0.00030590296621342084,0.004559545730581104,7.8014108737282e-05,0.25883255958017165,0.25883178786065963,1770
1.380438315197659,0.008829001049089982,0.0002840152995378566,0.00455935147513373,7.915680471466021e-05,0.25889701099890633,0.2588961194549418,1771
1.379824447077081,0.008882493780489352,0.00024556741873514414,0.00454773450278997,9.658985615896513e-05,0.25982801384609144,0.25982379975895337,1772
1.3795495254336447,0.00886249162372997,0.00022897709422408188,0.004548705060434449,9.513580110134364e-05,0.25975375830648595,0.2597498361601419,1773
1.3807775817146268,0.008826477090246108,0.00030552481205944285,0.004561029433326769,7.806337741589441e-05,0.2588353481774005,0.2588345720100964,1774
1.3804182187813407,0.008812854597912114,0.00028379936894544093,0.004560895208727023,7.920393592708623e-05,0.25889965931522585,0.25889876404828505,1775
1.3797662575386236,0.008866897444434746,0.00024277515401753278,0.004549906890316238,9.643438666996896e-05,0.2598201011537544,0.2598159331377614,1776
1.3794980804584538,0.00884689642083085,0.0002266185077278275,0.004550810787093724,9.497596785169492e-05,0.25974556144363653,0.2597416823258802,1777
1.3807538740170238,0.008809917923124655,0.0003051103375302235,0.0045625107864274836,7.811855789660554e-05,0.2588384703369195,0.2588376889255368,1778
1.3803976872024533,0.008796699780973423,0.00028355857097714604,0.004562443603323427,7.925456145046163e-05,0.2589025031002781,0.2589016035983013,1779
1.3797089809677796,0.008851286111531912,0.00024004357595899592,0.004552087447349981,9.627733611205111e-05,0.2598121015135419,0.25980798011324985,1780
1.3794476433769478,0.008831276304771644,0.00022432665826704047,0.004552913953015966,9.481715005677539e-05,0.25973740982278015,0.25973357321867446,1781
1.3807295938133732,0.008793327977508892,0.000304665800976256,0.004563991343389966,7.817904294218091e-05,0.2588418913667937,0.2588411039894794,1782
1.3803768616380208,0.008780554469562205,0.00028330127987373483,0.004563998732653419,7.930883394134555e-05,0.25890555073767735,0.2589046466407969,1783
1.3796525637293922,0.008835656189889653,0.00023736921689024185,0.004554276118252459,9.611895229915825e-05,0.2598040273510001,0.25979995305726383,1784
1.379398146751537,0.008815613831402117,0.00022209828804725174,0.004555013396532333,9.465880006138639e-05,0.25972927541296814,0.25972548066276424,1785
1.3807050068686095,0.008776730624300486,0.0003042067713475041,0.0045654735493639315,7.824439271584985e-05,0.25884558605835983,0.25884479218120104,1786
1.3803559801253495,0.008764439225130413,0.0002830416401714502,0.004565563269535093,7.936645016669483e-05,0.2589087849994651,0.25890787614076943,1787
1.379596912082198,0.008819990422314532,0.00023474698613530317,0.004556472490465,9.595884499043475e-05,0.259795858563211,0.2597918317264597,1788
1.3793494564234177,0.008799894812957827,0.0002199254581475539,0.0045571078103866765,9.450057819734294e-05,0.2597211407868286,0.2597173872258522,1789
1.3806804859800432,0.008760156154856773,0.00030375517378454855,0.004566960613833782,7.831389083194924e-05,0.25884951359295805,0.25884871293743283,1790
1.380335342199359,0.008748372486563703,0.00028279739202002305,0.0045671404117655695,7.94265235844764e-05,0.2589121559448024,0.2589112423554662,1791
1.3795419009204433,0.008804266687448483,0.0002321700155290362,0.0045586758980867064,9.579656497534953e-05,0.2597875719652705,0.259783592770746,1792
1.3793013936925036,0.008784110034542153,0.0002177969220986654,0.004559195690049167,9.43423679483853e-05,0.2597129999458656,0.2597092870408923,1793
1.3806564455000732,0.008743632189658923,0.00030333510661122826,0.004568456269679049,7.838616955997118e-05,0.2588535964195332,0.25885278896802466,1794
1.3803152624979658,0.008732367360660135,0.0002825871040699312,0.004568733871693406,7.948767672424101e-05,0.2589155861682921,0.25891466805043206,1795
1.3794873895236865,0.008788468122940712,0.00022962992158142434,0.004560885632773424,9.563220077048744e-05,0.25977917178346344,0.25977524029908833,1796
1.379253768514139,0.008768252944142563,0.0002157005143126199,0.004561275130267265,9.418406671763774e-05,0.25970484758858364,0.2597011750166825,1797
1.3806332743382268,0.00872717664484335,0.0003029687243634703,0.004569964610619608,7.845909946614466e-05,0.2588577141219473,0.2588569000735157,1798
1.3802960259597712,0.008716431866230737,0.00028242756962361,0.004570348024425393,7.954839378941262e-05,0.2589189906261534,0.2589180683097531,1799
1.3794332435020142,0.008772589809766376,0.00022711778450815181,0.0045631011215329104,9.546676076844142e-05,0.2597707093278043,0.2597668255826479,1800
1.3792064132054513,0.008752314624434016,0.00021362575441616246,0.004563343531562812,9.402518172404321e-05,0.25969665827613014,0.25969302593036936,1801
1.3806112810214313,0.00871079591550626,0.0003026730690257727,0.004571490107817968,7.853008332733118e-05,0.25886172011109193,0.2588608998062772,1802
1.3802778518721177,0.008700572443631717,0.00028233185129071715,0.004571988204302121,7.960763392420038e-05,0.25892231101924834,0.25892138492146366,1803
1.3793793574674806,0.008756639418972976,0.00022462567256301553,0.00456532208057073,9.530217114968228e-05,0.25976228309104393,0.259758447158866,1804
1.379159211356255,0.008736278513861393,0.00021156612464995415,0.004565397295209327,9.386429822243177e-05,0.2596883589024371,0.25968476679908226,1805
1.3805906627971503,0.008694488961838765,0.0003024587988499197,0.00457303766017015,7.85969312082508e-05,0.25886549103029555,0.2588646648964921,1806
1.3802608690873017,0.008684799949012337,0.0002823080497515925,0.004573661173727482,7.966559417751346e-05,0.2589255584798663,0.25892462908436775,1807
1.3793256798012588,0.008740632770608292,0.00022214872238259035,0.004567548813818306,9.514069819712467e-05,0.2597540093396062,0.25975022133451203,1808
1.379112113610674,0.008720116135089905,0.00020952036304852097,0.00456743113709223,9.369889526109166e-05,0.2596798189684049,0.259676267139529,1809
1.3805714847384039,0.008678256201074673,0.0003023292570798929,0.00457461316192341,7.865876775574708e-05,0.2588689778303786,0.258868146332672,1810
1.3802450967703215,0.008669136543931501,0.00028235819448054215,0.004575376030662545,7.972432528865628e-05,0.2589288479261692,0.258927915774879,1811
1.3792722282942667,0.008724584852559414,0.000219686881460043,0.004569782232994051,9.49844088030515e-05,0.2597459945004628,0.2597422545502365,1812
1.3790651477625444,0.008703787985363018,0.00020749299616263316,0.004569437460644584,9.352513824808785e-05,0.25967083958341197,0.2596673278815576,1813
1.3805536819085358,0.008662109350440478,0.0003022813700384925,0.004576223975550956,7.871724649092237e-05,0.25887227403155033,0.2588714377203368,1814
1.3802304257576095,0.00865362114457822,0.000282477117246867,0.004577145470774688,7.978822430435126e-05,0.25893242544353723,0.2589314911443901,1815
1.3792191117303374,0.00870850517084664,0.0002172467154285617,0.004572024351444202,9.483433383337935e-05,0.2597382921415092,0.2597346001546751,1816
1.3790184073123188,0.008687244970300394,0.00020549341499480637,0.004571404506216708,9.333865630430723e-05,0.25966119331678583,0.2596577214733889,1817
1.3805369993908145,0.008646076867187245,0.000302300598467364,0.004577881164016273,7.877607105514806e-05,0.25887558849063813,0.2588747478599247,1818
1.3802165829199553,0.008638313495449326,0.0002826498104677625,0.004578988104600947,7.986413435469347e-05,0.2589366735620528,0.25893573774938927,1819
1.3791665145350067,0.008692395032405306,0.00021484045125554183,0.004574277563159433,9.469154647963061e-05,0.25973095814807723,0.2597273139751482,1820
1.3789720844674198,0.008670437131258271,0.0002035373130256609,0.004573315939949944,9.31330196889764e-05,0.2596505450462125,0.25964711211494224,1821
1.380521044837107,0.008630205829661201,0.00030236769240509436,0.004579598581154524,7.884381076247264e-05,0.2588794037391298,0.2588785596390747,1822
1.3802030805201513,0.008623299401698224,0.0002828484106011518,0.0045809312707413875,7.996213356713874e-05,0.25894215486150507,0.2589412182149533,1823
1.3791147848768528,0.008676270415955095,0.00021249030973181509,0.004576547744553813,9.455496708813603e-05,0.2597239378385578,0.25972034026464497,1824
1.3789264050045198,0.008653291323601717,0.00020164407927125466,0.0045751421366635675,9.290468317425063e-05,0.2596387075468784,0.25963531334464496,1825
1.3805048136437104,0.008614563050224044,0.00030241465363582654,0.004581406736999108,7.892394999054725e-05,0.25888391523994614,0.25888306720924703,1826
1.3801890899965013,0.008608704537562873,0.0002830223117100401,0.004583018009939955,8.009537673035297e-05,0.25894960204312756,0.25894866501995173,1827
1.379064253052117,0.008660134544895275,0.00021021772315621062,0.004578834125469342,9.443312909930444e-05,0.2597176709709325,0.25971412080426015,1828
1.3788820034365759,0.008635773453086741,0.00019985576340703608,0.004576855468548707,9.263230040015861e-05,0.25962456754353974,0.259621206697202,1829
1.3804878470768993,0.008599234291325015,0.00030244942619713834,0.004583316542423908,7.905422989535971e-05,0.25889124456391566,0.2588903968003395,1830
1.3801732962959834,0.008594712630649327,0.00028309442236366315,0.0045853080884704234,8.028731605011049e-05,0.25896031897033306,0.2589593824587564,1831
1.3790161964459287,0.008644161916254998,0.0002080962951469176,0.004581168381354664,9.430561494927088e-05,0.2597111078126685,0.25970759569174606,1832
1.3788389217686194,0.008617586184071756,0.00019819798093526246,0.00457834310494923,9.23519313189741e-05,0.2596099912236679,0.2596066750850372,1833
1.3804644143562983,0.008584403844339785,0.00030197169191306845,0.00458549684319754,7.914815531391872e-05,0.2588965249009891,0.25889566039162515,1834
1.3801534294828697,0.008581627777276467,0.0002829086050923145,0.004587912167031016,8.055737996058117e-05,0.2589753763130345,0.2589744387772423,1835
1.378969742296217,0.008628018265261616,0.00020608730372800643,0.004583449784375533,9.428949527455793e-05,0.2597102778165487,0.2597068336197925,1836
1.378801709128277,0.008599444901313338,0.00019689034291936442,0.004579752249195552,9.182333736996343e-05,0.2595824494452078,0.25957910745288937,1837
1.3804466481465678,0.00856995101289356,0.00030241244564243425,0.00458748410798357,7.973555884276163e-05,0.2589294769635607,0.25892867419862786,1838
1.3801247459277861,0.008569733614407939,0.0002822212099759773,0.004590889770598216,8.10038164808667e-05,0.25900021202421736,0.2589992803702841,1839
1.3789380240463556,0.00861410374524548,0.00020490801683025205,0.004586188269405714,9.389233168978951e-05,0.25968980555479776,0.2596862697001998,1840
1.3787623032514194,0.00857734625673862,0.0001958223537612631,0.004579822198926425,9.210266951776076e-05,0.2595970135728653,0.2595939452951223,1841
1.380351900217118,0.008558002327719184,0.0002952366573304733,0.004591942985590728,7.838569172971676e-05,0.2588535694343986,0.25885240519168223,1842
1.3800733294203111,0.008559583517812634,0.00027985196488176353,0.004594676096733084,8.143097137070144e-05,0.2590239110905805,0.25902294143815086,1843
1.3788937284143994,0.00859298387097474,0.00020325193967658212,0.004586873760824646,9.567662290090625e-05,0.2597814427821721,0.259778537244423,1844
1.3788692479663294,0.008576468875188351,0.00020185172022744015,0.004584171963000671,8.812450683270872e-05,0.2593874654104667,0.25938302580744577,1845
1.380412500874087,0.008536739685285384,0.00030816195152595183,0.004585037931241357,8.728417034634894e-05,0.25934259976378893,0.25934247219683854,1846
1.3796952765442958,0.008540543252226683,0.0002568850826030044,0.004597415901109785,8.259182238491068e-05,0.2590880043125491,0.25908688295068233,1847
1.379400014454576,0.008632003565152542,0.00023337669216022132,0.004596237020367571,8.904566715598834e-05,0.2594364011760834,0.2594303636724206,1848
1.379543587741817,0.008565140651786343,0.00024629138852520305,0.004572902394695105,0.00010178467132223467,0.2600888389481761,0.26008755758131824,1849
1.3787224506214697,0.008480653364715934,0.00019524432679817946,0.004587602480256889,8.189006164964863e-05,0.2590493127722302,0.2590473689946089,1850
1.3784746506542258,0.008548976654138148,0.00017666030482507038,0.004605307694316945,8.618588022726978e-05,0.2592836350761579,0.25927995450807617,1851
1.380489601360945,0.008579038282553061,0.0003024377823852691,0.004568832544226809,0.0001091101850754636,0.2604455820840901,0.26044543228590467,1852
1.378582194045676,0.008494973996394187,0.00018892390889987796,0.004576647059001907,8.912367224890431e-05,0.259440533472686,0.2594377891206018,1853
1.3824981337475342,0.008705922253578259,0.00040764114879148064,0.004630438218611388,6.763535421012533e-05,0.258224071632113,0.2582162858553275,1854
1.382011225941693,0.008687661856250604,0.0003952564737344969,0.004635522500473434,7.734278363166835e-05,0.2587944746080518,0.2587913799841106,1855
1.3797594095400096,0.008557883119513023,0.0002587436959609363,0.004597521820979448,0.00010535987625723678,0.2602644959085791,0.26026447814465425,1856
1.3807305415897686,0.008620927592098045,0.00032110900457852135,0.004574693926661635,8.558456456313513e-05,0.2592511926022073,0.25924391484778536,1857
1.3811286475527003,0.008615803250229368,0.00033710310177316515,0.0045705158555678915,7.571277991180069e-05,0.25870130909184363,0.2586902519194453,1858
1.3787683245715063,0.008431406736987394,0.0002063008510041808,0.004582321843142323,9.033265838183942e-05,0.2595043494454823,0.25950344739844344,1859
1.379049873030448,0.008641405212396893,0.00020898120744024173,0.004642554384098352,8.667762050530618e-05,0.25931008165943276,0.2593064631039655,1860
1.3791563706550658,0.008468595513938621,0.0002260592125147047,0.004577194210666869,0.00010289173999004647,0.26014355657499116,0.26014187620881546,1861
1.3787026531878461,0.00843322766887874,0.00019388352801707212,0.004564612000484838,7.925617957443199e-05,0.25890259398009546,0.25889820367183525,1862
1.380003948511431,0.008608959617112838,0.0002766075948000442,0.004633268425568199,9.00878415944304e-05,0.25949146150992725,0.25949050165136345,1863
1.37957446808463,0.008643297949696427,0.00024390447203095385,0.0046449001484068905,0.00010025010364128221,0.2600124973728477,0.26001166167074374,1864
1.379485849955961,0.008519419008309964,0.0002464861980847032,0.004579787127759278,8.785147413505302e-05,0.25937291172128774,0.2593677323236038,1865
1.3796567723506947,0.008446809194846257,0.00025728280962897493,0.00454544998381259,7.981152648956826e-05,0.2589337297076623,0.25892942026954824,1866
1.3789421250816016,0.008418676564130461,0.0002166462975674332,0.0045942409201398665,8.515589865122694e-05,0.25922799537555297,0.2592269262471102,1867
1.3789726818498436,0.008625955536788923,0.0002063536227898886,0.004650477007867303,9.535538155269818e-05,0.2597650080160079,0.259762814115094,1868
1.3798034848195284,0.008493800585215368,0.00027064094231097377,0.004569879421103021,9.599404630980998e-05,0.2597976551434417,0.2597953020210672,1869
1.3797456717079923,0.00842022246408163,0.0002652180649096135,0.004540841972506961,7.99431500137943e-05,0.2589410933343632,0.2589370945826311,1870
1.3791287853918348,0.008429236706510263,0.00021980540553390176,0.0046040419756478886,7.682095432305027e-05,0.25876475637556745,0.2587619583955194,1871
1.3796900472291829,0.008622952800577744,0.0002513800511863775,0.00464703917066684,0.00010301815302249372,0.26014978586091814,0.2601494904836205,1872
1.3787015136459497,0.008534383738739222,0.00019340550006949418,0.004617734234272524,9.830558927816582e-05,0.2599149175124237,0.25991190906287065,1873
1.3790439572660314,0.008333647024699058,0.0002083761608084567,0.004548270056903231,6.994586127202376e-05,0.2583633642316967,0.2583585869300089,1874
1.3797710816669113,0.00847520750148657,0.00026842025224283286,0.004605481622874803,0.00010050822150286749,0.26002537887078925,0.2600253613557479,1875
1.3791310489958926,0.00865687844924268,0.0002140878331175447,0.00466642215894908,9.708347020659877e-05,0.25985309444827354,0.2598498484047175,1876
1.3793162700995096,0.008399117602944827,0.00024300093308765445,0.004557948357950506,8.623662328445174e-05,0.25928636760442164,0.25928291343096455,1877
1.3791160021148245,0.008302390728030384,0.00022673384938871205,0.004536488974199265,7.612011502913496e-05,0.25872468423664347,0.258722192974893,1878
1.3807898630238633,0.00873706066108635,0.00031982849395661614,0.004682538642173553,9.112475581383115e-05,0.2595459287559583,0.25954249684416697,1879
1.381590021952203,0.008948678318403964,0.00034481540642358115,0.00471865040014347,0.0001136831591087224,0.26066223049407217,0.26066091007021464,1880
1.3788691268232216,0.00849688049822972,0.0002014101707350334,0.004617324109602958,0.00010729190637632884,0.26035818064991767,0.26035732767358244,1881
1.3816778305713364,0.008417338525695015,0.0003337027864431708,0.00451459819995146,5.5551374534993796e-05,0.2574532794483364,0.2574427822921135,1882
1.3805690617502282,0.008278196137607075,0.0002742696625592858,0.004507713335970918,5.66280988581905e-05,0.25752516437416423,0.2575182605386357,1883
1.3807337673485187,0.008609575074654116,0.0003043695351068291,0.004637479576355907,0.00011818234205202062,0.2608711702245904,0.2608711584775267,1884
1.3817780188858437,0.009042722742569832,0.00032307386285610135,0.0047339332443589715,0.00012972209503182204,0.26138956079187525,0.26138879893776656,1885
1.380118953562614,0.008648740726222922,0.0002767610522203236,0.0046590646307809475,8.431649391357295e-05,0.25918240131521014,0.2591725744311476,1886
1.3806984516467042,0.00825473530381561,0.00033014342163731564,0.00449442326170327,7.274308231615733e-05,0.2585289555231668,0.2585265435331572,1887
1.3801163126306597,0.008210336383440995,0.0002982393778732874,0.0045091964941597,7.493537058036486e-05,0.25865652185235877,0.2586554239906727,1888
1.381839099500501,0.00884667173747278,0.00038005843749056885,0.004704993396593228,8.773110066811367e-05,0.2593664881715675,0.25935729838870797,1889
1.3832020705932802,0.009199433811724604,0.00042586244644089797,0.004765670545348251,0.00011942113901505434,0.2609279979417574,0.26092284887808387,1890
1.3806052160609732,0.008575405892615476,0.0002859257835461389,0.004629475474779046,0.00012512115805316562,0.2611857569280387,0.2611857329538707,1891
1.3806231285975625,0.008239939662666774,0.0003296075558681082,0.00449811647308354,7.470010543625704e-05,0.2586429222741071,0.25864137960311384,1892
1.3826669069021618,0.008404856098788684,0.00035755762678354867,0.004534733671764112,4.684673611745551e-05,0.2568444675554389,0.2568298339688532,1893
1.3803865363915397,0.008439138032672126,0.00027930192122686896,0.004608965309389227,6.574097332434413e-05,0.2581080807423424,0.25809747097973057,1894
1.3814610852403872,0.008698898577677422,0.0003196729489724346,0.0046552118447857,0.0001322964870295468,0.2615020209976137,0.26150201909004167,1895
1.3816349148761748,0.008739532757810649,0.00031900812612575477,0.0046616624754919804,0.00013636655140902642,0.2616776089765425,0.2616775964009502,1896
1.3792189011983311,0.0084873435897201,0.00022412246495333605,0.004627644568223255,8.00798287540392e-05,0.2589487333603164,0.25893945969029125,1897
1.3790787772729363,0.008179485854711227,0.00021826109813209894,0.004535677758431402,6.863504538041036e-05,0.25828462705137717,0.25828018398530056,1898
1.3800070682074217,0.008482898124111708,0.0002749574042226951,0.004613729514375195,0.00011051678138091506,0.2605126961994017,0.2605125736991372,1899
1.3792741219840652,0.008677707055578479,0.0002151511495153014,0.004685848360665688,0.00010745854303483033,0.2603662212514894,0.2603621964898339,1900
1.379406544019434,0.008202348005194052,0.00023756887142652224,0.004538855888152389,6.838874309930873e-05,0.25826974867207636,0.25826355333295725,1901
1.3802718334912751,0.00823385248622346,0.00030784503293680395,0.00452184303655338,7.539602589066592e-05,0.25868308849952976,0.2586825447897021,1902
1.3782341400324185,0.008440839510851414,0.00016930485284056735,0.0046354649549787035,9.063006118189954e-05,0.25951998220491507,0.2595166349238917,1903
1.3792075393727932,0.008498360168280867,0.00022134205245309864,0.004653681276398634,0.00010873121893392105,0.26042742628523075,0.26042287707548134,1904
1.3790617592829524,0.008383774780202965,0.00022831609827847043,0.0045929897197064876,8.751098729049141e-05,0.2593547307438799,0.2593543637454405,1905
1.378939761740273,0.008215927747068837,0.00019916343493206845,0.004563149270474848,6.568475516188626e-05,0.2581046132024845,0.25809952362286565,1906
1.378313505919664,0.00831883692863671,0.00017637675232648465,0.004615278397044066,0.00010694222130674262,0.26034128721710903,0.2603396328672637,1907
1.3788756544575929,0.008639648925618122,0.00019502365538940738,0.004672727394569029,8.244003439349191e-05,0.259079649464241,0.2590776111605849,1908
1.3789336558396785,0.008072860802924383,0.00024080352473512264,0.004557900722732506,9.493114127687396e-05,0.2597432613265207,0.25974026757603763,1909
1.3783957798633064,0.00829406955322281,0.00018345178605227733,0.00458144637995252,7.93730969534629e-05,0.25890915803841547,0.258907385826179,1910
1.3785878554684736,0.008529241387032172,0.0001864220763333113,0.0046676010475720335,8.876535477586131e-05,0.2594215367523489,0.2594180621571191,1911
1.3792473178042914,0.008136693878712752,0.0002353920805704088,0.004580972605378819,0.0001191133870152652,0.2609139079625616,0.2609135003619609,1912
1.3782651671866173,0.008226255379178819,0.00018041945664562094,0.004579931303191627,8.063176306792429e-05,0.25897951908890027,0.25897703646886744,1913
1.3790403354723226,0.008541315924503046,0.00019033090373578312,0.004660363162345105,6.839987551656682e-05,0.2582704217254362,0.25826482114882804,1914
1.3787840318571118,0.008297814218027137,0.00019849294830991826,0.00462400590144845,0.00011588263544368764,0.2607648797226763,0.26076401333083227,1915
1.378100039246027,0.008252199749873436,0.00017342771600700074,0.004604324316305705,9.285104869228932e-05,0.25963592490071863,0.2596334337656247,1916
1.3790753477408801,0.008439620953923237,0.0001738164988655094,0.0046231418825098455,5.931304279857221e-05,0.2577014961402686,0.257696300242521,1917
1.3781673971863102,0.00818578520516849,0.00018213052194271693,0.0045952064373331325,8.983517961037244e-05,0.25947814220247684,0.25947591432478023,1918
1.3786173253921772,0.00835859775712098,0.0001918884692312505,0.00463808744828429,0.00010866623335812292,0.2604243097305348,0.260421541322473,1919
1.378618655770738,0.008474755731029581,0.0001823623944279135,0.004649093131359336,7.657946928396237e-05,0.2587509696196457,0.2587484920019406,1920
1.3785333152227772,0.008054084116180934,0.00021456918233873185,0.00456835184095917,8.807411139294028e-05,0.2593847808388337,0.2593813241486471,1921
1.3786080856973846,0.008528552449533348,0.00018720801223886749,0.0046485768996438245,8.61442758031203e-05,0.25928139406571665,0.2592794875114408,1922
1.3783166043835398,0.008255349361714393,0.0001855130879730183,0.004631308106735369,0.00010027471398018896,0.2600137262784734,0.26001121620667855,1923
1.3782057393863598,0.00827963689378452,0.00016681176287030496,0.004609027161862075,7.597928404359345e-05,0.2587166096645194,0.25871291456723444,1924
1.3784518172298845,0.008211668883872824,0.00019877165345118253,0.004595477307227397,9.877201274862667e-05,0.2599384109770439,0.2599378104564164,1925
1.3793809189474708,0.00842418853012868,0.00023154435361092914,0.004663704121645302,7.422759482623053e-05,0.25861554379167273,0.258607572907322,1926
1.3782584450576034,0.008304487777037581,0.00018011188668105434,0.004636881990310033,9.654021537452042e-05,0.2598254880476504,0.25982397962966547,1927
1.378734125443907,0.00819175478506475,0.0002201341058578505,0.004581625608261019,9.286264105402533e-05,0.2596365263997991,0.25963531572569887,1928
1.3783832972167869,0.00824034479370699,0.00016890794275970937,0.0046201761146533096,6.928867202380029e-05,0.2583239817409579,0.25831918665825543,1929
1.3792472693101503,0.008276850396610705,0.0002237295720656457,0.004632994404929977,0.00012041557411277856,0.2609734030324589,0.2609730775356142,1930
1.378351876684802,0.008361311108029247,0.0001734145465463042,0.004654377931795638,0.0001094253340017593,0.2604606564804394,0.2604589648647542,1931
1.379815147275738,0.008265451370459935,0.0001893335321218607,0.004609108099928028,4.889666652380865e-05,0.2569926151419772,0.25698467755253335,1932
1.3793240487329355,0.008048727130663003,0.00020997830563942502,0.004555818323252101,5.736646705789523e-05,0.2575740654247171,0.2575700939723293,1933
1.3794910080502965,0.008167263746760538,0.0002186406742514068,0.0046088632824335795,0.00013456656149218432,0.26160028281949127,0.2616000144154437,1934
1.3797853115256147,0.008586644225123482,0.00021571672504668696,0.004705803668184873,0.00013186344269937116,0.2614831808615632,0.261481124258965,1935
1.3792024518995192,0.008458820719122429,0.00019965371933852705,0.004684669277169105,6.573431863973968e-05,0.25810767035835447,0.2581004388227352,1936
1.3793608860059243,0.007941445113595548,0.00025452429102459906,0.004545485739612701,6.914219480438165e-05,0.25831517857922376,0.2583126579335127,1937
1.3788453477124496,0.008059566573144654,0.00023508080997375124,0.004556305721996023,9.835923471215168e-05,0.2599176224324256,0.2599155833651309,1938
1.379967673735087,0.008720763625130508,0.000261681481289431,0.00473191581459997,8.308128770517819e-05,0.25911489372977975,0.2591087483394656,1939
1.379457436724755,0.008600013996589679,0.00023843465927367343,0.004717465546625611,9.966576705505842e-05,0.2599832743654103,0.25998006086211073,1940
1.3797639637703436,0.00787487262082798,0.0003035106639411243,0.004530349420872734,0.0001064363740005683,0.2603168005699717,0.2603154658902555,1941
1.3803848831789072,0.00816561056100005,0.00030423057928286447,0.004514751262818328,6.761925024263382e-05,0.2582230924987278,0.2582195847668148,1942
1.3790344802039074,0.008376463458781512,0.00017703230535216495,0.004649365027102532,5.981367006872846e-05,0.2577339297946599,0.25772912992848535,1943
1.3796369263844552,0.008551663527141031,0.00024601863609751405,0.004708278530788174,0.00010948053022257937,0.26046329442492083,0.2604610742387093,1944
1.379217221531385,0.008234355347446116,0.0002043433437497873,0.00464619091350257,0.00013062693361439178,0.2614292140418487,0.2614275026197558,1945
1.3785966025292065,0.00826856935202952,0.0001995838156899151,0.004592791900993979,8.068187850332856e-05,0.2589823091966002,0.2589793699869972,1946
1.3791842117338373,0.008070194632749998,0.0002060419788070825,0.004593083740355912,5.9205592731659476e-05,0.2576945170564279,0.25769168707418294,1947
1.378291646075429,0.00807480240816014,0.0001957157546263152,0.004621808860401849,8.529971434517723e-05,0.25923578444666057,0.2592328338682039,1948
1.3799722258628864,0.008569311552693592,0.0002524184277220797,0.004673154800716758,0.0001201808325568254,0.2609627018821468,0.26096078477753754,1949
1.379511148276959,0.008568820286448165,0.00022666187851673325,0.004670288191986583,0.00011720961705091587,0.26082633904193453,0.26082507655169745,1950
1.3786806675263954,0.008031965794158937,0.00021954680269001538,0.004612616952015407,7.92413903329125e-05,0.25890176332716797,0.2588995280699356,1951
1.379000405881498,0.007929314926694995,0.00021447732831665704,0.004591335857210081,6.28801885056244e-05,0.2579297029266943,0.25792482905380393,1952
1.3786471001887217,0.008358225761923356,0.0002028761793178938,0.004627477031550276,9.32455529628821e-05,0.2596563736963149,0.25965440095157777,1953
1.378592774895647,0.008335805482860252,0.00018050135761797526,0.004652732882067692,0.0001176436484465122,0.26084636567918085,0.2608456518456495,1954
1.3792241476730709,0.008103789637361223,0.00024118831826640814,0.004642467824428871,7.310426894463198e-05,0.2585501034464287,0.2585442981860106,1955
1.3784364228526342,0.008042350828855016,0.00017785082902365893,0.004618172300520747,6.594292044771341e-05,0.25812052464116164,0.2581161611477194,1956
1.38033795478471,0.008471804701647621,0.0002831651736594147,0.004610179116253209,0.00012066224444678526,0.26098463674623723,0.26098456004059406,1957
1.3798247823807743,0.008409906117865538,0.00023905578507257347,0.004627544218942939,0.00012801339049203246,0.261314300265241,0.26131381133612364,1958
1.3786295772208261,0.008156824500436477,0.00020816331409504355,0.0046543743950963066,8.06673949500038e-05,0.2589815029338081,0.2589752664227842,1959
1.378893798205376,0.008123674729729096,0.00021572261919043894,0.004631225783059158,7.138154934403069e-05,0.25844876022526564,0.25844687856001974,1960
1.3782693116771585,0.008168222440520121,0.00019024217263811284,0.004607470162276856,8.979666619513778e-05,0.2594761102882532,0.2594746449249031,1961
1.3791636990895595,0.008188190762505607,0.00024680508826392677,0.0046432502039611264,9.63863547287661e-05,0.25981765525615796,0.25981057079071657,1962
1.3783322181906894,0.008226115059168442,0.00019025570086727094,0.004664513648044851,9.499202369506218e-05,0.2597463851604101,0.2597438993457994,1963
1.378675797074318,0.008204789634231808,0.00021084108959811297,0.004620859028919357,8.211098251817896e-05,0.25906151105049147,0.25906047458758796,1964
1.3785017449941102,0.008034338675993707,0.00020829871347161557,0.004597074247694843,8.049767949938039e-05,0.2589720499050875,0.25896764441608044,1965
1.3786775918711454,0.008155671844861928,0.00021814964426228957,0.004647449148055213,9.517733096915113e-05,0.2597558869903844,0.2597539781188589,1966
1.3782608664544247,0.008311165171839602,0.0001793123494242209,0.004680019700089362,9.733086520223697e-05,0.2598656406382068,0.2598636202722435,1967
1.3792858651489104,0.008064960995381341,0.000261672861935982,0.004606269272812103,8.405067207880275e-05,0.25916791536167316,0.25916406863761743,1968
1.3787298253243456,0.007970232973805296,0.0002251073322388274,0.004574253601807153,7.757048767152689e-05,0.25880741095166604,0.2588054104984906,1969
1.3799500640193298,0.008309981719918067,0.0002916877898835906,0.004666815434930599,8.676444765402084e-05,0.25931474356351375,0.25931361067408953,1970
1.3803062499346304,0.008486885715326672,0.00030281276597641176,0.004720402517933104,9.945864013778049e-05,0.2599728952735793,0.2599702988279586,1971
1.3791218624611685,0.008275561471566724,0.00023276758147127373,0.0046837405514603145,0.00010636901313794779,0.26031353543349456,0.2603091768431794,1972
1.3790146202405134,0.008023273734799222,0.00024986740617508193,0.004594834951395949,9.009189556502828e-05,0.2594916750663425,0.2594908723947117,1973
1.3793676300798097,0.008069513932568622,0.0002417493511295047,0.004581127426314348,6.697469869180707e-05,0.2581838071025536,0.258183008244961,1974
1.3786515711323828,0.008068592576187873,0.0002071934569796575,0.00463421666041699,7.409700110317057e-05,0.25860796149521886,0.25860263214182244,1975
1.379001732533233,0.008255399139913841,0.00020851657811324782,0.00468248359793026,0.00012021045864765607,0.2609640530210163,0.26096194475108914,1976
1.3789480906655884,0.008333392129747562,0.0002107103863708235,0.004681163894270303,0.00011321314890748296,0.2606401667706612,0.2606398469995254,1977
1.3787354369981066,0.008038788604361816,0.0001889444535194559,0.004613853139667125,6.269049872251484e-05,0.25791773318081096,0.25791312871093536,1978
1.3789558537627224,0.007876851003353004,0.00023036721763937515,0.00457576290649884,6.886915241727258e-05,0.25829874402649416,0.25829328120944534,1979
1.3790995013957221,0.008263477680436313,0.0002228495581366567,0.00466048662623924,0.00011517803222833492,0.26073210288006665,0.2607317957698223,1980
1.3790555237411695,0.008447407325386538,0.00021211257868098714,0.00471564250169841,0.00011146482213402389,0.26055769018933705,0.26055636733834847,1981
1.3792945959826206,0.00799051877043936,0.0002539709610226712,0.004629478995039888,7.364813335528165e-05,0.2585818490638837,0.2585743294359338,1982
1.3791907176503795,0.007838879056742342,0.0002465463476361831,0.004567819983221241,6.786741698580554e-05,0.2582381683028332,0.258233647644529,1983
1.379204775241951,0.008204058357083897,0.00025062146321638476,0.004622785506393377,9.143549568522868e-05,0.2595621909458674,0.2595614812948098,1984
1.3789142780141304,0.008313088014567574,0.0002166952642378899,0.004688498123861727,0.00010682356595895385,0.2603355486530205,0.2603339538151163,1985
1.3791530133449716,0.00815328212860814,0.00024914848270758287,0.004677316942684125,9.503321582342246e-05,0.25974849813168277,0.2597435466608093,1986
1.3787196717686028,0.007980623750088607,0.00022601374734699826,0.004629734452843314,8.011188016424706e-05,0.2589505240161818,0.2589465533459592,1987
1.3788122490065768,0.00811737713553774,0.00022391103857945357,0.004606015746598855,8.027630467693432e-05,0.2589597044971882,0.25895803430541897,1988
1.3785549489884603,0.008062595779628538,0.00021648646459694788,0.004624030863051805,9.155253877811652e-05,0.2595683090866734,0.2595666233485838,1989
1.3785903701858333,0.008097888403519438,0.000216054287212448,0.004666835969193604,9.357575983051118e-05,0.2596734564572603,0.2596705197516737,1990
1.3784289508053815,0.008168124411886973,0.00019991246190784553,0.0046787880698261255,8.878651558988041e-05,0.2594226596876827,0.2594193424339984,1991
1.3789055767421723,0.008090542629056438,0.00023807921732075458,0.004620818562970055,9.242566312937828e-05,0.25961382666420496,0.25961222838462267,1992
1.3789056410505836,0.00798643560334657,0.0002441762728894389,0.004593891965482013,8.74288901554523e-05,0.2593503417132986,0.25934925622667593,1993
1.3786084084974295,0.008004323148591942,0.0002135878349623098,0.004642401368052897,7.703525703999957e-05,0.258776973113779,0.25877411534541783,1994
1.378771683219506,0.008166751935077848,0.00022226007515148722,0.004687274418419045,8.771920535540075e-05,0.25936585315683525,0.2593617740777411,1995
1.3786984964714761,0.00814650546274704,0.00021075154014631647,0.004658839342740675,0.00010960638546691145,0.26046930682838704,0.26046809780536617,1996
1.3786395778584488,0.008055743385434381,0.0002227765998182114,0.0046199685781908514,9.455109785379653e-05,0.25972373888243594,0.25972303408066755,1997
1.378844709882442,0.007938772022456991,0.00021240580762766845,0.004625320092194307,6.609384377934291e-05,0.2581298120383772,0.2581257122243745,1998
1.3787493161996844,0.00798295009442254,0.00022280661511142087,0.00464855422422003,7.627811886733422e-05,0.2587337345315354,0.2587288012858345,1999
1.378560589974415,0.008145340807092716,0.00019756053816744537,0.004664214128960276,0.00011300860902193232,0.26063055073935176,0.26062953750630946,2000
1.3784795881275238,0.008170146526483141,0.00020160409364718823,0.00466008822098644,0.00010160548070129816,0.26007995439976284,0.26007903100344015,2001
1.3787152517566688,0.00792687871472787,0.00021022279938732357,0.004631544978072536,6.854229437102683e-05,0.25827902738073905,0.25827413672201915,2002
1.3785293233636826,0.007873350897977532,0.000213221483145222,0.0046213912130296285,7.46556903012169e-05,0.25864035244079875,0.2586358719621248,2003
1.3787341360393643,0.008155555764154164,0.0002153040979762239,0.004655781330651004,0.00010699608239316138,0.26034389106638123,0.2603429643913509,2004
1.378623160154796,0.008213386093771872,0.00020522751380423857,0.004677476614721323,0.00010553140729205311,0.2602728480613729,0.2602715872679015,2005
1.3785455172794503,0.007958807900146093,0.00021331134797587868,0.004650788091754689,7.809416902188773e-05,0.2588370905292346,0.2588324597274065,2006
1.378392228360991,0.007875801524580648,0.00020581468849785784,0.004624465764173626,7.582361043670818e-05,0.25870767537501876,0.25870369300587714,2007
1.3787386125853336,0.008130519147925992,0.0002235391014943293,0.0046433114483040334,9.725335702917749e-05,0.259861711668325,0.2598604165905375,2008
1.3785555062481136,0.00814886510982116,0.0002073419688472181,0.004663721283228172,0.00010255821998111076,0.26012710323740756,0.26012574669409233,2009
1.3784904091661696,0.00797507973324629,0.0002146408811533206,0.00465988540918643,8.429574142874208e-05,0.2591812712316292,0.2591774915287473,2010
1.3783592121610413,0.00793880041149247,0.00020264029717042864,0.004647476532059025,7.828799522547644e-05,0.25884805036296,0.25884406429113355,2011
1.3785817905183326,0.008097852411632628,0.00021586878738980074,0.004641252577928512,9.443169779167461e-05,0.25971759732607164,0.25971614173203156,2012
1.3784197330323844,0.00806092369873874,0.00020644780757950426,0.004643555080216127,9.859714088276686e-05,0.2599296093016174,0.2599284293275125,2013
1.378520707807461,0.007952836687046338,0.00021584681259110124,0.004657383945184577,8.13650468994921e-05,0.2590202575849857,0.25901665944637,2014
1.3784181702747307,0.007987060559597135,0.00020557042091884798,0.004664935854819253,8.030879695870604e-05,0.258961517558913,0.2589575415810725,2015
1.3784881101965636,0.008087868707535582,0.0002087230165559874,0.004650427848458381,9.961229521969764e-05,0.25998059593509815,0.2599794005782529,2016
1.3783635199005364,0.008028515640941454,0.0002054645214392085,0.0046384972053101995,9.708068324688696e-05,0.2598529530216523,0.259851891683529,2017
1.3785666707272333,0.007918502449758466,0.0002138709531469032,0.004650938513520793,7.538624877600254e-05,0.258682525483752,0.2586785870521166,2018
1.378431918620594,0.007966017152183457,0.00020736885764734364,0.0046640435145476515,7.979271299241268e-05,0.2589326766980795,0.2589287779412881,2019
1.3784524894009667,0.008085334107329225,0.00020326841009377696,0.00465937559107424,0.00010462736863530468,0.2602287520565954,0.26022773857143977,2020
1.3783000889706598,0.008045938928106207,0.00019974890045857855,0.004648911667316286,9.785004316816707e-05,0.259891918073264,0.2598907472177369,2021
1.3785402341073392,0.007892260867357153,0.0002102790505757466,0.004646691591066164,7.319231283350023e-05,0.2585552506002747,0.2585511669651825,2022
1.3783590471298948,0.007909120909583034,0.00020478899627332227,0.0046531643941305914,7.840369088701948e-05,0.25885458586761795,0.2588508307060451,2023
1.3784363783052855,0.00808109889260875,0.00020245639623060537,0.004662807799254243,0.00010460774236781296,0.26022779264395857,0.26022668253662656,2024
1.3782793036825416,0.008071970515090279,0.00019562728898269558,0.004661928053520767,9.994177639484175e-05,0.25999708839587016,0.2599957657759713,2025
1.3784637313860522,0.007882449248177143,0.000209276424762784,0.00464872104245897,7.529235403363136e-05,0.25867711668894866,0.2586731749274706,2026
1.378299990217172,0.007871902056800058,0.00020189805837422873,0.004646609241737049,7.725223599935135e-05,0.25878932511626185,0.258785568536335,2027
1.3784281937090348,0.008071422535311578,0.0002047731768525705,0.004661640317818339,0.0001014151247457036,0.2600705076707038,0.2600692032280868,2028
1.3782964142005716,0.008074018293935696,0.00019563782045078698,0.00466689812990584,0.00010166815657849852,0.26008306285701416,0.2600817430354394,2029
1.3783876860104998,0.007885609874097395,0.00020841357903501193,0.004654522490131452,7.852878665487181e-05,0.25886164694934705,0.25885789922628977,2030
1.3782517536599461,0.007868491289810955,0.00019847738842278782,0.004649410686452969,7.695059348875078e-05,0.25877214873840787,0.2587683145150927,2031
1.378421663781177,0.008054943471053545,0.00020664858328779873,0.004659050040168129,9.913793573748459e-05,0.2599568034899502,0.259955473267074,2032
1.378290630490034,0.00804914386697119,0.00019699666220282264,0.004663874032260457,0.00010157733244259343,0.2600785580537393,0.26007731523951,2033
1.3783389106667872,0.007887534749389549,0.000206423657245836,0.004659173207448038,7.975013863613727e-05,0.258930293311876,0.2589266000573965,2034
1.3782013925150198,0.007880535604777767,0.00019555882623945432,0.004656748730323383,7.790437167775893e-05,0.25882634531829335,0.2588225988474056,2035
1.3784146242209547,0.008038034105236751,0.0002072138233440029,0.004658771015783832,9.94037592096507e-05,0.2599701433896234,0.2599689293082228,2036
1.378267729703951,0.008020835506018585,0.00019813011188307575,0.004659807234334897,0.00010026404365874451,0.2600131934795421,0.26001197210885946,2037
1.3783045883072473,0.007879153810049706,0.0002037572845513375,0.004660386409989583,7.891537937232041e-05,0.25888343285967313,0.258879750919038,2038
1.3781611454933806,0.007884011407509097,0.00019429106692097993,0.0046620082404617786,7.925470051674144e-05,0.25890251091079036,0.2588989748354996,2039
1.3783898673092805,0.00802618196890549,0.0002056848480439805,0.004661942420627699,0.0001007023454487703,0.2600350558268886,0.26003389210942063,2040
1.378237396661282,0.008006133430067381,0.0001976010758436425,0.004659759215622938,9.921065502932112e-05,0.25996045455937233,0.25995919698312986,2041
1.3782715626007924,0.00786212060597968,0.00020151029360079508,0.004659137264585113,7.791368670045432e-05,0.25882687298540397,0.2588232897649636,2042
1.3781318173450314,0.007870996180491582,0.00019377417454692362,0.004663042395333768,7.974862001246773e-05,0.2589302082849432,0.25892678189491986,2043
1.3783550457051768,0.008020691494439638,0.00020328428963988768,0.004666602737326346,0.00010141714290463812,0.2600706078716549,0.2600693944923689,2044
1.378207017683424,0.008003114980875326,0.0001956936129253024,0.00466340505105786,9.935171215048228e-05,0.25996753290190117,0.2599662532410589,2045
1.3782457266898571,0.007843698983045587,0.00020074721311361208,0.0046580740464214655,7.768271671175546e-05,0.2588137799332497,0.25881027619296826,2046
1.3781146741271262,0.007850185080885216,0.00019329165556148517,0.004661839110027859,7.910275793533056e-05,0.25889397312427526,0.2588904974909106,2047
1.3783182285222189,0.008015418376735781,0.00020124645751964796,0.004669882080863448,0.00010126972825559826,0.26006328615590346,0.26006202332801176,2048
1.3781773721158856,0.008000219402378847,0.0001934538945866226,0.004667673400417356,0.00010023871426584673,0.26001192859871897,0.2600106526709359,2049
1.3782273325091912,0.007830640248470478,0.00020074207488509862,0.004659060878245651,7.796669526820857e-05,0.25882987515586764,0.2588263503178443,2050
1.3781005617494038,0.007832795970813372,0.0001924597287578157,0.004661183325048119,7.822651368578414e-05,0.2588445753818815,0.2588410425697629,2051
1.3782811736348342,0.008004301272882052,0.0001998267695806209,0.004670867260015188,0.00010072572063150794,0.2600362204355777,0.26003494869070154,2052
1.378143099878704,0.007990279516900458,0.00019150058352466738,0.004670387500945517,0.0001008184690912456,0.26004084005904116,0.26003954760373965,2053
1.3782100727432884,0.007823900808977978,0.0002004767618296407,0.004661775104593792,7.83343921872488e-05,0.258850671849484,0.2588471138962951,2054
1.3780818625503437,0.007822210941071621,0.0001915301911130273,0.004662281015223537,7.791027771342733e-05,0.2588266798805342,0.25882317697536694,2055
1.378242224629681,0.007987726957657948,0.00019862699895010046,0.004670815499346316,0.0001001834006405362,0.26000916583140354,0.2600078824222325,2056
1.3781056143982797,0.007975527777982239,0.00019005703463665903,0.004671425881494698,0.00010066895878335026,0.260033392187259,0.2600320661809576,2057
1.3781886810136899,0.007818895835082528,0.0001996835789083414,0.0046646048114384366,7.858066340991798e-05,0.2588645735041184,0.25886106272084114,2058
1.3780611357228574,0.007815401723812405,0.00019090418779661603,0.004664645380472995,7.814581102018961e-05,0.25884001193552303,0.25883657257047754,2059
1.3782034644270014,0.007971511188309419,0.00019726999668813344,0.0046713988134275426,9.988325059396719e-05,0.25999416082490007,0.25999285084743246,2060
1.3780725016590114,0.007961220352564328,0.00018907299795909257,0.004671833190586664,0.00010016335078492274,0.2600081642065327,0.2600068286405742,2061
1.3781643195092979,0.007810465842555724,0.0001986638067755728,0.0046663794096993534,7.860396035435762e-05,0.25886588745441524,0.25886245624012294,2062
1.378040625077847,0.007808204800173153,0.00019045543465266563,0.0046671451767358145,7.850534193989579e-05,0.25886032403131487,0.2588569222307381,2063
1.3781704795708989,0.007960013744468962,0.00019581266615082218,0.00467320040693755,9.991513457764798e-05,0.2599957558282327,0.25999443539559447,2064
1.3780450985787693,0.007949238921241962,0.00018823787810230716,0.004672624701575267,9.978485124128474e-05,0.2599892367697079,0.25998790907903524,2065
1.378139974533498,0.007797812929546433,0.0001976906712447415,0.004667149372812905,7.8437172006542e-05,0.2588564762748252,0.25885307897745974,2066
1.3780178390253424,0.007798997907388347,0.00018976691204369487,0.004669016448533031,7.868702992281247e-05,0.2588705710032,0.25886719491621996,2067
1.378144118584673,0.007952294383746667,0.00019445275942342864,0.004675674208674679,0.00010013096086592536,0.26000654590085537,0.2600052341168569,2068
1.378020021811012,0.007938580599088104,0.00018730007544510277,0.004674153279409656,9.972482913307285e-05,0.25998623197873316,0.2599848992080417,2069
1.3781146179719495,0.007784170476487052,0.00019670760487900145,0.004667701715563021,7.827042178661083e-05,0.2588470572388004,0.2588436683589029,2070
1.377992025698415,0.007788282524582224,0.00018869810374391662,0.0046702309725589605,7.863036453396714e-05,0.25886737641774427,0.25886403494275706,2071
1.3781192442133654,0.007944098199379301,0.0001932492111029251,0.004677974418801833,0.00010028823154870377,0.26001440120769603,0.26001308516375515,2072
1.3779958427128036,0.007928254419358606,0.00018626380792964982,0.004676175464601961,9.992745432098701e-05,0.2599963720579512,0.259995022320186,2073
1.3780864176739454,0.007772631214821074,0.00019554978784076045,0.0046687505365378855,7.822877412695789e-05,0.2588447031678264,0.2588413430065697,2074
1.377965936860159,0.00777690086791764,0.00018748527842749377,0.004671183080757185,7.843313881550453e-05,0.2588562485746226,0.25885293395376824,2075
1.378093147156049,0.007933119534930358,0.00019221051962320444,0.004679638508741879,0.00010032560119688892,0.2600162668293576,0.2600149300743424,2076
1.3779731356578473,0.007918296790343629,0.00018526439084465122,0.0046782555425258655,0.0001001990557501795,0.2600099478395334,0.26000859037571145,2077
1.3780574214735941,0.007763534770935107,0.0001942690024615477,0.004670431350365946,7.826269165121569e-05,0.2588466203519319,0.2588432987707989,2078
1.3779414731468966,0.007765538756420953,0.00018641801048529762,0.004672251634520202,7.827383207426825e-05,0.2588472499724077,0.2588439475955225,2079
1.3780669430054013,0.007920759845284592,0.00019128440853346995,0.004680837098911839,0.00010031778172853052,0.26001587648329044,0.26001452673191255,2080
1.3779507548658008,0.007908469349128802,0.0001843520294390689,0.0046801007120082505,0.00010033001890132133,0.2600164873534249,0.26001513065836185,2081
1.3780301161376864,0.0077549760222975495,0.00019306721678747518,0.0046723372798115805,7.830171500936287e-05,0.2588488256288257,0.258845530036382,2082
1.377917643445389,0.007754883405481762,0.00018553587609722316,0.004673609541847403,7.827008015646299e-05,0.258847037931221,0.2588437560039517,2083
1.3780411254335474,0.007909070083370546,0.0001903503511779913,0.004682050081977941,0.00010029488155619245,0.26001473322441454,0.2600133819931713,2084
1.377927095719654,0.007897856819116065,0.00018350339414775863,0.004681630480271897,0.00010027849790421141,0.26001391521355216,0.26001255365976766,2085
1.378004288953807,0.0077453743059295,0.0001920300032057742,0.004674039130770269,7.833778172063121e-05,0.25885086333193724,0.2588475920097245,2086
1.3778938169068866,0.00774533094950866,0.0001846991815333343,0.004675255643585424,7.836164207491613e-05,0.2588522111404392,0.2588489637675368,2087
1.378014841511729,0.00789838191215159,0.00018931631244312126,0.004683532969172889,0.0001002727144238018,0.26001362643720055,0.26001227062634813,2088
1.3779026559399306,0.007886202919628748,0.00018269461074491266,0.0046829338071707,0.00010018397465247129,0.26000919450567683,0.26000782510036624,2089
1.3779788856636521,0.007734889027244656,0.0001910364320684756,0.0046754848957933845,7.83354284223591e-05,0.25885073038920287,0.25884749262732676,2090
1.3778706522281383,0.007736386986561885,0.00018382400752040747,0.004677031121159196,7.842056158694146e-05,0.2588555384696212,0.25885232009816034,2091
1.377988403558136,0.007887873016010398,0.0001882170124917221,0.004685182218789616,0.0001003282249411366,0.2600163978026602,0.26001503314990215,2092
1.3778788238246313,0.007874380490487363,0.0001819030778281758,0.004684239048897231,0.00010015692781659883,0.26000784331495047,0.26000647108377184,2093
1.3779538858341118,0.007724338739928138,0.00018996034614608603,0.004676869393799462,7.824074146852191e-05,0.2588453796678561,0.2588421705946442,2094
1.3778481688910758,0.007727018940877194,0.0001829506128555188,0.0046786916602581125,7.842221273045916e-05,0.25885563169573234,0.25885243079471765,2095
1.3779628101813475,0.007877149267355325,0.00018713433544405072,0.004686829836981509,0.00010048482062943231,0.2600242117210997,0.26002284207658344,2096
1.3778557561297218,0.00786324728414561,0.00018109268664357308,0.004685752045165205,0.00010017430729351081,0.26000871157010286,0.26000733698322365,2097
1.377929267801408,0.0077139404485715365,0.0001888346892860679,0.004678301323559712,7.809689122381398e-05,0.258837244549282,0.2588340521953351,2098
1.377825624036241,0.007716828708962563,0.00018211805748527516,0.004680129815836978,7.84150508195254e-05,0.2588552273160843,0.25885204400741135,2099
1.3779380196240385,0.007866490502292843,0.00018609718346115423,0.004688447293400396,0.00010064608576568886,0.26003225227781324,0.26003087940315933,2100
1.3778330979202573,0.007852724526030903,0.00018026428856455015,0.004687457790895293,0.00010019739987981596,0.2600098651279533,0.26000848451629405,2101
1.377904476845533,0.007703576236211482,0.00018775192577452477,0.004679767525774307,7.799984771890184e-05,0.25883175224510413,0.25882857767563255,2102
1.3778028876666062,0.007706335092890846,0.00018129288229577168,0.004681466331661266,7.840696467411916e-05,0.2588547707296191,0.2588516077533826,2103
1.3779135657318087,0.007855962055868802,0.0001851093656943477,0.004690036353189933,0.00010074008165917321,0.2600369358700339,0.26003555675137197,2104
1.377811001296384,0.007842147837779872,0.00017946818525912739,0.004689181355759141,0.00010023762006564372,0.2600118739537433,0.26001048890288625,2105
1.3778794039443951,0.0076933879208834184,0.00018671064724091959,0.004681289803123637,7.7959844614752e-05,0.2588294872226394,0.25882633637642677,2106
1.377780276750783,0.007696122648969324,0.00018044306491825547,0.004682862278367379,7.838782533605938e-05,0.25885368992771146,0.2588505446474323,2107
1.3778895689519506,0.007845239083155181,0.00018418002671039235,0.0046915464457981315,0.00010080752360630154,0.26004029499598,0.2600389107408494,2108
1.377789516889444,0.007831234640938335,0.0001787335189690571,0.004690818097706188,0.00010028356977467758,0.260014168451483,0.26001278307238984,2109
1.3778544219023035,0.007683584813812668,0.0001856513896803257,0.004682905633014844,7.792198890955298e-05,0.2588273432531851,0.25882421385523185,2110
1.377757702712717,0.007686252480580954,0.00017959742518078336,0.004684345273181388,7.83894027445975e-05,0.25885377900924783,0.2588506504968415,2111
1.377866216918002,0.0078342152331799,0.00018330300860148547,0.004692982670740715,0.0001008954391427913,0.2600446721769698,0.2600432868367611,2112
1.3777683492185109,0.0078201807986902,0.00017804990426053727,0.004692394463942843,0.00010029109021219418,0.26001454393430845,0.26001315815913206,2113
1.3778296249585287,0.007673973127928585,0.00018457592871348055,0.004684557406518259,7.787248755817545e-05,0.2588245389430936,0.25882142769120864,2114
1.3777350382098537,0.007676502451565378,0.0001787945429754192,0.004685864660464993,7.843761212605574e-05,0.2588565011221168,0.25885339160915405,2115
1.3778433205915093,0.007823192932987867,0.00018245304770432067,0.004694438350944061,0.00010098803335794221,0.2600492802407905,0.2600478940439843,2116
1.3777474331839126,0.007809148733027745,0.00017740266942780478,0.0046939567000177955,0.00010025849226191537,0.2600129162715922,0.2600115288508571,2117
1.377804938738213,0.007664204302317339,0.00018353075734065818,0.004686157235041867,7.783267352714985e-05,0.2588222827843563,0.2588191906232623,2118
1.3777124858483092,0.007666790467612772,0.00017802350082334287,0.0046873980317937,7.850865973341386e-05,0.2588605112568866,0.25885741979699617,2119
1.377820820495295,0.00781239402746096,0.00018161945298519511,0.004695965862809193,0.00010107061870811844,0.26005338841924047,0.26005200057663264,2120
1.3777269314131104,0.0077980801983685314,0.00017678732386953403,0.004695516125832798,0.00010022294517674652,0.2600111410526846,0.26000975332773835,2121
1.377780457829884,0.00765424850466465,0.00018252137786429687,0.00468770237125277,7.780064505008993e-05,0.2588204673940835,0.25881739331440806,2122
1.3776901157710595,0.007657126187507533,0.00017725590991780692,0.004688936485089239,7.85760791803743e-05,0.25886431493012146,0.25886123883035983,2123
1.3777988610327807,0.007801672274675367,0.0001808143103301141,0.004697529762124823,0.00010115723212908247,0.2600576951698231,0.2600563076158733,2124
1.377706826466088,0.007786952134564357,0.0001761971887963708,0.004697090984435993,0.00010019760877431075,0.2600098755623789,0.2600084886778265,2125
1.3777561937665657,0.0076443170024312985,0.00018152205603614942,0.004689241482351529,7.77671269905553e-05,0.25881856717333124,0.25881550804255143,2126
1.3776677757624534,0.0076474283772533826,0.00017649357527507853,0.0046904497551417765,7.86446188844169e-05,0.2588681801337375,0.25886511954201924,2127
1.3777664676060528,0.007789589086843274,0.0001794872903306247,0.004699044114904077,0.00010109989010091735,0.2600548441112191,0.2600534500882372,2128
1.3776686245796463,0.007773599006125704,0.00017468281934733228,0.004698610862413374,9.99057864155089e-05,0.25999528821072754,0.2599938876815407,2129
1.3777600812250035,0.00763334674992182,0.00018204716212238338,0.004690671166057473,7.741316316552963e-05,0.2587984750477301,0.2587953974606031,2130
1.3776768057923385,0.007636003710541749,0.00017744174023327357,0.004691763140008468,7.830730726092647e-05,0.25884914161153083,0.25884605955919954,2131
1.3777165711957238,0.007775287373959339,0.00017729774866937913,0.004700463445519521,0.00010076293768915594,0.2600380744014555,0.2600366588682319,2132
1.377628573970097,0.007759975218517772,0.00017308081822018664,0.004700139229014149,9.95651772944796e-05,0.2599782351793531,0.25997681935036315,2133
1.3777036789956474,0.0076249949714926836,0.00017935682573265552,0.004692381270758528,7.78061323320852e-05,0.2588207784425234,0.2588177526759072,2134
1.377583012900897,0.007630082679620431,0.00017284200963646592,0.004693625932254466,7.936728146246027e-05,0.25890883165529915,0.25890585286424295,2135
1.3776775403197654,0.007762006241493983,0.00017569065393587251,0.004701923631766293,0.00010055359395385933,0.26002764149508045,0.26002621757642186,2136
1.377520186818492,0.007736769884182703,0.0001680445703964231,0.00470126402151608,9.802332705502623e-05,0.25990067306070785,0.2598991791981224,2137
1.3776428851999785,0.0076170062794000916,0.00017647325193243774,0.004694155237203969,7.831079427175812e-05,0.25884933863470927,0.25884637351133927,2138
1.3774359062260213,0.007629650851549422,0.0001653687600714849,0.004695990749448165,8.159634762005177e-05,0.25903306966761863,0.25903029378802406,2139
1.377597637161504,0.007743412686318388,0.00017204129379959826,0.004703190155663196,9.968690500977099e-05,0.2599843329777092,0.25998287178383644,2140
1.377362182488954,0.007702348916776641,0.00016060443192080344,0.004701834567528946,9.491829309959103e-05,0.25974260196762605,0.2597409434806588,2141
1.3775475600060008,0.007611302969366236,0.00017176819939641744,0.004696218231639238,7.93794813335784e-05,0.2589095163355582,0.25890666472730295,2142
1.3773134879616624,0.007632516952566433,0.00015918199584953493,0.004698587300455735,8.425892610906895e-05,0.2591792660986088,0.25917672619454646,2143
1.3774972151040554,0.007721101970672067,0.00016742345354975956,0.004704312647955867,9.832672631244283e-05,0.25991598337596644,0.25991446733178625,2144
1.3772790510564206,0.007675686705190047,0.00015698501368505903,0.004702745943061983,9.263256577570504e-05,0.25962458132989197,0.2596228039494728,2145
1.3774492445966267,0.007607117094187877,0.00016690819450011744,0.0046984894883566174,8.069578345507185e-05,0.25898308318201896,0.25898036378980566,2146
1.3772554659796317,0.0076315820907359765,0.00015647869209518445,0.004700862829765927,8.603439352584792e-05,0.2592754726847664,0.25927309542965504,2147
1.377405708535324,0.00769859617637159,0.00016331850060103567,0.004705413358715148,9.685826349907071e-05,0.25984165959069255,0.2598400847229368,2148
1.3772376659145145,0.007655989525368639,0.000155427733564196,0.004704019508224023,9.117977403190414e-05,0.2595488100846076,0.2595469591751495,2149
1.3773666170874759,0.007603278776647659,0.0001629190356716737,0.004700795265109448,8.202269740184563e-05,0.25905663830578685,0.259054044048291,2150
1.377224266813198,0.007627272000575587,0.0001552521821704837,0.004702910910691862,8.717081558516765e-05,0.2593365312394469,0.2593342618843601,2151
1.377332504192935,0.00767759862603739,0.00016016607087703333,0.004706589621042344,9.546972098385209e-05,0.25977086081079104,0.25976922564297583,2152
1.3772131076072236,0.007640494822041228,0.00015467429387583793,0.0047055008831495505,9.02949090649096e-05,0.25950236334102783,0.2595004671063,2153
1.377302594516482,0.00759913223916092,0.00015995037126259243,0.004703027605847091,8.324680231510577e-05,0.2591239685617118,0.2591214816682652,2154
1.3772036863619512,0.0076206461360963295,0.00015461095753096588,0.004704821357937885,8.785688203903044e-05,0.25937320020265386,0.25937099931197094,2155
1.3772767650742186,0.007658510556318086,0.00015789585517413286,0.0047078513313928505,9.424734093377391e-05,0.25970810696962976,0.2597064146953041,2156
1.3771951327115637,0.0076274484986727795,0.0001542304149298602,0.004707076423629248,8.978890076244345e-05,0.2594757005420414,0.2594737771797705,2157
1.3772542070384641,0.007594421898701067,0.00015782130060088847,0.004705161505300423,8.43139939588932e-05,0.25918226518670057,0.2591798669659617,2158
1.3771872876479716,0.007612529530195039,0.000154204053231728,0.004706642269722773,8.824385937784813e-05,0.25939382027600316,0.2593916637371563,2159
1.3772346112948175,0.0076411976768413215,0.0001563001404420956,0.004709182419445411,9.321564460563361e-05,0.25965482493915004,0.25965308285262706,2160
1.3771798045616712,0.007615905403915077,0.00015390691180196497,0.00470869018488459,8.952259426562208e-05,0.2594616380329001,0.259459701058882,2161
1.3772173513781807,0.007589024309634183,0.0001563092520767779,0.004707182856267588,8.521690772417014e-05,0.2592313004351592,0.2592289780320164,2162
1.377172642544239,0.007603418180555462,0.00015390384596718708,0.004708391729743979,8.84408419352016e-05,0.2594042991198282,0.25940217351237776,2163
1.3772021257253444,0.0076254193056360916,0.00015517559859908622,0.004710577016478279,9.236047865869514e-05,0.2596104359244883,0.25960865196796296,2164
1.3771656561138097,0.007605277091626349,0.0001536370474767114,0.004710314760994923,8.940670503870757e-05,0.2594555118866568,0.2594535713033772,2165
1.3771885025774602,0.007582878789561865,0.00015523111833957867,0.004709095433425538,8.59704872442244e-05,0.2592720271378067,0.25926977062974943,2166
1.3771588389995726,0.007593682614407347,0.00015365771213194076,0.004710089737509658,8.851708802944454e-05,0.2594083520357948,0.25940624893304204,2167
1.3771762439220003,0.007610882910737529,0.000154368431849096,0.00471201779060134,9.165815338843922e-05,0.25957382647578486,0.2595720080553654,2168
1.377152121820087,0.007595145725381089,0.00015339959487236824,0.004711932470098428,8.938394533131001e-05,0.25945430829470406,0.2594523700111997,2169
1.3771650686085786,0.007576083699107966,0.00015444579258489,0.004710927725026937,8.659399657501372e-05,0.25930558953398514,0.2593033890724804,2170
1.37714550585183,0.0075836312796589605,0.0001534391798594775,0.004711752982856426,8.85220596499784e-05,0.25940861624522854,0.2594065294439479,2171
1.3771548045599176,0.007597277438072036,0.00015377562918448846,0.0047134781190080344,9.10842110840463e-05,0.25954380485362344,0.25954195705268274,2172
1.3771389522132145,0.007585258014058894,0.00015318324873986837,0.004713537558796533,8.941083173978569e-05,0.2594557301008323,0.25945379556356796,2173
1.3771452738465355,0.007568809619821459,0.00015385356097953812,0.0047127085165343,8.710891295180204e-05,0.25933321557405603,0.2593310617571371,2174
1.3771324622961139,0.0075734756739647925,0.0001532350925111069,0.004713386195570866,8.849403061387854e-05,0.2594071265864704,0.25940505142072107,2175
1.3771363570465056,0.00758437353456517,0.00015332792267396352,0.004714937428807322,9.06133768427596e-05,0.259519105884628,0.25951723178730457,2176
1.3771260117715958,0.007575482373665467,0.0001529789140600701,0.00471512896349711,8.945529034785194e-05,0.2594580806904917,0.2594561491892413,2177
1.3771279429212577,0.00756118194723629,0.00015339102711356677,0.004714455073889729,8.753749047085043e-05,0.25935614720228634,0.2593540321133085,2178
1.3771196009492994,0.007563358501664455,0.00015303780898406641,0.004714995782872152,8.845973563946647e-05,0.2594053035910313,0.2594032371835416,2179
1.3771199498749362,0.0075720435308121205,0.00015297715612328782,0.004716388214492006,9.022278007386078e-05,0.25949856726426995,0.2594966699621663,2180
1.3771132144505516,0.00756573476113874,0.00015278101070588014,0.004716701153650267,8.949577736821064e-05,0.25946022078855513,0.2594582916546527,2181
1.3771123080904664,0.007553280342976209,0.00015301819131989712,0.004716174078324825,8.789790664012669e-05,0.25937538834609675,0.25937330613789433,2182
1.3771068521693877,0.007553387762746534,0.00015284162475517662,0.00471659413493122,8.843629201449037e-05,0.2594040572102944,0.2594019988696707,2183
1.3771049616776347,0.007560196992442356,0.00015269178111384076,0.004717833764569193,8.989613005716967e-05,0.2594813569734068,0.259479440149725,2184
1.3771005053751477,0.007555947142129093,0.00015258739086101004,0.00471824889481481,8.951933842680105e-05,0.25946146597662334,0.2594595388588064,2185
1.377097865681458,0.007545168061637661,0.00015270793146955034,0.004717866405464474,8.820192201330451e-05,0.2593915878323798,0.25938953468219955,2186
1.377094174515452,0.007543634482384287,0.00015264257868217643,0.004718189939469302,8.84328573373939e-05,0.25940387459175174,0.25940182546247986,2187
1.377090981129091,0.007548770870291671,0.00015245108567331922,0.004719279597307917,8.96234933695949e-05,0.25946696854170304,0.25946503601795273,2188
1.377087856093584,0.007546102767398864,0.0001523959532871736,0.004719771242962081,8.952028673399108e-05,0.25946151609066914,0.2594595905249236,2189
1.377084277563134,0.007536897435116798,0.0001524409838265722,0.004719529019626665,8.845671737619466e-05,0.2594051431342747,0.25940311602499067,2190
1.377081551779203,0.00753411476734577,0.0001524396090915613,0.004719781696739219,8.845242058060166e-05,0.2594049147035261,0.259402876267684,2191
1.3770777270027688,0.007537717043341306,0.00015224121455077535,0.004720728219698388,8.939843055659184e-05,0.2594550743284541,0.25945312952690464,2192
1.3770752619909254,0.007536210983117789,0.00015220547138214202,0.004721271713290577,8.94978062359408e-05,0.2594603280194685,0.2594584031983509,2193
1.3770713073969856,0.007528487767368476,0.0001522048864755874,0.004721159719435078,8.866729683908861e-05,0.2594163313896171,0.2594143271852743,2194
1.3770689897811197,0.007524811823913644,0.00015223379816986483,0.004721364233492019,8.849429032509451e-05,0.25940714039042123,0.2594051137047165,2195
1.3770649980119298,0.007527014678348422,0.00015205123118710575,0.004722180179759468,8.921615978472601e-05,0.25944543062992503,0.2594434764635154,2196
1.377062738109654,0.007526298988269257,0.00015201542989176054,0.0047227543447464345,8.945404468272313e-05,0.2594580148383645,0.2594560895509687,2197
1.3770587819689277,0.007519943859071903,0.00015199116961186194,0.004722757616146415,8.883771460401884e-05,0.25942537609881,0.25942339142586907,2198
1.37705651103684,0.007515696716398291,0.0001520273142887887,0.00472293296563205,8.85554298453841e-05,0.25941038946300227,0.25940837527860405,2199
1.3770526436419857,0.007516642295562802,0.00015187320828570082,0.004723634039578223,8.907271580482191e-05,0.2594378342751302,0.25943587343106245,2200
1.37705031264609,0.007516389135595465,0.00015182698527901637,0.004724221573870906,8.939291147464924e-05,0.25945478246574977,0.25945285549796504,2201
1.3770465699330852,0.007511273069678161,0.00015179315581809313,0.004724324779269055,8.897114899430782e-05,0.25943245190787145,0.25943048346553205,2202
1.3770441471874546,0.007506745944229903,0.0001518221082102902,0.004724486852090544,8.863145265426886e-05,0.25941442789840513,0.25941242670982223,2203
1.377040549310161,0.0075065796361651034,0.0001517013564007979,0.004725087262304089,8.896531503617105e-05,0.25943214265351044,0.25943017772306104,2204
1.3770380185062974,0.007506505380063948,0.00015164186143714245,0.004725673366886366,8.931932150751332e-05,0.2594508899849439,0.2594489605026907,2205
1.3770345721115416,0.007502486435191952,0.00015160530056314113,0.004725863645744923,8.906958220945754e-05,0.25943766826125275,0.2594357130456868,2206
1.3770319300224625,0.007497933548822142,0.00015162011366407573,0.0047260265271316495,8.871718966619646e-05,0.2594189802880246,0.25941699238690624,2207
1.3770286305333195,0.007496807308736978,0.000151531774036506,0.0047265383983925826,8.889224093609421e-05,0.25942826818329295,0.2594263018326975,2208
1.3770258842313479,0.007496674905446729,0.00015146154128051488,0.004727109872576372,8.923879127533361e-05,0.2594466285666016,0.2594446962718136,2209
1.37702271837982,0.007493591436422839,0.00015142368382022804,0.004727375517715068,8.913439713291687e-05,0.2594411014787956,0.25943915670708245,2210
1.3770198828594933,0.007489227022134789,0.00015142303039503645,0.004727551922520966,8.880685558587585e-05,0.25942373893875864,0.25942176428962943,2211
1.3770168313706403,0.007487312611741436,0.00015136168539736666,0.004727987503282832,8.88518424674216e-05,0.25942612552788374,0.2594241604277353,2212
1.377013926428682,0.007486932953450021,0.0001512864705127944,0.004728532220621826,8.915750912253188e-05,0.2594423254086338,0.2594403905209017,2213
1.3770109666449002,0.0074845942538469415,0.00015124621275106206,0.004728859785774726,8.916761452181692e-05,0.25944286050526094,0.25944092360790555,2214
1.3770080146093604,0.00748058484015473,0.00015123211305901983,0.0047290610899632934,8.889393118137126e-05,0.25942835781996904,0.2594263959365781,2215
1.3770051230004599,0.007478080295889744,0.0001511895958073641,0.0047294354397254415,8.884132127643288e-05,0.2594255674246399,0.2594236059835678,2216
1.3770021459821091,0.007477320138203421,0.00015111598089116783,0.004729943197384312,8.908228241285044e-05,0.2594383410837313,0.25943640422441866,2217
1.3769993003073593,0.007475511963806408,0.0001510719415526306,0.004730315903052343,8.91728511359403e-05,0.2594431377802053,0.25944120643764224,2218
1.3769963184801313,0.007471964794580202,0.00015104765887319886,0.004730550447409256,8.897149035212499e-05,0.25943247000271535,0.2594305198594961,2219
1.3769934995548287,0.007469084201249737,0.0001510154396035943,0.004730881536280006,8.885605565028224e-05,0.25942634900957323,0.2594243931549747,2220
1.376990529420108,0.007467874812461939,0.00015094872103811616,0.004731346381847598,8.90198507591099e-05,0.2594350331615268,0.2594330953093916,2221
1.3769877222491416,0.0074663779798037335,0.00015090050879971458,0.004731745759328084,8.915577493586985e-05,0.2594422335777013,0.2594403058414454,2222
1.3769847759044278,0.007463331790784208,0.00015086908670753631,0.0047320168143065834,8.903335715863559e-05,0.25943574889230503,0.2594338089813993,2223
1.3769819703323614,0.0074602840398513256,0.0001508403552352265,0.004732322975901049,8.888944436823993e-05,0.2594281198745158,0.25942617096407244,2224
1.376979055049416,0.007458623628401013,0.0001507832264174872,0.00473274476536279,8.897540575145481e-05,0.2594326775494265,0.2594307400139302,2225
1.3769762456465722,0.007457237202612777,0.0001507318929655677,0.004733153699757204,8.91238274086141e-05,0.25944054169042297,0.2594386161714954,2226
1.3769733642400508,0.007454663368973797,0.00015069546122525288,0.004733458731048366,8.907559720320068e-05,0.2594379869253565,0.2594360555060084,2227
1.376970549861111,0.0074516308608778455,0.0001506659860796015,0.0047337554976180215,8.893352765425636e-05,0.25943045744671256,0.25942851628757757,2228
1.3769677013878971,0.007449578131652997,0.00015061823471969812,0.004734139342177582,8.895135242570649e-05,0.25943140246335117,0.25942946677348383,2229
1.3769648841094,0.0074481397399944185,0.00015056599979866415,0.004734544620477794,8.908524661421233e-05,0.2594384981122111,0.2594365740761323,2230
1.3769620649735514,0.007445954466629668,0.0001505258311366724,0.004734876897516147,8.909731310091105e-05,0.2594391373070271,0.2594372126381758,2231
1.376959249028086,0.007443075714268435,0.0001504937370469762,0.004735175374327607,8.898013558861922e-05,0.25943292826160674,0.2594309951129305,2232
1.3769564541865897,0.007440733900689784,0.00015045303336108808,0.00473552931926116,8.894705742924898e-05,0.25943117476400734,0.2594292424750672,2233
1.3769536446382704,0.0074391329502160805,0.00015040244986257845,0.004735922108511112,8.90478941872151e-05,0.25943651917749416,0.25943459653552137,2234
1.3769508687593417,0.007437217447277288,0.00015035944958252282,0.004736272956393451,8.910050637063846e-05,0.2594393064560188,0.25943738696819385,2235
1.376948070506984,0.007434576246387366,0.00015032438218319229,0.004736580001060597,8.902198097275925e-05,0.2594351460493603,0.2594332206173018,2236
1.3769453089510102,0.0074320716458594555,0.00015028763542276468,0.00473691311338327,8.895925558470748e-05,0.2594318214351581,0.2594298938843596,2237
1.3769425258443448,0.0074302549001737895,0.00015024059711513598,0.0047372885495358,8.901825960663509e-05,0.2594349488396406,0.25943302803127055,2238
1.3769397752620196,0.007428478977385505,0.00015019582045017874,0.004737648974136469,8.908953746181587e-05,0.25943872541510854,0.2594368098565505,2239
1.3769370097041,0.00742610139569662,0.00015015807974149808,0.0047379677571124535,8.905358014313198e-05,0.2594368204466935,0.25943490198020036,2240
1.3769342683409163,0.007423560495044157,0.0001501226235316794,0.004738288894466416,8.898269207675963e-05,0.2594330637693572,0.25943114188882255,2241
1.3769315211683046,0.007421529826311834,0.0001500797520972228,0.004738645565958362,8.90006347557176e-05,0.25943401477398237,0.25943209658254146,2242
1.3769287887251132,0.007419774466884172,0.00015003460320315803,0.004739007196876626,8.907036962194789e-05,0.2594377099776348,0.2594357975258365,2243
1.3769260594674577,0.007417634221510232,0.00014999466226358328,0.004739337621195827,8.907196165525708e-05,0.2594377943215169,0.2594358818006079,2244
1.3769233367891855,0.007415163036858679,0.0001499587830959816,0.004739654660398918,8.901096457929963e-05,0.25943456223570016,0.2594326464639246,2245
1.3769206241080019,0.0074129660898525135,0.00014991944407475279,0.004739994297265499,8.899654739191787e-05,0.2594337981424195,0.25943188349435437,2246
1.3769179126302662,0.0074111421537539305,0.00014987542110919677,0.0047403501724178135,8.904959487575294e-05,0.2594366092891331,0.2594346996183658,2247
1.3769152148446817,0.007409173733984754,0.00014983390437022575,0.00474068917188964,8.90770820943299e-05,0.25943806559069865,0.25943615796330544,2248
1.376912516115679,0.007406841464173214,0.0001497967851166921,0.004741008048238714,8.903762785116946e-05,0.2594359751934376,0.2594340654776586,2249
1.3769098316909294,0.007404555550534435,0.0001497595994071782,0.004741334978688118,8.900455658929045e-05,0.25943422262771504,0.2594323123732314,2250
1.3769071469241065,0.007402616504889233,0.00014971776467249143,0.004741680583454928,8.903318172175755e-05,0.2594357395959065,0.25943383284114574,2251
1.3769044747828552,0.007400735050623857,0.00014967558222836992,0.004742023009407873,8.907176593867792e-05,0.2594377839527443,0.2594358803579027,2252
1.376901804647202,0.0073985649120099735,0.00014963705289523842,0.004742346706467778,8.905754354090473e-05,0.2594370304408169,0.2594351263476103,2253
1.3768991443247083,0.007396275148401019,0.00014960056136393212,0.00474266655058624,8.902065596419544e-05,0.259435075832456,0.25943317057012927,2254
1.376896488893156,0.007394220803519077,0.00014956112600588985,0.004743000593060792,8.902512114052899e-05,0.25943531245590357,0.2594334090747086,2255
1.3768938404577677,0.007392345990592277,0.00014951936152800217,0.0047433409022414295,8.90609088787165e-05,0.25943720874404697,0.25943530865324194,2256
1.3768911993460902,0.007390317218699678,0.00014947971148393155,0.004743669154742641,8.906809654175072e-05,0.25943758955145596,0.259435690436208,2257
1.376888563233641,0.007388093061556494,0.00014944289181442383,0.004743986990115962,8.903944162639757e-05,0.25943607130252827,0.25943417127430707,2258
1.376885935825329,0.007385960934571381,0.00014940528657145168,0.00474431116053324,8.902650723751456e-05,0.25943538590824533,0.25943348648099307,2259
1.3768833125755797,0.007384037875819359,0.00014936482682291374,0.0047446452150799266,8.905001088137703e-05,0.25943663133122075,0.2594347345955909,2260
1.3768806982540118,0.007382100175789155,0.0001493246529958699,0.004744975339751594,8.906971807222387e-05,0.25943767545914903,0.2594357806681118,2261
1.3768780883139993,0.00737997886882618,0.00014928706439303497,0.004745294204943369,8.905575354068289e-05,0.2594369356011728,0.25943504068853795,2262
1.3768754866475272,0.007377825678562435,0.0001492503765831115,0.004745611874715324,8.90354961268966e-05,0.25943586223547677,0.2594339672524152,2263
1.3768728902302299,0.007375835585177807,0.00014921158081133333,0.004745937956390284,8.904349458549968e-05,0.2594362860589058,0.25943439284027403,2264
1.376870301035264,0.00737393052322114,0.00014917162537642965,0.004746266431864563,8.906542008370803e-05,0.2594374477526346,0.25943555679472496,2265
1.3768677181060016,0.007371912708594937,0.00014913331202611146,0.0047465868700376,8.90662310675663e-05,0.2594374907188069,0.25943560054582726,2266
1.3768651414323938,0.007369792633440383,0.00014909674374200677,0.004746901422076604,8.90482582865973e-05,0.2594365384695129,0.25943464818649536,2267
1.3768625717730782,0.007367750486755039,0.00014905939188281152,0.004747220096250305,8.904344788427228e-05,0.25943628358434995,0.25943439421313663,2268
1.3768600077944577,0.007365831912983303,0.0001490203077391287,0.004747544087992744,8.905944934055842e-05,0.2594371314148187,0.2594352440592874,2269
1.3768574511167244,0.007363889786285207,0.0001489816394314315,0.004747864794885723,8.907013524955748e-05,0.25943769756082263,0.25943581165957125,2270
1.3768549000236947,0.007361837267345608,0.0001489447442977062,0.00474817844812968,8.906055395672278e-05,0.25943718993963366,0.2594353043322498,2271
1.3768523560818946,0.007359779007696497,0.00014890826600446962,0.00474849159350871,8.904931328977727e-05,0.2594365943692509,0.25943470917361117,2272
1.3768498179825135,0.007357825768129231,0.0001488703782149972,0.004748809688159636,8.905565571428115e-05,0.2594369304180057,0.25943504669391204,2273
1.3768472866335557,0.007355919260705159,0.00014883188640787623,0.004749128583716193,8.906915317579962e-05,0.2594376455313706,0.25943576351601316,2274
1.3768447615218113,0.007353941442720774,0.00014879459944269313,0.004749442058685139,8.9069250702742e-05,0.25943765069827984,0.25943576952696146,2275
1.3768422427400295,0.0073519062296320764,0.0001487584098788726,0.004749751846979341,8.905853395238009e-05,0.259437082915413,0.2594352020845494,2276
1.3768397305116526,0.007349923851152164,0.00014872163296672378,0.004750064094044893,8.905621371598535e-05,0.2594369599827479,0.2594350800834007,2277
1.376837224342138,0.007348018208125817,0.00014868380794027454,0.004750379246602949,8.906638735243541e-05,0.25943749899880447,0.2594356206730752,2278
1.3768347248480246,0.0073460986428244175,0.00014864635614719984,0.004750691947798419,8.907326827941945e-05,0.25943786354422543,0.25943598648449046,2279
1.3768322313534216,0.007344113226707363,0.00014861008461407438,0.004751000025164528,8.906782814110748e-05,0.25943757533167855,0.2594356988580801,2280
1.3768297444595852,0.0073421255094482316,0.00014857404890943944,0.004751307544846965,8.906108838852994e-05,0.2594372182547894,0.25943534239718175,2281
1.3768272636654242,0.007340203636325936,0.00014853714735443997,0.004751617827324088,8.906493522799463e-05,0.2594374220647375,0.25943554743165803,2282
1.3768247892861258,0.007338314322635692,0.0001484999136945415,0.0047519283818306,8.907365820437254e-05,0.25943788420168273,0.2594360109792055,2283
1.3768223211631874,0.0073363849670962395,0.00014846347900516438,0.004752235386175345,8.907461127542346e-05,0.25943793469332266,0.25943606240438993,2284
1.3768198592695056,0.0073344198199338075,0.00014842776556648127,0.004752539724304933,8.90684158502842e-05,0.2594376064682887,0.25943573477009463,2285
1.3768174037428034,0.007332485329672392,0.00014839173366198457,0.004752845114889358,8.906661267859762e-05,0.2594375109366081,0.25943564012250864,2286
1.3768149543365735,0.007330601429778801,0.00014835507801237024,0.0047531521022614355,8.907281082205391e-05,0.25943783930897607,0.25943596978723044,2287
1.3768125113140972,0.007328715879821019,0.00014831864723862878,0.004753457578833061,8.907799358400414e-05,0.2594381138785249,0.25943624553618716,2288
1.3768100744001137,0.007326791835351404,0.0001482829828600631,0.004753759933044345,8.90756213930471e-05,0.2594379882068716,0.259436120634476,2289
1.376807643803543,0.007324862533123654,0.00014824754564898458,0.0047540613336779225,8.907134825242623e-05,0.2594377618243112,0.25943589496265246,2290
1.37680521936359,0.007322973140945338,0.00014821163648664484,0.0047543640118200845,8.907313643010099e-05,0.25943785655909757,0.259435990744849,2291
1.3768028011409676,0.007321110744248626,0.00014817550256855503,0.0047546668796452024,8.907891616133384e-05,0.2594381627534883,0.25943629816434777,2292
1.3768003891296212,0.007319230142758422,0.00014813984633522931,0.004754967560979237,8.908077384776894e-05,0.25943826116653745,0.25943639756802733,2293
1.3767979832547421,0.00731732580693981,0.00014810470184377806,0.0047552661226396625,8.907754245340877e-05,0.2594380899790905,0.25943622711722253,2294
1.3767955836094155,0.0073154359702770465,0.00014806946524220554,0.004755564683346718,8.907586078446756e-05,0.25943800088919616,0.2594361388676119,2295
1.3767931900643005,0.0073135801829526835,0.00014803387445354454,0.004755863994387058,8.907934632445058e-05,0.25943818554195935,0.2594363246232032,2296
1.3767908027214846,0.007311731897760296,0.0001479983774058779,0.004756162489778175,8.908346391556792e-05,0.2594384036741161,0.25943654386708964,2297
1.3767884214824802,0.007309863347390321,0.00014796335897562704,0.004756458909219316,8.908318929472307e-05,0.25943838912604916,0.25943653019658797,2298
1.3767860463914834,0.007307987299412005,0.00014792857984338367,0.0047567541295350044,8.908059779640703e-05,0.2594382518400606,0.2594363936803708,2299
1.3767836774204225,0.007306133512184544,0.00014789360592252414,0.004757049594032886,8.908101924805178e-05,0.25943827416681947,0.25943641693677666,2300
1.376781314544009,0.007304302451292446,0.00014785848195498404,0.004757345114626267,8.908473188811942e-05,0.25943847084479893,0.2594366147024912,2301
1.3767789577913874,0.007302467794853065,0.00014782360550754409,0.0047576393660034135,8.908707065542277e-05,0.25943859473944203,0.25943673960414304,2302
1.3767766071007776,0.007300618471131178,0.00014778908930743062,0.004757931978249036,8.908589012231912e-05,0.25943853220168894,0.2594366778941927,2303
1.3767742625147892,0.007298773404426397,0.00014775463631341282,0.004758223949971181,8.90844947208013e-05,0.2594384582809271,0.25943660479319613,2304
1.3767719239791547,0.007296950207880635,0.00014772002308619027,0.0047585160139589555,8.908616741149823e-05,0.25943854689088836,0.2594366943754592,2305
1.3767695915128892,0.007295139297960262,0.00014768542274634804,0.004758807612168737,8.908930609678513e-05,0.259438713158942,0.2594368616844399,2306
1.376767265094689,0.007293320976216534,0.00014765109808556915,0.0047590978779676165,8.909030065941817e-05,0.2594387658440825,0.25943691529975205,2307
1.3767649447095884,0.007291495514517827,0.0001476170075594004,0.004759386929728362,8.908907288413387e-05,0.25943870080488485,0.2594368510770595,2308
1.3767626303648568,0.007289680576367654,0.0001475829039779245,0.00475967557126835,8.908882484396732e-05,0.25943868766534667,0.2594368387992313,2309
1.3767603220265396,0.007287883412837348,0.0001475487177396646,0.00475996404837183,8.909098660664446e-05,0.25943880218071363,0.25943695429398994,2310
1.3767580197094367,0.0072860913680434436,0.0001475146381621398,0.004760251771568534,8.909330051715234e-05,0.2594389247542902,0.25943707785482906,2311
1.3767557233833982,0.007284292515143677,0.00014748080418368765,0.004760538269877242,8.909351406252265e-05,0.2594389360662377,0.2594370900481808,2312
1.376753433051277,0.007282492961382655,0.00014744711155513106,0.004760823849056513,8.909267474250229e-05,0.2594388916056125,0.25943704641019233,2313
1.3767511486991335,0.007280705991141537,0.00014741339193968182,0.004761109058128318,8.909325687887826e-05,0.25943892244267736,0.2594370781341855,2314
1.3767488703132602,0.007278931981348798,0.00014737966344598402,0.0047613938810763005,8.909540691095059e-05,0.25943903633380816,0.25943719299045603,2315
1.3767465978933542,0.007277159248170808,0.00014734608122474614,0.004761677833272683,8.909697292682808e-05,0.2594391192876681,0.25943727688380785,2316
1.376744331417719,0.007275382246873935,0.00014731269696772125,0.004761960705521412,8.909686852640654e-05,0.2594391137574672,0.25943727220701407,2317
1.3767420708879792,0.007273608895001111,0.0001472793995242558,0.004762242825010822,8.909653601387765e-05,0.25943909614390476,0.25943725542588303,2318
1.376739816285834,0.007271847690724728,0.00014724609225601746,0.004762524532665854,8.909759631061263e-05,0.2594391523089,0.25943731248705176,2319
1.376737567605867,0.007270095429868443,0.00014721282847425052,0.004762805707675021,8.90994905573619e-05,0.25943925264824297,0.25943741376764456,2320
1.3767353248385024,0.0072683430662825845,0.0001471797163013852,0.004763085992166562,8.910051361922424e-05,0.25943930683997635,0.2594374688607335,2321
1.3767330879704949,0.007266589278104678,0.0001471467597376998,0.004763365316425396,8.910038589289576e-05,0.25943930007431143,0.2594374629329612,2322
1.3767308569977577,0.00726484150018932,0.00014711386652875062,0.004763643964460223,8.910050424000663e-05,0.25943930634315926,0.25943747004143564,2323
1.3767286319046865,0.007263104370258443,0.00014708098805217166,0.004763922145266401,8.910176502672217e-05,0.2594393731267877,0.2594375377189332,2324
1.376726412686512,0.007261373434982808,0.00014704818184685937,0.004764199714215013,8.910333688923706e-05,0.25943945638737936,0.2594376218943057,2325
1.376724199330892,0.0072596424441245,0.00014701551819878042,0.004764476409174438,8.91040297014458e-05,0.2594394930849832,0.2594376594641999,2326
1.3767219918287212,0.007257912378349087,0.00014698298147243353,0.004764752224299166,8.910402522813269e-05,0.2594394928480365,0.2594376600561541,2327
1.3767197901719332,0.007256189266633976,0.00014695050148592873,0.004765027396181747,8.910447182943176e-05,0.2594395165040076,0.2594376845542746,2328
1.3767175943482362,0.007254475133251377,0.00014691805623110685,0.004765302058010923,8.910575497388912e-05,0.25943958447040383,0.2594377534048174,2329
1.3767154043511927,0.007252765578717575,0.00014688569690077626,0.004765576066249615,8.910703571765254e-05,0.2594396523091506,0.25943782213298244,2330
1.3767132201687922,0.007251056640406307,0.0001468534687735829,0.004765849223173913,8.910756547504742e-05,0.25943968036932646,0.25943785104364575,2331
1.3767110417930328,0.007249350280860964,0.00014682134960541078,0.004766121555849484,8.910772794274478e-05,0.2594396889748945,0.25943786047168627,2332
1.3767088692141984,0.007247650989115741,0.0001467892871364066,0.004766393262375683,8.910837728351106e-05,0.2594397233690141,0.25943789570562487,2333
1.3767067024220259,0.0072459592390798615,0.0001467572738853231,0.004766664426234598,8.910959207610932e-05,0.2594397877135087,0.2594379609204777,2334
1.3767045414085808,0.00724427126137867,0.00014672535248963663,0.004766934911493688,8.911065113065416e-05,0.2594398438085942,0.2594380178822787,2335
1.3767023861628895,0.007242584728291316,0.00014669355164332318,0.004767204569193321,8.911112548936916e-05,0.2594398689339084,0.25943804384123137,2336
1.3767002366768317,0.007240901806327687,0.00014666184837717935,0.004767473445411123,8.911144168407737e-05,0.25943988568172716,0.2594380614053079,2337
1.376698092940374,0.007239225658671676,0.00014663020454128443,0.004767741703941339,8.911219597717813e-05,0.2594399256340915,0.2594381021912754,2338
1.3766959549441633,0.007237555967896291,0.00014659862015413267,0.00476800939292744,8.911331143240459e-05,0.259439984715687,0.25943816212771753,2339
1.3766938226794418,0.0072358897476497335,0.0001465671291510745,0.004768276389177678,8.911421904111291e-05,0.2594400327881376,0.25943821104692816,2340
1.3766916961360853,0.007234225723222064,0.0001465357496377084,0.004768542582504885,8.911469547467877e-05,0.2594400580228449,0.25943823710139546,2341
1.3766895753056207,0.007232565876111647,0.00014650446093884668,0.0047688080276024995,8.911513087655515e-05,0.25944008108421507,0.2594382609720617,2342
1.3766874601781953,0.00723091236883233,0.00014647323514858143,0.004769072857508154,8.911592575416513e-05,0.2594401231853279,0.25943830389786027,2343
1.37668535074477,0.007229264569701015,0.0001464420753615636,0.0047693370963228995,8.911694271922001e-05,0.25944017704914585,0.25943835860057957,2344
1.3766832469962749,0.007227620210312146,0.0001464110083000353,0.004769600636063126,8.911775446153637e-05,0.25944022004306766,0.25943840242365107,2345
1.3766811489231081,0.007225978633235173,0.0001463800458411844,0.004769863396524198,8.911825749552139e-05,0.2594402466861582,0.2594384298743383,2346
1.3766790565165392,0.007224341495248135,0.00014634917019620619,0.004770125434600319,8.911877575378904e-05,0.2594402741355211,0.25943845812502153,2347
1.376676969766992,0.007222710265406143,0.00014631836033851965,0.004770386857063042,8.91195737352644e-05,0.2594403164001671,0.2594385012036546,2348
1.376674888665515,0.007221084255100628,0.0001462876205559647,0.004770647671730424,8.91205063407672e-05,0.25944036579486024,0.2594385514215429,2349
1.3766728132029808,0.0072194617709208505,0.00014625697226537503,0.004770907785917172,8.912126097774903e-05,0.259440405763406,0.25943859220351184,2350
1.376670743370088,0.0072178424894719035,0.00014622642339023488,0.004771167142709413,8.912179648106071e-05,0.25944043412566714,0.2594386213621154,2351
1.376668679157983,0.007216227732441805,0.00014619595861457295,0.004771425797439231,8.912236719066204e-05,0.25944046435249146,0.2594386523813006,2352
1.3766666205573266,0.007214618509792925,0.00014616556185570312,0.004771683834468346,8.912314925205736e-05,0.2594405057731065,0.25943869460417357,2353
1.3766645675591966,0.007213014195548543,0.0001461352379086365,0.004771941251041507,8.912401479057422e-05,0.2594405516147402,0.25943874125388633,2354
1.376662520154515,0.007211413530411598,0.0001461050039681375,0.004772197969539408,8.91247367896614e-05,0.2594405898539054,0.2594387802921501,2355
1.3766604783341594,0.00720981635602274,0.00014607486517850932,0.004772453950715108,8.912530158019114e-05,0.25944061976674154,0.25943881099046556,2356
1.3766584420892445,0.007208223696058875,0.0001460448086041381,0.0047727092452443,8.912590248957279e-05,0.25944065159242585,0.25943884359875646,2357
1.376656411410615,0.007206636262810238,0.0001460148220306622,0.004772963918832027,8.912666094330169e-05,0.25944069176190504,0.25943888455826103,2358
1.3766543862893756,0.007205053540905121,0.00014598491010044774,0.004773217963344934,8.912747480493027e-05,0.2594407348657258,0.2594389284557012,2359
1.376652366716532,0.0072034745913497795,0.0001459550863617524,0.004773471315405572,8.912817813392806e-05,0.2594407721153478,0.2594389664910753,2360
1.376650352683083,0.007201899323350918,0.00014592535419903808,0.004773723947900047,8.912876594411589e-05,0.25944080324676433,0.25943899839724766,2361
1.376648344180164,0.007200328511561349,0.00014589570311428034,0.004773975904721368,8.912938231855344e-05,0.25944083589088135,0.25943903181365463,2362
1.3766463411987606,0.007198762678579431,0.00014586612377633817,0.004774227237115938,8.91301154834212e-05,0.2594408747202482,0.25943907142061384,2363
1.376644343730018,0.0071972014312511315,0.00014583662008779897,0.0047744779357357095,8.91308894360883e-05,0.25944091570961675,0.2594391131897255,2364
1.3766423517650306,0.007195644063883674,0.00014580720259258552,0.00477472794965707,8.91315813349875e-05,0.25944095235317854,0.2594391506063553,2365
1.3766403652948922,0.0071940905003140335,0.00014577787378316,0.0047749772591903225,8.91321858415225e-05,0.25944098436824903,0.2594391833854773,2366
1.3766383843107841,0.007192541314842951,0.0001457486254207523,0.0047752259006951,8.913280858946551e-05,0.25944101734928315,0.2594392171281079,2367
1.3766364088038063,0.007190996909592718,0.0001457194501871993,0.004775473914754723,8.913351749640971e-05,0.2594410548931997,0.25943925543716695,2368
1.3766344387651543,0.00718945700561817,0.0001456903510143687,0.004775721293356249,8.913425984724277e-05,0.2594410942081542,0.2594392955184948,2369
1.3766324741860088,0.007187921067390278,0.00014566133609980825,0.004775967996045572,8.913494359118272e-05,0.2594411304191385,0.2594393324903131,2370
1.3766305150575469,0.007186389009720779,0.00014563240753410084,0.004776214007415236,8.913555944456562e-05,0.25944116303452947,0.25943936585901545,2371
1.3766285613710068,0.007184861249107293,0.0001456035589935312,0.004776459356391679,8.913618330117365e-05,0.2594411960736537,0.2594393996488179,2372
1.3766266131175862,0.007183338107881016,0.00014557478460223085,0.004776704075543815,8.913687007366349e-05,0.25944123244463685,0.25943943677259984,2373
1.37662467028854,0.007181819404575856,0.00014554608635023594,0.0047769481594173374,8.913758644947198e-05,0.25944127038324144,0.25943947546463875,2374
1.3766227328751266,0.007180304731057686,0.00014551747057436735,0.0047771915764663305,8.913826302581524e-05,0.25944130621396294,0.25943951204426163,2375
1.3766208008686012,0.007178793986812786,0.0001454889391693608,0.004777434313814912,8.913888596308339e-05,0.25944133920389917,0.2594395457767287,2376
1.3766188742602659,0.007177287464103284,0.00014546048742691272,0.004777676393395266,8.913950814438717e-05,0.25944137215368546,0.25943957946618407,2377
1.376616953041402,0.007175785427108849,0.00014543211059542136,0.004777917841404873,8.914017526955012e-05,0.2594414074835032,0.25943961553663913,2378
1.3766150372033295,0.0071742877733793784,0.00014540380981339956,0.004778158655337198,8.914086941098123e-05,0.25944144424391635,0.2594396530379033,2379
1.376613126737378,0.007172794194358419,0.00014537558987036018,0.0047783988113413575,8.914153853710195e-05,0.25944147967943065,0.2594396892105864,2380
1.3766112216348798,0.007171304576651051,0.00014534745255095273,0.004778638298203567,8.914216520509262e-05,0.25944151286633094,0.2594397231292095,2381
1.376609321887199,0.00716981911401972,0.00014531939453269388,0.004778877131562736,8.914278442872943e-05,0.2594415456588807,0.2594397566504197,2382
1.376607427485696,0.00716833802323398,0.0001452914119892697,0.004779115332348339,8.91434344028769e-05,0.25944158007977886,0.25943979180000953,2383
1.3766055384217537,0.007166861263204506,0.0001452635053140009,0.004779352900831867,8.914410883583542e-05,0.25944161579581776,0.2594398282446129,2384
1.3766036546867733,0.007165388606139725,0.00014523567799231413,0.004779589819717684,8.914476962233838e-05,0.2594416507890484,0.2594398639634197,2385
1.3766017762721565,0.007163919932125145,0.00014520793172410345,0.004779826079090177,8.91453973416238e-05,0.2594416840310203,0.2594398979262924,2386
1.3765999031693332,0.007162455357160442,0.00014518026434614796,0.004780061689256825,8.914601312786959e-05,0.2594417166409435,0.25943993125391746,2387
1.3765980353697342,0.0071609950557936074,0.00014515267281182368,0.004780296666723014,8.91466482957245e-05,0.2594417502771321,0.2594399656070784,2388
1.3765961728648082,0.007159539031665592,0.00014512515692136573,0.004780531013998889,8.91473048506189e-05,0.2594417850457749,0.25944000109225596,2389
1.3765943156460214,0.007158087123675202,0.00014509771908598448,0.004780764719211724,8.914795621084684e-05,0.2594418195392015,0.25944003629977186,2390
1.3765924637048466,0.007156639213267834,0.00014507036089153168,0.004780997773685603,8.914858274662864e-05,0.259441852717906,0.2594400701885491,2391
1.3765906170327729,0.007155195356514013,0.0001450430810851698,0.004781230183503499,8.914919495023492e-05,0.25944188513752603,0.25944010331499,2392
1.3765887756213013,0.007153755688456139,0.00014501587729109108,0.004781461961418536,8.914981745228151e-05,0.2594419181023922,0.2594401369853388,2393
1.3765869394619448,0.00715232024204117,0.00014498874890380722,0.004781693111459824,8.915045763017323e-05,0.2594419520031704,0.25944017159085564,2394
1.3765851085462308,0.007150888911237867,0.00014496169747263074,0.0047819236261090175,8.91510985203396e-05,0.25944198594154533,0.25944020623192066,2395
1.3765832828656985,0.007149461586685063,0.00014493472440595996,0.004782153498020769,8.91517219071834e-05,0.2594420189529138,0.259440239942533,2396
1.3765814624118997,0.0071480382802780445,0.00014490782911940548,0.004782382730141766,8.915233042223301e-05,0.25944205117663705,0.2594402728622845,2397
1.376579647176399,0.007146619089598566,0.0001448810098297978,0.004782611332019768,8.9152942174962e-05,0.25944208357169973,0.259440305951567,2398
1.3765778371507702,0.007145204063156235,0.0001448542657111086,0.004782839308484748,8.915356737810922e-05,0.2594421166789078,0.25944033975194,2399
1.376576032326604,0.007143793139587503,0.0001448275976325518,0.004783066655430868,8.915419694594093e-05,0.2594421500171275,0.25944037378153506,2400
1.376574232695501,0.007142386225309696,0.00014480100675831972,0.004783293366964688,8.91548153889649e-05,0.259442182766128,0.2594404072189548,2401
1.3765724382490738,0.0071409833020411925,0.00014477449296314114,0.004783519443857166,8.91554199705997e-05,0.25944221478100343,0.25944043991915283,2402
1.3765706489789467,0.007139584432517888,0.00014474805499276638,0.004783744892914683,8.915602263529583e-05,0.2594422466942617,0.2594404725155846,2403
1.376568864876756,0.007138189669202795,0.000144721691956453,0.004783969719149305,8.915663428754063e-05,0.2594422790833326,0.259440505586465,2404
1.3765670859341497,0.0071367989854231526,0.0001446954041980579,0.004784193921058382,8.915725197456323e-05,0.25944231179185284,0.2594405389751399,2405
1.3765653121427885,0.007135412307894926,0.0001446691925887055,0.004784417494285259,8.915786382435336e-05,0.2594423441911611,0.2594405720520533,2406
1.3765635434943435,0.007134029600618575,0.00014464305728670334,0.0047846404382365015,8.915846399140299e-05,0.25944237597172465,0.25944060450731016,2407
1.3765617799804972,0.007132650895464062,0.00014461699749960294,0.004784862757401605,8.91590589215965e-05,0.2594424074748761,0.25944063668278877,2408
1.376560021592945,0.007131276239649093,0.00014459101239359105,0.004785084456477884,8.915965850511481e-05,0.2594424392243273,0.25944066910291336,2409
1.376558268323391,0.007129905631166705,0.00014456510193121115,0.004785305535853431,8.916026412281645e-05,0.25944247129319525,0.2594407018408276,2410
1.3765565201635535,0.007128539018963535,0.00014453926667121772,0.0047855259927275205,8.91608679138309e-05,0.25944250326522744,0.25944073447967114,2411
1.3765547771051603,0.007127176360224624,0.00014451350690475556,0.004785745825832852,8.916146291388687e-05,0.2594425347716536,0.2594407666502213,2412
1.3765530391399496,0.007125817661665073,0.00014448782221630123,0.004785965037771421,8.916205107971393e-05,0.2594425659160905,0.2594407984563152,2413
1.376551306259672,0.007124462958820031,0.00014446221191526326,0.004786183632545504,8.916264009497066e-05,0.2594425971054033,0.2594408303053834,2414
1.3765495784560882,0.007123112264363022,0.0001444366757246055,0.004786401611770466,8.916323387017534e-05,0.2594426285466588,0.2594408624047119,2415
1.3765478557209696,0.007121765548565042,0.00014441121390641284,0.004786618974125418,8.916382841253113e-05,0.25944266002843114,0.25944089454253844,2416
1.3765461380460993,0.007120422770695537,0.0001443858267587343,0.0047868357182590995,8.916441725701791e-05,0.25944269120839064,0.2594409263760988,2417
1.3765444254232697,0.0071190839195462525,0.00014436051413866202,0.004787051845362777,8.916499917017332e-05,0.2594427220212274,0.2594409578400688,2418
1.3765427178442846,0.0071177490156736824,0.0001443352755459745,0.004787267358502757,8.91655790265381e-05,0.25944275272505524,0.2594409891929423,2419
1.376541015300957,0.00711641807714879,0.00014431011059792647,0.004787482259894005,8.916616159115477e-05,0.2594427835721865,0.25944102068733005,2420
1.3765393177851124,0.007115091091955295,0.00014428501931055925,0.00478769654948768,8.916674608780726e-05,0.25944281452151885,0.2594410522820191,2421
1.3765376252885846,0.0071137680276361,0.00014426000189749378,0.0047879102263065215,8.916732766517683e-05,0.25944284531617334,0.25944108371978997,2422
1.376535937803219,0.007112448863034143,0.00014423505837449384,0.004788123290658697,8.916790334315039e-05,0.25944287579835457,0.2594411148426957,2423
1.3765342553208695,0.007111133603741921,0.00014421018843549944,0.004788335744616453,8.916847520130556e-05,0.25944290607817877,0.25944114576104615,2424
1.3765325778334014,0.007109822265686292,0.0001441853917018886,0.004788547590448678,8.916904749886167e-05,0.259442936381172,0.25944117670065187,2425
1.3765309053326897,0.007108514848928317,0.0001441606680200328,0.0047887588290353314,8.91696216412129e-05,0.2594429667817489,0.2594412077359766,2426
1.376529237810619,0.007107211332184588,0.0001441360174724594,0.00478896946003873,8.917019490000145e-05,0.2594429971354439,0.25944123872234554,2427
1.3765275752590838,0.007105911691844489,0.00014411144012825718,0.004789179483406169,8.91707639154835e-05,0.25944302726436197,0.25944126948166596,2428
1.3765259176699873,0.007104615921469813,0.00014408693584077998,0.0047893889003564295,8.9171328530687e-05,0.2594430571601938,0.25944130000566795,2429
1.3765242650352443,0.0071033240300152475,0.00014406250430720055,0.004789597712828463,8.917189163248768e-05,0.2594430869757981,0.2594413304474199,2430
1.3765226173467773,0.00710203602317203,0.00014403814529012027,0.004789805922209911,8.917245561458906e-05,0.259443116837919,0.25944136093379805,2431
1.3765209745965192,0.007100751890418399,0.00014401385873967683,0.00479001352884091,8.917301977032136e-05,0.2594431467091389,0.2594413914273066,2432
1.3765193367764117,0.007099471611424821,0.0001439896446978556,0.004790220532729024,8.917358140797703e-05,0.25944317644693654,0.2594414217852518,2433
1.3765177038784067,0.007098195172549466,0.0001439655031168155,0.004790426934527944,8.917413904346259e-05,0.2594432059727331,0.25944145192899465,2434
1.376516075894464,0.007096922574152225,0.00014394143379673264,0.004790632735680598,8.91746939134037e-05,0.2594432353520075,0.25944148192412425,2435
1.376514452816554,0.007095653821762169,0.00014391743649357048,0.00479083793768853,8.917524832661896e-05,0.2594432647070078,0.2594415118930335,2436
1.376512834636654,0.007094388912591254,0.00014389351106043713,0.004791042541416919,8.917580301665474e-05,0.25944329407657385,0.25944154187458407,2437
1.3765112213467523,0.007093127832624285,0.00014386965746886288,0.004791246547176377,8.917635650968217e-05,0.25944332338267,0.259441571790634,2438
1.3765096129388459,0.007091870566245156,0.00014384587570259518,0.004791449955386018,8.917690697474973e-05,0.25944335252835293,0.25944160154414175,2439
1.3765080094049387,0.007090617106534919,0.00014382216565119718,0.004791652767030361,8.917745426068517e-05,0.25944338150561996,0.2594416311271251,2440
1.3765064107370453,0.007089367455023558,0.00014379852711518496,0.004791854983452802,8.917799988228311e-05,0.25944341039467644,0.25944166061989726,2441
1.3765048169271885,0.00708812161235892,0.0001437749599043862,0.00479205660579506,8.917854520105084e-05,0.25944343926761065,0.25944169009461965,2442
1.376503227967399,0.007086879570967862,0.00014375146391587372,0.004792257634722883,8.917908997275147e-05,0.2594434681114912,0.2594417195383297,2443
1.3765016438497164,0.00708564131736715,0.00014372803911202463,0.004792458070688991,8.917963278805283e-05,0.2594434968516992,0.25944174887632293,2444
1.3765000645661887,0.007084406840557151,0.00014370468543239235,0.004792657914385697,8.918017271763691e-05,0.2594435254390316,0.25944177805936,2445
1.3764984901088722,0.007083176136838167,0.00014368140273875385,0.004792857166887266,8.91807102592006e-05,0.2594435538998409,0.25944180711384346,2446
1.3764969204698314,0.007081949206316638,0.00014365819084758948,0.004793055829372761,8.918124665221352e-05,0.2594435822997533,0.25944183610547744,2447
1.3764953556411381,0.00708072604575683,0.00014363504960704046,0.004793253902772792,8.918178247794877e-05,0.25944361066954524,0.2594418650650629,2448
1.3764937956148746,0.007079506645776974,0.0001436119789331208,0.004793451387718729,8.918231711645319e-05,0.2594436389763932,0.2594418939597317,2449
1.376492240383129,0.007078290994866963,0.00014358897877124615,0.004793648284809768,8.91828495386245e-05,0.2594436671658114,0.2594419227349452,2450
1.3764906899379965,0.007077079085213402,0.00014356604903085734,0.004793844594880659,8.918337944216422e-05,0.25944369522179556,0.2594419513746989,2451
1.376489144271584,0.007075870913992613,0.0001435431895642595,0.0047940403189917465,8.91839074931453e-05,0.25944372317961223,0.25944197991430995,2452
1.376487603376002,0.007074666479287154,0.00014352040020741634,0.004794235458185227,8.918443452188788e-05,0.25944375108322365,0.2594420083977884,2453
1.3764860672433712,0.007073465775513582,0.00014349768083387715,0.004794430013288155,8.918496063709765e-05,0.2594437789383857,0.25944203683088946,2454
1.376484535865819,0.007072268793193341,0.00014347503136437204,0.004794623984960219,8.918548519459511e-05,0.25944380671099293,0.25944206517946955,2455
1.37648300923548,0.007071075522811407,0.00014345245172661601,0.00479481737390798,8.918600755483688e-05,0.25944383436718566,0.25944209340964247,2456
1.3764814873444975,0.007069885958289108,0.00014342994181193536,0.0047950101810256334,8.918652775001818e-05,0.25944386190866947,0.2594421215231288,2457
1.3764799701850217,0.007068700096517544,0.0001434075014739101,0.004795202407326457,8.918704637921237e-05,0.2594438893671629,0.25944214955168793,2458
1.3764784577492086,0.00706751793388225,0.00014338513056614248,0.004795394053759512,8.918756392914206e-05,0.25944391676843576,0.25944217752111604,2459
1.3764769500292235,0.00706633946370157,0.00014336282897640446,0.004795585121112012,8.918808028763578e-05,0.25944394410654975,0.2594422054254651,2460
1.3764754470172382,0.007065164677104975,0.0001433405966225785,0.004795775610086888,8.918859492805842e-05,0.25944397135362335,0.25944223323682686,2461
1.3764739487054307,0.007063993566060312,0.000143318433418296,0.004795965521456866,8.918910749769624e-05,0.2594439984909834,0.2594422609365181,2462
1.3764724550859875,0.007062826125214059,0.0001432963392462987,0.004796154856130337,8.918961816159845e-05,0.25944402552736906,0.2594422885332972,2463
1.3764709661511005,0.007061662350805483,0.00014327431396587672,0.004796343615072361,8.919012737950142e-05,0.25944405248712127,0.2594423160515347,2464
1.37646948189297,0.007060502238089665,0.00014325235744357443,0.004796531799176528,8.919063540874058e-05,0.2594440793838648,0.25944234350486894,2465
1.3764680023038016,0.007059345780047904,0.0001432304695738107,0.004796719409221973,8.919114206883264e-05,0.2594441062080449,0.25944237088373484,2466
1.3764665273758085,0.0070581929685422755,0.00014320865026944238,0.004796906445949502,8.919164697523876e-05,0.2594441329393036,0.2594423981677578,2467
1.3764650571012107,0.0070570437964747055,0.00014318689943459086,0.004797092910167682,8.919214995187047e-05,0.25944415956831895,0.2594424253476149,2468
1.376463591472234,0.007055898258668178,0.000143165216948883,0.004797278802779535,8.919265118722821e-05,0.25944418610507164,0.2594424524333045,2469
1.3764621304811113,0.007054756350731636,0.0001431436026779351,0.004797464124711707,8.919315100763078e-05,0.25944421256683853,0.25944247944212434,2470
1.3764606741200816,0.007053618067270027,0.0001431220564971426,0.004797648876827028,8.919364953888353e-05,0.2594442389602807,0.2594425063807427,2471
1.3764592223813898,0.00705248340129708,0.00014310057830355566,0.004797833059909264,8.919414660618357e-05,0.2594442652761442,0.25944253323989774,2472
1.3764577752572889,0.007051352345298671,0.00014307916800501238,0.00479801667472754,8.919464194375687e-05,0.2594442915003592,0.25944256000551025,2473
1.3764563327400352,0.007050224892706962,0.00014305782549946667,0.004798199722108245,8.919513547030071e-05,0.259444317628622,0.2594425866732798,2474
1.376454894821894,0.007049101038281088,0.0001430365506662643,0.004798382202942371,8.919562735110856e-05,0.25944434366968444,0.25944261325197276,2475
1.376453461495135,0.007047980777142808,0.00014301534337690598,0.004798564118128042,8.919611781055869e-05,0.2594443696354261,0.2594426397534836,2476
1.3764520327520335,0.007046864103566764,0.00014299420351274221,0.004798745468511764,8.91966069082477e-05,0.2594443955290028,0.2594426661809727,2477
1.3764506085848722,0.007045751010739697,0.00014297313097125447,0.004798926254886324,8.919709450177773e-05,0.2594444213428763,0.259442692526897,2478
1.376449188985939,0.007044641491614271,0.0001429521256557708,0.004799106478041245,8.919758041053202e-05,0.2594444470674853,0.25944271878169056,2479
1.3764477739475267,0.0070435355399006755,0.00014293118746050556,0.0047992861388105774,8.919806459791821e-05,0.25944447270089327,0.25944274494342134,2480
1.3764463634619353,0.007042433150216095,0.00014291031626613275,0.004799465238071831,8.919854719320954e-05,0.25944449824994475,0.25944277101894575,2481
1.3764449575214686,0.00704133431734264,0.00014288951194923604,0.004799643776702509,8.919902835070964e-05,0.2594445237228094,0.2594427970164445,2482
1.376443556118438,0.0070402390354128725,0.00014286877439489778,0.004799821755541308,8.919950810096912e-05,0.2594445491211052,0.25944282293753923,2483
1.3764421592451588,0.0070391472978164745,0.0001428481034997325,0.004799999175390945,8.919998633768423e-05,0.259444574439205,0.25944284877660045,2484
1.376440766893952,0.007038059097835212,0.00014282749916346902,0.004800176037055042,8.920046293723213e-05,0.25944459967056477,0.25944287452708276,2485
1.376439379057145,0.007036974429314145,0.00014280696127844548,0.004800352341369642,8.92009378810621e-05,0.25944462481420316,0.25944290018800914,2486
1.3764379957270687,0.0070358932867235794,0.0001427864897274339,0.004800528089199883,8.920141126408454e-05,0.2594446498751454,0.2594429257644146,2487
1.3764366168960607,0.0070348156646223995,0.00014276608439101518,0.004800703281409109,8.920188319447421e-05,0.259444674859119,0.25944295126203504,2488
1.376435242556463,0.007033741557101492,0.00014274574515631464,0.0048008779188331305,8.920235369221375e-05,0.2594446997671823,0.25944297668193284,2489
1.3764338727006227,0.007032670957736647,0.00014272547191863436,0.004801052002283435,8.920282268253888e-05,0.25944472459537804,0.25944300202015014,2490
1.3764325073208916,0.007031603860036713,0.00014270526457515532,0.004801225532572843,8.920329007926876e-05,0.2594447493391444,0.25944302727212554,2491
1.3764311464096273,0.00703054025790819,0.00014268512301755383,0.004801398510536745,8.920375586926679e-05,0.25944477399778665,0.2594430524371685,2492
1.3764297899591915,0.007029480145697631,0.00014266504713075572,0.0048015709370304305,8.920422011907502e-05,0.2594447985748281,0.25944307751881013,2493
1.3764284379619507,0.007028423517821175,0.00014264503679825246,0.00480174281290796,8.920468290638478e-05,0.2594448230743823,0.25944310252117125,2494
1.3764270904102762,0.007027370368374237,0.00014262509190826757,0.004801914139004572,8.920514424893206e-05,0.25944484749738883,0.2594431274451954,2495
1.3764257472965447,0.007026320691087118,0.0001426052123548701,0.0048020849161386275,8.920560409712926e-05,0.2594448718412231,0.2594431522882589,2496
1.3764244086131359,0.007025274479627725,0.00014258539803351942,0.004802255145128937,8.920606238974373e-05,0.2594448961026442,0.25944317704712244,2497
1.3764230743524353,0.007024231727931309,0.00014256564883584165,0.004802424826809548,8.920651911398e-05,0.2594449202809754,0.259443201721113,2498
1.3764217445068316,0.007023192430249541,0.0001425459646486317,0.004802593962028548,8.920697431424575e-05,0.25944494437856813,0.25944322631258887,2499
1.37642041906872,0.007022156580906216,0.00014252634535751526,0.004802762551633971,8.92074280474747e-05,0.25944496839843706,0.2594432508245704,2500
1.3764190980304971,0.007021124174017443,0.00014250679085135154,0.00480293059646136,8.920788033204399e-05,0.2594449923415556,0.25944327525803584,2501
1.3764177813845662,0.007020095203436605,0.00014248730102321805,0.004803098097334263,8.920833113768394e-05,0.25944501620632193,0.25944329961138507,2502
1.376416469123333,0.0070190696629480265,0.00014246787576740973,0.004803265055075659,8.920878042061858e-05,0.25944503999041924,0.25944332388230357,2503
1.3764151612392088,0.007018047546504724,0.0001424485149757131,0.0048034314705184935,8.920922816702406e-05,0.2594450636931163,0.2594433480700636,2504
1.3764138577246072,0.0070170288482889875,0.0001424292185364633,0.004803597344505833,8.920967440454917e-05,0.25944508731587745,0.2594433721761351,2505
1.3764125585719476,0.007016013562561905,0.0001424099863369034,0.004803762677881764,8.921011917512521e-05,0.259445110860923,0.2594433962027439,2506
1.3764112637736519,0.007015001683461543,0.00014239081826633836,0.004803927471482464,8.921056249807252e-05,0.25944513432927624,0.2594434201509178,2507
1.376409973322146,0.007013993204937483,0.00014237171421709285,0.004804091726135501,8.921100435757859e-05,0.25944515772010074,0.25944344401982333,2508
1.3764086872098604,0.0070129881208642695,0.00014235267408264706,0.004804255442667062,8.921144472292982e-05,0.25944518103177117,0.25944346780783745,2509
1.3764074054292277,0.007011986425211732,0.0001423336977549838,0.004804418621909539,8.921188357971646e-05,0.2594452042635253,0.25944349151420165,2510
1.3764061279726858,0.0070109881121135295,0.00014231478512366594,0.0048045812647026336,8.921232094313249e-05,0.25944522741616804,0.25944351513972547,2511
1.3764048548326755,0.007009993175785076,0.0001422959360772151,0.00480474337188785,8.921275684355002e-05,0.2594452504913078,0.25944353868602243,2512
1.3764035860016408,0.007009001610380998,0.00014227715050530736,0.004804904944302108,8.921319130031196e-05,0.25944527348996904,0.2594435621541215,2513
1.3764023214720287,0.00700801340992494,0.00014225842829971935,0.004805065982776296,8.92136243081719e-05,0.25944529641187464,0.2594435855437491,2514
1.3764010612362911,0.0070070285683648285,0.0001422397693533168,0.004805226488139401,8.921405584677774e-05,0.25944531925594777,0.25944360885383105,2515
1.3763998052868813,0.007006047079690602,0.0001422211735582607,0.004805386461223862,8.921448590236167e-05,0.2594453420214602,0.25944363208364274,2516
1.3763985536162566,0.007005068938003946,0.0001422026408050668,0.00480554590286731,8.921491448121321e-05,0.2594453647087454,0.25944365523352186,2517
1.3763973062168784,0.007004094137485031,0.00014218417098327678,0.004805704813909612,8.921534160425799e-05,0.2594453873189117,0.2594436783045813,2518
1.3763960630812095,0.007003122672297154,0.00014216576398292595,0.004805863195188489,8.92157672895601e-05,0.25944540985291586,0.25944370129778244,2519
1.376394824201717,0.007002154536519027,0.00014214741969542527,0.00480602104753765,8.921619153918556e-05,0.2594454323108678,0.25944372421323886,2520
1.3763935895708697,0.007001189724159774,0.00014212913801317818,0.00480617837178875,8.92166143413467e-05,0.2594454546921441,0.2594437470503305,2521
1.3763923591811404,0.007000228229234014,0.0001421109188284244,0.0048063351687749655,8.921703568420536e-05,0.2594454769961186,0.2594437698084345,2522
1.3763911330250043,0.006999270045825614,0.00014209276203239432,0.004806491439332932,8.921745556820215e-05,0.2594454992228152,0.25944379248757865,2523
1.3763899110949396,0.00699831516808705,0.00014207466751545365,0.004806647184301634,8.921787400649692e-05,0.25944552137293103,0.2594438150884645,2524
1.3763886933834266,0.006997363590182219,0.00014205663516800012,0.004806802404519576,8.921829101455361e-05,0.25944554344728527,0.2594438376119154,2525
1.3763874798829483,0.0069964153062279716,0.00014203866488125784,0.004806957100822908,8.921870659893629e-05,0.2594455654462259,0.2594438600582835,2526
1.3763862705859906,0.006995470310283925,0.00014202075654727388,0.004807111274045941,8.921912075482263e-05,0.25944558736949813,0.2594438824273176,2527
1.3763850654850422,0.006994528596393264,0.00014200291005827707,0.004807264925023247,8.921953347346727e-05,0.2594456092166396,0.25944390471855844,2528
1.376383864572593,0.006993590158634519,0.00014198512530596386,0.004807418054591496,8.92199447520938e-05,0.2594456309875039,0.25944392693186363,2529
1.3763826678411364,0.006992654991139509,0.00014196740218134615,0.004807570663589432,8.922035459770477e-05,0.25944565268246217,0.2594439490676082,2530
1.3763814752831673,0.006991723088066134,0.00014194974057521486,0.004807722752856363,8.922076302227461e-05,0.2594456743021488,0.2594439711264308,2531
1.376380286891184,0.0069907944435542825,0.0001419321403787523,0.004807874323230562,8.922117003435712e-05,0.25944569584701715,0.25944399310878874,2532
1.376379102657685,0.0069898690517031115,0.00014191460148375623,0.004808025375548956,8.922157563442712e-05,0.2594457173170928,0.25944401501471154,2533
1.3763779225751738,0.0069889469065860564,0.00014189712378235558,0.00480817591064813,8.922197981746957e-05,0.25944573871211085,0.25944403684393746,2534
1.3763767466361525,0.00698802800228687,0.00014187970716649716,0.0048083259293657,8.922238257979394e-05,0.2594457600318764,0.2594440585962755,2535
1.3763755748331266,0.006987112332924269,0.00014186235152767327,0.004808475432540857,8.92227839240176e-05,0.25944578127652856,0.2594440802718687,2536
1.3763744071586055,0.006986199892646603,0.00014184505675705233,0.004808624421013821,8.92231838582751e-05,0.2594458024464984,0.2594441018711518,2537
1.3763732436050966,0.006985290675603954,0.00014182782274589986,0.00480877289562475,8.922358239105248e-05,0.2594458235422356,0.2594441233945789,2538
1.3763720841651128,0.006984384675923465,0.00014181064938586656,0.004808920857213103,8.922397952629602e-05,0.2594458445639496,0.2594441448423629,2539
1.3763709288311663,0.006983481887707163,0.0001417935365689411,0.004809068306617894,8.922437526272748e-05,0.25944586551157317,0.2594441662144405,2540
1.3763697775957722,0.006982582305051613,0.0001417764841871511,0.0048092152446784844,8.92247695975081e-05,0.2594458863849566,0.25944418751066534,2541
1.3763686304514455,0.006981685922070798,0.00014175949213227475,0.0048093616722352656,8.922516253071148e-05,0.2594459071841042,0.2594442087310456,2542
1.3763674873907052,0.006980792732903225,0.0001417425602958267,0.004809507590129646,8.922555406701605e-05,0.2594459279092642,0.2594442298758333,2543
1.3763663484060689,0.0069799027316998505,0.00014172568856922848,0.004809652999203563,8.92259442134264e-05,0.25944594856080777,0.2594442509454038,2544
1.3763652134900588,0.006979015912604181,0.00014170887684407862,0.004809797900298889,8.92263329754727e-05,0.2594459691390282,0.25944427194005376,2545
1.3763640826351957,0.006978132269741714,0.00014169212501222807,0.004809942294257277,8.922672035494657e-05,0.2594459896440207,0.2594442928598825,2546
1.3763629558340027,0.006977251797225781,0.00014167543296565626,0.004810086181920464,8.922710635088359e-05,0.2594460100757348,0.25944431370484317,2547
1.3763618330790046,0.006976374489172965,0.00014165880059629354,0.004810229564130719,8.922749096265289e-05,0.25944603043413755,0.2594443344749063,2548
1.3763607143627261,0.006975500339715197,0.00014164222779588153,0.004810372441731125,8.92278741923692e-05,0.25944605071934135,0.2594443551701881,2549
1.376359599677694,0.0069746293429989595,0.00014162571445602753,0.004810514815565494,8.922825604494315e-05,0.2594460709316066,0.2594443757909528,2550
1.3763584890164362,0.0069737614931740825,0.00014160926046835734,0.00481065668647804,8.922863652589374e-05,0.2594460910712259,0.2594443963374969,2551
1.3763573823714808,0.006972896784381881,0.00014159286572460844,0.004810798055313144,8.92290156388964e-05,0.2594461111383943,0.25944441681001906,2552
1.3763562797353575,0.006972035210751886,0.0001415765301166715,0.004810938922915257,8.922939338513163e-05,0.25944613113317466,0.25944443720858595,2553
1.3763551811005958,0.00697117676640869,0.00014156025353647935,0.004811079290129139,8.922976976455721e-05,0.2594461510555653,0.2594444575331995,2554
1.376354086459727,0.006970321445482373,0.00014154403587590445,0.004811219157800084,8.923014477806116e-05,0.2594461709056136,0.25944447778391083,2555
1.3763529958052827,0.006969469242113977,0.00014152787702669672,0.004811358526774089,8.923051842859753e-05,0.25944619068347646,0.2594444979608804,2556
1.3763519091297953,0.006968620150452572,0.00014151177688052674,0.0048114973978978,8.923089072060757e-05,0.25944621038938936,0.25944451806434754,2557
1.3763508264257973,0.006967774164646818,0.00014149573532909647,0.004811635772018314,8.923126165841932e-05,0.25944623002358186,0.25944453809454565,2558
1.3763497476858226,0.006966931278838282,0.00014147975226418857,0.004811773649983017,8.923163124483077e-05,0.2594462495862025,0.25944455805162686,2559
1.3763486729024044,0.006966091487161354,0.00014146382757765884,0.004811911032639552,8.923199948108153e-05,0.2594462690773173,0.25944457793566095,2560
1.3763476020680776,0.006965254783748778,0.00014144796116138752,0.0048120479208359655,8.923236636801168e-05,0.25944628849697127,0.2594445977466964,2561
1.3763465351753754,0.0069644211627381755,0.00014143215290718776,0.004812184315420856,8.92327319073538e-05,0.25944630784525646,0.2594446174848292,2562
1.3763454722168342,0.00696359061827452,0.00014141640270678887,0.00481232021724352,8.923309610224903e-05,0.2594463271223396,0.2594446371502295,2563
1.3763444131849882,0.006962763144506832,0.0001414007104518648,0.00481245562715388,8.923345895657267e-05,0.2594463463284263,0.2594446567431066,2564
1.3763433580723723,0.006961938735582539,0.00014138507603411282,0.004812590546002351,8.923382047387498e-05,0.2594463654637048,0.2594446762636528,2565
1.3763423068715226,0.006961117385643767,0.00014136949934529452,0.00481272497463973,8.92341806566428e-05,0.25944638452830726,0.25944469571200357,2566
1.3763412595749727,0.006960299088828157,0.0001413539802772032,0.004812858913917196,8.923453950642233e-05,0.2594464035223159,0.25944471508824507,2567
1.37634021617526,0.006959483839273013,0.00014133851872162557,0.004812992364686416,8.923489702466647e-05,0.25944642244580807,0.2594447343924579,2568
1.3763391766649176,0.0069586716311191964,0.0001413231145702843,0.004813125327799673,8.923525321350981e-05,0.25944644129889716,0.25944475362475944,2569
1.3763381410364817,0.0069578624585120465,0.00014130776771483866,0.0048132578041099276,8.923560807597534e-05,0.2594464600817436,0.2594447727853135,2570
1.3763371092824868,0.006957056315598711,0.0001412924780469274,0.004813389794470742,8.923596161551818e-05,0.2594464787945307,0.25944479187430725,2571
1.376336081395467,0.006956253196524581,0.00014127724545819948,0.004813521299736228,8.923631383528306e-05,0.2594464974374253,0.2594448108919111,2572
1.3763350573679567,0.006955453095431329,0.0001412620698403225,0.004813652320760997,8.923666473767963e-05,0.2594465160105554,0.2594448298382568,2573
1.3763340371924893,0.006954656006457666,0.00014124695108497313,0.004813782858400145,8.92370143245438e-05,0.25944653451401856,0.2594448487134454,2574
1.376333020861599,0.0069538619237420555,0.00014123188908380448,0.004813912913509325,8.923736259769696e-05,0.2594465529479116,0.2594448675175772,2575
1.376332008367817,0.006953070841424957,0.00014121688372843228,0.004814042486944809,8.923770955946176e-05,0.2594465713123578,0.2594448862507795,2576
1.3763309997036768,0.006952282753649356,0.00014120193491041772,0.004814171579563548,8.923805521271263e-05,0.2594465896075098,0.25944490491320815,2577
1.376329994861709,0.006951497654558946,0.00014118704252130373,0.004814300192223134,8.9238399560603e-05,0.2594466078335349,0.25944492350503423,2578
1.3763289938344445,0.00695071553829599,0.00014117220645261627,0.004814428325781792,8.923874260604407e-05,0.25944662599058754,0.2594449420264159,2579
1.3763279966144137,0.006949936398999861,0.00014115742659588564,0.004814555981098314,8.923908435148145e-05,0.2594466440787976,0.2594449604774865,2580
1.3763270031941457,0.006949160230807688,0.00014114270284262657,0.00481468315903206,8.923942479896853e-05,0.2594466620982741,0.2594449788583588,2581
1.3763260135661688,0.006948387027855893,0.00014112803508434512,0.004814809860442977,8.923976395058498e-05,0.2594466800491276,0.2594449971691467,2582
1.37632502772301,0.006947616784281753,0.000141113423212499,0.0048149360861916655,8.924010180869054e-05,0.2594466979314833,0.2594450154099793,2583
1.3763240456571966,0.00694684949422372,0.00014109886711851386,0.004815061837139435,8.924043837606661e-05,0.25944671574548883,0.25944503358100746,2584
1.3763230673612525,0.006946085151820396,0.000141084366693767,0.004815187114148291,8.92407736556184e-05,0.2594467334912984,0.2594450516823893,2585
1.3763220928277033,0.006945323751209047,0.0001410699218296242,0.004815311918080921,8.92411076501704e-05,0.2594467511690618,0.25944506971427805,2586
1.3763211220490714,0.006944565286524648,0.00014105553241741827,0.004815436249800655,8.924144036217904e-05,0.2594467687789095,0.2594450876768078,2587
1.3763201550178787,0.006943809751899999,0.0001410411983484922,0.0048155601101714275,8.924177179391828e-05,0.2594467863209622,0.2594451055701027,2588
1.3763191917266453,0.006943057141466828,0.00014102691951414526,0.004815683500057824,8.924210194757928e-05,0.25944680379533624,0.2594451233942829,2589
1.376318232167891,0.006942307449356788,0.00014101269580564903,0.004815806420325131,8.924243082558296e-05,0.25944682120216017,0.2594451411494802,2590
1.376317276334133,0.00694156066970176,0.00014099852711422646,0.004815928871839366,8.92427584305778e-05,0.2594468385415745,0.2594451588358389,2591
1.3763163242178875,0.006940816796633319,0.0001409844133310567,0.004816050855467296,8.924308476534984e-05,0.2594468558137271,0.25944517645351034,2592
1.37631537581167,0.006940075824281695,0.00014097035434728353,0.004816172372076419,8.924340983261793e-05,0.25944687301876224,0.25944519400264227,2593
1.3763144311079925,0.006939337746775088,0.00014095635005403195,0.004816293422534914,8.924373363493426e-05,0.2594468901568153,0.2594452114833738,2594
1.3763134900993672,0.006938602558239513,0.0001409424003424054,0.004816414007711643,8.924405617466961e-05,0.2594469072280122,0.25944522889583427,2595
1.3763125527783033,0.006937870252799575,0.00014092850510346848,0.004816534128476173,8.924437745413399e-05,0.25944692423247556,0.2594452462401499,2596
1.3763116191373095,0.0069371408245789854,0.00014091466422825108,0.004816653785698802,8.924469747574754e-05,0.2594469411703338,0.2594452635164526,2597
1.3763106891688914,0.006936414267701031,0.00014090087760773562,0.004816772980250607,8.924501624209724e-05,0.2594469580417242,0.2594452807248831,2598
1.3763097628655538,0.006935690576288148,0.00014088714513285384,0.0048168917130034395,8.924533375586766e-05,0.2594469748467892,0.2594452978655875,2599
1.3763088402197987,0.006934969744461418,0.0001408734666944977,0.004817009984829937,8.924565001973814e-05,0.25944699158567097,0.2594453149387114,2600
1.376307921224126,0.006934251766339883,0.00014085984218352858,0.004817127796603469,8.92459650362853e-05,0.25944700825850625,0.25944533194439534,2601
1.376307005871035,0.006933536636040467,0.00014084627149077287,0.004817245149198158,8.92462788079715e-05,0.2594470248654257,0.25944534888277304,2602
1.3763060941530205,0.006932824347678243,0.00014083275450702242,0.004817362043488877,8.924659133720245e-05,0.259447041406557,0.2594453657539761,2603
1.3763051860625783,0.0069321148953668515,0.00014081929112301999,0.004817478480351268,8.924690262640495e-05,0.25944705788202893,0.25944538255813643,2604
1.3763042815921986,0.0069314082732188,0.0001408058812294589,0.00481759446066179,8.924721267810857e-05,0.2594470742919757,0.2594453992953921,2605
1.3763033807343719,0.006930704475345373,0.00014079252471698573,0.004817709985297716,8.924752149494366e-05,0.2594470906365369,0.259445415965886,2606
1.376302483481584,0.006930003495856231,0.00014077922147619839,0.004817825055137133,8.924782907955e-05,0.2594471069158526,0.2594454325697618,2607
1.3763015898263213,0.006929305328859005,0.00014076597139765467,0.004817939671058936,8.924813543454021e-05,0.25944712313006135,0.25944544910716144,2608
1.3763006997610647,0.006928609968459218,0.00014075277437185826,0.004818053833942832,8.924844056240941e-05,0.2594471392792956,0.25944546557822096,2609
1.3762998132782944,0.006927917408760115,0.00014073963028928552,0.004818167544669315,8.924874446564443e-05,0.25944715536368723,0.25944548198307577,2610
1.376298930370488,0.006927227643863071,0.00014072653904034736,0.004818280804119704,8.924904714668807e-05,0.2594471713833659,0.25944549832185887,2611
1.37629805103012,0.006926540667867728,0.0001407135005154177,0.004818393613176151,8.924934860806708e-05,0.2594471873384657,0.2594455145947078,2612
1.3762971752496613,0.006925856474872108,0.00014070051460480848,0.004818505972721672,8.924964885235649e-05,0.25944720322912324,0.2594455308017628,2613
1.376296303021582,0.006925175058972284,0.00014068758119878012,0.004818617883640135,8.924994788217123e-05,0.2594472190554772,0.25944554694316596,2614
1.3762954343383473,0.006924496414262318,0.00014067470018753678,0.004818729346816281,8.925024570010742e-05,0.2594472348176653,0.25944556301905863,2615
1.3762945691924218,0.006923820534833844,0.00014066187146123565,0.004818840363135696,8.925054230872763e-05,0.2594472505158235,0.25944557902958,2616
1.3762937075762658,0.006923147414776105,0.00014064909490998494,0.004818950933484817,8.925083771055148e-05,0.2594472661500855,0.25944559497486724,2617
1.376292849482336,0.006922477048176054,0.00014063637042383378,0.004819061058750948,8.925113190806505e-05,0.2594472817205832,0.25944561085505585,2618
1.3762919949030878,0.006921809429118387,0.00014062369789277827,0.004819170739822266,8.925142490378177e-05,0.25944729722744986,0.2594456266702825,2619
1.3762911438309722,0.006921144551685716,0.0001406110772067642,0.004819279977587832,8.925171670026437e-05,0.2594473126708215,0.25944564242068663,2620
1.3762902962584371,0.006920482409958453,0.00014059850825567021,0.004819388772937613,8.92520073001029e-05,0.2594473280508355,0.2594456581064091,2621
1.3762894521779283,0.0069198229980147715,0.00014058599092931127,0.004819497126762505,8.925229670588327e-05,0.259447343367629,0.2594456737275906,2622
1.376288611581887,0.006919166309930261,0.00014057352511744588,0.004819605039954289,8.925258492018408e-05,0.2594473586213388,0.25944568928437123,2623
1.3762877744627522,0.00691851233977787,0.00014056111070978627,0.004819712513405646,8.925287194557768e-05,0.2594473738121013,0.259445704776891,2624
1.376286940812959,0.006917861081627892,0.00014054874759597075,0.004819819548010169,8.92531577845777e-05,0.25944738894004993,0.25944572020528645,2625
1.3762861106249384,0.006917212529548035,0.000140536435665588,0.0048199261446623615,8.925344243971673e-05,0.25944740400531896,0.2594457355696956,2626
1.3762852838911193,0.006916566677603487,0.00014052417480815867,0.00482003230425766,8.925372591354205e-05,0.2594474190080435,0.25944575087025684,2627
1.376284460603926,0.006915923519856838,0.0001405119649131425,0.004820138027692439,8.92540082086241e-05,0.25944743394835995,0.2594457661071101,2628
1.3762836407557797,0.006915283050368195,0.00014049980586992872,0.004820243315864039,8.925428932755427e-05,0.2594474488264057,0.2594457812803962,2629
1.3762828243390979,0.006914645263194803,0.00014048769756784334,0.0048203481696707335,8.92545692729167e-05,0.2594474636423178,0.2594457963902555,2630
1.3762820113462944,0.00691401015239116,0.00014047563989614935,0.00482045259001176,8.925484804729135e-05,0.2594474783962331,0.2594458114368283,2631
1.3762812017697785,0.00691337771200875,0.00014046363274404508,0.004820556577787293,8.92551256532488e-05,0.25944749308828796,0.25944582642025454,2632
1.3762803956019571,0.006912747936096159,0.00014045167600066564,0.004820660133898479,8.925540209334497e-05,0.2594475077186179,0.25944584134067294,2633
1.3762795928352323,0.006912120818699028,0.00014043976955506525,0.004820763259247426,8.925567737010434e-05,0.25944752228735685,0.2594458561982209,2634
1.3762787934620015,0.006911496353860127,0.00014042791329624512,0.004820865954737217,8.925595148611334e-05,0.25944753679464194,0.2594458709930392,2635
1.3762779974746604,0.006910874535619258,0.00014041610711312943,0.004820968221271937,8.925622444395737e-05,0.2594475512406103,0.25944588572526806,2636
1.376277204865599,0.006910255358013268,0.00014040435089457054,0.004821070059756652,8.925649624622188e-05,0.25944756562539906,0.25944590039504806,2637
1.376276415627203,0.006909638815075865,0.0001403926445293503,0.004821171471097437,8.925676689551018e-05,0.25944757994914625,0.25944591500252073,2638
1.3762756297518544,0.006909024900837665,0.0001403809879061724,0.004821272456201367,8.92570363943868e-05,0.2594475942119879,0.2594459295478255,2639
1.3762748472319317,0.0069084136093259295,0.00014036938091368097,0.004821373015976506,8.925730474544782e-05,0.2594476084140616,0.2594459440311034,2640
1.376274068059808,0.0069078049345647295,0.00014035782344043967,0.00482147315133193,8.925757195125364e-05,0.25944762255550324,0.2594459584524935,2641
1.3762732922278527,0.006907198870574859,0.00014034631537494162,0.004821572863177741,8.92578380143836e-05,0.25944763663644954,0.25944597281213616,2642
1.3762725197284307,0.006906595411373826,0.00014033485660559908,0.004821672152425059,8.9258102937415e-05,0.2594476506570372,0.2594459871101713,2643
1.376271750553902,0.006905994550975897,0.0001403234470207531,0.004821771019986043,8.925836672294297e-05,0.25944766461740376,0.2594460013467401,2644
1.3762709846966232,0.006905396283391893,0.00014031208650866413,0.004821869466773889,8.925862937356794e-05,0.2594476785176872,0.2594460155219836,2645
1.376270222148946,0.006904800602629263,0.00014030077495751566,0.004821967493702842,8.92588908918883e-05,0.25944769235802523,0.2594460296360431,2646
1.3762694629032168,0.006904207502691922,0.00014028951225541475,0.00482206510168819,8.925915128050873e-05,0.259447706138556,0.2594460436890599,2647
1.3762687069517778,0.006903616977580254,0.00014027829829038515,0.004822162291646276,8.925941054201195e-05,0.25944771985941645,0.25944605768117457,2648
1.3762679542869667,0.0069030290212910095,0.00014026713295037615,0.004822259064494492,8.9259668678987e-05,0.25944773352074385,0.25944607161252764,2649
1.3762672049011155,0.0069024436278173635,0.00014025601612325557,0.004822355421151304,8.925992569403134e-05,0.25944774712267593,0.25944608548326037,2650
1.3762664587865532,0.006901860791148835,0.00014024494769680954,0.004822451362536234,8.926018158974038e-05,0.2594477606653503,0.25944609929351353,2651
1.3762657159356029,0.006901280505271292,0.00014023392755874316,0.004822546889569902,8.926043636873265e-05,0.2594477741489058,0.25944611304342935,2652
1.3762649763405819,0.006900702764166934,0.00014022295559666732,0.004822642003174008,8.926069003358997e-05,0.2594477875734793,0.2594461267331481,2653
1.376264239993804,0.0069001275618141514,0.00014021203169812242,0.00482273670427134,8.926094258694563e-05,0.25944780093921044,0.2594461403628129,2654
1.3762635068875773,0.006899554892187501,0.00014020115575055488,0.00482283099378578,8.926119403140041e-05,0.2594478142462371,0.2594461539325648,2655
1.3762627770142053,0.00689898474925764,0.00014019032764133447,0.004822924872642303,8.926144436957195e-05,0.259447827494698,0.25944616744254595,2656
1.376262050365985,0.006898417126991316,0.0001401795472577369,0.0048230183417669985,8.926169360405899e-05,0.25944784068473103,0.25944618089289767,2657
1.3762613269352098,0.006897852019351349,0.0001401688144869574,0.004823111402087057,8.926194173747922e-05,0.2594478538164749,0.259446194283762,2658
1.3762606067141672,0.00689728942029655,0.00014015812921609806,0.004823204054530792,8.92621887724409e-05,0.2594478668900679,0.2594462076152804,2659
1.376259889695139,0.006896729323781741,0.00014014749133217666,0.0048232963000276385,8.926243471156392e-05,0.2594478799056489,0.25944622088759545,2660
1.3762591758704026,0.0068961717237577,0.00014013690072211762,0.004823388139508165,8.926267955747548e-05,0.2594478928633572,0.25944623410084955,2661
1.3762584652322298,0.006895616614171035,0.00014012635727275258,0.004823479573904073,8.92629233127892e-05,0.2594479057633313,0.2594462472551845,2662
1.3762577577728856,0.006895063988964262,0.0001401158608708321,0.004823570604148201,8.926316598014392e-05,0.2594479186057112,0.2594462603507438,2663
1.3762570534846317,0.006894513842075655,0.0001401054114030091,0.004823661231174537,8.926340756217118e-05,0.2594479313906363,0.25944627338767,2664
1.3762563523597218,0.006893966167439215,0.00014009500875583806,0.004823751455918212,8.92636480614742e-05,0.2594479441182447,0.2594462863661048,2665
1.3762556543904059,0.0068934209589847,0.00014008465281579012,0.004823841279315518,8.926388748069298e-05,0.2594479567886762,0.25944629928619123,2666
1.3762549595689277,0.006892878210637505,0.0001400743434692394,0.004823930702303907,8.926412582245913e-05,0.25944796940207043,0.2594463121480722,2667
1.3762542678875251,0.006892337916318701,0.0001400640806024678,0.0048240197258219925,8.926436308941588e-05,0.25944798195856744,0.25944632495189107,2668
1.3762535793384305,0.006891800069944956,0.0001400538641016536,0.004824108350809578,8.926459928419069e-05,0.2594479944583065,0.2594463376977905,2669
1.3762528939138698,0.0068912646654284955,0.00014004369385288207,0.00482419657820764,8.926483440942581e-05,0.2594480069014277,0.2594463503859139,2670
1.3762522116060638,0.006890731696677071,0.0001400335697421426,0.0048242844089583375,8.926506846776348e-05,0.2594480192880711,0.25944636301640467,2671
1.376251532407227,0.006890201157593843,0.00014002349165532512,0.004824371844005015,8.926530146183967e-05,0.2594480316183764,0.25944637558940575,2672
1.3762508563095674,0.00688967304207742,0.00014001345947822535,0.004824458884292211,8.926553339430722e-05,0.25944804389248416,0.25944638810506127,2673
1.3762501833052885,0.006889147344021764,0.00014000347309653952,0.0048245455307656575,8.926576426781476e-05,0.25944805611053484,0.25944640056351476,2674
1.3762495133865855,0.006888624057316224,0.00013999353239586008,0.004824631784372308,8.92659940850183e-05,0.2594480682726692,0.25944641296491044,2675
1.3762488465456495,0.006888103175845493,0.00013998363726167728,0.0048247176460603294,8.926622284856655e-05,0.2594480803790276,0.25944642530939194,2676
1.3762481827746644,0.006887584693489487,0.00013997378757937698,0.004824803116779105,8.926645056110302e-05,0.2594480924297502,0.2594464375971027,2677
1.3762475220658077,0.006887068604123326,0.00013996398323424674,0.004824888197479235,8.926667722528171e-05,0.2594481044249776,0.2594464498281867,2678
1.3762468644112513,0.006886554901617315,0.00013995422411147693,0.00482497288911254,8.92669028437808e-05,0.2594481163648518,0.2594464620027892,2679
1.37624620980316,0.00688604357983687,0.0001399445100961439,0.004825057192632078,8.92671274192418e-05,0.2594481282495128,0.25944647412105354,2680
1.3762455582336925,0.006885534632642556,0.00013993484107322867,0.004825141108992142,8.926735095434817e-05,0.2594481400791028,0.2594464861831253,2681
1.3762449096950016,0.006885028053889918,0.0001399252169276024,0.004825224639148271,8.92675734517593e-05,0.2594481518537627,0.2594464981891486,2682
1.376244264179232,0.006884523837429661,0.00013991563754402626,0.0048253077840572705,8.926779491415141e-05,0.25944816357363437,0.2594465101392688,2683
1.376243621678524,0.006884021977107349,0.0001399061028071531,0.004825390544677193,8.926801534418081e-05,0.2594481752388586,0.2594465220336297,2684
1.3762429821850102,0.006883522466763491,0.00013989661260153745,0.004825472921967337,8.926823474453424e-05,0.25944818684957777,0.2594465338723771,2685
1.3762423456908153,0.006883025300233523,0.00013988716681161533,0.0048255549168882824,8.926845311787331e-05,0.2594481984059329,0.2594465456556555,2686
1.376241712188059,0.006882530471347709,0.0001398777653217179,0.004825636530401868,8.926867046687542e-05,0.25944820990806594,0.25944655738361,2687
1.3762410816688546,0.006882037973931077,0.00013986840801607231,0.004825717763471208,8.926888679423682e-05,0.2594482213561197,0.2594465690563867,2688
1.3762404541253064,0.006881547801803486,0.0001398590947787913,0.004825798617060693,8.926910210264024e-05,0.25944823275023643,0.2594465806741312,2689
1.3762398295495137,0.00688105994877951,0.00013984982549387058,0.004825879092136019,8.926931639476522e-05,0.25944824409055806,0.25944659223698874,2690
1.376239207933569,0.0068805744086684415,0.00013984060004519795,0.004825959189664168,8.926952967331023e-05,0.2594482553772276,0.2594466037451055,2691
1.376238589269556,0.0068800911752742045,0.00013983141831654323,0.0048260389106134175,8.926974194095284e-05,0.25944826661038695,0.25944661519862683,2692
1.376237973549552,0.006879610242395323,0.00013982228019156857,0.004826118255953346,8.926995320039049e-05,0.25944827779017904,0.259446626597699,2693
1.3762373607656293,0.006879131603824885,0.00013981318555381791,0.004826197226654839,8.927016345431653e-05,0.2594482889167466,0.25944663794246786,2694
1.37623675090985,0.0068786552533504726,0.0001398041342867284,0.00482627582369009,8.92703727054453e-05,0.25944829999023344,0.2594466492330807,2695
1.3762361439742716,0.006878181184754188,0.000139795126273612,0.004826354048032612,8.927058095646177e-05,0.25944831101078186,0.25944666046968295,2696
1.3762355399509427,0.006877709391812575,0.00013978616139766537,0.004826431900657244,8.927078821007406e-05,0.25944832197853535,0.25944667165242136,2697
1.3762349388319048,0.0068772398682966146,0.00013977723954197336,0.004826509382540158,8.927099446900079e-05,0.25944833289363795,0.2594466827814435,2698
1.3762343406091933,0.006876772607971642,0.0001397683605894949,0.004826586494658861,8.927119973594695e-05,0.259448343756233,0.2594466938568957,2699
1.376233745274834,0.00687630760459731,0.00013975952442307234,0.00482666323799219,8.927140401362073e-05,0.259448354566464,0.25944670487892507,2700
1.3762331528208467,0.006875844851927557,0.00013975073092542393,0.004826739613520333,8.927160730471671e-05,0.2594483653244737,0.2594467158476776,2701
1.3762325632392447,0.0068753843437105305,0.0001397419799791656,0.004826815622224813,8.92718096119872e-05,0.25944837603040793,0.25944672676330216,2702
1.3762319765220323,0.006874926073688605,0.00013973327146677805,0.004826891265088517,8.927201093814466e-05,0.25944838668441045,0.2594467376259459,2703
1.3762313926612055,0.0068744700355983426,0.00013972460527061678,0.004826966543095698,8.92722112858953e-05,0.2594483972866246,0.2594467484357556,2704
1.376230811648755,0.006874016223170433,0.00013971598127292584,0.004827041457231963,8.92724106579852e-05,0.2594484078371959,0.2594467591928799,2705
1.3762302334766614,0.006873564630129668,0.0001397073993558157,0.004827116008484301,8.927260905713531e-05,0.2594484183362685,0.25944676989746634,2706
1.3762296581368993,0.006873115250194825,0.00013969885940127706,0.004827190197841062,8.927280648607292e-05,0.25944842878398694,0.2594467805496626,2707
1.3762290856214348,0.006872668077078767,0.00013969036129118259,0.004827264026291982,8.927300294755257e-05,0.2594484391804971,0.25944679114961794,2708
1.3762285159222258,0.006872223104488274,0.00013968190490726404,0.004827337494828184,8.92731984442827e-05,0.2594484495259425,0.2594468016974792,2709
1.3762279490312233,0.006871780326124043,0.00013967349013113944,0.004827410604442176,8.927339297901272e-05,0.25944845982046877,0.2594468121933952,2710
1.376227384940369,0.00687133973568065,0.00013966511684429978,0.004827483356127853,8.927358655448781e-05,0.2594484700642214,0.25944682263751484,2711
1.3762268236415975,0.0068709013268465615,0.00013965678492810932,0.004827555750880521,8.927377917346895e-05,0.2594484802573466,0.25944683302998756,2712
1.3762262651268358,0.006870465093304043,0.00013964849426379507,0.004827627789696893,8.927397083868463e-05,0.259448490399989,0.2594468433709612,2713
1.3762257093880015,0.006870031028729146,0.00013964024473245873,0.004827699473575094,8.927416155289273e-05,0.2594485004922947,0.2594468536605852,2714
1.3762251564170056,0.006869599126791634,0.00013963203621507797,0.004827770803514657,8.927435131885954e-05,0.25944851053441015,0.2594468638990092,2715
1.376224606205749,0.006869169381154975,0.0001396238685924949,0.0048278417805165405,8.927454013933987e-05,0.2594485205264814,0.2594468740863827,2716
1.3762240587461259,0.006868741785476288,0.00013961574174541576,0.004827912405583125,8.927472801707487e-05,0.25944853046865357,0.25944688422285406,2717
1.3762235140300223,0.006868316333406267,0.00013960765555442463,0.0048279826797182155,8.927491495484562e-05,0.25944854036107406,0.2594468943085737,2718
1.3762229720493142,0.0068678930185891735,0.00013959960989997364,0.00482805260392705,8.927510095541852e-05,0.2594485502038894,0.2594469043436918,2719
1.3762224327958708,0.006867471834662869,0.00013959160466237502,0.0048281221792163135,8.927528602156107e-05,0.2594485599972462,0.25944691432835804,2720
1.3762218962615524,0.006867052775258678,0.000139583639721807,0.004828191406594138,8.927547015604284e-05,0.25944856974129116,0.2594469242627224,2721
1.376221362438211,0.006866635834001378,0.00013957571495831566,0.004828260287070102,8.92756533616377e-05,0.2594485794361712,0.25944693414693515,2722
1.376220831317689,0.006866221004509193,0.00013956783025181343,0.004828328821655242,8.927583564113626e-05,0.2594485890820342,0.25944694398114737,2723
1.3762203028918212,0.006865808280393702,0.00013955998548207294,0.004828397011362054,8.927601699731346e-05,0.25944859867902714,0.2594469537655094,2724
1.3762197771524338,0.006865397655259823,0.00013955218052873083,0.004828464857204495,8.927619743295684e-05,0.25944860822729765,0.2594469635001721,2725
1.3762192540913443,0.006864989122705804,0.0001395444152712884,0.004828532360197997,8.927637695085397e-05,0.2594486177269934,0.2594469731852864,2726
1.3762187337003604,0.006864582676323111,0.00013953668958910882,0.004828599521359455,8.927655555379873e-05,0.2594486271782624,0.2594469828210037,2727
1.3762182159712824,0.006864178309696447,0.00013952900336141585,0.0048286663417072525,8.927673324459134e-05,0.25944863658125294,0.25944699240747543,2728
1.3762177008959011,0.006863776016403726,0.0001395213564672898,0.00482873282226125,8.927691002601418e-05,0.25944864593611244,0.2594470019448523,2729
1.3762171884659984,0.006863375790016001,0.0001395137487856745,0.004828798964042807,8.927708590087382e-05,0.25944865524298955,0.2594470114332863,2730
1.3762166786733478,0.00686297762409742,0.00013950618019537207,0.004828864768074769,8.927726087197369e-05,0.25944866450203274,0.2594470208729291,2731
1.3762161715097125,0.006862581512205203,0.0001394986505750455,0.004828930235381478,8.927743494212562e-05,0.259448673713391,0.259447030263933,2732
1.3762156669668482,0.006862187447889652,0.00013949115980321108,0.004828995366988791,8.927760811414149e-05,0.2594486828772132,0.2594470396064502,2733
1.3762151650365007,0.00686179542469398,0.0001394837077582477,0.00482906016392406,8.927778039083948e-05,0.2594486919936486,0.2594470489006332,2734
1.3762146657104066,0.006861405436154406,0.0001394762943183869,0.00482912462721616,8.92779517750399e-05,0.2594487010628467,0.25944705814663466,2735
1.3762141689802938,0.0068610174758001125,0.0001394689193617112,0.004829188757895482,8.927812226955157e-05,0.2594487100849561,0.2594470673446067,2736
1.3762136748378806,0.00686063153715309,0.0001394615827661619,0.004829252556993945,8.927829187719378e-05,0.2594487190601263,0.2594470764947019,2737
1.376213183274876,0.006860247613728182,0.00013945428440953928,0.004829316025544978,8.927846060080687e-05,0.2594487279885076,0.2594470855970739,2738
1.37621269428298,0.006859865699033064,0.00013944702416948971,0.004829379164583556,8.927862844320806e-05,0.2594487368702493,0.2594470946518753,2739
1.3762122078538832,0.006859485786568106,0.00013943980192352188,0.00482944197514618,8.927879540724823e-05,0.2594487457055023,0.2594471036592602,2740
1.3762117239792662,0.006859107869826502,0.00013943261754898888,0.004829504458270903,8.927896149576042e-05,0.25944875449441673,0.2594471126193821,2741
1.376211242650801,0.006858731942294081,0.0001394254709230971,0.004829566614997322,8.927912671158084e-05,0.2594487632371428,0.25944712153239435,2742
1.376210763860149,0.006858357997449366,0.0001394183619229038,0.0048296284463665825,8.927929105755937e-05,0.25944877193383137,0.2594471303984513,2743
1.376210287598963,0.006857986028763476,0.00013941129042531247,0.004829689953421396,8.927945453652703e-05,0.25944878058463244,0.2594471392177061,2744
1.3762098138588859,0.006857616029700088,0.0001394042563070869,0.004829751137206027,8.927961715136624e-05,0.25944878918969866,0.2594471479903147,2745
1.3762093426315511,0.0068572479937154636,0.00013939725944482511,0.004829811998766304,8.927977890490283e-05,0.25944879774917967,0.25944715671643,2746
1.3762088739085816,0.006856881914258316,0.00013939029971498588,0.004829872539149624,8.927993980000355e-05,0.2594488062632273,0.25944716539620716,2747
1.3762084076815917,0.006856517784769845,0.00013938337699386874,0.004829932759404955,8.928009983952993e-05,0.2594488147319931,0.25944717402980083,2748
1.3762079439421844,0.006856155598683681,0.00013937649115762537,0.004829992660582858,8.928025902635296e-05,0.2594488231556291,0.25944718261736666,2749
1.3762074826819553,0.006855795349425847,0.00013936964208224832,0.0048300522437354654,8.928041736333737e-05,0.25944883153428705,0.25944719115905923,2750
1.376207023892487,0.006855437030414715,0.00013936282964357923,0.004830111509916499,8.928057485336047e-05,0.2594488398681193,0.2594471996550346,2751
1.3762065675653543,0.006855080635060995,0.00013935605371729752,0.004830170460181295,8.928073149928705e-05,0.25944884815727753,0.2594472081054476,2752
1.3762061136921218,0.006854726156767643,0.00013934931417893407,0.004830229095586752,8.928088730399552e-05,0.25944885640191423,0.2594472165104539,2753
1.3762056622643437,0.006854373588929896,0.0001393426109038635,0.004830287417191402,8.928104227038636e-05,0.25944886460218297,0.2594472248702104,2754
1.3762052132735638,0.006854022924935171,0.00013933594376729755,0.00483034542605537,8.92811964013286e-05,0.2594488727582357,0.2594472331848723,2755
1.3762047667113164,0.006853674158163049,0.00013932931264429467,0.004830403123240391,8.928134969971857e-05,0.2594488808702258,0.2594472414545963,2756
1.3762043225691245,0.006853327281985251,0.00013932271740975564,0.0048304605098098185,8.92815021684526e-05,0.2594488889383066,0.2594472496795392,2757
1.3762038808385029,0.006852982289765583,0.00013931615793841818,0.004830517586828629,8.928165381042496e-05,0.2594488969626314,0.2594472578598573,2758
1.376203441510954,0.006852639174859943,0.00013930963410486083,0.0048305743553634295,8.928180462853416e-05,0.2594489049433537,0.2594472659957075,2759
1.3762030045779712,0.0068522979306162145,0.00013930314578350432,0.004830630816482442,8.928195462569127e-05,0.25944891288062766,0.2594472740872473,2760
1.3762025700310374,0.0068519585503743095,0.00013929669284860462,0.0048306869712555385,8.928210380479377e-05,0.2594489207746067,0.2594472821346333,2761
1.3762021378616243,0.006851621027466047,0.00013929027517425895,0.004830742820754224,8.928225216876017e-05,0.25944892862544533,0.2594472901380234,2762
1.376201708061194,0.006851285355215144,0.00013928389263440566,0.00483079836605164,8.928239972052154e-05,0.2594489364332988,0.25944729809757616,2763
1.3762012806211976,0.006850951526937256,0.00013927754510280782,0.004830853608222589,8.928254646297017e-05,0.25944894419832026,0.2594473060134479,2764
1.376200855533076,0.00685061953593986,0.0001392712324530779,0.004830908548343522,8.928269239905295e-05,0.25944895192066575,0.259447313885798,2765
1.3762004327882593,0.006850289375522181,0.00013926495455865516,0.004830963187492538,8.928283753167898e-05,0.2594489596004893,0.25944732171478385,2766
1.376200012378167,0.00684996103897528,0.00013925871129281725,0.004831017526749414,8.928298186378575e-05,0.25944896723794647,0.25944732950056426,2767
1.376199594294208,0.006849634519581935,0.00013925250252867826,0.004831071567195577,8.928312539830969e-05,0.25944897483319274,0.259447337243298,2768
1.3761991785277803,0.006849309810616586,0.0001392463281391781,0.004831125309914136,8.928326813817257e-05,0.2594489823863828,0.25944734494314303,2769
1.3761987650702705,0.0068489869053453365,0.00013924018799710427,0.004831178755989867,8.928341008634549e-05,0.259448989897674,0.25944735260026014,2770
1.376198353913057,0.006848665797025956,0.0001392340819750633,0.004831231906509229,8.92835512457618e-05,0.25944899736722166,0.25944736021480763,2771
1.376197945047503,0.006848346478907769,0.00013922800994549907,0.004831284762560366,8.928369161937166e-05,0.25944900479518196,0.25944736778694544,2772
1.376197538464965,0.006848028944231678,0.00013922197178068161,0.004831337325233114,8.928383121012104e-05,0.2594490121817109,0.25944737531683243,2773
1.3761971341567858,0.006847713186230082,0.00013921596735271913,0.004831389595618996,8.928397002098113e-05,0.2594490195269658,0.25944738280462953,2774
1.376196732114299,0.006847399198126869,0.0001392099965335457,0.004831441574811233,8.928410805490948e-05,0.25944902683110327,0.2594473902504965,2775
1.3761963323288253,0.006847086973137357,0.00013920405919492064,0.004831493263904752,8.928424531486159e-05,0.2594490340942798,0.2594473976545932,2776
1.3761959347916761,0.006846776504468302,0.0001391981552084387,0.004831544663996181,8.928438180381915e-05,0.2594490413166532,0.25944740501708063,2777
1.3761955394941507,0.006846467785317813,0.00013919228444551887,0.004831595776183859,8.928451752474294e-05,0.2594490484983803,0.2594474123381191,2778
1.376195146427537,0.006846160808875326,0.00013918644677741014,0.0048316466015678365,8.928465248061998e-05,0.25944905563961923,0.25944741961786993,2779
1.3761947555831127,0.006845855568321584,0.00013918064207518776,0.004831697141249881,8.928478667442785e-05,0.25944906274052765,0.25944742685649413,2780
1.3761943669521433,0.006845552056828651,0.0001391748702097491,0.0048317473963335016,8.928492010915675e-05,0.25944906980126387,0.2594474340541533,2781
1.3761939805258825,0.006845250267559782,0.00013916913105182284,0.004831797367923914,8.928505278779476e-05,0.2594490768219861,0.2594474412110091,2782
1.3761935962955743,0.006844950193669427,0.0001391634244719548,0.004831847057128085,8.928518471333006e-05,0.25944908380285253,0.25944744832722294,2783
1.3761932142524507,0.006844651828303236,0.00013915775034052137,0.004831896465054705,8.928531588876231e-05,0.259449090744022,0.25944745540295683,2784
1.3761928343877312,0.006844355164597949,0.00013915210852772207,0.004831945592814206,8.928544631709542e-05,0.25944909764565355,0.2594474624383733,2785
1.376192456692625,0.006844060195681418,0.00013914649890357566,0.004831994441518774,8.928557600133122e-05,0.2594491045079061,0.25944746943363456,2786
1.3761920811583293,0.00684376691467257,0.00013914092133792696,0.004832043012282333,8.928570494448206e-05,0.2594491113309391,0.25944747638890336,2787
1.3761917077760295,0.006843475314681314,0.00013913537570044122,0.004832091306220563,8.928583314955711e-05,0.25944911811491195,0.2594474833043425,2788
1.3761913365369,0.006843185388808581,0.00013912986186060842,0.004832139324450908,8.928596061958976e-05,0.25944912485998517,0.25944749018011565,2789
1.376190967432103,0.006842897130146259,0.0001391243796877292,0.0048321870680925715,8.928608735758292e-05,0.25944913156631777,0.2594474970163853,2790
1.3761906004527888,0.006842610531777146,0.00013911892905093436,0.004832234538266518,8.928621336657103e-05,0.2594491382340704,0.25944750381331544,2791
1.376190235590097,0.006842325586774955,0.00013911350981916877,0.004832281736095488,8.928633864958228e-05,0.25944914486340337,0.25944751057106963,2792
1.3761898728351545,0.006842042288204206,0.00013910812186119495,0.004832328662703997,8.928646320964482e-05,0.259449151454477,0.25944751728981147,2793
1.3761895121790761,0.006841760629120293,0.0001391027650456009,0.00483237531921834,8.928658704981307e-05,0.259449158007453,0.25944752396970616,2794
1.3761891536129658,0.006841480602569351,0.0001390974392407802,0.004832421706766592,8.92867101731079e-05,0.2594491645224913,0.25944753061091685,2795
1.376188797127915,0.0068412022015883036,0.00013909214431495707,0.004832467826478621,8.928683258259951e-05,0.2594491709997544,0.2594475372136094,2796
1.3761884427150026,0.006840925419204737,0.00013908688013616075,0.004832513679486076,8.928695428132139e-05,0.25944917743940293,0.2594475437779479,2797
1.3761880903652965,0.006840650248436981,0.0001390816465722436,0.004832559266922417,8.928707527234688e-05,0.2594491838415996,0.2594475503040982,2798
1.3761877400698521,0.006840376682294011,0.00013907644349086498,0.0048326045899228925,8.92871955587148e-05,0.25944919020650525,0.25944755679222464,2799
1.3761873918197127,0.006840104713775378,0.00013907127075950965,0.004832649649624564,8.92873151435069e-05,0.25944919653428306,0.2594475632424937,2800
1.3761870456059098,0.006839834335871219,0.00013906612824546544,0.004832694447166295,8.928743402978194e-05,0.2594492028250949,0.25944756965507054,2801
1.3761867014194618,0.006839565541562265,0.00013906101581583822,0.004832738983688762,8.928755222060811e-05,0.2594492090791033,0.2594475760301211,2802
1.3761863592513763,0.0068392983238197294,0.00013905593333755017,0.004832783260334454,8.928766971907249e-05,0.2594492152964716,0.2594475823678119,2803
1.3761860190926472,0.006839032675605327,0.0001390508806773282,0.004832827278247693,8.928778652824962e-05,0.25944922147736255,0.25944758866830936,2804
1.3761856809342563,0.00683876858987119,0.00013904585770171723,0.004832871038574612,8.92879026512266e-05,0.2594492276219396,0.25944759493178016,2805
1.3761853447671746,0.0068385060595598885,0.000139040864277071,0.004832914542463183,8.928801809109583e-05,0.2594492337303665,0.25944760115839127,2806
1.3761850105823588,0.006838245077604397,0.00013903590026955,0.004832957791063206,8.928813285094131e-05,0.25944923980280643,0.25944760734830935,2807
1.376184678370754,0.006837985636927994,0.00013903096554512947,0.004833000785526318,8.928824693387225e-05,0.259449245839424,0.25944761350170237,2808
1.376184348123293,0.006837727730444306,0.00013902605996959417,0.004833043527006,8.928836034298947e-05,0.2594492518403834,0.2594476196187379,2809
1.3761840198308952,0.006837471351057283,0.00013902118340853003,0.004833086016657581,8.928847308139906e-05,0.25944925780584904,0.2594476256995837,2810
1.3761836934844696,0.006837216491661039,0.0001390163357273388,0.0048331282556382344,8.928858515221027e-05,0.2594492637359855,0.25944763174440755,2811
1.3761833690749095,0.006836963145139962,0.0001390115167912297,0.004833170245106982,8.928869655855021e-05,0.25944926963095827,0.2594476377533786,2812
1.3761830465930978,0.006836711304368636,0.00013900672646521275,0.004833211986224715,8.928880730353022e-05,0.2594492754909321,0.2594476437266648,2813
1.376182726029904,0.00683646096221179,0.00013900196461410634,0.00483325348015418,8.928891739027117e-05,0.2594492813160722,0.25944764966443473,2814
1.3761824073761855,0.006836212111524247,0.00013899723110253926,0.004833294728059986,8.928902682191068e-05,0.25944928710654463,0.2594476555668579,2815
1.3761820906227848,0.006835964745150938,0.0001389925257949391,0.004833335731108613,8.928913560157171e-05,0.2594492928625147,0.259447661434103,2816
1.3761817757605352,0.006835718855926865,0.00013898784855554606,0.004833376490468414,8.928924373241502e-05,0.2594492985841498,0.25944766726634066,2817
1.3761814627802538,0.006835474436677042,0.00013898319924839398,0.00483341700730962,8.928935121755834e-05,0.25944930427161483,0.25944767306373945,2818
1.3761811516727465,0.006835231480216495,0.00013897857773732765,0.004833457282804347,8.928945806015931e-05,0.25944930992507703,0.25944767882646974,2819
1.3761808424288056,0.006834989979350181,0.00013897398388599289,0.004833497318126585,8.92895642633724e-05,0.25944931554470335,0.259447684554702,2820
1.3761805350392113,0.006834749926873022,0.0001389694175578381,0.004833537114452228,8.928966983035425e-05,0.2594493211306609,0.25944769024860664,2821
1.376180229494731,0.00683451131556983,0.00013896487861611074,0.0048335766729590505,8.928977476426145e-05,0.2594493266831167,0.25944769590835404,2822
1.3761799257861158,0.00683427413821526,0.00013896036692386492,0.004833615994826729,8.928987906826533e-05,0.2594493322022387,0.2594477015341159,2823
1.3761796239041086,0.006834038387573838,0.00013895588234394922,0.004833655081236843,8.9289982745532e-05,0.25944933768819445,0.2594477071260627,2824
1.376179323839436,0.006833804056399862,0.0001389514247390188,0.004833693933372873,8.929008579924432e-05,0.2594493431411524,0.25944771268436656,2825
1.3761790255828126,0.006833571137437433,0.000138946993971521,0.004833732552420211,8.929018823257263e-05,0.25944934856128044,0.2594477182091986,2826
1.3761787291249383,0.006833339623420389,0.00013894258990370642,0.004833770939566159,8.929029004869774e-05,0.25944935394874685,0.2594477237007308,2827
1.3761784344565025,0.006833109507072267,0.00013893821239762658,0.0048338090959999394,8.929039125082565e-05,0.25944935930372137,0.25944772915913605,2828
1.3761781415681782,0.006832880781106282,0.00013893386131512303,0.004833847022912685,8.929049184212778e-05,0.25944936462637186,0.2594477345845858,2829
1.3761778504506277,0.006832653438225308,0.00013892953651784327,0.004833884721497462,8.929059182581541e-05,0.2594493699168683,0.25944773997725323,2830
1.3761775610944982,0.006832427471121825,0.00013892523786723026,0.004833922192949256,8.929069120509564e-05,0.2594493751753804,0.25944774533731174,2831
1.3761772734904245,0.006832202872477911,0.0001389209652245156,0.004833959438464988,8.9290789983163e-05,0.2594493804020773,0.25944775066493364,2832
1.376176987629027,0.006831979634965212,0.00013891671845073515,0.004833996459243519,8.929088816323509e-05,0.2594493855971293,0.2594477559602929,2833
1.3761767035009147,0.006831757751244882,0.0001389124974067197,0.0048340332564856415,8.929098574854215e-05,0.2594493907607074,0.2594477612235636,2834
1.3761764210966798,0.006831537213967598,0.00013890830195308556,0.004834069831394098,8.929108274228608e-05,0.259449395892981,0.25944776645491896,2835
1.3761761404069037,0.006831318015773463,0.0001389041319502518,0.004834106185173572,8.929117914770132e-05,0.25944940099412134,0.2594477716545335,2836
1.3761758614221538,0.006831100149292056,0.0001388999872584292,0.004834142319030701,8.929127496801919e-05,0.25944940606429945,0.25944777682258147,2837
1.376175584132982,0.006830883607142333,0.00013889586773762106,0.0048341782341740774,8.929137020647519e-05,0.2594494111036866,0.25944778195923796,2838
1.3761753085299286,0.006830668381932655,0.0001388917732476206,0.004834213931814244,8.929146486630697e-05,0.2594494161124541,0.25944778706467747,2839
1.3761750346035193,0.006830454466260696,0.0001388877036480214,0.004834249413163714,8.929155895076998e-05,0.2594494210907743,0.259447792139076,2840
1.3761747623442668,0.0068302418527134735,0.0001388836587981981,0.004834284679436959,8.929165246310608e-05,0.25944942603881876,0.2594477971826083,2841
1.376174491742669,0.0068300305338672845,0.0001388796385573219,0.004834319731850425,8.929174540657183e-05,0.2594494309567599,0.2594478021954504,2842
1.37617422278921,0.0068298205022876545,0.00013887564278435547,0.004834354571622524,8.929183778442904e-05,0.25944943584477026,0.2594478071777783,2843
1.3761739554743613,0.006829611750529412,0.000138871671338047,0.004834389199973653,8.929192959994475e-05,0.25944944070302284,0.2594478121297685,2844
1.3761736897885792,0.006829404271136503,0.00013886772407693433,0.004834423618126176,8.929202085637136e-05,0.25944944553168975,0.25944781705159636,2845
1.376173425722307,0.00682919805664209,0.00013886380085935163,0.004834457827304452,8.929211155700743e-05,0.2594494503309456,0.25944782194344007,2846
1.3761731632659733,0.006828993099568459,0.00013885990154341367,0.004834491828734822,8.929220170512217e-05,0.25944945510096334,0.2594478268054762,2847
1.3761729024099927,0.0068287893924270085,0.00013885602598702614,0.004834525623645617,8.929229130399842e-05,0.2594494598419168,0.25944783163788193,2848
1.3761726431447667,0.006828586927718252,0.00013885217404788075,0.00483455921326717,8.929238035692953e-05,0.25944946455398027,0.2594478364408349,2849
1.3761723854606813,0.006828385697931704,0.00013884834558345767,0.004834592598831801,8.929246886720886e-05,0.25944946923732803,0.25944784121451314,2850
1.3761721293481104,0.00682818569554594,0.00013884454045102147,0.004834625781573837,8.929255683813085e-05,0.25944947389213446,0.25944784595909426,2851
1.3761718747974114,0.006827986913028535,0.00013884075850762224,0.004834658762729616,8.92926442730004e-05,0.2594494785185745,0.2594478506747568,2852
1.3761716217989293,0.006827789342836009,0.00013883699961010095,0.004834691543537471,8.929273117513822e-05,0.2594494831168238,0.2594478553616799,2853
1.376171370342994,0.0068275929774138395,0.00013883326361507485,0.004834724125237757,8.929281754784187e-05,0.259449487687057,0.25944786002004167,2854
1.3761711204199214,0.006827397809196426,0.0001388295503789515,0.004834756509072839,8.929290339443523e-05,0.25944949222944996,0.2594478646500215,2855
1.3761708720200132,0.006827203830607037,0.00013882585975792157,0.004834788696287105,8.929298871824738e-05,0.2594494967441789,0.2594478692517991,2856
1.3761706251335564,0.006827011034057778,0.0001388221916079574,0.004834820688126961,8.92930735226001e-05,0.2594495012314196,0.25944787382555373,2857
1.3761703797508247,0.006826819411949631,0.0001388185457848164,0.004834852485840846,8.92931578108414e-05,0.2594495056913492,0.259447878371466,2858
1.3761701358620755,0.006826628956672348,0.00013881492214403487,0.00483488409067922,8.929324158629199e-05,0.2594495101241436,0.2594478828897154,2859
1.3761698934575541,0.006826439660604461,0.00013881132054093475,0.004834915503894583,8.929332485230622e-05,0.25944951452998016,0.2594478873804827,2860
1.3761696525274891,0.006826251516113255,0.00013880774083061497,0.004834946726741468,8.929340761222688e-05,0.2594495189090359,0.25944789184394856,2861
1.3761694130620963,0.006826064515554721,0.00013880418286796287,0.0048349777604764456,8.929348986941984e-05,0.2594495232614889,0.2594478962802945,2862
1.3761691750515763,0.00682587865127354,0.00013880064650763748,0.0048350086063581365,8.929357162723108e-05,0.25944952758751627,0.25944790068970114,2863
1.3761689384861147,0.006825693915603122,0.00013879713160408328,0.004835039265647204,8.929365288903487e-05,0.2594495318872966,0.25944790507235066,2864
1.3761687033558834,0.006825510300865405,0.00013879363801152356,0.004835069739606363,8.929373365819505e-05,0.25944953616100785,0.25944790942842455,2865
1.3761684696510388,0.006825327799371035,0.00013879016558395756,0.004835100029500379,8.929381393809013e-05,0.2594495404088289,0.25944791375810516,2866
1.376168237361724,0.006825146403419174,0.00013878671417516617,0.004835130136596072,8.929389373209233e-05,0.25944954463093817,0.25944791806157447,2867
1.3761680064780655,0.006824966105297587,0.00013878328363871117,0.004835160062162325,8.929397304360434e-05,0.25944954882751575,0.2594479223390161,2868
1.376167776990176,0.006824786897282556,0.00013877987382792203,0.004835189807470088,8.929405187598997e-05,0.2594495529987397,0.2594479265906117,2869
1.3761675488881537,0.006824608771638881,0.00013877648459591248,0.004835219373792375,8.929413023265614e-05,0.25944955714479023,0.2594479308165451,2870
1.376167322162082,0.006824431720619801,0.00013877311579557692,0.004835248762404266,8.929420811700657e-05,0.25944956126584756,0.259447935017,2871
1.376167096802029,0.006824255736467052,0.00013876976727957702,0.004835277974582915,8.929428553244188e-05,0.2594495653620916,0.2594479391921598,2872
1.376166872798048,0.006824080811410779,0.0001387664389003591,0.004835307011607562,8.929436248238364e-05,0.2594495694337035,0.2594479433422093,2873
1.3761666501401786,0.006823906937669513,0.00013876313051013362,0.004835335874759508,8.929443897022832e-05,0.25944957348086295,0.2594479474673315,2874
1.3761664288184428,0.006823734107450221,0.00013875984196089555,0.004835364565322159,8.92945149994038e-05,0.25944957750375136,0.25944795156771183,2875
1.3761662088228506,0.0068235623129481405,0.0001387565731044135,0.004835393084580989,8.929459057335164e-05,0.2594495815025509,0.2594479556435356,2876
1.376165990143395,0.006823391546346907,0.00013875332379222521,0.004835421433823573,8.929466569548614e-05,0.2594495854774422,0.25944795969498735,2877
1.3761657727700543,0.006823221799818408,0.00013875009387564314,0.0048354496143395735,8.929474036924677e-05,0.2594495894286073,0.2594479637222527,2878
1.376165556692793,0.006823053065522836,0.00013874688320575718,0.00483547762742075,8.929481459808563e-05,0.2594495933562289,0.25944796772551765,2879
1.3761653419015594,0.006822885335608603,0.0001387436916334212,0.0048355054743609615,8.92948883854296e-05,0.2594495972604884,0.2594479717049673,2880
1.3761651283862864,0.006822718602212379,0.00013874051900927196,0.004835533156456168,8.92949617347486e-05,0.25944960114156934,0.2594479756607889,2881
1.3761649161368925,0.0068225528574590195,0.00013873736518371212,0.004835560675004432,8.929503464949792e-05,0.25944960499965464,0.2594479795931689,2882
1.376164705143281,0.006822388093461548,0.00013873423000691518,0.004835588031305931,8.929510713313593e-05,0.2594496088349273,0.2594479835022938,2883
1.3761644953953394,0.006822224302321157,0.0001387311133288263,0.0048356152266629485,8.929517918912947e-05,0.25944961264757077,0.25944798738835084,2884
1.3761642868829405,0.006822061476127161,0.0001387280149991624,0.004835642262379887,8.929525082095583e-05,0.2594496164377691,0.25944799125152745,2885
1.3761640795959413,0.006821899606956962,0.00013872493486740843,0.004835669139763257,8.929532203208605e-05,0.25944962020570594,0.25944799509201116,2886
1.3761638735241835,0.006821738686876066,0.00013872187278282503,0.004835695860121698,8.929539282601842e-05,0.25944962395156645,0.25944799890999076,2887
1.3761636686574947,0.006821578707938025,0.00013871882859443262,0.004835722424765972,8.929546320623448e-05,0.25944962767553487,0.25944800270565377,2888
1.3761634649856864,0.0068214196621844405,0.00013871580215102724,0.00483574883500897,8.92955331762357e-05,0.2594496313777965,0.2594480064791892,2889
1.3761632624985534,0.006821261541644868,0.00013871279330116934,0.004835775092165706,8.929560273951098e-05,0.2594496350585359,0.25944801023078556,2890
1.376163061185877,0.006821104338336925,0.00013870980189318645,0.004835801197553333,8.929567189956283e-05,0.2594496387179385,0.2594480139606316,2891
1.3761628610374215,0.0068209480442661344,0.00013870682777518723,0.004835827152491128,8.929574065992741e-05,0.25944964235619145,0.2594480176689183,2892
1.3761626620429372,0.006820792651425981,0.00013870387079502322,0.004835852958300524,8.929580902408837e-05,0.259449645973479,0.25944802135583345,2893
1.3761624641921582,0.00682063815179787,0.00013870093080033311,0.0048358786163050825,8.929587699558919e-05,0.2594496495699888,0.2594480250215682,2894
1.3761622674748024,0.006820484537351091,0.00013869800763851377,0.004835904127830516,8.929594457794817e-05,0.2594496531459069,0.25944802866631256,2895
1.376162071880573,0.0068203318000428035,0.00013869510115673006,0.004835929494204679,8.929601177470252e-05,0.25944965670142056,0.2594480322902573,2896
1.3761618773991573,0.006820179931818014,0.00013869221120191072,0.00483595471675758,8.929607858938945e-05,0.25944966023671695,0.2594480358935933,2897
1.376161684020227,0.006820028924609577,0.00013868933762075012,0.0048359797968213864,8.929614502554932e-05,0.2594496637519834,0.25944803947651146,2898
1.3761614917334384,0.006819878770338133,0.00013868648025970912,0.0048360047357304085,8.929621108673821e-05,0.25944966724740814,0.2594480430392037,2899
1.3761613005284319,0.006819729460912084,0.00013868363896501085,0.004836029534821119,8.929627677650179e-05,0.25944967072317876,0.2594480465818613,2900
1.376161110394832,0.00681958098822765,0.00013868081358264298,0.004836054195432161,8.929634209840456e-05,0.2594496741794839,0.25944805010467664,2901
1.3761609213222474,0.006819433344168732,0.0001386780039583574,0.00483607871890433,8.929640705600997e-05,0.2594496776165121,0.25944805360784184,2902
1.3761607333002717,0.006819286520606974,0.0001386752099376667,0.0048361031065806,8.929647165288467e-05,0.25944968103445215,0.2594480570915495,2903
1.376160546318482,0.006819140509401705,0.00013867243136585244,0.004836127359806107,8.929653589261209e-05,0.25944968443349364,0.2594480605559928,2904
1.3761603603664398,0.006818995302399966,0.0001386696680879529,0.004836151479928163,8.929659977877249e-05,0.25944968781382605,0.25944806400136494,2905
1.3761601754336912,0.006818850891436386,0.00013866691994877028,0.004836175468296251,8.929666331495036e-05,0.25944969117563904,0.2594480674278593,2906
1.3761599915097662,0.006818707268333288,0.00013866418679286979,0.004836199326262037,8.92967265047428e-05,0.259449694519123,0.25944807083566984,2907
1.376159808584178,0.006818564424900566,0.00013866146846457412,0.004836223055179369,8.929678935173954e-05,0.2594496978444678,0.25944807422499044,2908
1.376159626646425,0.006818422352935719,0.00013865876480797335,0.0048362466564042675,8.929685185955446e-05,0.2594497011518648,0.2594480775960159,2909
1.3761594456859902,0.006818281044223854,0.00013865607566691297,0.004836270131294956,8.929691403179412e-05,0.2594497044415047,0.2594480809489407,2910
1.3761592656923385,0.006818140490537553,0.00013865340088499794,0.0048362934812118345,8.929697587205877e-05,0.25944970771357817,0.2594480842839592,2911
1.3761590866549203,0.006818000683636981,0.00013865074030560085,0.004836316707517498,8.929703738399169e-05,0.2594497109682779,0.259448087601268,2912
1.3761589085631694,0.006817861615269808,0.00013864809377184758,0.004836339811576738,8.929709857120993e-05,0.2594497142057953,0.2594480909010622,2913
1.3761587314065047,0.006817723277171195,0.00013864546112661978,0.004836362794756541,8.929715943733476e-05,0.25944971742632206,0.259448094183537,2914
1.3761585551743274,0.00681758566106374,0.0001386428422125706,0.004836385658426089,8.929721998602207e-05,0.25944972063005156,0.25944809744888975,2915
1.3761583798560242,0.006817448758657566,0.00013864023687209598,0.004836408403956771,8.929728022089523e-05,0.25944972381717557,0.2594481006973159,2916
1.3761582054409638,0.006817312561650176,0.00013863764494736396,0.004836431032722176,8.929734014561958e-05,0.25944972698788804,0.25944810392901313,2917
1.3761580319185007,0.0068171770617264545,0.00013863506628029282,0.004836453546098103,8.929739976383634e-05,0.25944973014238165,0.2594481071441779,2918
1.3761578592779726,0.006817042250558772,0.0001386325007125595,0.004836475945462557,8.929745907921404e-05,0.2594497332808505,0.2594481103430079,2919
1.3761576875086994,0.0068169081198067825,0.00013862994808560224,0.004836498232195755,8.929751809541485e-05,0.25944973640348845,0.2594481135257011,2920
1.3761575165999869,0.006816774661117567,0.00013862740824060904,0.0048365204076801305,8.929757681610522e-05,0.25944973951048944,0.25944811669245504,2921
1.3761573465411236,0.00681664186612551,0.00013862488101853027,0.004836542473300336,8.929763524496207e-05,0.25944974260204806,0.25944811984346805,2922
1.3761571773213834,0.0068165097264523385,0.00013862236626007037,0.004836564430443237,8.929769338567384e-05,0.2594497456783595,0.259448122978939,2923
1.3761570089300208,0.006816378233707056,0.00013861986380569075,0.004836586280497921,8.929775124192168e-05,0.2594497487396185,0.25944812609906664,2924
1.3761568413562766,0.006816247379485969,0.0001386173734956084,0.004836608024855706,8.92978088174035e-05,0.2594497517860208,0.2594481292040504,2925
1.3761566745893736,0.006816117155372652,0.00013861489516979613,0.004836629664910126,8.929786611581512e-05,0.25944975481776195,0.25944813229408964,2926
1.3761565086185203,0.00681598755293792,0.0001386124286679794,0.004836651202056952,8.929792314086706e-05,0.25944975783503826,0.2594481353693844,2927
1.376156343432907,0.006815858563739823,0.000138609973829641,0.004836672637694179,8.929797989625936e-05,0.25944976083804555,0.25944813843013437,2928
1.3761561790217076,0.006815730179323634,0.00013860753049401776,0.004836693973222043,8.929803638571829e-05,0.259449763826981,0.25944814147654055,2929
1.3761560153740813,0.0068156023912218245,0.0001386050985000992,0.004836715210043008,8.929809261296067e-05,0.25944976680204124,0.2594481445088033,2930
1.376155852479169,0.006815475190954052,0.00013860267768662956,0.004836736349561779,8.92981485817128e-05,0.2594497697634235,0.25944814752712375,2931
1.3761556903260956,0.006815348570027112,0.00013860026789210917,0.004836757393185302,8.929820429570935e-05,0.25944977271132535,0.25944815053170334,2932
1.3761555289039702,0.006815222519934982,0.0001385978689547859,0.004836778342322762,8.92982597586871e-05,0.25944977564594457,0.25944815352274364,2933
1.3761553682018854,0.006815097032158746,0.000138595480712669,0.004836799198385588,8.929831497440069e-05,0.2594497785674798,0.259448156500447,2934
1.3761552082089157,0.0068149720981666205,0.00013859310300351133,0.004836819962787454,8.929836994658164e-05,0.2594497814761285,0.2594481594650149,2935
1.3761550489141217,0.006814847709413946,0.00013859073566482448,0.004836840636944291,8.929842467900138e-05,0.25944978437209026,0.25944816241665064,2936
1.376154890306545,0.006814723857343077,0.00013858837853387125,0.004836861222274269,8.929847917541458e-05,0.2594497872555637,0.2594481653555568,2937
1.3761547323752121,0.006814600533383501,0.00013858603144766604,0.004836881720197816,8.929853343959474e-05,0.25944979012674857,0.25944816828193684,2938
1.3761545751091318,0.0068144777289517525,0.0001385836942429729,0.004836902132137618,8.929858747530703e-05,0.25944979298584403,0.25944817119599395,2939
1.3761544184972971,0.006814355435451383,0.00013858136675630952,0.0048369224595186154,8.92986412863365e-05,0.2594497958330504,0.2594481740979322,2940
1.3761542625286844,0.0068142336442729955,0.0001385790488239436,0.004836942703768004,8.929869487645882e-05,0.25944979866856743,0.2594481769879553,2941
1.376154107192253,0.00681411234679417,0.00013857674028189629,0.004836962866315246,8.929874824947587e-05,0.25944980149259633,0.2594481798662683,2942
1.376153952476946,0.006813991534379493,0.00013857444096593757,0.004836982948592059,8.929880140918009e-05,0.25944980430533776,0.25944818273307557,2943
1.3761537983716892,0.006813871198380567,0.0001385721507115899,0.004837002952032432,8.92988543593807e-05,0.2594498071069933,0.2594481855885828,2944
1.3761536448653924,0.006813751330135903,0.000138569869354122,0.00483702287807262,8.929890710387751e-05,0.25944980989776395,0.2594481884329948,2945
1.3761534919469476,0.006813631920971011,0.00013856759672855275,0.004837042728151144,8.929895964648292e-05,0.2594498126778515,0.2594481912665172,2946
1.376153339605231,0.006813512962198326,0.0001385653326696541,0.004837062503708798,8.929901199101246e-05,0.2594498154474578,0.259448194089356,2947
1.376153187829103,0.0068133944451172134,0.00013856307701194605,0.0048370822061886455,8.929906414129637e-05,0.2594498182067856,0.2594481969017174,2948
1.3761530366074042,0.006813276361013924,0.00013856082958969918,0.004837101837036027,8.92991161011691e-05,0.2594498209560377,0.2594481997038085,2949
1.3761528859289607,0.006813158701161648,0.00013855859023693127,0.004837121397698559,8.929916787446089e-05,0.2594498236954168,0.2594482024958359,2950
1.3761527357825818,0.0068130414568204475,0.00013855635878740917,0.004837140889626134,8.929921946501879e-05,0.2594498264251265,0.25944820527800694,2951
1.3761525861570596,0.006812924619237247,0.00013855413507465173,0.004837160314270929,8.929927087669717e-05,0.2594498291453707,0.2594482080505295,2952
1.3761524370411689,0.0068128081796458234,0.00013855191893191902,0.004837179673087394,8.929932211333575e-05,0.25944983185635256,0.2594482108136107,2953
1.376152288423668,0.006812692129266854,0.00013854971019222834,0.004837198967532267,8.92993731788078e-05,0.2594498345582771,0.25944821356745945,2954
1.3761521402932984,0.006812576459307788,0.0001385475086883358,0.004837218199064577,8.929942407696564e-05,0.25944983725134807,0.25944821631228354,2955
1.376151992638785,0.0068124611609629605,0.0001385453142527558,0.004837237369145628,8.929947481170144e-05,0.2594498399357715,0.2594482190482928,2956
1.376151845448835,0.006812346225413461,0.0001385431267177398,0.004837256479239018,8.929952538687067e-05,0.2594498426117513,0.25944822177569526,2957
1.3761516987121392,0.006812231643827239,0.00013854094591529592,0.004837275530810636,8.929957580637495e-05,0.259449845279494,0.2594482244947013,2958
1.3761515524173715,0.006812117407358983,0.0001385387716771704,0.004837294525328661,8.929962607408235e-05,0.2594498479392042,0.2594482272055195,2959
1.3761514065531888,0.0068120035071501895,0.00013853660383486636,0.0048373134642635636,8.929967619391023e-05,0.25944985059108927,0.2594482299083612,2960
1.3761512611082305,0.006811889934329117,0.00013853444221962886,0.004837332349088108,8.929972616974871e-05,0.25944985323535497,0.2594482326034362,2961
1.3761511160711206,0.006811776680010798,0.00013853228666244917,0.00483735118127736,8.929977600551098e-05,0.25944985587220837,0.2594482352909554,2962
1.3761509714304643,0.006811663735296988,0.00013853013699406414,0.0048373699623086835,8.929982570510077e-05,0.25944985850185603,0.2594482379711295,2963
1.3761508271748504,0.0068115510912762104,0.00013852799304495966,0.004837388693661738,8.929987527243865e-05,0.2594498611245054,0.25944824064416994,2964
1.3761506832928518,0.006811438739023691,0.00013852585464536795,0.004837407376818482,8.929992471145458e-05,0.25944986374036444,0.25944824331028843,2965
1.376150539773022,0.006811326669601383,0.00013852372162526723,0.004837426013263175,8.92999740260744e-05,0.25944986634964085,0.259448245969697,2966
1.3761503966039008,0.006811214874057933,0.00013852159381437892,0.004837444604482388,8.930002322023226e-05,0.2594498689525428,0.2594482486226075,2967
1.3761502537740078,0.006811103343428718,0.0001385194710421772,0.00483746315196499,8.930007229787812e-05,0.2594498715492793,0.25944825126923327,2968
1.3761501112718468,0.006810992068735769,0.000138517353137873,0.004837481657202153,8.930012126295352e-05,0.2594498741400589,0.2594482539097867,2969
1.3761499690859054,0.006810881040987837,0.0001385152399304302,0.004837500121687369,8.930017011941786e-05,0.25944987672509107,0.2594482565444812,2970
1.3761498272046524,0.006810770251180315,0.00013851313124855314,0.0048375185469164295,8.930021887122528e-05,0.2594498793045851,0.2594482591735303,2971
1.376149685616541,0.006810659690295278,0.0001385110269206946,0.004837536934387438,8.930026752234251e-05,0.2594498818787508,0.25944826179714775,2972
1.376149544310006,0.006810549349301472,0.0001385089267750498,0.004837555285600811,8.930031607674262e-05,0.25944988444779843,0.25944826441554786,2973
1.3761494032734671,0.006810439219154246,0.000138506830639564,0.004837573602059274,8.930036453840702e-05,0.25944988701193866,0.2594482670289452,2974
1.3761492624953242,0.006810329290795616,0.00013850473834192017,0.004837591885267867,8.930041291130983e-05,0.25944988957138176,0.25944826963755435,2975
1.376149121963963,0.006810219555154254,0.00013850264970955263,0.004837610136733953,8.930046119944717e-05,0.2594498921263392,0.25944827224159045,2976
1.3761489816677495,0.006810110003145397,0.00013850056456963795,0.004837628357967196,8.930050940681098e-05,0.2594498946770221,0.2594482748412691,2977
1.3761488415950338,0.006810000625670987,0.00013849848274909583,0.004837646550479594,8.930055753740583e-05,0.2594498972236425,0.25944827743680604,2978
1.3761487017341485,0.006809891413619502,0.0001384964040745942,0.004837664715785453,8.930060559523412e-05,0.25944989976641203,0.2594482800284173,2979
1.3761485620734095,0.006809782357866052,0.00013849432837254237,0.0048376828554013976,8.930065358430881e-05,0.2594499023055431,0.2594482826163192,2980
1.376148422601116,0.006809673449272342,0.00013849225546909639,0.004837700970846378,8.930070150865964e-05,0.2594499048412489,0.2594482852007288,2981
1.3761482833055476,0.0068095646786867125,0.00013849018519015364,0.004837719063641667,8.93007493722985e-05,0.25944990737374174,0.2594482877818629,2982
1.37614814417497,0.006809456036944045,0.00013848811736135618,0.004837737135310859,8.930079717925618e-05,0.25944990990323485,0.2594482903599386,2983
1.3761480051976291,0.00680934751486579,0.0001384860518080954,0.004837755187379863,8.930084493358024e-05,0.2594499124299424,0.2594482929351742,2984
1.3761478663617557,0.006809239103260003,0.00013848398835549901,0.004837773221376923,8.930089263930046e-05,0.25944991495407765,0.2594482955077869,2985
1.3761477276555616,0.006809130792921343,0.00013848192682844643,0.004837791238832605,8.930094030047597e-05,0.25944991747585533,0.2594482980779957,2986
1.3761475890672419,0.006809022574630964,0.00013847986705155534,0.004837809241279799,8.930098792115432e-05,0.2594499199954896,0.259448300646019,2987
1.3761474505849753,0.00680891443915664,0.0001384778088491905,0.004837827230253726,8.930103550540308e-05,0.2594499225131957,0.2594483032120759,2988
1.376147312196923,0.006808806377252657,0.00013847575204545707,0.0048378452072919305,8.930108305727614e-05,0.2594499250291881,0.25944830577638506,2989
1.376147173891228,0.0068086983796599105,0.00013847369646421024,0.00483786317393429,8.930113058086095e-05,0.2594499275436831,0.25944830833916704,2990
1.3761470356560173,0.006808590437105798,0.00013847164192903996,0.00483788113172301,8.930117808021983e-05,0.25944993005689565,0.2594483109006407,2991
1.3761468974794002,0.006808482540304273,0.00013846958826328894,0.004837899082202618,8.930122555944444e-05,0.2594499325690422,0.25944831346102676,2992
1.3761467593494685,0.0068083746799558415,0.00013846753529004135,0.004837917026919982,8.93012730226286e-05,0.25944993508033937,0.259448316020546,2993
1.3761466212542974,0.006808266846747544,0.00013846548283211977,0.004837934967424306,8.93013204738608e-05,0.2594499375910035,0.2594483185794188,2994
1.376146483181944,0.00680815903135298,0.00013846343071209763,0.0048379529052671125,8.930136791725374e-05,0.25944994010125216,0.25944832113786703,2995
1.3761463451204492,0.006808051224432257,0.00013846137875228652,0.004837970842002265,8.930141535690018e-05,0.25944994261130194,0.2594483236961113,2996
1.376146207057836,0.006807943416631991,0.00013845932677474668,0.0048379887791859585,8.930146279692745e-05,0.2594499451213712,0.25944832625437414,2997
1.3761460689821097,0.006807835598585376,0.0001384572746012793,0.004838006718376719,8.930151024145353e-05,0.25944994763167784,0.25944832881287777,2998
1.37614593088126,0.006807727760912133,0.0001384552220534249,0.004838024661135414,8.930155769459107e-05,0.25944995014243943,0.2594483313718437,2999
1.376145792743257,0.00680761989421849,0.0001384531689524752,0.004838042609025244,8.930160516047694e-05,0.2594499526538749,0.2594483339314953,3000
