total,pde,bc,diss,ctrl,energy,var,epoch
3.2866514223584677,0.10199332125230574,0.0878049845847502,0.006131583193034175,0.001005965866878585,0.281716964969533,0.1889757658352744,1
9.529898034819603,0.7709613017199295,0.4328537069483859,0.013014578851410422,0.001646997661095464,0.20941678104073724,0.1442582496277546,2
5.512682423089874,0.23929407944755388,0.1594831904872464,0.007912874304667411,0.004245539484985397,0.18484219551745626,0.13111070790899002,3
3.4395267409039585,0.10557013041676885,0.046990680871709656,0.0057549522782364216,0.0033670404997526095,0.19197379471520984,0.14149778441943678,4
3.9791578417092546,0.2126921834381298,0.12426019930235062,0.005947742566543976,0.0006802880005739795,0.2239176688048407,0.17097017215836235,5
3.53706687848066,0.18057442091970738,0.11623986548098042,0.005534996131043745,0.00020694940350429516,0.2643857361127019,0.20777989191421825,6
3.0289300870565103,0.09114500818470068,0.07264999474875525,0.00530705277665836,0.0019734262362830733,0.2944232623327359,0.233837857257516,7
3.030830382369623,0.10426967195425559,0.07635829942928964,0.006783137580258354,0.00142215606722824,0.28771148455349166,0.22392132730736564,8
3.038166794638478,0.13709797061021944,0.08224404079090708,0.008048238665864224,0.0003106614646376141,0.2676255911854784,0.2009049675788884,9
2.628205046853471,0.14221379434809217,0.05042162676537183,0.008090808481404057,4.564306500059093e-06,0.247863576235842,0.17756726849916368,10
2.399185669252661,0.16190832544213485,0.025084487884918898,0.007467382760555969,0.00016997658424595239,0.2369624931736949,0.16094324827542839,11
2.5639890224957282,0.1485039024636431,0.037852024623860364,0.006519704145613488,4.077187960305609e-05,0.24361471381979977,0.15893065434521822,12
2.49018433825233,0.12526428229780331,0.03656009034938593,0.00623067097063451,2.3765607431501522e-05,0.2548749981981024,0.16340634913121438,13
2.287012353482751,0.11828148833392424,0.0241296799369577,0.006865799628482835,0.0001797541630946488,0.26340724293412515,0.1702392833270524,14
2.4055047517942256,0.15129755007839343,0.03202144171421878,0.008253674238838698,5.406531498729219e-05,0.2573529120073133,0.17157786189750115,15
2.3827464586344154,0.1678566734081718,0.0303853561326086,0.00857720236682746,4.349467985555931e-06,0.25208553781686066,0.17241193605965047,16
2.174154833795243,0.1582810958159363,0.01810706006842529,0.007721682415214698,2.5204740652887888e-06,0.2515876000961479,0.17491855282074134,17
2.349135333786899,0.1437475824474149,0.032933381764311515,0.006510098578890443,0.0001031027732064374,0.2601539535751567,0.18442817522220176,18
2.5002717116625535,0.15036299213709264,0.04428850032610085,0.006378141769137859,0.00017139020466943325,0.2630916081773567,0.19185097330455184,19
2.331569253949612,0.15841102837519525,0.03483528331549231,0.006810071719939779,0.00010185153849285455,0.26009215232211913,0.19593560876640587,20
2.1449877219143945,0.1698715235787475,0.023090911579636116,0.0077850630930573666,5.581040462297219e-06,0.25236242258334474,0.19645969894729912,21
2.230874255405034,0.17982904602450292,0.028120905787774153,0.008713279902591978,1.314687389579869e-06,0.24885340181860433,0.19620720960583501,22
2.2693149953465284,0.2000070705787482,0.029937776708256328,0.008975656632543778,6.995330480482486e-07,0.25083638092281463,0.1979574640633037,23
2.1869080057201367,0.20735781953980467,0.02437248060473623,0.008625978402798941,4.096901556014281e-05,0.25640070430188294,0.20081169080181518,24
2.150629685379576,0.18668969312144335,0.022649030512678484,0.007971178396891192,9.661902641639291e-05,0.25982949777030306,0.20098360841382895,25
2.1498880398054987,0.17311098462615995,0.022962837549151516,0.007757873994149588,4.406964727445952e-05,0.25663849736570404,0.19726971804341087,26
2.101543606845051,0.18382946766767463,0.018661776053887615,0.008264577871783285,3.2466544442481767e-07,0.2505697942123476,0.19449268013842133,27
2.091064673044059,0.22070002647100062,0.017015323571031013,0.009241566198810981,1.9053828904854207e-08,0.24986196439261968,0.19894653326264897,28
2.103652032618679,0.2304508487236878,0.020023814057942478,0.009539171494521492,7.20432122803222e-05,0.2584878273003356,0.2105555291360755,29
2.0511288046862366,0.20798493382498787,0.01864746313166554,0.009395440561912974,0.0002169552922776486,0.2647294023055129,0.2187957140435404,30
2.0055448211428444,0.19220169187934766,0.017221515548338447,0.008799075874943949,7.657621459076911e-05,0.2587507836558087,0.214528686694478,31
2.0480124966825524,0.19063721685580343,0.016420522868635604,0.008618609010181194,4.9723035361951084e-05,0.2429485437417544,0.20174687425563978,32
2.042624524333839,0.18988598063636797,0.01549861276364729,0.008977173220948915,9.763069697067636e-05,0.2401191752889409,0.20182911603593642,33
1.9809510573185474,0.1934279849110424,0.016146859873995896,0.009352457437677009,4.69474004251918e-09,0.24993148182691782,0.2133335263915266,34
2.0516326172872335,0.20809211915612863,0.02116596604634825,0.009507720332948317,0.0003052320344415582,0.2674708910603197,0.2311768052499031,35
2.074537414607355,0.21652060532054448,0.020602778281106043,0.00995426042808397,0.0005973719632764909,0.27444119398221967,0.23953762517523217,36
2.023348766849134,0.22527708336732605,0.01896348218906941,0.010518268439004068,0.0003321665421648376,0.26822543667967486,0.23534500885299242,37
1.9774040890806175,0.2233449088226094,0.016181005625975995,0.010468380107650159,5.2563284944279145e-06,0.25229266842225995,0.2209509232075115,38
2.0100964978318663,0.20974963516771533,0.01600023080432914,0.009779076235703081,4.6399430138263225e-05,0.24318828728304964,0.21211605949658918,39
1.997898997447684,0.20194948947089617,0.016066230359504115,0.009619395954729212,4.31394575858985e-05,0.24343193654218395,0.21312123179685158,40
1.947110277139246,0.1991700679427164,0.016401984795737675,0.009941212968190102,3.2605518004695182e-06,0.25180569980906836,0.22295036332620957,41
1.9446566339694313,0.2108982673174099,0.0169494314846674,0.010243818229790376,0.00016366482943536555,0.26279315556988836,0.23543645996737642,42
1.9549648532923984,0.2207125692739347,0.01737220389786595,0.010490139836522893,0.00017298444814266176,0.2631523552317698,0.23726206825662724,43
1.9121093906790556,0.21660390612807612,0.014926939486247254,0.010686333526742444,2.8108770375040896e-05,0.25530177049437647,0.23096511038746045,44
1.9429331727998715,0.21755739467589555,0.015385773334246428,0.010733822702707833,3.4476422089168903e-06,0.24814321724240102,0.22460600964180175,45
1.9514245505213546,0.21671198652135654,0.01575422672094267,0.010529316757191279,7.022871012518622e-06,0.24734992999856256,0.22390962171646472,46
1.9474417553445544,0.21590226085237885,0.017381790276796025,0.010314610092807725,1.3408589104890693e-05,0.25366177403793444,0.2304644676685574,47
1.905432020796413,0.21494211131627616,0.015740813299979,0.01061128801565318,0.00011021148354276424,0.260498165722771,0.23886739534315532,48
1.9111994567446093,0.21280211294596746,0.016980068285975813,0.011390993885373178,0.00010463082385470114,0.2602289209526079,0.2411726846529267,49
1.914141475139056,0.21551123862063523,0.016920088216448786,0.011690034256311392,2.2695347033333302e-05,0.2547639633744744,0.2369875815920065,50
1.8828827678221665,0.2162672053518427,0.01386652519944642,0.011160182449117111,8.126082937797648e-07,0.2509014478874454,0.23271514575156313,51
1.8794784945510874,0.20842899796960956,0.014610978214585044,0.01069001053433086,1.3195077813971742e-05,0.2536325029681986,0.23486277198051994,52
1.8896925081261684,0.1961747635021646,0.016829250316265393,0.01091973758233245,5.475021003657011e-05,0.2573993384864169,0.23939874421229207,53
1.859181982106934,0.20407771975035097,0.014569347197771972,0.011189436630112485,4.880470144845643e-05,0.25698603617571913,0.24019954263114995,54
1.8851390210443466,0.22413735430709858,0.014809982971724783,0.011273406486469208,1.1762134872474193e-05,0.2534295968964988,0.23788263397129616,55
1.900479091429913,0.2176822553949256,0.01650782023627566,0.011454213904254936,7.715587748464676e-06,0.25277769468236966,0.2385668724472205,56
1.8605801530980344,0.20328326281108589,0.015526994580991625,0.01168313813160845,2.7271982014252905e-05,0.2552222583251169,0.24210234663416055,57
1.8564525785323092,0.2024297579840494,0.015552701028653337,0.011520709929980132,4.699346370176502e-05,0.25685517787528267,0.24394839588832165,58
1.8470930247429262,0.2038164382296187,0.014668669446124561,0.011100247535006538,3.4104460106589754e-05,0.25583990240557064,0.24270420463368622,59
1.852445604812155,0.19891910107369004,0.015269851961609182,0.011065141670046115,1.548301399227507e-05,0.2539348461205332,0.24150375175341798,60
1.8247083752187403,0.19734716305052638,0.013764333416183019,0.011590789714952655,7.823743679550619e-06,0.2527970955792662,0.24200588301063305,61
1.8346857822170617,0.21101215018361216,0.014168730108774483,0.012155244112701212,2.0799145924026326e-05,0.2545606080651626,0.2450198867821236,62
1.8198254651956942,0.2068220700935827,0.013821195526764047,0.011960578945809935,6.66143835185077e-05,0.25816176350542624,0.24862618471142692,63
1.8179696148221816,0.20006512596453813,0.014004652365032191,0.011540675685817705,5.269900518514154e-05,0.2572594080464692,0.24739765726302076,64
1.812043449859456,0.19525005700655512,0.013318372306460149,0.011633687215622282,5.1473028736670854e-06,0.25226876681782573,0.24281684459634267,65
1.8111995117952995,0.2058154234549036,0.012896504202946206,0.011955516047773373,7.497128335319795e-06,0.2527380884454889,0.2441725143135708,66
1.7963086266297124,0.20494719242917658,0.012820338763180894,0.012067731113790947,6.75476147743604e-05,0.25821873559462527,0.25032795769455607,67
1.823757597622249,0.19182644452855466,0.015441137217069197,0.011969976948389235,4.2625507258210424e-05,0.25652882127632626,0.2487689582761646,68
1.813929095526676,0.19301942808249356,0.014064411216014835,0.011938938239816753,4.975530361482797e-06,0.2522305896891815,0.24453609842591276,69
1.7951909787365725,0.20672256529875296,0.01161759968199119,0.012078254793255661,5.774155593904127e-07,0.2507598786478053,0.2432839192392485,70
1.7994988897277135,0.20212264635188262,0.01343223130091005,0.012251147002796161,5.750389044238829e-05,0.2575831319678869,0.2506195219417897,71
1.7790129085608886,0.19325951026448035,0.01283622228896579,0.012282680551165066,0.0001271333769457458,0.26127534376175493,0.25481729072967807,72
1.7863816395140015,0.19704702195143678,0.012011594841420704,0.012262440438544124,5.356874454724299e-07,0.25073190671910595,0.24451433742992962,73
1.7802053891462117,0.19355486072001127,0.011509497734971013,0.012361180052662298,4.6378498944446527e-07,0.24931898238683242,0.24332960827686884,74
1.7708511952488515,0.1956414547778156,0.012306499068331367,0.012392636186259604,7.482780702163517e-05,0.258650306758817,0.25282275374625574,75
1.7655259606286386,0.18870256538086438,0.012451111788968336,0.012310033982391657,0.00011885729288990897,0.26090216918277775,0.2551996899685503,76
1.7601129560619975,0.19412680717602926,0.010538255386561547,0.012532153545460747,1.7775279749625335e-08,0.25013332396539867,0.244797729189881,77
1.7564791679391125,0.19335010616588363,0.011405858130089434,0.012776915797851944,2.2785984741489204e-05,0.2547734667424723,0.24985234142273455,78
1.768812188988294,0.18951017707363557,0.012760145030548061,0.012426305924722474,0.00013114173645319753,0.2614517132540593,0.25638137999384064,79
1.7468407355952016,0.18879817780231242,0.011347642544532046,0.012535124763798762,5.1921584285083234e-05,0.25720566334802586,0.2523706421129963,80
1.8158314374597415,0.1887705803088836,0.014274282475259793,0.013223391277088848,4.4447730057668016e-06,0.24789173696950148,0.24379257602342866,81
1.806670199266577,0.1909344373455071,0.013091881585564458,0.01335232246168065,1.265483132852467e-05,0.24644263702603675,0.24263423649571542,82
1.7468753392330545,0.1920512168811248,0.01101248009182414,0.012943890231000454,1.6450393583274177e-05,0.2540559084781679,0.250138722562647,83
1.785259790218727,0.1796367403830137,0.01450949679575444,0.01266425221310543,0.0002142508713663674,0.2646373109335823,0.2606607372924381,84
1.7640378049561205,0.17596619765480664,0.01339080032951305,0.01275468973394315,0.00020973370687099778,0.2644821858457554,0.2606273956018727,85
1.7530196797318036,0.18728279159665176,0.011675777608826664,0.013135688246524741,1.0139286101548645e-05,0.2531842245683288,0.24958502305476046,86
1.7501142850751412,0.1858385602704555,0.00992031312340752,0.01332903673400109,1.0165760428913851e-05,0.24681162103430068,0.243457595332693,87
1.7407736670382619,0.17759624672976287,0.011537630577941566,0.013272633986929913,7.74252209725908e-06,0.25278253878629914,0.2495887063181379,88
1.7445794961859085,0.17797376702519443,0.012383746679295931,0.013219264008562309,0.0001446916701759843,0.2620287850664971,0.25890635276701973,89
1.7224820707197623,0.1780624808678433,0.010932655734013821,0.013305623138003063,0.00012927284262903194,0.2613698215741951,0.25821863504094655,90
1.765034414655606,0.17642958997873542,0.012531642929994357,0.013370378143786943,1.6205629388696392e-08,0.2498726986669799,0.24659721748542257,91
1.7491958498528106,0.1790429381308108,0.009763392296395694,0.013403543422994352,2.1973079760384313e-05,0.24531245482577668,0.2420336410533024,92
1.7378600627884286,0.17996155648595472,0.011201246761899786,0.013483835180736885,7.2425353147286445e-06,0.25269119588932665,0.2496245810894586,93
1.7342898544619911,0.16883037541833965,0.01231124207411679,0.013535104370548764,0.00016899137465437852,0.2629996682517047,0.26018711052658916,94
1.7329738999224442,0.16799416103323409,0.012318038921150104,0.013586013631421144,0.00015906974986719952,0.2626122856718043,0.259823066935569,95
1.7189240836808057,0.1787930730850244,0.01033292946353174,0.01363507532173934,1.8705655097223166e-05,0.25432500347944637,0.25138894386295374,96
1.7174766818049632,0.1760429824924758,0.009577012433498015,0.01367455487186595,9.204263403978487e-08,0.2503033852897551,0.24730897554138428,97
1.7201233636018287,0.1637532528721567,0.011412973980088864,0.013670878789922777,1.8213853831177856e-05,0.25426776918672717,0.2513550066766034,98
1.7013061181499824,0.164393419414463,0.010542005266811408,0.013649494600307708,7.638108679691049e-05,0.2587396273831846,0.25592700790708656,99
1.740590729758864,0.18534682410673786,0.011713680362471997,0.013908473185232235,5.071255366741806e-05,0.2571212747220858,0.25442731855982814,100
1.7366369745829833,0.18004202982905437,0.011702968986908206,0.014024874919722057,3.311867670756718e-05,0.25575488285784925,0.2531520628098113,101
1.7036318774283026,0.16012714467731928,0.01083375687582063,0.013950249097341855,3.377057376673118e-05,0.2558112454574498,0.2531973014581182,102
1.705657592602079,0.16034175027585634,0.010891887831689324,0.013734676452212548,3.2254723827430055e-05,0.2556793242403855,0.2528802076596694,103
1.7032466173710705,0.16742996876984784,0.01017137596597233,0.013829931229118148,2.4753958788735758e-05,0.2549753350428625,0.2521721283942165,104
1.6939236788731196,0.16093214779160944,0.010139934124129016,0.014069581163082432,3.397930143101444e-05,0.25582917673698563,0.25323619013011844,105
1.6782003785097181,0.16011830029864835,0.00929537646586011,0.01403293270123679,5.4984151699426195e-05,0.2574151299179061,0.25487241590992626,106
1.7458847154002894,0.16577705242427496,0.013192827927546613,0.013991994564571102,2.7229039848256744e-05,0.2552181452498236,0.2525592434528337,107
1.7376226011189657,0.15850644665948163,0.012928620568891831,0.014044364787471914,1.4702329520555244e-05,0.25383436168358636,0.25118037485490086,108
1.6938414393195176,0.15278362369945228,0.01045751914508767,0.014189266628195642,1.6442161453941995e-05,0.2540548935194333,0.25151896355776965,109
1.698952525434136,0.15840220050288376,0.010706579046441426,0.01422817898120826,3.735949709723091e-05,0.2561122415771328,0.25364801143432186,110
1.70591588314179,0.16904176927135955,0.010641943933066833,0.014196413171949931,8.155284987247935e-05,0.2590306616519765,0.25659314659200033,111
1.672269275852827,0.1537096767491345,0.009441000702253684,0.014167532167992854,9.646259571245603e-05,0.2598215373395643,0.2574364110873118,112
1.7272637935077977,0.14899007915874057,0.012651695932045948,0.01443824619068478,5.184606981229753e-06,0.25227697320608516,0.2498787546227386,113
1.7158013914955441,0.14879360160865182,0.01069854312311183,0.014466969542155617,4.55829006776625e-06,0.24786498476170163,0.24538291053463376,114
1.700783265307082,0.16350369476281176,0.009777454579186655,0.014330489918447795,3.240599450286609e-06,0.2518001665062673,0.24925140660641873,115
1.6998060504539338,0.16206229206798559,0.010701399028440136,0.014235836191457516,0.00010658736071681429,0.2603241154931943,0.2578873841563716,116
1.699981369403175,0.14237796712590747,0.011739349632795323,0.014356394127688544,0.00021569345309790556,0.2646865058164938,0.26244998479165715,117
1.6850162551737027,0.14184416005230058,0.011114296078987132,0.014560846771367035,7.990708278969023e-05,0.2589390761709301,0.25671541354777344,118
1.6745551621413917,0.152403811487565,0.008469655006243772,0.014648136410504005,1.3756146883956273e-07,0.2503708927996599,0.24798502179004245,119
1.6673545196233528,0.15072485706000704,0.00826882454481101,0.014623455649056774,1.249196649180215e-06,0.2511176746615989,0.2486630537937019,120
1.67924657437458,0.13980110057535222,0.010839303085581307,0.01454213252268108,9.664585500168623e-05,0.2598308623732451,0.25747349709359685,121
1.6711661081697355,0.14023278329750002,0.010104638035189486,0.01449427560777497,0.00017760724541987952,0.2633269368355928,0.2610206119218781,122
1.6809382046070938,0.15686633539854242,0.009694602607649335,0.014704768856797763,4.366663617314273e-05,0.25660807355990706,0.2543043282092594,123
1.6682217956840095,0.14955854063843613,0.008507646721627007,0.014921123664006414,1.7313568429332956e-06,0.25131581033699135,0.2490762077259574,124
1.684140004133027,0.138249413545849,0.0107409124191713,0.014949278634279577,1.0937131131697335e-05,0.2533071333707151,0.251105568350409,125
1.6661795323260793,0.13653855961125463,0.010127243262379404,0.014718322851422308,5.4212144992114454e-05,0.2573628897175032,0.25507614211897545,126
1.6716764695237303,0.15186594120568894,0.009524465720731463,0.01459793208551632,8.417655692626135e-05,0.2591747783039298,0.25681038370515286,127
1.65788667022943,0.14865900651905237,0.008836266459495666,0.014799254468980654,7.03954430518431e-05,0.2583901992259924,0.2561726491954205,128
1.6680881550847508,0.13458516305660356,0.010348534643466233,0.015096115747471222,3.746207708251493e-05,0.2561206271804869,0.25408990788463537,129
1.654005782874057,0.1341632077691643,0.009138206938888397,0.015063962864254146,1.5229260468441474e-05,0.2539024685096028,0.25182770649561365,130
1.6742143675708618,0.14887391672701997,0.009578762012563873,0.014882188786741544,2.1924403576683237e-05,0.25468235021935387,0.25244303930840334,131
1.664106555036897,0.1462322787168991,0.00938432088917478,0.014860329494404237,6.056975715657211e-05,0.25778265746108436,0.2555616456672815,132
1.6554068558965025,0.1313360551479619,0.00989146206024347,0.015020967890184764,9.652604809657147e-05,0.25982476707594493,0.2577715877168763,133
1.647195097420569,0.1315666519481289,0.009232836991579067,0.01509408920422167,4.847850779994426e-05,0.2569626509175704,0.25494059834347366,134
1.6572457669502976,0.14451409327658551,0.008602921060631919,0.015126209451647638,1.253341100921777e-05,0.2535402557830216,0.2514616888182674,135
1.6465173674645244,0.1383217389363124,0.008479375889925119,0.015189332505623888,2.1124179976074005e-05,0.25459610487000395,0.2525716572346648,136
1.652147232432914,0.12859751255144045,0.009858859978258234,0.015217725197277073,7.1120196635913e-05,0.2584332791152619,0.25647582100798244,137
1.6438176420518973,0.12922541457843265,0.009256428580931193,0.015072543530082595,7.957948090123946e-05,0.2589207332042405,0.2568879703602047,138
1.6491452117607888,0.14432626332426707,0.008416369305983851,0.01511677734613671,3.6770780176038596e-05,0.25606389150430964,0.2539792301252488,139
1.6388004170660033,0.13613119609421687,0.008210382431045583,0.01531593326685539,2.695565024348913e-05,0.255191883111501,0.25324546470247183,140
1.6462755489022183,0.12621405917711712,0.009564157679472229,0.015448506067997135,4.582535081552755e-05,0.25676944243018046,0.2549466803930874,141
1.6350005125002176,0.12629256012841253,0.008803432779394015,0.015276432707050619,4.9033520707283826e-05,0.25700239392688556,0.25509349972312206,142
1.6411966673025966,0.1411178795176587,0.00813284530743895,0.015222142113685616,3.8719951215120254e-05,0.25622253575442683,0.2542034499258341,143
1.6320284286024513,0.13421553689055904,0.008086092455241283,0.015363613924125058,5.164458004058965e-05,0.2571864163559169,0.2552623133370671,144
1.6357849519501526,0.12350927403199052,0.009131620570632536,0.015479189161201473,6.545393719199882e-05,0.2580903607578401,0.2562823170484746,145
1.6269631587706426,0.12432932859642626,0.008341217480350844,0.015383242785525015,3.837849028761679e-05,0.25619503755336615,0.2543332089307079,146
1.635380307728338,0.13599910926807468,0.00794068333260376,0.015441946655442334,2.231516261011902e-05,0.2547238927390574,0.25282053960244216,147
1.626508817079393,0.1304617064694856,0.00795797855905098,0.015542544547364746,4.5115984440490745e-05,0.25671684333898676,0.2548917484903524,148
1.6308201080740443,0.12116328043154564,0.008995058017625561,0.015496665250425404,8.510721399604126e-05,0.25922535712024425,0.25743873107677073,149
1.6240219704925736,0.12255799897597316,0.008380492783566668,0.015409151979156684,5.8772884039025055e-05,0.2576663475031481,0.25582270470876817,150
1.6257128751653447,0.13050985660496797,0.007665729530708506,0.015596240532863704,2.1161353579659542e-05,0.25460014712587103,0.2527777708056545,151
1.6198831239513152,0.12615209899059113,0.0076970927796357344,0.01574300485061252,2.9075276133230233e-05,0.2553921494909943,0.2536723391826577,152
1.6235480504519173,0.11923598776907082,0.00864393362353167,0.015581276188023015,7.476647239847381e-05,0.25864676080381976,0.2569279404640338,153
1.6173275152000186,0.12081066732028665,0.008111466968694431,0.015468776348643822,7.573156121848337e-05,0.2587023882479744,0.25692681193150835,154
1.6221940475097374,0.12626606980839897,0.007879345502669628,0.015715114603731088,3.290986017574779e-05,0.25573671161692374,0.2540029402497961,155
1.6165481200610796,0.12315686580134205,0.007641969597836313,0.015833360088027344,2.5234043541793946e-05,0.25502334983271063,0.25335523020812284,156
1.6169166673225142,0.11766542581320157,0.00825762177753345,0.01564931082105664,5.403690771416942e-05,0.25735098005127,0.25567806648397884,157
1.6100581036583155,0.11800144445048336,0.00783427203936407,0.015609285522401045,7.208960927964503e-05,0.2584905600097782,0.2568191522246545,158
1.619318928738042,0.12288196939817544,0.008043616907684093,0.01585022425063587,4.6381243901672454e-05,0.25681037766219117,0.2551884131151294,159
1.6115778102404645,0.12145067479342682,0.007530993277652515,0.01587947483975025,3.3811126867046645e-05,0.25581473360241436,0.254197087972651,160
1.6105669061959418,0.11622080230960151,0.007908259168829247,0.015694575800121787,4.7707644952243896e-05,0.256907072096934,0.2552695758369843,161
1.6024376173665218,0.11485502003884682,0.00752618192612583,0.015754668437719842,5.99067212354849e-05,0.2577399432320583,0.2561582584668898,162
1.6136684535736867,0.12029978468230249,0.00786711181080469,0.015967698804448077,4.696628877039852e-05,0.25685319551526137,0.25532717584157166,163
1.6052657592574142,0.12017860215187617,0.007287448618286281,0.015928182899739202,4.327218530854475e-05,0.25657815972051035,0.2550326273733169,164
1.603044023733201,0.113804217964577,0.007625692339433031,0.015765303952904985,5.5892164232056224e-05,0.257476106221293,0.2559106809292466,165
1.5957773172530396,0.11211752698424014,0.007256779230998986,0.015867667239959252,5.332030173555083e-05,0.257302075166386,0.2557922335895312,166
1.6062197650572774,0.11861774193637199,0.007436898991281764,0.016038807506186598,3.803390925958364e-05,0.2561671637938021,0.25469740703133925,167
1.598882899249175,0.11823894411012598,0.007033590344162128,0.01599920149785899,4.6674763620181384e-05,0.2568318931212499,0.255369351286569,168
1.5967305072444453,0.11068915043341544,0.0074850306267924705,0.015875956392861726,7.015244633745619e-05,0.258375705721756,0.25692256787561063,169
1.5909077088585548,0.11001970306557998,0.007086113462946566,0.01593033629842158,5.254743790786764e-05,0.25724896116059864,0.2558076739310542,170
1.5991915713981597,0.11686849831791815,0.007026623371009517,0.016088884719205405,3.0284007128173662e-05,0.25550309068871063,0.2540810842454388,171
1.593212671037147,0.11514610011602927,0.006881308419119207,0.016088695378927795,4.644851698216005e-05,0.25681531488503356,0.25543381224225215,172
1.5905343528296767,0.10800220341093655,0.0072920500261304,0.015963077236823907,8.07124838941264e-05,0.258984012683324,0.2576251741690574,173
1.585379438041389,0.10818717314107872,0.0068627955743966315,0.015971404163593838,5.388647324840743e-05,0.2573407406471287,0.25596526342266596,174
1.5932480852662192,0.11410585243814031,0.006801778837515728,0.016168471257952427,2.7492816740891333e-05,0.25524335929923664,0.25389158101920895,175
1.587324969089191,0.11178853538772057,0.006728026109169038,0.016174147320620613,4.582926084823152e-05,0.25676973122422386,0.2554622508369756,176
1.5857459678456371,0.10601984223979524,0.007123673038059612,0.015998788367317218,8.423858261802583e-05,0.25917815790984366,0.2578796821436798,177
1.580324154898542,0.10596680783905109,0.0067045223358606874,0.016034395594815985,5.6660098248900196e-05,0.25752729023280624,0.2562261567079127,178
1.5876704345924828,0.11099438569314563,0.006659214665180645,0.01626486840364873,2.7497654256140683e-05,0.2552438205781797,0.25397627352851043,179
1.5810214190896719,0.10933782798029955,0.006483336653215847,0.016229282784603113,4.514762290676105e-05,0.25671919808509625,0.25547475138411746,180
1.5813878743878473,0.10401053208011454,0.006983477112729076,0.016032362602869884,8.650417523004728e-05,0.2593007620779185,0.2580604337103405,181
1.5753333318126725,0.1033142814159104,0.0065787394450443374,0.01611186159865653,5.936106070885042e-05,0.2577046129499703,0.25648139735791053,182
1.5809385124499462,0.10868877128328563,0.0063701842646489565,0.016323784869181342,2.6547481184789996e-05,0.25515242478691247,0.25395183181078607,183
1.574286405107307,0.107140547807669,0.006205098611026895,0.016272155168824753,4.6478613744553075e-05,0.25681752255181844,0.25563639787322406,184
1.5766991953406224,0.10138023470660676,0.0068676409572948575,0.016104823487928403,9.208614329384582e-05,0.2595961525255618,0.2584325440573082,185
1.5708581888584983,0.10108663253259222,0.00644135800006942,0.01616579626988927,5.8399250696769545e-05,0.25764194024425535,0.2564806553620425,186
1.5745143958346068,0.10672102040239664,0.006068793215075139,0.01636261704243662,2.505617711864899e-05,0.255005614559537,0.253860214032038,187
1.5686230366746274,0.10433690311038506,0.006059779671413718,0.016333807168063336,5.1353616945114476e-05,0.2571661437988024,0.2560606170357689,188
1.5716416854824717,0.09901172298009835,0.006706211369205092,0.016160104774184024,9.570908416873696e-05,0.2597831019706807,0.2586897981877723,189
1.5659107331594384,0.09909546145525985,0.006240617092984653,0.016205546509407885,5.4002932720719246e-05,0.2573486687720103,0.2562416905098181,190
1.5692938682955146,0.10400007632202438,0.005924833788762468,0.016424765402682586,2.5477206698307945e-05,0.2550474950914595,0.2539687681209977,191
1.5633145680406633,0.10175354632475285,0.005922826800915178,0.016383491776141085,5.761963932834639e-05,0.2575907601284948,0.25655441449901434,192
1.5667970063219423,0.09697488414499965,0.006534288074999312,0.016197122645337774,9.572498149931358e-05,0.2597839144262056,0.2587503465281383,193
1.5606939860500562,0.09673566194310383,0.0060468702392634235,0.0162732580454274,4.976137414734169e-05,0.2570541742356807,0.25601265744197266,194
1.5641034239584686,0.10142812932814947,0.0057809645980134005,0.016475131918135107,2.6620361640331643e-05,0.2551594923820403,0.25414448282697016,195
1.5580717674283258,0.09950524304380029,0.005761569913398013,0.0164119222618498,6.4508497708075e-05,0.258031718228877,0.257056446701257,196
1.56127802574329,0.09459885593872791,0.006342306286672469,0.01625962724887855,9.526950116130493e-05,0.25976060967159864,0.2587956994716847,197
1.5553610061284784,0.09455397850716299,0.005819241476617052,0.01633428213331352,4.390691404092398e-05,0.2566262292475377,0.25564655722510127,198
1.558982535887199,0.09914870338404279,0.005637956650170718,0.016507337484888484,2.9302844455165406e-05,0.25541321018021335,0.25445841749338666,199
1.5531323562461328,0.0967790434348533,0.005653854169102064,0.016455971281142113,7.448988646422021e-05,0.2586307523695342,0.2577246467195152,200
1.556060720848751,0.09247463895348894,0.006149914080179562,0.016311253140985606,8.82964428541573e-05,0.259396618692602,0.25848924145069047,201
1.5500907899633194,0.0925019753175672,0.005575429118976709,0.01638509161502931,3.777644792295382e-05,0.2561462547883206,0.2552218748922246,202
1.554327304083062,0.096275345583229,0.0056102770951861804,0.01655155496851279,3.7059704642578274e-05,0.25608766824347207,0.2552026184504576,203
1.5479786556559132,0.09437839350805055,0.005496847422633559,0.016488311257667622,8.366517292368072e-05,0.2591468668364463,0.25830123066826627,204
1.5513224392414808,0.09043393042861879,0.005971257083083287,0.016366571791078213,7.578317158851045e-05,0.2587053530421523,0.25784839800849163,205
1.544929169705435,0.09023952870631384,0.005367989870799048,0.01644552652463438,3.4299683719948684e-05,0.25585659318375015,0.25499105926118326,206
1.5494894973869073,0.09375986397820965,0.005544001998781593,0.016573625649377567,4.783646188325402e-05,0.2569163908133689,0.25609349732773423,207
1.5429001824271087,0.09197892654634965,0.00533701757427117,0.01653385229574115,9.053395647462579e-05,0.25951493334052456,0.25872976044190477,208
1.5463954204505872,0.08833768786573454,0.00576356447608674,0.016433777734488737,6.195813111385756e-05,0.25787134874807727,0.25706408932186453,209
1.5395128988148332,0.08816503090349474,0.005144676108940717,0.01648438474066042,3.279479847443093e-05,0.25572667429442525,0.2549127942420563,210
1.5451590243862967,0.09100650535065981,0.005519766215911782,0.016609045139579063,6.320052882048891e-05,0.2579498760254792,0.2571940686385459,211
1.5380624255134576,0.08987220769658986,0.005169035944436853,0.01658590269360985,9.153327549916795e-05,0.2595673024149531,0.25883684391773026,212
1.5409647336554548,0.0863474864266849,0.005496064474122473,0.016490773569566932,4.9785477318457015e-05,0.2570558824620636,0.256293075525505,213
1.5336422717856422,0.08588384711535255,0.004947132381154291,0.016529633681921427,3.579247589354374e-05,0.2559826813297671,0.2552260534820191,214
1.5404517020606685,0.08874048249140759,0.005400478141112951,0.016641856596928954,7.626598229418184e-05,0.2587330396938398,0.25803565350008445,215
1.5331611661639426,0.08777202220015959,0.004994376558507776,0.016649624746980136,8.775108268683341e-05,0.25936755478696727,0.25868880790763704,216
1.5351786109641972,0.08420972949611906,0.005223898957565857,0.016545547833145755,4.277497495196193e-05,0.25654025801876057,0.25582357982026094,217
1.5280576364396663,0.08373865879379834,0.004770205218242407,0.01656115466397142,4.079557898165304e-05,0.25638714169105814,0.25568275633697835,218
1.5352658285824916,0.08645798137850952,0.005231029543757436,0.016702666501904728,8.509286594090566e-05,0.2592245794452054,0.25858589220008127,219
1.5281039034546047,0.0857819089516846,0.0047966399766683114,0.01670955818459541,8.110147993211161e-05,0.25900563600930615,0.2583718832076166,220
1.5295424892889982,0.08205601028405754,0.004989170089521393,0.016590664071497667,4.068087339285018e-05,0.25637815595551333,0.2557071777115802,221
1.5229791617372652,0.08153610292390055,0.004627545657186808,0.016607988468479485,4.630203760154508e-05,0.2568045600593679,0.2561535767158129,222
1.5299430055272947,0.08463114369885483,0.005011065020421216,0.01676477440133005,8.649537877926146e-05,0.25930028917718484,0.25871008048965116,223
1.5235664126626094,0.0834444792769035,0.004658127578923012,0.016774609511145535,7.787495990433985e-05,0.25882467902557027,0.2582376431533229,224
1.5241284603052074,0.07995774725094137,0.004781590890418196,0.016630955424340576,4.097357213814143e-05,0.25640106023547204,0.25577434611711897,225
1.5183041224682285,0.07940515704418977,0.004487220115931259,0.016663217643993235,4.933575411971972e-05,0.2570239414946111,0.2564223602236156,226
1.5249677137837159,0.0825603228638327,0.004829973692443,0.016834593436648667,8.791914874200353e-05,0.2593765211428335,0.2588333501049881,227
1.519210957203272,0.08112796574500618,0.004530374519016382,0.016829355952954136,7.622685434312905e-05,0.2587307991812393,0.2581849046186049,228
1.5189765740370382,0.07783992535101925,0.004590322923427156,0.016688518022406975,4.091448495588658e-05,0.2563964431488044,0.2558142785916584,229
1.513778185528732,0.07735513830777345,0.0043458914399202575,0.01672252476623494,5.181675121277798e-05,0.25719838531983236,0.2566417428736018,230
1.52021996422473,0.08022157394832546,0.004681073012362242,0.016898081387037106,9.164344547756935e-05,0.2595730583137036,0.2590725086167651,231
1.5145980030210164,0.07875018527922185,0.0043847004948588475,0.016886735902825745,7.267004885620956e-05,0.25852467294716985,0.25801495762652166,232
1.5146871372486839,0.0757864630229299,0.004442749341206297,0.01675456925835789,3.967169208036491e-05,0.25629854682290804,0.2557572654779962,233
1.5097333877207062,0.07529744944451378,0.004249257894700179,0.016782522557878956,5.7739311220038785e-05,0.2575986387741515,0.2570848794485271,234
1.515179250139914,0.07780264845217538,0.004515035569203083,0.016956303728077632,9.233683081508569e-05,0.25960920552465633,0.25914319988634016,235
1.5095777016084493,0.07643062273005735,0.004195367041418631,0.01695513976927074,6.50682950082168e-05,0.2580664921129458,0.25758797204810124,236
1.5110168723517368,0.07375133020476037,0.004363294319402345,0.016820068807404137,4.2433845360038574e-05,0.25651412659993944,0.25601290781758346,237
1.5061063677196127,0.07327266869386014,0.004178378761448933,0.016839734433164454,6.600549555183113e-05,0.25812437662542986,0.25764986108181476,238
1.5099222327651483,0.07544662342869811,0.004325708588292184,0.01702441345011043,8.442084815250405e-05,0.2591880818538204,0.25874992175028694,239
1.5046402730865833,0.07425889759217905,0.00399768844193907,0.017025652476870788,5.853165617329191e-05,0.2576505984192932,0.25720102167071596,240
1.5071672398780542,0.07169300720936647,0.004311085289869239,0.016881908460215807,5.258646813170676e-05,0.2572516527862072,0.25679286151138747,241
1.5024644571517778,0.0713708287660795,0.004079632469176886,0.016900731172214398,6.970700313541977e-05,0.25834907199246837,0.2579082243562651,242
1.5051669224723359,0.07315388457997372,0.004153435201866342,0.01710494374722997,7.262204967509325e-05,0.25852185717288745,0.2581096988186643,243
1.5003817348162038,0.07222766364770351,0.0038583315029028053,0.017083471032876094,5.900030220567238e-05,0.2576811654197571,0.2572611055620435,244
1.5029435969471332,0.06962012984642899,0.004220949883747341,0.01695919229671663,6.407254903408114e-05,0.2580045330303573,0.25759013790081214,245
1.4990499051387662,0.06976452922363778,0.0039524523079310404,0.016957799130326596,6.450242761869974e-05,0.2580313403376211,0.2576150061715634,246
1.5014612444763316,0.07053712502581577,0.004085565760908181,0.01719722587383945,7.059388511587315e-05,0.2584020167290879,0.2580244967358913,247
1.4987146951603967,0.07101685744761782,0.003836660403509368,0.01710962475223576,6.009275479714934e-05,0.2577519516766521,0.25735141460584476,248
1.4982184539469636,0.067538554725118,0.004076863815786539,0.017104000203366623,7.21583111492783e-05,0.25849460482596326,0.25813338832401195,249
1.50225218027482,0.06966099564326075,0.004134889957281314,0.01696447066673248,5.3629741543983523e-05,0.2573232329980674,0.2569091940849322,250
1.495750822185848,0.06750941634032509,0.003934390600336877,0.017294506710892426,8.167334048107309e-05,0.25903733038463644,0.2587055318781135,251
1.511641150670854,0.07257741905381239,0.004546673733844439,0.01707959703613797,4.941434862469102e-05,0.2570295340261422,0.2566182405809817,252
1.479478299715834,0.06554463042812597,0.0029644143689868943,0.017220083828037566,7.075711981767469e-05,0.2584117251392134,0.2580779074361338,253
1.5421682424996603,0.07649929996832745,0.006268568827979105,0.016967196620974696,4.246952060006107e-05,0.25651686432266785,0.2560616102293556,254
1.4757720357831383,0.06545336974697309,0.002728655063260786,0.017218224913321766,7.658865015295084e-05,0.2587514941668809,0.258399382225405,255
1.5577378827715396,0.06610590989237465,0.007985053506705829,0.01744076958600422,3.425521793039711e-05,0.2558527957362612,0.2555921644978417,256
1.5227569369749847,0.0648070577090584,0.005705048720314808,0.017381062394502725,3.088971934327018e-05,0.25555785204402476,0.2552871414887594,257
1.5012594013479472,0.06638208134287732,0.004380030224246562,0.017287576681803616,9.001904371449582e-05,0.2594878366192982,0.25915025095407884,258
1.4989249581389437,0.06471047675655767,0.004316893200934156,0.017222642763653772,0.00010964526128022785,0.26047116332029197,0.26009473582774945,259
1.4943174984024605,0.06291083509995778,0.0040242612754688,0.01733277500805677,4.300914363161122e-05,0.25655813568261676,0.25624703975461394,260
1.4918905429919238,0.06233620680072328,0.003986655274388542,0.017606947333577597,5.4144576053140954e-05,0.25735829980723407,0.25715297669838216,261
1.5066930999151291,0.06918903264004396,0.0045344404932865226,0.017235224824690108,7.262875412024165e-05,0.25852225053141725,0.2581695649910951,262
1.4994315611845461,0.06251945270539827,0.004490569918217403,0.017305801496047615,0.00012006900520322378,0.2609576003396375,0.26061453552460717,263
1.475060134469124,0.06062326869446617,0.0029298374518893352,0.017395295086534205,4.971290204575387e-05,0.2570507376951461,0.2567337023439434,264
1.5071458696014033,0.06742422090829268,0.004706067824498689,0.017724715648278093,6.562856336341161e-05,0.25810114580558896,0.25790668234307607,265
1.4915753732572072,0.06200094227273422,0.004059323273642288,0.01772665730616905,0.00010551868684409427,0.26027222891314705,0.26008859413256075,266
1.5022101499037757,0.06251090546801824,0.0045384595947497485,0.017091458486011065,4.229871429154738e-05,0.25650374617367155,0.2560590780594956,267
1.4918996309672339,0.06052936832176886,0.004061875273812734,0.017269999965610287,5.3798893703229425e-05,0.2573347729142237,0.25695410970319593,268
1.4913231059580463,0.06249804267448037,0.004017908111540644,0.017833619615539094,9.764753965060447e-05,0.2598816769655056,0.2597141292282007,269
1.4889304632006621,0.06305161434706978,0.0037876010468567214,0.01773746074496226,6.796111125963987e-05,0.2582438529377737,0.2580441743862553,270
1.4935224177793343,0.05979864384506238,0.004257193759842832,0.01743455222337858,6.067533377978038e-05,0.2577894373211279,0.25745819703412753,271
1.4948314368283007,0.06007637252335112,0.0042693032774301955,0.017228597290910475,5.1760445916561684e-05,0.25719447328972467,0.25677862685480785,272
1.4738586400296931,0.059527424159477524,0.0030445910714116424,0.017742586189387226,9.7442038004597e-05,0.259871273373005,0.2596747683729073,273
1.4660676291644212,0.05743832542200815,0.0025781880205073982,0.01778257859877208,5.059498017603833e-05,0.25711301484435667,0.2569208340625572,274
1.540825814412125,0.06265626052485093,0.007229616894262977,0.01711172871212825,0.00010198682561976478,0.26009885268828914,0.2596265919625678,275
1.5290987879539237,0.06063652226341072,0.006570575226638448,0.01720718006436192,0.00012015487111202395,0.2609615177376139,0.2605265021821148,276
1.4732583559619328,0.056780793211321096,0.0031049170357241107,0.01778404256186968,5.1384580182973755e-05,0.2571683038567693,0.2569749672341467,277
1.565670276803922,0.07029176041135639,0.00829619738743406,0.01787875181047038,3.806906532343005e-05,0.2561700133973461,0.2560284104529227,278
1.5222163115788219,0.06349738482374893,0.006020719181773626,0.0179405586871964,7.999849636957702e-05,0.2589441878541082,0.25883873780233985,279
1.5342111125961138,0.060026919582559304,0.007018106838644832,0.017956198677309312,0.0001228477727518026,0.26108367144730493,0.26093510330433467,280
1.5227426205319703,0.06019014637096825,0.006162909213752603,0.01754468187058995,5.8145331053075564e-05,0.25762530858739996,0.25726685022796486,281
1.559728276685831,0.06744256817703581,0.007855471745339222,0.01725890458449398,2.3874537265621588e-05,0.2548861577200927,0.2543980564336446,282
1.4936803466347988,0.0621049826925081,0.004158831683498035,0.017597480122861754,7.097347621269653e-05,0.25842457572894306,0.25816482185505973,283
1.6115828544044395,0.0638799893794488,0.011762889233632987,0.01840885024429675,0.00018352652138228765,0.26354719607085864,0.26350795320093445,284
1.6280127170028293,0.06607790440988646,0.012898077803524357,0.01852471910384821,0.00012150502825617226,0.26102293192649634,0.2609896000767384,285
1.4759504412503042,0.05473620445444945,0.0030955896034181017,0.017855991982003674,1.756840025338045e-05,0.2541914675536595,0.2540019633944025,286
1.5093822806765569,0.06058515519986114,0.005279640841142127,0.017371447375046215,9.753130641954464e-05,0.2598757939640084,0.25943055462524284,287
1.5250473412983259,0.05677145936610914,0.006344086105011011,0.017659463820258292,0.0001954276417253409,0.2639795436880229,0.2636364998545266,288
1.4748495232295225,0.05428068708264374,0.003427229500803885,0.017962015806161795,6.719334697591446e-05,0.2581971548098053,0.25798279431831267,289
1.58117894847878,0.06494987694524063,0.009208840496767567,0.01785212133680545,8.266623092305027e-06,0.2528751735760307,0.25269043747241104,290
1.6075896544283588,0.06321526460120289,0.01141908069436603,0.017929286732679392,2.3552855293018258e-05,0.25485312840269225,0.25473782517360083,291
1.4927687485931926,0.05309271010741294,0.004746387896158854,0.01816198011071019,0.00011741952180479959,0.260836028876152,0.2607673719532205,292
1.5035945680809655,0.05512646835492548,0.005259369911499129,0.01794175394203269,6.403375643822711e-05,0.258002109499265,0.25771202121385123,293
1.5500524653056866,0.062624190712011,0.007679484154124902,0.017535721819169393,4.101277059139308e-05,0.256404121375442,0.25584186046058416,294
1.47706944299734,0.05562130855586071,0.003472339694657196,0.017547557425690783,0.00010474550789573435,0.2602345252892225,0.25986967083584095,295
1.5805500753988024,0.05954263551482296,0.01018948478668155,0.01851200188074149,0.00010789422421524019,0.26038721445890284,0.26035762010180863,296
1.627235511351601,0.061307110482320584,0.013005454227641829,0.018785820369170644,3.485341496337309e-05,0.2559036780877156,0.25589816906560575,297
1.518429023303283,0.05668889014334074,0.005548489885882709,0.018194866179117943,6.8735347107469825e-06,0.25262174268583837,0.25251921484062917,298
1.5014992703729746,0.058928599529850655,0.0048769475847403095,0.017561600742458702,9.801457102138128e-05,0.25990023085697406,0.259506378481923,299
1.5677003687614763,0.05734269822099492,0.0088986320947535,0.01763434392947992,0.00024279382092117828,0.2655818426677071,0.2651457982735863,300
1.5445563845905657,0.05739086423992565,0.007849523196977133,0.01787317274195727,0.00011138166457963374,0.26055375120891305,0.2602035390944437,301
1.4655530505741168,0.052665394775026464,0.0022362610991284535,0.01796952338854424,6.31658931630541e-06,0.252513282577886,0.2522785150748505,302
1.4997327152369722,0.05300201527884002,0.00508239382871729,0.018137410095997303,0.00016875944570249928,0.26299074461693783,0.2629282585098695,303
1.475059963046905,0.0515618384167542,0.0036273448620536015,0.018303403457239558,0.00013564655686482978,0.26164674018190626,0.2615625829434686,304
1.4945284710372813,0.054459096211439004,0.0034572287225574172,0.017916477863608376,3.729608075043587e-08,0.2501931219323392,0.2497368033641447,305
1.4912310048508526,0.05392632626308272,0.004445855891279237,0.017665642085722483,6.160166534218247e-05,0.25784867283954316,0.2573155600745591,306
1.4925042150600665,0.049726607376453784,0.0040201377506472544,0.018094220400110873,0.00031963885438289925,0.2678784466434559,0.2677556665448149,307
1.5079269963391198,0.053550956643372984,0.0057264617626629054,0.01846973371027272,6.96224190156368e-05,0.2583440049745693,0.25829062924880086,308
1.4862525998204452,0.05352147549206994,0.0027808782488224085,0.018139315056838495,4.751788556847009e-07,0.24931066781905623,0.249061332143365,309
1.4738121149324117,0.051238560974226785,0.0035008152627351826,0.017731554118616648,6.851900064451152e-05,0.25827762046994857,0.2578158435010517,310
1.473672274719097,0.04886129999899203,0.0029137499533975746,0.01780574692190944,0.000298045592627302,0.26726399700611947,0.26696364867660427,311
1.4649719470552143,0.052488087810671075,0.002629881037645391,0.018222491897778775,2.5476181822133133e-05,0.2550473935671922,0.25485296186695533,312
1.4607137854422543,0.04948604003435787,0.0024417764184541417,0.018361653090630117,1.7863390673342253e-05,0.2542265104605741,0.254068923358984,313
1.4765636052797233,0.04929650414673932,0.0029721055651213846,0.017706624806333872,0.00031304418099495525,0.26769305459763676,0.26734140823522295,314
1.4717570339588926,0.05152048636446487,0.0033756361477646386,0.01780786893040675,9.624057034316228e-05,0.2598102278435907,0.25936938091559897,315
1.4795150031075908,0.04987826604808955,0.0029115149831884365,0.018517710229457085,1.9067879724170327e-07,0.2504366678339902,0.25031380203440873,316
1.488658748613319,0.04950784324999958,0.0046681514750687905,0.018376959059093218,5.5000782801032513e-05,0.2574162512633427,0.25736795594570033,317
1.4608193219253018,0.04903236611954543,0.0024346383650835275,0.017805596978654838,0.00023358460648325148,0.2652834749479054,0.26508681524113814,318
1.4955678129353212,0.05127668310832806,0.004706861105039144,0.01801177209098256,2.5921576395311107e-05,0.2550913236388302,0.25470670571692694,319
1.468228385341199,0.04976360571418337,0.002704624046580884,0.018070141223134252,1.0078273107933203e-05,0.25317462960169107,0.25283559898444835,320
1.4981795922780103,0.04968497628222595,0.00468375022186075,0.018047348873385344,0.0002746653921787933,0.2665730320755978,0.26648416866744584,321
1.5190209065252467,0.05034039183694782,0.006289182271122599,0.018412018147157313,0.00022943799011061882,0.2651472106379564,0.2651201128272571,322
1.4750574509526393,0.0489301454579645,0.002903243272428771,0.018603389076649865,1.8962568527629528e-06,0.25137704642360487,0.25124944316373454,323
1.4760959398762883,0.0495577885882171,0.0031170663655501626,0.018003195275264065,7.026053201396348e-06,0.2526506703305761,0.2522041412631935,324
1.494260222516284,0.04844548666112914,0.003933531594301986,0.017579726930079746,0.0003537628229385446,0.26880858375685274,0.26841594557047493,325
1.4551543217703324,0.045557591879926945,0.00210370310378402,0.01794920174216281,0.00026837258830658575,0.2663820813179091,0.26620016036533445,326
1.5132035008744438,0.04926457630187057,0.002969578473720122,0.018779805601554837,3.638889611353271e-05,0.24396767904422081,0.24384573514196195,327
1.5248442756462366,0.04903468725499691,0.0030236167307909163,0.018784018173302296,5.848135607934806e-05,0.24235268961795403,0.24223156086107864,328
1.4441596829816392,0.04526675334586182,0.0020233785237670976,0.01809049102002612,8.529663622453751e-05,0.2592356178041611,0.259080359439054,329
1.5347229134558673,0.0474320142816469,0.006040753496156898,0.017813078098530652,0.00044862833093327483,0.2711808482109021,0.2708743568573169,330
1.5460477305966318,0.049842040672241975,0.007551126628222375,0.0178605843247132,0.00031238288166263373,0.2676743566124098,0.2672404126676422,331
1.462796047396295,0.04795258726306482,0.0026931907283885923,0.01812608551686033,2.2238578328654968e-05,0.25471577971587467,0.25432790046342985,332
1.4921120657048867,0.046866082954958595,0.004744507030777786,0.018591071443277964,1.8642474395932295e-05,0.25431769317992053,0.2542443007301833,333
1.5160831512528326,0.04846136377723358,0.006639422584573304,0.018602833906077604,9.774076780571641e-05,0.2598863930634846,0.25986561833520244,334
1.4541185405197976,0.046534845457138874,0.002560410704763657,0.01814784629301984,0.00013145080896923003,0.26146519990969325,0.26131773221436866,335
1.5031405649990848,0.049218056880256926,0.005506958025998185,0.017865490152412643,4.764409663375763e-05,0.2569024703283504,0.2564209006364292,336
1.5122892489161728,0.05018712503918261,0.005903598995697349,0.017912434419019626,2.9695731563407173e-05,0.2554493790071353,0.25493348880625183,337
1.4439125118044966,0.04526625416998886,0.001983901978127708,0.018185002301730403,7.834268967010793e-05,0.2588511405858289,0.25863212231840504,338
1.4981396128000648,0.046604820511637196,0.005465820984592521,0.018627930119246218,0.00015166752827903922,0.26231533711593147,0.26228575516827646,339
1.4781457988220146,0.04672527650171706,0.004105140399951279,0.0186055944411817,4.6626237713384544e-05,0.2568283407730857,0.25675657146659997,340
1.4583641058698213,0.04603385831142032,0.0026057408573728082,0.01816744183742775,2.7994479438050384e-05,0.25529098095234243,0.2549274987727391,341
1.4920622285051663,0.047462281309250134,0.004828701044797504,0.017947874049883288,0.00017395025270531102,0.2631890201571349,0.2627584672299133,342
1.4467886908614531,0.044657735541739865,0.0021484233401200077,0.01809043180248813,0.00013958582592247544,0.26181464455337,0.2615522645559422,343
1.502793906152047,0.048618547496909456,0.0047006116338955805,0.01881675961508968,9.746760468843105e-07,0.25098725682924167,0.25093276067990455,344
1.5326917027571414,0.048015269144611655,0.0069403312053700076,0.01896215285319814,3.3993309568343603e-06,0.2518437274627326,0.25183448834636357,345
1.4642426613153479,0.042813138699550675,0.0035269301145519055,0.018376372085211607,0.00012262088975846646,0.2610734317064976,0.26102975262699873,346
1.4738158765283338,0.04611274263229206,0.003809363159342803,0.01781253735322019,0.00014893253848119982,0.2622037919713997,0.26186563802353063,347
1.498147435174441,0.04745620971133523,0.005300079165810847,0.01806662891312315,4.582772818955343e-05,0.2567696180239031,0.2563631801790826,348
1.444372105901015,0.04376905339149704,0.0019753773692254783,0.018407056924423966,3.9141203206875694e-05,0.2562562930883132,0.25608064926647883,349
1.5155214298950157,0.04668466178929951,0.0066113319010506315,0.018468082453319493,0.00015388900525209375,0.26240520073405077,0.2623689137260591,350
1.5434127236835813,0.04859291485793419,0.008294585613368304,0.018700533238613738,0.00017029559561054108,0.26304973546132415,0.2630411237425929,351
1.4656137746223181,0.04426257034474437,0.003497109308433654,0.01884708892259066,5.88922651066134e-05,0.25767412959928443,0.257634704580226,352
1.4680309176512785,0.04459145268536419,0.003234673113876781,0.018243070716074485,1.9502710077206633e-05,0.25441618727832127,0.25406985472137844,353
1.5059294840402468,0.0471876404580406,0.005906929102068657,0.017755635392383697,0.00011902493093414927,0.26090985476228484,0.26041375725926563,354
1.452419346978,0.04216281064679695,0.0025481431358914406,0.017962515283499247,0.00018424117946775243,0.2635735470481283,0.2633356035184323,355
1.480954477386136,0.044247000073363456,0.004168380125561643,0.018856375529671916,1.7693019724291883e-05,0.2542063071362291,0.25417311342418797,356
1.507024627788583,0.04605596085688896,0.005504420516729854,0.019028948985852834,6.5075963882557965e-06,0.25255099909609074,0.2525391508309123,357
1.4547363694378004,0.041589102663818364,0.0029965588393701097,0.01844404595398033,9.641152790337827e-05,0.2598189372084446,0.25975072080447587,358
1.4595663093072342,0.04269827991900731,0.0030337051988666803,0.018099673082236447,0.00017028496944194538,0.2630493283138231,0.2627798872587315,359
1.4802810049805688,0.04482810549036735,0.00417802770163298,0.01825858074797939,3.0363107832563883e-05,0.25551027293630396,0.25516723568237554,360
1.4342417341147788,0.04203015106597504,0.0013220525862804552,0.018400191853853932,2.8938444858976736e-05,0.25537944651976174,0.2551988381938601,361
1.5443123669222834,0.04201264933374512,0.007213585980609932,0.018585467623190046,0.00043502411341859,0.27085723168156767,0.2708476611178549,362
1.5899032845251235,0.04415940058767474,0.009854661799923049,0.018813407925932727,0.00046902461922359873,0.271656976225309,0.2716569632485335,363
1.4840605181552688,0.04594781845160056,0.004666591802382884,0.018945318490485922,8.228893047775733e-05,0.25907132462641247,0.259046583858452,364
1.494071476511808,0.04271236811724316,0.00343836450415086,0.01859178151856758,6.335530181954042e-06,0.24748295208985724,0.24718273432493257,365
1.5535852596702675,0.04796871388680741,0.007781275227462591,0.018083710880444893,3.9648417599493924e-08,0.25019911910405457,0.2495676219528032,366
1.533094218499817,0.04791615257541176,0.007582482353521865,0.017660728217322647,0.00014238177914935817,0.26193238363234095,0.2612912197707741,367
1.4764666994322408,0.040140712833064175,0.003523310281933052,0.017831411532752,0.00032324783725939704,0.26797909445048324,0.2676774542963474,368
1.469254108711369,0.04373488815443823,0.003806141648678214,0.018690895576665992,0.00011358446189045793,0.2606576011320774,0.2605881642414443,369
1.5097828517190341,0.044056060301778895,0.005325182922047237,0.019284755962571135,1.619270059305713e-07,0.2504024015481215,0.250350744205821,370
1.4674355279537539,0.041254459986672855,0.0028009591662173363,0.018944086791835842,8.842934455466782e-07,0.2509403687816738,0.2508042590821159,371
1.4550007761430703,0.0413503554981893,0.002836083612643179,0.018048853679909285,0.00016153059742026493,0.26270946880952406,0.2623859636958488,372
1.4745532146577873,0.04143477039903583,0.0036543457149366392,0.017930385097643938,0.0002644737254445257,0.2662626481682574,0.26592270413262675,373
1.4479068887029491,0.040507100339235706,0.0024978188230333283,0.018339083728528344,5.3781233256362216e-05,0.2573335689303614,0.25709793410752685,374
1.4574200229665093,0.040743092078675276,0.0025004700246410963,0.018675490100827984,6.005197953666283e-06,0.25245055054093285,0.25231557364508067,375
1.459335374428768,0.040589365251596225,0.0033601053849787134,0.018832475178504487,7.640880345048586e-05,0.2587412129278771,0.25868098338508455,376
1.454924664743329,0.04052082699605651,0.0028329251566413215,0.018682094059215497,0.00019055537986469972,0.263804179796884,0.2637106764466988,377
1.4491622839679188,0.040949788857971854,0.0026198291659873738,0.01832344652193506,9.122531410115818e-05,0.25955119438086977,0.25929408762800865,378
1.4689864848526613,0.04268010159588981,0.003518280492029003,0.018166028445403947,2.461292580945721e-05,0.2549611415832908,0.254681749815971,379
1.4516988788813983,0.04123341870824579,0.0026029816636013994,0.01839482776733883,3.4520112341654406e-05,0.25587538188900555,0.2557292338646364,380
1.4568254663674547,0.04036160218743749,0.003202817535988679,0.018780368306481242,0.00011726412086084631,0.2608288559349936,0.2607826169548135,381
1.4584375553746316,0.04246493571936672,0.0031249877058962955,0.018810601118601458,0.00013773541864953973,0.26173607339145166,0.2616759416351117,382
1.4369699228448247,0.038822500535893416,0.001941109853766552,0.01854273130067319,6.548194286939955e-05,0.25809209137796896,0.25793542450489726,383
1.4387033559932447,0.039956980293399724,0.00183545015757555,0.018467931230690866,3.7692711431435286e-05,0.25613943901602054,0.25594524231668536,384
1.4495381911150806,0.041237423858635894,0.0026493394514521436,0.01846622465379957,0.00010892298071033072,0.2604366173020922,0.26030762261281515,385
1.436300537320605,0.039111230063166545,0.0018193608770933347,0.01853182669657461,0.00015562970922081086,0.2624751636951509,0.2624001973219545,386
1.4626516285107352,0.040266965097551406,0.0032914174533335457,0.018759740451971426,2.402402625663764e-05,0.2549014310417099,0.2547914640709602,387
1.4588426049443366,0.03905329907421838,0.0027052062783698453,0.01881239711008125,6.0593161168889655e-06,0.25246156781683726,0.25230960313923406,388
1.438873003543781,0.040803158951290934,0.001966306570167289,0.018677644306008993,8.048392549064519e-05,0.25897128338035563,0.25883015273286325,389
1.4496156210518867,0.03737480727675632,0.00241967914897179,0.01842002768676931,0.0002468086604877502,0.2657101451453432,0.26561681853999763,390
1.4321640085577632,0.0390078676216329,0.001648506795922123,0.01837467136084035,8.735189465138882e-05,0.25934622355025755,0.25922003991150516,391
1.4671039368994854,0.04111997016425974,0.002741589502387569,0.018890090211187954,6.104503736672334e-07,0.25078131323658776,0.2506159902983195,392
1.448001984152442,0.04055318013604879,0.002154258356873907,0.019097521005961734,1.574321556032333e-05,0.2539677721154728,0.25383500633420863,393
1.4753339234260088,0.03840577781671955,0.003855185507302166,0.01860083125049819,0.0002839971487685,0.2668522149514092,0.26675933930690454,394
1.4697309565383958,0.036326729280947746,0.0034639164244704853,0.01819571503773215,0.0003086630396417955,0.2675688087143607,0.26744523105080764,395
1.4438001397736024,0.04046057294483739,0.0021827660068229377,0.018269767271851475,4.3374970487537855e-05,0.2565859676956039,0.25639178446567484,396
1.4576546290773018,0.03829213629510536,0.0025904348930979705,0.018766538189140505,4.1332339086199835e-06,0.2520330356387973,0.25188549101247754,397
1.436648182501776,0.03798482047316644,0.00195527612436591,0.01885184109013035,5.605918317765657e-05,0.2574872680717106,0.2573756355109528,398
1.4877990323660328,0.04084734613261547,0.004858155502883108,0.018421597919250333,0.00021951838582986912,0.2648161528687399,0.26466447703565793,399
1.4876071515435283,0.04066476862460891,0.004783882853412433,0.018398881332644487,0.00023443901739612927,0.26531140154904603,0.2651620568439743,400
1.4308616737116304,0.03659895005161813,0.0017180617515128965,0.018755302399784755,7.907879316107431e-05,0.2588926257742623,0.2587800215683795,401
1.442290632061024,0.03795047191847766,0.0015914109777010995,0.018728991211790932,4.2620858872717235e-06,0.2520644819900575,0.25190082359075366,402
1.4310697093004117,0.03807333887523797,0.0016268291715044343,0.018386481327967046,8.211665977969743e-05,0.2590618243074834,0.25890608217507405,403
1.4581279619602174,0.037008306727802254,0.0030677956637598235,0.018691602637010897,0.00023690804164528583,0.26539181736005485,0.2653185175745831,404
1.4337691478702228,0.03731532270982959,0.001865055828879521,0.01894534226626034,0.00011011378803638735,0.26049351171135704,0.2603973969340026,405
1.5089314102300486,0.044998975990635015,0.00529414223184704,0.018688726330401664,8.946532671579857e-07,0.2509458611246679,0.2507128999903785,406
1.5157858585014907,0.0455305330016762,0.005587364899880906,0.018499145413952672,1.922522737795518e-07,0.25043846581825674,0.25019331183754817,407
1.4430522386660942,0.03851049601624906,0.0023789669458529755,0.018422324904867286,6.723120751642509e-05,0.25819946385542525,0.25806891190906783,408
1.4753491839020803,0.0352476431065363,0.004291478912954011,0.01856653019700605,0.0002448744470712012,0.26564846468734876,0.2655734590009315,409
1.4770870781718237,0.039651714484175635,0.0044337142771623365,0.01882876789770662,0.00017320867351814344,0.2631608766242277,0.26305701314413255,410
1.4365942589565512,0.03757283504831612,0.0018026725583901435,0.019013688502839795,3.127193871572818e-05,0.25559213185786317,0.25542782039380846,411
1.4776191741594682,0.039733020948965636,0.004528202754115758,0.018894109898805928,4.795879937832707e-05,0.2569252291931984,0.2567979764957591,412
1.4503387769823344,0.038159815390000226,0.002919338718413764,0.018533396939018943,9.486808632036385e-05,0.2597400249650791,0.2596223742545667,413
1.4775590397307645,0.04160390013075073,0.004492254328135406,0.01835377480661925,0.00010306980644520572,0.2601523300993026,0.2599988332127256,414
1.4853972696862228,0.04007949884508756,0.005121935891300491,0.018532788273876232,9.548938840424085e-05,0.2597718671912916,0.2596287037349012,415
1.436495877318475,0.03585890402807534,0.0021432156054440508,0.018883350384526904,7.811980781473144e-05,0.2588385410455986,0.2587328390055062,416
1.4537682808864758,0.036432379748866706,0.0031348310591608674,0.018996868163243644,4.421471579090364e-05,0.25664941469536257,0.2565171816389685,417
1.4524959255533572,0.038028384184011034,0.003026303120606321,0.018796999148534478,6.393527949064043e-05,0.25799595394500496,0.2578480372531539,418
1.428205245232836,0.03500952818098304,0.0015926867883109751,0.018594748898283452,0.00013945390674202152,0.2618090603666008,0.26170873132760486,419
1.4476185383981546,0.03585196618126691,0.002855238780955138,0.018680166069743143,6.184289715909652e-05,0.25786402550600496,0.2577734460874899,420
1.4253246313146513,0.03462503958544049,0.0010991863553919665,0.018667374190677426,1.921800797649798e-05,0.2543838348482234,0.25424061476706555,421
1.441155534744048,0.03786986119838555,0.0020799044336936444,0.018670434753213786,0.0001922369169344822,0.26386495282842615,0.2637525000090369,422
1.4297740647313677,0.03428020332828241,0.0015234894728810688,0.0187708372307761,0.00020269909576611545,0.264237243264274,0.2641598112206941,423
1.4425254420960334,0.034569356921333436,0.0017185821235306158,0.018796490158968112,2.263870503230288e-06,0.25150461639736854,0.2513712030503194,424
1.4342230401708174,0.034294380345899156,0.0012824228447688856,0.018681479565932923,3.875406326380634e-06,0.25196860517280145,0.25182449782031974,425
1.4461745441611706,0.034503689289029235,0.002231837149045358,0.018540987286447704,0.00027409533388247627,0.2665558247720395,0.2664723726421755,426
1.4476020331054062,0.03489317802666058,0.001996600072487173,0.01856887646272756,0.00032362994981793223,0.2679897178915605,0.2678996666029707,427
1.4280792402989213,0.033819552780023555,0.0014590038876428353,0.018788767708008993,2.8282099654744222e-05,0.2553180917305688,0.2551718703743443,428
1.4416064532660438,0.03486235768246676,0.0018536019763729602,0.018954454707882214,6.334165658121951e-06,0.25251677683915796,0.2523936947198566,429
1.4194718827165038,0.03318155690795476,0.0011941377659505045,0.018690883164838506,9.322368967962222e-05,0.2596552415650579,0.259541801149263,430
1.464579475721215,0.0368978983980892,0.0037806839000390936,0.018484898735914922,0.00017097852829508136,0.26307587581369146,0.2629242262919703,431
1.445171664381394,0.034303148042792546,0.0027414353910319425,0.018598704080780078,0.0001464014366495693,0.26209964613736986,0.2619569932971133,432
1.4423478446380942,0.03464108294605851,0.002529587378883566,0.018950635126633954,4.951933864466393e-05,0.2570369978431618,0.2569302910759686,433
1.4455892742212695,0.03405403785051673,0.002495628083186691,0.018934939322855664,1.9337286305250983e-05,0.25439741814082434,0.25427830136500273,434
1.4344045779901844,0.0342006068599591,0.0020825728845943288,0.018632305308084702,6.493101109240163e-05,0.2580579781020056,0.2579250266728779,435
1.4398620886893603,0.03335517260730798,0.002338676722385756,0.018618855574428963,0.00018262708520084672,0.26351395890184837,0.26341926121548603,436
1.431123643317675,0.03355738264965636,0.001937210889904386,0.018783760919999403,0.00011129751201887016,0.2605497636001415,0.2604491075543267,437
1.4517446551541195,0.036125741259840694,0.0027331713828470895,0.018845352285524416,1.7635778428471218e-05,0.25419949740188885,0.25405835859341425,438
1.4446868893523699,0.0334536224449862,0.0025929449836349042,0.018819394534921704,2.7686394239728325e-05,0.2552617862214013,0.25515092777115617,439
1.4479583040475803,0.034364474094906276,0.002938141425095024,0.01878794188268812,0.00014803110010260036,0.2621668031997974,0.2621039119010079,440
1.4466463214915484,0.034186571162943734,0.002803662042499549,0.018716819892598074,0.00016498405594231406,0.26284461194206793,0.2627610475691189,441
1.4510655582684941,0.03849646011184527,0.0028461527598018853,0.018740762891580096,4.9241486215696006e-05,0.2570172278155762,0.2568840665762315,442
1.435136940613394,0.033033051127950665,0.002021584126821306,0.018809188303928442,3.094366540831475e-05,0.2555627030667037,0.2554598359821187,443
1.4691258003369452,0.03676411725898253,0.004264211493693696,0.018866100911361913,0.00011495302672031907,0.26072161493061186,0.26066923809474163,444
1.4450190480793719,0.03385380473780659,0.002785615992376966,0.01879217103203663,0.00014440560325541837,0.26201688825176545,0.2619508341812664,445
1.4647466291143314,0.0399863780864279,0.003705180665275772,0.0187656666408932,6.064109434454712e-05,0.25778723919913515,0.25764957583297093,446
1.4604518234925992,0.0396612305012043,0.0033684128097360337,0.018813670955282684,4.449521119603286e-05,0.2566704730863735,0.25654180266408744,447
1.431234459840553,0.032031338127131076,0.0020675118674395856,0.01882621490140133,9.024080204733983e-05,0.2594995158848933,0.25943748350834817,448
1.4271420782201236,0.0320127882692858,0.0017921841350774085,0.018720529849279667,9.184029750466653e-05,0.25958333436256226,0.259504567297315,449
1.4515455075341812,0.03722449543734875,0.0029423688549664803,0.018773999004853586,4.588782928280836e-05,0.2567740556008058,0.2566330131864701,450
1.432164495847481,0.03510093484907945,0.0018859587754538817,0.018891315768883934,6.812330723075704e-05,0.2582536844639686,0.2581424564443319,451
1.4681692911757336,0.0352400584528441,0.0042167915652507855,0.018905094897859583,0.00015296221215515835,0.26236778929943255,0.26232324339620605,452
1.463238020915214,0.03495973958458826,0.003980663468542346,0.018811365366206242,0.00012217213197921297,0.2610531503192173,0.26100084138766655,453
1.434658940176974,0.0329532177548018,0.002027105617179713,0.018710478674124252,3.492631665477582e-05,0.25590984912284365,0.2557851498062154,454
1.4338815542250498,0.035046494441269914,0.0019216409923160933,0.0188654003909325,4.704281213832965e-05,0.25685877628577647,0.2567384127049385,455
1.446755597580993,0.03251694954708155,0.0029473635021711616,0.018915055480378386,0.00015920966614634758,0.262617831277456,0.26255922708301127,456
1.4286090365410216,0.03134051054449179,0.0018620022399406717,0.018812067680998714,0.00014288362138882005,0.2619533937184726,0.26188250000712754,457
1.468412382616957,0.03646409970503349,0.0038458501402619206,0.018798878244850433,1.9231138327070866e-05,0.2543853321797865,0.25423056364139784,458
1.463999038613651,0.036475895107663574,0.003359015941706983,0.018882813662899442,1.0199899764389633e-05,0.2531937281920022,0.253043643333262,459
1.4250655608621334,0.030952292402553618,0.0017225804917763601,0.01892983080830906,8.417555599586682e-05,0.2591747237558341,0.2591024974900191,460
1.424607834567881,0.03044879014136051,0.001554928377946109,0.018749418842529283,0.0001731749913544337,0.263159596929786,0.2630790661573224,461
1.4457612037434204,0.03501222271211737,0.002690240936249429,0.0188206832017843,4.397077850369024e-05,0.25663104656171937,0.25648139129770103,462
1.424772245857254,0.03192042464544629,0.0013289573776902612,0.01897693715348128,2.4856702039707442e-05,0.25498564961060316,0.2548611200181354,463
1.477455350971542,0.035303131539647085,0.004802309791830703,0.01897245246386402,0.000161797335830168,0.26271995816935606,0.26267242583319844,464
1.4758413418981782,0.03430344163072635,0.004525641617950329,0.01884895236263362,0.00021871933286409564,0.2647891626829951,0.26474061758129136,465
1.41960174138624,0.031523445388958266,0.0013120339348299728,0.01873495333461177,9.233043277124692e-05,0.25960887260667176,0.2594909403317013,466
1.42716813551323,0.03170007489361652,0.001391219998325693,0.019054455156703693,1.7460799630746233e-05,0.2541786121656294,0.2540576070325917,467
1.4279868463323078,0.03112593709375939,0.0019005543907371903,0.019026962606427136,8.027841031223568e-05,0.258959822002263,0.2588816710724116,468
1.417437725179345,0.029743139932401443,0.0012126665991561833,0.01876575527378213,0.00014403337039330596,0.2620013903525094,0.26189861745088405,469
1.4291296304847874,0.0329382202777868,0.0016615756821544267,0.019015403814371803,3.487186959178566e-05,0.25590524085806715,0.2557942869809055,470
1.4162910316658301,0.029698490231664012,0.0011158926191852851,0.018986235140148487,4.704914163269382e-05,0.2568592376859746,0.25678042028126263,471
1.4419554284030522,0.02953813571571512,0.002717209892769815,0.018589615363126175,0.00018626807996987844,0.26364800644672615,0.2635495217452117,472
1.4309989599486015,0.029409575446609958,0.002056820385863444,0.01869791619319093,0.00016957793675195673,0.2630222093652328,0.2629149639850765,473
1.4319723334298147,0.03126767420354284,0.0019470042064294246,0.019268869679347676,3.247477436235105e-05,0.2556986642612415,0.25561565297231914,474
1.432842731972008,0.03055065199604167,0.0019463369298180764,0.019235679184354704,2.2967747406247544e-05,0.25479246777832126,0.2547224010235772,475
1.4209719637457934,0.02894631711661036,0.0015766355042853711,0.018692327176788544,0.00010856300560977202,0.2604193572551176,0.2603398705511797,476
1.416923153903992,0.028990127754619677,0.001261447702027601,0.018733480928455167,0.0001329432795094687,0.26153010318728626,0.2614468599307385,477
1.4417635279522618,0.03131377879354821,0.0025872640895825876,0.019357794716117538,3.1193613979465174e-05,0.25558512434771735,0.2555152175754705,478
1.435190905450312,0.03103984669897337,0.0020875013160105782,0.01938050069066539,2.43733175175917e-05,0.2549369340199755,0.254861737522598,479
1.422137906321259,0.02880676529512493,0.0016609159312887234,0.018808075938235178,0.00010801642714053719,0.2603930951665294,0.26030217038970754,480
1.4202429195709934,0.02856102060420473,0.001479663860669212,0.01872829137942749,0.00014661821413834928,0.26210860083322385,0.2620381840191454,481
1.4311098179536945,0.030241104514143427,0.002037802794624066,0.019213134064661092,4.138708750703379e-05,0.25643327968512436,0.25637793836109873,482
1.4240759061418875,0.03007413921606508,0.0014870331596820976,0.019218587282409678,3.069875555994251e-05,0.25554064577102187,0.2554739756150631,483
1.4295874160186821,0.028475204506747842,0.002148822686113769,0.018750508132455372,0.00012883241596513026,0.261350436818252,0.26126654776659025,484
1.4271767563040658,0.028255053482634653,0.0019390603001021994,0.01879429567742189,0.00015412316058495656,0.26241463493562966,0.26234113792732816,485
1.4220583106952336,0.02961097526442052,0.0015239184111310704,0.019277328489819116,4.948664959864391e-05,0.25703467480404346,0.25697762090813914,486
1.4179616169185614,0.02967799326553469,0.0011869524125200728,0.019203359857870018,3.996195286130897e-05,0.25632154671431834,0.25625921168768384,487
1.4335931584564747,0.028338420605802276,0.0023697527867538827,0.01869732208708195,0.0001520455213084487,0.2623306740005747,0.2622642739402094,488
1.4291550177542922,0.028068050311067155,0.0020900037015545068,0.018749963413091698,0.00015282840488828805,0.26236237860964823,0.2622985666841727,489
1.4201926869789303,0.029391954859217827,0.0013593241763154127,0.01928589976277425,4.060341186572431e-05,0.25637208065436434,0.25631069795734845,490
1.417440404322206,0.029385064375805715,0.0012014801736482635,0.019268423737045678,4.4502687730856356e-05,0.2566710334829662,0.2566073591132036,491
1.4318923891911797,0.027931855531391107,0.002237957886716979,0.018755026691854373,0.00016632946332285225,0.2628968780455912,0.26283585498197015,492
1.427515097526842,0.027772007384566245,0.002016203700145788,0.018771399700722606,0.00014788540611870436,0.2621608143690587,0.2621017384693988,493
1.4205152463454387,0.02915931138264847,0.0013308068976017875,0.01928313531446434,3.257689116461257e-05,0.25570761694270144,0.25564809425153945,494
1.4178626308706908,0.028895901985769232,0.0012672753437241772,0.019283310527131257,4.520279253114702e-05,0.2567233022043596,0.2566628724555732,495
1.429167504213515,0.027452425635456832,0.0020674854109563514,0.018803489611876497,0.0001718001779618068,0.26310725669092533,0.26304225262899844,496
1.4246138104740795,0.02733868918844638,0.001863645153103046,0.018844564897612173,0.00014275500972724147,0.2619480127940692,0.2618809158076472,497
1.4216935044475123,0.028951006409901895,0.00138113261708298,0.01936109979312289,2.8527917957000065e-05,0.2553411532422315,0.255280830946286,498
1.4188365346142133,0.028488254467707898,0.0013481791035206043,0.019317350131484678,4.315027485089885e-05,0.2565688868806594,0.25651486715007776,499
1.4262633259221444,0.027069479767069814,0.0019051572968364237,0.018802100054030223,0.00017044506898109744,0.2630554612703304,0.26299365017623144,500
1.421866246845346,0.0269619464357626,0.001716571162736058,0.01885830900521385,0.0001383466271652086,0.26176208430360914,0.26169339619735726,501
1.4232109942434812,0.028665635110773833,0.0014751188523600336,0.01941877974579583,2.630095744060189e-05,0.25512844590890865,0.2550676052342827,502
1.419956978970339,0.028236102305457197,0.0014108425753697586,0.019380166351926176,3.905674334097455e-05,0.2562495394503095,0.25619487001654534,503
1.4238587898851156,0.02674291968615628,0.0017808599920033784,0.0188322811676474,0.00016649460185312433,0.26290327872492586,0.26284244867647444,504
1.4197999721223542,0.026730781271751918,0.0015961152112409103,0.018882004988843216,0.00013804762089893193,0.2617493668297033,0.2616854546227545,505
1.424091122942603,0.028305784077127492,0.0015503605518106926,0.019457876480882683,2.5605368839951447e-05,0.25506017478353776,0.25500422195757616,506
1.4204831417814683,0.028007510894135414,0.0014340604797828174,0.01942687738431655,3.566457282055679e-05,0.2559719823191765,0.2559176567504948,507
1.4223192148500312,0.026364086794830047,0.001714417511181841,0.018868381895214524,0.000163262109958587,0.2627774062296926,0.26271615518583763,508
1.4184445831314583,0.02637469323888358,0.0015262846067008633,0.018914360513947865,0.00013966028839225634,0.2618177954116771,0.26175769074738175,509
1.4241580553776538,0.027960664220521517,0.0015712639227303793,0.01948302595247988,2.498958428338419e-05,0.25499895831982866,0.2549480227192297,510
1.4202010972515229,0.027705494461957626,0.0014184840315417887,0.01944332955036315,3.3638713018661e-05,0.2557998890522717,0.2557493199338782,511
1.4214694483959112,0.02606293925609854,0.0016775936291521742,0.018887945980217695,0.00016355722455417231,0.26278894931392616,0.26273093705024225,512
1.4176629720453173,0.02604938389896175,0.001490772970751825,0.01894942254048899,0.0001417442581532877,0.2619056397624524,0.2618472762394411,513
1.4235749319307764,0.027718519673217024,0.0015394834427729103,0.019520327116946293,2.4309560564143044e-05,0.25493047265119106,0.25487922699457266,514
1.4194303646523598,0.027431787081593346,0.0013822706317263885,0.019463743132759472,3.328611685550569e-05,0.25576941217590715,0.2557197368564409,515
1.421179815679053,0.025759258817840386,0.001667915139820335,0.018893700949411455,0.00016689150967910232,0.2629186496848201,0.26286442224834927,516
1.4173995816216016,0.025776941199833658,0.0014894164492583527,0.018958221925863886,0.00014267102403923645,0.261944497647002,0.26188823209970424,517
1.4225522805950357,0.02744537305689637,0.0014810855729112777,0.019544672254161524,2.3709148737864066e-05,0.25486920411749847,0.25481670308869125,518
1.4184001446284729,0.027132750125838906,0.0013431012609147592,0.019492012526563546,3.437578403849656e-05,0.2558630865624257,0.255812580892998,519
1.4211766141468642,0.025427723188465808,0.001672905139378948,0.01891076723408651,0.00017164867915967847,0.2631014762206279,0.2630481839103791,520
1.4174201516576777,0.025495965817312945,0.0015085497493320605,0.01896451223254328,0.00014306728602270273,0.26196107378217787,0.26190526153685206,521
1.4212829172872168,0.027107846548128235,0.0014151046323058174,0.019553657858910056,2.3428950839199917e-05,0.2548403461486964,0.2547877901522201,522
1.417189922858677,0.026767266967606694,0.001301907496651779,0.019505268167731165,3.611994484265922e-05,0.2560099870917215,0.255960060871002,523
1.4213516552408882,0.025123414673006928,0.0016879868716022572,0.01892609892446539,0.00017615942401472256,0.26327250632001065,0.26321917254274557,524
1.4175056413848903,0.025188168056396194,0.0015313259309903083,0.01898080370516025,0.00014423717002262445,0.2620098780186405,0.26195323482214217,525
1.4200476079991762,0.026751060387970642,0.001357122278657404,0.01956957457767112,2.3471201140293412e-05,0.25484470857124486,0.25479238514548175,526
1.4160059361105795,0.026391335307452066,0.0012593245236369567,0.0195119633719846,3.7465364158661696e-05,0.25612089569905105,0.2560723870281406,527
1.4215547102806243,0.02484586034772787,0.0017070145766381931,0.018929045350480102,0.00017960905202227986,0.26340183017435603,0.2633494714059573,528
1.4175621452870957,0.024905932651069308,0.001547717950680363,0.018992472205254393,0.0001464883797393117,0.26210323839884647,0.26204702563273535,529
1.4190012155018823,0.026407315381724077,0.001312082245495429,0.01959276803236076,2.3604469721539893e-05,0.25485844313762546,0.25480636408526003,530
1.4150292588830227,0.026075208207447315,0.0012191424341274969,0.0195293348238813,3.794785465072932e-05,0.256160183004646,0.2561121303738392,531
1.4215579179067872,0.024567255845507004,0.001714517537473534,0.018934519434529423,0.00018256098993455286,0.2635115132362942,0.26346047278000806,532
1.4174339830815241,0.024640032692863433,0.0015495098033676625,0.0189995601044117,0.00014921041991871408,0.2622151717105702,0.2621607574955323,533
1.4181871956301573,0.026086026780175388,0.0012770335591223499,0.01961268178081944,2.343673264656115e-05,0.2548411499301882,0.2547896612281679,534
1.4143105597758556,0.025794463899243184,0.001187791086004381,0.019552427416016774,3.768188438005234e-05,0.2561385571904196,0.2560905261418362,535
1.4212258354228269,0.02427081627292233,0.0017017312162332082,0.018949058719296502,0.0001852243857354252,0.26360971659276655,0.2635598868779825,536
1.4170213577668562,0.02435009708696109,0.0015356372302789748,0.019010607650477258,0.00015126325173011197,0.26229891262389127,0.26224616562467373,537
1.4176428541220112,0.025790876669424964,0.0012522338819309802,0.019628705105310198,2.283800216440298e-05,0.25477891223652444,0.2547280711886354,538
1.4138471920571394,0.02550544387851407,0.0011704802049610267,0.01957181053896355,3.6956105147366674e-05,0.2560791533248773,0.2560317572496564,539
1.420583333852265,0.023983207341767575,0.001671153026399343,0.01896746436101696,0.0001869947302348728,0.2636746016481239,0.26362610631591965,540
1.4163589569965729,0.024064911270495207,0.0015067284664695602,0.019030547762417156,0.0001525587611894081,0.2623514679771033,0.26229958802878106,541
1.4173208647986018,0.025529432352573052,0.0012403437528245576,0.01965199988493422,2.2287868369101176e-05,0.2547210028986542,0.2546703365210594,542
1.4135560710404886,0.025218787210359864,0.001162167297454153,0.019591591106848334,3.596778632411164e-05,0.25599731492620753,0.25595062944806524,543
1.4197904112422544,0.023709874643501105,0.0016369773069674813,0.018981017980461187,0.00018694458654720545,0.2636727680645583,0.26362547439772505,544
1.4155999309117884,0.023792819167357572,0.0014723035438069412,0.019046638889886894,0.00015324309260205508,0.26237913941282087,0.2623279795891124,545
1.4171048113198843,0.025277335360775564,0.0012402886171161526,0.019677289707305735,2.2119552009049964e-05,0.2547031427799983,0.2546526955958815,546
1.4133500360022553,0.024952277559370444,0.0011569654115492602,0.019616725653840407,3.488965528176091e-05,0.255906746590278,0.25586032394503455,547
1.4189595477385122,0.023443217046716324,0.0016057318769588209,0.018995820640968206,0.00018540629780528414,0.26361639812157694,0.2635697495522243,548
1.4148602652207432,0.02352880156403412,0.0014388521236525214,0.01905953443951115,0.00015386206540386743,0.2624041148577344,0.2623537729101756,549
1.4168551518105454,0.02502125668168712,0.0012436655419411774,0.019698980811027802,2.232033865294386e-05,0.25472444056507687,0.2546744642241737,550
1.4131196249212081,0.024701384841439716,0.0011495502064524012,0.01964330560535296,3.391000903361557e-05,0.25582323012026964,0.25577684452930716,551
1.4181605557417667,0.02318478885266388,0.0015780183288011025,0.01901570448859066,0.00018335058822307207,0.26354070117176626,0.26349456436352225,552
1.4141707844470202,0.023263735721038452,0.0014087632191440533,0.019074869395253182,0.0001545104757102583,0.26243022428237955,0.26238093688287606,553
1.4165227400355098,0.024766596388712366,0.0012439000756786058,0.019716246057206475,2.269182212566314e-05,0.254763593404738,0.25471430748980484,554
1.4128115271906363,0.024442161486701537,0.001139794776271388,0.019663323472306586,3.32009031325012e-05,0.2557620224862891,0.25571590357502233,555
1.4174411777774945,0.02293552117391681,0.0015548607036115015,0.019034469542906926,0.0001813138107543169,0.26346528168120953,0.2634198262734323,556
1.413557871615278,0.023009118729768616,0.0013835408615451793,0.01909300471528313,0.00015499818334350284,0.26244982663909433,0.26240151143987284,557
1.416100725711589,0.02452418546964165,0.001239760983537101,0.019735451663132113,2.3244165576962124e-05,0.2548212203410508,0.2547726322757548,558
1.4124225100346037,0.024178316322674514,0.0011292844036946497,0.019681519454981648,3.295784219382277e-05,0.2557408921078368,0.2556953987636011,559
1.4168174826940583,0.022695800177552728,0.0015376733250253992,0.01904957527351438,0.0001792002727092818,0.2633865706104768,0.2633419181738962,560
1.4130246622705498,0.022763955552316365,0.0013647465060888024,0.01910788678831753,0.0001549175846518865,0.2624465892778659,0.26239908550934454,561
1.4156172827746327,0.024277501741723682,0.0012346323144051747,0.0197540739681512,2.4017956807471588e-05,0.2549008118518743,0.2548530336016166,562
1.4119903913784624,0.023916745059687588,0.001120005604112475,0.01970110584700528,3.316480367048163e-05,0.2557588891003805,0.25571425441143136,563
1.41624616994062,0.022462287005503317,0.0015242709045841887,0.0190653918235954,0.00017686587111208167,0.2632990928680148,0.263255203762349,564
1.4125393688478707,0.022527810430712024,0.001350173007692087,0.019121566330452495,0.00015431725361296568,0.26242244958182426,0.26237577506482673,565
1.4150843360730283,0.024021292686912374,0.0012289084584918872,0.019770002961506997,2.4974400585692298e-05,0.2549974394029035,0.25495065591846927,566
1.4115205837328744,0.023661250701482,0.0011105021329308705,0.01971929129698189,3.366745483390223e-05,0.2558023663133158,0.25575854987354724,567
1.4156950322764703,0.02223455761654094,0.001511933529751016,0.019082856526992393,0.00017445020851587618,0.26320796004369623,0.2631646793637262,568
1.412058141455582,0.022298296484888347,0.0013365516681025712,0.019137672748305357,0.00015335128253844354,0.2623835084906679,0.26233773305534586,569
1.4145412059183218,0.023767034636158337,0.0012225076338252146,0.019785287368534177,2.5977508540793605e-05,0.25509681356739616,0.2550511928381121,570
1.4110429701875613,0.023410239266853382,0.001101736756593167,0.01973483734099035,3.435075149338314e-05,0.25586095141537474,0.2558180378384088,571
1.4151375256685699,0.022012103301016148,0.001498328736802448,0.019099612365689897,0.00017212497492244386,0.26311964080767625,0.2630769966625559,572
1.4115652019061564,0.022075090815838836,0.001323007435824569,0.01915504728142104,0.000151947298094314,0.26232669047613,0.2622817650999267,573
1.4140129817689053,0.023521406916555323,0.0012151813434298706,0.019801611714649343,2.6909244010491296e-05,0.2551874120725552,0.25514299705009247,574
1.4105871276013588,0.023162406539653027,0.0010955774305036014,0.019750467242675467,3.5202646093475934e-05,0.255933181784968,0.255891414822058,575
1.4145590766311091,0.021796291450163763,0.0014822170035070253,0.019116319413469123,0.00016995022829026512,0.26303649601274304,0.26299462313478494,576
1.411060428641231,0.021858937711271856,0.0013093544756653491,0.019172570593774415,0.0001501234890905481,0.2622524890977527,0.2622083179856863,577
1.4135061735036942,0.023276639469406692,0.0012081869596657232,0.019818261046272014,2.7786046720854556e-05,0.255271247169395,0.25522805833013207,578
1.41015598117101,0.022916107027234716,0.0010917411672490415,0.01976637564473833,3.617202266388947e-05,0.2560143181379014,0.25597382161396554,579
1.4139718733734479,0.021584828163637975,0.0014650283453791469,0.01913309285923839,0.00016779133830329866,0.2629534295961841,0.2629123078854117,580
1.4105589850282698,0.021649870093214313,0.001295961445440258,0.019190151054369747,0.00014807827123279886,0.26216874156323483,0.2621252907854268,581
1.413005431084427,0.023027956791524376,0.0012015437163005406,0.01983485013328291,2.8664480294279326e-05,0.2553539219544442,0.2553120268943095,582
1.4097327303661769,0.022675128620298756,0.001088310774280862,0.01978233829570762,3.7207623873651245e-05,0.2560998052324358,0.2560605469501368,583
1.4133930862257804,0.02137773814392358,0.0014476062928428755,0.019150276007467194,0.00016572962105990423,0.2628736017128038,0.262833149177347,584
1.4100730427129164,0.02144575583561231,0.0012830648555693892,0.019208136112422152,0.00014605486454785188,0.26208531607149155,0.2620426255983359,585
1.4124981231976572,0.02277870543677928,0.0011939573406999319,0.019851062754649724,2.952211107474941e-05,0.2554334253537478,0.2553928740543357,586
1.4093067716458372,0.022438447644678925,0.0010842204063325547,0.01979784449417813,3.825952581948365e-05,0.2561854285073456,0.25614738954211497,587
1.4128355122430323,0.021175652775516317,0.0014303452608445196,0.01916773310166049,0.0001638978637673584,0.26280226010387847,0.26276247871919217,588
1.4096123372897977,0.02124414960752423,0.0012711964148054478,0.01922642870814091,0.00014415344779573777,0.26200639195577663,0.2619644679700509,589
1.4119825697687525,0.022531156311035524,0.0011848747334970043,0.019867018739031943,3.0329035650215765e-05,0.255507180372043,0.25546796023039786,590
1.4088766504071668,0.022202009891830087,0.0010795006019578201,0.019812981938724477,3.930700151480905e-05,0.25626952960873534,0.25623273962899,591
1.4123119294500401,0.020979419436478117,0.0014140358433261447,0.019185058287728537,0.00016231010322440158,0.26274009824233713,0.2627010030222561,592
1.4091846366100584,0.021044812427607754,0.0012606564957934304,0.019244470779927744,0.00014246737619392542,0.26193596984722756,0.26189477958784657,593
1.4114646571800813,0.022283202769995552,0.0011751552933979234,0.01988289466869131,3.1111931253320545e-05,0.2555778070290501,0.25553989771430075,594
1.4084425197499189,0.02196633816495638,0.0010737009852789066,0.019828155551422883,4.0290644932725174e-05,0.256347491231402,0.25631191857788255,595
1.4118333213973417,0.020788958977037426,0.0013996894826037113,0.01920196063211022,0.00016088948992820963,0.26268422208604886,0.262645754046409,596
1.408792021059831,0.020847561250093648,0.0012513014624768867,0.019261655771622192,0.00014112791642696167,0.26187972711921287,0.26183926327507145,597
1.4109514287889315,0.022034165403857404,0.0011654148329260684,0.019898499558796915,3.187825486819433e-05,0.2556460831439321,0.2556094497373783,598
1.4080044375190122,0.021735320393475716,0.0010660728433086934,0.01984367656531853,4.113382070944484e-05,0.256413565366428,0.2563790974448229,599
1.4114029022961208,0.020602826888855688,0.0013875165098654952,0.019218634019557115,0.00015967404574228087,0.2626362195985303,0.26259833248365844,600
1.408430899739799,0.020650517198262937,0.0012428395092424546,0.019277783794351223,0.0001402280642808728,0.26184179311932415,0.26180207911524356,601
1.4104477029523381,0.021786954745271116,0.0011553966244481888,0.01991361332354109,3.258686666366143e-05,0.2557084907518241,0.2556730353391918,602
1.4075618014041622,0.021508709761500853,0.0010564197936095078,0.019859621556959903,4.179739034080463e-05,0.25646509012627083,0.2564315961569126,603
1.411021132528322,0.02041946262962881,0.0013774293324751836,0.019235126463031178,0.00015874269183570078,0.2625993131493626,0.26256200357737247,604
1.4080976936709344,0.02045148648622344,0.0012352074552690795,0.01929268421491454,0.00013977409429086828,0.26182260945353725,0.2617836601236526,605
1.4099557282565076,0.021542813816774725,0.001144908640983911,0.019928142180203494,3.320456140111506e-05,0.2557623399241207,0.2557279566873441,606
1.4071117506431368,0.021284600899441546,0.0010447180836255115,0.019875807150901897,4.22722433472076e-05,0.2565017108015666,0.25646908966652515,607
1.4106906291435786,0.020237760780020143,0.001369540078479803,0.019251075686606157,0.00015814616627960178,0.2625756179283406,0.26253888646274043,608
1.4077915917170756,0.02025022044936375,0.0012283194823740975,0.019306380070956468,0.00013979341081057488,0.2618234263566267,0.26178524775525813,609
1.4094730791692986,0.02130132927552468,0.0011337202039972852,0.01994248572318119,3.371401628775018e-05,0.25580637720853117,0.25577295675379397,610
1.4066488888265294,0.02106359510953567,0.0010305388107366398,0.019892164484842635,4.254476881693713e-05,0.2565226351129691,0.2564907604730964,611
1.4104126043209202,0.020055959437650074,0.0013638124493212495,0.0192658773427406,0.00015796411020433407,0.2625683773894777,0.2625322277588664,612
1.4075135730038189,0.02004678276134861,0.0012221832134433571,0.01931862228047048,0.00014030802912122194,0.26184516902037375,0.26180778216559014,613
1.408992045917718,0.021063826852813758,0.0011209204833781006,0.01995680418028119,3.407519742811531e-05,0.255837396459734,0.2558048004323684,614
1.4061702872099378,0.02084643429067345,0.0010137642942598727,0.01990863013278342,4.262852132310583e-05,0.25652905209989213,0.25649778787816935,615
1.410180746011458,0.019871627127895822,0.0013596558931349152,0.01927920968473011,0.00015830383323068052,0.2625818851222971,0.26254634999086784,616
1.4072639529543267,0.01984182630357806,0.0012168723434048865,0.01932937773489899,0.00014126702977005178,0.26188558075022217,0.2618489794088213,617
1.4085043452329724,0.020831752017572248,0.0011056312353501182,0.01997128434850792,3.425736614644205e-05,0.2558529792538879,0.25582103108685167,618
1.4056787999577467,0.02063214872519869,0.0009950046868883377,0.019925161777346656,4.257492833206374e-05,0.2565249466152654,0.25649417513510503,619
1.4099815200232941,0.019682490119570316,0.0013562232597401273,0.01929089661915281,0.00015919015852214945,0.2626170582356645,0.26258217795608046,620
1.4070384440874524,0.019635899387786607,0.0012123033116281283,0.019338749692731645,0.00014256030117081498,0.2619398618572752,0.2619040199246758,621
1.4080086797982962,0.020604831378752193,0.0010877797144081907,0.019985980276784096,3.425604893180991e-05,0.25585286672766516,0.2558214003370543,622
1.405183181729537,0.020420370176394545,0.0009751502615624009,0.01994154690785882,4.24268722005365e-05,0.25651359134429974,0.2564832050272077,623
1.4097971402872425,0.019487744047201685,0.0013524837765266358,0.019301061665302908,0.00016057690667228264,0.2626718943600506,0.2626376956261035,624
1.4068267137448023,0.01943035737656358,0.001207939609730987,0.019347380467752983,0.00014407961927747075,0.2620033170114544,0.261968204046604,625
1.407512445389528,0.020383747581061713,0.0010678798622773726,0.020001221030157498,3.407841666317564e-05,0.25583767219559095,0.25580653400034836,626
1.4046962849391926,0.020211309944865165,0.0009552516628888051,0.019957595327404834,4.2216462684844265e-05,0.2564974196943744,0.25646732297145897,627
1.4096088189856149,0.01928743885176256,0.0013474765908468695,0.019309827379962428,0.00016235656701225624,0.2627419216373456,0.2627084305727789,628
1.4066157851312635,0.019226002305645473,0.001203209931977203,0.01935566979638751,0.00014568562761439055,0.26207003014140356,0.26203560517028135,629
1.4070272008722977,0.020169532491317723,0.0010468575198255342,0.02001715995092686,3.375215726135021e-05,0.2558096606838395,0.25577871274241876,630
1.4042307169702628,0.020004660461542582,0.0009364148963630962,0.01997338481184433,4.198041593725315e-05,0.25647922957898955,0.25644935662369206,631
1.4094031928399608,0.019083465132886196,0.0013407461850337243,0.01931767931069548,0.00016434442542631912,0.26281968897541275,0.2627869059400255,632
1.4063969037171535,0.01902424104358009,0.0011977563484070648,0.0193639881267361,0.00014725890783585802,0.262135028134943,0.2621012265544952,633
1.4065610253263143,0.019961818984638505,0.0010258839523004774,0.02003371817427825,3.3347361436595704e-05,0.255774717433485,0.2557438580918298,634
1.4037921059530454,0.01980017839971124,0.0009191809147379043,0.01998898917809608,4.174063279279731e-05,0.2564606990947418,0.25643100577203304,635
1.4091772260447935,0.01887855059462109,0.0013326206498328675,0.019325135502771325,0.00016632418122356418,0.2628966732618751,0.2628645721125188,636
1.4061686870490744,0.01882603425101274,0.0011915903043078586,0.019372495457544284,0.00014874497188572654,0.2621961047833202,0.26216287119437465,637
1.4061140421677552,0.019759307179609935,0.0010058388315731862,0.0200504898864867,3.2949745773183604e-05,0.2557401869109972,0.25570936177942966,638
1.4033766414494748,0.019597739830448338,0.0009034080961577364,0.02000437604747359,4.151192326615363e-05,0.25644297472183103,0.2564134301882911,639
1.408937467934314,0.0186758689219228,0.0013239342527258885,0.019332691582717148,0.00016812404721574153,0.2629662657390531,0.262934803567069,640
1.4059365027762072,0.01863201286367589,0.001185063693959567,0.019381268310204834,0.00015013786739461957,0.2622530758340353,0.26222036715186986,641
1.4056794157998358,0.01956064281691088,0.0009871477605395676,0.0200670294691422,3.2641071222578936e-05,0.25571323649279276,0.25568243288222664,642
1.4029756699007818,0.019396846019605167,0.0008886765227049269,0.020019498505993424,4.1311332349570944e-05,0.25642738923277336,0.25639797911016726,643
1.4086934580922519,0.018477855966731467,0.0013156549302808709,0.019340627735839815,0.00016961406390927697,0.2630235964276108,0.262992712280836,644
1.4057075471767306,0.018441922357202975,0.001178632052610166,0.019390193115331324,0.00015145772707226898,0.2623068162849808,0.2622746042678681,645
1.405249131522544,0.019364235038155996,0.0009700294157897712,0.020082951548893464,3.2484684143170524e-05,0.2556995336776942,0.2556687843883774,646
1.402581462041652,0.019197688098432232,0.0008744593675002911,0.020034391374602892,4.113828476242892e-05,0.256413913373474,0.25638462771378073,647
1.408452328746211,0.018286068263665148,0.001308412545705866,0.019349106182897032,0.00017073432312484328,0.2630665344726459,0.26303615908833516,648
1.4054865250375945,0.01825513757494639,0.0011725363025076021,0.019399152104083734,0.00015274779466591487,0.2623591178757189,0.26232739765480273,649
1.4048182444704307,0.019169302323814356,0.0009544578742628996,0.0200980713276297,3.250348759511524e-05,0.2557011829996164,0.2556705480396626,650
1.4021897366964045,0.019000852702994012,0.0008603532790107033,0.02004912339646979,4.098089862179205e-05,0.25640163249662085,0.25637246412721615,651
1.40821692079785,0.018100669928206654,0.0013023789065538106,0.019358095452120833,0.00017149781979326195,0.2630957176127642,0.2630657939129273,652
1.4052745360032677,0.018070724246008574,0.0011668312443522798,0.019407992439578622,0.0001540373969789788,0.26241118032174937,0.2623799654485647,653
1.4043849992993367,0.018975774006948273,0.0009402085206511052,0.020112403005307623,3.268579440755641e-05,0.25571714915036825,0.2556866959258197,654
1.4017987159589258,0.018806828600659402,0.0008461435412226994,0.020063802657948923,4.0829764420028475e-05,0.25638981724465015,0.2563607625066244,655
1.407987645578089,0.017920749337419814,0.00129745304004366,0.01936744866195937,0.00017196383950842165,0.2631134983703214,0.2630839831377273,656
1.4050712570397925,0.017887954123044933,0.00116149776307863,0.019416603070926255,0.00015534233844142622,0.2624636406575858,0.26243295400891226,657
1.403948428635618,0.018783962934836498,0.0009268979166910729,0.020126094626971864,3.300328514738617e-05,0.2557448485748004,0.2557146408215696,658
1.4014070261488718,0.018616001947140623,0.0008316958476611026,0.020078463810267514,4.068238328751147e-05,0.2563782743189292,0.25634932980080255,659
1.4077649556207423,0.0177447680982451,0.0012934368188053705,0.0193769253769326,0.0001722272695053536,0.26312353875695704,0.26309440850511834,660
1.404876871729426,0.017706530066925765,0.0011565772980286918,0.019424922586436185,0.00015665930035433265,0.2625163613064793,0.26248622552876316,661
1.4035071039337916,0.0185944743785692,0.0009139813890921314,0.0201393326083272,3.3417060991003455e-05,0.25578074917212323,0.25575082977382824,662
1.401013147212462,0.018428216059627783,0.0008170390168448067,0.02009304480237082,4.055536930732509e-05,0.2563683097684806,0.25633947729105205,663
1.4075497580245595,0.01757128138417799,0.0012901556262758108,0.019386312723671868,0.00017238060281144242,0.26312937937647635,0.2631006254786167,664
1.4046921102013592,0.017526709505340764,0.0011521969568391564,0.01943299250035048,0.0001579574287965584,0.26256811158434545,0.26253853705950403,665
1.4030597093129609,0.018407703772383797,0.0009010298365106669,0.020152276721857758,3.3897315859892804e-05,0.255822140144302,0.25579253469704,666
1.4006159778864966,0.018242984073419427,0.000802319479887926,0.020107405678404456,4.0474434834135854e-05,0.2563619521244769,0.2563332417772566,667
1.40734331876356,0.017399539219866332,0.001287544544219643,0.019395500800734666,0.00017247880465787584,0.26313311861889155,0.26310473809795804,668
1.404517885849286,0.01734916602903057,0.0011485073651365345,0.019440937861860283,0.00015919538176245183,0.26261726522517664,0.2625882487305932,669
1.4026059699528364,0.018223727894015166,0.0008878560218002225,0.02016500778732107,3.442937004807126e-05,0.2558676545610722,0.25583837955311073,670
1.4002151276747672,0.018059736271605478,0.0007877192024550348,0.02012140738973023,4.046269794366748e-05,0.2563610296292084,0.25633246017659783,671
1.4071473706825168,0.017229678157341315,0.0012856537186396676,0.01940451574638172,0.00017253724660961265,0.26313534341422457,0.26310733341466225,672
1.4043550932720057,0.017174619292637004,0.0011456457100208809,0.019448895820675292,0.00016033668992953778,0.26266241248457567,0.26263393969171117,673
1.4021465699187796,0.018042228764037792,0.0008745056758053022,0.02017750844554934,3.501370352479096e-05,0.2559172378289867,0.2558883100230354,674
1.3998104156862108,0.017878024738823235,0.0007733588900972874,0.020134978428911997,4.053422753730181e-05,0.2563666496320515,0.25633824851650205,675
1.4069637428369046,0.017062452852003546,0.0012846158259733884,0.019413470842387554,0.0001725388380409777,0.2631354039923018,0.263107754453081,676
1.4042041880517664,0.017003467526942182,0.0011436778267832784,0.01945694604982164,0.00016136579810667462,0.26270298382690754,0.26267503600741693,677
1.4016828430464627,0.01786260037564008,0.0008611697627246857,0.020189697900774035,3.566043729966603e-05,0.25597163606557416,0.2559430822205606,678
1.3994021691960543,0.01769785090078158,0.000759223688902101,0.020148144189551652,4.068446273836523e-05,0.2563784373273056,0.2563502330676261,679
1.4067931664364437,0.01689856261544088,0.0012844821318805028,0.019422480750013304,0.00017247000225622996,0.26313278349232294,0.2631054822018921,680
1.4040644089527514,0.016835589348722854,0.0011425418085287131,0.01946508754132499,0.00016229222635686565,0.26273939662452134,0.26271195986972007,681
1.401217087626924,0.017684417152917017,0.0008480058300090756,0.02020152475048533,3.63706718363016e-05,0.2560308102139183,0.2560026626065298,682
1.398991888157764,0.01751947638635603,0.0007452694401590064,0.020161022332704604,4.089671358054535e-05,0.25639505383718897,0.25636707312157514,683
1.4066340083556894,0.016738116848488825,0.0012851221719591866,0.01943159452662118,0.00017233453220066947,0.2631276247737612,0.2631006605476935,684
1.4039330219292123,0.016670443348996332,0.001142030976763895,0.019473272711899543,0.00016313713260455333,0.2627725147329942,0.2627455823020287,685
1.4007528181400941,0.017507560774606717,0.0008351166952849471,0.020213035513660875,3.713168764795377e-05,0.2560935775738029,0.25606586835912093,686
1.3985825229348747,0.017343383383647073,0.0007314685311258762,0.02017375670387362,4.114511802326657e-05,0.256414446041808,0.25638670625320176,687
1.4064821606356142,0.01658049916215628,0.001286191679155294,0.019440779089100826,0.00017216315761813572,0.2631210959000434,0.26309446619404264,688
1.403805625648904,0.016507394798389894,0.0011418324723050238,0.01948146430476129,0.00016392102189358997,0.26280316452653757,0.26277673582003047,689
1.400294440747252,0.017332461475996496,0.0008225042525932609,0.020224383286917447,3.7913999308116035e-05,0.2561574344745288,0.2561301825069418,690
1.3981781930862458,0.017169771536045302,0.0007179363673590114,0.020186460612531116,4.140968215485924e-05,0.25643503552087005,0.2564075479388991,691
1.4063318179599196,0.016424767011885916,0.0012872539156511189,0.019449967136302763,0.0001719867928399669,0.26311437352068207,0.2630880808628387,692
1.4036768322491917,0.01634604021921185,0.0011416009363477474,0.019489681916520136,0.00016464898485515922,0.2628315620582671,0.26280563587037925,693
1.3998469216872216,0.017159587458814702,0.00081022358810538,0.020235767782918274,3.8687037618140994e-05,0.25621989048280924,0.25619310132629136,694
1.3977836777501598,0.016998736928966664,0.0007048663698457215,0.020199202271780476,4.167373267703127e-05,0.25645551955128565,0.25642828730413786,695
1.406176414702851,0.016270237000866508,0.001287849559392541,0.019459152551176466,0.00017182412094646202,0.26310817000753584,0.2630822224689553,696
1.4035408765906612,0.016186294204978476,0.0011409901972724273,0.019498011094562086,0.00016531245319405136,0.26285738905042744,0.2628319604571215,697
1.399415511633343,0.016989411530219274,0.0007984083885064833,0.020247351256188137,3.9424814090301655e-05,0.25627891822612,0.25625258337163187,698
1.3974040236738599,0.0168300551171192,0.0006925429250660895,0.020212045928675707,4.192730780597918e-05,0.25647512994510374,0.25644815634852597,699
1.4060092604388674,0.016116764680840077,0.0012876236841199607,0.019468417962095533,0.00017165233452455823,0.26310161572190843,0.2630760135134251,700
1.4033919067585456,0.016028172242619338,0.0011396519546241972,0.019506562426090543,0.00016589999154786934,0.26288021706136466,0.26285527806166775,701
1.3990054639025375,0.016821851672013957,0.0007873804966346363,0.02025922951141789,4.0119053591353164e-05,0.25633396034021,0.25630807312548237,702
1.3970439874783485,0.016664008001145127,0.0006811107121298652,0.02022510574864131,4.214758488844888e-05,0.2564921171345293,0.2564653945815068,703
1.4058235007233106,0.015964499828844327,0.0012861800169861205,0.019477905273251345,0.00017145228573770923,0.2630939789879818,0.26306872730636,704
1.4032236864105607,0.015871476090582332,0.001137205194123997,0.019515407468461192,0.0001664067288471091,0.2628998732105052,0.26287541759935174,705
1.3986219863010452,0.016657155146763594,0.0007774067941113754,0.02027146216224413,4.075704679503283e-05,0.256384124591127,0.25635867166994514,706
1.3967083696598925,0.016500582890203154,0.0006707929846745595,0.020238553918237,4.2318919894121844e-05,0.25650529937006145,0.2564788255763356,707
1.4056115288475586,0.015813387142579103,0.0012832126241626328,0.019487714857097885,0.00017116830594159218,0.26308313058643046,0.26305821563154663,708
1.4030294429840262,0.01571577499097575,0.0011332119429368136,0.019524588595204152,0.00016683852448550612,0.2629165987971101,0.2628926271003088,709
1.3982702073598097,0.016495048939021876,0.000768875754052382,0.020284160145419977,4.133799565553729e-05,0.2564294630923225,0.25640444571729376,710
1.3964019643843386,0.01634091284732147,0.0006615490162247579,0.020252582271108682,4.239866540665291e-05,0.25651142575836144,0.25648516765543,711
1.4053648024887786,0.015663130547862683,0.0012780640773660085,0.019497936644830707,0.0001708319666995687,0.26307027033766206,0.2630457161904408,712
1.402801242892612,0.015560615265147024,0.001127227379353608,0.019534132285848854,0.00016718100510657228,0.26292984938452774,0.26290636286486435,713
1.3979559791197271,0.016337002879882503,0.0007618165256137665,0.020297471764606702,4.182044175512596e-05,0.25646687264101636,0.25644225644435775,714
1.396130526397838,0.016184018485892095,0.0006539686014237294,0.02026732491378854,4.240562140345045e-05,0.25651195987421993,0.25648592835313844,715
1.4050738535815896,0.015513277305300163,0.001270644477970995,0.019508612596383854,0.00017029621887016362,0.2630497593414654,0.2630255105798195,716
1.4025319554523774,0.015405923562824358,0.0011187917271286713,0.019544176245863906,0.0001674324364212636,0.262939568633508,0.26291657721029044,717
1.397684041361784,0.016181599467300505,0.0007569071645506936,0.020311582203406172,4.223683375020109e-05,0.2564989871326385,0.25647479661964806,718
1.3958987780941294,0.016032768464023336,0.0006475633727791616,0.02028291617000237,4.225197391043802e-05,0.25650015183749103,0.25647425033792476,719
1.40473074641433,0.015364267054038561,0.0012596867524757474,0.01951996413794944,0.00016976656089706928,0.2630294497541941,0.2630056171715724,720
1.4022122358551659,0.015251786528464348,0.00110761936275889,0.019554795861164178,0.00016749422749056628,0.2629419560921279,0.2629194395213461,721
1.397462617350132,0.0160333861048148,0.0007536413735709075,0.020326582808915146,4.247546520655794e-05,0.25651732040079034,0.2564934437693705,722
1.3957141637090664,0.01588198326525956,0.0006443416360182805,0.020299401935299232,4.210509115374731e-05,0.2564888435914073,0.2564632091522124,723
1.404324709000967,0.01521567456573505,0.001246730813996661,0.019532044139604295,0.00016859225465527813,0.2629843080160353,0.2629606055323782,724
1.4018394459000094,0.01509854294187524,0.0010931937990509046,0.019566309145857674,0.000167460789266127,0.26294066417407264,0.2629186641257705,725
1.3972910785938781,0.015883695433631835,0.0007541819001333347,0.020342590926385528,4.2767561315393206e-05,0.25653969122477455,0.2565163186406554,726
1.395578393668065,0.01574343973129741,0.0006409071781340579,0.020317082256040515,4.158266262221567e-05,0.2564484620354171,0.25642271726782373,727
1.4038552891366787,0.015070271114885927,0.0012274278002550067,0.01954536716268166,0.00016798417987396396,0.262960871107837,0.2629378654493892,728
1.4013940491774879,0.014946262006160572,0.001075614965152496,0.019578546674589574,0.00016692106789016904,0.26291979364735246,0.2628981830118415,729
1.397193894598545,0.01575224594864291,0.0007553798133341993,0.02035973450813875,4.260804682065539e-05,0.25652748395790104,0.2565041743279377,730
1.395514614776019,0.015595631618980357,0.0006461143548649878,0.02033576185473616,4.1509099098589034e-05,0.2564427555516711,0.25641766551763795,731
1.403288136707384,0.014924733458534352,0.0012096339942338826,0.019559988133791614,0.00016498369974050765,0.262844598076254,0.26282096975386643,732
1.4008819799387928,0.014795092503042156,0.0010528355001712302,0.019592653800772634,0.0001665908495370267,0.26290700776853515,0.26288605519158326,733
1.3971506988549984,0.015600943255720558,0.0007655660483266233,0.020378200029512447,4.303598798304993e-05,0.25656018200837827,0.25653783070392105,734
1.3955298432798835,0.015485113245659085,0.0006446567808340176,0.020356596220708668,4.015215531009188e-05,0.25633657283632816,0.25631051203905203,735
1.4026429444321713,0.014793722392319365,0.0011752643342490799,0.019577742480870602,0.00016513467589817586,0.26285047376162357,0.26282878101136853,736
1.4001971926341163,0.014646989695719476,0.0010248201318792454,0.019608218157536314,0.0001643417148178371,0.2628195832544524,0.2627986318821083,737
1.397302532536625,0.015511812946199233,0.0007737841172591458,0.020399381304912804,4.188945891761366e-05,0.25647220664979214,0.25644909597198845,738
1.395772181338986,0.01533977633129634,0.0006759250737199513,0.020378960117560498,4.0845817408557094e-05,0.25639107325952043,0.256367216416396,739
1.4016919810575057,0.01466163466522518,0.0011485554504298196,0.019601530491531776,0.00015649304169237883,0.26250971789019956,0.2624849776821861,740
1.399305983309084,0.014497733969222526,0.0009788523625076742,0.019631045435137804,0.00016339014985492198,0.26278241565021737,0.26276269931330903,741
1.3975942947329771,0.015351170178516435,0.0008100150135270966,0.020424506233724923,4.2729270602870004e-05,0.2565367630064788,0.25651585507994523,742
1.3962181958848283,0.015297339397071211,0.0006826857534513713,0.020407341980255594,3.750837007772441e-05,0.25612440773281175,0.25609736469810074,743
1.4006185687750206,0.014566066514166334,0.0010807596623315452,0.019631182432244654,0.00015764505332592762,0.26255567813086683,0.26253558955389894,744
1.3980258524991882,0.014361114188201848,0.0009245097164938653,0.019656994869799948,0.0001566521260089611,0.26251607470451344,0.2624953496292034,745
1.398350141177074,0.01533896243737748,0.0008401353647518931,0.02045705906009974,3.976626203917737e-05,0.256306049638179,0.2562832344624684,746
1.3969237056243298,0.01515113010250878,0.0007539543203870663,0.020437597920769678,3.9252413590135294e-05,0.2562651746655728,0.25624278043714915,747
1.3991854291715338,0.014409368306766542,0.0010340738121874572,0.01966311449230058,0.0001442785206625841,0.2620115994215002,0.26198598655654903,748
1.3969624131897556,0.014213148738787587,0.0008658832421631435,0.019686393528263305,0.00015602348851733117,0.26249093625463404,0.2624722027127001,749
1.3987956129184311,0.015161036647524497,0.0008880956135039578,0.02048676784480101,4.057410705118664e-05,0.25636978076947603,0.2563496385532254,750
1.3970595011587035,0.015093053380600902,0.0007370195829461769,0.020465509407655926,3.563266787525869e-05,0.25596931050250016,0.2559430256258863,751
1.3987164629011537,0.014289600929222292,0.0009983338474433597,0.01967399683139805,0.00014912149957557142,0.26221153141811343,0.26219101029759867,752
1.3966474385501126,0.014085587139428177,0.0008645713632884291,0.019693223542418006,0.00015231807557401702,0.26234172093243147,0.262321841858041,753
1.3985022380646566,0.015093464575719345,0.0008702156631467772,0.020497201059767503,4.0219947614611985e-05,0.25634191986819543,0.2563207467325439,754
1.3966571475722351,0.014887260422180812,0.0007489882125063573,0.020477322980375058,3.863153834130194e-05,0.2562154274463871,0.2561930742581462,755
1.398638817230897,0.014139172532630948,0.0010169106049291244,0.019683031922370815,0.00014390637267129678,0.26199609822697767,0.2619717171584321,756
1.396917173473315,0.013957413067449874,0.0008803675928567837,0.019696757700411786,0.0001559079576464517,0.26248631081010126,0.2624680506288036,757
1.3975945999768626,0.014852994682033127,0.0008446884389517882,0.020495297544661107,4.2922965837834806e-05,0.2565515620914279,0.2565322474143223,758
1.3956782398738286,0.014765991615136429,0.0006887551434065658,0.020475180396249834,3.831402947671595e-05,0.2561898327503024,0.2561650302552729,759
1.399379479631071,0.01404884553817562,0.0010504470454564493,0.01967551908727453,0.0001518891897398013,0.26232433323712895,0.26230418493817353,760
1.3975167525854317,0.013846100878221308,0.0009283832173856079,0.01968914810327766,0.00015563838498676866,0.26247551141183273,0.26245625199504163,761
1.396462991130562,0.014738502903931557,0.0007856606377695518,0.02048668503223854,4.433450057403436e-05,0.25665841577058945,0.2566383691695069,762
1.3947855809326255,0.014546281224863858,0.0006739324086063137,0.020470179373529542,4.239742380863327e-05,0.2565113304177129,0.2564898190452259,763
1.4000168255037102,0.013927476702592069,0.0011102633036798864,0.019677579257468835,0.00014840894375946738,0.2621823209512583,0.26215800729100397,764
1.398130398137145,0.013726913058837335,0.0009614963142488096,0.019689642170871827,0.00016065049620199464,0.2626747976789373,0.2626574595998858,765
1.3954054563118448,0.014479454841477512,0.0007521310775275385,0.020480021361161522,4.7620120087524934e-05,0.2569007333007098,0.25688290057524643,766
1.3940847515505088,0.014488004559500165,0.0006218393273334474,0.020464483634557742,4.118624718048004e-05,0.2564176512199153,0.2563920179970746,767
1.400890457954741,0.013956173490049562,0.001135310776727261,0.01968461994359965,0.00015915537652751735,0.26261567978856143,0.26259892870996493,768
1.3983453368788872,0.01363337448406526,0.000991784564371865,0.019690586654491467,0.00015751147151964754,0.2625503574259719,0.26253090768486165,769
1.3947941464223348,0.01447904095415473,0.0007040933497138171,0.020478032821181835,4.646261432495155e-05,0.25681634904659023,0.2567952455659102,770
1.394989978760661,0.014387465133727649,0.0007345905191990163,0.020462413990181484,4.83532306747712e-05,0.25695364873104554,0.2569358571102013,771
1.400383694280099,0.01406282121393516,0.001166291788476716,0.019757208378558513,0.00013201109674944872,0.26148960820696027,0.26145981915210637,772
1.3964763317817754,0.013489375410104481,0.0008789440728092817,0.019743976757495143,0.00015710284975652323,0.262534067566298,0.26251865881009717,773
1.3955317951510062,0.014213198801038369,0.0007883726290583628,0.020506355938218302,4.9426705119711254e-05,0.25703041286979017,0.2570148906256345,774
1.3969572878836765,0.014724572613305786,0.0007794614478845801,0.020487861844670857,3.888465680092708e-05,0.2562357563134657,0.25620471153392516,775
1.3974306671291525,0.013995264095044282,0.0009592039730556269,0.019824017563667067,0.0001397041662033528,0.26181965169551763,0.2618054770752033,776
1.3929822096121065,0.013450956425951652,0.0007118096124859966,0.019829651299574966,0.00013373705940587888,0.2615644740220158,0.26154381724883513,777
1.3982630069106539,0.01435446274584898,0.0008958731430695219,0.020604253867447887,3.915285000250881e-05,0.2562572238255083,0.256237971585465,778
1.394732403001293,0.01405508982919351,0.0007074812846634495,0.020535732931563123,4.303166253030806e-05,0.256559852325343,0.2565399299220058,779
1.401092977195479,0.013552998327376128,0.0012029791704761526,0.01969686367183802,0.00014961216950661006,0.26223160535279855,0.2622056520835845,780
1.4007960479331594,0.013261869866814494,0.0011306384880073405,0.019658976339108115,0.00017206436627111862,0.26311733076014776,0.26310113259134643,781
1.3910749983249395,0.013688137843944941,0.0005727825574048382,0.02040893499321888,6.051647040324348e-05,0.2577792332786235,0.2577641715868537,782
1.3967979766729899,0.014678396322159531,0.0008091116207851197,0.020434750719237095,4.447078193065543e-05,0.25666864168558,0.25663357814782206,783
1.3992146099757394,0.014362136228544601,0.0010769582186207927,0.019954404768177402,0.00013002891182911563,0.26140302204808513,0.2613923212235806,784
1.3908155639079662,0.01325819763818424,0.0005965745282355882,0.019905425798993848,0.00012596656056640426,0.2612234825507239,0.2612027250955029,785
1.3980518294664832,0.014081230116090894,0.0008726681437113478,0.020638267409628184,3.580476428216182e-05,0.2559837082383888,0.2559618731701668,786
1.3927514120227602,0.013756201496635576,0.0006175483140478833,0.020505152088025454,4.670360288458731e-05,0.25683400343024404,0.25681354951960356,787
1.407117040768687,0.013530213773040417,0.0015429936412456814,0.01962624704704745,0.00016901076260200244,0.26300041393964063,0.26297495401634285,788
1.4080165514144611,0.013040228960266397,0.001518400643836191,0.019551157580374876,0.00019898630384777025,0.26410625052406805,0.2640905190972397,789
1.3895821688811576,0.013348173396460388,0.0005378169945884587,0.020272427135659212,7.99588751038738e-05,0.2589419726628901,0.2589293682294616,790
1.4341861839336825,0.01853895429218108,0.002809018297283502,0.020684772705026052,2.1208153972583592e-05,0.2546052311530024,0.2545455779850524,791
1.4057032386643047,0.015136728460146655,0.0012648445366351309,0.020570625011586623,3.1340940679630674e-05,0.2555982980163288,0.2555502403491483,792
1.4437720124200017,0.018982535747695876,0.0036797542442497996,0.02000534243822386,0.00015347291693490055,0.2623884186615928,0.2623865650523321,793
1.4498463591481343,0.01740209955813248,0.0038931227657556435,0.01965280650366937,0.00022598289433463207,0.26503272744163986,0.26503167560909874,794
1.401790761900705,0.014037381780976027,0.001234726705958115,0.019711164232141674,0.00014302427576500955,0.2619592757207537,0.2619294087798569,795
1.4098085136719745,0.01576642167385322,0.0014980983047222867,0.020507115164376925,3.165024101736344e-05,0.25562585469216575,0.2555711739675071,796
1.416185210328213,0.015618866118131212,0.0018920975241456955,0.02077525077890416,2.7140349732974586e-05,0.2552096400771046,0.25518736600485525,797
1.4006708022686811,0.014773689292366339,0.0011761908466382557,0.020336946156927185,7.62148701994425e-05,0.25873011284001773,0.2587137396239464,798
1.4373640348498025,0.018164268676714,0.003325542912497311,0.01970276619740123,0.00014312569264005157,0.26196351506205645,0.2619125719914809,799
1.444162732494236,0.018309382091117977,0.0036485959859443914,0.01951505413863576,0.00018010539133914285,0.2634203349935515,0.26337786018265763,800
1.395764270052936,0.01279262172990753,0.0009133688771296676,0.019839429087319775,0.00014555923114427383,0.2620647930419164,0.26205379893389735,801
1.4089450343703562,0.014665246070947869,0.0013889145009601048,0.02078197696448461,2.1024119067185677e-05,0.2545852065457497,0.25455421714444787,802
1.4137940705566099,0.014562766751310163,0.0015303348345732087,0.02084534668031982,1.1725223234432239e-05,0.2534242113302821,0.25336391173243217,803
1.388414449776356,0.012907422855480757,0.0004912521926884205,0.020071064398770586,9.138453047059154e-05,0.2595595256404589,0.2595265380077556,804
1.4723001909946114,0.018427639523233237,0.00531568588214946,0.019736434797212633,0.00022717949466950145,0.2650724747360711,0.26507240407357213,805
1.4653769410290196,0.01702127501433398,0.004941942521630958,0.01968360780722131,0.00022840471722340705,0.26511306445508015,0.2651130014269103,806
1.3910135883694474,0.013578924696974587,0.0006193792352247947,0.019942564129661552,9.970982358088988e-05,0.2599854806384515,0.2599558813325619,807
1.4092782189992303,0.014257993298674691,0.0013719575993198228,0.02080474556745204,1.7785143721297203e-05,0.2542172436165459,0.25413670608513494,808
1.4039466831155625,0.01597693376834949,0.0011968093222114408,0.020676920931654963,4.4525550590550425e-05,0.2566727468549729,0.2566305905176779,809
1.3957108577287032,0.01272304351063967,0.0008611495989191971,0.01974821636384422,0.0001623703563027894,0.26274246272518736,0.2627250712501463,810
1.3945957842852634,0.013585667128753413,0.0008430600104984754,0.019776087972675677,0.00011619564879598255,0.2607794085550174,0.26075483768645363,811
1.4144610352319837,0.01612339357234553,0.0018004631785911297,0.020635774799821476,3.2967242268015367e-05,0.2557417107440218,0.2557014913900813,812
1.408888849374831,0.015644636095895646,0.001339899161775588,0.020852046410561206,2.3081401427315645e-05,0.254804310713028,0.2547363733113203,813
1.4082502871755793,0.015055744691412895,0.0016471658000727658,0.02001133348514272,0.0001178168968594461,0.26085434921399925,0.2608104317399945,814
1.4130410752452287,0.013301423950742379,0.0016842798838768124,0.019476941392252464,0.00023156932592339007,0.2652174020753672,0.26521208674607805,815
1.4044229086019009,0.012917812279287084,0.0015442375480996587,0.019904508089411015,0.00011764441706882295,0.26084640111137436,0.2608379980441499,816
1.4047892454664894,0.013942883153627772,0.0010522845230666678,0.020619604656961985,1.5554388270937917e-05,0.2539439052056227,0.25386322859381494,817
1.4046856326886539,0.013648628941580454,0.0012710852351124726,0.020561518747006402,2.9928662533480743e-05,0.25547070950914785,0.25538167884787744,818
1.4045746464083857,0.012506938078973948,0.0013790884948259366,0.019831212190259156,0.00018621742657358027,0.2636461506137658,0.2636364349548315,819
1.406817695847941,0.012351023262824314,0.00144679678820577,0.019632846176728204,0.00020777620527428722,0.264414444327628,0.26440701035266045,820
1.4015738724338116,0.014824972222368895,0.001120628237643649,0.020250646621196713,4.614133744574707e-05,0.25679274152649334,0.2567281264463724,821
1.4038831527855364,0.013893836844317312,0.0010948760822409452,0.020643424569803222,2.1140565451188216e-05,0.2545978870637705,0.2545278094456589,822
1.3959702136358312,0.014120444063886095,0.0009113511915652345,0.020254428180728815,9.079178346304614e-05,0.25952847225231024,0.2594874446588287,823
1.4164592865859003,0.016157833277450493,0.001998468732582032,0.01976546579813658,0.0001658248923195506,0.2628773014377839,0.2628401527555263,824
1.40681413194994,0.014893888684201318,0.001470269519481396,0.019741660120689036,0.0001581845953045582,0.26257714575349106,0.262558783627982,825
1.4164809504769693,0.015684168649990407,0.0021417827032392273,0.020322567730291865,6.315092111796458e-05,0.2579467553830456,0.25793117377865915,826
1.4143301347090302,0.016256153988503247,0.0015999734504123248,0.020690705202526725,1.8798374874832682e-05,0.2543357092701002,0.2542799395378583,827
1.4158780112677574,0.01460140490635355,0.0020545242186114218,0.020391150753426405,4.2102529259254205e-05,0.25648864618077255,0.25638945495646187,828
1.401677014440625,0.013755790816359085,0.0012030170980416146,0.01982676491429114,0.00015688446847085874,0.2625253530277936,0.26248907120752774,829
1.4330392485461192,0.014033250346295514,0.0031662160114972657,0.019841030787727146,0.00018892820368099215,0.2637451156299608,0.26374488692134473,830
1.4205245474877075,0.014564018891955034,0.002528415949147042,0.02014563234776084,9.702965343070319e-05,0.2598503631116169,0.2598477073881246,831
1.4108239941540692,0.014482233820757126,0.0015444218895044068,0.02047824755072191,2.2881019285605963e-05,0.25478341084223444,0.25471383625728605,832
1.4150612980761899,0.014681435554269354,0.001968049897772319,0.02038141432427035,3.82078791347071e-05,0.2561812522303096,0.2560871363735427,833
1.400528315421488,0.013668736524746473,0.001184640896809327,0.020003783648036934,0.00013964642872417863,0.2618172090073832,0.261793648205532,834
1.395331576189944,0.012005964292173378,0.0009258430412885931,0.019921060528852955,0.00014934750018160035,0.2622207814881701,0.2622097429446019,835
1.4229729052608175,0.017585054719962426,0.0023141158258048657,0.020339813732444072,3.872655570159162e-05,0.2562230664227205,0.25616004638410944,836
1.4114228581121888,0.015133480909260701,0.0015318968120353296,0.020498560452320142,2.2191243396529804e-05,0.2547107582613131,0.2546444506412437,837
1.4123070571375318,0.015667150716836338,0.0019034184259035757,0.02024847394613746,8.808597950215244e-05,0.2593854131236804,0.2593705448646111,838
1.407952089215422,0.01407261817684828,0.0015938787656823833,0.019967352546218786,0.00016037694453127434,0.26266400191611144,0.2626492975969727,839
1.4120163399939538,0.015475888255962154,0.0018755884617099447,0.01999710953686091,0.00011024853033520023,0.2604999300157287,0.2604366953069949,840
1.4034595143458732,0.014984265472898049,0.0013150614310203192,0.020181141278239795,6.4815470568317e-05,0.2580508055850528,0.2579947776444852,841
1.4182099845222338,0.015304518628646867,0.00230607890997763,0.0202742840699265,7.246184326472733e-05,0.25851245224742714,0.2585032835308241,842
1.414992118977494,0.015578395417459711,0.0020796491654314006,0.020255668060062678,7.698698526524124e-05,0.2587742227727156,0.2587617692375338,843
1.401442118860922,0.013936664613463384,0.001268502808282616,0.02016897965790075,7.441530112181547e-05,0.25862643038120725,0.25856062722403145,844
1.3986988383297296,0.013621444355804467,0.0011153836647473355,0.02007373769112169,0.0001089021558681516,0.26043561957279737,0.2603831900309603,845
1.4181336182649136,0.014770267382599503,0.00232092981694114,0.020112331712016946,0.00012550714026316132,0.26120299693221244,0.2611969277923522,846
1.410782729458485,0.01431558099548085,0.001888450436871331,0.020202360891934137,8.065490655373394e-05,0.2589808076782511,0.2589713331772705,847
1.4072568707274737,0.014642544366829342,0.0014734211989381651,0.020262647214775435,4.0238987632325074e-05,0.2563434208146965,0.25627835581807545,848
1.4048509848589268,0.014275286722417672,0.0014675030238807964,0.02014986659346221,7.053404159023943e-05,0.2583984547144245,0.25833771958519464,849
1.4067737482964993,0.013692491791763363,0.0015604738377610573,0.020034352152829088,0.00015467932297764538,0.26243701423082105,0.2624290100179076,850
1.4011455574366605,0.013169628299463958,0.0012913708124562657,0.020129110825223555,0.00012690396443822293,0.2612651659747304,0.26125550752394805,851
1.4127959676902488,0.015326039806474017,0.001806826637152387,0.02033067563539869,4.1789853753251854e-05,0.25646450723205194,0.25639603319927495,852
1.4086836601771446,0.014746393669437939,0.0015384763383007748,0.020293987118070428,3.736039487729052e-05,0.2561123150178382,0.2560423551514964,853
1.40273859026822,0.013572611882296373,0.0013990365858485608,0.020066841624768742,0.00010804306653230512,0.26039437667839227,0.26038163984565843,854
1.3977299503500087,0.012640299523411846,0.0010690345047879722,0.02001944787817318,0.0001398116138894115,0.2618241961202194,0.26181188410203843,855
1.4159113706674502,0.015785615423494777,0.002091487315573194,0.020262276336943587,6.626457307890882e-05,0.2581403054659459,0.258069547722296,856
1.409530636801051,0.014917825401348917,0.001659648492098579,0.020339216545855507,4.9205358753698414e-05,0.25701465314564437,0.25694352386311087,857
1.4025892965343825,0.013679724119367591,0.0013892533068533552,0.020171607007731397,9.186180418367376e-05,0.2595844563843587,0.25957013163238446,858
1.3988749839667567,0.012925728329885179,0.0011802254060370241,0.020030480813378073,0.00011163033676417284,0.260565525863116,0.2605509992133883,859
1.4121563345708217,0.0154729486879579,0.0018752590380717612,0.0201367362857378,7.213812281137743e-05,0.25849341643930035,0.2584226814335159,860
1.406472035809956,0.014753190170801556,0.001544146147540565,0.020212350622474604,7.158408185645328e-05,0.2584607376662117,0.25839446714154796,861
1.4044491297270703,0.013769027461462795,0.0014980870854400007,0.02018723820354346,0.00010962663764329328,0.2604702740003924,0.2604583020076269,862
1.401435829858122,0.013545205729415732,0.001320756413009089,0.020176209664798807,9.696273140951928e-05,0.25984696559400505,0.2598329364269609,863
1.4073244032412098,0.01461604517376996,0.0015683174871832105,0.020203281772174692,5.692745682539839e-05,0.25754502861660566,0.25747651213563816,864
1.4029284330472487,0.014270838484845977,0.0013423866574238112,0.020148500326037554,7.182675456709716e-05,0.25847506664086467,0.2584151922052841,865
1.4058447723426406,0.013429043550710585,0.0015815277477354214,0.020086294295142446,0.0001299302600689719,0.26139869554242817,0.26139026975047547,866
1.4026661597813337,0.013488264497191692,0.0013980792894481148,0.02016660903774789,0.00010975483720784784,0.2604763942846691,0.26046525621243344,867
1.4040057608330632,0.013948471368012926,0.0013656168230415575,0.02029131369750936,5.083884466407811e-05,0.25713013637065085,0.25706415303314034,868
1.3997442908484852,0.013600254198951877,0.001148120703947202,0.02021999345446193,6.111773528844735e-05,0.257817783272031,0.2577599703995193,869
1.4073296976055736,0.01341890609350559,0.0016746510195275936,0.020063147643700777,0.00013313797458266177,0.26153854300085855,0.261532032064722,870
1.4031545007561221,0.013087223591200167,0.0014327899318434553,0.02009216714518424,0.0001261343804793106,0.26123095634749377,0.2612226358039811,871
1.4025036036446021,0.013825091367775795,0.0012962764627337956,0.02027677567902618,5.5795761998494424e-05,0.2574696560830131,0.25740611623303883,872
1.398245576530011,0.01325388929364649,0.0010528888458873624,0.020273740065707226,5.619616261587586e-05,0.25749640998184303,0.2574359625638965,873
1.408147000799753,0.01372043273159339,0.0017244452692359747,0.020108600575989354,0.00012576147738530168,0.2612143424856432,0.2612074273376061,874
1.4037874809852682,0.013042982325839048,0.0014736727972718949,0.020087644184888766,0.0001283946520938854,0.2613311363990504,0.26132397444424227,875
1.4013674040528326,0.01383440069589376,0.0012403708399659332,0.020246442259084986,6.114468882837122e-05,0.25781950694279193,0.2577603566632352,876
1.3975785395409859,0.013211935175931262,0.0010212291560379241,0.02026788542858063,5.884691163187919e-05,0.25767117407128004,0.2576110968420304,877
1.4079523142082315,0.013848020401687804,0.0017092592571210756,0.02013689906884565,0.00012212413888282135,0.2610509790915928,0.26104250267376977,878
1.4037985717423296,0.013224196134156095,0.0014729366675593643,0.020126861023357683,0.00012265648266972915,0.2610750387209133,0.2610662715967815,879
1.4003463688339741,0.013667986534478675,0.0011839781642704263,0.02026238606174491,6.126048105701355e-05,0.25782690750277615,0.25776878242661994,880
1.3968906907364764,0.013195160995305457,0.0009913469687216697,0.020261087961586526,6.30347470003351e-05,0.2579394424867452,0.25788433778581055,881
1.4074686082038974,0.013673551395225473,0.0016830297491622738,0.02013135339726089,0.0001252629417314902,0.26119209282178674,0.2611843651996536,882
1.4034702280418785,0.01330693483491454,0.0014509247756116172,0.020138515932890583,0.00011939230018896238,0.2609266783694297,0.2609171483446605,883
1.399604746491806,0.013396197645856936,0.0011414776339689612,0.020279182810852243,5.81033274792197e-05,0.2576225538685679,0.25756308865917704,884
1.3964114765815123,0.01312194561188625,0.0009673641087296462,0.02026549709861319,6.387882865410169e-05,0.25799242320289045,0.25793986652085293,885
1.406731273285083,0.013348845918059522,0.0016461900320660725,0.02013078529179446,0.00013002595076850118,0.261402892210685,0.2613966998526243,886
1.4028095368833504,0.013163107597063971,0.0014139666564543035,0.020149859518213086,0.00012101890352054194,0.2610008592173767,0.26099240536098134,887
1.3991557728265085,0.013195302399493694,0.0011168711601193585,0.02030102626746028,5.602029407113158e-05,0.25748467060538616,0.2574249292131828,888
1.3959573359994053,0.01295387125632126,0.0009443171820732786,0.02027435797893777,6.25753712761735e-05,0.25791045961219533,0.25785736513902546,889
1.4061346552011138,0.013106752941879221,0.0016170864734308056,0.020126959873087335,0.0001325855574186704,0.2615145802102669,0.26150905091577603,890
1.402176884598869,0.01289023301355303,0.0013862152377204003,0.020150946380226794,0.00012329750235721767,0.2611039408480601,0.26109663934774496,891
1.3988400367944644,0.01310947677027808,0.001097210623035939,0.020318473468075467,5.488768329765915e-05,0.25740862222668015,0.25735011728043394,892
1.3956651814784853,0.01276128484506179,0.0009328798350333262,0.02029093643585814,6.111748147191565e-05,0.257817767038734,0.2577638430017762,893
1.4054236046760331,0.012992077638915515,0.0015736416662389212,0.020130307877946573,0.0001341620278638519,0.2615828333262571,0.26157709776727717,894
1.401553872429276,0.012663895254807402,0.0013556308368445117,0.02015255074573932,0.0001255124586316205,0.26120323429334674,0.26119613467314035,895
1.3985225200019709,0.013048087394767868,0.0010775431714681789,0.020330627735011448,5.42212817244969e-05,0.25736351014968384,0.2573059691487173,896
1.395446827165879,0.012636598572244324,0.0009211195495861985,0.02030622784583414,5.9504032285499515e-05,0.2577138856800901,0.2576595529520706,897
1.4046210433006945,0.01292761311141136,0.0015230786624633387,0.020138266957211385,0.0001346789123926784,0.2616051244022922,0.2615989220131194,898
1.400850387230605,0.012543194354439064,0.0013126607251124193,0.020160351036536486,0.00012753064338636515,0.2612929466210713,0.2612855502779282,899
1.3982945731258993,0.01297973606910352,0.00106709636065421,0.02034436396809725,5.425664821400896e-05,0.2573659112276764,0.25730871047841913,900
1.3952546342646364,0.012571076553331768,0.0009082463974926635,0.020318895491355852,5.824874399070194e-05,0.25763208647688834,0.2575779231130137,901
1.4038455226141358,0.012823108450237793,0.001480353888882676,0.020142800583327247,0.00013377947051492405,0.2615663075575105,0.2615598098846623,902
1.4001277910700844,0.012462696025028822,0.0012689062718212758,0.020163516232030755,0.00012794378290210273,0.2613112237579363,0.26130346719503866,903
1.3981604464258461,0.012909061689542515,0.0010641989114887553,0.020354901217864742,5.45681905513148e-05,0.25738702853326795,0.2573300240181807,904
1.3951435528108596,0.012516850988498751,0.0009044144296885331,0.02033339545654272,5.818290720942471e-05,0.25762777209999255,0.2575745574947747,905
1.4030339189426355,0.01266972327516483,0.0014382456461900215,0.020152295025132726,0.00013299448241600818,0.2615323233745854,0.2615258268392309,906
1.3994012751259168,0.012365277186462367,0.001229578464210511,0.020169380060061956,0.00012661725933649654,0.2612524334850954,0.26124446103783544,907
1.3980694772534947,0.012804182351733605,0.0010630832990293029,0.020361462783183168,5.4074642017589826e-05,0.2573535462205381,0.2572968226111435,908
1.3950867805518685,0.01245933994634446,0.0009062978431525724,0.02034116986871584,5.8622277332147246e-05,0.2576565186169791,0.25760438111553374,909
1.4022392173277407,0.012498296919991258,0.0013952402763024022,0.020161081170453534,0.00013364656547450014,0.2615605607768179,0.2615543490411662,910
1.3987250582143191,0.012246018975023207,0.0011947126573728835,0.02018141551175091,0.0001254616018870184,0.2612009643284415,0.2611931143986708,911
1.3979909635124987,0.01269461565021352,0.0010594613494921976,0.020373150821498424,5.277092520929263e-05,0.25726435993114966,0.25720792787160746,912
1.3950973596614242,0.012390370520620454,0.0009111172699189278,0.02034749275408616,5.845753872193151e-05,0.25764575298593484,0.2575941054147356,913
1.4013661899459244,0.01231288429787047,0.0013459204514061841,0.02016358099151649,0.00013515079104256498,0.2616254372409198,0.26161943107474006,914
1.3980167317404852,0.012099825583664153,0.0011570698878914775,0.02018984479601176,0.00012555872169431163,0.26120529882217836,0.26119764290742,915
1.3978901094002456,0.012584309444274642,0.0010536290496007377,0.020388339581473,5.136314846622626e-05,0.25716680880631165,0.2571107866478342,916
1.3950559856196398,0.01229402600730125,0.0009109795215319848,0.020358746087786986,5.742101051615763e-05,0.2575776652417587,0.25752616364957487,917
1.4005220730224763,0.012141482836161718,0.0012982072662361312,0.020164135738818457,0.00013634208702185873,0.26167656143827706,0.2616705335007874,918
1.3972789089413036,0.011936299279634,0.0011166854687140763,0.02019179786694505,0.00012662187282856682,0.26125263848297664,0.26124499319649697,919
1.3978256568263776,0.012483278035301784,0.0010513036960234578,0.020402053468739356,5.03817489132157e-05,0.2570980102080242,0.2570421308469079,920
1.3949891753081036,0.012198385761383263,0.0009073786356751373,0.02037528687405366,5.601360572626128e-05,0.2574842237891622,0.2574325670024972,921
1.3997705943986458,0.011995657187260174,0.0012567682216615668,0.020170022329572088,0.00013675913322183482,0.2616944060653731,0.26168826842068266,922
1.3965932185489003,0.011780657415362088,0.001078953621859445,0.020193170557138727,0.00012779658830337136,0.2613047153127963,0.2612970096856082,923
1.3977749927869556,0.012399035332643945,0.0010506931305373946,0.020411360550149946,4.981880070428996e-05,0.2570582434574255,0.25700232646766835,924
1.3949179027134506,0.012103249602188363,0.0009039095850488668,0.02038933039025223,5.4795699481673104e-05,0.2574024117341359,0.25735051295288136,925
1.39909270494813,0.011864429283892445,0.0012205176870896807,0.020178498293757344,0.00013665143053747536,0.26168980027791217,0.2616835020985441,926
1.395980936587659,0.011643462156274941,0.001045764005244167,0.020199064634677445,0.0001285088779664755,0.26133617563230543,0.26132836712493396,927
1.39770044009791,0.012310668345312126,0.0010496437824364464,0.020422047662196935,4.943648489707779e-05,0.2570311083690324,0.2569752173825453,928
1.3948465086311583,0.01201712148619485,0.0009014882614240656,0.020400464593349467,5.400893960863663e-05,0.25734907746650126,0.25729702634713597,929
1.3984560971050675,0.011734530190646198,0.0011868924441029642,0.020183905258415766,0.00013656554825550006,0.26168612631522953,0.2616796876810336,930
1.3954269048314156,0.01151664668633874,0.0010169203850479104,0.020205181071855673,0.00012866418522718611,0.2613430236368962,0.26133514352256737,931
1.3975966489866964,0.012220770834832848,0.0010460055670377943,0.02043453551853691,4.8911253620950664e-05,0.25699365810008973,0.2569379311491226,932
1.3947683341048605,0.011934347352466467,0.0008995836703166491,0.020412090959625945,5.3503040492030945e-05,0.2573145772599673,0.2572626094655059,933
1.3978436827107772,0.011603536453376712,0.0011539570783898776,0.020187948528279695,0.00013689711333973753,0.26170030398492866,0.2616937945358893,934
1.3949036837341129,0.011397037009731893,0.0009900305018057604,0.020210307466660537,0.00012864121772666653,0.26134201118526457,0.26133407880245235,935
1.3974663872651991,0.0121270388427254,0.0010396730833481852,0.020447521080925016,4.817013761760022e-05,0.2569404709939312,0.25688499724788905,936
1.3946677609784377,0.011849782271864924,0.0008963467747092859,0.020424535937936788,5.300595592696188e-05,0.25728051893253234,0.25722882148640686,937
1.3972619008283724,0.011473756274040677,0.0011221642861041028,0.0201922366343235,0.0001375648183635795,0.2617288029382192,0.26172228653023866,938
1.3943999143332604,0.011282436451125226,0.0009638051008390954,0.020215535217916823,0.000128767475149554,0.2613475757388772,0.26133964567353085,939
1.397334518316085,0.012029580864848132,0.00103285845427397,0.020460368036241166,4.733149835684367e-05,0.2568797891215388,0.25682466124886055,940
1.3945595091582987,0.011765464755691013,0.0008919871567277647,0.020436471838536124,5.238333376016479e-05,0.257237633160099,0.2571862808919835,941
1.3967140804327722,0.011343275798798128,0.0010925507512010689,0.020196404519678163,0.00013827983701021658,0.2617592447465905,0.2617527405970015,942
1.393922009851757,0.011171474635525014,0.000938683633066672,0.02022116699963982,0.0001290709076522529,0.26136093779809805,0.26135299803842627,943
1.397198306594625,0.01192982133003028,0.0010260530963054613,0.020473667391575488,4.654601112751848e-05,0.25682246371390266,0.2567676347061303,944
1.3944444586973233,0.011676876496247105,0.0008871632768208642,0.020448456376035082,5.1713544331538907e-05,0.25719121299444947,0.25714018139304606,945
1.3961954381943205,0.01121347492957822,0.0010650590618491958,0.02020020933108822,0.00013889689901602436,0.26178545285578897,0.2617789361571437,946
1.3934692753199345,0.011059844817864999,0.0009151819490167204,0.02022629099811208,0.00012941743409796596,0.26137617836085414,0.2613681943712218,947
1.3970569803218535,0.011827634008696375,0.0010193151997561663,0.02048660153558739,4.5827973768019534e-05,0.25676963616215964,0.25671502885880465,948
1.3943248420818297,0.011586387244595575,0.0008820869902211926,0.020460561667433964,5.1048047721246324e-05,0.2571447916499536,0.2570940242517073,949
1.3957037750770396,0.01108729631894615,0.0010393023984703333,0.02020437071779257,0.00013943716156249265,0.26180835134819813,0.2618018162362438,950
1.3930387044303818,0.010947660251367291,0.0008931412690021793,0.020231299304184498,0.00012978506367173544,0.2613923247702888,0.26138428333537095,951
1.396912109636088,0.011726295774426167,0.0010125310953704733,0.020499128180005072,4.517283741168295e-05,0.2567210741263345,0.25666660736993585,952
1.3941992060566628,0.011492640168408326,0.0008767835167290769,0.020472593905925193,5.039432443697022e-05,0.25709889600127867,0.2570483136265157,953
1.3952395331808178,0.01096595909896492,0.001015255836962503,0.020208617859814097,0.00013989260147390624,0.2618276202794098,0.2618210618381949,954
1.3926333582462695,0.010836356316267459,0.0008726967650957685,0.020235990670343675,0.00013016651544495915,0.2614090540994843,0.26140098686268176,955
1.3967573821418204,0.011624095021978021,0.0010054573822911642,0.020511228200442624,4.458062479191537e-05,0.25667687238098164,0.2566226125409217,956
1.3940663004587444,0.011398567845126226,0.0008710550279302042,0.02048460770882607,4.9764705182298826e-05,0.2570544103355489,0.25700399616783776,957
1.394797977425688,0.010849053608823035,0.0009925954676836858,0.020213165262810254,0.0001402781696223675,0.26184390854500184,0.26183731831430856,958
1.3922463314925757,0.010726994570718172,0.0008533561856879253,0.02024078134757504,0.00013054108586817766,0.26142545779687526,0.26141738044283014,959
1.39659685351314,0.011523141697727429,0.0009981966302312962,0.020523354221277233,4.404317966789452e-05,0.2566365035725067,0.2565825248590581,960
1.3939247505410202,0.01130388977980076,0.0008649527389434138,0.020496724730410133,4.9178196951666214e-05,0.2570127168024715,0.2569625281778271,961
1.39438070047352,0.010736574745446734,0.000971361024743243,0.020217747101403276,0.0001406225823896015,0.2618584392897886,0.26185182324812717,962
1.3918790044282128,0.010620673147912643,0.0008352100872378542,0.020245374316809634,0.00013087585047110223,0.26144009835932813,0.2614320199321526,963
1.3964305292510857,0.011423080556087133,0.00099063936910406,0.020535267845745563,4.353706759756529e-05,0.2565982624680718,0.25654462316181315,964
1.3937789652156187,0.01121069723935859,0.0008586652069919921,0.020508788315126984,4.86385970140315e-05,0.2569741377254849,0.2569242326162749,965
1.393982310205013,0.010627212971636208,0.0009511803494936101,0.020222539622093576,0.00014096497165793867,0.2618728670361433,0.2618662354316038,966
1.3915292660331646,0.010517840129032657,0.0008180643045760123,0.020250200497333695,0.00013118066215956362,0.2614534126861632,0.26144533349564464,967
1.3962578329938433,0.011323931090880875,0.0009826921221967328,0.020546981478099174,4.30540808201016e-05,0.25656156085242693,0.2565082787230706,968
1.3936274318092328,0.011117790110686065,0.0008521280470633486,0.020520333168444493,4.8135457256051605e-05,0.25693797212851505,0.25688839745851716,969
1.3936023953415122,0.010519860218887208,0.0009321348654732842,0.0202270907617286,0.00014129281585603074,0.26188666546412537,0.2618800304522089,970
1.3911960610546292,0.0104181719943133,0.0008018619157779402,0.02025523064913676,0.00013145998321510965,0.2614655999936815,0.26145752197256683,971
1.3960791528246446,0.011224722005370683,0.0009745284747896767,0.02055877023651238,4.2606257972877914e-05,0.2565273469321676,0.2564744311226573,972
1.3934702408019812,0.011025584189012547,0.0008453516743653814,0.020531643231406906,4.7674415399899074e-05,0.2569046662048139,0.25685543864202054,973
1.3932415020482736,0.010414563084435023,0.0009142827023700761,0.020231458326279657,0.0001415961099665534,0.2618994163708374,0.2618927824272349,974
1.3908796286851364,0.010321227010873481,0.0007866494936777929,0.0202602241820889,0.00013171394860151263,0.2614766697522196,0.2614685937376494,975
1.395894418181985,0.011125689562488566,0.0009661859507743543,0.02057046436095805,4.220058266739231e-05,0.25649619755452313,0.2564436584239571,976
1.393306734728726,0.010933282630328858,0.0008383696212130341,0.020542888736763083,4.7257750091700454e-05,0.2568744272555392,0.25682556768134335,977
1.392899221336677,0.010311442155922598,0.0008976050000853602,0.020235873318498753,0.00014186864612894355,0.2619108625266579,0.26190423365149684,978
1.3905787280136275,0.010226341984188305,0.0007723890748980258,0.02026512770917333,0.00013194288525012295,0.26148663942370104,0.2614785672101735,979
1.3957039203234651,0.01102650134131144,0.0009577208386888526,0.020581933160517558,4.1837246713709804e-05,0.25646817182159765,0.25641602426288834,980
1.3931362929918296,0.010841314363095102,0.0008311186219214515,0.020554077698476596,4.688475704590469e-05,0.25684724448562374,0.2567987732494824,981
1.3925765631283549,0.0102108046806641,0.0008821149970094741,0.020240453533550116,0.00014212374529261456,0.26192156639425435,0.2619149512782248,982
1.3902939757170814,0.010133421607645238,0.0007590956484140956,0.020269968431243762,0.000132162427842006,0.2614961918843592,0.26148813291860473,983
1.3955074008293125,0.010927557931731478,0.0009490597536877943,0.020593093243449587,4.1510040055022444e-05,0.2564428285756353,0.25639109483457706,984
1.392959638309863,0.01074958838981236,0.0008236060725829735,0.020565054105054395,4.654536722938731e-05,0.25682241652417875,0.2567743548046453,985
1.3922717683531491,0.01011245271504768,0.0008676985444761353,0.020245038548262834,0.0001423654172316065,0.2619316980028664,0.26192510359706306,986
1.3900252005185918,0.010042535811092249,0.000746723601814152,0.020274770520856977,0.0001323855245519534,0.26150589086302983,0.2614978525009072,987
1.3953031217155147,0.010828871735916817,0.0009400886185506161,0.020604078447165643,4.12183921316411e-05,0.25642015514856464,0.25636885186768116,988
1.3927762977919684,0.01065835382711472,0.000815776536694949,0.02057583789074847,4.623742145707709e-05,0.2567998103986124,0.25675217292031144,989
1.3919833315382582,0.010016131160814037,0.0008542621172900882,0.020249502506394998,0.00014259757721809052,0.2619414227468125,0.26193485406342537,990
1.3897711415285818,0.009953513908862182,0.0007351966220141299,0.020279453488559127,0.0001326135119033078,0.2615157940196631,0.2615077805759406,991
1.3950910728178079,0.01073058110311596,0.0009307956392266042,0.020614916591018773,4.096095138358718e-05,0.25640007432641115,0.25634921844314684,992
1.3925859945240293,0.010567449735076982,0.0008076290000127909,0.020586477250334946,4.596070945350353e-05,0.25677943282683025,0.2567322427081021,993
1.3917108617352862,0.009921857826622074,0.0008417735857464141,0.02025385773634817,0.0001428223223217274,0.2619508293570667,0.26194429348909803,994
1.3895314801378211,0.00986631830937053,0.0007244870145192961,0.020283998149169348,0.00013285018796275122,0.26152606558903563,0.2615180804274017,995
1.3948713425438728,0.010632834848215101,0.0009211984639347656,0.02062559267416508,4.074008842998802e-05,0.25638279628611066,0.25633239865215535,996
1.3923886654572697,0.010476806444780154,0.0007991646429548109,0.020597039041614033,4.571465245072278e-05,0.256761261158299,0.256714537631461,997
1.3914541458574734,0.009829703593813759,0.000830227636040917,0.02025821640950745,0.0001430344883383374,0.26195970268603436,0.26195320625215923,998
1.3893057630527135,0.009780930807090698,0.0007145585641569899,0.02028839019585017,0.00013309876585607935,0.26153684384292686,0.26152889170084215,999
1.3946439849725154,0.010535591340934606,0.0009113367148778284,0.020635986938320975,4.0559303884520726e-05,0.2563686186794721,0.2563186976791997,1000
1.3921839310404607,0.010386687682782156,0.0007903467495796135,0.02060744178256863,4.549922230430477e-05,0.2567453111347294,0.25669907849491885,1001
1.3912134411679729,0.009739741445946052,0.0008196439455059224,0.02026259696972156,0.0001432315406370367,0.2619679380277906,0.2619614887876917,1002
1.3890937180386458,0.009697386355794783,0.0007053785225118907,0.02029265247751672,0.00013336444007060836,0.26154835226647544,0.26154043834727164,1003
1.3944093317836663,0.01043897483352332,0.000901242753883995,0.020646113158666247,4.042052469254206e-05,0.25635771379448163,0.2563082852394695,1004
1.391971970281979,0.010297183468618154,0.000781182528791616,0.020617684453176337,4.531410192627796e-05,0.2567315749959633,0.25668585351512785,1005
1.3909883099346458,0.009651853782098265,0.0008100025606419664,0.020266951593634754,0.00014341302333507164,0.26197551766459687,0.261969121979801,1006
1.3888951025027227,0.00961558797051942,0.0006969384253583339,0.020296741260208143,0.00013364648102204692,0.2615605571242067,0.26155268660239867,1007
1.394167218458681,0.010343064067153983,0.0008908958997723855,0.020655985049054203,4.0322426270586216e-05,0.2563499941945317,0.25630107604486424,1008
1.3917528865287285,0.010208409530421302,0.0007716859976256677,0.02062778132411513,4.516104067162485e-05,0.2567201964756713,0.25667500948415056,1009
1.3907781793840408,0.009565933331394098,0.0008012506494991761,0.020271249037189146,0.0001435871705755247,0.26198278642785244,0.2619764511455348,1010
1.388709737962882,0.009535545157612933,0.000689227380405772,0.020300647114944104,0.00013394381927714073,0.2615734100107592,0.2615655869297109,1011
1.3939172677107607,0.010247939484292904,0.0008802454795238231,0.020665616420045135,4.026185418520992e-05,0.2563452229421203,0.25629683080295085,1012
1.391526555412687,0.010120444344862825,0.0007618509214928937,0.020637716203484247,4.504075015571808e-05,0.2567112405824645,0.25666661048487455,1013
1.390582901044883,0.009481920178102381,0.0007933589626587592,0.02027545026467381,0.0001437626353678948,0.2619901057279698,0.2619838374082872,1014
1.3885377537507613,0.009457287083331569,0.0006822476960287499,0.02030436049605252,0.0001342580249684548,0.2615869765240314,0.2615792043022223,1015
1.3936590199902203,0.010153623366139314,0.0008692486871492963,0.02067499808384297,4.023707739803719e-05,0.2563432702447584,0.2562954194385415,1016
1.3912925551277533,0.010033278189405857,0.0007516536893377762,0.020647466266963916,4.4953406731483476e-05,0.2567047301758895,0.25666067990310465,1017
1.3904028163976014,0.009399835476922816,0.0007863294381492511,0.020279529500071666,0.00014394653462650956,0.26199777206928476,0.2619915770542477,1018
1.3883795315224103,0.00938083931490829,0.0006760082869630695,0.020307866618224018,0.00013459519844812568,0.26160151707528484,0.2615937996411296,1019
1.3933917212533888,0.010060105750046589,0.0008578572939180025,0.020684122923276645,4.0248096750736313e-05,0.2563441387713965,0.25629684714951034,1020
1.3910499815086408,0.009946890416651857,0.000741034873722323,0.020657022876975645,4.4898552342286074e-05,0.2567006382041031,0.2566571919172292,1021
1.3902387319114506,0.009319678795744996,0.0007801987693648873,0.020283451769893563,0.00014414506201761352,0.2620060427292932,0.2619999270111695,1022
1.3882356452026796,0.009306169212123376,0.000670531962816542,0.020311122630029477,0.0001349625117485817,0.26161733668912895,0.2616096786405695,1023
1.3931143871630778,0.009967357792884384,0.0008460094698554387,0.020692991405287447,4.0295068391863116e-05,0.25634783966337077,0.2563011291819099,1024
1.3907977929767241,0.009861306717178409,0.0007299275854667145,0.020666393564167312,4.487656646770983e-05,0.25669899742257823,0.25665618241328225,1025
1.390091497698882,0.009241458370036464,0.0007749964736274529,0.02028717542940391,0.0001443678542987962,0.26201531748639195,0.26200928721837563,1026
1.3881067642211706,0.009233268493485018,0.0006658462689252279,0.020314085041927603,0.00013536686455828208,0.26163472666452814,0.2616271327968976,1027
1.3928259416560838,0.009875392335512774,0.0008336257878396409,0.020701603835959776,4.0377166108435515e-05,0.2563543029600764,0.25630819705470376,1028
1.390534954477091,0.009776486343813524,0.0007182696365600413,0.02067556926507552,4.488799573160723e-05,0.2566998504260623,0.25665769508771236,1029
1.3899620384620825,0.009165192601735024,0.0007707528782130069,0.020290647785964386,0.0001446256382478904,0.26202604000691376,0.2620201009630691,1030
1.3879937021351332,0.009162154012009925,0.0006619883353154441,0.020316726031385807,0.0001358141525769452,0.26165393292313566,0.2616464078575245,1031
1.3925254984605955,0.00978423828655503,0.0008206392207406165,0.020709958145072586,4.0493830406018735e-05,0.2563634762831348,0.2563179991614113,1032
1.390260802761013,0.009692386020086659,0.000706026413441153,0.020684528201641218,4.4933970551550875e-05,0.2567032805812938,0.2566618135993957,1033
1.3898510264061397,0.009090890992823831,0.000767484810760877,0.020293823287215115,0.00014492790291951868,0.26203860053824857,0.26203275762253836,1034
1.3878970399164277,0.009092828201171847,0.000658982889342062,0.020319033135337148,0.0001363090806495149,0.26167514799261726,0.26166769596054207,1035
1.3922125920220572,0.00969392060415431,0.0008070116051612544,0.02071805021138498,4.064470069754734e-05,0.2563753196545387,0.2563304962721708,1036
1.389974972647073,0.00960897897314714,0.0006931786264609011,0.020693241176650147,4.5015193753272915e-05,0.2567093363124286,0.25666858637275075,1037
1.3897588705139696,0.009018565418594592,0.0007651979209090877,0.020296652312719928,0.0001452815596397714,0.2620532800365615,0.26204753718939466,1038
1.3878168614296758,0.009025257566624133,0.0006568274715985868,0.020320990141296527,0.00013685466962004182,0.26169849005726986,0.26169111512911514,1039
1.391887645552252,0.009604529950403156,0.0007927537630129485,0.020725889034071292,4.0828697720716356e-05,0.2563897337754179,0.2563455899243573,1040
1.3896779820963603,0.00952630035839603,0.000679753363186394,0.02070169915704521,4.513115596623657e-05,0.25671797260832735,0.2566779677174684,1041
1.3896850305185335,0.00894820010895206,0.0007638447068787684,0.020299090752874085,0.00014569029606996363,0.2620702235302402,0.2620645834553743,1042
1.3877523610729672,0.00895937017490322,0.0006554720431841739,0.020322585341938985,0.0001374499834296155,0.26172390649184885,0.2617166123564471,1043
1.3915522105181715,0.009516269498531347,0.0007779304819495506,0.02073349937170635,4.1042898103631866e-05,0.2564064731407875,0.256363034480013,1044
1.3893714516507991,0.009444435311035643,0.0006658378518116724,0.020709907926386665,4.527984984496264e-05,0.25672903037925693,0.256689796670004,1045
1.3896276958608635,0.008879739008433947,0.0007633071268448401,0.02030110693356972,0.00014615345990105476,0.26208939452168944,0.2620838580284048,1046
1.3877015517897682,0.008895052976338528,0.0006548053912685698,0.02032383198638285,0.00013808795121604843,0.26175108298056177,0.2617438721303181,1047
1.3912094146868805,0.009429489498327864,0.0007626843320558702,0.020740921491223144,4.1281935592123455e-05,0.25642510199079543,0.2563823919353949,1048
1.3890584759659224,0.009363480646360042,0.0006516040404029147,0.02071788114503567,4.5457246413369095e-05,0.2567421989301243,0.25670375941981033,1049
1.3895834271973395,0.008813106209288593,0.0007633782607245277,0.02030268514462484,0.0001466637320064921,0.26211048025498956,0.26210504555738384,1050
1.3876610315531859,0.008832142386402439,0.0006546420637642543,0.020324776225849436,0.0001387550174010202,0.26177943196427655,0.2617723054280097,1051
1.390864136535449,0.009344804342934198,0.0007472411359135682,0.020748209408875177,4.1538100404555995e-05,0.25644500584984653,0.25640304322877105,1052
1.3887435697354158,0.009283407884461648,0.0006373112312380946,0.020725653497567414,4.565669698486597e-05,0.2567569739517676,0.25671934756872306,1053
1.3895469523886796,0.008748258170866285,0.0007637530940602924,0.02030382472749092,0.00014720452549706083,0.2621327872105737,0.2621274481633046,1054
1.3876260764355959,0.008770359662069387,0.0006547347076207848,0.02032550782285485,0.00013943085079276524,0.26180808412879775,0.26180104162082507,1055
1.3905228859588845,0.009263544428126533,0.0007318746779783749,0.02075541202591164,4.180169446386907e-05,0.25646542299187525,0.2564242168293228,1056
1.3884326290240678,0.009203451481523224,0.0006233487733019636,0.020733305094411444,4.5869369479081476e-05,0.25677269292667854,0.25673589803583735,1057
1.3895098719642058,0.00868532259202397,0.0007639514013870518,0.020304516118338337,0.00014774375380981157,0.26215498884449556,0.2621497307115048,1058
1.387591787623578,0.008709077671078213,0.0006548693787558632,0.020326229445220525,0.00014008775350357245,0.2618358672476322,0.26182891119064194,1059
1.390192631394626,0.009189564512890267,0.0007167638376880166,0.020762437875426535,4.2069433907202235e-05,0.2564860954284687,0.2564456328593367,1060
1.3881376371386782,0.009119422834425418,0.0006107411673926474,0.020741059929437075,4.608551988632284e-05,0.25678863166524174,0.2567527069627825,1061
1.3894466317460654,0.008624828620102295,0.0007626399496730998,0.02030485572908844,0.00014813797078053556,0.26217119430378694,0.26216596803666486,1062
1.3875710067106894,0.008646538553598843,0.0006561621005455392,0.020327676599604563,0.00014067259312127087,0.26186054775806206,0.2618537014140798,1063
1.3898521315522085,0.009134325891109938,0.0007008872028615679,0.020767550615204414,4.2514908335858e-05,0.2565203457221115,0.25648063175253355,1064
1.3879817229843248,0.009013277474055805,0.0006089195297158949,0.020749870782178645,4.630343138619127e-05,0.25680466247408285,0.25676977379515514,1065
1.3890933469104427,0.008560489848937458,0.0007480745576734079,0.020309734635094393,0.00014645873678315887,0.2621020137490898,0.2620964645258516,1066
1.3879130371112811,0.008581042928008318,0.0006831676985275179,0.020334375520536987,0.0001407459230822746,0.261863638694864,0.26185699015000363,1067
1.3887790621716727,0.009058611191341225,0.0006603932805332111,0.02074621117316634,4.663727917872574e-05,0.2568291492280317,0.2567920343233191,1068
1.3891898174457329,0.008836614926051837,0.0007084410926051717,0.02075944193094989,4.748750798934249e-05,0.2568911180507478,0.25685847065325296,1069
1.3853949510079362,0.0084054340296226,0.0005619392918760855,0.020384247251171307,0.0001250579675943101,0.2611829319766468,0.261174135157543,1070
1.3885055863985383,0.008444603439864296,0.0007647348136877801,0.020405721445830364,0.0001260901842797309,0.26122898856886634,0.261220625864049,1071
1.3853828526541854,0.008712065609721698,0.0005431167701740314,0.020636680661086922,6.833417824402262e-05,0.2582664489500645,0.25824046618619173,1072
1.3884342425799208,0.008491583168361011,0.0007395774748671498,0.02071593274068086,6.037408095509687e-05,0.25777007599416485,0.25774690047860066,1073
1.3817702434306225,0.008346679351873495,0.00035522879865624164,0.02051267862979265,9.798268209061313e-05,0.2598986202114544,0.259886199142438,1074
1.3952115775814085,0.008530166443612775,0.0012336564609862991,0.02050428576729251,0.0001068727573728337,0.26033792809864886,0.26032739960266726,1075
1.380054011225965,0.008339264483352654,0.00024149639394502312,0.020540389115102305,9.360682272963603e-05,0.2596750618979744,0.2596599397720594,1076
1.4024590273975992,0.01216347599467019,0.0013865597648408203,0.02086381804367426,4.918335004117437e-05,0.25701308420320007,0.257005908809597,1077
1.394194962728422,0.010979084265159091,0.0009527574742700864,0.02075803267008106,5.7806387046434774e-05,0.25760305116689575,0.25759565372400756,1078
1.388928794656766,0.0094980194928793,0.0007294514199704485,0.020343475803012292,0.00012174532594828936,0.26103382644182377,0.26101926150843063,1079
1.3932476588745222,0.01074764065998594,0.0009362566553604867,0.020410471113116415,0.00012066880869036378,0.26098493553419244,0.2609725106025216,1080
1.3831852099027075,0.008664185047966448,0.00040122964542227093,0.02073814618815677,6.693662214050976e-05,0.2581814804369692,0.2581751415684604,1081
1.386790607972615,0.00906586196881372,0.0006347290699848331,0.020615544179689593,7.762424654591189e-05,0.25881046233440175,0.2588033370632202,1082
1.3901729716248743,0.008526069836949474,0.0008890737374241911,0.020383105851261286,0.00011463519186694123,0.2607067825170282,0.2606953068585387,1083
1.3875686628107353,0.009565357886636967,0.0006505561756934228,0.020493172843965724,0.00011155040196379247,0.2605617423734814,0.2605530993172075,1084
1.3832199018350761,0.00863396237892044,0.00039433316045273104,0.020794989625218842,6.277985341501157e-05,0.2579233738656592,0.2579178918998376,1085
1.3823346412591926,0.008474908058201941,0.0003862680229956588,0.020497516206331775,9.008012786920403e-05,0.2594910551504669,0.25948319208196824,1086
1.4039971847715174,0.010217849869339629,0.0017012332778926806,0.02053524977236108,0.00011278721654789725,0.26062013260500533,0.26061397222564,1087
1.3961636970121352,0.011685651057737048,0.0010860294360810396,0.02059365737212794,0.00010824559335812232,0.2604041142514931,0.2603971782266867,1088
1.3974169326907064,0.009070695792064827,0.0013344980437864163,0.020646102081704462,7.253906065753458e-05,0.2585169865948899,0.2585083376134739,1089
1.4015288890825879,0.012396129474007853,0.001352374561242411,0.020684862552676653,5.919046710005098e-05,0.25769353410989065,0.25768596874835825,1090
1.3943496133546793,0.00877960474984454,0.0011652354439900224,0.02055019056468759,8.548312503301429e-05,0.2592457084657161,0.2592387269462407,1091
1.3913795346230184,0.009481740664802198,0.0008996874240542743,0.020440749176924223,0.00011902507838330582,0.2609098615198959,0.26090112954718225,1092
1.389087699387861,0.010008581023337832,0.0007308739687029095,0.020574964630875287,0.00010233314260788425,0.26011598451006546,0.26010781081336526,1093
1.3976791952936345,0.008887786417473726,0.0013344276382375622,0.020774822943570765,6.074503925658972e-05,0.25779391039572497,0.25778586058321934,1094
1.4005668929754203,0.012447583059414928,0.0012711386969261715,0.020748656980845263,5.577069981345621e-05,0.257467978294924,0.2574577893384845,1095
1.3904306758210236,0.008508647612023945,0.0009220856907864746,0.020454775395365818,9.924659561704301e-05,0.25996225856003763,0.2599522931177841,1096
1.3992684118518137,0.010677419873019367,0.0013218255286219947,0.020412401014956463,0.00013179495339339978,0.2614801983168149,0.2614735252755703,1097
1.3936285542741518,0.010563260266931966,0.0009955188015696647,0.02057764202781982,0.00010386788468102584,0.26019155948228856,0.2601834066045202,1098
1.4021121928322435,0.009806098310083727,0.0015571105889507267,0.020758737903264945,5.7786458222231337e-05,0.25760174047322265,0.257588216796872,1099
1.4073436340634642,0.01339674789759302,0.0016282601442867916,0.02079527828038799,4.907487909648002e-05,0.2570053464651279,0.2569928141188035,1100
1.4037415892781457,0.009204288192595687,0.00176329975343124,0.02054006452622225,8.594130324975236e-05,0.25927045323863684,0.25926330528004476,1101
1.3891097333438804,0.008429010840743703,0.0007947038995068925,0.020332435080818372,0.00013186578742694588,0.2614832829551024,0.26147708501856726,1102
1.4246366536147643,0.010918713147265597,0.00303968474833702,0.020511519255650118,0.00010167843148549593,0.2600835723573293,0.2600711953314478,1103
1.4176477812252075,0.01067260188151501,0.0025678475360056694,0.020751250410222556,6.927966860071346e-05,0.2583234409111084,0.25830798058332777,1104
1.388754874710915,0.008052025414759032,0.0007774426497133516,0.020875561428620265,5.618940504650921e-05,0.2574959592479221,0.2574838222393279,1105
1.3893583669716345,0.008475836625223323,0.0008545318552134755,0.020521640104849907,9.413037762176846e-05,0.259702081097464,0.2596940942871299,1106
1.4045568588337605,0.008645324338710183,0.0018192139172314868,0.02029718398832649,0.0001273861595503551,0.2612865477250732,0.2612782082748532,1107
1.3900730585614172,0.008081620255846345,0.0009048329328886441,0.02038228165655836,0.00011991267694614668,0.2609504646908771,0.26094239189237,1108
1.4181810625990978,0.008765456936496767,0.0027386404429875196,0.02078740724394021,7.249932143640095e-05,0.2585146533362434,0.2585062396520785,1109
1.4234289467785795,0.008915367136053289,0.0029958514336872475,0.021002684721943613,4.850014452835715e-05,0.25696420451511565,0.25695236487242396,1110
1.3870388775344966,0.008499983433583358,0.0006141604633462876,0.020899613549187627,5.2026368036613825e-05,0.2572129306136004,0.25719644390592533,1111
1.392108486868438,0.008153121473306536,0.0010194540144987463,0.020358703433374287,0.00012858798607967976,0.26133966428425814,0.2613313105269754,1112
1.4002243306894946,0.008146106305893786,0.001486464823579824,0.020240836116911486,0.00015710689294299264,0.2625342288531442,0.2625310491044317,1113
1.386200854432427,0.0077572881827305505,0.0006873173185517312,0.02049072148361367,0.00010517002090153254,0.26025524358079966,0.26024970887764515,1114
1.4178108550117712,0.009810335029038535,0.0025497459647698725,0.0208934213670301,4.66421040094536e-05,0.25682950247159,0.25680963786814964,1115
1.4277318511291808,0.010691826302410765,0.0030243781119739725,0.021100204610578422,3.04721617410479e-05,0.2555201595756869,0.2554920334738157,1116
1.3893885770562076,0.008609169986032764,0.0007338462372425915,0.02100156860174685,4.6560217479869875e-05,0.2568235047797939,0.25680235637842863,1117
1.4003754506151502,0.008021814276240321,0.0014512516504441696,0.02020475545264097,0.00017263637588270066,0.2631391162519669,0.26313571557111987,1118
1.4143252488607865,0.008944695490909751,0.0021271189185899098,0.01993585488233537,0.00021795652535264496,0.26476335074949603,0.2647621400419346,1119
1.3886211048599846,0.00837258132241909,0.0008091049682360178,0.020372052953427297,0.00010325310896348775,0.2601613536973913,0.2601540918414152,1120
1.4160132024499064,0.008882059460027392,0.0022681671001323995,0.021175298392922755,2.257428444393573e-05,0.2547512403058502,0.25472410210899143,1121
1.4341124376729006,0.01117639543812945,0.0031713548394307787,0.02141104464075286,1.4227313118673789e-05,0.2537719110698257,0.25372884636918264,1122
1.3965812807741007,0.009980613830314091,0.001155202405625428,0.02091719723417974,5.3942811926968244e-05,0.25734457704207453,0.25730913124463917,1123
1.3967646234902642,0.00790095474488807,0.0011782401639225683,0.020133586521763617,0.0001830107603309125,0.26352814696589716,0.2635218000727663,1124
1.416903890539745,0.010110445515710744,0.0023847653006466114,0.020063677126330292,0.00018057654587720891,0.2634378772831578,0.26343689390178243,1125
1.3921491910840265,0.009156226860461296,0.0009953993536132234,0.02040103117577649,8.836531254618389e-05,0.25940028257799647,0.25939392922600696,1126
1.4128310576125098,0.00983869916508126,0.002115619267574754,0.020859924397453197,3.3627103483983225e-05,0.25579888812480317,0.2557566809766814,1127
1.435367017219108,0.013788213815843017,0.0032944220878323906,0.021071428790312808,2.838982892747568e-05,0.25532821066845857,0.2552606472613376,1128
1.4066637107207918,0.011754891057416788,0.0017351646327804875,0.02090520087759222,6.189053903409655e-05,0.25786705402511617,0.25781918619903527,1129
1.3918889684474807,0.007904623597375805,0.000959858111559433,0.020327593196334367,0.0001524840011459304,0.2623484412435712,0.2623406547114304,1130
1.4234782692130472,0.012605407793817728,0.0027571641640741704,0.020166887007958212,0.0001516100378902497,0.26231300279745967,0.2623113376822355,1131
1.4029250966217515,0.011184166797969795,0.0015784857088100904,0.02031530473172359,8.71381110447752e-05,0.2593347796462892,0.2593287240802431,1132
1.4015822201783346,0.00831638082885746,0.0015570589890619893,0.020656204490192724,4.5216861608651554e-05,0.2567243484151739,0.2566934447157691,1133
1.4227476972092614,0.013398671964587897,0.002627597053729094,0.020838066554786195,4.630073778947001e-05,0.2568044645483293,0.25674498398190226,1134
1.4085998297794111,0.01150968376515527,0.001923292118848808,0.02065171207411203,8.76871586824824e-05,0.25936414217547354,0.25931563036095456,1135
1.3919003305999404,0.008130509186244122,0.000985481400723599,0.020471298818877725,0.00013724033004630754,0.26171496180302384,0.2617005990629023,1136
1.4135151060727484,0.01069353791340767,0.0022883519884582945,0.020467782979117517,0.00012368217979567296,0.2611212490213857,0.26112011702457044,1137
1.4151829282880557,0.011051966363258146,0.0024032647073673795,0.02045322999535324,8.381201460966224e-05,0.25915489020194465,0.25915329666776743,1138
1.385359433159354,0.008265808257733234,0.0005464986176624983,0.020407205273676076,5.8470300144827464e-05,0.25764658748363134,0.2576326516340684,1139
1.3933391180823953,0.01032645785130086,0.0009888924352516482,0.02050495096424106,9.261537805671154e-05,0.25962368838111,0.2595854164414744,1140
1.3922171305194346,0.008747192473983563,0.001002874243832364,0.020701248027483642,0.00011724604568844427,0.26082802131917204,0.26080536055018977,1141
1.384069924325771,0.008404946414404044,0.0005049441248009792,0.02072926457247828,9.921194681399837e-05,0.25996051940483017,0.2599540404617947,1142
1.3832366537643852,0.0078265292721059,0.0004616118814937159,0.020381132695219788,6.693313699490746e-05,0.2581812674442844,0.25817464745414886,1143
1.388048777183334,0.008767964058303296,0.0007398797244852552,0.02039182301875887,0.00010186847299348214,0.26009299128075924,0.26006393278886414,1144
1.3872820889623076,0.00827748435261536,0.0007172084813550062,0.020722129853621523,0.00010723379528998646,0.26035537518827717,0.2603308325960219,1145
1.3869887886807635,0.0084302358149245,0.0006854271278705118,0.020803772329046,7.401343754375418e-05,0.2586031062729548,0.2585999673658019,1146
1.3881982368182364,0.008142154673941015,0.0007930782184486344,0.020526125000796872,7.835826096839861e-05,0.25885202016312653,0.2588515411389871,1147
1.3824316917646433,0.007951501311931987,0.000422907387800074,0.020320574803359907,0.0001025427267132691,0.2601263382677683,0.2601100547366145,1148
1.384495944090265,0.00793390419456306,0.0005524383239515446,0.020836894457883642,7.775991681703848e-05,0.2588181583574485,0.258794678992379,1149
1.388568344223993,0.00798711306151328,0.0008351470263424151,0.020767956043048916,9.015973280792033e-05,0.2594952479066068,0.2594938652741728,1150
1.3881366042492491,0.007851257669413778,0.0008141931257201779,0.02057542716461098,0.00010102616832306644,0.2600511774595351,0.26005116004904993,1151
1.3817500750999898,0.007750688868440566,0.00038815712064608213,0.020485363453879607,8.313895596033389e-05,0.259118056589007,0.2590942029876814,1152
1.388542214801569,0.008255193273020413,0.0008136056450778163,0.020787194234081638,9.203850244113506e-05,0.25959366991516464,0.25958413764912913,1153
1.386015952162945,0.008015354726093629,0.0006620301380668096,0.020981571776571274,8.903443480833955e-05,0.2594358059967519,0.2594340569385132,1154
1.3820979938892766,0.008053065829785794,0.0003938710100176519,0.020595092329744276,8.257579459650172e-05,0.25908712245964044,0.2590768489464915,1155
1.3840912785535457,0.007650252274676674,0.0005417319177110846,0.020250343671850184,0.0001147858083929288,0.26071381390509135,0.26070032115870767,1156
1.3822140620217311,0.00783891649090859,0.00039500582393488097,0.020850167519558437,6.937088140840099e-05,0.25832891838166283,0.25831588434294306,1157
1.3823870000392808,0.007738048056017143,0.00043755146882064057,0.020828861838432734,8.695934810094133e-05,0.2593251996279405,0.259320396719721,1158
1.383179077893708,0.007733859669178987,0.00047294068347057547,0.02047725655730047,0.00011707940886908894,0.2608203238800458,0.2608134953720294,1159
1.3856302703757404,0.0076666362167642724,0.0006574600614286324,0.020566343443692982,8.608723657561765e-05,0.2592783207842593,0.2592676020337196,1160
1.3803448121409978,0.007629825161781205,0.00027188079925204145,0.020718508263400947,6.427584434978566e-05,0.2580172217351016,0.25800290376780605,1161
1.3844341798964994,0.0076017230727245646,0.00047879557097112987,0.020632011975147142,0.0001540851923554448,0.262413105669229,0.262411868729706,1162
1.3809842890551647,0.007655489132005714,0.0003502874893829045,0.020775532033849436,9.798509828450954e-05,0.25989874225770676,0.25989510604838206,1163
1.398858019113103,0.008144195533899702,0.0013937068644399929,0.020734519701802224,4.603925660397472e-05,0.256785223401184,0.2567627970400622,1164
1.3968601794040505,0.008417798383895309,0.001200552787666085,0.020595327913196737,4.018247477567437e-05,0.2563389648031579,0.2562999491844106,1165
1.401853265127393,0.008355255720629617,0.0016938647354474367,0.02050320751370398,9.584648018479078e-05,0.2597901215612877,0.2597763849618493,1166
1.4051030236016986,0.008991747403388765,0.0017365987944667162,0.02059816179268906,0.00016265061114780014,0.26275345487104573,0.26275313921135535,1167
1.4066529443719518,0.0084018005477744,0.001881835239697313,0.02081747952608502,0.0001616383567384861,0.26271370743483136,0.26271299050974545,1168
1.3993599057626867,0.007779469145926945,0.0015669261074079868,0.02094551013427496,9.85376243036516e-05,0.2599266119247028,0.2599255028664804,1169
1.3839771394217226,0.007848307130864823,0.00046044307052372726,0.02088149195926314,5.373798383968888e-05,0.25733061960817016,0.2573111110000863,1170
1.3851607706445377,0.00771757438963873,0.0006156625704058949,0.020525762452350632,8.17593735841774e-05,0.2590420890055439,0.25901515592920227,1171
1.3918230283444015,0.007425709912114895,0.0010744297448935633,0.020480909906242392,0.00011389014571475124,0.2606719326138592,0.26066553716983987,1172
1.3877050415516012,0.007700899559779944,0.000776207054323304,0.020627070668959222,0.00011814132557884544,0.2608692835816739,0.26086825992924256,1173
1.4021808197593444,0.008410795082820643,0.0017042945426649209,0.020936920692504888,7.844057448901323e-05,0.25885666836282206,0.2588492903010062,1174
1.3976818065608305,0.008611257057040505,0.0013453513843742202,0.02110387236122789,5.937789587046222e-05,0.2577057054103088,0.25768991119087303,1175
1.393315357353308,0.008139227853381201,0.0011133634866730482,0.02098232657743959,6.911669472322305e-05,0.2583136450924503,0.2582978413202441,1176
1.3889606113094681,0.007387382896705096,0.0008979467837678837,0.020565552411509,9.955218834762244e-05,0.25997758429418777,0.25996616860837063,1177
1.3926912526081836,0.008021973238823853,0.001098636855865005,0.02036932273377215,0.00010875227253271302,0.2604284357663416,0.2604200942814475,1178
1.39160381963197,0.00834240962994185,0.001013911814801052,0.020554270581219624,9.404678003160627e-05,0.25969777191068166,0.2596932455090481,1179
1.3949688252106192,0.007629499668436002,0.0012786796751308696,0.020909793615211173,8.001294767178789e-05,0.25894499567757234,0.2589423913915394,1180
1.3935626763518918,0.007955195103214328,0.0011621847046796923,0.021056953557248792,8.003262664724833e-05,0.25894609560910503,0.25894128140198464,1181
1.3897323267962796,0.008140595676622665,0.0008993241608216214,0.020905652694986582,9.004210353703737e-05,0.25948905177228143,0.2594771319764179,1182
1.3863937893157459,0.0077274184174469344,0.0007050801374705339,0.0206811024232672,9.355084517082097e-05,0.2596721685867659,0.2596594132011244,1183
1.391895061151169,0.007513119662071809,0.0010875645594781674,0.020574357739154184,8.778222716610614e-05,0.25936921699856,0.2593642421645308,1184
1.3900968045685826,0.007598044950063592,0.0009618534933891051,0.020537458738069635,8.554013149921813e-05,0.2592487908128154,0.2592468375215538,1185
1.391778469615477,0.00767245825160164,0.0010698155863072226,0.020627105545532185,8.889309289206221e-05,0.259428313364121,0.2594250741294014,1186
1.3881729942441683,0.007736733467837222,0.0008242703567527993,0.020853263861615966,9.102256481439016e-05,0.25954057465849883,0.2595350393824102,1187
1.3924193145879646,0.007614386914671481,0.0011142720104057014,0.02103076821437233,8.935563107167045e-05,0.2594528107498072,0.2594459908413336,1188
1.3894843648584259,0.007366866426356301,0.0009349794714955447,0.020902799227206434,8.874114182762397e-05,0.259420251686002,0.25941193814362185,1189
1.3893555453153785,0.007724226157359177,0.0009042611326193489,0.020578075780628695,9.051822130335967e-05,0.2595141064374622,0.2595065364525995,1190
1.3886251923544495,0.0075164646289264435,0.0008706505341718031,0.020464406884688393,8.936337997385745e-05,0.2594532206138362,0.2594499111259699,1191
1.3911555908506672,0.007372507905236734,0.0010463987789271188,0.020681278076101078,8.432947519302795e-05,0.2591831081444698,0.2591817503616119,1192
1.3888436139141214,0.0073272675683211845,0.0008939457913227361,0.02089575864367464,8.42129011044101e-05,0.25917675874720536,0.25917328814731666,1193
1.3881311665721188,0.007828780632041774,0.0008141256912200744,0.020899236068134448,9.212821331782577e-05,0.25959834430085865,0.259588286138762,1194
1.3862814294861796,0.0076473737609834775,0.0007025356785025358,0.020793429229876065,9.735396916780195e-05,0.2598668114995576,0.25985693816620825,1195
1.3901413638356381,0.007326924664608644,0.0009835436467583235,0.02071446871574074,8.982036742762464e-05,0.25947736078386935,0.25947367506434316,1196
1.387755434441141,0.007278072225096473,0.0008235358265303162,0.020644566927751448,8.13854999932435e-05,0.25902139124488255,0.25901906682059295,1197
1.3897752915392625,0.007746348730345276,0.0009269977680220002,0.02062945798641309,8.217274068178657e-05,0.2590649181287967,0.25905974825554673,1198
1.3869272248969982,0.007625969320315281,0.0007486008595351934,0.020729903943119972,9.067902037462495e-05,0.25952255324871565,0.2595155965166282,1199
1.3895079081505224,0.007331534622476413,0.0009396072398947224,0.020876204879526804,9.722831406452639e-05,0.25986044187978036,0.2598550576146943,1200
1.3875449901826546,0.007347500140222288,0.0008081813970691144,0.020885010445451938,9.40967025891709e-05,0.2597003454881345,0.2596944103322263,1201
1.3887255664325788,0.007659927429839898,0.000863614087419037,0.02075282440806381,8.49525905483144e-05,0.25921697296015966,0.2592086750328937,1202
1.3872112382628128,0.007600522037681709,0.0007645755946820776,0.0206713996357253,8.134741573170295e-05,0.25901928022248466,0.25901284172657846,1203
1.3885254990211549,0.007235500151320941,0.0008814872203884085,0.020689266740553516,8.76264325995723e-05,0.25936089913414156,0.2593578536143235,1204
1.3865691659019401,0.007166349791778897,0.0007561633177558195,0.02071760650594023,9.512747361317044e-05,0.25975333141101903,0.2597495220138958,1205
1.3881078805124405,0.007610752745433457,0.0008279293482899223,0.02075469062647374,9.351393431722939e-05,0.2596702603024546,0.2596615628918353,1206
1.3860606662422568,0.007605847649155432,0.0006897693378080915,0.02083625661094205,8.627007547180633e-05,0.2592881685746872,0.2592788855605979,1207
1.3889069464157158,0.0072721719420580705,0.0009014979370193742,0.02086193302483901,8.39979308769826e-05,0.25916503850930167,0.2591603730369983,1208
1.3865570864436192,0.00716406044075458,0.0007550228409660904,0.020744658472774055,8.859499889968215e-05,0.25941249164141367,0.2594088218168633,1209
1.3883174754007597,0.007550369654367434,0.0008469884203914887,0.020618357164159877,9.336658418398229e-05,0.259662638572563,0.25965627120345874,1210
1.3860669839271693,0.007498589931624461,0.0007000317368809649,0.020671861159983342,9.14162601338762e-05,0.25956118507999276,0.2595542351119667,1211
1.3885655679108977,0.007217871664409397,0.0008836324705018691,0.02084194091162218,8.595275623815167e-05,0.2592710709326459,0.25926641139597734,1212
1.3867591272897297,0.007229538708768378,0.0007617592636489113,0.02087411612188685,8.519932875884699e-05,0.259230348246889,0.25922517231027015,1213
1.3875755392044549,0.007524263404043415,0.0007980713277112455,0.020752021461468026,8.982044272438896e-05,0.25947736475632277,0.2594692564275204,1214
1.385819829268253,0.007446296604618335,0.0006870328833523051,0.020701648431129392,9.250344735908273e-05,0.2596178712488306,0.2596110353659265,1215
1.388105178538993,0.007157023801405213,0.0008591168110971777,0.0207623854461045,9.003927313458748e-05,0.25948890263068325,0.2594856268661111,1216
1.3862572517102707,0.00711893898604441,0.0007375773314893577,0.02077049661501808,8.74828614534637e-05,0.25935322732822547,0.2593496538491233,1217
1.3871162429684598,0.00747645889095012,0.0007702006965876456,0.02072027263898065,8.758458844857225e-05,0.259358663817478,0.25935113565893847,1218
1.3852248320459069,0.007414051388295915,0.0006483141938310764,0.02075536890556973,8.83123566093695e-05,0.25939746543539105,0.25938952766332823,1219
1.3883255790267066,0.007174445067854636,0.0008718376810929726,0.020845045833672447,8.887256016600032e-05,0.2594272244147469,0.2594229984744706,1220
1.3863078008701137,0.007107374880594031,0.0007423759937350086,0.020814724586350492,9.037138657651884e-05,0.25950638662039993,0.2595026649048301,1221
1.3868921841584776,0.007458518907574431,0.00075779791171965,0.02069696490363544,9.130380563784977e-05,0.2595553024880351,0.2595490401558542,1222
1.3850308380362715,0.007349574515324957,0.0006405361399752685,0.020696199228300374,8.901412324638722e-05,0.2594347296329247,0.2594285030802588,1223
1.3881825877290732,0.007146477670988817,0.0008631055642527385,0.020815279137729032,8.586894456121765e-05,0.2592665497657552,0.2592626745162182,1224
1.3864450581379835,0.007111684262783818,0.0007497828925446672,0.020839731102489573,8.673418561579112e-05,0.2593131190057784,0.2593086131257541,1225
1.386267208031055,0.00743554415326365,0.000717148395959981,0.02074801515176293,9.106086212667394e-05,0.2595425815231872,0.2595350820811055,1226
1.3846099188310284,0.007333839344385243,0.0006139345943490993,0.020727330813128685,9.223695993782586e-05,0.2596040074936365,0.25959778606826056,1227
1.3880200610991476,0.007111440098924063,0.0008559647749311463,0.020801713377600145,8.829082158129797e-05,0.25939631957637127,0.25939340016191487,1228
1.3862185375748521,0.007072227178103372,0.0007373595475909421,0.020802181883728964,8.601167724419417e-05,0.2592742480689377,0.25927084201549705,1229
1.385897150214615,0.007388013635879697,0.0006951212262510148,0.020727532683929527,8.831788405655653e-05,0.2593977595232351,0.2593904260286198,1230
1.3841482379775023,0.0073073632601076835,0.0005845040504271264,0.02074046200259121,9.094623004626732e-05,0.259536573286368,0.25952932541007523,1231
1.388205784150087,0.0071041444855935295,0.0008690049816518292,0.020834081776241176,8.979641138896103e-05,0.25947609684358286,0.25947261351237266,1232
1.3863045950372177,0.0070582547905933945,0.0007449226261744651,0.020829319717241432,8.82023039543943e-05,0.25939160816657053,0.2593882965316368,1233
1.3855635249741671,0.007349551631329076,0.0006757195810909589,0.020732656488769097,8.849617032083137e-05,0.25940724031376,0.2594008157429594,1234
1.3838910575992094,0.007268092000432183,0.0005699588617838887,0.02072452744236289,8.945864300601381e-05,0.2594582579265959,0.2594518429873985,1235
1.3881646590851702,0.00707185360562959,0.0008683409762910788,0.020815683457173426,8.924112635201022e-05,0.2594467521589174,0.25944326695697467,1236
1.3864075900741801,0.007035911459815988,0.0007533658007356349,0.020826902727982023,8.887388332600156e-05,0.25942729459208747,0.2594234484914503,1237
1.3850690928055587,0.007313267201833295,0.0006450542762360578,0.02075250351578361,8.892861752010954e-05,0.25943019710929255,0.25942303521983673,1238
1.383528343880677,0.007238877874741728,0.0005475057710288291,0.02075120802901582,8.892358998809857e-05,0.2594299305399403,0.25942357010357947,1239
1.388107737249034,0.007053726862235669,0.0008658297764745711,0.0208213448171298,8.904173733696922e-05,0.25943619294720965,0.25943328659419196,1240
1.3863352939654838,0.007005504973108672,0.0007509737301542505,0.020809806373339363,8.952626826230211e-05,0.25946183218316105,0.2594586380265183,1241
1.3847068635730242,0.007272595688726519,0.0006239037378947059,0.02073435036774168,8.962003159768954e-05,0.2594667857057023,0.2594597929476035,1242
1.3831476883588167,0.007206217999512808,0.0005240205216611376,0.020754997127881553,8.850831195998341e-05,0.25940788562642975,0.2594009616490996,1243
1.3882189117566008,0.007047172059305234,0.0008732036362790297,0.020844796025029526,8.804810253261065e-05,0.2593833950429794,0.2593801902622984,1244
1.3864044705180154,0.006996607923817643,0.0007560164732924048,0.0208328508136217,8.912756550020107e-05,0.25944073966912556,0.25943761652534275,1245
1.3843666190213257,0.007233303080535295,0.0006041282237305073,0.02073878130811846,9.040052011578534e-05,0.25950791881095886,0.2595014771291372,1246
1.3828710580757526,0.0071696598665371945,0.0005084471926213238,0.020743381457154784,8.94517272722358e-05,0.25945789232716443,0.2594514413164149,1247
1.3882297704363484,0.007020266643065436,0.0008756398287445024,0.02083656944950627,8.776834409318623e-05,0.2593684760816894,0.2593652539091,1248
1.3864816521604901,0.006981151964118642,0.000761729875894875,0.02083669067787715,8.79500720294818e-05,0.25937816997230706,0.25937477469967285,1249
1.3839652971932292,0.00719464591954951,0.0005796807453171891,0.020751501564312762,8.964916043157819e-05,0.25946832405611353,0.2594615975788893,1250
1.382557661228643,0.0071348164712738615,0.000490019571218839,0.02075497501462489,8.999394137195663e-05,0.2594865136573958,0.2594802850759274,1251
1.3882196509901044,0.006994655234204105,0.0008771005373305163,0.020838102830561863,8.874728719160459e-05,0.2594205778586881,0.25941772666828605,1252
1.3864713286066346,0.0069524131262189105,0.0007632326607842784,0.020829936325281323,8.843778017326047e-05,0.2594041363331919,0.25940105959446375,1253
1.3836303710482571,0.0071550578654866704,0.0005599238232994149,0.020745163227352398,8.923702685191781e-05,0.2594465351770857,0.2594398653109419,1254
1.3822368482799396,0.007095725791596568,0.0004709977101626987,0.020758614323061083,8.925867888476374e-05,0.2594476811379705,0.25944124090706727,1255
1.3882885963362934,0.006979136362574205,0.0008826433068888044,0.020850651020055625,8.864012639517276e-05,0.25941488854926986,0.25941198626442463,1256
1.386517843101149,0.006932879064934599,0.0007677962288398961,0.020842177574242098,8.899925158044878e-05,0.25943394146581633,0.25943097434801576,1257
1.3833224959420949,0.007120900750867484,0.0005419052440616408,0.020748469673746547,8.990407397123567e-05,0.2594817758869969,0.25947541602296,1258
1.3819729262675151,0.007057124828408992,0.0004560582834839344,0.020754082201463443,8.926428754427675e-05,0.25944797796061553,0.25944179218313174,1259
1.3883250522236263,0.006959349865996654,0.0008861885573440918,0.02084905037252581,8.801376643183399e-05,0.2593815652442348,0.2593786745598007,1260
1.3865853933254169,0.006914568355043124,0.0007732702909923807,0.02084623693494507,8.834274526123113e-05,0.25939908214993523,0.2593959915330159,1261
1.3829884578654479,0.007086775767827519,0.0005218444794442238,0.020755162908847182,8.987687107504649e-05,0.2594803412952829,0.2594738320527503,1262
1.3817091304122524,0.007022910865222014,0.0004409180242124707,0.020758972569041564,8.982259419746022e-05,0.25947747826151346,0.2594714709758899,1263
1.388328506822001,0.006938353310974112,0.0008879682473498006,0.020851154590449793,8.827228078379217e-05,0.2593953329256494,0.25939269548747007,1264
1.3866035952451048,0.006892514009668069,0.0007759392282784821,0.020846179895144465,8.81472010967089e-05,0.2593886740861907,0.2593857882867749,1265
1.3826855773886653,0.007050866539132103,0.0005039785887273817,0.020754454205599956,8.955738609915724e-05,0.2594634764277805,0.2594569792437382,1266
1.3814403937696271,0.006986970651564457,0.00042536067057117704,0.02076085960588106,8.981989688096488e-05,0.25947733595906386,0.2594712091625628,1267
1.3883631868747113,0.006919784613259591,0.0008915317498894769,0.02085785113325776,8.835492597317292e-05,0.25939973010108125,0.25939712292036554,1268
1.386631284492225,0.006873510460212076,0.0007790857402132225,0.020854136887597376,8.82204718464151e-05,0.25939257535750526,0.259389823707836,1269
1.3824100897323583,0.00701690303451854,0.00048794452132558234,0.020758599328844968,8.966833217019025e-05,0.2594693364165706,0.25946305333589453,1270
1.381201232090368,0.006951400497108015,0.0004118526257109348,0.02075983530484005,8.998123140214727e-05,0.25948584373696654,0.25947982058926206,1271
1.388392931873586,0.006898225205883544,0.0008948851753665595,0.020858426332264965,8.817021641847963e-05,0.2593898997022588,0.2593872873809393,1272
1.3866746169272364,0.006853327553380942,0.0007831503766216154,0.020857734423636455,8.78175533378926e-05,0.25937110203433367,0.2593683074832644,1273
1.3821320641594756,0.006982578060730691,0.0004716325885986789,0.02076338728259164,8.94700014958113e-05,0.2594588583611243,0.2594525695055049,1274
1.3809762981895184,0.006917024867686539,0.00039925418583107555,0.020763141638160176,9.033429115416289e-05,0.25950443534115325,0.25949859767703526,1275
1.3883911860345763,0.00687566769394764,0.0008963806891652487,0.020861323321474688,8.840802400800566e-05,0.2594025541215143,0.2594000830906481,1276
1.3866869350827702,0.00683046643544602,0.0007854782384964773,0.020860054951795933,8.774456508517167e-05,0.2593672068988131,0.25936448350498137,1277
1.3818749407818178,0.0069482386042797615,0.00045670249718924373,0.020764753857773547,8.922713143529721e-05,0.259446011403513,0.25943968150680535,1278
1.3807570661567892,0.006881883509478344,0.00038697339735749563,0.020765000323001923,9.031291358340179e-05,0.25950331066436333,0.2594974808238546,1279
1.3883874704425814,0.006854797800924544,0.0008975458816656528,0.02086668826970632,8.845620789856694e-05,0.25940511604918126,0.2594027365093078,1280
1.3866825684973885,0.006808291217035521,0.0007867180636133725,0.02086619543025444,8.785057739695202e-05,0.259372863884478,0.25937026716135403,1281
1.3816457802350406,0.006915440653044755,0.0004436780356637048,0.020767869263958412,8.939448639626246e-05,0.25945486575241883,0.25944866444208564,1282
1.3805590220046235,0.006846464536383769,0.00037615769447956875,0.02076486850224435,9.038203821343158e-05,0.2595069468397289,0.2595011679247758,1283
1.3883718786373762,0.006833173396470903,0.0008978133324953295,0.02086979847641857,8.809121498730287e-05,0.25938569203560946,0.2593833165848156,1284
1.3866695356171619,0.006786193257771711,0.0007871523344218517,0.020871093549407357,8.746216083664394e-05,0.2593521206598634,0.25934952031321784,1285
1.3814365843685001,0.00688335141486299,0.00043189463680774634,0.020771048701153795,8.948670605380127e-05,0.25945974133123106,0.259453583448488,1286
1.3803876260776462,0.00681230145292152,0.00036711826882365284,0.020765971126764926,9.083009051813512e-05,0.25953048217658137,0.25952486420598214,1287
1.388315337205152,0.006810228707865624,0.0008954841811918606,0.0208743081027484,8.783890153492001e-05,0.2593722410092208,0.25936993801006913,1288
1.386622278124005,0.0067630560464297254,0.0007852957847010819,0.020876096608448295,8.691730216298457e-05,0.25932294492974106,0.259320357092692,1289
1.3812538904747174,0.006851124139879926,0.0004218337511064775,0.020772372499850235,8.940593294953324e-05,0.25945547105910294,0.2594492932282719,1290
1.3802413805783984,0.006777951849426619,0.00035974572095130887,0.02076571113729108,9.130389302244629e-05,0.2595553070606049,0.259549795071185,1291
1.3882086186212335,0.006786067404735604,0.0008898823338797138,0.020880582940316555,8.758683543893908e-05,0.25935878386538225,0.25935656215589153,1292
1.3865185480788638,0.006738942389839866,0.0007797388954349868,0.020883679148816045,8.641480235374555e-05,0.2592959562366518,0.2592934250147284,1293
1.3811164002209795,0.006820733548357692,0.0004147163943388978,0.02077396355812277,8.948000781513616e-05,0.2594593872853973,0.25945324581889107,1294
1.3801330269598902,0.006743973252947221,0.0003548544547072211,0.020763421447952814,9.18109386541403e-05,0.2595818024741768,0.25957634957043635,1295
1.3880372146984004,0.006759915379560269,0.0008799646998013925,0.020886569469704245,8.706352615992011e-05,0.2593307837912964,0.25932858446002416,1296
1.386349293914981,0.006713080197061882,0.0007697642350329889,0.020891959679114946,8.566887650726856e-05,0.2592557482953713,0.25925323633768965,1297
1.3810338085008937,0.006792017393902051,0.00041118597705660414,0.020775324749824183,8.967110871533865e-05,0.25946948302260153,0.25946341893547253,1298
1.380079975484911,0.006711248795798709,0.0003535702697634234,0.020760368248664673,9.255208517467636e-05,0.25962039942906096,0.25961506739621004,1299
1.3877624893450213,0.006731077170293544,0.0008632462717361796,0.020892768941753688,8.641261306744768e-05,0.25929583848114024,0.25929363784878545,1300
1.3860814668249535,0.00668512435475024,0.0007531369285384334,0.020900283293016117,8.467661027793184e-05,0.259201989473909,0.25919942524896783,1301
1.3810251925494972,0.006765839136277541,0.00041240124512190895,0.020775153840535705,8.987373759851388e-05,0.25948017603204254,0.259474105294778,1302
1.3800989360733107,0.0066808609420570516,0.00035688728721692273,0.020756520940632323,9.344899823816497e-05,0.2596669022048516,0.2596616994841907,1303
1.3873539113358928,0.006699050148714242,0.0008378086343637186,0.020899570908305232,8.57994156582241e-05,0.2592627973991783,0.25926062723738935,1304
1.3856866252265472,0.006654241127800141,0.0007281559478788274,0.020909053861210346,8.368085411255125e-05,0.25914772398537206,0.25914513458500255,1305
1.3811129668737332,0.006742875326271171,0.00041985563441951986,0.020773271436575383,9.019951522512754e-05,0.2594973425348951,0.259491267910205,1306
1.3802073099734506,0.006653697794956852,0.0003658810545309119,0.02075093110540951,9.434349367306876e-05,0.2597130578950745,0.25970792231874784,1307
1.3867953398239563,0.006663882806789598,0.000802562228918626,0.02090530519964234,8.521255672845707e-05,0.2592310647667784,0.2592289004215899,1308
1.3851528030393019,0.0066212346076817835,0.0006940235628003962,0.020917577284552458,8.275990974560785e-05,0.25909724737190365,0.2590946216695348,1309
1.3813143828486045,0.006724786384278963,0.0004345853867129304,0.020770695539841726,9.072124554167524e-05,0.25952477010440017,0.2595186879087697,1310
1.3804158993484745,0.006631299499827762,0.000381167966198883,0.02074469644304157,9.526166248771316e-05,0.2597602081170287,0.25975510125634327,1311
1.3861054106709632,0.00662565168136434,0.0007588326512502754,0.020908415622247444,8.476898172985968e-05,0.2592070072080921,0.259204842841703,1312
1.3845101208501651,0.006585651419264738,0.00065282912331163,0.020923756222779838,8.194204213967694e-05,0.25905218438498007,0.25904952010160653,1313
1.3816186242279167,0.006710636863125863,0.00045589372639575135,0.020767041591129746,9.129736472567137e-05,0.2595549654486906,0.2595488664481512,1314
1.3807131673999806,0.006613778577923059,0.0004019775485302945,0.020738697217465924,9.616727020814488e-05,0.25980649122816846,0.25980138937608105,1315
1.385335163211393,0.0065860355618507956,0.0007100462520007846,0.020909103799007258,8.464740571991833e-05,0.25920040247597453,0.2591982470894127,1316
1.3838123458705776,0.006549669041838982,0.0006081643925083941,0.02092780003075861,8.136792136517763e-05,0.259020416917481,0.25901770946172076,1317
1.381991829693273,0.006700202062183356,0.0004815099778363106,0.020763276696249573,9.184047353540195e-05,0.25958334354676915,0.25957716951712845,1318
1.3810605985961215,0.00660037411679783,0.0004258255364601092,0.020733527449680263,9.693262591910787e-05,0.2598454368069227,0.2598402852249169,1319
1.384568958247593,0.006546455151817461,0.0006617213885842697,0.02090776298775402,8.481041588436388e-05,0.2592092570755932,0.25920713460992173,1320
1.383137184388446,0.00651379094388558,0.0005652509092959144,0.020929974729217135,8.106337224450638e-05,0.25900351999189797,0.2590008162375206,1321
1.382374703272387,0.006690742574347817,0.0005076845842572281,0.020759843246051245,9.233360878552065e-05,0.2596090378699181,0.25960280278496567,1322
1.381402549444591,0.006588457566108668,0.0004492206434795927,0.020729321609272457,9.750929147705387e-05,0.2598746793100867,0.2598694373914368,1323
1.3838838323228764,0.006509148872469783,0.000618703186182509,0.020905516305853977,8.506614729690678e-05,0.2592231311004944,0.2592210239806709,1324
1.3825488673403283,0.006480326784003273,0.0005280961182503137,0.02093147420276513,8.089843142288492e-05,0.25899435553126987,0.25899165203540747,1325
1.3827044838645564,0.006680366198900746,0.0005303594296477781,0.020757642415133497,9.279751984910047e-05,0.25963314693384776,0.259626853879786,1326
1.3816831019305331,0.0065756614167583275,0.00046858903454602993,0.02072674334836227,9.800141018597202e-05,0.25989956616150284,0.25989424980095827,1327
1.3833321345344962,0.006474992959423987,0.0005843492363571407,0.020903770157549517,8.529505732215008e-05,0.2592355323247851,0.2592334485280948,1328
1.3820883554311805,0.006449131175290397,0.000499314017505013,0.02093267626638005,8.073586252178577e-05,0.2589853137130423,0.25898262109331727,1329
1.382929082183608,0.006665882140381859,0.0005462853136237879,0.020755868387439286,9.318675907874188e-05,0.25965332891176623,0.25964699340031805,1330
1.3818622100423612,0.006559423198989913,0.00048143646858779933,0.020725157899576276,9.842933746162142e-05,0.2599211560546955,0.25991578931306814,1331
1.3829296494364414,0.006444786891834823,0.000559608669899264,0.020903784780004573,8.541741782739673e-05,0.2592421543931811,0.2592400964879065,1332
1.381762591044822,0.006421314013134264,0.00047927075835626484,0.02093493225861133,8.055946410636495e-05,0.2589754924158157,0.2589728136049007,1333
1.3830261105892967,0.006646523118409227,0.0005540217454312825,0.020754865206342808,9.355866282629552e-05,0.25967257270979627,0.2596662060385184,1334
1.3819244685934398,0.006538711834480353,0.00048680238537397215,0.02072424668125048,9.881591207088329e-05,0.25994061930016854,0.25993522942117747,1335
1.3826690702072972,0.006417941146059567,0.0005439868160379118,0.020905545624098753,8.534386608667282e-05,0.2592381743914408,0.2592361516049974,1336
1.3815596367858498,0.006395864611961349,0.00046719627379172336,0.02093799448682646,8.032439671261031e-05,0.25896238789121573,0.25895974235271546,1337
1.383000875942275,0.006621944578608625,0.0005539519240200158,0.020754218334605383,9.39446123431033e-05,0.259692502893634,0.25968614119711897,1338
1.381880944684379,0.006513616721160971,0.00048540577157613535,0.02072381937853411,9.919944948251034e-05,0.2599598920417096,0.2599545091575681,1339
1.382523252896421,0.006394171320751572,0.0005356786491816012,0.02090918451513858,8.506261036121787e-05,0.2592229393558246,0.25922094876299856,1340
1.3814526572140284,0.006372806192153048,0.0004612730918588739,0.020941992004862634,8.001395164685687e-05,0.2589450517967677,0.25894243968246816,1341
1.3828804283193168,0.0065933270462665726,0.0005477940326599818,0.02075385831845189,9.436481504572535e-05,0.25971415539538695,0.25970782264229125,1342
1.3817592583295049,0.006485248070404985,0.00047900308354605325,0.020723790633181444,9.96085952528858e-05,0.2599804105753664,0.25997507448958534,1343
1.3824575990203307,0.006372295056795934,0.0005324683435823803,0.020914381844802862,8.460801480533801e-05,0.2591982615099451,0.259196313605051,1344
1.3814097600431234,0.006350979950226124,0.0004594505221012955,0.02094650530166573,7.962959776994603e-05,0.2589235417727462,0.2589209701193529,1345
1.3827019319919054,0.006561748734496716,0.0005379499225663979,0.020753175543907584,9.481632187000689e-05,0.2597373672966571,0.25973107455503824,1346
1.3815942735606803,0.006454951173251667,0.0004698311357681333,0.020723779874401042,0.0001000243378949122,0.260001216820713,0.25999594085685696,1347
1.3824351555247603,0.006351718823894566,0.0005319308274290273,0.020920889282314913,8.40098964963728e-05,0.25916569127215033,0.25916378686866004,1348
1.3813983276995299,0.0063301753456849455,0.0004595991510185271,0.020951655848237685,7.92067992714815e-05,0.25889982018197455,0.2588972932594876,1349
1.382502281918573,0.006528687775496689,0.0005267680025950146,0.02075210377888946,9.535453761335156e-05,0.2597649648034876,0.25975872543169376,1350
1.3814174381678577,0.006423982489353573,0.0004598985747354598,0.02072362192939219,0.0001004527229432327,0.2600226105852334,0.2600174045586541,1351
1.3824248693455985,0.006331385570977662,0.0005320500341732336,0.020928155697605894,8.327473153205535e-05,0.25912549897441534,0.25912363653541964,1352
1.3813917140022065,0.006309468917846663,0.00045999510500066267,0.02095694344307974,7.874119689227454e-05,0.25887362366185734,0.25887114247963927,1353
1.3823101825596773,0.006495033434971056,0.0005160854644443041,0.02075020505731955,9.601313757038334e-05,0.2597986293720287,0.2597924539146982,1354
1.3812521483255173,0.0063933523663041916,0.0004506854290223496,0.020723265538536272,0.00010091012852118195,0.26004540335283666,0.26004026868908847,1355
1.382404016552137,0.00631102727152097,0.0005313242003010866,0.020936122080559855,8.243068483406028e-05,0.259079134586185,0.2590773065378437,1356
1.3813718388727338,0.006288720091043233,0.00045945462994324875,0.0209623361199347,7.824897630038247e-05,0.25884584514336434,0.25884340347736917,1357
1.3821421820997728,0.006461394155053815,0.0005069405714351392,0.02074731643501915,9.681704907738932e-05,0.2598395654923065,0.259833460643065,1358
1.3811102766653598,0.006363562844541449,0.00044294869942878933,0.02072259636985235,0.00010139506117344692,0.2600695114664738,0.26006445039682,1359
1.3823612869119917,0.0062901483346612195,0.000529023898822497,0.02094448930989267,8.149416393755697e-05,0.25902741180724337,0.2590256135083922,1360
1.3813303414293137,0.006267531953524535,0.00045746488921998696,0.020967539629733745,7.774649229204076e-05,0.2588173971381605,0.25881498981067225,1361
1.382004088559256,0.0064279622956699405,0.0004996800575330494,0.0207433327487251,9.777273919654719e-05,0.25988800987037064,0.25988197607804364,1362
1.3809943467761792,0.006334878731014335,0.00043684132766938657,0.020721711772828628,0.00010189523164147895,0.2600943167991439,0.26008932122164663,1363
1.3822952847774297,0.006268904837496885,0.0005250381960501842,0.02095325806416009,8.048265894575046e-05,0.25897121279124236,0.25896943750501705,1364
1.3812673030408193,0.0062459991704284295,0.00045406029990594605,0.02097252059121516,7.726114168781617e-05,0.25878983172124564,0.25878745635806505,1365
1.3818933383888898,0.006394774546318934,0.0004941026362794965,0.020738387957176748,9.887910448182452e-05,0.2599437972868429,0.2599378398630148,1366
1.3809000808054304,0.0063072367730865695,0.0004320934709215609,0.02072068155877822,0.00010239212008206778,0.26011889915366626,0.26011396220585387,1367
1.3822115890444384,0.0062472781658913954,0.0005197263597269084,0.020962228581764143,7.940333593380566e-05,0.2589108549496558,0.25890909596635386,1368
1.381188143615938,0.0062240869531297914,0.00044962340119090446,0.020977069832270684,7.68046369021377e-05,0.25876382547191223,0.25876147963316903,1369
1.381802966578939,0.006361762339056448,0.0004897268235633274,0.02073269821976171,0.00010011276687879428,0.2600056367552892,0.2599997591185501,1370
1.3808202117139023,0.006280568000527,0.00042823508155615225,0.020719767579098245,0.00010287122324787795,0.26014254520561175,0.26013766042546155,1371
1.3821184944155895,0.006225561394277064,0.000513627346784804,0.020971408598191518,7.827886605573219e-05,0.2588475344619692,0.2588457870332574,1372
1.3811001141930725,0.006201939450949592,0.00044465422525172667,0.020981139712700863,7.639249713719008e-05,0.2587402801520998,0.2587379635037927,1373
1.3817248038802532,0.006328866766323143,0.00048600582629260483,0.020726525365441128,0.00010143288637472851,0.2600713894957314,0.260065593452518,1374
1.3807471919653485,0.0062547075909061825,0.0004247953862851975,0.02071910161285205,0.00010330499909229152,0.2601639066845525,0.26015906775947656,1375
1.3820237524253125,0.006203843124328116,0.0005072653923325575,0.020980634109993904,7.713121739636684e-05,0.25878243800982204,0.2587806997036476,1376
1.3810095199664245,0.0061796425509875125,0.0004395930954893894,0.020984651237214876,7.603828692872546e-05,0.25871999351655295,0.25871770793154736,1377
1.3816519791049666,0.006296168620685526,0.0004824846951470294,0.020720207815713317,0.00010279543114162092,0.26013880817165513,0.260133092538919,1378
1.380675124451475,0.006229612424077848,0.0004214041447519925,0.020718901442018108,0.00010367032236057777,0.2601818624210199,0.2601770612501024,1379
1.3819327577269265,0.006182270533730426,0.0005010213833949651,0.020989785002035032,7.598858974966127e-05,0.2587171434397778,0.25871541349091604,1380
1.3809205649461587,0.006157265005536884,0.00043473753385614715,0.020987574926747563,7.575229185864404e-05,0.25870357925560766,0.25870132871468665,1381
1.381579816096085,0.006263836084485217,0.0004788678068947654,0.020714043918016053,0.00010415257357949029,0.26020551682079307,0.26019987917683285,1382
1.3806004592670016,0.006205234303755465,0.0004178474777121546,0.02071926612296704,0.00010394746142058475,0.2601954627859938,0.2601906910131296,1383
1.381848029024754,0.006160844292878452,0.0004951102769774815,0.02099863577699323,7.488125465283115e-05,0.25865339555624445,0.258651674347098,1384
1.380835269289495,0.006134864208051585,0.0004302312942112376,0.020989898224868766,7.553927675050997e-05,0.2586913334276456,0.2586891215554315,1385
1.3815056969344857,0.0062321437174749006,0.0004750041912855506,0.020708364341557955,0.00010545784532461996,0.2602692670295703,0.2602637016358708,1386
1.3805217456980317,0.006181601751772454,0.00041403702866260866,0.02072030940291607,0.00010412903203022879,0.260204363381918,0.26019961359538174,1387
1.3817696759886564,0.006139536499030446,0.0004896105544728833,0.021006966317485106,7.3844450865899e-05,0.2585932794011308,0.25859156969665303,1388
1.3807539028160474,0.006112440119446043,0.00042609718117620247,0.02099160582269859,7.539934431437215e-05,0.2586832795828749,0.2586811096595622,1389
1.3814286906489202,0.0062013728496170695,0.0004708702232886214,0.02070340550911074,0.00010666367562754311,0.2603278107858124,0.2603223072996124,1390
1.380439162205582,0.006158709762672705,0.0004099894828367284,0.020722039512359285,0.00010421336061219982,0.2602084945321139,0.2602037589074928,1391
1.381696201873651,0.006118287818361539,0.0004845082176499605,0.021014561467507912,7.291222807383417e-05,0.2585388657369603,0.25853717226381134,1392
1.3806756829918911,0.006090037415093849,0.00042228193722303566,0.02099274941120922,7.533183975314571e-05,0.25867939166953224,0.25867726676122693,1393
1.3813490018296681,0.0061718124373581285,0.0004665197903962455,0.020699386786567155,0.0001077325466814213,0.26037942901519257,0.26037397411968993,1394
1.3803540022292549,0.006136538906244297,0.0004057878531193997,0.02072440773147267,0.00010420855885716264,0.2602082593451167,0.26020353063093216,1395
1.3816251547931955,0.006097006274513326,0.00047972486175586567,0.02102121586295428,7.211085916271642e-05,0.25849181130046567,0.2584901401243575,1396
1.3805991656514625,0.0060676520603056274,0.00041867982294327476,0.020993381339402255,7.532964786939666e-05,0.2586792653991796,0.2586771874712905,1397
1.3812677143682772,0.00614369529232319,0.00046206457783418305,0.020696447090351743,0.0001086372952968671,0.260422921629604,0.26041749960163474,1398
1.380268259439571,0.006115028329289832,0.00040155486658502155,0.020727310734381065,0.00010413373604386057,0.26020459386961875,0.2601998663303664,1399
1.3815537765335109,0.006075636794412781,0.0004751495623853144,0.0210267921328314,7.145898382369869e-05,0.2584533415773704,0.2584516996264407,1400
1.3805226707933922,0.0060453122891514135,0.0004151593666274354,0.020993590283562326,7.53815266101688e-05,0.2586822535444531,0.2586802230377448,1401
1.3811864781737238,0.006117183818036577,0.00045764600308619404,0.020694649999069243,0.00010936351029861116,0.26045770100445653,0.2604522948431722,1402
1.3801842527333876,0.006094082295083743,0.0003974314177581852,0.020730592594145683,0.00010401515596993441,0.26019878208267705,0.26019405253089795,1403
1.381479422711047,0.006054123636873184,0.0004706562414013265,0.021031213938091226,7.09641012848432e-05,0.258424019307008,0.2584224138100587,1404
1.3804444953219195,0.006023019329965485,0.0004115823166282005,0.020993469445371896,7.547214785240482e-05,0.2586874707396575,0.2586854861358092,1405
1.3811072310551593,0.006092338727852907,0.00045341254248261307,0.020693970156963847,0.00010991085499192521,0.260483837798818,0.26047842965578294,1406
1.3801041383926251,0.006073573276627354,0.0003935468640018069,0.02073408145227272,0.00010388310341523771,0.2601923060891654,0.26018757377730223,1407
1.3814001522267136,0.006032469913318195,0.00046613307500535683,0.021034511717439024,7.062247732946884e-05,0.2584037180658009,0.25840215592247406,1408
1.3803633170701302,0.006000787700221502,0.00040783252944973027,0.02099313741713801,7.558456411142721e-05,0.2586939383544759,0.2586919966685682,1409
1.3810317779791648,0.006069107329927318,0.0004494896902051722,0.020694293497542277,0.00011029342725030647,0.2605020677606987,0.26049664091150393,1410
1.3800295235400366,0.006053348052143194,0.000389998050339335,0.020737584424058337,0.00010376590844207392,0.26018655527850676,0.260181821803283,1411
1.3813150437319357,0.0060106983196254755,0.0004614992203031455,0.021036792740565375,7.041713148801146e-05,0.258391491612819,0.2583899782687051,1412
1.3802784853799357,0.005978632587675213,0.00040383716301655885,0.020992723854371925,7.57005545319035e-05,0.2587006065611487,0.25869870321337163,1413
1.3809613159570437,0.0060473221485317155,0.0004459479285759679,0.02069545495039668,0.00011053933458202781,0.26051376880961474,0.2605083092536093,1414
1.3799610651935972,0.006033253525866383,0.0003868219313385977,0.0207409497728731,0.00010368827553036982,0.26018274400789737,0.2601780135908599,1415
1.381224405386003,0.0059888713985068965,0.0004567235619424186,0.0210382420997226,7.032083272887951e-05,0.2583857517688565,0.2583842907579909,1416
1.3801901616084178,0.005956569918768244,0.0003995783827197409,0.020992338699695454,7.580188207313635e-05,0.258706427629811,0.25870455673181836,1417
1.3808962120623942,0.00602670490088983,0.000442795412314012,0.020697230192518547,0.00011068480713138598,0.2605206847273068,0.260515182383913,1418
1.3798984259794995,0.0060131499022335125,0.00038399481630350615,0.020744071783008994,0.00010366623454148729,0.2601816616787972,0.26017694077744175,1419
1.3811295965570167,0.005967067338205241,0.00045182441642957613,0.02103910233890224,7.029980495913379e-05,0.2583844978954696,0.25838309053066766,1420
1.3800992465668813,0.005934627981949976,0.00039509376106163467,0.020992073868919263,7.587446740284536e-05,0.2587105951233452,0.25870874990894804,1421
1.3808359489250204,0.006006901659826024,0.0004399774030354065,0.020699378967125353,0.00011077099219117582,0.260524779911769,0.26051922946767236,1422
1.3798404276184346,0.0059929315741239966,0.00038144163053687434,0.020746908574340302,0.00010370557594075477,0.26018359346894576,0.2601788902005011,1423
1.3810326006430662,0.005945362904840568,0.00044685335961387805,0.021039631391988244,7.031760874063852e-05,0.258385559536527,0.25838420494043113,1424
1.3800070606463626,0.005912827384706855,0.00039045825853745224,0.02099197089359279,7.590997860225059e-05,0.2587126332760108,0.2587108066992408,1425
1.3807793832373048,0.005987529824534603,0.0004373989471362845,0.020701660955218457,0.00011083792680695896,0.26052795928976547,0.26052236053627564,1426
1.3797854285687934,0.005972542894267946,0.000379059736204922,0.02074947833373478,0.00010380180406214864,0.2601883170377717,0.2601836402696861,1427
1.380935533262744,0.005923826360494837,0.00044187599874536884,0.021040074519990896,7.034037442532697e-05,0.2583869168605231,0.2583856120857928,1428
1.3799150483208573,0.005891193703447686,0.00038576633324285503,0.02099202866957302,7.59080071164174e-05,0.2587125201357826,0.2587107053729279,1429
1.380725005074579,0.005968234565515694,0.00043494429624688893,0.0207038773056776,0.0001109201635556986,0.260531864201351,0.2605262219951564,1430
1.3797316722093498,0.0059519828175326,0.0003767409615796893,0.020751848149394236,0.00010394180800435402,0.26019518553064896,0.2601905443243854,1431
1.3808402284020473,0.005902498936445885,0.0004369540331755579,0.02104061642679215,7.034038088377414e-05,0.2583869172455542,0.25838565765131266,1432
1.3798244934614636,0.005869740456038144,0.0003811120210694707,0.02099218999629047,7.587476152748654e-05,0.25871061200648304,0.25870880271627555,1433
1.3806712199139552,0.005948738143888895,0.00043249806064928314,0.020705894433252853,0.00011104194241236734,0.260537644063659,0.26053196735969564,1434
1.3796775278996891,0.0059313022909426825,0.00037438599672909366,0.020754131903675116,0.00010410706075050659,0.2602032867621422,0.26019868978201327,1435
1.3807480774896912,0.00588140569048386,0.0004321418443167509,0.02104137412241731,7.0300066182981e-05,0.25838451347324226,0.2583832932845334,1436
1.379736424065703,0.005848476392017524,0.00037658036516134924,0.020992361211156142,7.5821790081671e-05,0.2587075708485014,0.2587057614337482,1437
1.3806165182482646,0.005928869025037147,0.00042995802144850755,0.020707653302149333,0.00011121418631048627,0.2605458136865055,0.26054011429096474,1438
1.379621642372806,0.0059105842329653735,0.0003719147747826362,0.0207564589536344,0.00010427589132733816,0.26021155675337204,0.26020701180729217,1439
1.380659954571901,0.005860553052289134,0.00042748298153225697,0.02104238053295526,7.021289696067526e-05,0.2583793136330296,0.2583781264558109,1440
1.3796515531284543,0.0058274060440333545,0.0003722395980855375,0.020992436051837676,7.57632216512264e-05,0.25870420712364006,0.2587023927537304,1441
1.380559602747755,0.005908578025399098,0.00042724250234445037,0.02070918086417907,0.0001114346348074942,0.2605562604556488,0.2605505515622457,1442
1.3795630121015916,0.005889925549192286,0.0003692698111412344,0.02075896058229215,0.00010442739205722395,0.2602189721624645,0.2602144859613805,1443
1.3805762301859905,0.005839936416521843,0.000423009880325921,0.021043588739871714,7.0083060849685e-05,0.25837156262890537,0.2583704019084215,1444
1.379570258304374,0.005806528156690061,0.00036813551465313273,0.02099231186653296,7.571270038432006e-05,0.2587013045219852,0.258699481019726,1445
1.3804995108537153,0.005887924709844821,0.00042429811087210266,0.020710571504832333,0.0001116896033713785,0.26056833020734016,0.2605626251629688,1446
1.3795010731662745,0.005869415537728024,0.0003664212913127168,0.020761745590945842,0.00010454435582146129,0.26022469343410654,0.2602202716304459,1447
1.3804967501631376,0.005819543173436503,0.00041873807538564617,0.021044887382042,6.99231830786845e-05,0.2583620083161095,0.25836086761071725,1448
1.3794925399718925,0.005785840160354587,0.00036428500100339767,0.020991909990500428,7.568121012457325e-05,0.25869949482007853,0.2586976582847858,1449
1.3804357228020163,0.005867053169195232,0.0004211040636997286,0.020711968491375538,0.00011195849126546692,0.2605810439591501,0.2605753552887281,1450
1.3794357593321582,0.0058491220738272,0.0003633692857712876,0.020764888427404864,0.00010461604942035954,0.2602281987378208,0.2602238462167028,1451
1.3804208402855824,0.005799351087830029,0.00041466034434949425,0.021046122647879466,6.975089607581456e-05,0.2583517001907285,0.2583505733358153,1452
1.3794179941748146,0.005765330548221682,0.000360672297291853,0.020991175937630915,7.567556623796371e-05,0.2586991704338956,0.25869731682952896,1453
1.3803682420264487,0.005846151076527654,0.00041767521605128174,0.020713526476433163,0.00011221858307515476,0.26059332729009893,0.26058766621264695,1454
1.3793675244847543,0.0058290849264122264,0.0003601444466370649,0.02076842110991138,0.00010463918931729098,0.2602293298567057,0.2602250510310225,1455
1.3803473595735516,0.005779333918133045,0.0004107424904995987,0.021047133518142105,6.958506327295458e-05,0.2583417661962533,0.2583406472402906,1456
1.379345852016018,0.005744983316747429,0.0003572515141753448,0.02099008654691552,7.569869901036025e-05,0.25870049992876043,0.2586986246670127,1457
1.380297561964182,0.0058254095662151634,0.0004140564319434022,0.020715383841722907,0.0001124501646713752,0.2606042521976505,0.2605986287388733,1458
1.3792972534456995,0.005809314568817907,0.000356802551113196,0.020772330609126102,0.00010461715094279509,0.26022825258501153,0.2602240517430092,1459
1.3802748543574797,0.005759458310965775,0.00040692545726016873,0.021047772395436554,6.944185156580946e-05,0.25833317775916304,0.2583320607666595,1460
1.3792751075701106,0.0057247751331157715,0.0003539563113280046,0.020988640787989375,7.575032325014574e-05,0.25870346616298046,0.2587015638153676,1461
1.3802245077786814,0.005804987494345454,0.0004103097083197786,0.020717644944121233,0.00011264000708833539,0.2606131996630769,0.2606076232269905,1462
1.3792260561462237,0.005789800400726671,0.0003534118093043269,0.02077657620489771,0.0001045579521932341,0.26022535829168025,0.2602212398080366,1463
1.3802018200724955,0.005739691370915178,0.0004031364136490228,0.021047928719717036,6.933229902376534e-05,0.2583266018893523,0.2583254806194625,1464
1.3792047427561467,0.005704679813350657,0.0003507166244268124,0.020986851515772932,7.582824851530537e-05,0.2587079416922316,0.25870600587416265,1465
1.3801499619604245,0.005784986406078302,0.000406495654287416,0.020720371205637283,0.00011278240916732581,0.2606199062692345,0.2606143865110474,1466
1.3791549814795396,0.00577051789279986,0.0003500361466939013,0.020781105259932466,0.00010447091003303028,0.2602211012143032,0.26021706969836783,1467
1.3801270111406567,0.005720004444104341,0.0003993062150505665,0.021047535313143798,6.926130849129832e-05,0.2583223379222006,0.2583212055253523,1468
1.379133986431897,0.005684674437621664,0.00034747760851843465,0.020984737388299597,7.592967794866282e-05,0.258713763707415,0.2587117871782149,1469
1.3800745666191012,0.005765443911055336,0.0004026549581944021,0.020723589565319722,0.00011287807809284819,0.2606244095409038,0.26061895714913724,1470
1.3790847503645804,0.00575143865942689,0.0003467192704345414,0.02078587515273644,0.00010436354708157079,0.26021584783958585,0.2602119080524823,1471
1.38004969241964,0.005700379519515126,0.00039538700840264867,0.021046565511603707,6.922848516661169e-05,0.2583203656870724,0.25831921445602973,1472
1.3790625111067856,0.005664743645324342,0.0003442141191263205,0.020982315917298117,7.605223548085245e-05,0.25872079328277264,0.2587187682653148,1473
1.3799985236068741,0.005746341723150695,0.000398797978335163,0.02072730483038892,0.00011293121720282824,0.26062691004962535,0.2606215373134408,1474
1.3790156183544722,0.005732535869272173,0.0003434768900436919,0.02079086312686763,0.00010423938615631442,0.2602097691529395,0.2602059258089556,1475
1.3799697239029078,0.005680812465921818,0.00039136211999760866,0.021045018363099303,6.923024401926915e-05,0.25832047138203534,0.25831929261358916,1476
1.3789904712933698,0.005644884216731898,0.00034093404036506013,0.02097960268317563,7.619467759875831e-05,0.2587289562720155,0.25872687487309626,1477
1.3799215969602914,0.005727630643558304,0.0003949071102500078,0.02073151941265075,0.00011294640902684881,0.26062762480645835,0.2606223456997995,1478
1.3789474396772614,0.005713789046839139,0.00034030071361721114,0.020796067653168514,0.00010409772222199956,0.2602028291283349,0.2601990865520177,1479
1.3798874305466609,0.005661310189339335,0.0003872434647023944,0.021042897461493317,6.926244222459795e-05,0.25832240603579265,0.258321190009486,1480
1.3789183543262973,0.005625100715186564,0.0003376686863459112,0.020976608854466502,7.635695164518285e-05,0.25873824648571914,0.25873610114773427,1481
1.3798433237171375,0.005709260088551941,0.00039095212254502726,0.020736245503022305,0.0001129260734447286,0.2606266680311718,0.2606214978799697,1482
1.378879899556553,0.005695185841215989,0.00033717244397220563,0.020801498634435256,0.00010393521934320895,0.26019486239942496,0.2601912241523781,1483
1.3798033259350435,0.005641886210147153,0.00038305882357480474,0.021040195637608422,6.932276993478188e-05,0.2583260296621368,0.25832476571670715,1484
1.3788467162137772,0.005605399991808196,0.0003344549805444797,0.020973345200161937,7.653986862248684e-05,0.2587487066828467,0.25874649053361004,1485
1.379763333139123,0.005691203926217179,0.0003869110061352539,0.020741509982334875,0.00011286943086538395,0.26062400258214313,0.2606189573549326,1486
1.3788127987306547,0.005676720342563445,0.00033408083995059665,0.020807160054787298,0.00010374845294547804,0.2601856984515289,0.2601821669807967,1487
1.379717835353699,0.005622552680680545,0.0003788364512807462,0.021036887029187254,6.94118825073748e-05,0.258331379388035,0.25833005609269727,1488
1.3787759440252916,0.005585783848771752,0.0003313188458235757,0.020969827860403464,7.674427638386299e-05,0.2587603810638501,0.25875808818435614,1489
1.3796816023538312,0.005673471106357109,0.0003827855337835233,0.020747350353012655,0.00011277306341484819,0.2606194662490564,0.26061456173049385,1490
1.378746234366496,0.005658388413931096,0.00033103227064298506,0.020813035315561414,0.00010353638152371595,0.26017528287192626,0.26017185924936514,1491
1.3796311663940266,0.005603316256090421,0.0003745958218061568,0.021032933429392896,6.953304022856562e-05,0.25833864738603124,0.25833725276082403,1492
1.3787061597591699,0.005566245694727439,0.0003282675121232773,0.020966086903955076,7.696999191790402e-05,0.25877325435160203,0.25877087996749276,1493
1.379598534005269,0.0056560968844318465,0.0003786048542804549,0.020753803118239277,0.0001126325592680701,0.260612848781928,0.2606080998182384,1494
1.3786805975171115,0.005640179805736525,0.00032805032233882743,0.020819078330998306,0.00010330164156605338,0.2601637415141302,0.2601604253341981,1495
1.3795433762920084,0.005584177328074997,0.00037034831229087323,0.021028299681242646,6.969042524034114e-05,0.25834807913476754,0.2583466009272149,1496
1.3786372891182823,0.0055467725809048435,0.0003252927964129752,0.02096217382839718,7.721485090152998e-05,0.25878719812576967,0.25878473881405833,1497
1.3795148518581823,0.005639120620642999,0.000374417285992196,0.020760889831336594,0.00011244462511788886,0.2606039909995194,0.2605994109203461,1498
1.3786164222172599,0.005622072083704283,0.00032516650577371837,0.02082521490288266,0.00010305047144495958,0.2601513778101773,0.2601481672078416,1499
1.3794545524709567,0.005565132153213235,0.0003661042702868908,0.021022972947868195,6.988697444420745e-05,0.25835984296767633,0.25835826896754666,1500
1.3785692044240558,0.005527349166549786,0.00032238005965175173,0.020958163577557608,7.747426446737737e-05,0.25880194662943246,0.2587994005799538,1501
1.3794314237279308,0.005622560549816337,0.0003702779951802209,0.0207686028579452,0.00011220887099070573,0.26059286887442235,0.2605884690790511,1502
1.3785542038682044,0.005604029468479214,0.0003224093707380646,0.020831350457889915,0.00010279154526361726,0.26013861653597853,0.26013550828439946,1503
1.379364966303351,0.0055461755139096115,0.00036187953869309215,0.021016978207693323,7.012268506113562e-05,0.2583739288903797,0.25837224731208086,1504
1.3785018259621524,0.005507962072612698,0.00031951557126253167,0.020954150403034673,7.774162129327022e-05,0.2588171209186032,0.2588144882486525,1505
1.3793491315296025,0.005606398904837629,0.0003662401846363966,0.020776896013606067,0.00011192887250234464,0.2605796442521639,0.260575433841047,1506
1.3784942972945613,0.005586008733687061,0.00031979857936262747,0.02083738067888501,0.00010253443807804409,0.2601259289982719,0.26012291859799425,1507
1.379275097008753,0.005527300400942156,0.0003576960518474687,0.02101038456115604,7.03939477610068e-05,0.2583901101161431,0.258388310075689,1508
1.3784351197361913,0.00548860054664571,0.00031668798393342986,0.020950237612756255,7.800934470427351e-05,0.25883228989018553,0.25882957296198406,1509
1.3792688339321033,0.005590582113682062,0.0003623528079618935,0.020785681756992996,0.00011161227812869723,0.26056467122672056,0.26056065660828814,1510
1.3784369202966955,0.005567969515480895,0.00031734535270151634,0.0208432019025272,0.0001022883590125802,0.2601137707613224,0.26011085251559907,1511
1.3791855291774764,0.005508496164394105,0.0003535766521009766,0.021003302847358466,7.069397052948521e-05,0.25840797065465176,0.25840604276854334,1512
1.378369018013395,0.005469254822953796,0.00031388486020563335,0.020946525967139532,7.827016684245367e-05,0.25884704283037296,0.25884424647263243,1513
1.3791913863891159,0.00557503360360159,0.00035866237998103317,0.02079483527932158,0.00011127008663050664,0.26054846370949375,0.26054464815736506,1514
1.3783822194309299,0.005549883578264641,0.00031505664671767174,0.02084871922635646,0.00010206139493306112,0.26010254398322824,0.26009971109894064,1515
1.3790967980282487,0.0054897460144821926,0.0003495377485715802,0.020995877000879785,7.101380763622864e-05,0.2584269690658165,0.2584249061678907,1516
1.3783033353351697,0.0054499136871531744,0.0003110883072311913,0.02094310434336482,7.851809535996265e-05,0.25886104369473273,0.25885817524304233,1517
1.379117651558591,0.0055596707580360845,0.00035521434779811774,0.020804203351080974,0.00011091551396098792,0.26053164345964047,0.26052802670067154,1518
1.3783303347553686,0.005531739383233819,0.00031293917747848696,0.020853852560133068,0.00010186024137907126,0.2600925834838792,0.26008982826159144,1519
1.3790092601826385,0.005471026166907752,0.0003455834661945513,0.02098827355530359,7.134343283694556e-05,0.25844650417847204,0.2584443020814154,1520
1.378237732648679,0.005430563003097679,0.00030827294269048644,0.020940044367874017,7.874886103274186e-05,0.25887405550088244,0.2588711245853764,1521
1.3790484663470193,0.005544417755339922,0.00035205166879669753,0.020813614465651033,0.00011056290574737668,0.26051488971636777,0.26051146767402594,1522
1.3782814294668824,0.0055135409118812735,0.0003110013378849661,0.02085854082144425,0.00010169014245071318,0.2600841530358634,0.2600814671880486,1523
1.378923030484817,0.005452307017399374,0.0003417030836025689,0.02098067177850657,7.167246863125639e-05,0.2584659594040638,0.258463617578896,1524
1.3781717431147902,0.005411186072840106,0.0003054073665386734,0.02093739799382552,7.896000584962695e-05,0.2588859442857598,0.25888296235232994,1525
1.3789845705859567,0.005529210664641637,0.0003492107836390666,0.020822888330912396,0.00011022698134541134,0.2604989038163711,0.26049566862180873,1526
1.3782356817740962,0.005495303367984588,0.0003092528528517679,0.020862745371217125,0.00010155475417593314,0.26007743787755266,0.26007481294896484,1527
1.3788379884422401,0.005433555861915656,0.0003378719910459338,0.020973254972837134,7.19905365496368e-05,0.25848472371675335,0.2584822457309116,1528
1.3781048445290358,0.005391765216884506,0.0003024586144512182,0.02093519574611346,7.915090248894452e-05,0.2588966792956105,0.2588936589079315,1529
1.378926518286144,0.005513995451542937,0.00034671647743818757,0.020831844614660727,0.00010992228405990741,0.2604843828650001,0.26048132319127165,1530
1.3781932440017723,0.005477048227430629,0.00030770247021610605,0.020866453287533827,0.00010145572878890758,0.26007252345685566,0.26006995128378135,1531
1.378753848986311,0.0054147410816223086,0.00033405639088505534,0.020966201774707042,7.228748547453005e-05,0.258502204741979,0.25849959832865815,1532
1.3780365630272662,0.005372284570077844,0.00029939881283334044,0.020933444477333644,7.932288432377538e-05,0.25890633955807746,0.25890329357435365,1533
1.378874582772704,0.005498722464126029,0.00034457656649039873,0.02084031258850767,0.00010966245511870436,0.2604719842970998,0.2604690859798639,1534
1.3781541691568557,0.005458798471146002,0.0003063536549505392,0.020869680139172668,0.00010139202194234396,0.26006936055280294,0.2600668336806362,1535
1.3786702916976663,0.005395837630899667,0.00033022197926494865,0.020959675984244724,7.255380311484592e-05,0.2585178520247094,0.2585151287339744,1536
1.3779666000161195,0.005352733995101385,0.0002962133930913425,0.02093212521511322,7.947938905204618e-05,0.25891512137057293,0.2589120621121697,1537
1.378828653048014,0.0054833404450921495,0.0003427763950160401,0.02084814303178671,0.00010945899240229655,0.26046226516593307,0.26045951201581435,1538
1.378118301985356,0.005440572712414591,0.0003051980726224155,0.02087247081838926,0.00010135914815513173,0.2600677280532964,0.26006524005285164,1539
1.3785871366998765,0.005376833770553972,0.00032634608224805064,0.020953814763118642,7.278134414417048e-05,0.25853119828301807,0.25852837275377244,1540
1.3778949719852351,0.005333114047877695,0.0002929098637181694,0.02093119296674914,7.962584344933537e-05,0.2589233314098119,0.2589202699188919,1541
1.3787881224611687,0.005467791474040648,0.0003412731381064925,0.020855221922695108,0.00010931950794529619,0.2604555969674283,0.260452971660373,1542
1.378085145155598,0.0054223768276013135,0.00030420750223690324,0.020874896758494074,0.00010134871606141004,0.26006720994424026,0.2600647556026808,1543
1.3785045357440318,0.005357737984367541,0.0003224309851209482,0.020948716909644935,7.296422822694376e-05,0.2585419101041245,0.2585389990638592,1544
1.3778221380528861,0.00531344117356663,0.0002895252559339277,0.020930580143754145,7.976905593190447e-05,0.2589313524133753,0.25892829786477173,1545
1.3787517916179604,0.005452007017661379,0.0003399910072414947,0.020861483183766287,0.00010924593602520453,0.2604520780720967,0.260449563030566,1546
1.378053736713007,0.00540419395041006,0.00030332636175098765,0.020877048846827694,0.00010134852377263294,0.26006720039398407,0.2600647757857237,1547
1.3784231216988803,0.00533858388238298,0.0003185143467053144,0.02094443396227365,7.309959084339714e-05,0.2585498298721903,0.258546850991153,1548
1.3777490703455546,0.0052937512727175414,0.0002861293880780611,0.02093020392242192,7.991612844262925e-05,0.2589395821178973,0.2589365414209209,1549
1.3787178346571611,0.005435905767707024,0.00033882004814291553,0.020866916888914202,0.00010923338539532363,0.2604514776656377,0.26044905588598527,1550
1.3780225978963712,0.005385976795987423,0.00030246838678224866,0.02087902722850627,0.0001013433316988528,0.26006694251989415,0.26006454498038833,1551
1.378344049030341,0.005319430476566273,0.00031467205022005305,0.020940966346022886,7.318792176299052e-05,0.25855499396627435,0.2585519646804935,1552
1.377677217526405,0.005274099421431455,0.00028282111983623875,0.020929976121082678,8.00731869610143e-05,0.2589483622502117,0.2589453398637998,1553
1.3786838887593262,0.005419395535817486,0.0003376218954516091,0.020871570134343837,0.00010927021786667785,0.2604532395871652,0.26045089539292876,1554
1.3779898117054898,0.0053676476966644845,0.000301521053994768,0.020880930374512698,0.00010131626276937706,0.2600655979836956,0.2600632260081753,1555
1.3782688778863377,0.005300355996308912,0.00031101047979331133,0.020938265121415923,7.323294368634805e-05,0.25855762488581663,0.25855456128416576,1556
1.3776083349721482,0.005254554350032587,0.00027971641409626883,0.020929813414492408,8.024437340213834e-05,0.25895792238201126,0.2589549203656307,1557
1.3786473027105597,0.005402382034021636,0.00033624447088891014,0.020875540007911083,0.00010933952051529043,0.2604565539502883,0.2604542736452454,1558
1.3779532591383632,0.005349109722497165,0.0003003593338362065,0.020882845599812995,0.00010125066671288642,0.2600623390279242,0.26005999210628356,1559
1.3781993055795312,0.005281445542272661,0.0003076487523827329,0.020936238371424415,7.324118681502367e-05,0.2585581064970602,0.25855502236461997,1560
1.3775442012802874,0.005235188064817459,0.000276929862916145,0.020929645930581133,8.04314467624822e-05,0.25896835808620966,0.2589653763984928,1561
1.3786055241456854,0.0053847852037488975,0.0003345443754007615,0.020878960056638033,0.00010942163040720133,0.26046047945398304,0.2604582518202135,1562
1.3779109806658318,0.005330267335283289,0.00029886686925723895,0.020884841856334244,0.00010113220306153721,0.26005645081833234,0.26005412920627086,1563
1.3781368076327503,0.005262775206489352,0.0003046951803110713,0.020934761072080615,7.322146673594446e-05,0.2585569542908645,0.25855386041458256,1564
1.3774862853509227,0.005216062895955719,0.0002745538729942727,0.020929423318251938,8.063409311626488e-05,0.25897964883034214,0.2589766858545584,1565
1.3785565441505787,0.005366559651282129,0.00033241227336529294,0.020881982657438073,0.00010949702688107343,0.26046408270614646,0.26046189927043945,1566
1.3778615756613481,0.005311050282622688,0.0002969595109979365,0.020886964362370707,0.00010095080515872438,0.26004742778818163,0.26004513221518993,1567
1.3780822819765164,0.0052443963928641086,0.0003022240380067813,0.020933687879965676,7.318436905978344e-05,0.2585547863246129,0.2585516901713428,1568
1.3774354440591965,0.005197218962794346,0.00027264043261728373,0.020929118024129487,8.085081596937785e-05,0.25899170817861533,0.25898876140553106,1569
1.3784992868637331,0.005347712363726639,0.0003297948993096853,0.020884759863624387,0.0001095488673995736,0.2604665594824457,0.26046441449105007,1570
1.377804531816828,0.005291432931339113,0.0002946049824704085,0.020889230802840022,0.00010070210943168683,0.26003504406725186,0.26003277540194586,1571
1.3780357809938768,0.00522632358881158,0.00030025790114872645,0.020932868649859805,7.314171032463266e-05,0.258552292694046,0.2585491985322071,1572
1.3773917139597562,0.005178664585552288,0.000271189197626503,0.020928725498325855,8.108017940066929e-05,0.2590044533093725,0.25900152006540433,1573
1.378433844091032,0.005328310861325971,0.00032670810734075693,0.02088742533215349,0.00010956464836894531,0.2604673133309816,0.26046520343227647,1574
1.3777403963858126,0.005271443633867708,0.0002918335668156271,0.020891630088842397,0.00010038793757620568,0.260019378103266,0.26001713702760176,1575
1.3779963842852376,0.005208527553804285,0.00029875871846824897,0.0209321656379102,7.310589942359403e-05,0.25855019879439034,0.2585471082453491,1576
1.3773542336006528,0.005160371314409082,0.00027014390630131365,0.020928260966361054,8.132215286369148e-05,0.2590178796212686,0.2590149577202992,1577
1.3783614936854587,0.005308478188373014,0.0003232375405924962,0.02089008019308165,0.00010953676120247872,0.26046598113902747,0.26046390484710524,1578
1.377670741565549,0.005251162618375888,0.00028873688775797027,0.020894125593082184,0.00010001557467078921,0.2600007787032205,0.25999856546398825,1579
1.377962239183651,0.005190935200867964,0.00029762923543374866,0.02093146964626237,7.30891853033921e-05,0.2585492213273135,0.2585461342314034,1580
1.377321317586319,0.005142274931084795,0.0002693981053863779,0.020927753036326987,8.157923175956628e-05,0.25903212221792676,0.25902921044264726,1581
1.3782844835019932,0.005288375411971216,0.00031952578304265754,0.020892785472523906,0.00010946196922522887,0.26046240742970894,0.2604603644870175,1582
1.377597918196619,0.005230709587636433,0.00028545407221255807,0.020896663883063372,9.959589869522669e-05,0.25997977448118076,0.259977588773481,1583
1.37793078357434,0.005173437453355899,0.0002967257775092655,0.020930711269447837,7.310287033364788e-05,0.25855002165691104,0.2585469370701679,1584
1.3772906962446996,0.005124283771680815,0.0002688106486697393,0.02092723569774338,8.185690324805789e-05,0.2590474804917202,0.2590445788561693,1585
1.3782056054558058,0.005268175273569265,0.0003157471771227325,0.020895562321801182,0.00010934003633987927,0.2604565786153923,0.2604545693683244,1586
1.377524633379887,0.005210223155960249,0.00028214695486822555,0.020899187453205677,9.914077834841783e-05,0.25995694623609156,0.2599547872328063,1587
1.3778991453326992,0.00515590573405238,0.00029588224216979216,0.020929864125080414,7.315661494608891e-05,0.25855316403128625,0.2585500811565097,1588
1.3772599117260127,0.005106294773142052,0.00026823008664490224,0.020926741021347683,8.216309205254312e-05,0.259064385917013,0.25906149570276993,1589
1.3781276325457434,0.005248032041971435,0.0003120743515693291,0.020898399208763498,0.00010917188939939464,0.26044853527530987,0.26044656014121215,1590
1.3774534318569267,0.005189835077776902,0.0002789688171718805,0.02090164766893924,9.866038652763797e-05,0.25993279349063686,0.2599306599874835,1591
1.377864664630817,0.005138215278093883,0.00029494216536290433,0.020928939409489106,7.325796422299899e-05,0.25855908664654115,0.25855600553742336,1592
1.3772268096165314,0.0050882149977511835,0.00026752419324437785,0.02092629426848986,8.25065937677806e-05,0.2590833140300102,0.25908043761445904,1593
1.378052739694254,0.00522805331706465,0.00030864354730762527,0.020901263504990192,0.00010895775485231956,0.26043828313719836,0.2604363422057411,1594
1.3773861988570193,0.00516964402786122,0.00027603377527172016,0.020904013794936005,9.816106367374909e-05,0.25990762654089006,0.2599055171583142,1595
1.3778254202746132,0.005120269761193891,0.0002937916503100002,0.02092797389785125,7.34122335228527e-05,0.2585680939258888,0.2585650158658945,1596
1.377190004214322,0.005069983026626691,0.00026660752916971253,0.02092591172767268,8.289502384563777e-05,0.2591046704413525,0.2591018109590759,1597
1.3779820552245043,0.0052082800461747,0.0003055275798804475,0.02090411433788743,0.00010869567623100431,0.26042572185659124,0.26042381464857,1598
1.3773238144331463,0.005149695659632488,0.00027339494574099934,0.020906275752568267,9.764418111979524e-05,0.25988150702675433,0.2598794204033677,1599
1.3777805994199028,0.005102019229365968,0.00029238325496453474,0.020927015156362444,7.362287728672313e-05,0.25858037745595863,0.2585773049894298,1600
1.3771491664762803,0.0050515828304032,0.00026545833208689,0.02092560062626919,8.333311330225588e-05,0.25912869724014637,0.2591258581488971,1601
1.3779154749134361,0.00518868073815376,0.0003027244475912976,0.020906913985418593,0.0001083807318672061,0.26041060670024596,0.26040873209437154,1602
1.3772660638470406,0.005129975864464809,0.00027103805444636335,0.020908440821857433,9.710625148667698e-05,0.25985425042743876,0.2598521853538557,1603
1.3777305709462437,0.005083464352108209,0.000290741989785357,0.020926107782455374,7.389235974089415e-05,0.2585960665272492,0.2585930031998352,1604
1.3771050183070306,0.0050330443838491,0.000264117944122905,0.020925360465523717,8.382203408010485e-05,0.2591554374051765,0.2591526220589508,1605
1.3778518106758784,0.005169163656581765,0.0003001659520033773,0.020909635936612176,0.00010800513629439902,0.2603925519625547,0.2603907082796377,1606
1.377211846092344,0.005110421238854629,0.00026889332282819644,0.02091052642401026,9.654034177961125e-05,0.2598254944801578,0.2598234499513591,1607
1.3776766145682158,0.005064644857651635,0.00028894993207294415,0.020925283439596,7.422333900722625e-05,0.2586152968031999,0.258612246734385,1608
1.3770590142692227,0.0050144302068796985,0.00026267152881306063,0.020925185552553894,8.435993129521396e-05,0.25918476626241593,0.25918197760176376,1609
1.3777892489947028,0.005149605839468116,0.00029774485886494733,0.02091226861783002,0.00010755918120286431,0.2603710742550068,0.26036925945744305,1610
1.3771596323641853,0.005090944935904746,0.0002668629406080118,0.020912551751181462,9.593855536234762e-05,0.2597948228857059,0.25979279808354205,1611
1.377620388882466,0.005045616507837175,0.00028711391021963813,0.020924556165379332,7.461977832792406e-05,0.25863827403639894,0.25863524147482264,1612
1.3770128148608858,0.004995812943992343,0.00026121607027652493,0.02092506861334651,8.494328337251548e-05,0.2592164680530296,0.25921370848729486,1613
1.3777259816882883,0.005129890901944609,0.0002953524385796796,0.020914814582254037,0.00010703267179010701,0.26034565956283634,0.2603438714990792,1614
1.3771080295927665,0.0050714693291548886,0.00026485551713596685,0.020914530576135206,9.529492761094316e-05,0.2597619120878516,0.25975990632662777,1615
1.3775633344369187,0.005026425949224984,0.00028532789989193754,0.020923923341059004,7.508755021393086e-05,0.2586653072775252,0.25866229626844045,1616
1.3769677476463962,0.004977253049427101,0.00025982733975807163,0.020925004932014518,8.556837024272503e-05,0.2592503173049753,0.25924758879074994,1617
1.3776607872111357,0.005109942077334556,0.0002929131794112303,0.020917285750907278,0.00010641630543493451,0.2603158279083617,0.2603140645232927,1618
1.3770562431803253,0.005051952791638106,0.0002628150445626686,0.02091646670543834,9.460775656736016e-05,0.2597266518683132,0.25972466453512,1619
1.3775062450623323,0.005007093806941379,0.0002836445924718369,0.02092337163702497,7.563425429216349e-05,0.25869679563357467,0.25869380986728513,1620
1.376924464129485,0.004958785567547248,0.0002585385382043708,0.020924995874542312,8.623210682018895e-05,0.25928612442411736,0.259283428670961,1621
1.3775933419751298,0.005089737377928159,0.0002904033718261527,0.020919696151746464,0.0001057025312819349,0.2602811736334883,0.2602794330823997,1622
1.37700425765532,0.005032399727261137,0.00026073309901563486,0.020918352671597206,9.388052000539951e-05,0.25968919604535895,0.25968722655002807,1623
1.3774491728320677,0.004987612752318876,0.0002820669591332354,0.020922885908060858,7.626826559938501e-05,0.25873317042083716,0.25873021325745393,1624
1.376882914894391,0.004940420687356793,0.0002573384241969483,0.020925050508993716,8.693178823101357e-05,0.25932372180145963,0.25932106049394466,1625
1.3775241563272544,0.0050693018401381735,0.00028784692073098356,0.020922054321080553,0.00010488583478698327,0.260241378558914,0.2602396591987773,1626
1.3769526779596073,0.005012851034633917,0.00025864028796087615,0.02092017145619397,9.312120089262276e-05,0.25964993268850217,0.25964798042321635,1627
1.3773916790268312,0.004967960330327089,0.0002805614745101838,0.020922457852843888,7.699733414477944e-05,0.2587748124848785,0.2587718870919913,1628
1.3768426153674804,0.004922156049371559,0.0002561876724377866,0.02092518459934314,8.766382451133394e-05,0.2593628961604481,0.25936027109161813,1629
1.3774542127666272,0.00504868358704381,0.00028529273554655685,0.020924357627850523,0.00010396282082192411,0.26019621600506404,0.26019451627936696,1630
1.3769023406746903,0.004993362159470846,0.0002565831577255534,0.020921900253201845,9.23406651256115e-05,0.25960940503494423,0.2596074693419108,1631
1.3773332772696374,0.004948119336854342,0.000279084241654669,0.020922091279650796,7.782720621666351e-05,0.25882197292087566,0.2588190824347425,1632
1.3768030346605793,0.004903993067282759,0.0002550434804936628,0.020925417263510222,8.842209685833608e-05,0.25940330244426585,0.2594007155032206,1633
1.3773845267525289,0.005027928400669318,0.00028278705403692164,0.020926590044069354,0.00010293257317367734,0.26014556913995845,0.2601438874092496,1634
1.3768539115258196,0.004973981545341702,0.0002545997209544791,0.020923514804685555,9.155113429801358e-05,0.2595682356941086,0.25956631584775086,1635
1.3772738299831004,0.004928095467674555,0.0002776054563353742,0.020921802439049304,7.876061732943429e-05,0.25887471787323035,0.25887186550362656,1636
1.3767638929358195,0.004885948183528958,0.00025387916404012294,0.020925766481327678,8.91967857103577e-05,0.2594444049950411,0.25944185801705216,1637
1.3773158599239432,0.00500706642793128,0.00028035517180035805,0.020928723616263016,0.00010179748744686311,0.260089474091689,0.26008780847912516,1638
1.3768076626901313,0.004954740095189312,0.00025270581616195344,0.02092499301809519,9.07655074572761e-05,0.25952709333728163,0.25952518855267975,1639
1.3772137112517397,0.004907924872274803,0.00027612027290464824,0.02092161618167297,7.979667287347175e-05,0.25893289834675576,0.25893008737919304,1640
1.3767252313243588,0.004868054013334826,0.0002526899125839585,0.02092624501203356,8.997420175552262e-05,0.25948547319618387,0.25948296773757373,1641
1.3772486890399651,0.004986115673946392,0.00027799961503987636,0.020930722688815847,0.00010056437659553179,0.26002817912661774,0.26002652743836363,1642
1.3767634911374744,0.004935654081131847,0.00025089649688909575,0.020926317249159575,8.999755571602883e-05,0.2594867041545538,0.2594848136274401,1643
1.3771537032775865,0.004887671005431288,0.00027464352867694985,0.020921560194469536,8.093034204714672e-05,0.25899612928137133,0.2589933629710085,1644
1.3766872696333876,0.004850351922829972,0.00025148508766139455,0.02092685800663981,9.073753441647126e-05,0.25952562514570415,0.25952316226507655,1645
1.3771833637676414,0.004965096470431958,0.00027571118869406053,0.02093254925320272,9.924544536072402e-05,0.25996220082917043,0.2599605605758176,1646
1.3767210937001861,0.004916735629059245,0.0002491573757747059,0.020927475243268667,8.926238122599512e-05,0.25944787707508915,0.2594460000429434,1647
1.3770947408729455,0.0048674157253881505,0.00027319532435098943,0.02092165961687478,8.215179139965687e-05,0.2590637625410012,0.2590610439265444,1648
1.3766501848146595,0.004832882000732548,0.0002502749813111698,0.020927602810339577,9.146802757274687e-05,0.2595638918632922,0.25956147197231655,1649
1.3771202887627592,0.004944045941151197,0.0002734828441456036,0.020934167794791975,9.78588178980198e-05,0.2598923615935741,0.25989073009771013,1650
1.3766801524158367,0.004898001940080336,0.0002474765625616849,0.02092845998996389,8.857641167570676e-05,0.2594115042196084,0.25940964002047573,1651
1.3770376627500727,0.0048472503326858025,0.00027178772011568616,0.020921933434832517,8.344555866348369e-05,0.2591348540581382,0.2591321857437548,1652
1.3766139541389362,0.004815676014541673,0.00024906099741165235,0.020928470492006353,9.214617728745805e-05,0.2595992800400581,0.25959690284826376,1653
1.3770599921916544,0.004923023949699047,0.00027131750905901134,0.020935548588300025,9.64285251194952e-05,0.2598198027026766,0.259818177251737,1654
1.3766404287915988,0.004879477840491179,0.00024585041015826855,0.020929268914590505,8.795657625508108e-05,0.25937851674067286,0.2593766648476072,1655
1.376983064707612,0.004827269037650872,0.0002704188883589125,0.020922392983368773,8.478986852082402e-05,0.25920814142597864,0.25920552538185654,1656
1.37657832789669,0.004798755276454198,0.000247833456298238,0.02092944796781612,9.275292120287918e-05,0.2596308318022318,0.25962849634604834,1657
1.3770030493282006,0.004902108834367554,0.0002692273810615424,0.020936669307247684,9.498397402811319e-05,0.25974597219512313,0.259744350198481,1658
1.3766017598092974,0.004861192195267935,0.00024428228387142275,0.020929903073688215,8.741880101653574e-05,0.2593498021913052,0.2593479622153973,1659
1.3769312547039259,0.0048075639515618605,0.0002690746196815472,0.02092304203426377,8.615651660370835e-05,0.2592820534691257,0.2592794908884209,1660
1.3765429055809142,0.004782131914934719,0.00024657548630931987,0.020930519582264093,9.327103025362451e-05,0.2596576928017837,0.2596553975328347,1661
1.3769499251693396,0.0048813869398221955,0.0002672279931961035,0.02093751566980684,9.355885759430335e-05,0.25967258277784705,0.2596709619049659,1662
1.3765640119239537,0.004843172226167118,0.00024277789872767064,0.020930366996167304,8.697622749522965e-05,0.259326104626007,0.2593242762979763,1663
1.3768822609028082,0.004788219848536583,0.00026773333471973005,0.020923877442509675,8.751167712973848e-05,0.25935476761495113,0.25935225884334623,1664
1.3765072497642856,0.0047658110197179365,0.00024526891879282864,0.02093166770333282,9.368680097770717e-05,0.25967919423184116,0.2596769371410426,1665
1.376900827341458,0.004860941454396747,0.0002653319191342643,0.02093808214846215,9.218938912201e-05,0.25960153056142665,0.2595999088573455,1666
1.376527049116472,0.004825439166520923,0.00024134112623221558,0.02093066922114081,8.663756152272283e-05,0.25930793003426234,0.2593061131813513,1667
1.3768358564442744,0.004769308386695963,0.0002663711173097876,0.020924889411277233,8.881779297002424e-05,0.2594243192311182,0.2594218637648071,1668
1.3764709863922662,0.004749792058593049,0.00024389912710243402,0.020932872814856354,9.39918296229751e-05,0.25969493835065366,0.25969271711290354,1669
1.3768556295210914,0.0048408441680961554,0.0002635449703466651,0.02093837325498282,9.091184827840134e-05,0.259534770489026,0.25953314647276204,1670
1.3764907329207026,0.0048080060323756404,0.0002399719840754987,0.020930822809978156,8.64058520484343e-05,0.25929547481565274,0.25929366934409226,1671
1.3767916001427583,0.00475088319849639,0.000264965563304713,0.02092606116630066,9.003644452720502e-05,0.2594887535813301,0.25948635011801274,1672
1.3764338726758905,0.004734069215567672,0.00024245798635911918,0.02093411405029544,9.418443367337891e-05,0.2597048664943614,0.25970267862603036,1673
1.376813879374683,0.004821151123620293,0.0002618651022899397,0.020938404921117315,8.975967678376257e-05,0.25947415836809595,0.2594725311160708,1674
1.3764549392573195,0.00479087642509896,0.00023866641966586907,0.020930844898764435,8.627788642945812e-05,0.25928858904406143,0.25928679492429657,1675
1.3767489088396954,0.004732977683725308,0.000263498827274424,0.020927368708105572,9.113183184384164e-05,0.2595462993795419,0.2595439459079664,1676
1.3763958334007225,0.004718630890185649,0.00024094542456215809,0.0209353707704326,9.427032658365761e-05,0.25970929073535537,0.2597071337601804,1677
1.376774874545711,0.004801901520359905,0.0002602830099381181,0.020938204820044173,8.876055953403901e-05,0.2594212822659147,0.25941965147029106,1678
1.3764195698451247,0.004774043237577872,0.00023741682131556605,0.02093075492884036,8.624427676100286e-05,0.2592867796765619,0.2592849969191633,1679
1.3767071644414988,0.004715606285702765,0.00026196030374554,0.020928781629563444,9.207433175574776e-05,0.2595955370748983,0.25959323099786874,1680
1.3763569683941261,0.004703458656165948,0.00023936997493378517,0.020936624980296924,9.426236383003912e-05,0.2597088806682356,0.2597067522847972,1681
1.3767377801519753,0.0047831187571155676,0.00025878358804059165,0.020937810638306176,8.793393668799037e-05,0.2593773096721816,0.2593756756517951,1682
1.3763845489795858,0.004757487173192649,0.00023621266883783572,0.02093057202806386,8.629019861763093e-05,0.259289251779214,0.25928748039119126,1683
1.376665833373926,0.0046987683457108175,0.0002603485968018656,0.020930265529853668,9.284356630758995e-05,0.2596355366382776,0.25963327493233357,1684
1.3763175291964684,0.004688525998810311,0.0002377481170959592,0.0209378637431919,9.41793966512254e-05,0.2597046069807708,0.25970250521695376,1685
1.376701762659063,0.004764812508588877,0.0002573481047846552,0.020937266144151433,8.728925622529853e-05,0.2593428719473885,0.259341235587396,1686
1.3763498130926564,0.00474117597659031,0.00023504147276946476,0.020930312485299956,8.639665355936502e-05,0.2592949800193096,0.25929321994234217,1687
1.376624560003175,0.004682452381548783,0.00025867184238782673,0.020931785716356583,9.343052687139759e-05,0.2596659467653923,0.2596637261784611,1688
1.3762778627254904,0.004673797321184467,0.00023610189257926853,0.020939080640429264,9.404440894105516e-05,0.25969764966066805,0.2596955729927531,1689
1.3766661185411353,0.004746980819532993,0.0002559572577564362,0.020936615845525496,8.682511853004736e-05,0.2593179997064846,0.2593163623174875,1690
1.3763153077063062,0.004725065577860405,0.00023389043813982704,0.02092998815823079,8.654208817183832e-05,0.2593028000178354,0.25930105106303536,1691
1.3765832004717993,0.004666638508644752,0.00025694565797801155,0.020933311202178367,9.383848140771264e-05,0.25968702644817865,0.25968484372368683,1692
1.3762383281305766,0.0046592279074545665,0.00023445470166017987,0.020940275713446862,9.388218380456514e-05,0.25968928190345214,0.25968722931749955,1693
1.3766303768651151,0.004729611382920595,0.00025459492799372654,0.020935899616808036,8.65293626487076e-05,0.25930211603070547,0.2593004791433831,1694
1.3762809999109364,0.004709103845492013,0.00023274889461590616,0.020929606144425933,8.670422278494262e-05,0.25931151023115706,0.2593097720301627,1695
1.3765417877143504,0.004651297789324434,0.00025518898653595134,0.02093481782733921,9.408258053076391e-05,0.2596996175455924,0.2596974696465975,1696
1.376199206807092,0.004644765581162543,0.0002328261577819733,0.02094145399033958,9.371678348398858e-05,0.25968074292004434,0.25967871390413144,1697
1.3765943540656655,0.00471268154644174,0.0002532516717612854,0.02093514864440775,8.638010155036417e-05,0.2592940896030953,0.25929245473652507,1698
1.37624689986588,0.004693236593783514,0.0002316107697204992,0.02092916944742942,8.686198798486054e-05,0.2593199778961573,0.25931824988315677,1699
1.3765004488278918,0.00463638908575273,0.0002534192677630503,0.020936289761933576,9.418821617747435e-05,0.25970506136907306,0.2597029456694038,1700
1.3761606350570597,0.0046303545431246535,0.00023122772229997604,0.02094262330118987,9.356914390820641e-05,0.25967311448852987,0.25967110896142487,1701
1.376558143948336,0.004696157190323304,0.0002519265054849357,0.020934383404390446,8.634769060575103e-05,0.25929234580747784,0.2592907142566154,1702
1.376213074213001,0.0046774144891716316,0.00023047592507646926,0.020928678048853226,8.699746287349505e-05,0.2593272430478408,0.25932552447619744,1703
1.37645931455625,0.004621855653376917,0.00025164883685802877,0.020937719453646135,9.41882741164135e-05,0.2597050643540583,0.259702978769318,1704
1.3761225840189262,0.004615941228264953,0.00022966080944074,0.020943792242499055,9.345508041085898e-05,0.2596672167872071,0.2596652349835216,1705
1.3765220426447242,0.004679991385040967,0.00025062599065212693,0.02093361353618624,8.639755399336483e-05,0.25929502845575875,0.25929340113415206,1706
1.3761796372694712,0.004661599148791367,0.0002293495470551593,0.020928129950077354,8.709761451234548e-05,0.2593326102732486,0.2593309002605689,1707
1.376418456882372,0.0046076243284682425,0.0002498837671636334,0.02093910668819955,9.411952083842905e-05,0.25970152157336307,0.2596994646192924,1708
1.376084891467628,0.004601481128665515,0.0002281179735057658,0.02094496876624049,9.338396385574637e-05,0.25966353785400287,0.2596615801914082,1709
1.3764864322538566,0.00466412440661411,0.0002493608918484614,0.02093283900312239,8.649366368956556e-05,0.2593001969704714,0.2592985743256808,1710
1.3761467201832738,0.004645767139123336,0.0002282398011689363,0.02092752216031666,8.715552179550707e-05,0.2593357121739858,0.2593340097650327,1711
1.3763778697372087,0.004593609299480712,0.0002481250014952453,0.02094045739021076,9.401852173500059e-05,0.2596963148533348,0.2596942856345344,1712
1.3760473269449105,0.004586944827827897,0.00022658636183654646,0.020946159320461007,9.335824836385167e-05,0.25966220722008443,0.25966027417029297,1713
1.3764516631001642,0.004648486734198628,0.00024814186769873205,0.02093205205341409,8.660229026811943e-05,0.2593060351529596,0.2593044171549292,1714
1.3761144318131073,0.0046299113326746764,0.00022715484667009043,0.02092685182977935,8.717076079591617e-05,0.2593365283053133,0.25933483254293466,1715
1.376337485257565,0.00457972051929476,0.00024637056422368274,0.020941782265514616,9.391764848563334e-05,0.259691111829178,0.2596891099703901,1716
1.376009660545152,0.00457232143250019,0.00022505179945254424,0.020947368237677257,9.33739201794994e-05,0.25966301817133236,0.2596611101483186,1717
1.3764179709528803,0.004633005695918282,0.0002469759269464938,0.02093123985748889,8.669549841507115e-05,0.2593110417470373,0.25930942794031325,1718
1.376082828169246,0.004614039689476607,0.00022610044248392037,0.020926117547148494,8.714878830306296e-05,0.2593353515361267,0.2593336615323833,1719
1.3762972062447536,0.004565874805415085,0.00024461753060863963,0.020943094971294235,9.384179230263627e-05,0.2596871973399243,0.2596852228734275,1720
1.3759717115193277,0.004557618287445547,0.00022350204426461881,0.020948597260666783,9.342180937948622e-05,0.2596654958165366,0.25966361308972863,1721
1.37638544519632,0.004617614754829867,0.00024586470624041277,0.020930387802245824,8.675381468179411e-05,0.2593141727856957,0.25931256239349665,1722
1.3760519004733156,0.004598171872712688,0.00022507882941457215,0.02092532045122066,8.709941278447571e-05,0.2593327066162221,0.2593310216152688,1723
1.3762569361844212,0.004552006507558911,0.0002428630493943361,0.020944409606938327,9.380630268415346e-05,0.25968536538723,0.2596834186087896,1724
1.3759333682652937,0.004542857010338478,0.00022192854037791812,0.020949845427628563,9.348957383000588e-05,0.2596690006634608,0.2596671433030274,1725
1.3763540411222408,0.004602262926525647,0.0002448046294328849,0.020929483114468548,8.676758626305433e-05,0.25931491203732243,0.2593133041026034,1726
1.3760215823837003,0.004582334307761807,0.0002240888710364071,0.02092446461242908,8.703466651687467e-05,0.2593292371883705,0.259327556609877,1727
1.3762165962529915,0.004538074706687331,0.00024110446736191695,0.020945737856457897,9.381645056100887e-05,0.2596858892498835,0.25968397055863063,1728
1.375894585324007,0.0045280669862568556,0.000220326791499344,0.02095110965335464,9.356404054983343e-05,0.25967285069407325,0.25967101855608765,1729
1.3763236166829251,0.004586921316934747,0.00024378830608460551,0.020928518013457506,8.673677389797221e-05,0.2593132579636759,0.25931165150565477,1730
1.3759917701435325,0.00456655446266109,0.0002231269860616209,0.020923556333164936,8.696651184203746e-05,0.2593255837266113,0.25932390717820347,1731
1.3761761285833967,0.004524065087129706,0.00023933906731434407,0.020947086643942153,9.3868440028154e-05,0.25968857265174566,0.25968668239646625,1732
1.3758553695138296,0.004513278100006876,0.00021869591692146034,0.0209523860839789,9.363350366216104e-05,0.2596764406504748,0.2596746334057527,1733
1.3762939739274551,0.004571584520118873,0.00024280632111075542,0.02092749139963926,8.666923227793626e-05,0.2593096311569222,0.259308025314305,1734
1.3759623465863977,0.004550855274944269,0.00022218828674973475,0.020922602522044333,8.690481652147067e-05,0.2593222752867243,0.25932060253971456,1735
1.3761354924996514,0.004509986325803038,0.0002375640006434573,0.02094845722322033,9.395172770265738e-05,0.2596928699414909,0.25969100830043396,1736
1.3758157660852472,0.004498514503733678,0.00021703798793773504,0.020953671841517668,9.368956495195237e-05,0.25967933700993784,0.25967755421039157,1737
1.3762648930274408,0.0045562662957177955,0.00024184873890727645,0.020926408470540333,8.657784429146145e-05,0.2593047216127868,0.2593031157441632,1738
1.3759332005720755,0.00453525070485737,0.0002212674633671654,0.02092160877706553,8.685594972093881e-05,0.25931965394856155,0.2593179848817897,1739
1.3760946623613428,0.004495862381381448,0.00023577674193408696,0.02094984608380117,9.405219172115305e-05,0.2596980509238276,0.25969621784063585,1740
1.3757758498847177,0.004483790727731043,0.00021535748884823173,0.020954966497957753,9.372817500211268e-05,0.25968133126187265,0.25967957242707496,1741
1.3762361556311637,0.004540990848522228,0.00024090599748667407,0.02092527845269325,8.64771107517661e-05,0.2592993070038453,0.25929770072540603,1742
1.3759042369016872,0.004519743268865484,0.00022035922088751617,0.020920577916232124,8.682221960791467e-05,0.25931784415022674,0.25931617867684825,1743
1.3760536315088892,0.004481722955550943,0.0002339759756955885,0.02095124728341668,9.415553983076853e-05,0.25970337775368807,0.2597015729380575,1744
1.3757357201920293,0.004469110700797108,0.00021366090234019585,0.020956272753004747,9.374968316085863e-05,0.2596824420040018,0.2596807067049479,1745
1.3762075597581749,0.0045257823795547165,0.00023996922850254556,0.020924111314365796,8.637990723227721e-05,0.25929407914923674,0.25929247230727565,1746
1.3758753766542884,0.004504324068016217,0.00021945835450933499,0.020919509398893327,8.680221189394556e-05,0.25931677046480944,0.25931510846123795,1747
1.3760124199387718,0.004467594523344926,0.00023216248370092367,0.020952655338230715,9.425028151740742e-05,0.2597082584183471,0.25970648140281,1748
1.3756954948160964,0.004454469500560404,0.00021195620678717898,0.020957596170394038,9.375791904528144e-05,0.2596828672946231,0.25968115521459806,1749
1.3761789293002369,0.004510655911918111,0.0002390302590702249,0.020922914507289402,8.629507901568195e-05,0.2592895144660893,0.259287907059098,1750
1.37584655170165,0.004488975307486659,0.00021855969839123092,0.020918399680629137,8.679190156484137e-05,0.25931621712739894,0.25931455838103906,1751
1.3759710791619375,0.004453493872543895,0.0002303395513312959,0.02095406779958108,9.43296598720115e-05,0.25971234574508195,0.2597105959767416,1752
1.3756553005184093,0.004439857057977306,0.0002102521214301344,0.02095894414085177,9.375856975472358e-05,0.2596829008956368,0.259681211857182,1753
1.3761501190684713,0.004495611761084181,0.00023808155353376468,0.020921690565874382,8.622634445523445e-05,0.25928581415144814,0.2592842062272763,1754
1.3758176979612258,0.004473674684259494,0.00021765813148598185,0.02091724329911302,8.678622754860556e-05,0.2593159125988067,0.25931425678449577,1755
1.3759296892395878,0.004439425318826241,0.0002285126765937052,0.02095548691201985,9.439217648599864e-05,0.259715563621633,0.2597138405633028,1756
1.3756152609384178,0.004425262660566207,0.00020855717545044421,0.020960324368699833,9.375731304262895e-05,0.2596828360020517,0.2596811699590879,1757
1.3761210143122198,0.004480634785987937,0.00023711619886699196,0.020920436069332967,8.617264370402301e-05,0.25928292215328896,0.25928131370921353,1758
1.3757887500883537,0.004458400458027022,0.0002167486591690268,0.02091603440783058,8.678069991504593e-05,0.2593156159171064,0.25931396260479045,1759
1.3758883483733382,0.004425381846168638,0.0002266887406472908,0.020956920023224055,9.444071055875707e-05,0.259718061049343,0.25971636426654326,1760
1.37557548622306,0.004410678972609735,0.00020687888885174548,0.020961743224647278,9.375823623061782e-05,0.25968288367329784,0.2596812406752926,1761
1.3760915239966665,0.004465698145270175,0.00023612788713535458,0.020919142188557997,8.612968259264929e-05,0.25928060787840157,0.25927899878810234,1762
1.3757596380629062,0.004443135757201555,0.00021582647291051776,0.02091476842251569,8.677260603125581e-05,0.2593151814813913,0.2593135301707013,1763
1.3758471598337716,0.004411349442230768,0.00022487501719265456,0.020958378651464247,9.448062269516383e-05,0.2597201143354985,0.25971844355128704,1764
1.3755360681225128,0.004396104468184184,0.00020522335242716626,0.02096320437502586,9.376296878708789e-05,0.25968312804764493,0.2596815081881988,1765
1.3760615696828664,0.004450770037329146,0.00023511082691674045,0.020917796711044084,8.609209760224077e-05,0.25927858273672444,0.2592769727197217,1766
1.375730285487591,0.004427870898174056,0.0002148869204063288,0.020913443358601572,8.676151464364894e-05,0.2593145861230464,0.2593129362940482,1767
1.375806221191767,0.004397313008495894,0.00022307835070073091,0.02095987642610337,9.45175058868965e-05,0.25972201141158024,0.2597203665197449,1768
1.3754970811108895,0.004381543677442872,0.00020359528496845068,0.020964708127095482,9.37707078002331e-05,0.25968352765268077,0.25968193101805764,1769
1.3760310744654836,0.004435821102717428,0.00023405961440311536,0.02091638697588704,8.605552381591209e-05,0.2592766116559826,0.2592750002926,1770
1.3757006103285236,0.004412603204428319,0.00021392544718516808,0.020912060435745245,8.674900836032627e-05,0.25931391477093957,0.25931226593583984,1771
1.37576561762429,0.004383261738466242,0.00022130462550947453,0.02096142652439456,9.455529726256936e-05,0.2597239548159465,0.25972233585469906,1772
1.375458586804088,0.004367005373438015,0.00020199839432573965,0.020966251743867452,9.377901294028648e-05,0.25968395647141634,0.25968238310367,1773
1.375999957053269,0.004420830076188359,0.0002329692012662672,0.020914902733168553,8.60179410082715e-05,0.25927458575938955,0.2592729725401369,1774
1.375670529639611,0.0043973347563458125,0.00021293766646251973,0.02091062376399536,8.67378226234637e-05,0.25931331426633203,0.2593116660071862,1775
1.3757254178101341,0.004369192084099365,0.00021955846065846703,0.02096303948910581,9.459528040585524e-05,0.25972601050821226,0.25972441760834153,1776
1.3754206376451923,0.0043524995227078945,0.00020043574014701714,0.020967830556388827,9.378500485861221e-05,0.25968426583993914,0.259682715723023,1777
1.3759681343803998,0.004405786044886652,0.0002318351097796757,0.020913337926840803,8.597996820994902e-05,0.25927253839085873,0.2592709227787366,1778
1.3756399692176853,0.004382069280880687,0.00021191969637082778,0.020909139336776274,8.673074532412389e-05,0.25931293430257746,0.2593112862863419,1779
1.37568566991116,0.004355107397943412,0.00021784299312469044,0.020964722138216506,9.463616476758917e-05,0.2597281120865042,0.25972654541455154,1780
1.3753832766403227,0.004338034199361891,0.00019890983228697912,0.02096943930067952,9.378649865074358e-05,0.25968434296432874,0.2596828160317596,1781
1.3759355332225904,0.004390687098263515,0.00023065396253719493,0.02091169090602179,8.594416649338551e-05,0.25927060766581056,0.2592689891487339,1782
1.3756088773479762,0.0043668096480801635,0.00021086879579014443,0.020907613854705943,8.672967936993012e-05,0.2593128770726307,0.25931122904461185,1783
1.3756463961563021,0.004341014683945617,0.00021615963554236185,0.020966477716598098,9.46750460136827e-05,0.2597301102775705,0.2597285699922596,1784
1.37534653185625,0.004323613555243989,0.000197422340152078,0.020971073025970337,9.378267104094459e-05,0.25968414534385686,0.25968264149805104,1785
1.3759021083777587,0.004375536641653369,0.0002294242758477508,0.020909963291181596,8.591375590319147e-05,0.2592689673590531,0.2592673454778937,1786
1.3755772399544879,0.004351557068195525,0.00020978419898738004,0.020906053893528696,8.67351761482517e-05,0.25931317218504263,0.2593115239498518,1787
1.3756075862088823,0.004326920030457896,0.00021450776410300443,0.02096830685678214,9.470875760381904e-05,0.259731842456792,0.25973032868739004,1788
1.375310406635194,0.0043092374042957675,0.00019597346312211526,0.020972727188306874,9.377407378195487e-05,0.2596837014504762,0.25968222058102186,1789
1.3758678627068905,0.00436033948840243,0.00022814736019495388,0.02090815823213757,8.589132704288387e-05,0.259267757390161,0.2592661317406864,1790
1.3755450934733746,0.004336312250851884,0.00020866794386155264,0.02090446567045805,8.674654202234591e-05,0.2593137823692819,0.2593121337712065,1791
1.3755691908911665,0.004312824738362923,0.00021288438331519438,0.020970208640264172,9.473502851275286e-05,0.259733192102941,0.25973170494718445,1792
1.3752748685715313,0.004294902266509927,0.00019456117165474461,0.020974396949761248,9.376208763785689e-05,0.25968308254833433,0.25968162453952826,1793
1.3758328632640802,0.004345099658404361,0.00022682809915487544,0.020906278897782977,8.58780592792133e-05,0.2592670415602399,0.2592654117779569,1794
1.3755125319569776,0.00432107786263532,0.00020752544173318756,0.02090285535266288,8.676238019158894e-05,0.25931463258489507,0.2593129834971204,1795
1.375531118655906,0.004298723720567861,0.00021128389887144325,0.020972181139169696,9.47530098275721e-05,0.2597341157701957,0.25973265530192985,1796
1.3752398414508071,0.00428060314025289,0.00019318061802071494,0.020976076033196758,9.374814092033627e-05,0.2596823623625816,0.2596809270868309,1797
1.3757972486090018,0.004329820741334011,0.00022547536857514436,0.020904327803772632,8.587367534276692e-05,0.25926680502345695,0.2592651707653229,1798
1.375479706349088,0.004305861022180531,0.00020636558408623028,0.020901229623674723,8.678126006808102e-05,0.2593156459823289,0.2593139963087589,1799
1.375493237013077,0.004284606642994752,0.00020969815095660884,0.020974221133179496,9.476306358957736e-05,0.2597346321753612,0.25973319845000964,1800
1.3752052036515576,0.004266335073060771,0.00019182397596111288,0.020977755647777516,9.37330834982461e-05,0.25968158476171366,0.25968017206187116,1801
1.3757612253563125,0.004314508308195941,0.00022410194323030245,0.02090230715947005,8.587700136030941e-05,0.2592669844804181,0.25926534541590374,1802
1.3754468162736837,0.004290674591845809,0.00020520033303149816,0.0208995961127387,8.680218854023823e-05,0.25931676921149377,0.2593151188983522,1803
1.3754553796083193,0.004270461012616794,0.0002081167806550611,0.02097632310328994,9.476606063235555e-05,0.25973478611127926,0.2597333791604074,1804
1.3751707939626712,0.0042520938487020455,0.0001904807970496634,0.020979423972529734,9.371697981702229e-05,0.25968075306042987,0.2596793627285439,1805
1.3757250558750593,0.004299172856940134,0.00022272390506637084,0.02090021992521277,8.588674259353989e-05,0.259267510053598,0.2592658658708388,1806
1.3754140970800697,0.004275536657562219,0.0002040439330952751,0.020897963340595502,8.682469933582958e-05,0.2593179772126696,0.25931632626207185,1807
1.3754173574372097,0.004256275609256723,0.00020652786512267277,0.020978477986021295,9.476263028542726e-05,0.2597346099195308,0.2597332297325557,1808
1.3751364227582066,0.004237875655803466,0.00018913875686462993,0.020981066428619157,9.369934065755642e-05,0.2596798419748236,0.2596784737353927,1809
1.3756890417471845,0.004283831623630974,0.00022135973147372574,0.020898070920069924,8.590204988986064e-05,0.25926833587489473,0.259266686298677,1810
1.3753818059431202,0.004260468498914808,0.00020291199834434812,0.020896340086463922,8.684859573612876e-05,0.25931925939847844,0.25931760787523483,1811
1.375378971215804,0.004242042708362606,0.00020491865894207734,0.020980672330752494,9.47527552677872e-05,0.25973410269453673,0.2597327491928331,1812
1.3751018847774141,0.004223676154093867,0.00018778453128862857,0.020982666566164522,9.367959174162966e-05,0.25967882181578056,0.25967747531800617,1813
1.375653507742932,0.004268508313913285,0.00022002930682780514,0.020895867350653765,8.592263263271794e-05,0.25926944618802644,0.25926779099989755,1814
1.375350209931207,0.00424549203425588,0.00020182070491048888,0.02089473442575865,8.687355625108139e-05,0.25932059849210776,0.2593189465189072,1815
1.375340022149507,0.004227758383440099,0.00020327627794165419,0.020982888285030636,9.47358621468874e-05,0.25973323492713946,0.259731907939354,1816
1.3750669701796576,0.004209489621302184,0.0001864045585851826,0.020984207095693517,9.365748963382016e-05,0.25967767997165747,0.259676354789568,1817
1.3756187889728462,0.004253230967372767,0.0002187530411814129,0.020893618551511003,8.594845185947583e-05,0.2592708387894233,0.25926917784012643,1818
1.3753195769222717,0.0042306278164455265,0.0002007861931164287,0.020893152879752536,8.689885422997549e-05,0.25932195549388515,0.2593203032362508,1819
1.3753003198226454,0.004213421283406734,0.00020158823545893002,0.020985104364705295,9.47112705282952e-05,0.2597319715642975,0.2597306708097363,1820
1.3750314724849904,0.004195308728506524,0.00018498557392299044,0.020985670622558614,9.36332708740045e-05,0.25967642862186274,0.2596751242573479,1821
1.3755852211267632,0.004238029081834744,0.00021755115714041013,0.020891335228346117,8.597924670954727e-05,0.2592724994855512,0.2592708326957417,1822
1.3752901685632966,0.00421589416695579,0.00019982415310295027,0.020891600015238338,8.692334152597962e-05,0.2593232688219304,0.2593216164688487,1823
1.3752596874871585,0.00419903099696415,0.0001998428266340613,0.02098729658887103,9.467869038525365e-05,0.25973029754864946,0.25972902263034964,1824
1.3749951941266854,0.004181125066363464,0.0001835149572262177,0.020987039944893243,9.360750076826988e-05,0.25967509693844304,0.25967381282239316,1825
1.3755531319832706,0.004222931300012119,0.0002164431039879626,0.0208890287253267,8.601419804118547e-05,0.2592743839709808,0.25927271132326235,1826
1.3752622340385476,0.004201307322450185,0.00019894950525885995,0.020890078539478982,8.694567333425725e-05,0.25932446638335177,0.25932281412996855,1827
1.3752179658550494,0.004184587078172608,0.00019802940984346874,0.0209894395104025,9.463848032781376e-05,0.2597282310996303,0.25972698150420753,1828
1.374957951474025,0.0041669300999705805,0.00018198102680179037,0.020988298102356133,9.35807636937402e-05,0.25967371509264875,0.25967245058255933,1829
1.3755228323825972,0.004207964381918835,0.00021544702228169275,0.020886710701004448,8.605190398393207e-05,0.2592764165486427,0.25927473807784446,1830
1.3752360040033598,0.00418688196468952,0.0001981760985150788,0.020888589678469884,8.696461412635192e-05,0.2593254819782332,0.2593238300142228,1831
1.3751750165649173,0.004170089147394849,0.00019613865009048218,0.020991506907464826,9.45915668695539e-05,0.2597258195988592,0.25972459469887327,1832
1.3749195809639958,0.004152716033816352,0.00018037340636029828,0.0209894285089493,9.355340496241765e-05,0.25967230091355814,0.25967105528947165,1833
1.3754946060921505,0.004193153287656683,0.0002145792047380554,0.020884393253554536,8.609062733027025e-05,0.2592785035070463,0.25927681929476337,1834
1.3752116847545162,0.004172631457476257,0.00019751639503446246,0.02088713354834526,8.697924428970002e-05,0.2593262663638618,0.2593246148673552,1835
1.3751307261945689,0.0041555377039289194,0.00019416278387936794,0.02099347222242419,9.453914497375694e-05,0.25972312423934596,0.25972192329563154,1836
1.3748799468803963,0.004138476220036737,0.00017868351729822884,0.02099041542457875,9.35254630153106e-05,0.25967085637445364,0.2596696288368525,1837
1.37546869927361,0.004178521549417999,0.0002138535443860919,0.020882089212035698,8.612861706273758e-05,0.2592805504719676,0.25927886064703926,1838
1.3751894528099557,0.004158567465460669,0.000196981139792978,0.02088570934653791,8.698898381151964e-05,0.2593267885047062,0.25932513763931764,1839
1.3750850114004132,0.004140934909428765,0.0001920959553237966,0.0209953090604358,9.448238958593321e-05,0.25972020522344735,0.25971902738801206,1840
1.3748389501975122,0.004124205108448795,0.00017690516050782468,0.020991244779147183,9.349678152300232e-05,0.25966937337799106,0.2596681630504239,1841
1.3754453106187163,0.004164091078695768,0.00021328099037302967,0.020879812198584355,8.61643014897971e-05,0.25928247281115313,0.2592807775530025,1842
1.3751694494995037,0.004144699096928694,0.00019657900441106863,0.020884315425421778,8.699348370904001e-05,0.2593270297366868,0.2593253796495909,1843
1.3750378255538023,0.0041262848065954354,0.00018993465903509635,0.02099699205986194,9.442235076161764e-05,0.25971711638098555,0.25971596070356023,1844
1.374796537394287,0.004109898045509494,0.00017503510429691966,0.020991905103499044,9.346717264188387e-05,0.2596678421916105,0.2596666481280457,1845
1.3754245825394653,0.004149881079987339,0.0002128690257772411,0.020877576254156312,8.61962818660237e-05,0.2592841952729369,0.25928249481289084,1846
1.375151774530961,0.004131031984203157,0.0001963161661846325,0.02088294950493278,8.699251258366671e-05,0.25932697767680757,0.2593253284986284,1847
1.374989166879328,0.004111592977094746,0.00018767829222160665,0.02099849820477681,9.436004471034111e-05,0.2597139098570216,0.2597127752984036,1848
1.3747527082723001,0.0040955512728707314,0.00017307359945198207,0.020992388231755355,9.343649035289336e-05,0.2596662552393827,0.2596650764334723,1849
1.3754065928432975,0.004135906410042769,0.00021262115769091772,0.020875395175155777,8.62232161207826e-05,0.2592856457029537,0.2592839403212206,1850
1.3751364775896395,0.0041175676527148665,0.00019619578223408407,0.02088160926772093,8.698594299284289e-05,0.25932662548796953,0.25932497733822707,1851
1.374939087324359,0.004096866063083018,0.0001853297576738762,0.020999808341553447,9.429661215187407e-05,0.25971064427068946,0.259709529723639,1852
1.374707522066379,0.00408116224716287,0.00017102476782157513,0.020992689592607094,9.340456043648524e-05,0.2596646034805617,0.25966343887320653,1853
1.3753913461926757,0.004122176058594937,0.00021253641395867044,0.02087328192676996,8.624375790673888e-05,0.25928675174141846,0.2592850417622031,1854
1.3751235481966095,0.004104303246587219,0.00019621737577715532,0.020880293353908543,8.697385243331184e-05,0.25932597729105705,0.2593243302937149,1855
1.3748877002900404,0.0040821115738048225,0.00018289598570229073,0.02100090853388291,9.42333849469507e-05,0.2597073881629896,0.25970629247859206,1856
1.3746611009508076,0.004066730083582347,0.00016889681266348192,0.02099280815264645,9.337102767985126e-05,0.259662868501633,0.25966171698467844,1857
1.3753787658839323,0.004108692243569054,0.0002126089045055042,0.020871248385616083,8.625666208132391e-05,0.25928744647797897,0.25928573226835444,1858
1.375112905846468,0.004091231431355822,0.00019637625130250773,0.020879002510374382,8.695666939897203e-05,0.25932505599977673,0.2593234103116714,1859
1.3748351844314433,0.004067338020666243,0.00018038819127390375,0.02100179102143199,9.417178714467361e-05,0.2597042149164512,0.25970313693259006,1860
1.3746136293969533,0.004052255754862922,0.0001667019653078448,0.02099274617782938,9.333523551011256e-05,0.2596610162772926,0.2596598766930962,1861
1.375368688446635,0.004095450120788387,0.00021282760198515496,0.0208693053299575,8.626103497894217e-05,0.2592876818947971,0.259285963872301,1862
1.3751043938648664,0.004078340276332884,0.00019666314292675552,0.020877740548310545,8.693527585085043e-05,0.25932390882896494,0.2593222646811688,1863
1.3747817806390035,0.004052555001432477,0.00017782168823453186,0.021002454790597813,9.411312244150504e-05,0.2597011918052116,0.2597001303744846,1864
1.3745653474573016,0.004037741782778728,0.00016445605416230257,0.02099250885159704,9.329621066298382e-05,0.2596589963589901,0.25965786749601827,1865
1.3753608646996542,0.004082437721717932,0.00021317654934090423,0.020867462339224378,8.625660538488284e-05,0.25928744342566257,0.25928572207630807,1866
1.3750977804581945,0.004065613122712069,0.000197064310913877,0.02087651489311242,8.69110297953072e-05,0.2593226085295537,0.2593209662801209,1867
1.3747277804944165,0.0040377727412707655,0.0001752151644324529,0.021002905922534936,9.405836774946007e-05,0.2596983693345562,0.25969732335051926,1868
1.3745165368886352,0.004023191465030122,0.00016217762333272623,0.02099210353179691,9.325272722889992e-05,0.25965674516744125,0.259655625750323,1869
1.3753549697652672,0.004069635758722158,0.00021363563167908686,0.020865727342033517,8.624390191271162e-05,0.25928675949471675,0.25928503540047704,1870
1.3750927685829073,0.004053028687627866,0.0001975621939952587,0.020875336820346178,8.688574655575761e-05,0.25932125241347737,0.25931961261098735,1871
1.3746735069055827,0.004023000912071382,0.0001725894700856338,0.021003157836058117,9.400805575322773e-05,0.2596957751496839,0.25969474357124794,1872
1.3744675014112342,0.004008607961034717,0.0001598866707063201,0.02099153824294543,9.320336038185552e-05,0.259654188747992,0.2596530774174008,1873
1.3753506209380786,0.004057017347814425,0.00021418183331971442,0.020864106022427654,8.622432688168653e-05,0.25928570551340535,0.25928397938955156,1874
1.3750890128899769,0.004040561723948624,0.00019813651043458567,0.020874221827756664,8.686171173469068e-05,0.2593199630758223,0.25931832653690645,1875
1.3746192906436783,0.0040082470867765264,0.0001699661493220648,0.021003231302819277,9.396223310973154e-05,0.2596934118405096,0.2596923937135738,1876
1.3744185455797904,0.003993993624014286,0.00015760327979256707,0.02099081908341312,9.314646997955399e-05,0.25965124188794136,0.25965013716315233,1877
1.375347397687369,0.004044548131277888,0.00021479060702063086,0.020862601918943628,8.620020915871772e-05,0.2592844067747335,0.2592826795235477,1878
1.3750861382340787,0.004028184353423899,0.000198765448505589,0.020873190828222414,8.684176678379136e-05,0.25931889300205724,0.2593172609113588,1879
1.3745654491931623,0.003993515574113786,0.00016736610237593828,0.02100315386664313,9.392042505164786e-05,0.25969125508134255,0.2596902495545983,1880
1.3743699591694358,0.003979349811610691,0.0001553465862113045,0.020989946611984098,9.308014904987e-05,0.25964780540070487,0.25964670561735204,1881
1.3753448548114415,0.004032187307367231,0.00021543675016241626,0.020861218383355182,8.61748988738126e-05,0.2592830436212383,0.25928131641653845,1882
1.3750837514923535,0.004015867820310375,0.0001994263967705055,0.02087227286660975,8.68294403411031e-05,0.2593182316101878,0.2593166056559843,1883
1.3745122757721084,0.003978807370787538,0.0001648088558516129,0.021002958313201515,9.388158860846995e-05,0.2596892511892545,0.2596882575194124,1884
1.3743220142043213,0.003964677210763877,0.00015313454569137986,0.020988911719229803,9.300223119153255e-05,0.25964376644219117,0.25964266965917804,1885
1.3753425194610611,0.0040198896096243,0.00021609412937215913,0.020859963340802173,8.61528469263834e-05,0.2592818557910788,0.2592801302131223,1886
1.3750814377030163,0.004003584127983936,0.00020009561508142073,0.020871509906069848,8.682906204359325e-05,0.2593182113113834,0.25931659387325867,1887
1.3744600458838057,0.0039641216242949145,0.00016231289656902365,0.02100268016090004,9.384415666167691e-05,0.25968731937440265,0.2596863369165196,1888
1.3742749795137634,0.003949976656515717,0.00015098482862038802,0.020987691692875815,9.29103896701778e-05,0.25963900356210007,0.25963790743262044,1889
1.375339864737231,0.0040076077370502245,0.00021673371928522157,0.02085885716344073,8.613953423973461e-05,0.2592811386284084,0.25927941686903516,1890
1.3750787326354486,0.003991306998159277,0.00020074634094354317,0.020870963962044114,8.684584325636461e-05,0.25931911172035,0.25931750612644194,1891
1.3744090463699374,0.003949458656804243,0.00015989738446284182,0.021002354552653427,9.380632388392465e-05,0.25968536648165286,0.2596843946623638,1892
1.374229154669099,0.003935250502143215,0.00014891696291262103,0.02098624718761658,9.280221890339614e-05,0.2596333908310312,0.2596322924323484,1893
1.3753362536846099,0.0039952944920518966,0.00021731956290088617,0.020857943183684297,8.614122082363886e-05,0.2592812294887929,0.25927951464181637,1894
1.3750750648186678,0.003979011616805813,0.0002013449313721181,0.0208707264217376,8.688601565032507e-05,0.25932126684793033,0.2593196777164865,1895
1.3743596294566571,0.0039348245601256516,0.0001575854095537565,0.021002013274379134,9.376659431922684e-05,0.2596833152545617,0.25968235352856633,1896
1.3741849246029394,0.0039205046680203266,0.0001469558004138397,0.020984520981171352,9.267514025705966e-05,0.25962679283339263,0.2596256884510063,1897
1.3753308436773786,0.003982903440608053,0.00021780214781511896,0.0208572993106272,8.616469515557753e-05,0.2592824940159193,0.2592807904536627,1898
1.3750696575404795,0.00396667208861208,0.0002018445228753067,0.020870928519689757,8.695716419993882e-05,0.2593250825304626,0.25932351619687505,1899
1.374312294931132,0.003920237523048961,0.00015540900765876069,0.02100168308700669,9.372439949219194e-05,0.259681136270717,0.25968018406387583,1900
1.3741428407474199,0.0039057516676978196,0.00014513666085401038,0.020982440161499194,9.252613851000255e-05,0.25961905081128084,0.2596179356818953,1901
1.375322431734027,0.00397038516761875,0.00021810819594045934,0.020857047168168955,8.621722790384044e-05,0.2592853232525228,0.2592836370503891,1902
1.3750613748627303,0.003954254115906434,0.00020217527533392593,0.02087175012125522,8.706875779851887e-05,0.25933106413001855,0.2593295291194737,1903
1.3742678087063636,0.00390573601563204,0.00015341649277462403,0.021001387408030064,9.36805501795499e-05,0.2596788713277711,0.2596779279756282,1904
1.3741037422056888,0.0038910156756312196,0.00014351296782198915,0.02097992480195406,9.235160883196126e-05,0.2596099744449172,0.2596088424896794,1905
1.3753092149278177,0.003957673673750472,0.00021812542426018986,0.020857351340048295,8.630658349304392e-05,0.2592901336638955,0.25928847293829843,1906
1.3750484936685266,0.003941699198442897,0.00020223003579224077,0.020873420219757688,8.723254729768536e-05,0.2593398365776755,0.2593383439834514,1907
1.3742273707483932,0.003891388777714195,0.00015168297147188066,0.021001153996804547,9.363745351194975e-05,0.25967664474453567,0.25967570944424023,1908
1.3740689320906743,0.003876342260998153,0.00014216722871384022,0.02097690841655372,9.214781540758889e-05,0.25959936536483474,0.25959820900773717,1909
1.3752884593563033,0.003944657613929062,0.00021768180859313844,0.020858395063781697,8.644034012357468e-05,0.2592973297308192,0.2592957045595332,1910
1.3750284073210395,0.003928897957983545,0.00020184550532575398,0.020876195062369932,8.746192605127896e-05,0.2593521081073349,0.2593506715292911,1911
1.3741928367899727,0.003877306723736431,0.00015032431422748292,0.021001029975440285,9.359913256365082e-05,0.2596746644677555,0.2596737362701374,1912
1.3740404023224575,0.003861816642409942,0.00014122477366880498,0.02097337943900744,9.191279390101482e-05,0.25958711603669293,0.259585926344459,1913
1.3752561543283965,0.003931138443862489,0.00021652360261811257,0.020860310609200874,8.662289865287672e-05,0.25930714234622404,0.2593055636150167,1914
1.374997348876765,0.0039156563586716965,0.00020078388009007867,0.02088028698773106,8.77683800677718e-05,0.25936847800166984,0.2593671123698515,1915
1.374166953888142,0.0038636564253341148,0.0001495119387111856,0.02100110132489136,9.357113396374418e-05,0.25967321735327725,0.2596722952418662,1916
1.3740210242973654,0.003847592747621678,0.00014086492726896323,0.02096945829174759,9.165084238483644e-05,0.25957344464572896,0.25957221227306426,1917
1.3752069261040374,0.003916792707789767,0.00021430870675465406,0.020863038817798333,8.684814346340865e-05,0.2593192351329607,0.2593177113874611,1918
1.3749504010113065,0.0039016731194701855,0.00019873131274028495,0.020885709267551237,8.815227573042107e-05,0.2593889443352499,0.2593876626890411,1919
1.3741534488803377,0.0038506702099182577,0.00014947800710048058,0.021001511554740167,9.356054201992514e-05,0.25967266984962917,0.25967175301046724,1920
1.3740144522079658,0.0038339253613724118,0.0001413138818914708,0.020965512282846103,9.138048613865876e-05,0.25955931410398564,0.25955803180687975,1921
1.3751348128192504,0.003901189460665234,0.00021065273922273373,0.0208661441929076,8.70871202253765e-05,0.25933204801881005,0.25933057984491753,1922
1.3748823366799992,0.0038865716024810344,0.00019534870731507497,0.02089204357315136,8.858811314753081e-05,0.25941212585697465,0.25941093376061797,1923
1.374156569696183,0.003838633374279853,0.00015048563863973613,0.021002467598442452,9.357757647537749e-05,0.2596735503552407,0.2596726389201431,1924
1.3740242641213842,0.0038211760789966034,0.00014278948274196106,0.020962266864962036,9.114074455258175e-05,0.2595467661829848,0.2595454332589102,1925
1.3750357239317486,0.0038839198782844547,0.0002052859047319283,0.02086872955568911,8.728521125764872e-05,0.2593426554714197,0.2593412296931895,1926
1.3747899565621222,0.003870051397155906,0.0001904199618369961,0.020898303933393085,8.901427407290772e-05,0.2594347376260767,0.2594336273226511,1927
1.3741794888707795,0.0038278150355161764,0.00015272710329955567,0.021004237257877728,9.36352784383107e-05,0.25967653235608246,0.2596756287498158,1928
1.3740519599965038,0.0038097228405309922,0.00014537605547097705,0.020960707352910998,9.099263112978775e-05,0.2595390057726048,0.2595376334283333,1929
1.374911553629218,0.0038649384312375097,0.00019831043346302832,0.020869851623614696,8.737375030252256e-05,0.2593473927007761,0.25934598123248326,1930
1.3746757376001766,0.0038521394457377077,0.00018409011877007248,0.020903201395770225,8.935209278750281e-05,0.2594526235928182,0.2594515731350531,1931
1.3742214726390871,0.0038183032863925255,0.0001561459493162279,0.02100702016608705,9.375377760654302e-05,0.25968265343831654,0.2596817641943988,1932
1.3740944556220624,0.003799758415731886,0.00014886444414587916,0.020961761567947296,9.098133042883902e-05,0.25953841341255657,0.25953702565941417,1933
1.3747731794673241,0.0038447092080586467,0.00019042046422842112,0.02086903772659811,8.734576403294868e-05,0.25934589557147675,0.2593444659369927,1934
1.3745500725231747,0.0038334083056235013,0.00017700744218913014,0.020905914627385856,8.954197503743655e-05,0.25946266215382524,0.2594616419702107,1935
1.374275564961816,0.0038098380501645278,0.0001602951573847473,0.021010869441215507,9.392893097475544e-05,0.2596916939166874,0.25969082855588,1936
1.374143165548047,0.0037910010080229642,0.00015270827457707298,0.0209654132026403,9.114447616809757e-05,0.2595469616197038,0.2595455913333764,1937
1.3746378050987842,0.003824496980936957,0.00018267552199504122,0.02086712545919822,8.719893451825601e-05,0.25933803697348945,0.25933656261692023,1938
1.3744285949211563,0.003814728185496792,0.00017016725561344224,0.02090637517191661,8.959770042881349e-05,0.25946560618390674,0.25946459030841784,1939
1.37432924910436,0.0038017289030243206,0.0001643858949129245,0.021015216634669157,9.416402499290407e-05,0.2597038149710773,0.2597029838614352,1940
1.3741862219601506,0.0037827486192767916,0.00015614863438378915,0.020971091373329313,9.13968953243033e-05,0.2595601723480439,0.2595588457057198,1941
1.3745216192297058,0.003805183050627176,0.00017615518391561613,0.020864602147569005,8.706658875097375e-05,0.25933094790206085,0.2593294233059273,1942
1.3743252539202084,0.0037970865182256077,0.00016443768591002135,0.020905341500262777,8.953136606740379e-05,0.25946210156716804,0.25946107113868017,1943
1.3743691903894892,0.003793160463483592,0.00016758924448601146,0.021019532489657905,9.43916322111369e-05,0.2597155356111301,0.25971474334859207,1944
1.3742129923928394,0.0037740401558944998,0.00015853918080255253,0.020976971335324553,9.173268083752944e-05,0.25957771793474466,0.2595764529617464,1945
1.3744333234668265,0.0037879195013041512,0.00017133699382327749,0.020862682262680413,8.68958154007796e-05,0.2593217924993415,0.2593202191754394,1946
1.374247246728035,0.0037807979451769187,0.0001602981209824637,0.020903117736609002,8.942482268167012e-05,0.2594564698847757,0.2594554161009311,1947
1.374386284378829,0.003783462790990423,0.00016934564152907666,0.021023017346416876,9.460686613088562e-05,0.2597266060951848,0.25972585339537296,1948
1.3742177355254515,0.0037642754080040755,0.00015952150605453148,0.020982417845294535,9.200568568131679e-05,0.2595919594286734,0.25959075664530723,1949
1.3743738650256856,0.0037724035124828627,0.00016836365774148933,0.020860668272792374,8.680510918684447e-05,0.2593169259515596,0.25931531800218904,1950
1.3741944930845413,0.00376611035912186,0.0001577166398209476,0.020900395617933033,8.925126360697405e-05,0.2594472886907818,0.25944620418334957,1951
1.3743788011709677,0.0037724363468769908,0.00016955884115348618,0.02102558226767088,9.477039681405288e-05,0.2597350088245493,0.2597342921271702,1952
1.3742010781437672,0.0037532338477619344,0.00015916011129293465,0.02098644240261221,9.225949346777474e-05,0.259605180553627,0.2596040375587946,1953
1.3743382102513453,0.003758732570172391,0.0001668395613374748,0.020859035439970166,8.668424842296281e-05,0.25931043760641587,0.25930880087359415,1954
1.3741621882037058,0.0037525320417926525,0.00015642490244344577,0.02089702371905669,8.908192674800612e-05,0.25943832224222113,0.25943720498061906,1955
1.3743511347780983,0.003760256759680001,0.00016851078294776313,0.021027285770762943,9.488646419744093e-05,0.25974096833982335,0.2597402830904125,1956
1.3741682405996958,0.003741178305173616,0.0001577826756456813,0.020989453226662184,9.243395750634511e-05,0.25961425803202437,0.2596131667394695,1957
1.3743192732296778,0.0037460716223308007,0.0001663867628799192,0.020857073533838696,8.660906796173721e-05,0.2593063993016492,0.2593047425426257,1958
1.3741438492025062,0.003739919886349991,0.00015598517298820902,0.020893567298770503,8.887275754894724e-05,0.2594272348835142,0.25942608122380195,1959
1.374310546581457,0.003747307695584829,0.00016665746386511896,0.021028260989904637,9.497581095574128e-05,0.2597455533940224,0.25974489563634834,1960
1.374126106227882,0.003728487730535278,0.0001558268949694174,0.02099150556452765,9.257536057267052e-05,0.25962160904280934,0.25962056359120855,1961
1.3743097718563018,0.0037342003184433576,0.00016649903559627467,0.020855211768130686,8.651131416176155e-05,0.2593011458520852,0.25929947080839044,1962
1.374133276399281,0.0037277225293690366,0.00015604082748637933,0.02088990660414322,8.868851538150631e-05,0.2594174580106049,0.25941626922427063,1963
1.374264096810885,0.003734009474451686,0.00016444340968304623,0.021028886260686778,9.502194882242223e-05,0.25974792023061444,0.2597472852816161,1964
1.374080659915803,0.003715539502640684,0.00015366626399103905,0.020992996654737427,9.267959789626169e-05,0.25962702435315616,0.2596260186524923,1965
1.3743040388750782,0.0037225690436129073,0.0001668601443002151,0.020853223844580483,8.643974823789066e-05,0.25929729789981426,0.25929560861862316,1966
1.3741256437388052,0.0037158525389494146,0.00015626462752599493,0.0208865405025754,8.849644549824606e-05,0.25940725493957967,0.25940603178830357,1967
1.3742168395619005,0.0037206489758827856,0.00016218105752437425,0.02102914658087669,9.506190139252307e-05,0.25974996930213234,0.2597493542561305,1968
1.3740359091550591,0.003702581463607399,0.00015155184213528966,0.020994115182069947,9.27595793043087e-05,0.25963117746198816,0.25963020625223315,1969
1.3742981093639801,0.0037110560997674603,0.00016719907872774566,0.02085141765214222,8.636705500090016e-05,0.2592933877031414,0.25929168577623624,1970
1.3741176914249615,0.003703998273010465,0.00015647590761179832,0.02088340185056888,8.834076653775342e-05,0.2593989768878189,0.25939772399956257,1971
1.3741717648069631,0.0037074254328677407,0.0001600591735888058,0.021029336724546658,9.507379233193062e-05,0.25975057907674876,0.2597499804452411,1972
1.3739939481176313,0.0036897406621774803,0.00014961496478939094,0.02099496208892785,9.282582669547892e-05,0.25963461606372973,0.259633674782793,1973
1.374289759139766,0.003699457739361364,0.00016739118201510624,0.020849770185686376,8.631232134774241e-05,0.2592904424731948,0.25928873087122856,1974
1.3741076204919471,0.003692158446850625,0.00015654859867559646,0.020880740959884205,8.820229154676054e-05,0.25939160750600027,0.2593903292805398,1975
1.3741300590207246,0.003694396357349321,0.00015814897681294194,0.021029378232046515,9.508524558165166e-05,0.2597511663703196,0.2597505821758809,1976
1.3739554885259242,0.003677073645321312,0.00014789917855622067,0.020995661898674904,9.287341384292057e-05,0.2596370853396097,0.259636169503479,1977
1.374278018050928,0.003687730350620605,0.00016737263487136132,0.020848366482147922,8.627169813947666e-05,0.2592882559256018,0.25928653738596485,1978
1.3740947256204685,0.0036802417855707503,0.00015644809417701938,0.020878497645327534,8.809565266441821e-05,0.2593859284391273,0.2593846304996209,1979
1.3740919050746705,0.00368158323570797,0.00015646303833883994,0.02102940406609225,9.508306612832243e-05,0.2597510546162106,0.25975048272612916,1980
1.3739204696867833,0.003664580376084744,0.00014640081871605777,0.020996190523401657,9.291533462075541e-05,0.2596392600660401,0.2596383663164651,1981
1.3742627765051962,0.003675880329557381,0.00016713338854725272,0.020847250286573513,8.624076994604521e-05,0.2592865908678075,0.25928486787981586,1982
1.374079022468865,0.003668263283403877,0.00015617285544448724,0.020876677646266516,8.801461447849366e-05,0.2593816104416296,0.2593802979791696,1983
1.3740569178780664,0.003668959243528285,0.00015497563055173595,0.0210293569796087,9.508025023844076e-05,0.2597509102261502,0.2597503493535248,1984
1.3738884624873702,0.0036522569263859736,0.0001450914526446032,0.02099664418177854,9.294213639896935e-05,0.2596406502062345,0.25963977524949194,1985
1.37424444540488,0.0036638861085742723,0.00016670771599839614,0.020846333494883924,8.622917964789258e-05,0.25928596681277144,0.25928424243331527,1986
1.3740608817002484,0.003656247844484026,0.0001557441580659045,0.02087524849660221,8.795322565349093e-05,0.2593783381072283,0.25937701558342174,1987
1.3740245886537854,0.0036565066800165794,0.00015365471640835316,0.021029285388979344,9.507197039798423e-05,0.25975048564933995,0.25974993462074075,1988
1.3738589322593655,0.003640073118387657,0.00014393778729517004,0.0209969624796468,9.296712795527664e-05,0.2596419462742372,0.25964108795533003,1989
1.3742235980490494,0.003651844696756739,0.00016611744761370806,0.02084568846263479,8.621860745333207e-05,0.2592853975387881,0.25928367334212366,1990
1.3740407836568493,0.0036441850739814606,0.00015519704761034816,0.02087410322807651,8.791609898942454e-05,0.2593763585143394,0.2593750302479442,1991
1.3739943998741126,0.0036442017272734885,0.00015246670885874533,0.021029175363619652,9.50629473667715e-05,0.2597500229418587,0.2597494809779911,1992
1.3738313504471116,0.003628013341011484,0.00014290554781453297,0.020997227326424985,9.297835979505015e-05,0.2596425287033563,0.2596416846479674,1993
1.3742008535638366,0.0036397114156017907,0.0001654171426887505,0.02084514375324607,8.622753794013723e-05,0.2592858784151063,0.25928415705286756,1994
1.3740191682880025,0.0036321390804376665,0.00015455084591728418,0.020873270360476273,8.788848937924866e-05,0.2593748860995347,0.25937355507357246,1995
1.373965908746295,0.00363202607813967,0.00015138344998905586,0.021029041837432913,9.505225072774804e-05,0.25974947438212687,0.25974894083248634,1996
1.373805264717585,0.003616043988647147,0.00014196709391031066,0.020997355032013176,9.298939972508379e-05,0.2596431011466791,0.2596422698879152,1997
1.374176668793911,0.0036276031905286125,0.0001646157853927942,0.020844823580780082,8.623099862068662e-05,0.2592860647542803,0.2592843469373931,1998
1.3739964083239735,0.003620068632386122,0.00015383859112707183,0.02087261379047983,8.788320431187934e-05,0.25937460422161274,0.25937327386360154,1999
1.37393872586345,0.00361995831008183,0.00015038043860524455,0.02102888340000205,9.503978395597342e-05,0.2597488350050646,0.25974830927297793,2000
1.3737803197372025,0.003604157579544651,0.0001410991131752114,0.020997432236450505,9.298658301673849e-05,0.2596429550977249,0.2596421347074756,2001
1.374151437378297,0.0036154381779994497,0.00016375942329750035,0.020844533497643796,8.625498926081232e-05,0.2592873564193915,0.2592856446039683,2002
1.3739727962146673,0.0036080539146546714,0.00015306641158448328,0.02087221373692054,8.788048598210268e-05,0.2593744592367828,0.25937313146995356,2003
1.3739125454477714,0.003607979304109463,0.0001494385094691779,0.021028689303129778,9.502616957456119e-05,0.2597481367232185,0.2597476182886207,2004
1.3737562672897177,0.0035923330219836593,0.0001402866694362348,0.020997373209844118,9.298528483168053e-05,0.25964288778487443,0.2596420772323128,2005
1.3741253896578363,0.0036033397839174202,0.00016283891486915908,0.02084444770482967,8.626983081980707e-05,0.2592881554045896,0.2592864499054358,2006
1.3739485709740906,0.003596031073158224,0.0001522620263627299,0.020871913433006675,8.789843797098484e-05,0.2593754166825259,0.25937409430278957,2007
1.3738871435274902,0.0035960764617906436,0.0001485439286492287,0.021028469096525972,9.50089245307562e-05,0.25974725215282524,0.2597467403993791,2008
1.3737329409904557,0.003580577157547875,0.00013951802457564565,0.020997279161122706,9.297126696521189e-05,0.25964216090745285,0.259641358642597,2009
1.3740987588082998,0.0035912039410262997,0.0001618934221887581,0.020844353584604756,8.630598442081458e-05,0.2592901014214493,0.2592884046529632,2010
1.3739238997964645,0.0035840904331851994,0.00015142094333003736,0.020871828164621856,8.791358826037597e-05,0.2593762246272354,0.2593749087925928,2011
1.3738623854025107,0.0035842417830412804,0.00014768779887044454,0.021028202043734154,9.49913452637326e-05,0.25974635035609395,0.2597458448359216,2012
1.3737102356476616,0.003568877376548895,0.00013878718220304976,0.020997066976441974,9.296020757620803e-05,0.2596415873991894,0.25964079271728335,2013
1.374071654153363,0.0035791589404604593,0.00016090389884552248,0.02084444764300605,8.63308426415875e-05,0.2592914392126079,0.25928975123230613,2014
1.3738988996391694,0.0035721515113478768,0.00015056537557047857,0.020871792426088588,8.794801731592687e-05,0.2593780604239857,0.2593767534780259,2015
1.3738381933367747,0.003572476287540983,0.0001468654606415313,0.021027916859055286,9.496902145558734e-05,0.25974520504943777,0.25974470515340264,2016
1.3736880757481202,0.0035572423704391437,0.00013808831712757206,0.020996830867609412,9.293842987810116e-05,0.25964045797035085,0.2596396696189647,2017
1.3740442109756394,0.0035670954064690253,0.00015990362122459317,0.0208445184241345,8.63757065006841e-05,0.2592938531568281,0.2592921761605416,2018
1.3738736372455178,0.00356030523179958,0.0001496836483874704,0.020871944083622144,8.797708363281454e-05,0.25937960999364124,0.2593783126701342,2019
1.3738145136205706,0.003560775761026895,0.00014607280716579017,0.021027578805461095,9.49478646986144e-05,0.25974411949324383,0.2597436248705023,2020
1.3736664085296135,0.003545661419675015,0.0001374187914563862,0.020996498604434644,9.291902439344787e-05,0.2596394514570824,0.2596386688460535,2021
1.3740164619148643,0.0035551274243966193,0.00015887074024467722,0.020844754034125043,8.641020029437175e-05,0.25929570870317975,0.2592940427288851,2022
1.3738481641651106,0.0035484680651316695,0.0001487939337461874,0.02087212636853652,8.802349572822429e-05,0.25938208376258837,0.2593807980701565,2023
1.373791302470603,0.0035491427901861495,0.00014530765224823227,0.021027228640038444,9.492106539910301e-05,0.25974274424374894,0.2597422542807892,2024
1.3736451910229026,0.0035341408352661673,0.00013677513508318753,0.020996139372067884,9.289188748296394e-05,0.2596380437580955,0.2596372658987569,2025
1.3739884850640462,0.0035431620182133985,0.0001578307246941121,0.020844982067227402,8.646059004196033e-05,0.2592984186850217,0.2592967655815007,2026
1.373822527766536,0.003536720000885248,0.00014788517210857682,0.020872464906346228,8.806524857038512e-05,0.2593843086357166,0.2593830351711217,2027
1.3737685073710848,0.0035375697236252955,0.00014456599756711147,0.021026818600136027,9.489620000775268e-05,0.2597414680622457,0.2597409824414006,2028
1.373624388667923,0.0035226751748049616,0.00013615551264251728,0.020995712866658422,9.2864736963726e-05,0.25963663514738033,0.2596358614520047,2029
1.3739603073474829,0.003531278716690586,0.00015676853987053117,0.0208453353927108,8.650532369005847e-05,0.2593008238178163,0.2592991838976774,2030
1.3737967790232708,0.0035249966339550394,0.0001469721201982583,0.020872836031983023,8.81201676797289e-05,0.25938723429342897,0.2593859746233818,2031
1.37374609090261,0.0035260596483665026,0.00014384617063690577,0.02102639524107985,9.486537351864697e-05,0.25973988570357204,0.2597394038157031,2032
1.3736039674843985,0.003511266722574617,0.00013555740854197945,0.020995249197129518,9.283366072906813e-05,0.25963502261175697,0.2596342523639178,2033
1.3739320005478817,0.0035194270502159623,0.0001557001656585382,0.020845714424036522,8.655923935685902e-05,0.259303721801347,0.25930209637232676,2034
1.3737709740743929,0.0035133504314571766,0.00014604929453804764,0.020873318156519497,8.817386008609704e-05,0.2593900937208367,0.2593888484740692,2035
1.3737240029639255,0.0035146055765179684,0.0001431443654993571,0.02102591437282671,9.483572868659568e-05,0.25973836375817805,0.25973788526796937,2036
1.373583888119215,0.003499913676216939,0.00013497831988610343,0.02099474386455483,9.279981892747579e-05,0.2596332662647451,0.2596324988265604,2037
1.3739036171899468,0.0035076396897701667,0.00015462245208236317,0.020846166704079763,8.6613918169836e-05,0.2593066598825699,0.2593050496091512,2038
1.3737451651619772,0.0035017519019748143,0.00014512539695895411,0.020873849694512874,8.823474635824887e-05,0.2593933352095115,0.25939210544175734,2039
1.3737022056591432,0.0035032094972874124,0.00014245867898649256,0.02102541077054855,9.48012781859685e-05,0.25973659479417566,0.2597361191565715,2040
1.3735641101788167,0.0034886127325324656,0.0001344157975045756,0.02099418830253317,9.276479426270154e-05,0.2596314481913522,0.2596306830100954,2041
1.373875218270791,0.003495912761122462,0.00015354072133092362,0.020846675827378286,8.667129816457838e-05,0.25930974211053015,0.25930814779015576,2042
1.3737194087588693,0.0034902173637655558,0.0001442014658760925,0.02087444813205955,8.829872737963539e-05,0.25939674025285553,0.2593955267251235,2043
1.37368064333242,0.003491865536907538,0.0001417853171554264,0.02102485834263146,9.476573404575756e-05,0.2597347693370597,0.2597342961320886,2044
1.3735445887828759,0.0034773636456039503,0.00013386677707003626,0.02099359817508859,9.27257056673443e-05,0.2596294187606181,0.25962865516639333,2045
1.3738468654478602,0.0034842416532743516,0.0001524605317288654,0.020847223613577555,8.673370337629422e-05,0.25931309311540984,0.25931151565530774,2046
1.3736937597419465,0.003478750676766433,0.00014328060066282392,0.02087511095271673,8.836509348602977e-05,0.25940027092620366,0.2593990743051843,2047
1.3736592682594373,0.0034805717236782207,0.0001411214502301853,0.021024263680639123,9.472728489016593e-05,0.25973279430020824,0.2597323230418189,2048
1.37352528478266,0.0034661618728164703,0.0001333290199552294,0.02099295392054304,9.26855466750174e-05,0.2596273333106846,0.25962657075916096,2049
1.3738186078334427,0.003472645828249769,0.00015138145180184495,0.020847837618368184,8.679646088535987e-05,0.2593164618222456,0.2593149018439684,2050
1.3736682722717053,0.003467344539497025,0.00014236786033633206,0.020875815030482685,8.843654478447803e-05,0.25940407064969623,0.2594028917172214,2051
1.3736380311926122,0.003469325107997537,0.00014046404475195505,0.021023624669374238,9.468536220866636e-05,0.2597306403801942,0.2597301705354853,2052
1.3735061603937582,0.0034550067325545353,0.00013279997544311199,0.020992266064896414,9.264219089396464e-05,0.2596250813447973,0.25962431920888135,2053
1.3737905037371307,0.0034611140503212267,0.00015031028322242968,0.020848488024731878,8.68639449368138e-05,0.25932008288250774,0.25931854126637593,2054
1.3736429972976938,0.0034560137474806893,0.0001414642157736309,0.020876578196281585,8.850930364774442e-05,0.25940793833141695,0.2594067776073391,2055
1.3736168901568853,0.003458122075759479,0.00013981037158788712,0.021022928917194955,9.464133027551286e-05,0.2597283775767346,0.2597279086582634,2056
1.3734871823861785,0.003443895225471467,0.00013227762411967595,0.02099152772632087,9.259619380604663e-05,0.2596226916092145,0.2596219292590054,2057
1.3737625950419627,0.0034496583538713,0.00014924767159462074,0.020849190597890883,8.693355211017156e-05,0.25932381639191654,0.25932229387804245,2058
1.3736179761582854,0.0034447514265736525,0.0001405737477633269,0.020877381554852883,8.858586494987054e-05,0.25941200642529905,0.25941086455025664,2059
1.3735958100504044,0.0034469614026897393,0.00013915837753628282,0.021022182566587007,9.45932149721349e-05,0.2597259043267007,0.2597254357429215,2060
1.3734683235247271,0.003432824897978441,0.0001317603162436075,0.020990733348691587,9.254796898685555e-05,0.2596201854964889,0.2596194223257193,2061
1.3737349202025466,0.0034382808113291646,0.0001481962054448759,0.02084994273039678,8.700569980420842e-05,0.2593276845896615,0.2593261819336532,2062
1.3735932446178671,0.0034335622007669675,0.00013969815351148613,0.020878228163107523,8.866533552939284e-05,0.25941622724499536,0.2594151047792885,2063
1.3735747601921036,0.0034358400029756925,0.00013850611385637007,0.021021376087485534,9.454177692473192e-05,0.25972325958332554,0.2597227907587482,2064
1.3734495608857116,0.003421794051703944,0.00013124656349471195,0.02098988527673473,9.249639416517575e-05,0.2596175045705825,0.25961673988306483,2065
1.3737075078629613,0.0034269795625046975,0.0001471585101079021,0.020850738262631358,8.708171217506514e-05,0.25933175825742744,0.2593302763426606,2066
1.3735688317078536,0.00342244969379309,0.00013883883474675806,0.02087912104070548,8.874701192953862e-05,0.25942056324905993,0.2594194607048774,2067
1.3735537146936705,0.003424755597276633,0.00013785200906428832,0.021020504908195677,9.448672008244032e-05,0.25972042797835776,0.2597199582825101,2068
1.3734308800324153,0.003410800796157505,0.00013073552996351024,0.02098897737591717,9.244205664271754e-05,0.25961467922723985,0.2596139123543298,2069
1.3736803782251366,0.003415761806085943,0.00014613477268652546,0.02085158757888527,8.71603129185253e-05,0.25933596877236237,0.2593345084045268,2070
1.3735447594473655,0.0034114106114746237,0.00013799786787066753,0.020880051587904656,8.883219611221844e-05,0.25942508334775977,0.25942400128913135,2071
1.3735326589766865,0.0034137069613301234,0.00013719524549098876,0.021019570087424545,9.442698028526305e-05,0.25971735459295703,0.2597168833387667,2072
1.3734122727534588,0.0033998437035684774,0.00013022672733385482,0.020988006796787237,9.238491874697835e-05,0.2596117073793878,0.2596109376106624,2073
1.3736535462200956,0.0034046268385378143,0.00014512637856640246,0.020852489118788006,8.724234627491592e-05,0.25934036114263875,0.2593389232309832,2074
1.3735210460243747,0.0034004487465240673,0.00013717585109749854,0.020881025082959425,8.892000203846439e-05,0.259429740295388,0.25942867922896423,2075
1.3735115805171796,0.003402692008257983,0.00013653501812566275,0.021018562204099017,9.436314853491975e-05,0.25971406961756605,0.2597135960877582,2076
1.3733937350779344,0.0033889222435893743,0.0001297198593101746,0.020986975294279692,9.23243565541036e-05,0.25960855642404745,0.2596077830229335,2077
1.3736270246380486,0.0033935754359409203,0.00014413430018962866,0.02085344314906133,8.732836037843913e-05,0.2593449644396562,0.2593435499341155,2078
1.3734977037205325,0.003389564020454175,0.00013637359410982825,0.02088204104733636,8.901056951293696e-05,0.25943454129849125,0.25943350172412327,2079
1.373490477800768,0.003391710128749096,0.00013587128552018657,0.02101748077368481,9.429447043384932e-05,0.25971053399323896,0.25971005741840764,2080
1.3733752682556395,0.003378035079664236,0.00012921508756198424,0.020985877179550694,9.226098057183925e-05,0.2596052579648773,0.259604480181304,2081
1.3736008192612663,0.0033826112736453596,0.00014315832454457332,0.020854458255221982,8.741775806114418e-05,0.2593497464169433,0.2593483562853527,2082
1.3734747418998319,0.003378754950093386,0.00013559191794245256,0.020883096874020436,8.910441621859603e-05,0.2594395135583671,0.25943849599222174,2083
1.3734693494397243,0.0033807602661174193,0.00013520398488591298,0.021016321758406904,9.422061237005086e-05,0.25970673026152735,0.25970624980103507,2084
1.3733568750631404,0.0033671817996775814,0.00012871256775379792,0.020984713361414258,9.219449580242228e-05,0.25960179648828396,0.25960101356466225,2085
1.3735749396164276,0.003371734019875617,0.00014219937827320342,0.020855533965354063,8.75113464047337e-05,0.2593547499381188,0.2593533852021771,2086
1.3734521694309254,0.0033680227464661225,0.0001348311290183657,0.02088419528141944,8.92011256923161e-05,0.2594446347569568,0.2594436396736043,2087
1.373448199512324,0.003369841421184847,0.00013453338426051056,0.021015080481298885,9.414150600720384e-05,0.25970265458558656,0.25970216936269575,2088
1.3733385596933232,0.0033563616866121924,0.00012821257544905318,0.020983482651708425,9.212492124251467e-05,0.25959817280749387,0.2595973839489095,2089
1.373549393289107,0.0033609447353945554,0.00014125786731525745,0.02085667486352145,8.760928709759068e-05,0.2593599832851128,0.25935864503134826,2090
1.3734299953307738,0.003357366944847277,0.00013409180935456527,0.020885335570371186,8.930076109886461e-05,0.25944990799420103,0.25944893585085066,2091
1.3734270316744148,0.003358952558544878,0.0001338597307868689,0.021013752685294786,9.405682931320846e-05,0.2596982900200607,0.2596977990785394,2092
1.3733203264214966,0.003345574291163023,0.00012771538957592304,0.020982184805483684,9.205239558916392e-05,0.25959439396674766,0.2595935983985893,2093
1.3735241938796914,0.003350245584141005,0.00014033445930713295,0.020857885177328818,8.771163923981127e-05,0.25936544922787,0.2593641385387398,2094
1.3734082290393799,0.003346786272001781,0.0001333746598115703,0.02088651552087937,8.940352665426284e-05,0.2594553438147041,0.2594543950498732,2095
1.3734058548612398,0.0033480930226377392,0.000133183600306076,0.021012336522817785,9.39660521262358e-05,0.25969360882882303,0.25969311115472704,2096
1.3733021784950243,0.003334818780630096,0.0001272212480232803,0.020980818374331602,9.197719697437556e-05,0.25959047428307774,0.2595896712094742,2097
1.3734993566415032,0.0033396374045318203,0.00013943008676144973,0.020859169106098335,8.781860777205881e-05,0.25937115829404556,0.25936987631434155,2098
1.3733868822519695,0.003336280901379277,0.00013268029607977266,0.020887734903487422,8.950915238662261e-05,0.25946092767051004,0.25946000267480157,2099
1.3733846749427154,0.003337261332469591,0.00013250535595351855,0.02101082559209638,9.386925973756498e-05,0.2596886149545518,0.25968810946089876,2100
1.3732841163779208,0.003324094794689536,0.0001267301456162109,0.020979386084864937,9.189916136276155e-05,0.259586405028099,0.2595855936726663,2101
1.3734749054610427,0.0033291211449939686,0.0001385463382280128,0.02086052789274067,8.793068055600292e-05,0.25937713605297497,0.25937588393026206,2102
1.3733659671201288,0.003325850284158337,0.00013200944756143045,0.020888992050678862,8.961746556278134e-05,0.2594666501764236,0.25946574929309174,2103
1.373363503569358,0.0033264566422097543,0.0001318257271737292,0.021009217750261728,9.376602983368474e-05,0.25968328610718927,0.25968277164926934,2104
1.3732661394394263,0.0033134013055655374,0.00012624209878406203,0.020977886455698723,9.181882869472472e-05,0.25958221418539185,0.2595813937697111,2105
1.3734508647142747,0.0033186987488255724,0.00013768448217707404,0.020861967929324998,8.804764605152786e-05,0.25938337071907147,0.2593821496303891,2106
1.37334549708343,0.0033154932749058182,0.0001313630098443429,0.020890283309536902,8.972842789473663e-05,0.25947250906015595,0.25947163258086137,2107
1.3733423498309785,0.0033156773778596103,0.000131145277173374,0.02100750819924298,9.365628456367773e-05,0.25967761771117653,0.25967709305950176,2108
1.373248243514427,0.0033027378212285652,0.00012575682634876958,0.020976322904792507,9.173626049178769e-05,0.25957790480699133,0.25957707460358354,2109
1.3734272688988425,0.0033083713506512893,0.00013684672861770245,0.020863490124645924,8.816988293664416e-05,0.2593898819447661,0.2593886930356994,2110
1.3733254854071713,0.0033052091400789484,0.00013074176855260773,0.02089160581946425,8.984170671364577e-05,0.2594784865202017,0.25947763467096563,2111
1.373321229076358,0.0033049224849354747,0.0001304649476216887,0.02100569487808119,9.353981696432089e-05,0.25967159846996973,0.25967106234669785,2112
1.373230422563179,0.003292103306254993,0.00012527399558954257,0.02097469595414673,9.16519906699606e-05,0.25957350461795264,0.25957266390958694,2113
1.3734041522863785,0.003298139940134244,0.00013603509181929266,0.020865099200344468,8.829727209256526e-05,0.25939666281679646,0.259395507252591,2114
1.373305945459622,0.0032949970018485227,0.00013014653461800854,0.020892955429120202,8.995696057559795e-05,0.25948456433240863,0.2594837372569704,2115
1.373300153958809,0.0032941901301079424,0.00012978551504277757,0.021003772991581154,9.341685485984615e-05,0.2596652395138375,0.2596646905680139,2116
1.373212666222371,0.0032814973168704925,0.00012479292277810743,0.020973011273197107,9.156611907141195e-05,0.259569018709952,0.25956816686202316,2117
1.3733815588369787,0.0032880053758699112,0.0001352523667765542,0.020866794820955565,8.843010267622995e-05,0.2594037281264523,0.2594026069950168,2118
1.3732868883739167,0.003284855460898236,0.00012957800567987615,0.02089432755149845,9.007377945395707e-05,0.2594907207025577,0.2594899184694568,2119
1.3732791439995917,0.0032834792548685054,0.00012910817003036025,0.02100174254524894,9.328725484339907e-05,0.25965853274795914,0.25965796959448006,2120
1.3731949623738064,0.003270918726458543,0.00012431292628883335,0.020971270182539588,9.147947764660326e-05,0.25956449045410174,0.2595636268721421,2121
1.3733595293263137,0.003277968432721542,0.00013450087265612522,0.020868582011214998,8.856789068357219e-05,0.25941105151848465,0.2594099658870855,2122
1.3732683244403716,0.00327478289632769,0.0001290368640125757,0.020895715781855104,9.01918117991267e-05,0.2594969369693142,0.25949615954985716,2123
1.3732582138667668,0.003272787815529984,0.00012843381550919341,0.020999600364287944,9.31514777343503e-05,0.25965150132022735,0.25965092252078187,2124
1.3731772930347703,0.003260367235469987,0.00012383282796209942,0.0209694810662278,9.139219572711154e-05,0.2595599265544831,0.2595590507679027,2125
1.3733381145765617,0.0032680289302326974,0.00013378391393844768,0.020870457561806652,8.871092019476928e-05,0.25941864747162613,0.25941759827646843,2126
1.373250261414401,0.0032647778231578695,0.00012852356734329497,0.02089711497516022,9.031039129999879e-05,0.2595031779579254,0.25950242523631073,2127
1.3732373832962392,0.0032621146088412704,0.0001277636494547043,0.02099734825925373,9.300970411532954e-05,0.25964415388281054,0.25964355800372146,2128
1.3731596380701663,0.003249841754584415,0.00012335145278586908,0.020967647069464048,9.130523659729846e-05,0.2595553773655099,0.2595544889676506,2129
1.3733173585638738,0.003258186539380576,0.00013310402181338762,0.020872425155029784,8.885844928785784e-05,0.2594264759739713,0.2594254640947548,2130
1.3732327062330876,0.0032548383666261343,0.0001280386093739513,0.020898517166045544,9.042906596562392e-05,0.25950941985431414,0.2595086916022481,2131
1.3732166632725924,0.0032514573364265625,0.00012709835640839503,0.020994985124958593,9.286273997270592e-05,0.2596365315322841,0.2596359171273927,2132
1.3731419699752099,0.003239342133342482,0.0001228670051119899,0.02096577937076709,9.12187396017941e-05,0.2595508502030863,0.25954994895827826,2133
1.3732973149589176,0.0032484401305984314,0.00013246471228190875,0.020874478226186356,8.90106429985367e-05,0.2594345451929882,0.25943357130698425,2134
1.3732156637906814,0.003244962740909092,0.0001275823054055864,0.020899916413079353,9.054705360932893e-05,0.2595156215566472,0.2595149174650056,2135
1.3731960663941956,0.003240814673892799,0.0001264386891538911,0.02099251608355656,9.271099837011866e-05,0.2596286550654865,0.25962802074899555,2136
1.373124259211107,0.0032288671489021335,0.0001223777565710384,0.020963881851545355,9.113389251367458e-05,0.2595464073092276,0.25954549306805924,2137
1.373278025512901,0.0032387884437968394,0.00013186832651859313,0.020876619564878005,8.916629588960601e-05,0.25944279068335235,0.2594418553733391,2138
1.3731991398251002,0.003235148891505186,0.00012715513853738778,0.02090130303903432,9.066396743515423e-05,0.2595217628323307,0.2595210824772821,2139
1.3731755903310532,0.0032301839531617567,0.00012578452430441682,0.02098994273419827,9.255562557278759e-05,0.25962058343203714,0.25961992786525895,2140
1.3731064673838862,0.0032184167592507807,0.00012188119372107272,0.02096196843646062,9.105072015933702e-05,0.25954205010253756,0.2595411229309097,2141
1.3732595421353302,0.003229229197833437,0.00013131836843338602,0.0208788377815817,8.932558478752268e-05,0.25945122133840504,0.2594503249154382,2142
1.3731831404962833,0.003225395401746857,0.00012675751236702028,0.020902671704041077,9.077888435077966e-05,0.2595277953562605,0.259527138254905,2143
1.373155230029969,0.0032195636094675684,0.00012513552136332045,0.02098727354342326,9.239728757163387e-05,0.259612350782802,0.2596116727652787,2144
1.3730885553851357,0.00320798945642858,0.00012137503003983066,0.020960042891737245,9.09705749439598e-05,0.25953784959747006,0.25953690965106774,2145
1.3732418990314756,0.0032197602728050155,0.00013081667384223094,0.020881135037525363,8.94868153693099e-05,0.2594597471091626,0.25945888977443504,2146
1.3731676757072846,0.0032157005584436582,0.0001263902388733222,0.020904011595654998,9.089161296914424e-05,0.2595337092974951,0.2595330748615051,2147
1.37313495975822,0.0032089505404031197,0.00012449012886387193,0.02098451285927771,9.223741241495377e-05,0.259604031050291,0.2596033295024588,2148
1.373070474825499,0.003197585236599176,0.00012085607854865724,0.020958121376996458,9.089325539184142e-05,0.2595337954347595,0.2595328431230401,2149
1.3732251427445585,0.0032103786898052497,0.00013036651883139942,0.020883494502820885,8.965029827322011e-05,0.2594683841426729,0.259467565763315,2150
1.3731527590520325,0.003206063738050201,0.00012605420842517622,0.020905319351728072,9.100119286267443e-05,0.25953945453695726,0.25953884216597295,2151
1.3731147487829316,0.003198343028419904,0.00012384640523730128,0.020981672740500796,9.207674490429941e-05,0.25959566281735136,0.25959493688457985,2152
1.3730521797210018,0.003187202049517104,0.00012032169902177794,0.020956205473403423,9.082034243744343e-05,0.25952997074693535,0.25952900654716116,2153
1.3732092964694396,0.0032010822228908404,0.0001299689675574551,0.020885919910521546,8.981370904854351e-05,0.2594770094992325,0.2594762298546821,2154
1.373138411369806,0.0031964838894436914,0.00012575101186302012,0.0209065832942981,9.110789727488484e-05,0.2595450456926557,0.2595444547016714,2155
1.3730945422977192,0.0031877375957544904,0.00012320101551783203,0.020978759744994906,9.1916842637616e-05,0.25958732718945254,0.259586576209521,2156
1.3730336150793285,0.003176839932995221,0.00011976822148095334,0.020954313312494616,9.075124306666978e-05,0.2595263446854851,0.2595253693618229,2157
1.3731944020265785,0.0031918678245481075,0.0001296271579459416,0.020888388230131994,8.997781209580598e-05,0.2594856635031929,0.25948492199124323,2158
1.3731246606858576,0.003186961734964811,0.0001254824411064909,0.02090780432496567,9.121073486902969e-05,0.25955043113524356,0.2595498608979212,2159
1.3730742825942033,0.0031771325761786777,0.00012255032019653695,0.020975788853761234,9.175833468854279e-05,0.25957905708765444,0.2595782807049627,2160
1.3730147331611002,0.0031664960215571692,0.0001191930210926536,0.020952441993423086,9.068787468658708e-05,0.2595230181500713,0.25952203247448147,2161
1.373180473024554,0.003182734005660536,0.00012934143116746793,0.020890908548094878,9.013947861171038e-05,0.25949418130286706,0.259493477316696,2162
1.3731115454762266,0.00317749712801702,0.00012525129597352238,0.020908969766085247,9.131071893052495e-05,0.2595556642328268,0.25955511405593085,2163
1.3730538884061296,0.0031665242099906924,0.00012188936749969509,0.020972767209863925,9.160279792996826e-05,0.25957093506037776,0.2595701331607758,2164
1.3729954775982505,0.003156170666684165,0.00011859221417066469,0.020950612817374467,9.062897547287553e-05,0.2595199251821049,0.259518930255407,2165
1.3731675536608776,0.0031736781833946407,0.00012911532962488282,0.02089344957362336,9.030051537899088e-05,0.25950265833222425,0.2595019908371923,2166
1.3730991134147452,0.0031680924962791137,0.00012506055429555116,0.02091008781177505,9.140666250165683e-05,0.25956068316082365,0.2595601525027764,2167
1.3730332839567074,0.003155911287789743,0.00012121335232376517,0.020969711873065212,9.14505198499899e-05,0.2595629765162312,0.2595621493557892,2168
1.3729758061176507,0.0031458598779796005,0.00011796373320845955,0.020948815404798413,9.057711352082604e-05,0.25951720092888797,0.2595161977458535,2169
1.373155653404685,0.003164700365203974,0.00012894872465219658,0.020896032614459922,9.045648764233278e-05,0.25951086156151654,0.25951022968687115,2170
1.3730874246951437,0.003158748352166483,0.0001249145103586218,0.020911142696065,9.150068105605393e-05,0.2595655988341585,0.25956508707471715,2171
1.3730123730781283,0.0031452897815731646,0.000120516464096647,0.020966627781421315,9.130315775130345e-05,0.2595552685860369,0.2595544166672927,2172
1.3729556672822,0.00313556524719521,0.00011730371697989955,0.02094707938689044,9.052975702459573e-05,0.25951471266116827,0.2595137026369334,2173
1.3731448309914789,0.0031557978903995433,0.00012884657863900233,0.02089861040750231,9.061151624137122e-05,0.2595190081542864,0.25951841050531094,2174
1.3730765474652855,0.0031494691294046253,0.00012481728014347184,0.02091215511328903,9.159070527797454e-05,0.259570303301253,0.25956981009135566,2175
1.3729910807074195,0.0031346596657138986,0.0001197938811828261,0.020963533940632138,9.116048108266282e-05,0.25954779980323545,0.2595469240554061,2176
1.3729350341686932,0.0031252811675872858,0.00011661145571817775,0.020945381990117595,9.049087312063727e-05,0.25951266908499593,0.259511653306853,2177
1.3731311337745207,0.003146671028509805,0.00012856346448293947,0.02090129523812602,9.075623913579348e-05,0.2595266069057033,0.2595260413920183,2178
1.3730597456567688,0.003139756937370735,0.00012435235599408587,0.020913333245467777,9.168122492293883e-05,0.25957503132751736,0.2595745548876,2179
1.3729780678997663,0.003124557971677632,0.0001195842747591635,0.02096070771585048,9.101333943396245e-05,0.2595400911648664,0.25953918869333287,2180
1.3729236558064126,0.003115642669343209,0.0001164933084171303,0.02094424804750974,9.046512068941026e-05,0.259511315402688,0.2595102935392243,2181
1.373102777375561,0.0031364071732753952,0.00012737159071142144,0.020904006711309035,9.087600475883657e-05,0.2595328906822032,0.2595323490082258,2182
1.3730279514475987,0.0031289190637690248,0.00012295956164226082,0.020914795825527986,9.176203668091336e-05,0.25957925031935764,0.2595787861246012,2183
1.3729803258851936,0.003115461607232219,0.00012031760546478797,0.020958574334674823,9.084655788115972e-05,0.25953134606869144,0.2595304115710796,2184
1.37292705947,0.003106984249811646,0.00011729919798643309,0.020943720039055952,9.047814321130544e-05,0.25951199995854213,0.25951096942551194,2185
1.3730650649878244,0.0031254763303593183,0.0001255874201402875,0.02090664785424838,9.09204230098094e-05,0.25953522013431307,0.25953469390441675,2186
1.372996158340015,0.0031179716968638424,0.0001215760050684032,0.020915676278171726,9.185877430644047e-05,0.259584298321027,0.2595838439861584,2187
1.3729754629823998,0.0031060704234011794,0.00012059203987652863,0.020956836574462172,9.066806904336046e-05,0.2595219782106115,0.25952101730724375,2188
1.3729187325544094,0.0030976369984865456,0.00011738182265763256,0.020942524810981383,9.054337899033476e-05,0.2595154284711901,0.2595143967933317,2189
1.3730414309960532,0.003115833400492345,0.0001246442375468724,0.020909211604257457,9.088193141609426e-05,0.259533201530236,0.25953268846008515,2190
1.3729761713056523,0.003107681188590419,0.00012094335028184271,0.020915606536371097,9.202861519613598e-05,0.259593154600867,0.25959271482154067,2191
1.3729598754145282,0.0030961534481896945,0.00012017354574960973,0.020955518573132492,9.042959091993604e-05,0.25950944745607946,0.25950846452530235,2192
1.3729018715752404,0.0030877380588470215,0.00011695297861644638,0.020940446388663433,9.071240599865686e-05,0.25952430606389026,0.25952328068853564,2193
1.3730277761898038,0.0031074018788577614,0.00012425635685396646,0.020912521542793574,9.066968745734894e-05,0.2595220631933079,0.2595215599700207,2194
1.3729648239111067,0.003097608486267655,0.00012088132535597958,0.020914311017617832,9.237270552192883e-05,0.25961107202771516,0.25961065336779804,2195
1.3729363357463278,0.0030858985107234194,0.00011921243632000931,0.020954994494485246,9.005062609535013e-05,0.25948950083488853,0.259488495067637,2196
1.372878899638837,0.0030773687146481705,0.00011617741103227814,0.020937131801170662,9.106653414239821e-05,0.2595428787135957,0.25954187145795143,2197
1.3730032627607742,0.0030989176597151892,0.00012307599728662532,0.020917704927777205,9.01402948797202e-05,0.2594942242905737,0.25949371488762113,2198
1.3729293004071548,0.003084755035816492,0.00011938461881380317,0.020911683487037962,9.308014851992404e-05,0.2596478053732403,0.25964741219959103,2199
1.3729518960208884,0.003078146571117525,0.00012048932299892514,0.020958567544129975,8.903485577515529e-05,0.25943582830360723,0.2594347495883416,2200
1.3729043226091402,0.0030695672730070996,0.0001184985143692769,0.02093190904124779,9.19924977358403e-05,0.25959127195609843,0.2595902885535661,2201
1.3729485432164115,0.00308904075282629,0.00011979652262143382,0.020925811088354233,8.907584898487231e-05,0.2594380002640852,0.2594374519269543,2202
1.3728919409898832,0.0030699245638703995,0.00011780763045492102,0.020905410086371874,9.444581251495027e-05,0.25971832354446744,0.2597179689499785,2203
1.3729557920195834,0.003069933012663518,0.00012043477408131506,0.020968610863925638,8.687592378721123e-05,0.25932072549682755,0.25931952670498654,2204
1.3729174858377624,0.0030597484526710982,0.00012002567963440724,0.020918158588677134,9.431255452922137e-05,0.2597114651072442,0.2597105760561066,2205
1.3729098805796887,0.0030826033855829308,0.00011664905638068243,0.02094174775484972,8.663716487103684e-05,0.25930790872704695,0.2593072609959498,2206
1.3728834184425676,0.0030516962836586218,0.00011777964377103999,0.020889509708492855,9.75748752082263e-05,0.2598779995549821,0.2598777227074027,2207
1.3729521816417467,0.0030612447307605947,0.00011814641218734318,0.020988958115834427,8.286783055921971e-05,0.2591031769486932,0.2591017801724742,2208
1.3729569410657378,0.003048641006915113,0.0001224559147260266,0.020894427749568477,9.836579044446376e-05,0.2599179529361892,0.2599172273735501,2209
1.3728122822612223,0.0030684847463573997,0.00010982887512036565,0.0209562708564821,8.456421001868339e-05,0.25919588005677996,0.2591950818375411,2210
1.3728468476310716,0.0030324395774619334,0.0001154527006604034,0.020877227026174023,0.00010033851790738485,0.2600169115952665,0.2600166761608814,2211
1.3730118752967657,0.003055961628017937,0.00011769139123027377,0.021013144962992794,7.826254654783161e-05,0.25884661215086496,0.25884495945603825,2212
1.372965887995715,0.0030375166003021804,0.00012299399714433513,0.020881806304917108,0.00010021142670049494,0.26001056575326764,0.2600099069298129,2213
1.372677547848445,0.003045376300025566,0.00010374880795107804,0.020945233225034898,8.69619896722666e-05,0.2593253412630459,0.2593245687065026,2214
1.372720667767803,0.0030372931022750807,0.00010860290389932613,0.020920281122530096,9.258936533534649e-05,0.25962233679182695,0.2596218938627493,2215
1.3726609822475913,0.0030240023998959766,0.0001053906136714605,0.020926018838010686,9.26974775572683e-05,0.259627952926623,0.25962711765566904,2216
1.372691210261141,0.0030281823265067283,0.00010484839653712735,0.020961690871239974,8.543148047625506e-05,0.259242915150333,0.25924168785903223,2217
1.3727908867906538,0.00301182523574506,0.00011278653965207658,0.020870206130764776,0.00010092189128233013,0.2600459888155587,0.26004571696717593,2218
1.3730001539019252,0.003064328179081624,0.00011412211737386069,0.021017501758675002,7.648429044372104e-05,0.2587455297406001,0.25874431433436657,2219
1.3728522063414434,0.0030068401262999967,0.00011525175073274649,0.02086170144909398,0.00010385481669015849,0.2601909183438078,0.2601905649885026,2220
1.372773380592569,0.0030279411267009272,0.0001061471535318439,0.020989335263828762,8.037445208648858e-05,0.25896517998070806,0.2589636719939962,2221
1.3727938943316647,0.0029984040406331436,0.00011289297045091967,0.020864174059044564,0.00010254512386400801,0.2601264566292464,0.26012621995602353,2222
1.3728990606417169,0.003046784355939741,0.00011084585530280982,0.021007587755470056,7.822472372230236e-05,0.25884447419139783,0.2588431764481415,2223
1.3728462265711459,0.002996700752373022,0.00011547687767658197,0.020858667818267347,0.00010394476373460588,0.26019533048677707,0.26019500275423496,2224
1.3727674985713931,0.00302093320152333,0.0001055989414704306,0.020991110503903093,7.979933813726897e-05,0.2589330475279867,0.25893148793992576,2225
1.37277237668397,0.0029883318247201467,0.00011184489663906953,0.020862723598347878,0.00010295041275783382,0.2601464482829133,0.26014617566167325,2226
1.3728261504859325,0.003031847720032898,0.0001079241912574574,0.021004757971174095,7.90050647711194e-05,0.25888847932838455,0.2588872047184931,2227
1.372895399479499,0.0029870593077590923,0.0001183457369977487,0.02084647317679789,0.00010529673732314235,0.2602614198492773,0.26026110413613907,2228
1.3726877769892296,0.003007983757972655,0.00010304033073478689,0.020978794078250314,8.164141840088948e-05,0.2590355640886936,0.259034099124566,2229
1.3725876723437187,0.002985345372828432,0.0001026452184690854,0.02089877659809358,9.687237950260912e-05,0.25984237672021393,0.25984194980848785,2230
1.3725330413428003,0.0029956085500270555,9.819638392207e-05,0.020943708409762993,8.905897707019042e-05,0.25943710639286166,0.25943630726637934,2231
1.3725210164938786,0.00298470237389209,9.852606732431623e-05,0.020928375988943294,9.066879752733675e-05,0.259522016463299,0.25952122792148574,2232
1.3725127852383314,0.002979971870511385,9.849992692211726e-05,0.020913790442126594,9.269684478289457e-05,0.25962792006525265,0.2596271353639509,2233
1.3725365763575341,0.0029924079594950827,9.816075479791228e-05,0.020952974641248092,8.76828850314986e-05,0.2593639139803556,0.2593631472026666,2234
1.3725551324533056,0.002972916083450645,0.00010131623527408308,0.020899682070379694,9.686211917247975e-05,0.2598418554740699,0.259841474035776,2235
1.372604551462561,0.0029884902240883866,0.00010062390156958898,0.020966267899934946,8.375669665027406e-05,0.25915186847863725,0.2591506731457802,2236
1.372644273045148,0.0029665030858534768,0.00010669535304516891,0.02087801598864087,9.958133994062898e-05,0.2599790450415172,0.25997868428979115,2237
1.3727066829284846,0.0030012019180494405,0.00010466853798440627,0.02098930759844431,8.149884504377023e-05,0.2590276710752979,0.2590265212458912,2238
1.3727454899590272,0.0029601980938782873,0.00011182883477144361,0.020864863369750717,0.00010310961063526687,0.2601542902575841,0.2601540997830855,2239
1.3727837545027533,0.0029928304706723368,0.0001074631157507565,0.0209958219565115,7.882796756435346e-05,0.25887851156243846,0.2588770034270019,2240
1.3726983976559264,0.0029562711141402583,0.00010988995146780006,0.020863899615628158,0.00010165708983547626,0.2600825140632422,0.26008218208518186,2241
1.3726192233463,0.0029854988987623966,0.00010136876556372496,0.02098081741370444,8.319444586839759e-05,0.25912109893973295,0.25912003881403123,2242
1.3725354486257633,0.002954431964801485,0.00010116991090020389,0.02089670317420183,9.707926989677771e-05,0.2598528812992331,0.2598524623587926,2243
1.3724882283676751,0.0029617824839302935,9.709017927573872e-05,0.02094037073654272,8.800041096608278e-05,0.2593808534241871,0.2593798873935014,2244
1.3724639521587156,0.0029562528581945405,9.661998701896503e-05,0.020928269784940175,9.064095313634722e-05,0.25952055424522896,0.25951978737832415,2245
1.3724793307978103,0.0029521903329240108,9.810203913284099e-05,0.020914799707677224,9.418568141811076e-05,0.2597049307786357,0.2597043947140929,2246
1.3725012328235655,0.002962423830390746,9.727733892478214e-05,0.020958091140968155,8.658224426081518e-05,0.25930495804723563,0.2593040780222258,2247
1.3725278577165592,0.0029429166428838116,0.00010155800861180159,0.020891697649239833,9.66577427399689e-05,0.2598314669678522,0.2598309833649847,2248
1.3725293172526243,0.0029594607781722963,9.83908416255587e-05,0.020961174796577366,8.494869381037573e-05,0.259216761568489,0.2592156926992825,2249
1.3725153681328093,0.0029405707289667338,0.0001008477346559412,0.020901339791318203,9.676955319637985e-05,0.2598371516810701,0.259836786655659,2250
1.3724823216546702,0.002952369559506044,9.703424011654863e-05,0.020952989576728035,8.729423114859699e-05,0.25934313818524574,0.2593422914710787,2251
1.3724564825870218,0.002937644620822739,9.761737714356353e-05,0.020913618214225795,9.295434311144075e-05,0.2596412832709884,0.2596406961007109,2252
1.3724405909156627,0.0029392284290077376,9.622866481324246e-05,0.020928177431714903,9.071253206813491e-05,0.2595243126821905,0.25952362277665564,2253
1.3724454969975493,0.002941496897217288,9.618087429613997e-05,0.020940410175667768,8.973563192072657e-05,0.2594728893121754,0.25947220832543744,2254
1.3724548966334986,0.0029312841228293224,9.789180672348228e-05,0.02091355101224257,9.416746342386479e-05,0.25970399213848944,0.2597035294600054,2255
1.372463044988903,0.0029382712205375354,9.666569598472329e-05,0.02094677474357483,8.72189820927957e-05,0.25933911034803614,0.2593382169779579,2256
1.3724567613068783,0.0029256593895739063,9.835975931129628e-05,0.02090661659850229,9.454200324929877e-05,0.2597232712216259,0.2597227726408573,2257
1.3724434773836351,0.0029348289690785006,9.611690285461002e-05,0.020947110630703984,8.851041883933598e-05,0.25940799759987937,0.2594072640406905,2258
1.372428012831564,0.0029247412500217943,9.656432859586172e-05,0.020921401454817187,9.266280731318764e-05,0.25962615225898633,0.2596255985420429,2259
1.3724219924474677,0.0029234379526360188,9.608843693190627e-05,0.020926554484842014,9.095295163281097e-05,0.25953692569085085,0.25953626427671717,2260
1.3724231637090811,0.0029243015920507637,9.578397127238662e-05,0.020935340582525778,8.950094615829559e-05,0.25946049397009985,0.25945975187114956,2261
1.3724277660271427,0.0029177037985988878,9.70162735904607e-05,0.02091680168424765,9.360586392957643e-05,0.25967501234777385,0.2596745106707245,2262
1.3724268169430265,0.0029233551092454784,9.58156321450423e-05,0.020945427257032315,8.863119493878264e-05,0.259414414211133,0.2594136817325652,2263
1.3724200535807987,0.0029124408737825317,9.686996580955884e-05,0.020914284604606075,9.308126583803518e-05,0.2596478632783656,0.25964729960924277,2264
1.3724107587435928,0.0029154473624663302,9.562015170215982e-05,0.02093399384982714,8.97560620914995e-05,0.25947396760029817,0.2594732574395969,2265
1.372405331087766,0.002912555434413093,9.573911182813083e-05,0.020930072980999866,9.121828057222605e-05,0.2595508261722338,0.2595502232260393,2266
1.3724047864573434,0.002908642697992571,9.607177727243645e-05,0.02092375610974774,9.226054868732706e-05,0.2596052354831793,0.2596046741995563,2267
1.3724057690659521,0.002909882762416434,9.552210369664709e-05,0.02093732428830698,8.926068478524355e-05,0.259447787295724,0.25944706273811285,2268
1.372404016246277,0.002902539373717927,9.645893078294337e-05,0.020916552490685917,9.2760412524061e-05,0.25963122071827144,0.259630659495629,2269
1.3723985655293254,0.0029062479542009923,9.543729400878222e-05,0.020937061058697463,8.983399519333728e-05,0.25947807972077347,0.2594774068491508,2270
1.3723929286753105,0.0029010584461003725,9.574572215490913e-05,0.020926841447506367,9.173083267820352e-05,0.2595776214520205,0.25957705105008094,2271
1.372389593149286,0.002898510306152998,9.564924727719527e-05,0.020925620777794453,9.134116461676752e-05,0.2595572571701701,0.25955663419373,2272
1.3723890492940083,0.002898486036377391,9.536388851474542e-05,0.020932753093971995,8.998489325993862e-05,0.25948603675198123,0.2594853518135256,2273
1.372387767261363,0.0028937715197452237,9.5944543933192e-05,0.0209214633246761,9.240426558729125e-05,0.25961271374728756,0.2596121689312307,2274
1.372384721542536,0.0028957598993113553,9.527274917210074e-05,0.0209358483439617,9.007661420559042e-05,0.2594908700447109,0.25949021310897846,2275
1.3723800085335254,0.0028902446865260206,9.560394746434916e-05,0.02092444699020693,9.167083355017563e-05,0.25957448868348465,0.25957389973780054,2276
1.3723767917468057,0.002888916544594476,9.539244112266632e-05,0.020926705673080925,9.101481999733465e-05,0.25954016876147035,0.25953953992380346,2277
1.3723748397775155,0.0028885036420832257,9.519700103096147e-05,0.020931546429969524,9.050956426330269e-05,0.2595136514684585,0.2595130148897125,2278
1.3723735861896054,0.0028844166316122077,9.56023749012112e-05,0.020923889210888672,9.208617910241981e-05,0.25959615439133926,0.2595956049539836,2279
1.372370670864607,0.0028847201455900703,9.510815093189869e-05,0.020932830514549562,9.021193448292024e-05,0.2594979963404352,0.25949733781487244,2280
1.3723672626532666,0.0028802813703668315,9.540597066861882e-05,0.020923923707052955,9.152713870076986e-05,0.25956698169229825,0.25956638431593476,2281
1.3723640090905675,0.002879466894122836,9.518137513639311e-05,0.02092774370805853,9.108004095902639e-05,0.25954358637824515,0.25954298238074613,2282
1.3723621625628923,0.0028784931825878465,9.505815388093723e-05,0.020930921058685027,9.071124264089211e-05,0.25952424499059595,0.2595236266017312,2283
1.372360132638432,0.002874411888224352,9.534982927626723e-05,0.020923846824624306,9.179285476321946e-05,0.25958085876961035,0.2595802870231604,2284
1.3723576127693127,0.002874235420795095,9.497836519438969e-05,0.020930674284198418,9.038512096977255e-05,0.2595071089701219,0.25950646123345217,2285
1.3723543815539168,0.002870967772920354,9.51571721626483e-05,0.0209250704704955,9.14302897644578e-05,0.25956191872818724,0.25956132861545855,2286
1.372351808388738,0.002869747045862754,9.503615746151444e-05,0.020927595580573707,9.121041462284947e-05,0.25955041436917003,0.2595498268610309,2287
1.3723496521746152,0.0028683925799972247,9.489740829628747e-05,0.020930105722655416,9.069736188071028e-05,0.25952351625612674,0.25952289515475047,2288
1.3723475464739148,0.002864671394103853,9.51440897323282e-05,0.020923630413200757,9.16148372192188e-05,0.2595715639902379,0.2595709796446207,2289
1.3723448195692782,0.002864409946016621,9.483081179029662e-05,0.020929528879979637,9.062358414675212e-05,0.25951964201778366,0.25951901948419487,2290
1.3723420796016714,0.0028618522969028836,9.492571683246241e-05,0.020926569888534856,9.12825636039737e-05,0.25955419089216736,0.2595536050258707,2291
1.3723396836760944,0.002859808342492557,9.490635552522099e-05,0.020926394312153155,9.13149866090435e-05,0.2595558875364376,0.25955530189571596,2292
1.3723375525354096,0.0028585659676405644,9.474315846034176e-05,0.020929280471151925,9.066297594071135e-05,0.25952171076754127,0.25952108902716875,2293
1.3723351714135776,0.002855427904292282,9.492313699952206e-05,0.020924183419711206,9.149027165760446e-05,0.2595650547127345,0.2595644725028203,2294
1.3723325408126266,0.002854759292954774,9.470492446143089e-05,0.020928338025668788,9.089177506249175e-05,0.2595337177985554,0.2595331170770101,2295
1.3723300733860881,0.002852611315751491,9.471385065438259e-05,0.020927421661303854,9.108119636633688e-05,0.2595436469112356,0.25954305563647173,2296
1.3723278278008817,0.0028500471714091673,9.47758039245678e-05,0.020925139915033954,9.136183511963171e-05,0.25955833851250476,0.25955775308947543,2297
1.3723255794485911,0.002849045492628851,9.459677216043198e-05,0.020928414650071045,9.074043043127302e-05,0.2595257771562888,0.2595251648455312,2298
1.3723230881678186,0.0028464584723426993,9.469904936115271e-05,0.0209251901126238,9.134376331524934e-05,0.25955739312340187,0.2595568154713291,2299
1.3723206515860773,0.002845082315665699,9.459303193191168e-05,0.020926853604322733,9.110212890351865e-05,0.25954474352214446,0.2595441557865299,2300
1.3723183488485908,0.0028433201137767253,9.453029986789083e-05,0.020927609598029546,9.093351235252337e-05,0.25953590647775676,0.2595353087858083,2301
1.3723161270915911,0.002840709534103319,9.461973799468538e-05,0.02092473287847235,9.135003228762374e-05,0.25955772108233044,0.2595571408126466,2302
1.3723137387667634,0.002839678344514772,9.446143801047842e-05,0.020927407957422955,9.089589488188083e-05,0.25953393386183693,0.2595333367183531,2303
1.3723113549603256,0.0028375486282870765,9.448893233779718e-05,0.020926124715489568,9.117577616016495e-05,0.2595486007435731,0.2595480217320662,2304
1.372309054934668,0.002835559940969702,9.44758620858618e-05,0.02092567332820805,9.123159546891031e-05,0.25955152320150615,0.2595509434833543,2305
1.3723068302882195,0.0028341138915923447,9.437233463279547e-05,0.020927264176194296,9.0895947487149e-05,0.2595339366206803,0.25953333952322455,2306
1.3723045115477295,0.0028317598422746165,9.443420035319214e-05,0.020925014060042754,9.127308932865983e-05,0.25955369506152776,0.259553119695759,2307
1.372302175582503,0.002830388026904853,9.434023181040786e-05,0.020926313821002757,9.10709898370479e-05,0.25954311216726744,0.25954252966161573,2308
1.3722999067850556,0.00282862401184248,9.430139231421738e-05,0.020926534663286627,9.103830665718622e-05,0.2595413996173091,0.2595408157370838,2309
1.3722976815711456,0.0028263723074221695,9.433717817940325e-05,0.020925024964623593,9.126380985635781e-05,0.25955320940084314,0.2595526347699815,2310
1.372295410575652,0.0028250085267001175,9.423296660784275e-05,0.020926513679106976,9.09711423922053e-05,0.25953787934460304,0.25953729117422086,2311
1.3722931180996376,0.0028230168092281635,9.42430669703431e-05,0.020925467388528813,9.11584438463177e-05,0.2595476931164715,0.25954711788304663,2312
1.3722908856931693,0.002821213932481319,9.421946351814257e-05,0.020925334298859424,9.119175553837712e-05,0.2595494374461733,0.2595488650099009,2313
1.3722886706404325,0.0028196807437390506,9.414256324637033e-05,0.020926390806856508,9.098911522359144e-05,0.2595388214798051,0.2595382371024065,2314
1.3722864338606713,0.0028175182774305813,9.417312947732465e-05,0.020924920147146843,9.121627544162029e-05,0.25955072120007805,0.2595501483862817,2315
1.3722841847838816,0.0028159845677153917,9.410832355820698e-05,0.020925546884326164,9.109451109094202e-05,0.25954434445579905,0.25954376892916803,2316
1.3722819844489014,0.002814333359200412,9.406649108288065e-05,0.020925759226859943,9.105894725153792e-05,0.2595424811894778,0.25954190520705767,2317
1.3722797885349758,0.002812292082615787,9.408156940451591e-05,0.020924771511644367,9.122822568800243e-05,0.25955134679969283,0.25955077868922993,2318
1.3722775796728974,0.002810781112319279,9.400697618229919e-05,0.02092572990255158,9.103969018834772e-05,0.2595414721185123,0.2595408947544482,2319
1.3722753738173101,0.0028089383514984597,9.39959705910605e-05,0.020925140365126823,9.112006684657187e-05,0.25954568315242926,0.25954511089856064,2320
1.3722732007976308,0.002807144445043317,9.398230787220861e-05,0.020924717494119838,9.119316947643998e-05,0.25954951147841815,0.259548945478557,2321
1.3722710283155852,0.0028056453948498306,9.391430346067942e-05,0.020925584278266563,9.104016378931778e-05,0.25954149693650413,0.2595409240805858,2322
1.3722688472267994,0.0028036813385717203,9.39195889501453e-05,0.02092474656248339,9.116896478347486e-05,0.25954824406807214,0.25954767628912256,2323
1.372266681621128,0.002801997890894844,9.388380994138307e-05,0.020924830571441465,9.11403072303221e-05,0.2595467432787481,0.25954617557320164,2324
1.372264533637838,0.002800446192065637,9.383247054276398e-05,0.02092522732150018,9.105991322498437e-05,0.2595425318037188,0.2595419622916766,2325
1.3722623855625944,0.002798554859386495,9.383596881952978e-05,0.020924407604418323,9.119399841173037e-05,0.25954955488029313,0.25954899242139606,2326
1.3722602354902869,0.002796954904131319,9.378660283197076e-05,0.02092487949329517,9.110796309110884e-05,0.25954504914031923,0.25954448292353116,2327
1.3722581047654976,0.0027952618821569324,9.37549632319087e-05,0.020924899250482094,9.108995743273301e-05,0.25954410590012145,0.2595435389165086,2328
1.3722559813606807,0.0027934403029244315,9.37501714319262e-05,0.020924231982109364,9.11875135625013e-05,0.2595492153375291,0.2595486541990344,2329
1.3722538585458732,0.002791927557048693,9.369563761141479e-05,0.020924746911336636,9.109091300433047e-05,0.2595441559608134,0.2595435922567314,2330
1.3722517420925424,0.0027901934105548096,9.367554087054105e-05,0.020924514186282103,9.112526846895982e-05,0.2595459556079504,0.25954539364599655,2331
1.3722496406533964,0.0027884252513794474,9.366065770941892e-05,0.020924171836298723,9.117328182525323e-05,0.2595484701300917,0.2595479101999184,2332
1.3722475422475546,0.002786888300363397,9.361041050978577e-05,0.02092460585852654,9.10843056367028e-05,0.25954380980723646,0.25954324707895976,2333
1.3722454470124092,0.0027851533432105354,9.359652009779635e-05,0.02092416273950099,9.114685524441768e-05,0.25954708621750205,0.25954652777160103,2334
1.3722433633266995,0.0027834880283772504,9.35707780490894e-05,0.020924043071048927,9.115900975786816e-05,0.25954772275246135,0.2595471655441501,2335
1.3722412876208894,0.0027819207416390932,9.352714585405996e-05,0.020924389409017353,9.109302706394182e-05,0.25954426671169356,0.2595437068937971,2336
1.3722392153957195,0.002780166968200968,9.351606885279464e-05,0.020923941746930207,9.115791989055566e-05,0.25954766567756515,0.25954710927039537,2337
1.3722371500218917,0.0027785602215359014,9.348380767164766e-05,0.020923946588757444,9.114284911077372e-05,0.25954687640596513,0.25954632042448045,2338
1.3722350954313243,0.002776992809190398,9.344634430250433e-05,0.020924100464399284,9.11061660303258e-05,0.2595449550041017,0.25954439875586033,2339
1.37223304493097,0.002775270246567236,9.343361411686166e-05,0.020923707327397872,9.116506251876942e-05,0.25954803972126056,0.25954748659578064,2340
1.3722310004751979,0.0027736839788839005,9.339845683781888e-05,0.020923841724293863,9.113265954252768e-05,0.259546342731252,0.2595457883046323,2341
1.372228964856978,0.0027720902300281997,9.336715295795345e-05,0.020923868915693818,9.111723827168224e-05,0.25954553499138117,0.25954498093595296,2342
1.3722269361654784,0.0027704160536767388,9.335134032205413e-05,0.020923509563111654,9.116566671574588e-05,0.25954807136105223,0.2595475207060128,2343
1.372224912356616,0.0027688661277896365,9.331469663454905e-05,0.020923656935861464,9.112925301738482e-05,0.259546164309155,0.2595456126684779,2344
1.372222896376589,0.0027672562069815014,9.328782890919427e-05,0.02092361862475914,9.112883373461248e-05,0.25954614234833173,0.2595455911957619,2345
1.3722208882371525,0.0027656039470978755,9.326950944344974e-05,0.020923364127847024,9.116272491621308e-05,0.25954791730778043,0.2595473682749072,2346
1.3722188851031705,0.002764071048047733,9.323340385085905e-05,0.02092349131309461,9.112757547236571e-05,0.25954607644387817,0.25954552675345754,2347
1.372216889177495,0.002762475236305043,9.320887705904839e-05,0.020923363682999147,9.113850158280691e-05,0.25954664870951094,0.25954610064502437,2348
1.372214900718543,0.002760857924274645,9.318781706923755e-05,0.02092317935874183,9.11610126404991e-05,0.2595478276398613,0.2595472811717713,2349
1.3722129183486964,0.002759323799406469,9.315337758794982e-05,0.02092331157403257,9.1128714700846e-05,0.2595461361136769,0.25954558852005766,2350
1.3722109421535764,0.002757731269073389,9.313055302186334e-05,0.020923163535165736,9.11442461473244e-05,0.25954694957289104,0.2595464035735522,2351
1.3722089735429768,0.002756151803886455,9.310727295516211e-05,0.020923012435992098,9.115882478559596e-05,0.25954771306573443,0.25954716877735395,2352
1.372207011213113,0.0027546331590383943,9.307418886078949e-05,0.020923096614640084,9.113265642767278e-05,0.2595463425681081,0.259545797789873,2353
1.372205054936691,0.0027530486300163335,9.305222384734541e-05,0.02092294573300394,9.114931530841247e-05,0.2595472150551044,0.259546671587044,2354
1.3722031059432076,0.0027514863571399253,9.302782270344541e-05,0.020922853571463552,9.115639518698389e-05,0.259547585830302,0.2595470432909146,2355
1.372201163325986,0.0027499776908372375,9.299622639099718e-05,0.02092291081301224,9.113580881517147e-05,0.25954650767637943,0.2595459649878028,2356
1.3721992269101257,0.0027484167452342554,9.297432384643324e-05,0.020922740617909292,9.115361507285381e-05,0.2595474402366736,0.2595468993063094,2357
1.372197297283683,0.002746876635691068,9.294915776657856e-05,0.020922661841547733,9.11563833113816e-05,0.2595475852083855,0.25954704510843857,2358
1.3721953742968285,0.0027453693856413696,9.29191468869458e-05,0.020922706208381752,9.113898630169465e-05,0.2595466740963382,0.2595461336469275,2359
1.3721934573817418,0.0027438217261427436,9.289734905259048e-05,0.020922557258894154,9.11554836140345e-05,0.2595475380917823,0.25954699908718265,2360
1.3721915471446215,0.002742305669061974,9.287170229398893e-05,0.02092249003817675,9.11567625937162e-05,0.25954760507110114,0.25954706706868946,2361
1.3721896434822634,0.0027408140586157943,9.284264050770841e-05,0.02092250091794727,9.114328068514669e-05,0.2595468990088482,0.25954636114902174,2362
1.3721877459133358,0.002739281535242362,9.282079235504775e-05,0.020922356410394784,9.11576097939376e-05,0.2595476494381569,0.2595471128044753,2363
1.3721858549262171,0.0027377766175044112,9.279530300056723e-05,0.020922307092521707,9.11570018182773e-05,0.2595476175990808,0.2595470815714604,2364
1.3721839703713647,0.002736296650872672,9.27670966461785e-05,0.020922314124002833,9.114621713998676e-05,0.25954705279863827,0.2595465170117558,2365
1.3721820920111585,0.002734787534477353,9.274488583321225e-05,0.020922175007864734,9.115961344446599e-05,0.25954775436657573,0.2595472199921277,2366
1.3721802200489306,0.0027333005070078456,9.271952234023438e-05,0.020922116117462072,9.115891614544256e-05,0.259547717850117,0.25954718419348943,2367
1.37217835449892,0.002731829262256392,9.269213612217783e-05,0.020922111808076384,9.114918746893703e-05,0.2595472083599834,0.25954667482890476,2368
1.3721764951079258,0.0027303346553652634,9.266981186910664e-05,0.02092199246527009,9.116035416175276e-05,0.259547793156628,0.2595472607247015,2369
1.3721746420405903,0.002728864400041734,9.264469490362435e-05,0.020921938865303264,9.11605166443767e-05,0.25954780166553415,0.25954727003607353,2370
1.3721727953189675,0.002727409773851289,9.261780199908192e-05,0.020921922825692076,9.115274175626027e-05,0.2595473945009233,0.2595468632899721,2371
1.3721709547093677,0.002725931880465194,9.259534873774123e-05,0.020921804393129188,9.116186213084369e-05,0.25954787212581126,0.25954734193158946,2372
1.3721691203938162,0.00272447186427142,9.257074466257942e-05,0.020921747083185428,9.116188960204524e-05,0.2595478735644145,0.25954734397352014,2373
1.3721672923088288,0.0027230295616323284,9.254437250444148e-05,0.02092173492595706,9.115515667176827e-05,0.259547520969957,0.25954699175601614,2374
1.3721654703372348,0.0027215716868978085,9.25216838450599e-05,0.020921631205040054,9.116333759552675e-05,0.25954794939217457,0.25954742126237207,2375
1.3721636545825042,0.0027201271949940688,9.249746518793377e-05,0.02092156345607819,9.116430206050142e-05,0.2595479998984343,0.2595474725219873,2376
1.3721618449876347,0.002718696414940261,9.247161841218027e-05,0.020921539347864112,9.11578243082856e-05,0.259547660672033,0.2595471336328959,2377
1.3721600414815753,0.002717253013846787,9.244886880874471e-05,0.02092144679132755,9.116403894959139e-05,0.2595479861200984,0.25954745993829725,2378
1.3721582441188842,0.0027158230261364736,9.242502578440462e-05,0.020921382836925045,9.116607285256781e-05,0.2595480926290316,0.25954756721665967,2379
1.3721564528630128,0.002714408575194598,9.239951245617292e-05,0.020921357657219405,9.116087881855404e-05,0.25954782063188003,0.2595472957297657,2380
1.3721546676454517,0.00271298223889594,9.23766590291928e-05,0.020921267973342865,9.116559898153088e-05,0.2595480678140413,0.2595475437701709,2381
1.372152888523647,0.0027115632781666587,9.235332206160979e-05,0.020921194064011807,9.116776333990802e-05,0.25954818115349243,0.2595476577893529,2382
1.3721511154382546,0.002710160702698086,9.232827014440915e-05,0.020921167657028637,9.116306363117267e-05,0.25954793504539975,0.25954741211011784,2383
1.3721493483538645,0.002708752462224888,9.230525010377587e-05,0.02092109425403868,9.116682580504959e-05,0.25954813205842114,0.2595476099728677,2384
1.3721475873090296,0.0027073492744676964,9.228222155463397e-05,0.020921018876592198,9.116998851797202e-05,0.2595482976764433,0.2595477764019231,2385
1.3721458322346103,0.002705959310884207,9.225764735483123e-05,0.02092098136348124,9.116590792282835e-05,0.25954808399223783,0.25954756317611616,2386
1.3721440831294611,0.002704564918063115,9.223463828616617e-05,0.020920911186522714,9.116785917974164e-05,0.2595481861722393,0.259547666043687,2387
1.3721423399956973,0.002703174876281549,9.221193697754216e-05,0.02092083810583232,9.11712869708841e-05,0.2595483656701492,0.25954784630046124,2388
1.3721406027828977,0.0027017995742573487,9.218775550685313e-05,0.020920802094628172,9.116859046381512e-05,0.25954822446656,0.25954770564266094,2389
1.3721388714951017,0.0027004222846837883,9.216468474967894e-05,0.020920738593530764,9.116973077192687e-05,0.2595482841794705,0.2595477660737839,2390
1.3721371461164418,0.002699045197149301,9.214229318155804e-05,0.020920658966447476,9.117292506814576e-05,0.25954845144869815,0.25954793408441046,2391
1.372135426613155,0.002697680860516284,9.211863499391554e-05,0.02092061423682477,9.117074119780417e-05,0.25954833709070874,0.25954782021203254,2392
1.3721337129841198,0.0026963189907689296,9.209556833893968e-05,0.020920560603236216,9.117108512736463e-05,0.25954835510061103,0.2595478388648174,2393
1.3721320052087014,0.0026949577497730253,9.20733188706393e-05,0.02092048799387838,9.117457260823203e-05,0.25954853772094094,0.2595480222835324,2394
1.372130303260461,0.0026936067632847608,9.205010688336937e-05,0.020920437122039122,9.117344711827834e-05,0.2595484787855594,0.25954796391941565,2395
1.3721286071371197,0.002692258627198477,9.202716462587931e-05,0.02092038170599651,9.117280394256467e-05,0.2595484451060141,0.25954793081213695,2396
1.3721269168125272,0.0026909104953396048,9.200510962831928e-05,0.02092030932955091,9.117565913534948e-05,0.2595485946157196,0.25954808104106764,2397
1.3721252322685777,0.002689572487737199,9.198232128958255e-05,0.020920257991645888,9.117556043944582e-05,0.25954858944763287,0.25954807647419254,2398
1.372123553498703,0.0026882401412973945,9.19594583198487e-05,0.02092020982450452,9.117485664330903e-05,0.25954855259415316,0.25954804021686595,2399
1.3721218804743454,0.0026869068606689187,9.193750550167516e-05,0.020920139645700116,9.117724802254698e-05,0.2595486778154123,0.25954816615922416,2400
1.3721202131861356,0.002685580364650954,9.191518468986016e-05,0.02092007923276947,9.117762373597485e-05,0.2595486974889759,0.25954818643125077,2401
1.372118551618302,0.002684261051563092,9.189254593439705e-05,0.020920030425922765,9.117657068615087e-05,0.25954864234779745,0.25954813182621156,2402
1.3721168957474976,0.0026829428925695177,9.187064169722909e-05,0.020919968081246014,9.117850232905394e-05,0.2595487434947774,0.2595482336663564,2403
1.3721152455659633,0.002681630209301435,9.184865662336896e-05,0.02091990848625323,9.117976229993325e-05,0.25954880947029174,0.2595483003044593,2404
1.372113601051792,0.002680324339285951,9.182627927180559e-05,0.020919857877284384,9.117881729068813e-05,0.259548759987071,0.25954825136515774,2405
1.3721119621894617,0.0026790196910491735,9.180448261648095e-05,0.02091979526414808,9.117981911422669e-05,0.2595488124452325,0.2595483044443881,2406
1.3721103289663519,0.002677719378716243,9.17828356820322e-05,0.020919732820387973,9.11813132170087e-05,0.25954889067991715,0.2595483833255,2407
1.3721087013611621,0.002676427039799856,9.176074096330263e-05,0.020919684053782188,9.118086737862572e-05,0.25954886733485316,0.25954836054652375,2408
1.372107079362028,0.0026751374672587857,9.173899557632722e-05,0.0209196280845814,9.118148687973541e-05,0.25954889977325846,0.25954839360064724,2409
1.3721054629515943,0.002673850257304849,9.171761060350204e-05,0.02091956396359717,9.11830564529704e-05,0.25954898195898235,0.2595484764346948,2410
1.3721038521126774,0.002672569796561145,9.169588507708149e-05,0.020919509589232655,9.118284883519306e-05,0.2595489710877766,0.25954846611802507,2411
1.372102246832241,0.00267129382767667,9.16742659406056e-05,0.02091945586292713,9.118293333976648e-05,0.2595489755125755,0.25954847111169743,2412
1.3721006470917458,0.0026700205800470633,9.165305264831229e-05,0.020919395477357966,9.11845330015622e-05,0.25954905927312016,0.2595485555218292,2413
1.3720990528770267,0.0026687532373300717,9.163164776010974e-05,0.020919340936761573,9.118497921189642e-05,0.2595490826371907,0.25954857948264515,2414
1.3720974641725627,0.002667490679462042,9.161019953408367e-05,0.020919287884906858,9.11847749522682e-05,0.25954907194193594,0.25954856933875525,2415
1.3720958809614412,0.0026662304201961876,9.158915674740224e-05,0.020919226889076114,9.118589234143573e-05,0.25954913044949307,0.2595486284501367,2416
1.3720943032298147,0.0026649753668207448,9.156808196215122e-05,0.020919169736707217,9.118670080219242e-05,0.25954917278104195,0.2595486713788028,2417
1.3720927309609332,0.0026637263542515807,9.154683279881834e-05,0.020919119353404205,9.118660961051672e-05,0.2595491680061939,0.2595486671639235,2418
1.3720911641398459,0.002662480194852997,9.152589366677376e-05,0.020919062871777094,9.118745040029655e-05,0.2595492120303351,0.25954871178428995,2419
1.372089602751598,0.00266123762470569,9.150510914611838e-05,0.020919003660752975,9.118848275251871e-05,0.2595492660844967,0.2595487664370258,2420
1.3720880467800174,0.002660000758451151,9.148414932237431e-05,0.020918950355996013,9.118844817606975e-05,0.2595492642740721,0.25954876517231074,2421
1.372086496210798,0.0026587678929647788,9.146334153069705e-05,0.020918895990034405,9.11888520737745e-05,0.2595492854221546,0.25954878688390937,2422
1.3720849510281161,0.002657538520965744,9.144276844045323e-05,0.020918838587659187,9.119002555375474e-05,0.25954934686529685,0.2595488489289028,2423
1.3720834112170395,0.0026563144235178322,9.14220892334536e-05,0.02091878534125805,9.119041869209713e-05,0.25954936744984175,0.2595488700805806,2424
1.3720818767627916,0.0026550946200782095,9.140144439395302e-05,0.020918732201834017,9.11905458517291e-05,0.2595493741078528,0.2595488772841624,2425
1.372080347649821,0.002653877859625536,9.13810638734363e-05,0.02091867431832409,9.119144079801391e-05,0.2595494209666353,0.25954892471590196,2426
1.3720788238637383,0.0026526659089069478,9.136068085104042e-05,0.020918619087265375,9.119210624591955e-05,0.2595494558088888,0.25954896012442835,2427
1.3720773053892548,0.002651459154082988,9.134022859856253e-05,0.020918567931243373,9.119226544657644e-05,0.25954946414447305,0.2595489690060696,2428
1.372075792211668,0.0026502557777042897,9.131998250168186e-05,0.020918513331705198,9.119296467323462e-05,0.2595495007551827,0.25954900618143406,2429
1.3720742843163316,0.0026490561538893777,9.129985982200256e-05,0.02091845699589313,9.119379920481486e-05,0.25954954445011985,0.2595490504416606,2430
1.3720727816882203,0.0026478615086752014,9.127966612796169e-05,0.020918404063090364,9.119401218610829e-05,0.25954955560149834,0.25954906212885354,2431
1.372071284313003,0.0026466709459717075,9.125957444215933e-05,0.02091835084922111,9.119441090240521e-05,0.25954957647764576,0.2595490835476144,2432
1.372069792175768,0.002645484047086569,9.123965585977255e-05,0.02091829570279283,9.11953004764936e-05,0.25954962305415735,0.2595491306879894,2433
1.3720683052621119,0.002644301830071503,9.121971702122418e-05,0.02091824288320751,9.119580556542193e-05,0.25954964949961107,0.25954915767977044,2434
1.3720668235575388,0.0026431239270628217,9.11998026485026e-05,0.02091819084357993,9.119606127705942e-05,0.2595496628881369,0.25954917159897317,2435
1.3720653470474442,0.002641949453248526,9.118006757968849e-05,0.020918135951805243,9.11967421555231e-05,0.2595496985374159,0.2595492077922575,2436
1.3720638757176329,0.002640779230733789,9.116038972711479e-05,0.020918081744163805,9.119740389870666e-05,0.2595497331846867,0.2595492429827166,2437
1.3720624095535394,0.0026396137742666255,9.114068482705457e-05,0.020918030460804978,9.119771297000274e-05,0.25954974936686837,0.25954925969423565,2438
1.3720609485410182,0.0026384521089176083,9.112110128853132e-05,0.02091797806254024,9.119824337537472e-05,0.25954977713747157,0.25954928800053856,2439
1.3720594926657637,0.0026372941030468377,9.110164637494567e-05,0.020917923978756567,9.1198979966659e-05,0.2595498157032824,0.2595493271056783,2440
1.3720580419135495,0.0026361405493190225,9.108218865973579e-05,0.020917871536576302,9.119938613920934e-05,0.25954983696924766,0.25954934889442827,2441
1.3720565962703268,0.0026349911993111437,9.106278208691434e-05,0.02091781978437465,9.119973808093211e-05,0.25954985539581266,0.25954936784105637,2442
1.3720551557218645,0.0026338455611390563,9.104351271182322e-05,0.020917766754505258,9.120041817702768e-05,0.25954989100341086,0.2595494039814276,2443
1.3720537202542453,0.0026327041025695874,9.102429041629785e-05,0.02091771446082692,9.120101910217868e-05,0.2595499224657679,0.25954943597081875,2444
1.3720522898533982,0.0026315669431635847,9.100508248263006e-05,0.020917663438173112,9.120136577214622e-05,0.2595499406161581,0.25954945463451773,2445
1.372050864505407,0.0026304334978215936,9.098598690339567e-05,0.020917611231402903,9.120187234568417e-05,0.25954996713846096,0.25954948167369185,2446
1.3720494441963935,0.002629303904424318,9.096698856080941e-05,0.020917558419338737,9.120251213569004e-05,0.2595500006353764,0.25954951569100826,2447
1.372048028912464,0.0026281786824359625,9.094800323317426e-05,0.02091750727873565,9.120295299706135e-05,0.2595500237170942,0.2595495392842609,2448
1.3720466186398839,0.002627057508719805,9.092907804192158e-05,0.020917456587820946,9.120337581821951e-05,0.25955004585424696,0.2595495619310085,2449
1.3720452133648524,0.002625939991471373,9.091026876095123e-05,0.020917404725155537,9.120398713327843e-05,0.2595500778600637,0.2595495944508249,2450
1.3720438130737145,0.0026248264839482086,9.089151288405265e-05,0.02091735313043145,9.120452076107203e-05,0.25955010579842297,0.2595496228962957,2451
1.3720424177527966,0.0026237171516679566,9.087278708405176e-05,0.020917302531897292,9.120490007969252e-05,0.25955012565779595,0.25954964325496843,2452
1.3720410273885,0.002622611646063259,9.085415352541284e-05,0.020917251557810785,9.12054061393334e-05,0.25955015215267974,0.25954967025398396,2453
1.3720396419672762,0.002621509983810646,9.08356053404927e-05,0.020917200348107214,9.12060069597766e-05,0.2595501836086945,0.259549702216112,2454
1.372038261475608,0.0026204124253191696,9.081709036821254e-05,0.020917150054220613,9.120646335152714e-05,0.25955020750306124,0.25954972660752196,2455
1.3720368859000542,0.002619318775552932,9.079863690681587e-05,0.020917099897300732,9.120688332136742e-05,0.25955022949050793,0.2595497490879879,2456
1.37203551522718,0.0026182288314213664,9.078028094499071e-05,0.020917049014471042,9.120743001199056e-05,0.25955025811232296,0.25954977820625835,2457
1.3720341494436368,0.002617142849453351,9.076198219983601e-05,0.0209169984959814,9.120795304268788e-05,0.25955028549534975,0.2595498060831391,2458
1.372032788536088,0.002616060932052,9.074372162712114e-05,0.020916948879815496,9.12083754043079e-05,0.2595503076078369,0.2595498286838099,2459
1.3720314324912717,0.0026149827931250856,9.072554125720646e-05,0.02091689907070354,9.120886043018475e-05,0.2595503330010102,0.2595498545658351,2460
1.3720300812959532,0.002613908386476603,9.070744375020036e-05,0.02091684887704207,9.120940854356116e-05,0.2595503616970019,0.2595498837505021,2461
1.372028734936949,0.0026128379316071623,9.068939168719643e-05,0.020916799197288657,9.120986701533858e-05,0.25955038569982064,0.25954990823571045,2462
1.3720273934011262,0.002611771381264618,9.067139501711552e-05,0.020916749884824882,9.121029109544845e-05,0.25955040790204525,0.2595499309175689,2463
1.3720260566753777,0.0026107085657604274,9.065348181910858e-05,0.020916700314079804,9.121080565959911e-05,0.25955043484138807,0.259549958339186,2464
1.3720247247466688,0.0026096495734003237,9.063563280301561e-05,0.02091665091355734,9.12113235426192e-05,0.2595504619544093,0.25954998593240586,2465
1.372023397601984,0.002608594483389155,9.061782974118927e-05,0.02091660205541212,9.121175840275171e-05,0.2595504847208271,0.259550009172854,2466
1.3720220752283698,0.0026075431444659855,9.06000963049692e-05,0.02091655313542219,9.12122091171312e-05,0.25955050831721177,0.25955003324186104,2467
1.372020757612903,0.002606495510907171,9.05824408851973e-05,0.02091650397469497,9.121271988293817e-05,0.2595505350574163,0.2595500604556253,2468
1.3720194447427112,0.0026054517290015873,9.056483869619955e-05,0.020916455220054524,9.121319408142654e-05,0.25955055988313913,0.25955008575167954,2469
1.3720181366049637,0.00260441178774859,9.054728880193965e-05,0.020916406907995806,9.1213626492529e-05,0.25955058252110985,0.2595501088563432,2470
1.3720168331868716,0.0026033755324245474,9.052981323484376e-05,0.020916358466196248,9.121410340057044e-05,0.2595506074885617,0.25955013429032286,2471
1.3720155344756915,0.0026023429783868356,9.051240667172733e-05,0.0209163099747435,9.12145995498389e-05,0.25955063346327556,0.25955016073015175,2472
1.372014240458718,0.0026013142284330814,9.049505114187948e-05,0.02091626186191303,9.121504326819957e-05,0.25955065669303423,0.25955018442075445,2473
1.372012951123292,0.0026002892273682948,9.047775577578722e-05,0.02091621393992659,9.121547925843169e-05,0.25955067951815114,0.25955020770481385,2474
1.3720116664567905,0.0025992678913711836,9.0460533034723e-05,0.020916165934441656,9.121596226525562e-05,0.2595507048046338,0.2595502334507164,2475
1.3720103864466404,0.0025982502726629372,9.044337089542481e-05,0.020916118124689048,9.12164387164592e-05,0.2595507297478496,0.25955025885105,2476
1.3720091110803019,0.002597236399660806,9.042626151823219e-05,0.020916070662323323,9.121687202652036e-05,0.2595507524324799,0.2595502819886606,2477
1.3720078403452827,0.0025962261871686795,9.040921771950312e-05,0.020916023213089715,9.121731677431636e-05,0.25955077571584195,0.25955030572354004,2478
1.3720065742291259,0.0025952196118800607,9.03922428563744e-05,0.020915975706348646,9.121779149700977e-05,0.2595508005683822,0.2595503310273287,2479
1.3720053127194176,0.002594216744103674,9.037532394461372e-05,0.020915928480281187,9.121824516205711e-05,0.25955082431845844,0.25955035522612957,2480
1.3720040558037843,0.0025932175726246735,9.035846048927775e-05,0.020915881551410977,9.121867546258051e-05,0.25955084684531066,0.2595503781987756,2481
1.3720028034698926,0.002592222012536146,9.03416639379481e-05,0.02091583462334802,9.121912798655687e-05,0.2595508705355353,0.2595504023337195,2482
1.3720015557054488,0.002591230064201891,9.032493208852936e-05,0.020915787726461896,9.121959233830481e-05,0.2595508948448983,0.25955042708640613,2483
1.372000312498198,0.002590241779764717,9.030825502460264e-05,0.020915741091473487,9.122002902935728e-05,0.2595509177061347,0.25955045038800734,2484
1.3719990738359247,0.002589257132150107,9.029163634390821e-05,0.020915694638300893,9.122045680003389e-05,0.259550940100327,0.2595504732204834,2485
1.3719978397064532,0.002588276066470752,9.027508353858962e-05,0.020915648198587582,9.122090864907827e-05,0.25955096375498715,0.25955049731276714,2486
1.3719966100976464,0.0025872985983324474,9.025859146456057e-05,0.020915601897907914,9.122136159788958e-05,0.2595509874671622,0.2595505214607939,2487
1.371995384997405,0.002586324748428485,9.024215426961784e-05,0.02091555585984766,9.122178964325484e-05,0.259551009875571,0.25955054430201263,2488
1.371994164393669,0.002585354474343758,9.022577751594151e-05,0.020915509929723766,9.122221710039799e-05,0.2595510322531336,0.259550567110447,2489
1.371992948274416,0.0025843877462440206,9.02094650909632e-05,0.020915464011755116,9.122266272848064e-05,0.25955105558189673,0.259550590869194,2490
1.3719917366276606,0.002583424591920374,9.019321085691957e-05,0.02091541826555286,9.12231024310262e-05,0.2595510786004004,0.2595506143158535,2491
1.371990529441456,0.0025824650163765108,9.017701192614547e-05,0.020915372764126496,9.122352431935248e-05,0.25955110068627446,0.25955063682736307,2492
1.3719893267038932,0.0025815089727535528,9.016087395199898e-05,0.020915327361220308,9.122395170488424e-05,0.25955112305987543,0.2595506596249093,2493
1.3719881284030992,0.002580556440747315,9.01447984360164e-05,0.02091528200954943,9.122439077647278e-05,0.25955114604518603,0.2595506830328128,2494
1.3719869345272384,0.002579607444299881,9.012877987154416e-05,0.02091523683529076,9.122481930771868e-05,0.25955116847865844,0.25955070588673806,2495
1.3719857450645119,0.0025786619808012613,9.011281734569204e-05,0.020915191856150695,9.12252352480446e-05,0.25955119025294987,0.25955072807929574,2496
1.3719845600031566,0.0025777200131558856,9.009691546215043e-05,0.02091514696127987,9.122565934558092e-05,0.25955121245421653,0.2595507506974758,2497
1.3719833793314458,0.0025767815304015475,9.008107405731945e-05,0.02091510215874305,9.122609099699139e-05,0.25955123505087124,0.2595507737096241,2498
1.3719822030376891,0.002575846546218246,9.006528878771045e-05,0.020915057550648368,9.122651150044364e-05,0.2595512570638866,0.2595507961358874,2499
1.3719810311102327,0.002574915047767992,9.004956009542172e-05,0.020915013112721696,9.12269231556774e-05,0.25955127861365573,0.259550818096749,2500
1.3719798635374558,0.002573987005529345,9.00338915145606e-05,0.02091496874848125,9.122734221305489e-05,0.2595513005508703,0.25955084044366167,2501
1.3719787003077755,0.0025730624174115824,9.001828190576706e-05,0.020914924487100427,9.12277651512658e-05,0.2595513226911913,0.259550862992233,2502
1.3719775414096413,0.00257214129316737,9.000272786313834e-05,0.020914880416095984,9.122817822667506e-05,0.25955134431515664,0.2595508850224056,2503
1.3719763868315407,0.0025712236152289265,8.998723041729481e-05,0.020914836506997367,9.122858598862226e-05,0.2595513656609211,0.25955090677241704,2504
1.371975236561993,0.002570309356704027,8.99717922601316e-05,0.020914792685357862,9.122900003903032e-05,0.2595513873358288,0.25955092885006265,2505
1.371974090589553,0.0025693985162697866,8.995641199561517e-05,0.020914748978624657,9.122941507326908e-05,0.25955140906218915,0.25955095097751574,2506
1.3719729489028094,0.002568491100443717,8.994108702950802e-05,0.020914705446420875,9.122982114000018e-05,0.2595514303190674,0.2595509726335075,2507
1.3719718114903852,0.0025675870934011905,8.992581845081518e-05,0.020914662059074836,9.12302239125059e-05,0.25955145140345204,0.25955099411525084,2508
1.3719706783409367,0.002566686473319614,8.991060817663462e-05,0.020914618768086788,9.1230632114243e-05,0.25955147277199925,0.25955101587971424,2509
1.3719695494431539,0.002565789237375669,8.989545484437616e-05,0.020914575605914365,9.123104016205902e-05,0.2595514941324412,0.2595510376343829,2510
1.3719684247857598,0.0025648953865530584,8.988035656117224e-05,0.020914532614491582,9.123144038269175e-05,0.25955151508310026,0.25955105897727776,2511
1.371967304357511,0.002564004905495251,8.986531435584583e-05,0.02091448976028588,9.123183797268567e-05,0.2595515358960057,0.2595510801806657,2512
1.3719661881471965,0.00256311777722025,8.985032956990315e-05,0.020914447004147917,9.123223962059847e-05,0.2595515569212877,0.25955110159498157,2513
1.3719650761436377,0.002562233999625488,8.983540092819353e-05,0.020914404376547027,9.123264063608792e-05,0.25955157791341765,0.25955112297452587,2514
1.3719639683356888,0.002561353571010211,8.982052697639499e-05,0.020914361913419565,9.123303528367373e-05,0.2595515985721592,0.2595511440188127,2515
1.3719628647122357,0.002560476475740905,8.980570861246678e-05,0.020914319588990257,9.123342781292538e-05,0.2595516191199673,0.25955116495043506,2516
1.3719617652621983,0.0025596026980072243,8.979094685914124e-05,0.02091427737165243,9.12338231584044e-05,0.2595516398151524,0.2595511860279012,2517
1.3719606699745244,0.002558732234954988,8.977624063844549e-05,0.020914235282547246,9.123421745145491e-05,0.2595516604552012,0.2595512070485857,2518
1.3719595788381977,0.0025578650844475595,8.976158875518421e-05,0.020914193347622786,9.123460636861282e-05,0.25955168081379465,0.259551227786036,2519
1.3719584918422298,0.0025570012329581573,8.974699187038828e-05,0.020914151547781073,9.123499342418746e-05,0.25955170107489695,0.2595512484243546,2520
1.3719574089756648,0.0025561406658173233,8.973245077434561e-05,0.020914109861005958,9.123538253490436e-05,0.25955172144353594,0.25955126916869503,2521
1.3719563302275786,0.0025552833779986573,8.971796463438335e-05,0.02091406830520551,9.123577061118899e-05,0.2595517417579826,0.2595512898571916,2522
1.3719552555870766,0.0025544293657142852,8.970353247843815e-05,0.02091402690026217,9.123615405574068e-05,0.2595517618299317,0.2595513103014184,2523
1.371954185043295,0.002553578617151225,8.96891547534462e-05,0.0209139856294309,9.123653549165959e-05,0.25955178179669425,0.2595513306388229,2524
1.3719531185854013,0.002552731119581134,8.967483205783205e-05,0.020913944472982834,9.12369182306202e-05,0.25955180183162424,0.25955135104290333,2525
1.3719520562025913,0.0025518868673296132,8.966056374277729e-05,0.020913903444519037,9.12373001347953e-05,0.2595518218228145,0.2595513714016622,2526
1.3719509978840922,0.0025510458554975765,8.964634898775937e-05,0.02091386256281546,9.123767820602077e-05,0.2595518416133236,0.2595513915580314,2527
1.3719499436191605,0.0025502080727616756,8.963218807518593e-05,0.02091382181763067,9.123805416753803e-05,0.25955186129335733,0.25955141160228473,2528
1.3719488933970823,0.0025493735068950153,8.961808149446072e-05,0.020913781191760003,9.1238430729146e-05,0.2595518810047627,0.25955143167638317,2529
1.3719478472071733,0.002548542151627504,8.960402876579592e-05,0.020913740692212336,9.123880652325581e-05,0.2595519006759522,0.2595514517087009,2530
1.3719468050387769,0.002547714002104989,8.959002916158935e-05,0.020913700333498368,9.123917909958478e-05,0.25955192017866485,0.25955147157089964,2531
1.3719457668812678,0.002546889048281465,8.957608279518371e-05,0.02091366010997208,9.123954953670873e-05,0.2595519395693602,0.2595514913194891,2532
1.3719447327240475,0.0025460672782738644,8.956219006737622e-05,0.02091362000866997,9.123992009453244e-05,0.2595519589663342,0.25955151107284485,2533
1.3719437025565473,0.002545248684512771,8.954835066489301e-05,0.020913580034005355,9.124028998260577e-05,0.25955197832821064,0.25955153078954896,2534
1.3719426763682254,0.0025444332615249922,8.953456395976536e-05,0.020913540197842195,9.124065711448449e-05,0.2595519975457746,0.25955155036031385,2535
1.37194165414857,0.002543621000470562,8.952082992077186e-05,0.020913500496766494,9.124102200598762e-05,0.25955201664602756,0.25955156981218497,2536
1.3719406358870956,0.0025428118905088254,8.950714884820916e-05,0.020913460919090767,9.124138658407704e-05,0.2595520357298367,0.25955158924612065,2537
1.3719396215733461,0.0025420059235399285,8.94935205518156e-05,0.020913421466055928,9.124175061565598e-05,0.25955205478500076,0.2595516086499072,2538
1.3719386111968923,0.002541203093383079,8.947994450230989e-05,0.02091338214810254,9.12421123709793e-05,0.259552073720977,0.2595516279329271,2539
1.3719376047473308,0.0025404033915873412,8.94664205689203e-05,0.020913342965584607,9.124247184545104e-05,0.25955209253752554,0.2595516470949438,2540
1.371936602214288,0.0025396068078370354,8.945294896581485e-05,0.020913303909364408,9.124283056471155e-05,0.2595521113145059,0.2595516662158873,2541
1.3719356035874166,0.0025388133337759296,8.943952959423845e-05,0.020913264977579657,9.124318873724101e-05,0.25955213006283107,0.2595516853066884,2542
1.3719346088563948,0.0025380229630743417,8.942616200867059e-05,0.020913226177401427,9.124354506072654e-05,0.25955214871433263,0.2595517042991355,2543
1.3719336180109287,0.002537235687938758,8.94128459952476e-05,0.02091318751092348,9.124389918689638e-05,0.2595521672507812,0.25955172317499264,2544
1.3719326310407511,0.0025364514984947267,8.939958168321569e-05,0.020913148971915433,9.12442522215768e-05,0.2595521857300608,0.25955174199219005,2545
1.3719316479356205,0.0025356703858119218,8.938636905049066e-05,0.02091311055764684,9.124460463260978e-05,0.2595522041766605,0.2595517607752335,2546
1.371930668685321,0.0025348923430078825,8.937320774857294e-05,0.020913072273192685,9.124495551126738e-05,0.25955222254301413,0.2595517794765229,2547
1.3719296932796636,0.00253411736282713,8.93600975083877e-05,0.020913034121511118,9.124530430631646e-05,0.2595522408002686,0.25955179806719464,2548
1.371928721708485,0.002533345436251088,8.93470383604825e-05,0.02091299609813191,9.124565174734037e-05,0.2595522589866136,0.25955181658548115,2549
1.3719277539616468,0.0025325765543036532,8.933403031765816e-05,0.02091295819920435,9.124599846175265e-05,0.25955227713489054,0.25955183506425455,2550
1.371926790029037,0.002531810709519641,8.932107312887816e-05,0.0209129204276999,9.12463439194048e-05,0.25955229521734985,0.2595518534757417,2551
1.3719258299005672,0.002531047894639652,8.930816651370279e-05,0.020912882787440478,9.124668746493403e-05,0.259552313199688,0.2595518717856132,2552
1.3719248735661755,0.0025302881011596075,8.929531041854904e-05,0.02091284527643922,9.124702944268416e-05,0.2595523310999297,0.2595518900119146,2553
1.3719239210158247,0.002529531320261514,8.928250485705093e-05,0.02091280789075481,9.124737050660881e-05,0.25955234895230533,0.2595519081889126,2554
1.3719229722395017,0.002528777544252406,8.926974965497525e-05,0.02091277063102647,9.12477104967533e-05,0.2595523667484427,0.25955192630823587,2555
1.3719220272272177,0.0025280267659664453,8.925704454230875e-05,0.020912733500451555,9.124804881496549e-05,0.259552384457033,0.25955194433855555,2556
1.3719210859690094,0.002527278977328765,8.92443893976534e-05,0.020912696498767577,9.124838548263864e-05,0.25955240207919655,0.25955196228099653,2557
1.3719201484549366,0.0025265341695896865,8.923178421750449e-05,0.020912659622857155,9.124872103196913e-05,0.25955241964279047,0.2595519801634412,2558
1.3719192146750832,0.0025257923346905693,8.921922889280591e-05,0.02091262287212911,9.12490555601784e-05,0.2595524371529039,0.25955199799098644,2559
1.3719182846195577,0.002525053465401786,8.920672318561663e-05,0.020912586249052467,9.12493886240397e-05,0.25955245458633747,0.2595520157404198,2560
1.371917358278491,0.002524317554148671,8.919426692103531e-05,0.020912549754459223,9.12497200478988e-05,0.25955247193389747,0.25955203340254795,2561
1.371916435642039,0.0025235845925762924,8.918186005363053e-05,0.020912513386005513,9.125005019559977e-05,0.2595524892146288,0.2595520509964383,2562
1.3719155167003791,0.0025228545724395924,8.916950251536507e-05,0.02091247714202483,9.125037931699499e-05,0.2595525064416097,0.259552068535184,2563
1.3719146014437134,0.0025221274861992856,8.915719412003736e-05,0.020912441023888593,9.125070715088937e-05,0.2595525236011689,0.259552086005105,2564
1.3719136898622661,0.0025214033264182767,8.914493467225025e-05,0.02091240503320937,9.12510334086794e-05,0.2595525406782007,0.25955210339108636,2565
1.3719127819462849,0.0025206820851202813,8.91327240780258e-05,0.0209123691690071,9.125135825232334e-05,0.25955255768118274,0.2595521207016181,2566
1.3719118776860386,0.002519963754163563,8.912056227736296e-05,0.0209123334293757,9.12516819916901e-05,0.2595525746263345,0.25955213795294035,2567
1.3719109770718205,0.002519248325880524,8.910844912989946e-05,0.0209122978143861,9.125200457821967e-05,0.25955259151111465,0.2595521551425161,2568
1.3719100800939452,0.002518535792887941,8.909638444463088e-05,0.02091226232541906,9.125232573021575e-05,0.259552608320779,0.2595521722555935,2569
1.3719091867427484,0.002517826147457683,8.908436808926381e-05,0.02091222696247724,9.125264541330243e-05,0.2595526250535286,0.2595521892903755,2570
1.37190829700859,0.002517119381523087,8.907239999402887e-05,0.02091219172406475,9.125296386840916e-05,0.25955264172197456,0.2595522062594867,2571
1.3719074108818499,0.0025164154872643263,8.906048005521844e-05,0.02091215660952305,9.125328120017267e-05,0.259552658331594,0.2595522231684141,2572
1.3719065283529304,0.002515714457290065,8.90486081030316e-05,0.020912121619776538,9.12535972332564e-05,0.25955267487320993,0.259552240007979,2573
1.3719056494122552,0.00251501628416588,8.903678397759011e-05,0.020912086755446202,9.125391183088775e-05,0.2595526913396638,0.25955225677102267,2574
1.3719047740502692,0.0025143209600865936,8.902500758140788e-05,0.020912052015607478,9.125422511484597e-05,0.2595527077373301,0.25955227346392973,2575
1.371903902257438,0.002513628477173396,8.90132788291556e-05,0.020912017399100032,9.125453725001251e-05,0.2595527240748392,0.259552290095342,2576
1.3719030340242493,0.002512938827859832,8.900159758519575e-05,0.020911982906077795,9.125484818278994e-05,0.25955274034938614,0.259552306662456,2577
1.3719021693412108,0.0025122520047714475,8.89899636871072e-05,0.02091194853736857,9.12551577508234e-05,0.2595527565524734,0.25955232315677157,2578
1.3719013081988511,0.0025115680003624384,8.897837700793418e-05,0.02091191429288363,9.125546595258826e-05,0.25955277268402155,0.25955233957821394,2579
1.371900450587719,0.002510886806902196,8.896683745621711e-05,0.020911880171624028,9.125577294032281e-05,0.2595527887519992,0.25955235593476367,2580
1.371899596498385,0.0025102084167784597,8.895534492158814e-05,0.020911846173062826,9.125607877673159e-05,0.2595528047596887,0.2595523722297111,2581
1.3718987459214378,0.002509532822598098,8.894389925653243e-05,0.02091181229761229,9.125638335445095e-05,0.2595528207014709,0.25955238845743756,2582
1.3718978988474873,0.0025088600169497076,8.893250031812065e-05,0.020911778545586984,9.125668658232322e-05,0.25955283657257483,0.25955240461317197,2583
1.371897055267163,0.002508189992238399,8.892114799857363e-05,0.020911744916450918,9.125698852466688e-05,0.2595528523763673,0.2595524207002875,2584
1.3718962151711145,0.0025075227408487477,8.89098421989849e-05,0.020911711409475148,9.125728928995076e-05,0.259552868118526,0.25955243672447087,2585
1.3718953785500108,0.00250685825535706,8.889858279250657e-05,0.02091167802463145,9.125758886791955e-05,0.25955288379851443,0.25955245268519045,2586
1.3718945453945395,0.002506196528462128,8.888736963405465e-05,0.02091164476231658,9.125788716601122e-05,0.2595528994114882,0.25955246857760345,2587
1.3718937156954094,0.002505537552760628,8.887620259687284e-05,0.020911611622439416,9.125818416453926e-05,0.2595529149564172,0.25955248440068324,2588
1.3718928894433466,0.0025048813207142247,8.886508157822811e-05,0.02091157860431909,9.125847994257479e-05,0.2595529304374404,0.2595525001585762,2589
1.371892066629097,0.0025042278248356372,8.885400646929157e-05,0.020911545707474416,9.125877455176153e-05,0.2595529458572611,0.25955251585399197,2590
1.371891247243425,0.0025035770577990627,8.884297713787785e-05,0.02091151293204585,9.125906794544476e-05,0.2595529612134377,0.2595525314844914,2591
1.3718904312771143,0.0025029290123279296,8.883199344785191e-05,0.020911480278270098,9.125936006341086e-05,0.25955297650281894,0.2595525470469252,2592
1.371889618720966,0.00250228368105347,8.88210552821806e-05,0.02091144774587932,9.125965092865905e-05,0.25955299172660895,0.25955256254250314,2593
1.3718888095658006,0.0025016410565500686,8.881016253552593e-05,0.020911415334298824,9.125994061110638e-05,0.25955300688846744,0.2595525779748925,2594
1.3718880038024563,0.002501001131467316,8.879931509110265e-05,0.020911383043251172,9.126022912551075e-05,0.25955302198916713,0.2595525933448712,2595
1.371887201421789,0.002500363898550842,8.878851281754761e-05,0.02091135087284314,9.126051641994811e-05,0.25955303702599064,0.2595526086497242,2596
1.3718864024146746,0.002499729350537325,8.877775558786314e-05,0.02091131882308496,9.126080246186069e-05,0.2595530519972342,0.25955262388774997,2597
1.3718856067720033,0.0024990974800964817,8.876704329012112e-05,0.02091128689361815,9.126108728670921e-05,0.25955306690475416,0.2595526390608108,2598
1.371884814484686,0.002498468279902671,8.875637581527343e-05,0.020911255084021963,9.126137094415822e-05,0.25955308175115016,0.25955265417151263,2599
1.37188402554365,0.002497841742717156,8.874575304235408e-05,0.020911223394179005,9.1261653430995e-05,0.25955309653625436,0.2595526692196922,2600
1.371883239939839,0.0024972178613574475,8.873517484276808e-05,0.020911191824155375,9.1261934707436e-05,0.2595531112579848,0.25955268420327066,2601
1.3718824576642157,0.0024965966286058707,8.872464109548208e-05,0.020911160373816098,9.126221476289495e-05,0.2595531259157877,0.259552699121698,2602
1.3718816787077588,0.0024959780371932006,8.87141516902484e-05,0.020911129042759175,9.126249363166112e-05,0.25955314051145806,0.2595527139767744,2603
1.3718809030614636,0.002495362079873968,8.870370651558067e-05,0.020911097830636424,9.126277134279838e-05,0.25955315504651727,0.2595527287700266,2604
1.371880130716343,0.0024947487494804558,8.869330545007117e-05,0.020911066737373023,9.126304788359738e-05,0.25955316952030044,0.2595527435007936,2605
1.3718793616634257,0.002494138038884322,8.868294836877e-05,0.020911035762989284,9.12633232268448e-05,0.25955318393138355,0.25955275816765466,2606
1.3718785958937585,0.002493529940929417,8.867263515396525e-05,0.02091100490731216,9.126359737588465e-05,0.2595531982799419,0.2595527727707894,2607
1.3718778333984019,0.002492924448429561,8.866236569495727e-05,0.02091097416998136,9.126387036190226e-05,0.25955321256760794,0.25955278731183606,2608
1.3718770741684343,0.002492321554223619,8.865213987854629e-05,0.020910943550702537,9.126414220210416e-05,0.25955322679528253,0.25955280179170015,2609
1.3718763181949507,0.0024917212512042476,8.864195758449592e-05,0.02091091304937252,9.126441288130243e-05,0.25955324096217103,0.2595528162095905,2610
1.371875565469061,0.0024911235322856227,8.863181869154178e-05,0.020910882665927732,9.126468238001245e-05,0.2595532550672539,0.2595528305644909,2611
1.3718748159818908,0.0024905283903643625,8.86217230843252e-05,0.020910852400163386,9.12649507055622e-05,0.259553269110915,0.2595528448567897,2612
1.371874069724582,0.0024899358183289606,8.861167065161699e-05,0.02091082225177394,9.126521788369e-05,0.2595532830945016,0.2595528590878393,2613
1.3718733266882916,0.002489345809098271,8.860166127933454e-05,0.020910792220527594,9.126548392642582e-05,0.25955329701864366,0.2595528732582743,2614
1.3718725868641923,0.002488758355631068,8.859169484852357e-05,0.020910762306315438,9.126574882222074e-05,0.259553310882737,0.2595528873674943,2615
1.371871850243471,0.002488173450895341,8.858177124050626e-05,0.020910732509020476,9.126601255848117e-05,0.2595533246861227,0.25955290141484416,2616
1.3718711168173312,0.0024875910878431554,8.857189034139577e-05,0.020910702828406867,9.126627514239632e-05,0.2595533384291773,0.2595529154007045,2617
1.3718703865769906,0.0024870112594252407,8.856205203996138e-05,0.020910673264180866,9.126653659273554e-05,0.2595533521128835,0.2595529293260626,2618
1.3718696595136814,0.002486433958622681,8.855225622240056e-05,0.02091064381612677,9.126679691738404e-05,0.25955336573765414,0.25955294319133587,2619
1.3718689356186513,0.0024858591784520695,8.85425027713375e-05,0.020910614484128204,9.126705610852538e-05,0.2595533793030804,0.25955295699611924,2620
1.371868214883162,0.002485286911940081,8.853279156985017e-05,0.02091058526805725,9.126731415931787e-05,0.2595533928088045,0.2595529707400586,2621
1.3718674972984888,0.0024847171521031088,8.852312250468766e-05,0.020910556167688367,9.126757107732962e-05,0.2595534062552228,0.25955298442355496,2622
1.371866782855924,0.0024841498919568046,8.851349546456827e-05,0.020910527182744602,9.126782687705061e-05,0.2595534196430938,0.2595529980473711,2623
1.3718660715467705,0.0024835851245391736,8.850391033641041e-05,0.020910498313000937,9.126808156396817e-05,0.25955343297270506,0.2595530116117988,2624
1.3718653633623483,0.0024830228429160214,8.849436700460959e-05,0.020910469558306773,9.126833513216237e-05,0.25955344624374693,0.259553025116532,2625
1.3718646582939895,0.0024824630401649055,8.848486535387645e-05,0.020910440918511984,9.126858757708053e-05,0.2595534594559814,0.25955303856133655,2626
1.3718639563330404,0.0024819057093613717,8.847540527151358e-05,0.02091041239340425,9.126883890535447e-05,0.2595534726097558,0.25955305194656403,2627
1.371863257470861,0.0024813508435846325,8.846598664627713e-05,0.020910383982735085,9.12690891292693e-05,0.25955348570571335,0.2595530652728621,2628
1.371862561698824,0.0024807984359320593,8.845660936571442e-05,0.02091035568628737,9.126933825455967e-05,0.2595534987441544,0.2595530785405353,2629
1.371861869008318,0.0024802484795219825,8.844727331562598e-05,0.02091032750389086,9.126958627788321e-05,0.25955351172490426,0.2595530917494125,2630
1.3718611793907416,0.0024797009674823187,8.843797838204814e-05,0.020910299435372755,9.126983319586892e-05,0.25955352464778675,0.25955310489932143,2631
1.371860492837508,0.0024791558929414385,8.842872445295185e-05,0.020910271480515857,9.127007901307524e-05,0.25955353751304067,0.2595531179905049,2632
1.371859809340044,0.0024786132490330665,8.841951141747894e-05,0.020910243639078493,9.127032373898637e-05,0.2595535503211626,0.2595531310234637,2633
1.3718591288897888,0.0024780730289077615,8.841033916398475e-05,0.020910215910844784,9.127056737939971e-05,0.25955356307245625,0.2595531439985055,2634
1.371858451478193,0.002477535225735521,8.840120757947508e-05,0.020910188295637618,9.12708099336024e-05,0.2595535757668845,0.2595531569155971,2635
1.3718577770967217,0.0024769998326969393,8.839211655097676e-05,0.020910160793281146,9.127105139999276e-05,0.2595535884043637,0.25955316977465875,2636
1.3718571057368514,0.002476466842974563,8.838306596693489e-05,0.02091013340356365,9.127129178207406e-05,0.2595536009850775,0.25955318257587795,2637
1.3718564373900715,0.0024759362497547527,8.83740557168989e-05,0.020910106126246438,9.12715310872423e-05,0.2595536135094132,0.25955319531964594,2638
1.3718557720478837,0.0024754080462365572,8.836508569009903e-05,0.020910078961102956,9.12717693208273e-05,0.2595536259776499,0.2595532080062459,2639
1.3718551097018004,0.0024748822256360457,8.835615577475978e-05,0.020910051907938283,9.127200648336265e-05,0.2595536383898158,0.25955322063570974,2640
1.3718544503433476,0.0024743587811816665,8.834726585890225e-05,0.020910024966568495,9.127224257416956e-05,0.2595536507458756,0.2595532332080059,2641
1.3718537939640623,0.0024738377061073163,8.833841583146124e-05,0.02090999813678998,9.127247759610664e-05,0.2595536630459791,0.2595532457232882,2642
1.371853140555494,0.002473318993651513,8.832960558232018e-05,0.020909971418376135,9.12727115554659e-05,0.2595536752904558,0.25955325818188996,2643
1.3718524901092024,0.0024728026370624528,8.83208350013868e-05,0.02090994481110056,9.127294445773541e-05,0.2595536874795932,0.25955327058410266,2644
1.3718518426167603,0.0024722886296018143,8.831210397792502e-05,0.02090991831475515,9.127317630471108e-05,0.2595536996134854,0.2595532829300242,2645
1.3718511980697505,0.0024717769645427536,8.83034124009337e-05,0.02090989192914234,9.127340709633057e-05,0.25955371169212943,0.2595532952196553,2646
1.3718505564597674,0.00247126763516539,8.829476015994811e-05,0.020909865654055008,9.12736368344068e-05,0.25955372371562035,0.2595533074530948,2647
1.3718499177784171,0.0024707606347555084,8.828614714528093e-05,0.02090983948927028,9.127386552380006e-05,0.25955373568421275,0.25955331963060096,2648
1.3718492820173165,0.002470255956607635,8.827757324745539e-05,0.020909813434563138,9.127409316988617e-05,0.25955374759818817,0.25955333175245937,2649
1.3718486491680928,0.0024697535940282206,8.82690383566117e-05,0.020909787489720843,9.127431977576372e-05,0.259553759457709,0.25955334381883605,2650
1.3718480192223839,0.002469253540334802,8.826054236258561e-05,0.020909761654540417,9.127454534246512e-05,0.2595537712628294,0.2595533558297891,2651
1.3718473921718393,0.0024687557888523493,8.825208515549627e-05,0.020909735928813497,9.127476987153407e-05,0.25955378301363047,0.259553367785403,2652
1.3718467680081177,0.0024682603329112965,8.824366662609076e-05,0.020909710312317906,9.12749933665985e-05,0.2595537947103022,0.2595533796858717,2653
1.3718461467228888,0.002467767165849198,8.823528666546824e-05,0.020909684804825118,9.127521583231315e-05,0.25955380635308845,0.2595533915314428,2654
1.371845528307834,0.002467276281013768,8.822694516458305e-05,0.020909659406113654,9.127543727227103e-05,0.2595538179421774,0.25955340332230803,2655
1.3718449127546417,0.0024667876717635842,8.821864201410262e-05,0.0209096341159728,9.127565768837556e-05,0.2595538294776689,0.25955341505857105,2656
1.3718443000550125,0.0024663013314659313,8.821037710475484e-05,0.02090960893419341,9.127587708233918e-05,0.2595538409596528,0.25955342674032533,2657
1.3718436902006572,0.0024658172534943665,8.820215032768354e-05,0.02090958386055767,9.127609545712925e-05,0.2595538523882845,0.2595534383677299,2658
1.3718430831832946,0.002465335431228599,8.819396157443762e-05,0.02090955889483911,9.127631281689362e-05,0.2595538637637813,0.2595534499410059,2659
1.3718424789946546,0.002464855858056344,8.818581073663501e-05,0.020909534036811075,9.127652916546837e-05,0.2595538750863442,0.25955346146035785,2660
1.3718418776264767,0.002464378527374727,8.817769770572679e-05,0.02090950928625341,9.127674450541681e-05,0.2595538863561075,0.2595534729259237,2661
1.3718412790705088,0.0024639034325896255,8.816962237310253e-05,0.020909484642950137,9.127695883854811e-05,0.25955389757316605,0.2595534843378019,2662
1.3718406833185093,0.0024634305671139933,8.816158463038413e-05,0.020909460106682386,9.127717216728873e-05,0.25955390873764705,0.2595534956961232,2663
1.3718400903622439,0.0024629599243670857,8.815358436953152e-05,0.020909435677225155,9.127738449514716e-05,0.2595539198497343,0.25955350700107527,2664
1.3718395001934902,0.002462491497775208,8.814562148269493e-05,0.020909411354350874,9.127759582603706e-05,0.2595539309096328,0.2595535182528663,2665
1.3718389128040323,0.0024620252807728525,8.81376958619747e-05,0.020909387137834953,9.127780616312539e-05,0.25955394191750847,0.2595535294516662,2666
1.3718383281856639,0.0024615612668027653,8.812980739939591e-05,0.020909363027456433,9.127801550875181e-05,0.25955395287348393,0.2595535405976011,2667
1.3718377463301887,0.002461099449314796,8.812195598707586e-05,0.020909339022993696,9.127822386512449e-05,0.2595539637776749,0.2595535516907899,2668
1.3718371672294172,0.002460639821764931,8.811414151739236e-05,0.02090931512422053,9.127843123513468e-05,0.25955397463023294,0.2595535627313881,2669
1.371836590875169,0.0024601823776154567,8.810636388295113e-05,0.02090929133090694,9.127863762227725e-05,0.25955398543134106,0.2595535737195821,2670
1.3718360172592732,0.002459727110335805,8.809862297642695e-05,0.020909267642823467,9.127884302994415e-05,0.25955399618117697,0.25955358465555317,2671
1.3718354463735651,0.002459274013403165,8.809091869044456e-05,0.02090924405974406,9.127904746096207e-05,0.2595540068798888,0.259553595539453,2672
1.3718348782098901,0.0024588230803020256,8.808325091763506e-05,0.020909220581444458,9.12792509177451e-05,0.259554017527603,0.25955360637141156,2673
1.371834312760101,0.002458374304523181,8.807561955076853e-05,0.02090919720769843,9.127945340290884e-05,0.25955402812445666,0.25955361715156927,2674
1.3718337500160573,0.0024579276795631665,8.806802448283667e-05,0.020909173938275606,9.127965491957173e-05,0.25955403867061316,0.25955362788009323,2675
1.3718331899696294,0.002457483198924617,8.806046560697596e-05,0.020909150772943384,9.12798554710782e-05,0.2595540491662477,0.25955363855716185,2676
1.371832632612692,0.002457040856116862,8.805294281635273e-05,0.020909127711470018,9.128005506049264e-05,0.2595540596115208,0.25955364918293944,2677
1.3718320779371291,0.0024566006446561602,8.80454560041195e-05,0.02090910475362587,9.128025369045201e-05,0.2595540700065706,0.25955365975756745,2678
1.3718315259348324,0.0024561625580652013,8.803800506348397e-05,0.02090908189918179,9.128045136349783e-05,0.2595540803515303,0.25955367028118254,2679
1.3718309765977008,0.0024557265898725003,8.803058988779604e-05,0.020909059147906736,9.128064808244637e-05,0.2595540906465475,0.25955368075393553,2680
1.3718304299176398,0.002455292733612155,8.802321037056517e-05,0.020909036499567137,9.128084385044809e-05,0.25955410089178715,0.2595536911759952,2681
1.3718298858865634,0.002454860982824114,8.801586640539495e-05,0.02090901395392835,9.128103867071071e-05,0.2595541110874173,0.25955370154753277,2682
1.3718293444963905,0.002454431331054475,8.800855788591155e-05,0.02090899151075644,9.128123254614923e-05,0.25955412123359073,0.25955371186870463,2683
1.3718288057390495,0.0024540037718554382,8.800128470576255e-05,0.020908969169818242,9.128142547943898e-05,0.2595541313304475,0.25955372213965405,2684
1.3718282696064743,0.0024535782987848737,8.799404675866774e-05,0.02090894693088004,9.128161747318845e-05,0.2595541413781244,0.25955373236052126,2685
1.3718277360906055,0.0024531549054060027,8.798684393847395e-05,0.02090892479370636,9.128180853027456e-05,0.259554151376772,0.25955374253146024,2686
1.3718272051833906,0.0024527335852872864,8.797967613914617e-05,0.020908902758060014,9.128199865377576e-05,0.2595541613265517,0.2595537526526357,2687
1.3718266768767835,0.002452314332002712,8.797254325471781e-05,0.020908880823703523,9.128218784676207e-05,0.2595541712276242,0.25955376272421193,2688
1.371826151162745,0.0024518971391318694,8.796544517924765e-05,0.0209088589904,9.128237611212424e-05,0.259554181080141,0.25955377274634356,2689
1.3718256280332413,0.002451482000259852,8.795838180682136e-05,0.020908837257912927,9.128256345254094e-05,0.2595541908842424,0.2595537827191743,2690
1.3718251074802457,0.0024510689089768363,8.795135303160575e-05,0.02090881562600485,9.128274987075236e-05,0.259554200640072,0.2595537926428511,2691
1.3718245894957368,0.0024506578588778453,8.794435874787204e-05,0.020908794094436654,9.1282935369643e-05,0.25955421034778087,0.25955380251752846,2692
1.3718240740717003,0.0024502488435627456,8.793739884998534e-05,0.020908772662967867,9.12831199522225e-05,0.25955422000752665,0.25955381234336716,2693
1.3718235612001262,0.002449841856636394,8.793047323236419e-05,0.020908751331357694,9.128330362145603e-05,0.25955422961946467,0.2595538221205261,2694
1.3718230508730118,0.0024494368917086953,8.792358178945817e-05,0.020908730099365665,9.12834863801921e-05,0.25955423918374415,0.25955383184915753,2695
1.3718225430823596,0.0024490339423944994,8.791672441575026e-05,0.02090870896675141,9.128366823115934e-05,0.25955424870050803,0.2595538415294079,2696
1.371822037820177,0.0024486330023132732,8.790990100578908e-05,0.020908687933273815,9.128384917710872e-05,0.2595542581699004,0.25955385116142454,2697
1.3718215350784784,0.0024482340650889274,8.790311145421276e-05,0.020908666998690442,9.128402922095563e-05,0.259554267592074,0.25955386074536335,2698
1.371821034849282,0.002447837124349797,8.789635565573049e-05,0.02090864616275784,9.128420836565791e-05,0.25955427696718375,0.25955387028138255,2699
1.3718205371246115,0.002447442173728653,8.788963350510014e-05,0.020908625425232034,9.128438661413422e-05,0.2595542862953825,0.2595538797696385,2700
1.3718200418964965,0.0024470492068627225,8.78829448971125e-05,0.020908604785868982,9.128456396921939e-05,0.2595542955768188,0.2595538892102828,2701
1.3718195491569716,0.0024466582173936365,8.78762897265952e-05,0.020908584244424537,9.12847404336783e-05,0.25955430481163744,0.25955389860346345,2702
1.3718190588980754,0.0024462691989671813,8.786966788842422e-05,0.020908563800653823,9.128491601025142e-05,0.25955431399998197,0.25955390794932737,2703
1.3718185711118525,0.0024458821452331466,8.78630792775499e-05,0.020908543454310927,9.128509070181401e-05,0.259554323142003,0.25955391724802834,2704
1.3718180857903515,0.00244549704984528,8.785652378898387e-05,0.020908523205149063,9.12852645113039e-05,0.2595543322378544,0.2595539264997235,2705
1.3718176029256257,0.0024451139064613193,8.78500013177787e-05,0.02090850305292099,9.128543744162713e-05,0.2595543412876884,0.2595539357045683,2706
1.3718171225097333,0.0024447327087429396,8.784351175901122e-05,0.020908482997379317,9.128560949560492e-05,0.25955435029165275,0.2595539448627137,2707
1.3718166445347375,0.002444353450355699,8.783705500779558e-05,0.02090846303827635,9.128578067601182e-05,0.2595543592498928,0.25955395397430814,2708
1.3718161689927042,0.0024439761249688036,8.783063095928759e-05,0.020908443175363653,9.128595098562136e-05,0.2595543681625538,0.25955396303950024,2709
1.3718156958757048,0.0024436007262550056,8.782423950870168e-05,0.020908423408391857,9.128612042729298e-05,0.2595543770297855,0.25955397205844294,2710
1.3718152251758147,0.002443227247890576,8.781788055129872e-05,0.020908403737110785,9.128628900390423e-05,0.2595543858517387,0.25955398103129,2711
1.3718147568851131,0.0024428556835552565,8.781155398237621e-05,0.02090838416126975,9.128645671833156e-05,0.25955439462856394,0.25955398995819534,2712
1.3718142909956825,0.00244248602693225,8.78052596972564e-05,0.0209083646806178,9.128662357339421e-05,0.25955440336040897,0.2595539988393099,2713
1.3718138274996114,0.002442118271708118,8.779899759128997e-05,0.020908345294903645,9.128678957189339e-05,0.25955441204742047,0.25955400767478337,2714
1.3718133663889895,0.0024417524115726615,8.779276755985994e-05,0.020908326003875377,9.128695471660806e-05,0.259554420689744,0.25955401646476456,2715
1.3718129076559118,0.00244138844021878,8.778656949839383e-05,0.02090830680728028,9.128711901038191e-05,0.2595544292875285,0.25955402520940557,2716
1.3718124512924763,0.0024410263513424076,8.778040330235663e-05,0.02090828770486489,9.128728245607137e-05,0.2595544378409235,0.259554033908859,2717
1.3718119972907838,0.002440666138642454,8.777426886724135e-05,0.020908268696375135,9.12874450565255e-05,0.25955444635007835,0.25955404256327747,2718
1.3718115456429407,0.0024403077958208056,8.77681660885668e-05,0.020908249781556518,9.12876068145668e-05,0.2595544548151408,0.25955405117281155,2719
1.3718110963410532,0.00243995131658221,8.776209486187085e-05,0.020908230960154088,9.12877677329956e-05,0.25955446323625747,0.25955405973761136,2720
1.3718106493772337,0.002439596694634198,8.775605508271942e-05,0.02090821223191238,9.128792781461003e-05,0.259554471613575,0.25955406825782645,2721
1.3718102047435963,0.0024392439236869553,8.77500466467047e-05,0.02090819359657527,9.128808706222213e-05,0.25955447994724057,0.25955407673360714,2722
1.371809762432258,0.0024388929974532856,8.774406944944699e-05,0.020908175053885935,9.1288245478663e-05,0.2595544882374025,0.25955408516510486,2723
1.3718093224353394,0.002438543909648471,8.77381233865912e-05,0.020908156603586914,9.128840306676589e-05,0.2595544964842092,0.2595540935524711,2724
1.3718088847449634,0.0024381966539903013,8.773220835380508e-05,0.02090813824542021,9.128855982938422e-05,0.25955450468781005,0.2595541018958583,2725
1.371808449353255,0.0024378512241989424,8.772632424676646e-05,0.020908119979127397,9.1288715769311e-05,0.25955451284835135,0.259554110195416,2726
1.371808016252343,0.002437507613996892,8.772047096116868e-05,0.020908101804449512,9.128887088933604e-05,0.2595545209659792,0.25955411845129317,2727
1.3718075854343577,0.002437165817108862,8.771464839272812e-05,0.02090808372112695,9.128902519226296e-05,0.2595545290408404,0.2595541266636398,2728
1.3718071568914327,0.002436825827261709,8.770885643717942e-05,0.020908065728899434,9.128917868091879e-05,0.25955453707308307,0.2595541348326069,2729
1.3718067306157025,0.0024364876381843406,8.770309499027057e-05,0.020908047827506104,9.128933135811566e-05,0.2595545450628544,0.25955414295834506,2730
1.3718063065993058,0.002436151243607682,8.76973639477664e-05,0.020908030016685442,9.128948322667531e-05,0.2595545530103022,0.25955415104100477,2731
1.3718058848343813,0.0024358166372645787,8.769166320544199e-05,0.0209080122961755,9.128963428942797e-05,0.2595545609155747,0.25955415908073753,2732
1.371805465313071,0.0024354838128897716,8.76859926590778e-05,0.020907994665713796,9.12897845491636e-05,0.259554568778818,0.25955416707769247,2733
1.3718050480275186,0.002435152764219771,8.768035220446427e-05,0.020907977125037315,9.128993400868277e-05,0.2595545766001787,0.2595541750320191,2734
1.3718046329698697,0.002434823484992787,8.767474173740247e-05,0.020907959673882388,9.12900826707882e-05,0.25955458437980367,0.25955418294386734,2735
1.3718042201322707,0.0024344959689486145,8.766916115370383e-05,0.020907942311984687,9.129023053829004e-05,0.25955459211784,0.2595541908133875,2736
1.3718038095068719,0.0024341702098286317,8.766361034918506e-05,0.020907925039079275,9.129037761402498e-05,0.25955459981443624,0.2595541986407308,2737
1.3718034010858222,0.002433846201375689,8.765808921966748e-05,0.02090790785490069,9.129052390077248e-05,0.25955460746973796,0.2595542064260462,2738
1.371802994861274,0.00243352393733405,8.765259766097478e-05,0.020907890759182913,9.12906694013608e-05,0.25955461508389327,0.25955421416948454,2739
1.3718025908253806,0.0024332034114493326,8.764713556893005e-05,0.020907873751659384,9.129081411858316e-05,0.25955462265704843,0.2595542218711952,2740
1.3718021889702965,0.0024328846174683826,8.764170283936029e-05,0.020907856832062973,9.129095805523396e-05,0.25955463018934977,0.25955422953132745,2741
1.371801789288177,0.0024325675491392667,8.763629936809158e-05,0.020907840000125934,9.129110121412873e-05,0.2595546376809447,0.25955423715003173,2742
1.3718013917711793,0.002432252200211142,8.763092505094981e-05,0.020907823255579924,9.129124359806508e-05,0.2595546451319798,0.25955424472745753,2743
1.3718009964114606,0.0024319385644342023,8.762557978375952e-05,0.02090780659815601,9.129138520985646e-05,0.2595546525426023,0.25955425226375517,2744
1.3718006032011802,0.0024316266355596133,8.762026346234162e-05,0.020907790027584677,9.129152605232386e-05,0.25955465991295995,0.2595542597590753,2745
1.3718002121324966,0.0024313164073394363,8.76149759825088e-05,0.02090777354359585,9.129166612824895e-05,0.2595546672431984,0.2595542672135666,2746
1.3717998231975712,0.002431007873526582,8.760971724006883e-05,0.020907757145918932,9.129180544043999e-05,0.25955467453346476,0.259554274627379,2747
1.3717994363885642,0.002430701027874691,8.760448713082134e-05,0.020907740834282686,9.129194399168615e-05,0.259554681783905,0.25955428200066155,2748
1.3717990516976364,0.002430395864138095,8.759928555056e-05,0.020907724608415307,9.12920817848042e-05,0.25955468899466666,0.2595542893335648,2749
1.3717986691169506,0.002430092376071714,8.759411239506907e-05,0.020907708468044364,9.129221882259395e-05,0.2595546961658963,0.2595542966262381,2750
1.3717982886386686,0.00242979055743102,8.75889675601218e-05,0.020907692412896885,9.129235510787222e-05,0.2595547032977415,0.259554303878832,2751
1.3717979102549533,0.002429490401971954,8.758385094147816e-05,0.020907676442699308,9.129249064342187e-05,0.2595547103903479,0.2595543110914951,2752
1.3717975339579662,0.002429191903450848,8.757876243488437e-05,0.020907660557177535,9.129262543206082e-05,0.25955471744386305,0.25955431826437814,2753
1.3717971597398715,0.002428895055624371,8.757370193607488e-05,0.020907644756056866,9.129275947657833e-05,0.25955472445843303,0.25955432539762974,2754
1.3717967875928312,0.00242859985224944,8.756866934076711e-05,0.020907629039062,9.129289277979446e-05,0.2595547314342055,0.25955433249140064,2755
1.3717964175090083,0.0024283062870831492,8.756366454466024e-05,0.020907613405917094,9.129302534449005e-05,0.25955473837132603,0.25955433954583934,2756
1.3717960494805654,0.002428014353882702,8.755868744344042e-05,0.02090759785634566,9.129315717347669e-05,0.2595547452699419,0.259554346561096,2757
1.3717956834996643,0.002427724046405354,8.755373793277173e-05,0.020907582390070626,9.12932882695554e-05,0.2595547521301997,0.25955435353732026,2758
1.371795319558468,0.002427435358408334,8.75488159083011e-05,0.020907567006814395,9.129341863554101e-05,0.25955475895224683,0.2595543604746622,2759
1.3717949576491375,0.002427148283648785,8.754392126565203e-05,0.020907551706298752,9.12935482742388e-05,0.2595547657362302,0.2595543673732717,2760
1.3717945977638333,0.002426862815883676,8.753905390042314e-05,0.02090753648824495,9.129367718842226e-05,0.259554772482295,0.2595543742332971,2761
1.371794239894717,0.0024265789488697414,8.753421370819557e-05,0.020907521352373618,9.129380538092006e-05,0.2595547791905894,0.25955438105488904,2762
1.3717938840339472,0.002426296676363411,8.752940058452196e-05,0.020907506298404824,9.12939328545301e-05,0.2595547858612598,0.2595543878381972,2763
1.3717935301736839,0.0024260159921207433,8.752461442493195e-05,0.020907491326058018,9.129405961205032e-05,0.25955479249445274,0.2595543945833707,2764
1.371793178306085,0.0024257368898973706,8.751985512492677e-05,0.020907476435052086,9.129418565629035e-05,0.2595547990903153,0.2595544012905597,2765
1.371792828423308,0.0024254593634483903,8.75151225799827e-05,0.020907461625105334,9.129431099006722e-05,0.259554805648995,0.2595544079599144,2766
1.3717924805175084,0.0024251834065283423,8.751041668554363e-05,0.020907446895935513,9.129443561617364e-05,0.2595548121706381,0.2595544145915842,2767
1.3717921345808417,0.0024249090128911173,8.750573733702288e-05,0.020907432247259744,9.129455953740439e-05,0.2595548186553908,0.25955442118571803,2768
1.3717917906054617,0.002424636176289896,8.750108442980833e-05,0.0209074176787946,9.129468275658191e-05,0.259554825103401,0.2595544277424666,2769
1.3717914485835214,0.0024243648904770697,8.749645785924892e-05,0.020907403190256045,9.12948052764968e-05,0.25955483151481473,0.259554434261979,2770
1.3717911085071717,0.0024240951492041913,8.749185752066725e-05,0.020907388781359483,9.129492709997784e-05,0.2595548378897801,0.259554440744406,2771
1.3717907703685632,0.002423826946221879,8.74872833093474e-05,0.020907374451819682,9.129504822982312e-05,0.25955484422844366,0.25955444718989684,2772
1.3717904341598426,0.0024235602752797998,8.748273512053653e-05,0.0209073602013509,9.129516866882645e-05,0.2595548505309516,0.2595544535986012,2773
1.3717900998731587,0.0024232951301265495,8.747821284944973e-05,0.020907346029666773,9.129528841980926e-05,0.2595548567974517,0.25955445997066895,2774
1.371789767500655,0.002423031504509619,8.747371639126165e-05,0.02090733193648037,9.129540748557286e-05,0.2595548630280906,0.25955446630625006,2775
1.3717894370344756,0.002422769392175301,8.746924564111171e-05,0.020907317921504114,9.129552586894293e-05,0.25955486922301624,0.2595544726054951,2776
1.371789108466761,0.00242250878686866,8.746480049409683e-05,0.02090730398444992,9.129564357272609e-05,0.25955487538237554,0.25955447886855393,2777
1.371788781789652,0.002422249682333432,8.746038084527183e-05,0.0209072901250291,9.129576059971732e-05,0.25955488150631484,0.25955448509557566,2778
1.3717884569952847,0.0024219920723119806,8.745598658965272e-05,0.02090727634295237,9.129587695273917e-05,0.2595548875949819,0.25955449128671093,2779
1.3717881340757947,0.0024217359505452262,8.745161762221227e-05,0.020907262637929882,9.129599263460362e-05,0.25955489364852397,0.25955449744210984,2780
1.371787813023316,0.0024214813107725666,8.744727383787796e-05,0.02090724900967116,9.129610764812476e-05,0.25955489966708833,0.2595545035619224,2781
1.3717874938299788,0.002421228146731821,8.744295513153392e-05,0.020907235457885153,9.129622199610507e-05,0.25955490565082173,0.2595545096462982,2782
1.3717871764879117,0.002420976452159176,8.743866139802127e-05,0.0209072219822802,9.129633568138731e-05,0.259554911599873,0.25955451569538895,2783
1.371786860989241,0.002420726220789111,8.743439253212741e-05,0.020907208582564136,9.12964487067591e-05,0.25955491751438803,0.25955452170934334,2784
1.37178654732609,0.0024204774463543227,8.74301484285968e-05,0.020907195258444134,9.129656107505159e-05,0.2595549233945151,0.25955452768831244,2785
1.3717862354905797,0.0024202301225857044,8.742592898212278e-05,0.020907182009626865,9.129667278908107e-05,0.2595549292404016,0.2595545336324465,2786
1.3717859254748288,0.002419984243212198,8.742173408734807e-05,0.020907168835818335,9.129678385165218e-05,0.25955493505219435,0.25955453954189506,2787
1.3717856172709528,0.0024197398019608247,8.741756363886993e-05,0.020907155736723967,9.129689426561733e-05,0.2595549408300427,0.25955454541681033,2788
1.3717853108710645,0.0024194967925565527,8.74134175312252e-05,0.020907142712048642,9.129700403376103e-05,0.25955494657409245,0.2595545512573409,2789
1.3717850062672738,0.002419255208722265,8.740929565890635e-05,0.02090712976149657,9.129711315893039e-05,0.2595549522844926,0.2595545570636385,2790
1.3717847034516877,0.002419015044178688,8.74051979163441e-05,0.02090711688477149,9.129722164394071e-05,0.25955495796139055,0.2595545628358533,2791
1.3717844024164085,0.0024187762926443403,8.740112419791694e-05,0.02090710408157649,9.129732949160628e-05,0.25955496360493363,0.25955456857413584,2792
1.3717841031535396,0.0024185389478354373,8.73970743979485e-05,0.020907091351614046,9.129743670475408e-05,0.2595549692152698,0.25955457427863626,2793
1.3717838056551768,0.00241830300346586,8.73930484107075e-05,0.020907078694586072,9.129754328621962e-05,0.2595549747925476,0.2595545799495062,2794
1.3717835099134144,0.0024180684532470968,8.73890461304005e-05,0.020907066110193887,9.129764923883945e-05,0.2595549803369154,0.25955458558689676,2795
1.3717832159203436,0.002417835290888127,8.738506745117581e-05,0.020907053598138266,9.12977545654205e-05,0.25955498584852016,0.25955459119095775,2796
1.371782923668051,0.002417603510095448,8.738111226712185e-05,0.02090704115811934,9.129785926880465e-05,0.2595549913275107,0.2595545967618408,2797
1.371782633148621,0.002417373104572914,8.737718047226829e-05,0.020907028789836687,9.129796335182003e-05,0.25955499677403504,0.25955460229969657,2798
1.3717823443541342,0.0024171440680217505,8.737327196058021e-05,0.02090701649298925,9.129806681729691e-05,0.25955500218824135,0.25955460780467593,2799
1.3717820572766666,0.00241691639414046,8.736938662596151e-05,0.020907004267275413,9.129816966807406e-05,0.2595550075702782,0.25955461327693047,2800
1.37178177190829,0.0024166900766247686,8.736552436225058e-05,0.020906992112393,9.12982719069828e-05,0.25955501292029387,0.25955461871661123,2801
1.371781488241075,0.0024164651091675383,8.736168506322432e-05,0.020906980028039163,9.129837353686407e-05,0.259555018238437,0.2595546241238694,2802
1.3717812062670862,0.00241624148545876,8.735786862258855e-05,0.020906968013910558,9.129847456055029e-05,0.25955502352485593,0.2595546294988562,2803
1.3717809259783842,0.002416019199185435,8.735407493398801e-05,0.02090695606970316,9.129857498088451e-05,0.25955502877969944,0.25955463484172325,2804
1.3717806473670262,0.0024157982440315582,8.735030389099562e-05,0.020906944195112413,9.12986748007077e-05,0.25955503400311625,0.25955464015262186,2805
1.371780370425065,0.0024155786136780275,8.734655538711716e-05,0.020906932389833165,9.129877402285973e-05,0.259555039195255,0.25955464543170365,2806
1.371780095144549,0.002415360301802608,8.734282931578863e-05,0.020906920653559653,9.12988726501869e-05,0.25955504435626475,0.2595546506791203,2807
1.3717798215175232,0.002415143302079853,8.733912557037621e-05,0.020906908985985555,9.129897068553336e-05,0.2595550494862943,0.25955465589502336,2808
1.3717795495360272,0.002414927608181045,8.733544404417598e-05,0.02090689738680391,9.12990681317645e-05,0.2595550545854937,0.25955466107956554,2809
1.3717792791920962,0.002414713213774145,8.733178463040574e-05,0.020906885855707193,9.129916499169057e-05,0.25955505965401005,0.25955466623289697,2810
1.3717790104777619,0.002414500112523751,8.732814722221542e-05,0.020906874392387306,9.129926126819077e-05,0.259555064691994,0.25955467135517085,2811
1.3717787433850501,0.002414288298090976,8.732453171267943e-05,0.020906862996535512,9.129935696410614e-05,0.25955506969959435,0.25955467644653873,2812
1.3717784779059832,0.002414077764133464,8.732093799479723e-05,0.020906851667842497,9.129945208228938e-05,0.2595550746769604,0.2595546815071528,2813
1.371778214032578,0.00241386850430528,8.731736596149169e-05,0.020906840405998363,9.129954662560277e-05,0.2595550796242419,0.25955468653716535,2814
1.3717779517568465,0.0024136605122568665,8.731381550560919e-05,0.020906829210692618,9.129964059690328e-05,0.2595550845415885,0.25955469153672905,2815
1.3717776910707968,0.0024134537816350083,8.731028651991737e-05,0.020906818081614174,9.12997339990479e-05,0.2595550894291497,0.2595546965059958,2816
1.3717774319664306,0.0024132483060827314,8.730677889710525e-05,0.020906807018451365,9.129982683489998e-05,0.25955509428707535,0.2595547014451185,2817
1.3717771744357456,0.0024130440792392827,8.730329252978302e-05,0.020906796020891898,9.129991910731655e-05,0.25955509911551505,0.2595547063542494,2818
1.371776918470735,0.002412841094740048,8.729982731047771e-05,0.02090678508862292,9.130001081915992e-05,0.2595551039146186,0.25955471123354085,2819
1.3717766640633848,0.002412639346216495,8.729638313163761e-05,0.020906774221330963,9.130010197330093e-05,0.2595551086845363,0.2595547160831461,2820
1.3717764112056774,0.0024124388272961372,8.729295988562806e-05,0.020906763418701974,9.130019257260616e-05,0.25955511342541815,0.2595547209032179,2821
1.3717761598895895,0.002412239531602447,8.728955746473136e-05,0.020906752680421258,9.130028261993795e-05,0.259555118137414,0.25955472569390875,2822
1.3717759101070928,0.002412041452754839,8.728617576114392e-05,0.020906742006173606,9.130037211818628e-05,0.2595551228206751,0.2595547304553726,2823
1.3717756618501526,0.0024118445843685572,8.728281466698018e-05,0.020906731395643145,9.130046107022624e-05,0.259555127475352,0.25955473518776273,2824
1.37177541511073,0.0024116489200546863,8.727947407426345e-05,0.020906720848513458,9.130054947891279e-05,0.25955513210159403,0.25955473989123123,2825
1.3717751698807785,0.002411454453420024,8.727615387493571e-05,0.020906710364467503,9.130063734713593e-05,0.25955513669955255,0.25955474456593236,2826
1.371774926152248,0.002411261178067085,8.727285396084842e-05,0.020906699943187654,9.130072467777822e-05,0.2595551412693784,0.25955474921201943,2827
1.3717746839170821,0.0024110690875939994,8.726957422376422e-05,0.020906689584355646,9.130081147370313e-05,0.25955514581122147,0.25955475382964527,2828
1.371774443167218,0.0024108781755944916,8.726631455535782e-05,0.020906679287652677,9.13008977378134e-05,0.2595551503252337,0.2595547584189644,2829
1.371774203894588,0.002410688435657809,8.726307484721453e-05,0.020906669052759314,9.13009834729959e-05,0.25955515481156616,0.25955476298013064,2830
1.371773966091117,0.0024104998613686556,8.725985499082603e-05,0.020906658879355493,9.130106868213108e-05,0.25955515927036965,0.2595547675132976,2831
1.3717737297487258,0.002410312446307179,8.72566548775928e-05,0.02090664876712065,9.130115336811748e-05,0.2595551637017959,0.25955477201861954,2832
1.3717734948593274,0.0024101261840488446,8.72534743988238e-05,0.02090663871573354,9.130123753384516e-05,0.2595551681059961,0.2595547764962507,2833
1.3717732614148297,0.0024099410681644676,8.725031344573197e-05,0.02090662872487237,9.130132118220418e-05,0.2595551724831216,0.25955478094634493,2834
1.3717730294071344,0.002409757092220081,8.724717190943836e-05,0.020906618794214724,9.130140431609628e-05,0.25955517683332424,0.25955478536905685,2835
1.3717727988281367,0.002409574249776924,8.724404968096611e-05,0.020906608923437552,9.130148693841366e-05,0.2595551811567554,0.25955478976454044,2836
1.3717725696697256,0.00240939253439137,8.724094665124577e-05,0.020906599112217265,9.130156905206975e-05,0.2595551854535676,0.259554794132951,2837
1.3717723419237828,0.0024092119396149016,8.723786271110684e-05,0.020906589360229617,9.130165065995677e-05,0.25955518972391217,0.2595547984744428,2838
1.3717721155821847,0.0024090324589940196,8.723479775128454e-05,0.020906579667149816,9.130173176498818e-05,0.25955519396794163,0.25955480278917087,2839
1.3717718906368008,0.0024088540860702033,8.723175166241314e-05,0.02090657003265243,9.13018123700721e-05,0.2595551981858082,0.2595548070772901,2840
1.3717716670794944,0.0024086768143798745,8.722872433502844e-05,0.02090656045641145,9.130189247812204e-05,0.25955520237766433,0.25955481133895586,2841
1.3717714449021208,0.0024085006374543207,8.722571565956714e-05,0.020906550938100274,9.130197209205571e-05,0.25955520654366276,0.25955481557432347,2842
1.3717712240965305,0.002408325548819665,8.722272552636192e-05,0.02090654147739168,9.130205121477915e-05,0.2595552106839556,0.2595548197835477,2843
1.3717710046545655,0.0024081515419967876,8.721975382564452e-05,0.02090653207395786,9.130212984921116e-05,0.2595552147986956,0.25955482396678425,2844
1.371770786568062,0.0024079786105012935,8.721680044754681e-05,0.020906522727470372,9.130220799828118e-05,0.25955521888803607,0.25955482812418895,2845
1.3717705698288492,0.00240780674784344,8.721386528209403e-05,0.02090651343760021,9.130228566490695e-05,0.25955522295212974,0.25955483225591724,2846
1.371770354428748,0.00240763594752813,8.721094821920883e-05,0.020906504204017764,9.130236285201154e-05,0.2595552269911296,0.259554836362125,2847
1.3717701403595746,0.002407466203054799,8.720804914870789e-05,0.02090649502639277,9.130243956252544e-05,0.259555231005189,0.25955484044296817,2848
1.3717699276131359,0.0024072975079174118,8.720516796030458e-05,0.020906485904394412,9.130251579938767e-05,0.2595552349944618,0.25955484449860333,2849
1.371769716181233,0.002407129855604388,8.720230454360088e-05,0.02090647683769126,9.130259156552556e-05,0.2595552389591012,0.2595548485291864,2850
1.3717695060556594,0.002406963239598565,8.719945878809697e-05,0.020906467825951285,9.130266686388341e-05,0.2595552428992613,0.2595548525348742,2851
1.3717692972282007,0.0024067976533771254,8.71966305831808e-05,0.02090645886884182,9.130274169738544e-05,0.2595552468150951,0.25955485651582255,2852
1.371769089690636,0.002406633090411582,8.719381981813249e-05,0.02090644996602965,9.130281606898336e-05,0.25955525070675717,0.2595548604721886,2853
1.371768883434737,0.0024064695441676936,8.719102638212348e-05,0.02090644111718095,9.13028899816226e-05,0.2595552545744016,0.25955486440412917,2854
1.371768678452267,0.002406307008105428,8.718825016421295e-05,0.020906432321961245,9.130296343824222e-05,0.2595552584181822,0.25955486831180097,2855
1.371768474734982,0.002406145475678924,8.718549105335104e-05,0.020906423580035475,9.130303644179717e-05,0.2595552622382537,0.2595548721953612,2856
1.371768272274632,0.002405984940336413,8.718274893837609e-05,0.020906414891067968,9.130310899524457e-05,0.2595552660347708,0.25955487605496735,2857
1.3717680710629567,0.0024058253955202037,8.718002370801223e-05,0.020906406254722475,9.130318110154151e-05,0.2595552698078883,0.259554879890777,2858
1.3717678710916903,0.0024056668346666187,8.717731525086961e-05,0.020906397670662123,9.130325276363767e-05,0.25955527355776054,0.25955488370294727,2859
1.371767672352558,0.0024055092512059355,8.717462345544614e-05,0.020906389138549416,9.130332398449551e-05,0.2595552772845426,0.25955488749163586,2860
1.371767474837278,0.0024053526385623557,8.717194821012272e-05,0.020906380658046286,9.130339476707639e-05,0.2595552809883894,0.2595548912570004,2861
1.3717672785375592,0.0024051969901539402,8.716928940316753e-05,0.020906372228814057,9.13034651143523e-05,0.2595552846694566,0.2595548949991992,2862
1.3717670834451041,0.002405042299392568,8.716664692272971e-05,0.020906363850513397,9.130353502929629e-05,0.2595552883278997,0.25955489871839066,2863
1.3717668895516062,0.0024048885596839186,8.716402065684365e-05,0.020906355522804433,9.130360451487826e-05,0.25955529196387417,0.2595549024147329,2864
1.3717666968487512,0.0024047357644273594,8.716141049342169e-05,0.02090634724534664,9.130367357405855e-05,0.25955529557753493,0.2595549060883836,2865
1.3717665053282173,0.0024045839070159507,8.715881632026515e-05,0.020906339017798873,9.130374220984314e-05,0.2595552991690393,0.2595549097395026,2866
1.3717663149816737,0.0024044329808363897,8.715623802504824e-05,0.020906330839819433,9.130381042519766e-05,0.2595553027385425,0.25955491336824804,2867
1.3717661258007812,0.0024042829792689574,8.7153675495331e-05,0.02090632271106598,9.130387822311752e-05,0.25955530628620127,0.25955491697477945,2868
1.3717659377771934,0.0024041338956874558,8.715112861854834e-05,0.02090631463119557,9.130394560657368e-05,0.2595553098121711,0.2595549205592548,2869
1.371765750902554,0.0024039857234591988,8.714859728201727e-05,0.020906306599864668,9.130401257856791e-05,0.25955531331660914,0.259554924121834,2870
1.3717655651684992,0.002403838455944955,8.714608137292989e-05,0.020906298616729102,9.130407914208288e-05,0.2595553167996714,0.25955492766267607,2871
1.3717653805666572,0.0024036920864988496,8.714358077835965e-05,0.02090629068144407,9.130414530012988e-05,0.25955532026151557,0.2595549311819412,2872
1.3717651970886464,0.002403546608468418,8.714109538525162e-05,0.020906282793664226,9.130421105569163e-05,0.25955532370229767,0.25955493467978813,2873
1.3717650147260776,0.002403402015194458,8.713862508043189e-05,0.020906274953043535,9.130427641178898e-05,0.2595553271221758,0.25955493815637776,2874
1.371764833470553,0.0024032583000110617,8.71361697505987e-05,0.02090626715923543,9.130434137141949e-05,0.2595553305213069,0.25955494161186965,2875
1.371764653313665,0.0024031154562455343,8.713372928232577e-05,0.020906259411892666,9.130440593759554e-05,0.2595553338998486,0.25955494504642423,2876
1.3717644742469985,0.0024029734772183617,8.713130356205973e-05,0.02090625171066745,9.130447011332852e-05,0.25955533725795843,0.25955494846020183,2877
1.371764296262129,0.0024028323562431527,8.712889247612081e-05,0.020906244055211333,9.130453390162977e-05,0.25955534059579405,0.25955495185336275,2878
1.3717641193506231,0.0024026920866266144,8.712649591070172e-05,0.020906236445175287,9.130459730552444e-05,0.25955534391351376,0.25955495522606803,2879
1.371763943504039,0.0024025526616684996,8.712411375186963e-05,0.020906228880209647,9.130466032803238e-05,0.2595553472112756,0.25955495857847843,2880
1.3717637687139248,0.002402414074661557,8.712174588555908e-05,0.02090622135996413,9.130472297217666e-05,0.2595553504892378,0.259554961910755,2881
1.371763594971821,0.002402276318891507,8.711939219757702e-05,0.020906213884087865,9.130478524097929e-05,0.25955535374755845,0.2595549652230585,2882
1.3717634222692583,0.002402139387636952,8.71170525736009e-05,0.02090620645222935,9.130484713748767e-05,0.2595553569863971,0.25955496851555115,2883
1.3717632505977575,0.00240200327416942,8.711472689917774e-05,0.020906199064036467,9.130490866472493e-05,0.2595553602059119,0.25955497178839404,2884
1.3717630799488325,0.0024018679717532254,8.711241505972219e-05,0.020906191719156485,9.130496982574274e-05,0.2595553634062626,0.2595549750417494,2885
1.3717629103139857,0.0024017334736454953,8.711011694051735e-05,0.020906184417236077,9.130503062356951e-05,0.2595553665876077,0.25955497827577856,2886
1.371762741684711,0.0024015997730961144,8.710783242671281e-05,0.02090617715792131,9.130509106125272e-05,0.2595553697501066,0.25955498149064377,2887
1.3717625740524928,0.0024014668633476504,8.710556140332861e-05,0.02090616994085758,9.130515114185365e-05,0.2595553728939196,0.259554984686508,2888
1.3717624074088073,0.002401334737635346,8.710330375524632e-05,0.020906162765689743,9.130521086841237e-05,0.25955537601920575,0.2595549878635329,2889
1.371762241745119,0.0024012033891870946,8.710105936721475e-05,0.02090615563206202,9.130527024398487e-05,0.259555379126125,0.25955499102188145,2890
1.3717620770528849,0.0024010728112233283,8.709882812384903e-05,0.020906148539617968,9.130532927162928e-05,0.2595553822148373,0.2595549941617163,2891
1.371761913323552,0.0024009429969570678,8.709660990962817e-05,0.020906141488000553,9.130538795441539e-05,0.2595553852855034,0.25955499728320075,2892
1.371761750548557,0.0024008139395938124,8.709440460889369e-05,0.02090613447685217,9.130544629540345e-05,0.25955538833828345,0.25955500038649776,2893
1.3717615887193286,0.0024006856323315383,8.709221210585251e-05,0.020906127505814533,9.130550429766537e-05,0.25955539137333816,0.2595550034717707,2894
1.3717614278272836,0.002400558068360641,8.709003228457292e-05,0.020906120574528758,9.130556196427417e-05,0.25955539439082836,0.2595550065391834,2895
1.3717612678638302,0.0024004312408639054,8.708786502898356e-05,0.02090611368263537,9.130561929829859e-05,0.25955539739091466,0.2595550095888991,2896
1.3717611088203674,0.0024003051430164834,8.708571022287854e-05,0.020906106829774264,9.130567630283393e-05,0.259555400373759,0.2595550126210825,2897
1.3717609506882837,0.0024001797679857983,8.708356774991005e-05,0.020906100015584718,9.130573298095956e-05,0.2595554033395226,0.25955501563589745,2898
1.3717607934589577,0.0024000551089315945,8.708143749358916e-05,0.02090609323970538,9.130578933575696e-05,0.25955540628836665,0.2595550186335081,2899
1.371760637123758,0.0023999311590058056,8.707931933729001e-05,0.02090608650177431,9.130584537031404e-05,0.2595554092204528,0.25955502161407873,2900
1.3717604816740436,0.0023998079113525944,8.70772131642446e-05,0.020906079801428914,9.130590108773457e-05,0.2595554121359434,0.2595550245777746,2901
1.3717603271011642,0.0023996853591082565,8.707511885754315e-05,0.02090607313830596,9.130595649110539e-05,0.25955541503500007,0.2595550275247598,2902
1.3717601733964577,0.002399563495401227,8.707303630013439e-05,0.020906066512041674,9.130601158353984e-05,0.2595554179177857,0.2595550304552001,2903
1.3717600205512528,0.0023994423133520348,8.707096537482516e-05,0.0209060599222716,9.130606636814066e-05,0.25955542078446264,0.2595550333692609,2904
1.3717598685568684,0.002399321806073222,8.706890596427826e-05,0.020906053368630682,9.130612084802124e-05,0.25955542363519385,0.25955503626710763,2905
1.3717597174046128,0.0023992019666694113,8.706685795101199e-05,0.020906046850753267,9.130617502627795e-05,0.25955542647014135,0.2595550391489052,2906
1.3717595670857843,0.0023990827882371373,8.706482121740315e-05,0.020906040368273024,9.130622890604857e-05,0.25955542928946934,0.2595550420148205,2907
1.371759417591671,0.002398964263864905,8.706279564568328e-05,0.020906033920823068,9.130628249044435e-05,0.25955543209334064,0.25955504486501907,2908
1.3717592689135498,0.0023988463866331288,8.706078111793608e-05,0.020906027508035847,9.130633578258398e-05,0.25955543488191846,0.25955504769966703,2909
1.3717591210426892,0.0023987291496140838,8.705877751610181e-05,0.020906021129543192,9.13063887855936e-05,0.25955543765536637,0.25955505051893063,2910
1.3717589739703446,0.002398612545871899,8.705678472197702e-05,0.020906014784976338,9.130644150262264e-05,0.2595554404138492,0.2595550533229776,2911
1.3717588276877632,0.0023984965684624962,8.705480261720617e-05,0.020906008473965856,9.130649393678875e-05,0.2595554431575301,0.25955505611197377,2912
1.3717586821861814,0.0023983812104335775,8.705283108328968e-05,0.020906002196141766,9.130654609123398e-05,0.2595554458865735,0.25955505888608627,2913
1.3717585374568235,0.0023982664648245634,8.705087000158171e-05,0.020905995951133367,9.13065979691163e-05,0.2595554486011446,0.2595550616454833,2914
1.3717583934909048,0.002398152324666605,8.704891925328414e-05,0.020905989738569435,9.130664957355973e-05,0.25955545130140695,0.2595550643903311,2915
1.37175825027963,0.0023980387829824965,8.704697871945495e-05,0.020905983558078045,9.130670090774132e-05,0.2595554539875268,0.2595550671207985,2916
1.3717581078141923,0.002397925832786691,8.704504828099929e-05,0.020905977409286694,9.130675197479468e-05,0.25955545665966806,0.25955506983705257,2917
1.3717579660857742,0.0023978134670852433,8.704312781867391e-05,0.02090597129182224,9.130680277789156e-05,0.2595554593179968,0.2595550725392619,2918
1.3717578250855484,0.0023977016788757693,8.704121721308513e-05,0.020905965205310902,9.130685332018465e-05,0.2595554619626779,0.2595550752275944,2919
1.3717576848046766,0.002397590461147453,8.703931634468986e-05,0.02090595914937833,9.130690360485317e-05,0.25955546459387785,0.25955507790221904,2920
1.371757545234309,0.0023974798068809723,8.703742509379113e-05,0.02090595312364951,9.130695363505086e-05,0.2595554672117616,0.2595550805633038,2921
1.3717574063655857,0.0023973697090484847,8.703554334054444e-05,0.02090594712774876,9.130700341395694e-05,0.2595554698164955,0.2595550832110177,2922
1.3717572681896355,0.002397260160613586,8.703367096495068e-05,0.02090594116129984,9.130705294475702e-05,0.25955547240824633,0.2595550858455304,2923
1.371757130697576,0.0023971511545313345,8.703180784685893e-05,0.020905935223925844,9.13071022306324e-05,0.2595554749871805,0.2595550884670112,2924
1.3717569938805152,0.002397042683748134,8.702995386596732e-05,0.020905929315249278,9.130715127476768e-05,0.2595554775534647,0.2595550910756293,2925
1.3717568577295483,0.0023969347412017687,8.702810890181758e-05,0.020905923434891983,9.130720008035372e-05,0.25955548010726587,0.25955509367155477,2926
1.3717567222357605,0.0023968273198213515,8.702627283379788e-05,0.020905917582475193,9.130724865057933e-05,0.2595554826487509,0.25955509625495715,2927
1.3717565873902267,0.0023967204125272994,8.702444554114575e-05,0.020905911757619515,9.13072969886577e-05,0.2595554851780879,0.25955509882600736,2928
1.3717564531840083,0.0023966140122312937,8.702262690294067e-05,0.020905905959944928,9.130734509777231e-05,0.2595554876954435,0.259555101384875,2929
1.3717563196081584,0.002396508111836281,8.702081679810886e-05,0.020905900189070774,9.1307392981147e-05,0.2595554902009864,0.2595551039317313,2930
1.3717561866537167,0.002396402704236407,8.70190151054204e-05,0.020905894444615786,9.130744064198115e-05,0.259555492694884,0.25955510646674673,2931
1.3717560543117133,0.002396297782317012,8.70172217034898e-05,0.020905888726198057,9.130748808349224e-05,0.25955549517730464,0.25955510899009243,2932
1.3717559225731668,0.0023961933389546036,8.70154364707757e-05,0.020905883033435036,9.130753530890514e-05,0.2595554976484171,0.25955511150193983,2933
1.3717557914290832,0.0023960893670168207,8.701365928557924e-05,0.02090587736594355,9.130758232143308e-05,0.25955550010838957,0.25955511400246006,2934
1.3717556608704584,0.002395985859362423,8.701189002604653e-05,0.020905871723339815,9.130762912430942e-05,0.2595555025573912,0.25955511649182506,2935
1.371755530888277,0.002395882808841232,8.7010128570164e-05,0.020905866105239413,9.130767572076226e-05,0.2595555049955909,0.2595551189702067,2936
1.3717554014735118,0.002395780208294162,8.700837479576138e-05,0.020905860511257295,9.130772211403134e-05,0.2595555074231582,0.25955512143777726,2937
1.3717552726171245,0.002395678050553118,8.700662858051095e-05,0.020905854941007735,9.130776830735219e-05,0.25955550984026243,0.2595551238947089,2938
1.3717551443100653,0.002395576328441053,8.700488980192632e-05,0.02090584939410446,9.130781430396985e-05,0.2595555122470734,0.2595551263411742,2939
1.3717550165432733,0.002395475034771879,8.700315833736078e-05,0.020905843870160506,9.130786010713045e-05,0.259555514643761,0.25955512877734593,2940
1.371754889307675,0.002395374162350465,8.700143406400997e-05,0.020905838368788284,9.130790572009606e-05,0.25955551703049584,0.2595551312033977,2941
1.3717547625941866,0.0023952737039726352,8.69997168589094e-05,0.02090583288959961,9.130795114611174e-05,0.2595555194074478,0.259555133619502,2942
1.3717546363937123,0.002395173652425105,8.699800659893504e-05,0.020905827432205596,9.130799638844274e-05,0.25955552177478775,0.2595551360258327,2943
1.3717545106971447,0.002395074000485497,8.699630316080202e-05,0.020905821996216805,9.130804145035004e-05,0.2595555241326863,0.25955513842256317,2944
1.371754385495365,0.002394974740922289,8.69946064210659e-05,0.020905816581243124,9.130808633511375e-05,0.2595555264813151,0.25955514080986797,2945
1.3717542607792428,0.002394875866494802,8.699291625611847e-05,0.020905811186893816,9.130813104598744e-05,0.2595555288208444,0.2595551431879202,2946
1.3717541365396355,0.002394777369953177,8.699123254219613e-05,0.02090580581277749,9.130817558626712e-05,0.25955553115144664,0.25955514555689524,2947
1.3717540127673895,0.0023946792440383575,8.698955515536691e-05,0.020905800458502145,9.130821995922869e-05,0.2595555334732933,0.25955514791696727,2948
1.3717538894533394,0.002394581481482076,8.69878839715426e-05,0.02090579512367514,9.130826416815328e-05,0.25955553578655605,0.2595551502683109,2949
1.3717537665883075,0.0023944840750068004,8.698621886646957e-05,0.0209057898079032,9.13083082163433e-05,0.2595555380914077,0.2595551526111018,2950
1.3717536441631053,0.002394387017325766,8.69845597157328e-05,0.02090578451079241,9.130835210708206e-05,0.25955554038802003,0.25955515494551457,2951
1.3717535221685313,0.0023942903011428883,8.698290639475428e-05,0.020905779231948217,9.130839584367407e-05,0.259555542676566,0.2595551572717252,2952
1.3717534005953733,0.002394193919152813,8.698125877879307e-05,0.020905773970975438,9.130843942941644e-05,0.2595555449572181,0.25955515958990893,2953
1.3717532794344074,0.0023940978640408397,8.697961674294574e-05,0.020905768727478253,9.130848286762536e-05,0.2595555472301499,0.2595551619002422,2954
1.3717531586763967,0.00239400212848295,8.697798016214614e-05,0.02090576350106018,9.13085261616181e-05,0.25955554949553494,0.2595551642029014,2955
1.371753038312093,0.0023939067051457446,8.69763489111592e-05,0.02090575829132416,9.130856931469177e-05,0.2595555517535458,0.25955516649806215,2956
1.3717529183322368,0.002393811586686474,8.697472286459073e-05,0.02090575309787246,9.130861233018168e-05,0.2595555540043569,0.25955516878590174,2957
1.371752798727556,0.002393716765752958,8.697310189688135e-05,0.020905747920306705,9.130865521141357e-05,0.2595555562481424,0.259555171066597,2958
1.3717526794887664,0.002393622234983644,8.697148588230599e-05,0.0209057427582279,9.130869796171003e-05,0.2595555584850761,0.2595551733403248,2959
1.371752560606573,0.0023935279870075108,8.696987469497483e-05,0.02090573761123639,9.130874058440641e-05,0.25955556071533253,0.25955517560726243,2960
1.3717524420716671,0.002393434014444125,8.696826820883394e-05,0.020905732478931887,9.130878308284222e-05,0.25955556293908644,0.2595551778675877,2961
1.3717523238747296,0.002393340309903569,8.69666662976628e-05,0.020905727360913482,9.130882546035495e-05,0.25955556515651246,0.2595551801214781,2962
1.3717522060064289,0.002393246865986459,8.696506883507628e-05,0.02090572225677962,9.130886772030112e-05,0.25955556736778623,0.25955518236911207,2963
1.3717520884574201,0.0023931536752839146,8.696347569452369e-05,0.02090571716612808,9.130890986602985e-05,0.259555569573083,0.2595551846106679,2964
1.3717519712183486,0.002393060730377551,8.69618867492887e-05,0.02090571208855602,9.130895190090193e-05,0.25955557177257865,0.2595551868463243,2965
1.3717518542798455,0.0023929680238394526,8.69603018724852e-05,0.020905707023659962,9.130899382826014e-05,0.25955557396644807,0.25955518907625913,2966
1.3717517376325317,0.0023928755482321915,8.695872093706694e-05,0.0209057019710358,9.130903565149497e-05,0.2595555761548687,0.2595551913006526,2967
1.3717516212670147,0.0023927832961087524,8.695714381581497e-05,0.020905696930278723,9.130907737395662e-05,0.2595555783380158,0.25955519351968304,2968
1.37175150517389,0.002392691260012593,8.695557038134746e-05,0.020905691900983393,9.130911899902182e-05,0.2595555805160661,0.2595551957335301,2969
1.371751389343742,0.002392599432477578,8.69540005061139e-05,0.020905686882743715,9.130916053007258e-05,0.25955558268919654,0.2595551979423735,2970
1.371751273767142,0.0023925078060279886,8.695243406239644e-05,0.020905681875153022,9.130920197048457e-05,0.2595555848575838,0.2595552001463929,2971
1.3717511584346491,0.002392416373178507,8.695087092231205e-05,0.02090567687780399,9.130924332365363e-05,0.2595555870214055,0.2595552023457689,2972
1.3717510433368103,0.002392325126434204,8.694931095780833e-05,0.020905671890288628,9.13092845929692e-05,0.2595555891808391,0.2595552045406819,2973
1.3717509284641611,0.002392234058290516,8.694775404066493e-05,0.020905666912198317,9.130932578182608e-05,0.25955559133606215,0.2595552067313124,2974
1.3717508138072247,0.0023921431612332835,8.694620004249631e-05,0.020905661943123786,9.130936689362537e-05,0.25955559348725266,0.2595552089178411,2975
1.3717506993565103,0.0023920524277386526,8.694464883474633e-05,0.020905656982655133,9.130940793176613e-05,0.25955559563458847,0.2595552111004492,2976
1.3717505851025178,0.0023919618502731546,8.69431002886938e-05,0.02090565203038179,9.1309448899676e-05,0.25955559777824894,0.2595552132793187,2977
1.3717504710357324,0.002391871421293645,8.694155427544497e-05,0.020905647085892577,9.13094898007551e-05,0.259555599918412,0.2595552154546305,2978
1.3717503571466283,0.0023917811332473137,8.694001066594049e-05,0.020905642148775643,9.130953063841623e-05,0.2595556020552562,0.25955521762656625,2979
1.3717502434256672,0.0023916909785716583,8.69384693309549e-05,0.020905637218618486,9.130957141610191e-05,0.2595556041889617,0.2595552197953089,2980
1.3717501298632984,0.0023916009496945277,8.693693014108897e-05,0.020905632295007994,9.13096121372218e-05,0.25955560631970687,0.2595552219610399,2981
1.3717500164499592,0.0023915110390340232,8.693539296677905e-05,0.020905627377530364,9.130965280520996e-05,0.25955560844767145,0.25955522412394183,2982
1.3717499031760738,0.002391421238998586,8.693385767829044e-05,0.020905622465771195,9.13096934235089e-05,0.25955561057303556,0.2595552262841979,2983
1.3717497900320557,0.002391331541986936,8.69323241457225e-05,0.020905617559315387,9.130973399556118e-05,0.2595556126959793,0.259555228441991,2984
1.3717496770083044,0.00239124194038807,8.69307922390025e-05,0.02090561265774722,9.130977452481359e-05,0.2595556148166831,0.25955523059750474,2985
1.3717495640952087,0.002391152426581268,8.692926182789105e-05,0.020905607760650313,9.130981501470868e-05,0.259555616935327,0.2595552327509219,2986
1.3717494512831432,0.0023910629929361064,8.692773278197753e-05,0.020905602867607637,9.130985546870385e-05,0.259555619052092,0.2595552349024266,2987
1.3717493385624715,0.0023909736318124047,8.6926204970687e-05,0.02090559797820152,9.130989589027135e-05,0.25955562116715974,0.2595552370522034,2988
1.3717492259235446,0.0023908843355602695,8.692467826326713e-05,0.02090559309201367,9.130993628285271e-05,0.2595556232807103,0.2595552392004355,2989
1.3717491133567017,0.0023907950965200413,8.692315252880437e-05,0.020905588208625064,9.130997664992227e-05,0.2595556253929255,0.25955524134730745,2990
1.3717490008522684,0.002390705907022369,8.692162763621381e-05,0.020905583327616124,9.13100169949693e-05,0.25955562750398786,0.259555243493005,2991
1.3717488884005595,0.002390616759388088,8.692010345424012e-05,0.020905578448566536,9.131005732146077e-05,0.25955562961407885,0.2595552456377124,2992
1.3717487759918758,0.0023905276459283663,8.691857985145763e-05,0.020905573571055405,9.131009763287637e-05,0.25955563172338053,0.2595552477816149,2993
1.3717486636165075,0.0023904385589445577,8.691705669627348e-05,0.020905568694661123,9.131013793270855e-05,0.25955563383207564,0.2595552499248979,2994
1.3717485512647305,0.002390349490728313,8.691553385692632e-05,0.020905563818961487,9.131017822443912e-05,0.25955563594034636,0.25955525206774704,2995
1.3717484389268106,0.002390260433561501,8.691401120148324e-05,0.020905558943533593,9.131021851157433e-05,0.25955563804837617,0.2595552542103485,2996
1.3717483265929995,0.002390171379716253,8.691248859784336e-05,0.020905554067953927,9.131025879760873e-05,0.2595556401563479,0.25955525635288806,2997
1.3717482142535378,0.002390082321454959,8.691096591373534e-05,0.020905549191798302,9.131029908604326e-05,0.2595556422644448,0.2595552584955521,2998
1.3717481018986517,0.002389993251030235,8.690944301672144e-05,0.020905544314641852,9.131033938040115e-05,0.2595556443728511,0.259555260638528,2999
1.3717479895185576,0.0023899041606849744,8.690791977419095e-05,0.02090553943605911,9.131037968417907e-05,0.2595556464817499,0.25955526278200164,3000
