case,epoch,total,pde,bc,diss,ctrl,energy,var
mx4_mt3,2501,1.3766074409620397,0.00677949407389,0.000172532414939,0.0045123882059141,8.912353981576135e-05,0.2594405264586124,0.2594404254666367
mx4_mt3,2502,1.3766063519366958,0.0067786588085766,0.0001725152521052,0.0045125012153235,8.912393517274504e-05,0.2594405473979396,0.2594404464923422
mx4_mt3,2503,1.3766052665932282,0.0067778264213517,0.0001724981431946,0.0045126138860002,8.912432794410122e-05,0.259440568200278,0.2594404673807994
mx4_mt3,2504,1.376604184924772,0.0067769969202766,0.0001724810869928,0.0045127262204265,8.91247173516119e-05,0.2594405888244119,0.2594404880908051
mx4_mt3,2505,1.3766031069244675,0.0067761702742932,0.0001724640855275,0.004512838214845,8.912510487467383e-05,0.2594406093486953,0.2594405087006899
mx4_mt3,2506,1.3766020325854649,0.0067753464447033,0.0001724471414577,0.0045129498642995,8.912549242598661e-05,0.2594406298744303,0.259440529311725
mx4_mt3,2507,1.376600961900918,0.0067745254211977,0.0001724302550888,0.0045130611683813,8.912588027373043e-05,0.2594406504158204,0.2594405499381104
mx4_mt3,2508,1.3765998948639908,0.0067737072237081,0.0001724134242211,0.004513172131507,8.912626694251613e-05,0.2594406708947254,0.2594405705017298
mx4_mt3,2509,1.376598831467852,0.0067728918721022,0.0001723966466629,0.0045132827580679,8.912665096773432e-05,0.2594406912335768,0.2594405909250392
mx4_mt3,2510,1.376597771705678,0.0067720793594031,0.0001723799224487,0.0045133930481561,8.91270324391287e-05,0.2594407114371285,0.2594406112127908
mx4_mt3,2511,1.3765967155706522,0.0067712696562583,0.0001723632534672,0.0045135029982912,8.91274127365619e-05,0.2594407315784616,0.2594406314380439
mx4_mt3,2512,1.3765956630559644,0.006770462738338,0.0001723466411898,0.0045136126058071,8.91277929451648e-05,0.2594407517150471,0.2594406516582525
mx4_mt3,2513,1.3765946141548098,0.0067696586053777,0.0001723300850935,0.0045137218718933,8.912817275856974e-05,0.2594407718306593,0.2594406718571964
mx4_mt3,2514,1.376593568860392,0.0067688572730146,0.0001723135833393,0.0045138308002808,8.91285509550598e-05,0.2594407918605941,0.2594406919701915
mx4_mt3,2515,1.3765925271659205,0.0067680587490617,0.0001722971347377,0.004513939393441,8.912892676904076e-05,0.259440811764305,0.259440711956704
mx4_mt3,2516,1.37659148906461,0.0067672630205863,0.0001722807398197,0.0045140476505196,8.912930063451778e-05,0.2594408315647785,0.2594407318397135
mx4_mt3,2517,1.376590454549683,0.0067664700638613,0.00017226440001,0.0045141555689347,8.912967360679082e-05,0.2594408513179051,0.2594407516750941
mx4_mt3,2518,1.3765894236143672,0.0067656798642863,0.0001722481159769,0.0045142631475717,8.913004621140163e-05,0.2594408710515186,0.2594407714906716
mx4_mt3,2519,1.3765883962518972,0.0067648924246901,0.0001722318869449,0.0045143703881126,8.913041796717496e-05,0.2594408907401354,0.2594407912609704
mx4_mt3,2520,1.3765873724555129,0.0067641077548859,0.0001722157115609,0.0045144772933593,8.913078799217606e-05,0.2594409103370478,0.2594408109392976
mx4_mt3,2521,1.3765863522184605,0.0067633258553107,0.0001721995892501,0.004514583864608,8.913115594881214e-05,0.259440929824377,0.2594408305077802
mx4_mt3,2522,1.376585335533992,0.0067625467120598,0.0001721835206263,0.0045146901008518,8.913152232846997e-05,0.2594409492281481,0.2594408499924354
mx4_mt3,2523,1.3765843223953662,0.0067617703070115,0.0001721675066526,0.0045147960004065,8.913188786462093e-05,0.2594409685872065,0.2594408694320975
mx4_mt3,2524,1.376583312795846,0.0067609966310574,0.0001721515475456,0.0045149015630368,8.913225276861715e-05,0.259440987912746,0.2594408888379573
mx4_mt3,2525,1.3765823067287015,0.006760225686761,0.000172135642555,0.0045150067903839,8.913261657783779e-05,0.2594410071802662,0.2594409081855222
mx4_mt3,2526,1.3765813041872073,0.0067594574790137,0.0001721197907385,0.0045151116844646,8.9132978696903e-05,0.2594410263582358,0.2594409274432709
mx4_mt3,2527,1.3765803051646444,0.0067586920044387,0.0001721039918399,0.0045152162459666,8.913333900979559e-05,0.2594410454405111,0.259440946605062
mx4_mt3,2528,1.3765793096542984,0.0067579292502515,0.0001720882463827,0.0045153204740635,8.913369794437652e-05,0.2594410644497523,0.2594409656935491
mx4_mt3,2529,1.3765783176494613,0.0067571692026025,0.0001720725549789,0.0045154243677565,8.913405598939737e-05,0.2594410834118441,0.2594409847346094
mx4_mt3,2530,1.3765773291434296,0.0067564118550265,0.0001720569176288,0.0045155279272356,8.913441320642355e-05,0.2594411023300472,0.2594410037315033
mx4_mt3,2531,1.3765763441295054,0.0067556572086419,0.0001720413337051,0.0045156311539135,8.913476921928414e-05,0.2594411211844401,0.2594410226643157
mx4_mt3,2532,1.3765753626009969,0.0067549052648709,0.0001720258025558,0.0045157340492537,8.913512363530488e-05,0.2594411399542272,0.2594410415122575
mx4_mt3,2533,1.3765743845512146,0.0067541560187005,0.0001720103240625,0.0045158366136841,8.913547643454513e-05,0.2594411586383529,0.2594410602742741
mx4_mt3,2534,1.3765734099734772,0.0067534094590123,0.0001719948986133,0.0045159388466473,8.913582795004856e-05,0.2594411772544555,0.2594410789679987
mx4_mt3,2535,1.3765724388611074,0.0067526655748307,0.0001719795265846,0.0045160407476076,8.913617850637649e-05,0.2594411958197241,0.2594410976106155
mx4_mt3,2536,1.3765714712074315,0.0067519243607224,0.0001719642078938,0.0045161423169233,8.913652810770447e-05,0.2594412143343801,0.2594411162023466
mx4_mt3,2537,1.3765705070057828,0.0067511858162155,0.0001719489420479,0.0045162435557546,8.913687647199005e-05,0.259441232783487,0.2594411347282602
mx4_mt3,2538,1.3765695462494976,0.0067504499405019,0.0001719337285823,0.0045163444652097,8.913722333742178e-05,0.2594412511531799,0.2594411531744962
mx4_mt3,2539,1.376568588931917,0.0067497167280752,0.0001719185674219,0.0045164450456396,8.913756871430304e-05,0.259441269444005,0.2594411715416008
mx4_mt3,2540,1.376567635046389,0.0067489861693806,0.0001719034588277,0.0045165452967407,8.913791284717812e-05,0.2594412876689135,0.2594411898425217
mx4_mt3,2541,1.376566684586262,0.0067482582552651,0.0001718884030273,0.0045166452182734,8.91382559573181e-05,0.259441305839624,0.2594412080889747
mx4_mt3,2542,1.376565737544893,0.0067475329805393,0.0001718733999205,0.0045167448106382,8.913859803691742e-05,0.2594413239557234,0.2594412262805471
mx4_mt3,2543,1.376564793915641,0.006746810343371,0.0001718584491293,0.0045168440747798,8.9138938884393e-05,0.2594413420065366,0.2594412444065675
mx4_mt3,2544,1.3765638536918705,0.0067460903415751,0.0001718435503054,0.0045169430115877,8.913927831908862e-05,0.2594413599824966,0.2594412624574722
mx4_mt3,2545,1.376562916866949,0.0067453729696669,0.0001718287033741,0.0045170416214191,8.9139616351582e-05,0.259441377884164,0.2594412804338219
mx4_mt3,2546,1.3765619834342495,0.0067446582193621,0.0001718139084933,0.004517139904178,8.913995315463984e-05,0.2594413957206887,0.2594412983447645
mx4_mt3,2547,1.3765610533871493,0.0067439460826486,0.0001717991657983,0.0045172378598121,8.914028888548628e-05,0.2594414135003974,0.2594413161986242
mx4_mt3,2548,1.3765601267190282,0.0067432365542561,0.0001717844751979,0.0045173354887127,8.914062354302722e-05,0.2594414312232324,0.2594413339953442
mx4_mt3,2549,1.3765592034232716,0.0067425296312921,0.000171769836404,0.0045174327916573,8.914095698883506e-05,0.2594414488818631,0.2594413517275964
mx4_mt3,2550,1.3765582834932677,0.0067418253107179,0.0001717552491412,0.0045175297694013,8.914128909320859e-05,0.2594414664694214,0.2594413693885151
mx4_mt3,2551,1.376557366922409,0.0067411235872534,0.0001717407133198,0.0045176264223383,8.914161985633216e-05,0.2594414839859172,0.2594413869781108
mx4_mt3,2552,1.3765564537040924,0.0067404244535946,0.0001717262290184,0.004517722750534,8.914194939579568e-05,0.2594415014375784,0.2594414045026098
mx4_mt3,2553,1.3765555438317174,0.00673972790247,0.000171711796313,0.0045178187540593,8.914227782765225e-05,0.2594415188305511,0.2594414219681569
mx4_mt3,2554,1.3765546372986888,0.0067390339284352,0.0001716974151287,0.0045179144332814,8.914260516255194e-05,0.2594415361653998,0.2594414393753168
mx4_mt3,2555,1.3765537340984124,0.0067383425277973,0.0001716830852459,0.0045180097888524,8.914293131008157e-05,0.2594415534373365,0.2594414567193036
mx4_mt3,2556,1.3765528342243003,0.0067376536969581,0.0001716688064372,0.0045181048214411,8.914325617445518e-05,0.2594415706412892,0.2594414739950471
mx4_mt3,2557,1.3765519376697664,0.006736967430866,0.0001716545785959,0.0045181995314818,8.914357974413734e-05,0.2594415877766474,0.2594414912019374
mx4_mt3,2558,1.3765510444282285,0.0067362837229636,0.0001716404017406,0.004518293919165,8.914390209497922e-05,0.2594416048474282,0.2594415083439909
mx4_mt3,2559,1.3765501544931078,0.0067356025665017,0.0001716262759058,0.0045183879846503,8.914422331429497e-05,0.2594416218582558,0.259441525425831
mx4_mt3,2560,1.3765492678578284,0.0067349239558777,0.0001716122010315,0.0045184817282837,8.914454342342464e-05,0.2594416388102609,0.2594415424485883
mx4_mt3,2561,1.376548384515818,0.0067342478867982,0.0001715981769494,0.0045185751506246,8.914486236820107e-05,0.259441655700575,0.2594415594093959
mx4_mt3,2562,1.3765475044605076,0.0067335743552583,0.0001715842034677,0.0045186682522801,8.914518007783268e-05,0.2594416725254497,0.2594415763045068
mx4_mt3,2563,1.3765466276853304,0.0067329033563864,0.0001715702804664,0.004518761033718,8.914549653177372e-05,0.2594416892837973,0.259441593132834
mx4_mt3,2564,1.3765457541837238,0.006732234884193,0.0001715564079186,0.004518853495225,8.914581177437373e-05,0.2594417059779668,0.2594416098967263
mx4_mt3,2565,1.3765448839491272,0.0067315689323383,0.0001715425858266,0.0045189456370316,8.914612587057957e-05,0.2594417226113977,0.2594416265996229
mx4_mt3,2566,1.3765440169749834,0.0067309054951233,0.0001715288141398,0.0045190374594731,8.914643884866679e-05,0.2594417391855879,0.2594416432430214
mx4_mt3,2567,1.3765431532547374,0.0067302445678079,0.0001715150927285,0.0045191289630411,8.91467506816445e-05,0.2594417556991083,0.2594416598254936
mx4_mt3,2568,1.3765422927818374,0.0067295861460581,0.0001715014214296,0.0045192201482943,8.914706131918453e-05,0.259441772149294,0.2594416763443762
mx4_mt3,2569,1.3765414355497347,0.0067289302251061,0.0001714878001163,0.0045193110157218,8.914737073606082e-05,0.2594417885348095,0.2594416927983342
mx4_mt3,2570,1.3765405815518823,0.0067282767993876,0.0001714742287276,0.0045194015656841,8.914767895329072e-05,0.2594418048567681,0.2594417091884813
mx4_mt3,2571,1.3765397307817364,0.0067276258629118,0.0001714607072383,0.0045194917984735,8.91479860168192e-05,0.2594418211176033,0.2594417255172505
mx4_mt3,2572,1.376538883232756,0.0067269774099599,0.0001714472356009,0.0045195817144268,8.914829195723573e-05,0.2594418373189351,0.2594417417862619
mx4_mt3,2573,1.3765380388984008,0.0067263314354723,0.0001714338137135,0.004519671313989,8.914859676728372e-05,0.2594418534603797,0.2594417579951324
mx4_mt3,2574,1.376537197772135,0.0067256879348291,0.0001714204414381,0.0045197605976776,8.914890041438904e-05,0.2594418695402123,0.2594417741421381
mx4_mt3,2575,1.3765363598474238,0.0067250469032853,0.000171407118647,0.0045198495659904,8.914920287326381e-05,0.2594418855570942,0.2594417902259411
mx4_mt3,2576,1.3765355251177351,0.0067244083355788,0.0001713938452557,0.0045199382193425,8.91495041486003e-05,0.2594419015112741,0.2594418062467907
mx4_mt3,2577,1.3765346935765397,0.0067237722260254,0.0001713806212148,0.0045200265580809,8.914980426974178e-05,0.2594419174043063,0.259441822206241
mx4_mt3,2578,1.3765338652173085,0.0067231385689609,0.0001713674464734,0.004520114582557,8.915010326515122e-05,0.2594419332376982,0.2594418381057996
mx4_mt3,2579,1.376533040033516,0.0067225073591187,0.0001713543209479,0.0045202022931876,8.915040114061564e-05,0.2594419490117568,0.2594418539457737
mx4_mt3,2580,1.3765322180186383,0.006721878591632,0.0001713412445217,0.0045202896904554,8.915069787895043e-05,0.2594419647255722,0.2594418697252543
mx4_mt3,2581,1.376531399166154,0.0067212522617057,0.0001713282170727,0.0045203767748559,8.915099345888678e-05,0.2594419803780185,0.2594418854431163
mx4_mt3,2582,1.3765305834695425,0.0067206283642682,0.0001713152385015,0.0045204635468405,8.915128787521637e-05,0.2594419959688201,0.2594419010990846
mx4_mt3,2583,1.3765297709222857,0.0067200068938952,0.0001713023087381,0.0045205500068043,8.915158114323401e-05,0.2594420114987874,0.2594419166939699
mx4_mt3,2584,1.3765289615178662,0.0067193878450366,0.0001712894277234,0.0045206361551229,8.91518732857613e-05,0.2594420269691291,0.259441932228981
mx4_mt3,2585,1.3765281552497697,0.0067187712123221,0.0001712765953832,0.0045207219922021,8.915216431549154e-05,0.2594420423805176,0.2594419477047908
mx4_mt3,2586,1.3765273521114836,0.0067181569906869,0.0001712638116184,0.0045208075184984,8.915245422767685e-05,0.2594420577327019,0.2594419631211485
mx4_mt3,2587,1.3765265520964958,0.0067175451752348,0.0001712510763159,0.0045208927344967,8.915274300788638e-05,0.2594420730249181,0.2594419784772909
mx4_mt3,2588,1.376525755198295,0.0067169357609825,0.0001712383893701,0.0045209776406688,8.915303064680171e-05,0.259442088256673,0.2594419937727258
mx4_mt3,2589,1.3765249614103732,0.0067163287427057,0.0001712257506954,0.0045210622374485,8.91533171491e-05,0.2594421034282145,0.2594420090077014
mx4_mt3,2590,1.3765241707262232,0.0067157241150004,0.0001712131602212,0.0045211465252411,8.915360253001781e-05,0.2594421185403498,0.259442024183025
mx4_mt3,2591,1.3765233831393382,0.0067151218724834,0.0001712006178752,0.0045212305044566,8.915388680375198e-05,0.259442133593831,0.2594420392994491
mx4_mt3,2592,1.3765225986432137,0.0067145220099554,0.0001711881235702,0.0045213141755358,8.915416997416539e-05,0.2594421485888629,0.2594420543571789
mx4_mt3,2593,1.3765218172313456,0.0067139245223989,0.000171175677204,0.0045213975389502,8.915445203469573e-05,0.2594421635250982,0.2594420693558678
mx4_mt3,2594,1.3765210388972315,0.0067133294048346,0.0001711632786712,0.0045214805951788,8.91547329766715e-05,0.2594421784020781,0.2594420842950574
mx4_mt3,2595,1.3765202636343696,0.0067127366521649,0.0001711509278765,0.0045215633446822,8.9155012798299e-05,0.2594421932197079,0.2594420991746536
mx4_mt3,2596,1.376519491436259,0.0067121462591313,0.0001711386247379,0.004521645787896,8.915529150717208e-05,0.25944220797839,0.2594421139950593
mx4_mt3,2597,1.376518722296402,0.0067115582204052,0.0001711263691792,0.0045217279252456,8.915556911507883e-05,0.2594422226787488,0.259442128756899
mx4_mt3,2598,1.376517956208297,0.0067109725307249,0.0001711141611189,0.0045218097571683,8.915584563014682e-05,0.2594422373212151,0.2594421434606042
mx4_mt3,2599,1.3765171931654476,0.0067103891849656,0.0001711020004642,0.0045218912841248,8.915612105273789e-05,0.2594422519058081,0.2594421581061944
mx4_mt3,2600,1.3765164331613566,0.0067098081780965,0.0001710898871146,0.0045219725065923,8.915639537790946e-05,0.2594422664322666,0.2594421726934088
mx4_mt3,2601,1.3765156761895274,0.0067092295050709,0.0001710778209711,0.0045220534250466,8.915666860163515e-05,0.2594422809003776,0.2594421872220352
mx4_mt3,2602,1.3765149222434632,0.0067086531607435,0.0001710658019427,0.0045221340399485,8.915694072568994e-05,0.2594422953102352,0.2594422016921683
mx4_mt3,2603,1.3765141713166704,0.0067080791398739,0.0001710538299464,0.0045222143517448,8.915721175740381e-05,0.259442309662228,0.2594422161041967
mx4_mt3,2604,1.376513423402653,0.0067075074372046,0.0001710419049008,0.0045222943608802,8.915748170524417e-05,0.2594423239568045,0.2594422304585697
mx4_mt3,2605,1.376512678494917,0.0067069380475445,0.0001710300267189,0.0045223740678119,8.915775057399376e-05,0.2594423381942183,0.259442244755541
mx4_mt3,2606,1.376511936586969,0.0067063709657924,0.0001710181953064,0.0045224534730126,8.915801836334051e-05,0.2594423523744531,0.2594422589950949
mx4_mt3,2607,1.3765111976723146,0.0067058061868919,0.0001710064105654,0.0045225325769636,8.915828507046906e-05,0.2594423664973601,0.2594422731770832
mx4_mt3,2608,1.3765104617444603,0.006705243705758,0.0001709946724003,0.0045226113801429,8.915855069426123e-05,0.2594423805628804,0.2594422873014475
mx4_mt3,2609,1.376509728796914,0.0067046835172351,0.0001709829807213,0.004522689883018,8.915881523771664e-05,0.2594423945711729,0.2594423013683472
mx4_mt3,2610,1.376508998823182,0.0067041256161142,0.0001709713354432,0.0045227680860492,8.915907870700718e-05,0.2594424085225649,0.25944231537811
mx4_mt3,2611,1.3765082718167725,0.0067035699971892,0.0001709597364805,0.0045228459896984,8.915934110826076e-05,0.2594424224173811,0.2594423293310609
mx4_mt3,2612,1.376507547771191,0.0067030166553046,0.0001709481837435,0.0045229235944369,8.915960244475704e-05,0.2594424362557953,0.2594423432273744
mx4_mt3,2613,1.3765068266799472,0.0067024655853625,0.000170936677138,0.0045230009007467,8.915986271656892e-05,0.2594424500378116,0.2594423570670548
mx4_mt3,2614,1.3765061085365455,0.0067019167822855,0.0001709252165677,0.0045230779091146,8.916012192261616e-05,0.2594424637633732,0.2594423708500462
mx4_mt3,2615,1.3765053933344955,0.0067013702409711,0.0001709138019388,0.0045231546200245,8.916038006332812e-05,0.259442477432503,0.2594423845763715
mx4_mt3,2616,1.3765046810673018,0.0067008259562695,0.0001709024331611,0.0045232310339537,8.916063714185563e-05,0.259442491045368,0.2594423982461988
mx4_mt3,2617,1.3765039717284724,0.0067002839230005,0.000170891110147,0.0045233071513762,8.916089316321767e-05,0.2594425046022344,0.2594424118597943
mx4_mt3,2618,1.3765032653115132,0.0066997441359904,0.0001708798328084,0.004523382972768,8.916114813213244e-05,0.2594425181033521,0.2594424254174084
mx4_mt3,2619,1.3765025618099307,0.0066992065901009,0.0001708686010542,0.0045234584986126,8.916140205133364e-05,0.2594425315488662,0.2594424389191866
mx4_mt3,2620,1.3765018612172293,0.0066986712802301,0.0001708574147904,0.0045235337294003,8.916165492153701e-05,0.2594425449388148,0.2594424523651678
mx4_mt3,2621,1.3765011635269149,0.0066981382012872,0.0001708462739219,0.0045236086656249,8.916190674283453e-05,0.259442558273203,0.2594424657553574
mx4_mt3,2622,1.376500468732491,0.0066976073481631,0.0001708351783552,0.0045236833077785,8.916215751639064e-05,0.2594425715520927,0.259442479089818
mx4_mt3,2623,1.3764997768274632,0.0066970787157183,0.0001708241279991,0.0045237576563497,8.916240724519077e-05,0.2594425847756422,0.2594424923687081
mx4_mt3,2624,1.3764990878053334,0.0066965522987939,0.0001708131227642,0.004523831711825,8.91626559333411e-05,0.2594425979440692,0.259442505592246
mx4_mt3,2625,1.376498401659605,0.006696028092236,0.0001708021625606,0.0045239054746934,8.916290358473812e-05,0.2594426110575803,0.2594425187606386
mx4_mt3,2626,1.3764977183837788,0.0066955060909137,0.0001707912472963,0.0045239789454488,8.916315020198053e-05,0.2594426241163132,0.2594425318740244
mx4_mt3,2627,1.3764970379713568,0.0066949862897198,0.0001707803768774,0.0045240521245905,8.916339578637766e-05,0.2594426371203376,0.2594425449324732
mx4_mt3,2628,1.376496360415839,0.0066944686835547,0.0001707695512093,0.0045241250126206,8.91636403387733e-05,0.2594426500696983,0.2594425579360307
mx4_mt3,2629,1.376495685710724,0.0066939532673075,0.0001707587701983,0.0045241976100404,8.916388386072528e-05,0.259442662964478,0.2594425708847799
mx4_mt3,2630,1.37649501384951,0.0066934400358474,0.0001707480337522,0.0045242699173497,8.916412635490788e-05,0.2594426758048186,0.2594425837788634
mx4_mt3,2631,1.3764943448256954,0.0066929289840302,0.00017073734178,0.0045243419350474,8.916436782480686e-05,0.2594426885909049,0.2594425966184661
mx4_mt3,2632,1.3764936786327748,0.0066924201067134,0.0001707266941903,0.0045244136636341,8.916460827382835e-05,0.2594427013229175,0.2594426094037693
mx4_mt3,2633,1.3764930152642438,0.006691913398769,0.0001707160908905,0.0045244851036144,8.916484770460378e-05,0.2594427140009959,0.2594426221349129
mx4_mt3,2634,1.3764923547135963,0.006691408855084,0.0001707055317867,0.0045245562554965,8.916508611886722e-05,0.2594427266252321,0.2594426348119894
mx4_mt3,2635,1.3764916969743246,0.0066909064705524,0.0001706950167843,0.0045246271197915,8.916532351800888e-05,0.2594427391957,0.2594426474350734
mx4_mt3,2636,1.3764910420399192,0.0066904062400618,0.0001706845457892,0.0045246976970107,8.916555990374195e-05,0.2594427517124905,0.2594426600042561
mx4_mt3,2637,1.3764903899038703,0.0066899081584871,0.0001706741187082,0.0045247679876651,8.916579527851236e-05,0.2594427641757333,0.2594426725196678
mx4_mt3,2638,1.3764897405596668,0.0066894122206933,0.0001706637354488,0.0045248379922654,8.916602964536897e-05,0.2594427765855901,0.2594426849814706
mx4_mt3,2639,1.376489094000795,0.0066889184215441,0.0001706533959185,0.0045249077113235,8.916626300739835e-05,0.2594427889422245,0.2594426973898286
mx4_mt3,2640,1.376488450220739,0.0066884267559111,0.0001706431000241,0.0045249771453542,8.916649536726044e-05,0.2594428012457777,0.2594427097448836
mx4_mt3,2641,1.3764878092129844,0.0066879372186762,0.0001706328476715,0.0045250462948756,8.916672672704072e-05,0.2594428134963601,0.2594427220467464
mx4_mt3,2642,1.3764871709710127,0.0066874498047265,0.0001706226387658,0.004525115160408,8.916695708846719e-05,0.2594428256940636,0.2594427342955093
mx4_mt3,2643,1.3764865354883036,0.0066869645089472,0.0001706124732123,0.0045251837424731,8.916718645339683e-05,0.2594428378389866,0.2594427464912714
mx4_mt3,2644,1.376485902758336,0.0066864813262154,0.0001706023509169,0.0045252520415926,8.916741482411646e-05,0.2594428499312504,0.2594427586341545
mx4_mt3,2645,1.3764852727745869,0.0066860002514002,0.000170592271786,0.0045253200582888,8.916764220335013e-05,0.2594428619709996,0.2594427707243035
mx4_mt3,2646,1.3764846455305306,0.0066855212793683,0.0001705822357259,0.0045253877930848,8.91678685939561e-05,0.2594428739583855,0.2594427827618704
mx4_mt3,2647,1.3764840210196403,0.0066850444049891,0.0001705722426428,0.004525455246506,8.916809399860393e-05,0.2594428858935499,0.2594427947469974
mx4_mt3,2648,1.3764833992353878,0.0066845696231384,0.0001705622924419,0.0045255224190802,8.916831841959212e-05,0.2594428977766145,0.2594428066798065
mx4_mt3,2649,1.3764827801712405,0.0066840969286962,0.0001705523850283,0.0045255893113377,8.916854185893299e-05,0.2594429096076862,0.2594428185604055
mx4_mt3,2650,1.3764821638206657,0.0066836263165429,0.0001705425203066,0.0045256559238101,8.91687643186053e-05,0.2594429213868699,0.2594428303888996
mx4_mt3,2651,1.3764815501771284,0.0066831577815539,0.0001705326981817,0.0045257222570303,8.916898580080069e-05,0.2594429331142818,0.2594428421654056
mx4_mt3,2652,1.3764809392340915,0.0066826913185992,0.000170522918559,0.0045257883115316,8.916920630803268e-05,0.2594429447900553,0.2594428538900571
mx4_mt3,2653,1.3764803309850138,0.0066822269225447,0.0001705131813438,0.0045258540878482,8.916942584296367e-05,0.2594429564143314,0.2594428655629962
mx4_mt3,2654,1.3764797254233556,0.0066817645882564,0.0001705034864414,0.0045259195865163,8.916964440824458e-05,0.2594429679872508,0.2594428771843634
mx4_mt3,2655,1.3764791225425697,0.0066813043106033,0.0001704938337565,0.0045259848080737,8.916986200630092e-05,0.2594429795089421,0.2594428887542883
mx4_mt3,2656,1.3764785223361116,0.0066808460844574,0.0001704842231937,0.0045260497530609,8.917007863935909e-05,0.2594429909795233,0.2594429002728891
mx4_mt3,2657,1.37647792479743,0.0066803899046914,0.0001704746546569,0.0045261144220198,8.917029430951022e-05,0.2594430023991054,0.2594429117402775
mx4_mt3,2658,1.3764773299199744,0.0066799357661762,0.0001704651280505,0.0045261788154938,8.917050901894195e-05,0.2594430137678043,0.2594429231565699
mx4_mt3,2659,1.37647673769719,0.0066794836637783,0.0001704556432785,0.0045262429340273,8.917072277001596e-05,0.2594430250857453,0.2594429345218921
mx4_mt3,2660,1.3764761481225198,0.0066790335923607,0.0001704462002454,0.0045263067781656,8.917093556524493e-05,0.2594430363530617,0.2594429458363779
mx4_mt3,2661,1.376475561189404,0.006678585546784,0.0001704367988556,0.0045263703484555,8.917114740722232e-05,0.2594430475698909,0.2594429571001651
mx4_mt3,2662,1.37647497689128,0.0066781395219095,0.0001704274390132,0.0045264336454457,8.917135829844094e-05,0.2594430587363651,0.2594429683133865
mx4_mt3,2663,1.3764743952215828,0.0066776955125998,0.000170418120622,0.0045264966696866,8.917156824124265e-05,0.2594430698526084,0.2594429794761669
mx4_mt3,2664,1.3764738161737446,0.0066772535137183,0.0001704088435855,0.0045265594217304,8.917177723787607e-05,0.2594430809187402,0.2594429905886258
mx4_mt3,2665,1.376473239741194,0.0066768135201278,0.000170399607807,0.0045266219021312,8.917198529055312e-05,0.2594430919348777,0.2594430016508812
mx4_mt3,2666,1.3764726659173574,0.0066763755266881,0.0001703904131899,0.0045266841114442,8.917219240156437e-05,0.2594431029011424,0.2594430126630549
mx4_mt3,2667,1.3764720946956572,0.0066759395282559,0.0001703812596376,0.0045267460502258,8.917239857332732e-05,0.2594431138176624,0.2594430236252758
mx4_mt3,2668,1.3764715260695142,0.006675505519685,0.0001703721470535,0.0045268077190336,8.917260380832756e-05,0.2594431246845696,0.2594430345376761
mx4_mt3,2669,1.3764709600323446,0.0066750734958277,0.000170363075341,0.0045268691184269,8.917280810907282e-05,0.2594431355019968,0.2594430454003893
mx4_mt3,2670,1.376470396577563,0.0066746434515361,0.0001703540444031,0.0045269302489667,8.917301147799424e-05,0.259443146270073,0.2594430562135447
mx4_mt3,2671,1.3764698356985796,0.0066742153816625,0.0001703450541426,0.0045269911112156,8.917321391743705e-05,0.2594431569889225,0.2594430669772673
mx4_mt3,2672,1.3764692773888016,0.0066737892810585,0.0001703361044622,0.0045270517057382,8.917341542968361e-05,0.2594431676586664,0.2594430776916785
mx4_mt3,2673,1.3764687216416334,0.0066733651445743,0.0001703271952644,0.0045271120331003,8.917361601703307e-05,0.2594431782794265,0.2594430883569009
mx4_mt3,2674,1.3764681684504751,0.0066729429670572,0.0001703183264516,0.0045271720938692,8.91738156818234e-05,0.2594431888513268,0.2594430989730587
mx4_mt3,2675,1.3764676178087245,0.0066725227433517,0.0001703094979263,0.0045272318886137,8.917401442647332e-05,0.2594431993744955,0.2594431095402809
mx4_mt3,2676,1.3764670697097747,0.0066721044682999,0.0001703007095909,0.0045272914179038,8.917421225345712e-05,0.2594432098490639,0.2594431200586991
mx4_mt3,2677,1.3764665241470164,0.0066716881367421,0.0001702919613476,0.004527350682311,8.917440916523447e-05,0.2594432202751622,0.2594431305284441
mx4_mt3,2678,1.376465981113836,0.0066712737435178,0.0001702832530986,0.0045274096824086,8.917460516420424e-05,0.2594432306529177,0.2594431409496439
mx4_mt3,2679,1.376465440603617,0.0066708612834657,0.0001702745847457,0.0045274684187717,8.917480025273913e-05,0.2594432409824561,0.2594431513224245
mx4_mt3,2680,1.3764649026097384,0.0066704507514228,0.0001702659561905,0.0045275268919768,8.9174994433172e-05,0.2594432512639012,0.2594431616469102
mx4_mt3,2681,1.376464367125576,0.0066700421422244,0.0001702573673348,0.004527585102602,8.917518770782315e-05,0.2594432614973759,0.2594431719232246
mx4_mt3,2682,1.3764638341445017,0.006669635450703,0.0001702488180799,0.0045276430512268,8.917538007908948e-05,0.2594432716830074,0.2594431821514952
mx4_mt3,2683,1.3764633036598837,0.0066692306716884,0.0001702403083273,0.0045277007384323,8.917557154938361e-05,0.2594432818209234,0.2594431923318505
mx4_mt3,2684,1.3764627756650851,0.0066688278000079,0.0001702318379785,0.0045277581648008,8.917576212113705e-05,0.259443291911253,0.2594432024644199
mx4_mt3,2685,1.3764622501534682,0.0066684268304867,0.0001702234069345,0.0045278153309163,8.917595179680337e-05,0.2594433019541262,0.2594432125493338
mx4_mt3,2686,1.376461727118388,0.0066680277579486,0.0001702150150966,0.0045278722373645,8.91761405787984e-05,0.2594433119496709,0.2594432225867211
mx4_mt3,2687,1.3764612065531965,0.0066676305772155,0.0001702066623654,0.0045279288847325,8.917632846949293e-05,0.259443321898013,0.2594432325767078
mx4_mt3,2688,1.3764606884512425,0.0066672352831076,0.0001701983486419,0.0045279852736092,8.91765154712651e-05,0.2594433317992785,0.2594432425194206
mx4_mt3,2689,1.37646017280587,0.0066668418704427,0.0001701900738265,0.004528041404585,8.917670158647842e-05,0.2594433416535927,0.2594432524149851
mx4_mt3,2690,1.3764596596104182,0.0066664503340359,0.0001701818378197,0.0045280972782517,8.917688681751944e-05,0.259443351461082,0.2594432622635287
mx4_mt3,2691,1.3764591488582234,0.0066660606686996,0.0001701736405221,0.0045281528952027,8.917707116681358e-05,0.259443361221875,0.2594432720651801
mx4_mt3,2692,1.376458640542617,0.0066656728692432,0.0001701654818338,0.0045282082560327,8.91772546368009e-05,0.2594433709361012,0.2594432818200695
mx4_mt3,2693,1.3764581346569251,0.0066652869304741,0.0001701573616551,0.0045282633613382,8.917743722991004e-05,0.2594433806038891,0.259443291528326
mx4_mt3,2694,1.3764576311944714,0.0066649028471972,0.000170149279886,0.004528318211717,8.917761894856955e-05,0.2594433902253676,0.2594433011900789
mx4_mt3,2695,1.3764571301485735,0.0066645206142153,0.0001701412364262,0.0045283728077688,8.91777997951819e-05,0.259443399800664,0.2594433108054561
mx4_mt3,2696,1.3764566315125462,0.0066641402263288,0.0001701332311756,0.0045284271500948,8.91779797721369e-05,0.259443409329905,0.2594433203745845
mx4_mt3,2697,1.376456135279697,0.0066637616783357,0.0001701252640337,0.0045284812392976,8.917815888183184e-05,0.2594434188132176,0.2594433298975921
mx4_mt3,2698,1.376455641443331,0.0066633849650309,0.0001701173348999,0.0045285350759814,8.9178337126666e-05,0.2594434282507289,0.2594433393746065
mx4_mt3,2699,1.3764551499967488,0.0066630100812066,0.0001701094436736,0.004528588660752,8.917851450906813e-05,0.2594434376425679,0.259443348805757
mx4_mt3,2700,1.376454660933246,0.0066626370216517,0.000170101590254,0.0045286419942166,8.917869103147849e-05,0.2594434469888637,0.2594433581911732
mx4_mt3,2701,1.3764541742461125,0.0066622657811526,0.0001700937745403,0.004528695076984,8.917886669632902e-05,0.2594434562897452,0.2594433675309848
mx4_mt3,2702,1.376453689928634,0.0066618963544929,0.0001700859964312,0.0045287479096646,8.917904150605687e-05,0.2594434655453417,0.2594433768253213
mx4_mt3,2703,1.376453207974091,0.0066615287364534,0.0001700782558257,0.0045288004928703,8.917921546308666e-05,0.2594434747557817,0.2594433860743121
mx4_mt3,2704,1.376452728375761,0.0066611629218124,0.0001700705526224,0.0045288528272147,8.917938856983254e-05,0.2594434839211931,0.2594433952780853
mx4_mt3,2705,1.3764522511269142,0.0066607989053452,0.0001700628867198,0.0045289049133129,8.917956082871604e-05,0.2594434930417042,0.2594434044367701
mx4_mt3,2706,1.376451776220817,0.0066604366818241,0.0001700552580162,0.0045289567517814,8.917973224215132e-05,0.259443502117443,0.2594434135504947
mx4_mt3,2707,1.3764513036507302,0.006660076246018,0.0001700476664099,0.0045290083432385,8.917990281256312e-05,0.2594435111485381,0.2594434226193884
mx4_mt3,2708,1.376450833409911,0.0066597175926928,0.000170040111799,0.0045290596883039,8.91800725424076e-05,0.2594435201351195,0.2594434316435816
mx4_mt3,2709,1.3764503654916094,0.0066593607166112,0.0001700325940816,0.0045291107875988,8.918024143411789e-05,0.2594435290773162,0.259443440623204
mx4_mt3,2710,1.376449899889071,0.0066590056125327,0.0001700251131554,0.0045291616417461,8.918040949015126e-05,0.2594435379752586,0.2594434495583865
mx4_mt3,2711,1.376449436595537,0.0066586522752137,0.0001700176689181,0.0045292122513701,8.918057671295136e-05,0.259443546829076,0.2594434584492588
mx4_mt3,2712,1.3764489756042426,0.0066583006994076,0.0001700102612673,0.0045292626170968,8.918074310494301e-05,0.259443555638897,0.2594434672959503
mx4_mt3,2713,1.3764485169084175,0.0066579508798645,0.0001700028901004,0.0045293127395537,8.918090866857095e-05,0.2594435644048511,0.2594434760985908
mx4_mt3,2714,1.3764480605012868,0.0066576028113313,0.0001699955553147,0.00452936261937,8.918107340626422e-05,0.2594435731270671,0.2594434848573099
mx4_mt3,2715,1.3764476063760698,0.0066572564885512,0.0001699882568072,0.0045294122571763,8.918123732048123e-05,0.2594435818056753,0.259443493572238
mx4_mt3,2716,1.376447154525979,0.0066569119062641,0.000169980994475,0.0045294616536048,8.918140041365843e-05,0.2594435904408047,0.2594435022435052
mx4_mt3,2717,1.3764467049442244,0.0066565690592065,0.0001699737682148,0.0045295108092893,8.918156268825427e-05,0.2594435990325857,0.259443510871242
mx4_mt3,2718,1.3764462576240075,0.0066562279421112,0.0001699665779235,0.0045295597248651,8.918172414673559e-05,0.259443607581149,0.2594435194555798
mx4_mt3,2719,1.3764458125585255,0.0066558885497077,0.0001699594234975,0.004529608400969,8.918188479155672e-05,0.2594436160866247,0.2594435279966494
mx4_mt3,2720,1.3764453697409709,0.0066555508767217,0.0001699523048334,0.0045296568382395,8.918204462518038e-05,0.2594436245491432,0.2594435364945814
mx4_mt3,2721,1.376444929164528,0.0066552149178758,0.0001699452218272,0.0045297050373167,8.918220365005463e-05,0.2594436329688343,0.2594435449495064
mx4_mt3,2722,1.3764444908223776,0.0066548806678886,0.0001699381743753,0.0045297529988422,8.91823618686338e-05,0.2594436413458281,0.2594435533615549
mx4_mt3,2723,1.3764440547076937,0.0066545481214751,0.0001699311623734,0.0045298007234592,8.918251928337754e-05,0.2594436496802548,0.259443561730858
mx4_mt3,2724,1.3764436208136446,0.0066542172733468,0.0001699241857175,0.0045298482118123,8.91826758967518e-05,0.2594436579722453,0.2594435700575466
mx4_mt3,2725,1.3764431891333928,0.0066538881182111,0.0001699172443033,0.0045298954645479,8.918283171123406e-05,0.2594436662219306,0.2594435783417528
mx4_mt3,2726,1.3764427596600954,0.0066535606507716,0.0001699103380262,0.0045299424823138,8.91829867292882e-05,0.2594436744294415,0.2594435865836074
mx4_mt3,2727,1.3764423323869024,0.0066532348657281,0.0001699034667817,0.0045299892657595,8.918314095339176e-05,0.2594436825949092,0.2594435947832424
mx4_mt3,2728,1.376441907306958,0.0066529107577765,0.000169896630465,0.004530035815536,8.918329438601702e-05,0.2594436907184647,0.2594436029407895
mx4_mt3,2729,1.376441484413401,0.0066525883216091,0.0001698898289712,0.0045300821322959,8.918344702964156e-05,0.2594436988002393,0.2594436110563804
mx4_mt3,2730,1.3764410636993638,0.0066522675519138,0.0001698830621952,0.0045301282166933,8.918359888674403e-05,0.2594437068403643,0.2594436191301469
mx4_mt3,2731,1.376440645157972,0.0066519484433749,0.0001698763300319,0.0045301740693839,8.918374995980098e-05,0.259443714838971,0.2594436271622211
mx4_mt3,2732,1.376440228782347,0.0066516309906725,0.0001698696323758,0.0045302196910251,8.918390025128059e-05,0.2594437227961901,0.2594436351527338
mx4_mt3,2733,1.3764398145656005,0.0066513151884826,0.0001698629691215,0.0045302650822758,8.918404976368358e-05,0.2594437307121541,0.2594436431018186
mx4_mt3,2734,1.376439402500841,0.006651001031477,0.0001698563401633,0.0045303102437964,8.918419849948445e-05,0.2594437385869942,0.2594436510096068
mx4_mt3,2735,1.376438992581169,0.0066506885143235,0.0001698497453953,0.0045303551762489,8.918434646118711e-05,0.2594437464208431,0.2594436588762319
mx4_mt3,2736,1.3764385847996796,0.0066503776316855,0.0001698431847117,0.0045303998802969,8.918449365127344e-05,0.2594437542138322,0.2594436667018257
mx4_mt3,2737,1.3764381791494609,0.0066500683782224,0.0001698366580063,0.0045304443566056,8.918464007225052e-05,0.2594437619660943,0.2594436744865217
mx4_mt3,2738,1.376437775623594,0.0066497607485891,0.0001698301651728,0.0045304886058418,8.918478572661077e-05,0.2594437696777616,0.2594436822304526
mx4_mt3,2739,1.3764373742151546,0.0066494547374365,0.0001698237061048,0.0045305326286737,8.918493061684347e-05,0.259443777348966,0.2594436899337507
mx4_mt3,2740,1.3764369749172105,0.0066491503394109,0.0001698172806958,0.0045305764257714,8.918507474544839e-05,0.2594437849798398,0.2594436975965492
mx4_mt3,2741,1.376436577722824,0.0066488475491543,0.000169810888839,0.0045306199978063,8.918521811492432e-05,0.2594437925705155,0.2594437052189809
mx4_mt3,2742,1.3764361826250504,0.0066485463613043,0.0001698045304274,0.0045306633454515,8.918536072779413e-05,0.2594438001211268,0.2594437128011801
mx4_mt3,2743,1.376435789616938,0.006648246770494,0.0001697982053542,0.0045307064693817,8.918550258655349e-05,0.2594438076318058,0.2594437203432794
mx4_mt3,2744,1.3764353986915292,0.006647948771352,0.000169791913512,0.004530749370273,8.918564369371795e-05,0.2594438151026859,0.2594437278454128
mx4_mt3,2745,1.3764350098418572,0.0066476523585023,0.0001697856547935,0.0045307920488034,8.918578405179476e-05,0.2594438225338998,0.2594437353077138
mx4_mt3,2746,1.376434623060952,0.0066473575265643,0.0001697794290912,0.0045308345056521,8.918592366329953e-05,0.259443829925581,0.259443742730316
mx4_mt3,2747,1.3764342383418324,0.0066470642701529,0.0001697732362975,0.0045308767415003,8.918606253075837e-05,0.2594438372778632,0.2594437501133542
mx4_mt3,2748,1.3764338556775149,0.0066467725838784,0.0001697670763045,0.0045309187570305,8.918620065668487e-05,0.2594438445908795,0.2594437574569616
mx4_mt3,2749,1.3764334750610048,0.0066464824623462,0.0001697609490041,0.0045309605529268,8.918633804361145e-05,0.2594438518647642,0.2594437647612734
mx4_mt3,2750,1.3764330964853035,0.0066461939001572,0.0001697548542884,0.004531002129875,8.918647469404333e-05,0.25944385909965,0.2594437720264225
mx4_mt3,2751,1.3764327199434037,0.0066459068919074,0.0001697487920489,0.0045310434885624,8.918661061052243e-05,0.2594438662956716,0.2594437792525443
mx4_mt3,2752,1.3764323454282907,0.0066456214321879,0.0001697427621772,0.0045310846296779,8.918674579557181e-05,0.2594438734529626,0.2594437864397732
mx4_mt3,2753,1.376431972932944,0.0066453375155851,0.0001697367645647,0.0045311255539121,8.918688025173445e-05,0.2594438805716577,0.2594437935882443
mx4_mt3,2754,1.3764316024503342,0.0066450551366806,0.0001697307991026,0.004531166261957,8.918701398153769e-05,0.2594438876518909,0.2594438006980921
mx4_mt3,2755,1.3764312339734266,0.0066447742900507,0.000169724865682,0.0045312067545064,8.918714698752557e-05,0.2594438946937969,0.2594438077694518
mx4_mt3,2756,1.3764308674951773,0.0066444949702672,0.0001697189641937,0.0045312470322554,8.918727927223171e-05,0.2594439016975099,0.2594438148024585
mx4_mt3,2757,1.376430503008536,0.0066442171718967,0.0001697130945284,0.004531287095901,8.918741083820444e-05,0.2594439086631651,0.2594438217972475
mx4_mt3,2758,1.3764301405064452,0.0066439408895007,0.0001697072565768,0.0045313269461416,8.918754168799101e-05,0.2594439155908972,0.2594438287539545
mx4_mt3,2759,1.3764297799818386,0.0066436661176358,0.0001697014502293,0.0045313665836773,8.91876718241314e-05,0.2594439224808408,0.2594438356727145
mx4_mt3,2760,1.3764294214276445,0.0066433928508534,0.000169695675376,0.0045314060092097,8.918780124918233e-05,0.2594439293331315,0.2594438425536637
mx4_mt3,2761,1.3764290648367823,0.0066431210836996,0.0001696899319071,0.004531445223442,8.918792996570268e-05,0.2594439361479048,0.2594438493969379
mx4_mt3,2762,1.3764287102021642,0.0066428508107157,0.0001696842197124,0.004531484227079,8.918805797624502e-05,0.2594439429252958,0.2594438562026732
mx4_mt3,2763,1.376428357516694,0.0066425820264375,0.0001696785386817,0.0045315230208273,8.918818528336511e-05,0.25944394966544,0.2594438629710054
mx4_mt3,2764,1.3764280067732693,0.0066423147253956,0.0001696728887047,0.0045315616053947,8.918831188963441e-05,0.2594439563684736,0.2594438697020714
mx4_mt3,2765,1.3764276579647787,0.0066420489021152,0.0001696672696707,0.0045315999814909,8.918843779761083e-05,0.2594439630345322,0.2594438763960072
mx4_mt3,2766,1.376427311084104,0.0066417845511165,0.0001696616814689,0.0045316381498272,8.918856300986272e-05,0.2594439696637517,0.2594438830529494
mx4_mt3,2767,1.3764269661241182,0.0066415216669141,0.0001696561239884,0.0045316761111162,8.91886875289616e-05,0.2594439762562684,0.2594438896730349
mx4_mt3,2768,1.3764266230776876,0.0066412602440171,0.0001696505971182,0.0045317138660724,8.918881135748429e-05,0.2594439828122188,0.2594438962564007
mx4_mt3,2769,1.3764262819376694,0.0066410002769295,0.0001696451007471,0.0045317514154119,8.918893449800235e-05,0.2594439893317391,0.2594439028031836
mx4_mt3,2770,1.3764259426969134,0.0066407417601495,0.0001696396347635,0.0045317887598522,8.918905695309574e-05,0.259443995814966,0.259443909313521
mx4_mt3,2771,1.376425605348263,0.0066404846881699,0.0001696341990558,0.0045318259001124,8.918917872535072e-05,0.2594440022620365,0.2594439157875501
mx4_mt3,2772,1.376425269884551,0.0066402290554781,0.0001696287935125,0.0045318628369135,8.918929981734207e-05,0.259444008673087,0.2594439222254083
mx4_mt3,2773,1.3764249362986023,0.0066399748565558,0.0001696234180214,0.0045318995709778,8.918942023167287e-05,0.2594440150482553,0.2594439286272339
mx4_mt3,2774,1.376424604583237,0.006639722085879,0.0001696180724705,0.0045319361030293,8.918953997091893e-05,0.2594440213876779,0.2594439349931638
mx4_mt3,2775,1.3764242747312625,0.0066394707379181,0.0001696127567476,0.0045319724337935,8.918965903768651e-05,0.259444027691493,0.2594439413233368
mx4_mt3,2776,1.3764239467354815,0.006639220807138,0.0001696074707401,0.0045320085639978,8.918977743456093e-05,0.2594440339598373,0.2594439476178903
mx4_mt3,2777,1.3764236205886873,0.0066389722879976,0.0001696022143356,0.0045320444943709,8.918989516415369e-05,0.2594440401928493,0.2594439538769633
mx4_mt3,2778,1.3764232962836642,0.0066387251749502,0.0001695969874211,0.0045320802256432,8.919001222906062e-05,0.2594440463906665,0.259443960100694
mx4_mt3,2779,1.3764229738131892,0.0066384794624433,0.0001695917898838,0.0045321157585467,8.919012863187859e-05,0.2594440525534263,0.2594439662892202
mx4_mt3,2780,1.3764226531700303,0.0066382351449186,0.0001695866216104,0.0045321510938151,8.919024437523804e-05,0.2594440586812682,0.2594439724426822
mx4_mt3,2781,1.3764223343469482,0.0066379922168117,0.0001695814824878,0.0045321862321835,8.919035946173167e-05,0.2594440647743295,0.2594439785612175
mx4_mt3,2782,1.3764220173366934,0.0066377506725526,0.0001695763724025,0.0045322211743889,8.91904738939732e-05,0.2594440708327486,0.2594439846449654
mx4_mt3,2783,1.376421702132009,0.0066375105065653,0.0001695712912407,0.0045322559211696,8.919058767458993e-05,0.2594440768566647,0.2594439906940657
mx4_mt3,2784,1.3764213887256305,0.0066372717132677,0.0001695662388887,0.0045322904732657,8.91907008062082e-05,0.2594440828462169,0.259443996708658
mx4_mt3,2785,1.376421077110282,0.0066370342870717,0.0001695612152324,0.0045323248314189,8.919081329143648e-05,0.2594440888015433,0.2594440026888811
mx4_mt3,2786,1.3764207672786823,0.0066367982223834,0.0001695562201577,0.0045323589963723,8.919092513290951e-05,0.2594440947227836,0.259444008634875
mx4_mt3,2787,1.3764204592235405,0.0066365635136025,0.0001695512535502,0.004532392968871,8.9191036333262e-05,0.2594441006100773,0.2594440145467799
mx4_mt3,2788,1.3764201529375542,0.0066363301551228,0.0001695463152955,0.0045324267496613,8.919114689511927e-05,0.2594441064635633,0.2594440204247356
mx4_mt3,2789,1.3764198484134162,0.0066360981413319,0.0001695414052788,0.0045324603394914,8.919125682111923e-05,0.2594441122833816,0.2594440262688823
mx4_mt3,2790,1.3764195456438095,0.0066358674666113,0.0001695365233851,0.0045324937391109,8.919136611390293e-05,0.2594441180696719,0.2594440320793603
mx4_mt3,2791,1.3764192446214067,0.006635638125336,0.0001695316694996,0.0045325269492712,8.919147477611146e-05,0.2594441238225741,0.2594440378563104
mx4_mt3,2792,1.3764189453388729,0.0066354101118752,0.0001695268435068,0.0045325599707253,8.919158281039953e-05,0.2594441295422288,0.2594440435998736
mx4_mt3,2793,1.3764186477888645,0.0066351834205915,0.0001695220452915,0.0045325928042275,8.919169021939777e-05,0.2594441352287754,0.2594440493101899
mx4_mt3,2794,1.3764183519640272,0.0066349580458412,0.000169517274738,0.0045326254505342,8.91917970057735e-05,0.2594441408823552,0.2594440549874012
mx4_mt3,2795,1.3764180578570004,0.0066347339819744,0.0001695125317305,0.0045326579104031,8.919190317218044e-05,0.2594441465031087,0.2594440606316484
mx4_mt3,2796,1.3764177654604128,0.0066345112233346,0.0001695078161531,0.0045326901845935,8.919200872126916e-05,0.2594441520911762,0.2594440662430728
mx4_mt3,2797,1.3764174747668838,0.0066342897642592,0.0001695031278897,0.0045327222738665,8.919211365571437e-05,0.2594441576466996,0.2594440718218165
mx4_mt3,2798,1.3764171857690246,0.0066340695990788,0.0001694984668239,0.0045327541789847,8.919221797817716e-05,0.2594441631698196,0.259444077368021
mx4_mt3,2799,1.3764168984594365,0.0066338507221177,0.0001694938328392,0.0045327859007123,8.919232169132071e-05,0.2594441686606774,0.2594440828818281
mx4_mt3,2800,1.3764166128307125,0.0066336331276937,0.000169489225819,0.0045328174398152,8.91924247978219e-05,0.2594441741194146,0.25944408836338
mx4_mt3,2801,1.376416328875436,0.006633416810118,0.0001694846456465,0.0045328487970608,8.919252730035126e-05,0.2594441795461729,0.2594440938128189
mx4_mt3,2802,1.3764160465861806,0.0066332017636952,0.0001694800922044,0.0045328799732182,8.919262920159408e-05,0.2594441849410944,0.2594440992302875
mx4_mt3,2803,1.3764157659555112,0.0066329879827233,0.0001694755653757,0.0045329109690581,8.919273050422719e-05,0.2594441903043208,0.2594441046159282
mx4_mt3,2804,1.3764154869759837,0.0066327754614936,0.0001694710650429,0.0045329417853529,8.91928312109359e-05,0.2594441956359944,0.2594441099698838
mx4_mt3,2805,1.3764152096401434,0.0066325641942908,0.0001694665910885,0.0045329724228765,8.919293132441285e-05,0.2594442009362578,0.2594441152922976
mx4_mt3,2806,1.3764149339405272,0.0066323541753929,0.0001694621433946,0.0045330028824045,8.91930308473496e-05,0.2594442062052535,0.2594441205833127
mx4_mt3,2807,1.3764146598696625,0.006632145399071,0.0001694577218433,0.004533033164714,8.919312978244198e-05,0.2594442114431244,0.2594441258430724
mx4_mt3,2808,1.376414387420067,0.0066319378595894,0.0001694533263165,0.0045330632705839,8.919322813238684e-05,0.2594442166500132,0.2594441310717202
mx4_mt3,2809,1.3764141165842485,0.0066317315512059,0.0001694489566958,0.0045330932007947,8.91933258998821e-05,0.2594442218260628,0.2594441362693996
mx4_mt3,2810,1.3764138473547054,0.0066315264681711,0.0001694446128627,0.0045331229561282,8.919342308764246e-05,0.2594442269714171,0.2594441414362551
mx4_mt3,2811,1.3764135797239272,0.0066313226047288,0.0001694402946985,0.0045331525373684,8.919351969837427e-05,0.2594442320862193,0.2594441465724303
mx4_mt3,2812,1.3764133136843937,0.0066311199551161,0.0001694360020843,0.0045331819453004,8.919361573479225e-05,0.2594442371706132,0.2594441516780699
mx4_mt3,2813,1.376413049228573,0.0066309185135628,0.0001694317349011,0.0045332111807111,8.91937111996122e-05,0.2594442422247426,0.2594441567533181
mx4_mt3,2814,1.3764127863489266,0.0066307182742921,0.0001694274930295,0.0045332402443893,8.919380609554781e-05,0.2594442472487513,0.2594441617983195
mx4_mt3,2815,1.376412525037904,0.0066305192315198,0.0001694232763501,0.0045332691371249,8.919390042532855e-05,0.2594442522427839,0.259444166813219
mx4_mt3,2816,1.3764122652879454,0.0066303213794549,0.0001694190847434,0.0045332978597099,8.919399419168071e-05,0.2594442572069846,0.2594441717981617
mx4_mt3,2817,1.3764120070914814,0.0066301247122993,0.0001694149180893,0.0045333264129377,8.919408739733376e-05,0.259444262141498,0.2594441767532928
mx4_mt3,2818,1.376411750440933,0.0066299292242477,0.000169410776268,0.0045333547976033,8.919418004502452e-05,0.2594442670464692,0.2594441816787576
mx4_mt3,2819,1.37641149532871,0.0066297349094878,0.0001694066591593,0.0045333830145035,8.919427213748876e-05,0.2594442719220429,0.2594441865747021
mx4_mt3,2820,1.376411241747214,0.0066295417622,0.0001694025666426,0.0045334110644366,8.919436367746229e-05,0.2594442767683641,0.2594441914412712
mx4_mt3,2821,1.376410989688835,0.0066293497765575,0.0001693984985975,0.0045334389482025,8.91944546676977e-05,0.2594442815855785,0.2594441962786118
mx4_mt3,2822,1.3764107391459548,0.0066291589467263,0.0001693944549032,0.0045334666666028,8.919454511094335e-05,0.2594442863738317,0.2594442010868697
mx4_mt3,2823,1.3764104901109435,0.0066289692668652,0.0001693904354386,0.0045334942204407,8.919463500994975e-05,0.2594442911332693,0.2594442058661913
mx4_mt3,2824,1.3764102425761615,0.0066287807311256,0.0001693864400827,0.0045335216105211,8.919472436747163e-05,0.2594442958640373,0.2594442106167232
mx4_mt3,2825,1.3764099965339596,0.0066285933336516,0.0001693824687141,0.0045335488376505,8.919481318626683e-05,0.2594443005662816,0.2594442153386118
mx4_mt3,2826,1.3764097519766771,0.00662840706858,0.0001693785212112,0.004533575902637,8.919490146910477e-05,0.2594443052401489,0.2594442200320048
mx4_mt3,2827,1.3764095088966457,0.0066282219300401,0.0001693745974523,0.0045336028062903,8.919498921874544e-05,0.2594443098857855,0.2594442246970485
mx4_mt3,2828,1.3764092672861834,0.0066280379121538,0.0001693706973154,0.0045336295494218,8.919507643796033e-05,0.259444314503338,0.2594442293338906
mx4_mt3,2829,1.3764090271376008,0.0066278550090356,0.0001693668206785,0.0045336561328445,8.91951631295294e-05,0.2594443190929537,0.2594442339426788
mx4_mt3,2830,1.3764087884431966,0.0066276732147925,0.0001693629674192,0.0045336825573731,8.919524929623362e-05,0.2594443236547798,0.2594442385235611
mx4_mt3,2831,1.3764085511952595,0.006627492523524,0.0001693591374151,0.0045337088238239,8.919533494083825e-05,0.2594443281889628,0.2594442430766844
mx4_mt3,2832,1.3764083153860684,0.0066273129293219,0.0001693553305433,0.0045337349330148,8.919542006614212e-05,0.259444332695651,0.2594442476021977
mx4_mt3,2833,1.3764080810078907,0.0066271344262707,0.000169351546681,0.0045337608857653,8.919550467493044e-05,0.2594443371749917,0.2594442521002491
mx4_mt3,2834,1.3764078480529842,0.0066269570084471,0.0001693477857052,0.0045337866828967,8.919558876999682e-05,0.259444341627133,0.2594442565709871
mx4_mt3,2835,1.376407616513596,0.0066267806699202,0.0001693440474924,0.0045338123252318,8.919567235414114e-05,0.259444346052223,0.2594442610145605
mx4_mt3,2836,1.376407386381962,0.0066266054047515,0.0001693403319193,0.0045338378135951,8.919575543016648e-05,0.2594443504504103,0.2594442654311185
mx4_mt3,2837,1.376407157650308,0.0066264312069946,0.0001693366388621,0.0045338631488126,8.919583800086753e-05,0.2594443548218429,0.2594442698208097
mx4_mt3,2838,1.37640693031085,0.0066262580706956,0.000169332968197,0.0045338883317122,8.919592006906097e-05,0.2594443591666698,0.2594442741837838
mx4_mt3,2839,1.3764067043557922,0.0066260859898928,0.0001693293197998,0.0045339133631232,8.919600163755517e-05,0.2594443634850399,0.2594442785201902
mx4_mt3,2840,1.3764064797773283,0.0066259149586166,0.0001693256935463,0.0045339382438768,8.919608270915949e-05,0.2594443677771018,0.2594442828301784
mx4_mt3,2841,1.3764062565676414,0.0066257449708897,0.0001693220893121,0.0045339629748054,8.919616328671164e-05,0.2594443720430059,0.2594442871138991
mx4_mt3,2842,1.3764060347189044,0.0066255760207269,0.0001693185069724,0.0045339875567436,8.919624337302314e-05,0.259444376282901,0.259444291371502
mx4_mt3,2843,1.3764058142232785,0.0066254081021352,0.0001693149464023,0.0045340119905272,8.919632297092018e-05,0.2594443804969368,0.2594442956031372
mx4_mt3,2844,1.3764055950729148,0.0066252412091134,0.0001693114074769,0.0045340362769939,8.919640208323946e-05,0.2594443846852635,0.2594442998089556
mx4_mt3,2845,1.3764053772599525,0.0066250753356529,0.0001693078900708,0.0045340604169829,8.919648071281869e-05,0.2594443888480313,0.2594443039891083
mx4_mt3,2846,1.3764051607765218,0.0066249104757366,0.0001693043940585,0.004534084411335,8.919655886250195e-05,0.2594443929853909,0.2594443081437462
mx4_mt3,2847,1.3764049456147402,0.0066247466233398,0.0001693009193145,0.004534108260893,8.919663653511022e-05,0.2594443970974917,0.2594443122730195
mx4_mt3,2848,1.3764047317667147,0.0066245837724296,0.0001692974657127,0.0045341319665008,8.919671373351586e-05,0.2594444011844857,0.259444316377081
mx4_mt3,2849,1.376404519224541,0.006624421916965,0.0001692940331272,0.0045341555290045,8.919679046055876e-05,0.2594444052465234,0.2594443204560817
mx4_mt3,2850,1.376404307980306,0.0066242610508971,0.0001692906214317,0.0045341789492514,8.919686671909349e-05,0.2594444092837558,0.2594443245101731
mx4_mt3,2851,1.376404098026082,0.0066241011681687,0.0001692872304996,0.0045342022280906,8.919694251198405e-05,0.2594444132963347,0.2594443285395079
mx4_mt3,2852,1.3764038893539323,0.0066239422627146,0.0001692838602044,0.0045342253663731,8.919701784209235e-05,0.2594444172844116,0.259444332544238
mx4_mt3,2853,1.3764036819559098,0.0066237843284614,0.0001692805104191,0.0045342483649511,8.919709271228875e-05,0.2594444212481384,0.2594443365245161
mx4_mt3,2854,1.376403475824053,0.0066236273593275,0.0001692771810166,0.0045342712246788,8.91971671254425e-05,0.2594444251876672,0.2594443404804949
mx4_mt3,2855,1.3764032709503935,0.0066234713492231,0.0001692738718697,0.0045342939464118,8.919724108442291e-05,0.2594444291031498,0.2594443444123269
mx4_mt3,2856,1.3764030673269487,0.0066233162920502,0.0001692705828509,0.0045343165310076,8.919731459211812e-05,0.2594444329947392,0.2594443483201654
mx4_mt3,2857,1.3764028649457254,0.0066231621817024,0.0001692673138324,0.0045343389793252,8.91973876514111e-05,0.259444436862588,0.2594443522041642
mx4_mt3,2858,1.376402663798719,0.006623009012065,0.0001692640646864,0.0045343612922253,8.919746026518791e-05,0.2594444407068491,0.2594443560644764
mx4_mt3,2859,1.3764024638779149,0.0066228567770152,0.0001692608352848,0.0045343834705702,8.919753243634829e-05,0.2594444445276759,0.2594443599012563
mx4_mt3,2860,1.3764022651752847,0.0066227054704216,0.0001692576254993,0.0045344055152238,8.919760416777415e-05,0.2594444483252212,0.2594443637146571
mx4_mt3,2861,1.3764020676827906,0.0066225550861445,0.0001692544352013,0.0045344274270518,8.919767546236525e-05,0.2594444520996384,0.2594443675048332
mx4_mt3,2862,1.376401871392383,0.0066224056180357,0.0001692512642622,0.0045344492069216,8.919774632304333e-05,0.2594444558510823,0.2594443712719396
mx4_mt3,2863,1.376401676296,0.0066222570599389,0.0001692481125529,0.0045344708557019,8.919781675270713e-05,0.2594444595797063,0.2594443750161307
mx4_mt3,2864,1.3764014823855697,0.0066221094056889,0.0001692449799445,0.0045344923742636,8.919788675425326e-05,0.2594444632856639,0.2594443787375604
mx4_mt3,2865,1.3764012896530062,0.0066219626491122,0.0001692418663075,0.0045345137634787,8.919795633063078e-05,0.2594444669691111,0.2594443824363855
mx4_mt3,2866,1.376401098090215,0.0066218167840268,0.0001692387715124,0.0045345350242212,8.919802548473738e-05,0.2594444706302014,0.2594443861127603
mx4_mt3,2867,1.3764009076890882,0.0066216718042422,0.0001692356954295,0.0045345561573667,8.919809421950639e-05,0.2594444742690902,0.2594443897668405
mx4_mt3,2868,1.3764007184415064,0.0066215277035592,0.0001692326379287,0.0045345771637923,8.919816253786909e-05,0.2594444778859325,0.259444393398782
mx4_mt3,2869,1.3764005303393394,0.0066213844757701,0.00016922959888,0.0045345980443771,8.919823044275042e-05,0.2594444814808834,0.2594443970087405
mx4_mt3,2870,1.3764003433744445,0.0066212421146586,0.000169226578153,0.0045346188000014,8.91982979370995e-05,0.259444485054099,0.2594444005968725
mx4_mt3,2871,1.376400157538667,0.0066211006139995,0.000169223575617,0.0045346394315476,8.919836502384654e-05,0.2594444886057344,0.2594444041633342
mx4_mt3,2872,1.3763999728238416,0.0066209599675594,0.0001692205911413,0.0045346599398994,8.919843170594905e-05,0.2594444921359461,0.2594444077082826
mx4_mt3,2873,1.3763997892217903,0.0066208201690957,0.0001692176245949,0.0045346803259424,8.919849798635194e-05,0.2594444956448903,0.2594444112318743
mx4_mt3,2874,1.3763996067243245,0.0066206812123573,0.0001692146758466,0.0045347005905638,8.919856386800225e-05,0.2594444991327228,0.259444414734266
mx4_mt3,2875,1.3763994253232414,0.0066205430910845,0.0001692117447649,0.0045347207346524,8.91986293538816e-05,0.2594445025996016,0.2594444182156163
mx4_mt3,2876,1.3763992450103288,0.0066204057990085,0.0001692088312183,0.0045347407590986,8.919869444693391e-05,0.2594445060456825,0.2594444216760818
mx4_mt3,2877,1.376399065777362,0.006620269329852,0.0001692059350748,0.0045347606647948,8.919875915012613e-05,0.2594445094711227,0.25944442511582
mx4_mt3,2878,1.3763988876161026,0.0066201336773287,0.0001692030562025,0.0045347804526346,8.919882346644306e-05,0.2594445128760801,0.25944442853499
mx4_mt3,2879,1.3763987105183038,0.0066199988351434,0.000169200194469,0.0045348001235136,8.919888739885902e-05,0.2594445162607123,0.2594444319337494
mx4_mt3,2880,1.3763985344757026,0.0066198647969923,0.000169197349742,0.0045348196783289,8.919895095034208e-05,0.2594445196251764,0.2594444353122565
mx4_mt3,2881,1.3763983594800269,0.0066197315565623,0.0001691945218887,0.0045348391179794,8.919901412388647e-05,0.2594445229696309,0.2594444386706703
mx4_mt3,2882,1.376398185522992,0.0066195991075317,0.0001691917107761,0.0045348584433655,8.919907692248436e-05,0.2594445262942343,0.2594444420091498
mx4_mt3,2883,1.3763980125963005,0.0066194674435697,0.0001691889162713,0.0045348776553893,8.919913934912374e-05,0.2594445295991449,0.2594444453278541
mx4_mt3,2884,1.376397840691643,0.0066193365583366,0.0001691861382409,0.0045348967549548,8.919920140680729e-05,0.2594445328845214,0.2594444486269427
mx4_mt3,2885,1.3763976698006983,0.0066192064454836,0.0001691833765514,0.0045349157429673,8.919926309854184e-05,0.2594445361505233,0.2594444519065756
mx4_mt3,2886,1.376397499915134,0.0066190770986529,0.0001691806310689,0.004534934620334,8.919932442732696e-05,0.2594445393973092,0.2594444551669121
mx4_mt3,2887,1.3763973310266036,0.0066189485114779,0.0001691779016597,0.0045349533879638,8.919938539616847e-05,0.2594445426250384,0.2594444584081121
mx4_mt3,2888,1.376397163126749,0.0066188206775825,0.0001691751881893,0.004534972046767,8.919944600809004e-05,0.259444545833871,0.2594444616303364
mx4_mt3,2889,1.376396996207201,0.0066186935905818,0.0001691724905236,0.0045349905976559,8.919950626611113e-05,0.2594445490239667,0.2594444648337455
mx4_mt3,2890,1.3763968302595764,0.0066185672440817,0.0001691698085279,0.0045350090415443,8.919956617326383e-05,0.2594445521954862,0.2594444680185007
mx4_mt3,2891,1.376396665275481,0.0066184416316791,0.0001691671420673,0.0045350273793477,8.919962573256132e-05,0.259444555348589,0.259444471184762
mx4_mt3,2892,1.376396501246508,0.0066183167469614,0.0001691644910069,0.0045350456119832,8.919968494704826e-05,0.2594445584834363,0.2594444743326916
mx4_mt3,2893,1.376396338164238,0.0066181925835071,0.0001691618552114,0.0045350637403696,8.919974381976094e-05,0.2594445616001888,0.2594444774624506
mx4_mt3,2894,1.3763961760202392,0.0066180691348855,0.0001691592345453,0.0045350817654276,8.919980235373982e-05,0.2594445646990075,0.2594444805742009
mx4_mt3,2895,1.3763960148060677,0.0066179463946566,0.0001691566288729,0.0045350996880791,8.919986055203902e-05,0.2594445677800542,0.2594444836681047
mx4_mt3,2896,1.376395854513267,0.006617824356371,0.0001691540380584,0.0045351175092481,8.919991841769485e-05,0.2594445708434896,0.2594444867443236
mx4_mt3,2897,1.376395695133368,0.0066177030135702,0.0001691514619657,0.0045351352298602,8.9199975953774e-05,0.2594445738894761,0.2594444898030205
mx4_mt3,2898,1.3763955366578893,0.0066175823597863,0.0001691489004584,0.0045351528508424,8.920003316334215e-05,0.2594445769181759,0.2594444928443585
mx4_mt3,2899,1.376395379078337,0.0066174623885423,0.0001691463534,0.0045351703731237,8.920009004945239e-05,0.2594445799297508,0.2594444958685
mx4_mt3,2900,1.3763952223862044,0.0066173430933516,0.0001691438206537,0.0045351877976346,8.920014661517773e-05,0.2594445829243634,0.2594444988756082
mx4_mt3,2901,1.3763950665729734,0.0066172244677183,0.0001691413020825,0.0045352051253074,8.920020286360063e-05,0.259444585902177,0.259444501865847
mx4_mt3,2902,1.376394911630111,0.0066171065051371,0.0001691387975494,0.0045352223570759,8.920025879779099e-05,0.259444588863354,0.2594445048393797
mx4_mt3,2903,1.3763947575490736,0.0066169891990935,0.0001691363069167,0.0045352394938756,8.920031442083441e-05,0.2594445918080579,0.2594445077963704
mx4_mt3,2904,1.3763946043213044,0.0066168725430634,0.000169133830047,0.0045352565366439,8.920036973582175e-05,0.2594445947364522,0.2594445107369834
mx4_mt3,2905,1.376394451938234,0.0066167565305131,0.0001691313668023,0.0045352734863197,8.920042474583971e-05,0.2594445976487005,0.2594445136613827
mx4_mt3,2906,1.3763943003912795,0.0066166411548997,0.0001691289170446,0.0045352903438435,8.920047945399068e-05,0.259444600544967,0.2594445165697334
mx4_mt3,2907,1.3763941496718473,0.0066165264096707,0.0001691264806356,0.0045353071101577,8.920053386337815e-05,0.2594446034254159,0.2594445194622004
mx4_mt3,2908,1.376393999771329,0.0066164122882641,0.0001691240574369,0.0045353237862062,8.920058797710136e-05,0.2594446062902114,0.2594445223389484
mx4_mt3,2909,1.376393850681103,0.0066162987841083,0.0001691216473096,0.0045353403729346,8.920064179827114e-05,0.2594446091395182,0.2594445252001431
mx4_mt3,2910,1.376393702392538,0.0066161858906223,0.0001691192501148,0.0045353568712903,8.920069533000882e-05,0.2594446119735015,0.2594445280459501
mx4_mt3,2911,1.3763935548969872,0.0066160736012154,0.0001691168657134,0.0045353732822223,8.920074857543149e-05,0.2594446147923264,0.2594445308765353
mx4_mt3,2912,1.376393408185792,0.0066159619092873,0.0001691144939661,0.0045353896066812,8.920080153766571e-05,0.2594446175961584,0.2594445336920649
mx4_mt3,2913,1.37639326225028,0.0066158508082282,0.0001691121347331,0.0045354058456194,8.920085421983491e-05,0.2594446203851629,0.259444536492705
mx4_mt3,2914,1.3763931170817676,0.0066157402914185,0.0001691097878746,0.004535421999991,8.920090662508244e-05,0.2594446231595063,0.2594445392786226
mx4_mt3,2915,1.3763929726715567,0.0066156303522292,0.0001691074532507,0.0045354380707516,8.920095875653276e-05,0.2594446259193539,0.2594445420499839
mx4_mt3,2916,1.3763928290109368,0.0066155209840214,0.0001691051307211,0.0045354540588588,8.92010106173418e-05,0.259444628664873,0.2594445448069569
mx4_mt3,2917,1.3763926860911853,0.0066154121801466,0.0001691028201452,0.0045354699652715,8.9201062210654e-05,0.25944463139623,0.2594445475497083
mx4_mt3,2918,1.3763925439035654,0.0066153039339466,0.0001691005213823,0.0045354857909506,8.920111353963054e-05,0.2594446341135922,0.2594445502784066
mx4_mt3,2919,1.376392402439328,0.0066151962387534,0.0001690982342916,0.0045355015368585,8.920116460741689e-05,0.2594446368171262,0.2594445529932187
mx4_mt3,2920,1.3763922616897106,0.0066150890878894,0.0001690959587319,0.0045355172039594,8.920121541717633e-05,0.2594446395069995,0.259444555694313
mx4_mt3,2921,1.3763921216459385,0.0066149824746671,0.0001690936945618,0.0045355327932192,8.920126597208267e-05,0.2594446421833801,0.2594445583818581
mx4_mt3,2922,1.3763919822992223,0.0066148763923894,0.0001690914416397,0.0045355483056052,8.920131627529396e-05,0.2594446448464351,0.2594445610560221
mx4_mt3,2923,1.376391843640761,0.0066147708343491,0.0001690891998238,0.0045355637420868,8.920136633000709e-05,0.2594446474963339,0.2594445637169748
mx4_mt3,2924,1.3763917056617403,0.0066146657938294,0.000169086968972,0.0045355791036348,8.920141613938954e-05,0.2594446501332442,0.2594445663648846
mx4_mt3,2925,1.376391568353333,0.0066145612641036,0.0001690847489421,0.0045355943912219,8.920146570662981e-05,0.2594446527573347,0.2594445689999209
mx4_mt3,2926,1.376391431706697,0.0066144572384353,0.0001690825395916,0.0045356096058222,8.920151503490802e-05,0.2594446553687738,0.2594445716222532
mx4_mt3,2927,1.3763912957129794,0.0066143537100781,0.0001690803407778,0.0045356247484118,8.920156412743886e-05,0.2594446579677317,0.259444574232052
mx4_mt3,2928,1.3763911603633123,0.0066142506722755,0.0001690781523578,0.0045356398199683,8.920161298741082e-05,0.2594446605543773,0.2594445768294869
mx4_mt3,2929,1.3763910256488168,0.0066141481182615,0.0001690759741883,0.0045356548214711,8.920166161803235e-05,0.2594446631288803,0.2594445794147285
mx4_mt3,2930,1.3763908915605976,0.0066140460412599,0.0001690738061261,0.0045356697539011,8.920171002251398e-05,0.2594446656914109,0.2594445819879476
mx4_mt3,2931,1.3763907580897488,0.0066139444344847,0.0001690716480274,0.0045356846182411,8.920175820406518e-05,0.2594446682421388,0.2594445845493147
mx4_mt3,2932,1.3763906252273508,0.0066138432911399,0.0001690694997486,0.0045356994154755,8.920180616590698e-05,0.2594446707812346,0.259444587099001
mx4_mt3,2933,1.3763904929644688,0.0066137426044195,0.0001690673611454,0.0045357141465905,8.920185391126985e-05,0.2594446733088694,0.2594445896371784
mx4_mt3,2934,1.3763903612921575,0.0066136423675075,0.0001690652320737,0.0045357288125737,8.920190144336853e-05,0.2594446758252133,0.2594445921640177
mx4_mt3,2935,1.376390230201457,0.0066135425735781,0.0001690631123889,0.0045357434144148,8.920194876544817e-05,0.2594446783304381,0.2594445946796915
mx4_mt3,2936,1.376390099683393,0.0066134432157952,0.0001690610019464,0.0045357579531048,8.920199588074135e-05,0.2594446808247151,0.2594445971843716
mx4_mt3,2937,1.3763899697289803,0.0066133442873128,0.0001690589006011,0.0045357724296367,8.92020427924995e-05,0.2594446833082163,0.2594445996782308
mx4_mt3,2938,1.3763898403292176,0.006613245781275,0.0001690568082079,0.0045357868450051,8.920208950396363e-05,0.2594446857811133,0.2594446021614416
mx4_mt3,2939,1.3763897114750927,0.0066131476908155,0.0001690547246213,0.0045358012002061,8.920213601838936e-05,0.2594446882435784,0.2594446046341769
mx4_mt3,2940,1.376389583157578,0.0066130500090581,0.0001690526496957,0.0045358154962378,8.920218233903027e-05,0.2594446906957841,0.2594446070966097
mx4_mt3,2941,1.3763894553676337,0.0066129527291167,0.0001690505832854,0.0045358297340999,8.920222846915671e-05,0.2594446931379032,0.2594446095489139
mx4_mt3,2942,1.3763893280962065,0.0066128558440949,0.0001690485252441,0.0045358439147936,8.920227441203063e-05,0.2594446955701087,0.2594446119912629
mx4_mt3,2943,1.3763892013342285,0.006612759347086,0.0001690464754256,0.0045358580393221,8.920232017092343e-05,0.2594446979925736,0.2594446144238307
mx4_mt3,2944,1.3763890750726189,0.0066126632311736,0.0001690444336834,0.0045358721086901,8.920236574911595e-05,0.2594447004054716,0.2594446168467917
mx4_mt3,2945,1.3763889493022856,0.0066125674894307,0.0001690423998706,0.0045358861239041,8.92024111498838e-05,0.2594447028089762,0.2594446192603198
mx4_mt3,2946,1.376388824014119,0.0066124721149205,0.0001690403738403,0.0045359000859721,8.920245637652565e-05,0.259444705203262,0.2594446216645907
mx4_mt3,2947,1.3763886991989993,0.0066123771006959,0.0001690383554453,0.004535913995904,8.920250143231711e-05,0.2594447075885025,0.2594446240597785
mx4_mt3,2948,1.376388574847792,0.0066122824397995,0.0001690363445381,0.0045359278547115,8.920254632057259e-05,0.259444709964873,0.2594446264460591
mx4_mt3,2949,1.3763884509513484,0.0066121881252638,0.0001690343409711,0.0045359416634077,8.920259104458134e-05,0.2594447123325478,0.2594446288236076
mx4_mt3,2950,1.3763883275005064,0.0066120941501111,0.0001690323445963,0.0045359554230076,8.920263560765463e-05,0.2594447146917021,0.2594446311926001
mx4_mt3,2951,1.3763882044860918,0.0066120005073535,0.0001690303552656,0.0045359691345278,8.920268001310062e-05,0.2594447170425111,0.2594446335532124
mx4_mt3,2952,1.376388081898915,0.0066119071899928,0.0001690283728307,0.0045359827989867,8.920272426424626e-05,0.2594447193851509,0.2594446359056214
mx4_mt3,2953,1.3763879597297737,0.0066118141910205,0.000169026397143,0.0045359964174043,8.920276836439555e-05,0.2594447217197965,0.2594446382500026
mx4_mt3,2954,1.3763878379694523,0.006611721503418,0.0001690244280536,0.0045360099908024,8.920281231688912e-05,0.2594447240466246,0.2594446405865336
mx4_mt3,2955,1.3763877166087204,0.0066116291201563,0.0001690224654136,0.0045360235202045,8.920285612504769e-05,0.2594447263658111,0.2594446429153912
mx4_mt3,2956,1.376387595638335,0.0066115370341962,0.0001690205090737,0.0045360370066357,8.920289979221821e-05,0.2594447286775332,0.2594446452367531
mx4_mt3,2957,1.3763874750490386,0.0066114452384881,0.0001690185588843,0.0045360504511229,8.92029433217298e-05,0.2594447309819671,0.2594446475507965
mx4_mt3,2958,1.3763873548315608,0.0066113537259721,0.0001690166146958,0.0045360638546946,8.920298671693467e-05,0.2594447332792903,0.2594446498576994
mx4_mt3,2959,1.3763872349766182,0.0066112624895781,0.0001690146763581,0.0045360772183812,8.920302998118502e-05,0.2594447355696803,0.2594446521576399
mx4_mt3,2960,1.3763871154749108,0.0066111715222257,0.0001690127437212,0.0045360905432146,8.92030731178341e-05,0.2594447378533146,0.2594446544507967
mx4_mt3,2961,1.3763869963171282,0.0066110808168239,0.0001690108166345,0.0045361038302285,8.920311613024354e-05,0.2594447401303711,0.259444656737348
mx4_mt3,2962,1.3763868774939445,0.0066109903662716,0.0001690088949475,0.0045361170804583,8.920315902177919e-05,0.2594447424010281,0.2594446590174732
mx4_mt3,2963,1.37638675899602,0.0066109001634573,0.0001690069785092,0.004536130294941,8.920320179581005e-05,0.2594447446654639,0.2594446612913511
mx4_mt3,2964,1.3763866408140026,0.006610810201259,0.0001690050671687,0.0045361434747156,8.92032444557156e-05,0.2594447469238575,0.2594446635591614
mx4_mt3,2965,1.3763865229385244,0.0066107204725445,0.0001690031607744,0.0045361566208226,8.920328700487007e-05,0.2594447491763874,0.2594446658210837
mx4_mt3,2966,1.3763864053602053,0.0066106309701712,0.000169001259175,0.0045361697343041,8.920332944666136e-05,0.259444751423233,0.2594446680772979
mx4_mt3,2967,1.3763862880696514,0.0066105416869859,0.0001689993622185,0.004536182816204,8.920337178448362e-05,0.259444753664574,0.2594446703279844
mx4_mt3,2968,1.3763861710574543,0.0066104526158252,0.000168997469753,0.0045361958675682,8.920341402173521e-05,0.2594447559005903,0.259444672573324
mx4_mt3,2969,1.376386054314192,0.0066103637495153,0.0001689955816263,0.0045362088894438,8.920345616180719e-05,0.2594447581314614,0.2594446748134969
mx4_mt3,2970,1.3763859378304288,0.0066102750808718,0.0001689936976857,0.00453622188288,8.920349820810736e-05,0.2594447603573678,0.2594446770486843
mx4_mt3,2971,1.376385821596715,0.0066101866027,0.0001689918177787,0.0045362348489275,8.920354016404037e-05,0.2594447625784897,0.2594446792790671
mx4_mt3,2972,1.3763857056035873,0.0066100983077948,0.0001689899417523,0.0045362477886388,8.92035820330424e-05,0.259444764795009,0.2594446815048282
mx4_mt3,2973,1.3763855898415691,0.0066100101889406,0.0001689880694533,0.0045362607030682,8.92036238185118e-05,0.2594447670071056,0.259444683726148
mx4_mt3,2974,1.376385474301168,0.0066099222389114,0.0001689862007283,0.0045362735932715,8.920366552388156e-05,0.2594447692149613,0.2594446859432092
mx4_mt3,2975,1.37638535897288,0.0066098344504707,0.0001689843354236,0.0045362864603064,8.920370715258365e-05,0.2594447714187577,0.2594446881561942
mx4_mt3,2976,1.3763852438471866,0.0066097468163714,0.0001689824733855,0.0045362993052322,8.920374870805734e-05,0.259444773618677,0.2594446903652856
mx4_mt3,2977,1.3763851289145546,0.0066096593293563,0.0001689806144598,0.0045363121291099,8.920379019373773e-05,0.2594447758149009,0.2594446925706664
mx4_mt3,2978,1.376385014165437,0.0066095719821573,0.0001689787584921,0.0045363249330024,8.920383161306938e-05,0.2594447780076119,0.2594446947725195
mx4_mt3,2979,1.3763848995902743,0.0066094847674962,0.000168976905328,0.0045363377179741,8.920387296951045e-05,0.2594447801969929,0.2594446969710287
mx4_mt3,2980,1.3763847851794917,0.006609397678084,0.0001689750548126,0.0045363504850912,8.920391426650757e-05,0.2594447823832266,0.2594446991663774
mx4_mt3,2981,1.3763846709235013,0.0066093107066213,0.0001689732067909,0.0045363632354217,8.920395550752838e-05,0.2594447845664964,0.2594447013587498
mx4_mt3,2982,1.3763845568127002,0.0066092238457985,0.0001689713611077,0.0045363759700351,8.920399669602268e-05,0.2594447867469849,0.2594447035483294
mx4_mt3,2983,1.376384442837473,0.006609137088295,0.0001689695176075,0.0045363886900028,8.92040378354801e-05,0.259444788924877,0.2594447057353016
mx4_mt3,2984,1.3763843289881896,0.0066090504267801,0.0001689676761345,0.0045364013963979,8.920407892936827e-05,0.2594447911003562,0.2594447079198508
mx4_mt3,2985,1.3763842152552062,0.0066089638539123,0.0001689658365328,0.0045364140902952,8.920411998116112e-05,0.2594447932736064,0.2594447101021617
mx4_mt3,2986,1.376384101628865,0.0066088773623399,0.0001689639986462,0.0045364267727711,8.920416099435563e-05,0.2594447954448127,0.2594447122824201
mx4_mt3,2987,1.3763839880994937,0.0066087909447003,0.0001689621623184,0.0045364394449039,8.920420197243938e-05,0.2594447976141598,0.2594447144608116
mx4_mt3,2988,1.376383874657407,0.0066087045936208,0.0001689603273926,0.0045364521077736,8.920424291890097e-05,0.2594447997818324,0.2594447166375214
mx4_mt3,2989,1.3763837612929055,0.0066086183017178,0.000168958493712,0.0045364647624617,8.920428383725106e-05,0.2594448019480162,0.2594447188127364
mx4_mt3,2990,1.3763836479962754,0.0066085320615973,0.0001689566611195,0.0045364774100517,8.920432473099082e-05,0.2594448041128967,0.2594447209866425
mx4_mt3,2991,1.3763835347577893,0.006608445865855,0.0001689548294577,0.0045364900516287,8.92043656036267e-05,0.2594448062766595,0.2594447231594262
mx4_mt3,2992,1.3763834215677055,0.0066083597070757,0.0001689529985691,0.0045365026882794,8.92044064586809e-05,0.259444808439491,0.2594447253312746
mx4_mt3,2993,1.376383308416268,0.0066082735778339,0.0001689511682959,0.0045365153210925,8.920444729966932e-05,0.2594448106015774,0.259444727502375
mx4_mt3,2994,1.3763831952937085,0.0066081874706935,0.00016894933848,0.0045365279511582,8.920448813011831e-05,0.2594448127631054,0.2594447296729145
mx4_mt3,2995,1.376383082190243,0.0066081013782079,0.0001689475089631,0.0045365405795685,8.920452895356161e-05,0.2594448149242619,0.259444731843081
mx4_mt3,2996,1.376382969096074,0.00660801529292,0.0001689456795867,0.0045365532074171,8.92045697735382e-05,0.2594448170852345,0.2594447340130627
mx4_mt3,2997,1.3763828560013902,0.0066079292073619,0.0001689438501922,0.0045365658357995,8.920461059358598e-05,0.2594448192462104,0.2594447361830478
mx4_mt3,2998,1.3763827428963669,0.0066078431140554,0.0001689420206205,0.0045365784658127,8.920465141724291e-05,0.2594448214073768,0.2594447383532241
mx4_mt3,2999,1.3763826297711643,0.0066077570055119,0.0001689401907125,0.0045365910985558,8.920469224807102e-05,0.2594448235689223,0.2594447405237812
mx4_mt3,3000,1.3763825166159294,0.0066076708742319,0.0001689383603086,0.0045366037351292,8.920473308961768e-05,0.2594448257310348,0.2594447426949075
mx6_mt1,2501,1.377245523906977,0.0080832136877851,0.0001269154658763,0.0047631232481394,8.897173201249738e-05,0.2594324828127327,0.2594309706490813
mx6_mt1,2502,1.3772439468953774,0.008081880944075,0.0001268979456779,0.0047635064218931,8.897226634147642e-05,0.2594325111365678,0.2594309985362361
mx6_mt1,2503,1.3772423749766207,0.0080805524863225,0.0001268804828034,0.0047638884949245,8.897279897217736e-05,0.2594325393702956,0.2594310263347384
mx6_mt1,2504,1.3772408081434049,0.0080792283085273,0.0001268630771647,0.0047642694677377,8.897332990694122e-05,0.259432567514041,0.2594310540447105
mx6_mt1,2505,1.3772392463884229,0.0080779084046817,0.0001268457286735,0.0047646493408443,8.89738591480724e-05,0.2594325955679268,0.2594310816662725
mx6_mt1,2506,1.3772376897043577,0.0080765927687723,0.0001268284372414,0.0047650281147638,8.897438669781466e-05,0.2594326235320728,0.2594311091995414
mx6_mt1,2507,1.3772361380838858,0.0080752813947784,0.0001268112027799,0.0047654057900233,8.897491255838146e-05,0.2594326514065972,0.2594311366446327
mx6_mt1,2508,1.3772345915196753,0.0080739742766711,0.0001267940252006,0.0047657823671574,8.897543673206172e-05,0.2594326791916221,0.2594311640016657
mx6_mt1,2509,1.3772330500043874,0.0080726714084131,0.0001267769044149,0.0047661578467084,8.897595922119264e-05,0.2594327068872722,0.2594311912707624
mx6_mt1,2510,1.377231513530674,0.0080713727839608,0.0001267598403345,0.0047665322292259,8.897648002806226e-05,0.2594327344936695,0.2594312184520423
mx6_mt1,2511,1.3772299820911809,0.0080700783972638,0.0001267428328706,0.0047669055152678,8.897699915491783e-05,0.2594327620109339,0.2594312455456226
mx6_mt1,2512,1.3772284556785457,0.0080687882422639,0.0001267258819344,0.0047672777053991,8.897751660402346e-05,0.2594327894391862,0.2594312725516211
mx6_mt1,2513,1.3772269342853976,0.0080675023128947,0.0001267089874375,0.0047676488001925,8.897803237769883e-05,0.2594328167785502,0.259431299470159
mx6_mt1,2514,1.377225417904357,0.0080662206030822,0.0001266921492909,0.0047680188002284,8.89785464782637e-05,0.2594328440291496,0.2594313263013576
mx6_mt1,2515,1.3772239065280394,0.0080649431067458,0.000126675367406,0.0047683877060948,8.897905890800855e-05,0.2594328711911066,0.2594313530453361
mx6_mt1,2516,1.3772224001490494,0.0080636698177978,0.0001266586416937,0.0047687555183872,8.897956966919989e-05,0.259432898264542,0.259431379702213
mx6_mt1,2517,1.3772208987599857,0.0080624007301422,0.0001266419720653,0.004769122237709,8.898007876413885e-05,0.2594329252495786,0.2594314062721081
mx6_mt1,2518,1.3772194023534383,0.008061135837675,0.0001266253584317,0.0047694878646709,8.898058619516431e-05,0.2594329521463412,0.2594314327551435
mx6_mt1,2519,1.377217910921989,0.0080598751342851,0.000126608800704,0.0047698523998913,8.898109196459536e-05,0.2594329789549535,0.2594314591514404
mx6_mt1,2520,1.377216424458212,0.0080586186138543,0.0001265922987931,0.0047702158439962,8.898159607471867e-05,0.2594330056755373,0.259431485461118
mx6_mt1,2521,1.3772149429546736,0.008057366270257,0.0001265758526099,0.0047705781976193,8.898209852783357e-05,0.2594330323082153,0.2594315116842963
mx6_mt1,2522,1.3772134664039315,0.0080561180973592,0.0001265594620651,0.0047709394614018,8.898259932627086e-05,0.2594330588531118,0.2594315378210969
mx6_mt1,2523,1.377211994798537,0.0080548740890193,0.0001265431270697,0.0047712996359925,8.898309847236772e-05,0.2594330853103514,0.2594315638716419
mx6_mt1,2524,1.3772105281310312,0.0080536342390885,0.0001265268475343,0.0047716587220478,8.898359596845511e-05,0.2594331116800584,0.2594315898360527
mx6_mt1,2525,1.3772090663939485,0.0080523985414104,0.0001265106233696,0.0047720167202317,8.898409181683998e-05,0.2594331379623559,0.25943161571445
mx6_mt1,2526,1.3772076095798145,0.0080511669898212,0.0001264944544863,0.0047723736312158,8.898458601983665e-05,0.2594331641573671,0.2594316415069543
mx6_mt1,2527,1.3772061576811476,0.0080499395781488,0.0001264783407948,0.0047727294556794,8.89850785797983e-05,0.2594331902652177,0.2594316672136887
mx6_mt1,2528,1.377204710690458,0.0080487163002134,0.0001264622822058,0.004773084194309,8.898556949907713e-05,0.2594332162860329,0.2594316928347756
mx6_mt1,2529,1.377203268600246,0.008047497149828,0.0001264462786297,0.0047734378477992,8.898605878000338e-05,0.2594332422199371,0.259431718370337
mx6_mt1,2530,1.377201831403006,0.0080462821207978,0.0001264303299769,0.0047737904168517,8.898654642490325e-05,0.2594332680670541,0.2594317438204943
mx6_mt1,2531,1.377200399091223,0.0080450712069205,0.0001264144361577,0.0047741419021762,8.898703243611863e-05,0.2594332938275089,0.2594317691853695
mx6_mt1,2532,1.3771989716573747,0.0080438644019851,0.0001263985970825,0.0047744923044897,8.898751681602611e-05,0.2594333195014282,0.2594317944650866
mx6_mt1,2533,1.3771975490939292,0.0080426616997737,0.0001263828126615,0.0047748416245168,8.898799956697194e-05,0.259433345088937,0.2594318196597683
mx6_mt1,2534,1.3771961313933476,0.0080414630940605,0.0001263670828049,0.0047751898629897,8.898848069130349e-05,0.2594333705901604,0.2594318447695372
mx6_mt1,2535,1.377194718548082,0.0080402685786119,0.0001263514074228,0.0047755370206481,8.898896019137661e-05,0.259433396005224,0.2594318697945161
mx6_mt1,2536,1.377193310550577,0.0080390781471864,0.0001263357864253,0.0047758830982396,8.898943806955349e-05,0.2594334213342537,0.2594318947348283
mx6_mt1,2537,1.377191907393268,0.0080378917935346,0.0001263202197225,0.0047762280965187,8.898991432820891e-05,0.2594334465773761,0.2594319195905978
mx6_mt1,2538,1.3771905090685828,0.0080367095113993,0.0001263047072243,0.0047765720162482,8.899038896970315e-05,0.2594334717347169,0.2594319443619479
mx6_mt1,2539,1.3771891155689404,0.0080355312945156,0.0001262892488405,0.0047769148581978,8.899086199641847e-05,0.2594334968064031,0.2594319690490029
mx6_mt1,2540,1.377187726886752,0.0080343571366108,0.0001262738444812,0.0047772566231452,8.899133341071629e-05,0.2594335217925606,0.2594319936518861
mx6_mt1,2541,1.3771863430144191,0.0080331870314041,0.000126258494056,0.0047775973118755,8.89918032149822e-05,0.2594335466933165,0.259432018170722
mx6_mt1,2542,1.3771849639443372,0.0080320209726068,0.0001262431974746,0.0047779369251813,8.899227141159763e-05,0.2594335715087976,0.2594320426056349
mx6_mt1,2543,1.3771835896688904,0.0080308589539223,0.0001262279546469,0.0047782754638627,8.89927380029483e-05,0.2594335962391311,0.2594320669567495
mx6_mt1,2544,1.3771822201804569,0.0080297009690462,0.0001262127654823,0.0047786129287275,8.899320299142207e-05,0.2594336208844442,0.2594320912241903
mx6_mt1,2545,1.377180855471405,0.0080285470116663,0.0001261976298905,0.0047789493205909,8.899366637940482e-05,0.2594336454448641,0.259432115408082
mx6_mt1,2546,1.377179495534094,0.008027397075462,0.000126182547781,0.0047792846402756,8.899412816930234e-05,0.2594336699205188,0.2594321395085502
mx6_mt1,2547,1.3771781403608776,0.0080262511541049,0.0001261675190631,0.0047796188886119,8.899458836351319e-05,0.2594336943115363,0.25943216352572
mx6_mt1,2548,1.377176789944098,0.0080251092412586,0.0001261525436463,0.0047799520664377,8.899504696442657e-05,0.2594337186180438,0.2594321874597162
mx6_mt1,2549,1.377175444276089,0.0080239713305789,0.0001261376214399,0.0047802841745983,8.899550397445582e-05,0.2594337428401698,0.2594322113106649
mx6_mt1,2550,1.3771741033491778,0.0080228374157134,0.0001261227523532,0.0047806152139465,8.899595939601646e-05,0.2594337669780431,0.2594322350786922
mx6_mt1,2551,1.377172767155681,0.0080217074903015,0.0001261079362954,0.0047809451853426,8.899641323150836e-05,0.2594337910317914,0.2594322587639234
mx6_mt1,2552,1.3771714356879083,0.0080205815479748,0.0001260931731755,0.0047812740896546,8.899686548335556e-05,0.2594338150015439,0.2594322823664849
mx6_mt1,2553,1.3771701089381592,0.0080194595823567,0.0001260784629027,0.0047816019277578,8.89973161539748e-05,0.2594338388874294,0.2594323058865033
mx6_mt1,2554,1.3771687868987257,0.0080183415870623,0.000126063805386,0.004781928700535,8.89977652457913e-05,0.2594338626895769,0.2594323293241048
mx6_mt1,2555,1.37716746956189,0.0080172275556991,0.0001260492005343,0.0047822544088767,8.899821276122825e-05,0.2594338864081156,0.2594323526794161
mx6_mt1,2556,1.3771661569199274,0.008016117481866,0.0001260346482566,0.0047825790536807,8.899865870271725e-05,0.2594339100431749,0.2594323759525642
mx6_mt1,2557,1.3771648489651014,0.0080150113591539,0.0001260201484616,0.0047829026358524,8.899910307268374e-05,0.2594339335948841,0.2594323991436759
mx6_mt1,2558,1.3771635456896705,0.0080139091811456,0.0001260057010582,0.0047832251563044,8.89995458735825e-05,0.2594339570633739,0.2594324222528791
mx6_mt1,2559,1.3771622470858818,0.0080128109414156,0.000125991305955,0.0047835466159573,8.899998710784221e-05,0.2594339804487736,0.2594324452803008
mx6_mt1,2560,1.3771609531459743,0.0080117166335303,0.0001259769630607,0.0047838670157388,8.900042677790523e-05,0.2594340037512132,0.2594324682260684
mx6_mt1,2561,1.3771596638621788,0.0080106262510479,0.0001259626722838,0.0047841863565841,8.900086488622135e-05,0.2594340269708233,0.25943249109031
mx6_mt1,2562,1.377158379226716,0.0080095397875181,0.0001259484335328,0.0047845046394361,8.900130143524143e-05,0.2594340501077343,0.2594325138731535
mx6_mt1,2563,1.3771570992317987,0.0080084572364827,0.0001259342467163,0.0047848218652448,8.900173642742688e-05,0.2594340731620773,0.2594325365747276
mx6_mt1,2564,1.377155823869631,0.0080073785914751,0.0001259201117424,0.004785138034968,8.900216986523288e-05,0.259434096133983,0.2594325591951602
mx6_mt1,2565,1.3771545531324074,0.0080063038460203,0.0001259060285197,0.0047854531495708,8.90026017511189e-05,0.2594341190235824,0.2594325817345799
mx6_mt1,2566,1.3771532870123135,0.0080052329936352,0.0001258919969563,0.0047857672100258,8.900303208754759e-05,0.2594341418310065,0.2594326041931154
mx6_mt1,2567,1.3771520255015255,0.0080041660278281,0.0001258780169604,0.004786080217313,8.900346087699319e-05,0.2594341645563872,0.259432626570896
mx6_mt1,2568,1.377150768592213,0.0080031029420992,0.0001258640884401,0.0047863921724199,8.900388812193105e-05,0.2594341871998562,0.2594326488680506
mx6_mt1,2569,1.3771495162765337,0.0080020437299403,0.0001258502113034,0.0047867030763415,8.900431382483763e-05,0.2594342097615453,0.2594326710847088
mx6_mt1,2570,1.377148268546637,0.0080009883848346,0.0001258363854584,0.00478701293008,8.90047379881853e-05,0.2594342322415862,0.2594326932209998
mx6_mt1,2571,1.3771470253946647,0.0079999369002573,0.0001258226108129,0.0047873217346454,8.90051606144726e-05,0.2594342546401119,0.2594327152770538
mx6_mt1,2572,1.377145786812748,0.0079988892696748,0.0001258088872748,0.0047876294910547,8.900558170617622e-05,0.2594342769572541,0.2594327372530005
mx6_mt1,2573,1.3771445527930095,0.0079978454865453,0.0001257952147518,0.0047879362003328,8.900600126579591e-05,0.259434299193146,0.2594327591489701
mx6_mt1,2574,1.377143323327563,0.0079968055443184,0.0001257815931517,0.0047882418635117,8.900641929581684e-05,0.2594343213479199,0.2594327809650927
mx6_mt1,2575,1.3771420984085123,0.0079957694364354,0.0001257680223821,0.0047885464816308,8.900683579873993e-05,0.2594343434217088,0.2594328027014987
mx6_mt1,2576,1.3771408780279528,0.0079947371563289,0.0001257545023505,0.0047888500557371,8.900725077707982e-05,0.2594343654146466,0.2594328243583195
mx6_mt1,2577,1.377139662177971,0.0079937086974231,0.0001257410329644,0.0047891525868849,8.900766423334279e-05,0.2594343873268667,0.259432845935686
mx6_mt1,2578,1.377138450850642,0.0079926840531338,0.0001257276141313,0.004789454076136,8.900807617002578e-05,0.2594344091585019,0.2594328674337287
mx6_mt1,2579,1.377137244038035,0.007991663216868,0.0001257142457585,0.0047897545245594,8.900848658965302e-05,0.2594344309096867,0.2594328888525793
mx6_mt1,2580,1.3771360417322072,0.0079906461820244,0.0001257009277533,0.0047900539332318,8.900889549474147e-05,0.259434452580555,0.2594329101923694
mx6_mt1,2581,1.3771348439252074,0.0079896329419928,0.0001256876600229,0.004790352303237,8.900930288781131e-05,0.2594344741712409,0.2594329314532306
mx6_mt1,2582,1.3771336506090757,0.0079886234901547,0.0001256744424744,0.0047906496356664,8.900970877138902e-05,0.2594344956818787,0.2594329526352948
mx6_mt1,2583,1.3771324617758416,0.0079876178198828,0.0001256612750149,0.0047909459316186,8.901011314801272e-05,0.2594345171126037,0.2594329737386946
mx6_mt1,2584,1.3771312774175266,0.0079866159245412,0.0001256481575514,0.0047912411921998,8.90105160202059e-05,0.2594345384635501,0.2594329947635618
mx6_mt1,2585,1.3771300975261425,0.0079856177974855,0.0001256350899907,0.0047915354185234,8.901091739051619e-05,0.2594345597348533,0.2594330157100293
mx6_mt1,2586,1.37712892209369,0.0079846234320622,0.0001256220722398,0.0047918286117102,8.90113172614714e-05,0.259434580926648,0.2594330365782295
mx6_mt1,2587,1.377127751112163,0.0079836328216096,0.0001256091042054,0.0047921207728884,8.901171563562768e-05,0.2594346020390702,0.2594330573682956
mx6_mt1,2588,1.377126584573544,0.0079826459594569,0.0001255961857942,0.0047924119031937,8.901211251553391e-05,0.2594346230722554,0.2594330780803607
mx6_mt1,2589,1.3771254224698055,0.0079816628389248,0.0001255833169128,0.0047927020037688,8.90125079037411e-05,0.2594346440263393,0.2594330987145584
mx6_mt1,2590,1.377124264792913,0.0079806834533252,0.0001255704974677,0.0047929910757641,8.90129018028077e-05,0.2594346649014582,0.259433119271022
mx6_mt1,2591,1.3771231115348204,0.007979707795961,0.0001255577273654,0.0047932791203372,8.90132942152995e-05,0.2594346856977484,0.2594331397498857
mx6_mt1,2592,1.377121962687473,0.0079787358601266,0.0001255450065124,0.0047935661386531,8.90136851437761e-05,0.2594347064153463,0.2594331601512831
mx6_mt1,2593,1.3771208182428052,0.0079777676391074,0.0001255323348149,0.0047938521318841,8.901407459080974e-05,0.2594347270543884,0.2594331804753485
mx6_mt1,2594,1.3771196781927435,0.00797680312618,0.0001255197121791,0.0047941371012099,8.901446255897371e-05,0.2594347476150119,0.2594332007222165
mx6_mt1,2595,1.3771185425292036,0.0079758423146122,0.0001255071385112,0.0047944210478173,8.901484905084559e-05,0.2594347680973538,0.2594332208920216
mx6_mt1,2596,1.3771174112440914,0.0079748851976629,0.0001254946137174,0.0047947039729008,8.901523406899677e-05,0.2594347885015509,0.2594332409848982
mx6_mt1,2597,1.3771162843293046,0.007973931768582,0.0001254821377035,0.004794985877662,8.901561761603004e-05,0.2594348088277415,0.259433261000982
mx6_mt1,2598,1.3771151617767283,0.0079729820206106,0.0001254697103756,0.0047952667633098,8.901599969452843e-05,0.2594348290760632,0.2594332809404083
mx6_mt1,2599,1.377114043578241,0.0079720359469807,0.0001254573316394,0.0047955466310605,8.90163803070917e-05,0.2594348492466542,0.2594333008033127
mx6_mt1,2600,1.3771129297257092,0.0079710935409157,0.0001254450014007,0.0047958254821376,8.90167594563051e-05,0.259434869339652,0.2594333205898303
mx6_mt1,2601,1.377111820210991,0.0079701547956296,0.0001254327195653,0.0047961033177721,8.90171371447748e-05,0.2594348893551951,0.259433340300097
mx6_mt1,2602,1.377110715025934,0.0079692197043276,0.0001254204860386,0.0047963801392022,8.90175133751092e-05,0.2594349092934224,0.2594333599342494
mx6_mt1,2603,1.377109614162375,0.0079682882602057,0.0001254083007263,0.0047966559476732,8.901788814991671e-05,0.2594349291544726,0.2594333794924235
mx6_mt1,2604,1.3771085176121427,0.0079673604564513,0.0001253961635338,0.004796930744438,8.901826147181209e-05,0.2594349489384846,0.259433398974756
mx6_mt1,2605,1.377107425367055,0.0079664362862422,0.0001253840743665,0.0047972045307567,8.901863334342274e-05,0.2594349686455983,0.259433418381384
mx6_mt1,2606,1.3771063374189187,0.0079655157427474,0.0001253720331295,0.0047974773078965,8.901900376736143e-05,0.2594349882759525,0.2594334377124443
mx6_mt1,2607,1.377105253759533,0.0079645988191268,0.0001253600397282,0.0047977490771322,8.901937274625568e-05,0.259435007829687,0.2594334569680738
mx6_mt1,2608,1.3771041743806856,0.007963685508531,0.0001253480940676,0.0047980198397456,8.901974028273515e-05,0.2594350273069417,0.25943347614841
mx6_mt1,2609,1.3771030992741533,0.0079627758041017,0.0001253361960527,0.0047982895970258,8.902010637943374e-05,0.2594350467078565,0.2594334952535906
mx6_mt1,2610,1.377102028431706,0.0079618696989711,0.0001253243455886,0.0047985583502693,8.902047103899799e-05,0.2594350660325722,0.2594335142837535
mx6_mt1,2611,1.3771009618450996,0.0079609671862626,0.00012531254258,0.0047988261007798,8.902083426407134e-05,0.2594350852812294,0.259433533239037
mx6_mt1,2612,1.377099899506082,0.00796006825909,0.0001253007869318,0.0047990928498682,8.90211960572973e-05,0.2594351044539685,0.2594335521195793
mx6_mt1,2613,1.377098841406391,0.0079591729105582,0.0001252890785486,0.0047993585988528,8.90215564213299e-05,0.2594351235509308,0.2594335709255189
mx6_mt1,2614,1.377097787537754,0.0079582811337626,0.000125277417335,0.0047996233490589,8.902191535882219e-05,0.2594351425722573,0.2594335896569943
mx6_mt1,2615,1.3770967378918877,0.0079573929217894,0.0001252658031956,0.0047998871018192,8.902227287243877e-05,0.2594351615180896,0.2594336083141449
mx6_mt1,2616,1.377095692460498,0.0079565082677154,0.0001252542360348,0.0048001498584736,8.902262896483807e-05,0.259435180388569,0.2594336268971095
mx6_mt1,2617,1.377094651235283,0.0079556271646084,0.0001252427157569,0.0048004116203693,8.902298363870051e-05,0.2594351991838381,0.2594336454060279
mx6_mt1,2618,1.3770936142079284,0.0079547496055265,0.0001252312422663,0.0048006723888608,8.902333689669089e-05,0.2594352179040386,0.2594336638410395
mx6_mt1,2619,1.37709258137011,0.0079538755835185,0.000125219815467,0.0048009321653094,8.902368874148556e-05,0.2594352365493126,0.259433682202284
mx6_mt1,2620,1.377091552713493,0.007953005091624,0.0001252084352632,0.0048011909510842,8.902403917577038e-05,0.2594352551198031,0.2594337004899018
mx6_mt1,2621,1.3770905282297323,0.007952138122873,0.0001251971015588,0.004801448747561,8.902438820223859e-05,0.259435273615653,0.2594337187040336
mx6_mt1,2622,1.3770895079104732,0.007951274670286,0.0001251858142578,0.0048017055561232,8.902473582357299e-05,0.2594352920370051,0.2594337368448195
mx6_mt1,2623,1.3770884917473505,0.0079504147268744,0.0001251745732639,0.0048019613781612,8.902508204246171e-05,0.2594353103840023,0.2594337549123998
mx6_mt1,2624,1.377087479731987,0.0079495582856397,0.000125163378481,0.0048022162150726,8.90254268616149e-05,0.2594353286567885,0.2594337729069161
mx6_mt1,2625,1.3770864718559963,0.0079487053395742,0.0001251522298126,0.0048024700682622,8.90257702837302e-05,0.2594353468555072,0.2594337908285094
mx6_mt1,2626,1.3770854681109814,0.0079478558816603,0.0001251411271622,0.0048027229391422,8.902611231151789e-05,0.2594353649803024,0.2594338086773212
mx6_mt1,2627,1.377084468488534,0.0079470099048714,0.0001251300704334,0.0048029748291316,8.902645294769875e-05,0.2594353830313188,0.2594338264534938
mx6_mt1,2628,1.377083472980236,0.0079461674021709,0.0001251190595295,0.0048032257396569,8.902679219498527e-05,0.2594354010087004,0.2594338441571687
mx6_mt1,2629,1.3770824815776583,0.0079453283665127,0.0001251080943538,0.0048034756721516,8.902713005608995e-05,0.2594354189125915,0.2594338617884876
mx6_mt1,2630,1.3770814942723617,0.0079444927908413,0.0001250971748094,0.0048037246280565,8.902746653374005e-05,0.259435436743137,0.2594338793475929
mx6_mt1,2631,1.3770805110558952,0.0079436606680911,0.0001250863007995,0.0048039726088194,8.902780163067544e-05,0.2594354545004825,0.2594338968346278
mx6_mt1,2632,1.377079531919798,0.0079428319911873,0.000125075472227,0.0048042196158955,8.90281353496266e-05,0.2594354721847731,0.259433914249735
mx6_mt1,2633,1.377078556855598,0.007942006753045,0.0001250646889948,0.004804465650747,8.902846769333559e-05,0.2594354897961545,0.2594339315930577
mx6_mt1,2634,1.377077585854813,0.0079411849465701,0.0001250539510057,0.0048047107148431,8.902879866453616e-05,0.259435507334772,0.2594339488647386
mx6_mt1,2635,1.3770766189089492,0.0079403665646584,0.0001250432581624,0.0048049548096605,8.902912826598306e-05,0.259435524800772,0.2594339660649217
mx6_mt1,2636,1.3770756560095023,0.0079395516001959,0.0001250326103676,0.0048051979366828,8.902945650042793e-05,0.2594355421943006,0.2594339831937506
mx6_mt1,2637,1.3770746971479582,0.007938740046059,0.0001250220075237,0.0048054400974008,8.902978337063399e-05,0.2594355595155048,0.2594340002513698
mx6_mt1,2638,1.3770737423157902,0.0079379318951142,0.0001250114495333,0.0048056812933124,8.903010887935615e-05,0.2594355767645309,0.259434017237923
mx6_mt1,2639,1.3770727915044607,0.0079371271402182,0.0001250009362985,0.0048059215259227,8.903043302936507e-05,0.2594355939415261,0.2594340341535552
mx6_mt1,2640,1.3770718447054229,0.0079363257742179,0.0001249904677216,0.0048061607967439,8.903075582342204e-05,0.2594356110466372,0.2594340509984103
mx6_mt1,2641,1.3770709019101173,0.0079355277899502,0.0001249800437048,0.0048063991072952,8.903107726431248e-05,0.2594356280800121,0.259434067772634
mx6_mt1,2642,1.377069963109974,0.0079347331802422,0.0001249696641501,0.0048066364591031,8.903139735480722e-05,0.259435645041798,0.2594340844763712
mx6_mt1,2643,1.3770690282964126,0.0079339419379111,0.0001249593289594,0.0048068728537011,8.903171609770435e-05,0.2594356619321436,0.2594341011097675
mx6_mt1,2644,1.3770680974608396,0.007933154055764,0.0001249490380345,0.0048071082926298,8.903203349578108e-05,0.2594356787511965,0.2594341176729687
mx6_mt1,2645,1.377067170594654,0.0079323695265981,0.0001249387912773,0.004807342777437,8.903234955183877e-05,0.2594356954991054,0.2594341341661204
mx6_mt1,2646,1.37706624768924,0.0079315883432006,0.0001249285885892,0.0048075763096775,8.903266426867041e-05,0.2594357121760188,0.259434150589369
mx6_mt1,2647,1.3770653287359724,0.0079308104983489,0.0001249184298719,0.0048078088909131,8.903297764907222e-05,0.2594357287820852,0.2594341669428603
mx6_mt1,2648,1.3770644137262142,0.0079300359848099,0.0001249083150268,0.004808040522713,8.903328969586353e-05,0.2594357453174544,0.2594341832267418
mx6_mt1,2649,1.3770635026513178,0.0079292647953407,0.0001248982439551,0.0048082712066531,8.903360041185214e-05,0.2594357617822755,0.2594341994411598
mx6_mt1,2650,1.3770625955026243,0.0079284969226884,0.0001248882165582,0.0048085009443166,8.903390979986062e-05,0.2594357781766985,0.259434215586262
mx6_mt1,2651,1.3770616922714631,0.0079277323595899,0.0001248782327372,0.0048087297372938,8.903421786270528e-05,0.259435794500873,0.2594342316621955
mx6_mt1,2652,1.3770607929491514,0.0079269710987717,0.0001248682923931,0.0048089575871819,8.903452460320562e-05,0.2594358107549487,0.2594342476691075
mx6_mt1,2653,1.377059897526997,0.0079262131329505,0.0001248583954267,0.0048091844955853,8.903483002420425e-05,0.2594358269390766,0.2594342636071464
mx6_mt1,2654,1.3770590059962948,0.0079254584548326,0.000124848541739,0.0048094104641154,8.903513412852391e-05,0.2594358430534067,0.2594342794764598
mx6_mt1,2655,1.3770581183483288,0.0079247070571141,0.0001248387312307,0.0048096354943907,8.903543691901882e-05,0.2594358590980906,0.2594342952771966
mx6_mt1,2656,1.3770572345743717,0.0079239589324809,0.0001248289638022,0.0048098595880367,8.903573839852125e-05,0.2594358750732786,0.259434311009505
mx6_mt1,2657,1.377056354665684,0.0079232140736085,0.0001248192393542,0.0048100827466859,8.903603856989285e-05,0.2594358909791229,0.2594343266735341
mx6_mt1,2658,1.377055478613515,0.0079224724731624,0.0001248095577871,0.0048103049719779,8.903633743598171e-05,0.2594359068157746,0.259434342269433
mx6_mt1,2659,1.3770546064091032,0.0079217341237974,0.0001247999190011,0.0048105262655594,8.903663499964643e-05,0.2594359225833856,0.2594343577973508
mx6_mt1,2660,1.3770537380436745,0.0079209990181583,0.0001247903228964,0.004810746629084,8.903693126374776e-05,0.2594359382821078,0.259434373257437
mx6_mt1,2661,1.377052873508443,0.0079202671488793,0.000124780769373,0.0048109660642124,8.903722623116117e-05,0.2594359539120939,0.2594343886498418
mx6_mt1,2662,1.3770520127946126,0.0079195385085842,0.0001247712583311,0.0048111845726123,8.903751990475902e-05,0.2594359694734965,0.2594344039747152
mx6_mt1,2663,1.377051155893374,0.0079188130898864,0.0001247617896703,0.0048114021559584,8.903781228741476e-05,0.2594359849664682,0.2594344192322074
mx6_mt1,2664,1.3770503027959071,0.0079180908853891,0.0001247523632906,0.0048116188159324,8.90381033820166e-05,0.2594360003911624,0.259434434422469
mx6_mt1,2665,1.377049453493379,0.0079173718876847,0.0001247429790914,0.0048118345542231,8.903839319144853e-05,0.2594360157477321,0.2594344495456508
mx6_mt1,2666,1.3770486079769468,0.0079166560893552,0.0001247336369724,0.0048120493725261,8.903868171860722e-05,0.2594360310363313,0.259434464601904
mx6_mt1,2667,1.3770477662377534,0.0079159434829721,0.000124724336833,0.0048122632725442,8.903896896638518e-05,0.2594360462571135,0.2594344795913799
mx6_mt1,2668,1.3770469282669315,0.0079152340610964,0.0001247150785725,0.0048124762559872,8.903925493768754e-05,0.2594360614102329,0.25943449451423
mx6_mt1,2669,1.3770460940556015,0.0079145278162783,0.00012470586209,0.0048126883245716,8.903953963542783e-05,0.2594360764958444,0.2594345093706066
mx6_mt1,2670,1.3770452635948722,0.0079138247410577,0.0001246966872847,0.0048128994800213,8.903982306250918e-05,0.2594360915141021,0.2594345241606612
mx6_mt1,2671,1.3770444368758392,0.0079131248279637,0.0001246875540556,0.0048131097240669,8.904010522185047e-05,0.2594361064651608,0.2594345388845464
mx6_mt1,2672,1.377043613889588,0.0079124280695148,0.0001246784623016,0.0048133190584459,8.904038611637377e-05,0.2594361213491759,0.2594345535424146
mx6_mt1,2673,1.3770427946271906,0.0079117344582186,0.0001246694119213,0.004813527484903,8.904066574900749e-05,0.2594361361663028,0.259434568134419
mx6_mt1,2674,1.3770419790797075,0.0079110439865724,0.0001246604028134,0.0048137350051898,8.904094412268007e-05,0.2594361509166969,0.2594345826607123
mx6_mt1,2675,1.3770411672381864,0.0079103566470623,0.0001246514348765,0.0048139416210648,8.904122124032733e-05,0.2594361656005142,0.2594345971214482
mx6_mt1,2676,1.377040359093664,0.0079096724321641,0.0001246425080089,0.0048141473342934,8.904149710490191e-05,0.2594361802179113,0.2594346115167806
mx6_mt1,2677,1.3770395546371643,0.0079089913343424,0.000124633622109,0.0048143521466481,8.90417717193439e-05,0.2594361947690445,0.2594346258468631
mx6_mt1,2678,1.3770387538596989,0.0079083133460513,0.0001246247770749,0.0048145560599083,8.904204508659976e-05,0.2594362092540702,0.2594346401118496
mx6_mt1,2679,1.3770379567522677,0.0079076384597339,0.0001246159728048,0.0048147590758602,8.904231720962851e-05,0.2594362236731453,0.2594346543118947
mx6_mt1,2680,1.3770371633058571,0.0079069666678224,0.0001246072091965,0.0048149611962971,8.904258809139032e-05,0.2594362380264272,0.2594346684471529
mx6_mt1,2681,1.3770363735114428,0.0079062979627381,0.0001245984861479,0.0048151624230192,8.904285773485583e-05,0.2594362523140734,0.2594346825177795
mx6_mt1,2682,1.377035587359987,0.0079056323368916,0.0001245898035567,0.0048153627578336,8.904312614299577e-05,0.2594362665362417,0.2594346965239296
mx6_mt1,2683,1.3770348048424408,0.0079049697826823,0.0001245811613205,0.0048155622025543,8.904339331878296e-05,0.25943628069309,0.2594347104657584
mx6_mt1,2684,1.377034025949741,0.0079043102924987,0.0001245725593368,0.0048157607590022,8.904365926520395e-05,0.2594362947847767,0.2594347243434219
mx6_mt1,2685,1.3770332506728136,0.0079036538587183,0.0001245639975029,0.0048159584290052,8.904392398523896e-05,0.25943630881146,0.2594347381570757
mx6_mt1,2686,1.3770324790025716,0.0079030004737076,0.0001245554757162,0.0048161552143981,8.9044187481883e-05,0.2594363227732991,0.2594347519068762
mx6_mt1,2687,1.377031710929915,0.007902350129822,0.0001245469938736,0.0048163511170225,8.904444975813526e-05,0.2594363366704529,0.2594347655929802
mx6_mt1,2688,1.377030946445732,0.0079017028194059,0.0001245385518723,0.0048165461387269,8.904471081698978e-05,0.2594363505030806,0.259434779215544
mx6_mt1,2689,1.3770301855408973,0.0079010585347924,0.0001245301496091,0.0048167402813669,8.904497066145839e-05,0.2594363642713419,0.2594347927747248
mx6_mt1,2690,1.3770294282062745,0.0079004172683037,0.0001245217869808,0.0048169335468047,8.904522929455513e-05,0.2594363779753968,0.2594348062706801
mx6_mt1,2691,1.3770286744327125,0.0078997790122506,0.0001245134638839,0.0048171259369096,8.904548671929299e-05,0.2594363916154054,0.2594348197035673
mx6_mt1,2692,1.37702792421105,0.0078991437589329,0.0001245051802151,0.0048173174535577,8.904574293869652e-05,0.259436405191528,0.2594348330735441
mx6_mt1,2693,1.377027177532111,0.0078985115006391,0.0001244969358706,0.004817508098632,8.904599795578722e-05,0.2594364187039251,0.2594348463807686
mx6_mt1,2694,1.3770264343867065,0.0078978822296464,0.0001244887307469,0.0048176978740224,8.904625177360228e-05,0.2594364321527578,0.2594348596253993
mx6_mt1,2695,1.377025694765637,0.0078972559382208,0.00012448056474,0.0048178867816255,8.904650439517792e-05,0.2594364455381874,0.2594348728075946
mx6_mt1,2696,1.3770249586596874,0.0078966326186169,0.000124472437746,0.0048180748233449,8.904675582355564e-05,0.2594364588603753,0.2594348859275137
mx6_mt1,2697,1.3770242260596324,0.0078960122630781,0.0001244643496607,0.0048182620010911,8.904700606178642e-05,0.2594364721194833,0.2594348989853156
mx6_mt1,2698,1.3770234969562316,0.0078953948638364,0.0001244563003799,0.0048184483167813,8.904725511292334e-05,0.2594364853156736,0.2594349119811598
mx6_mt1,2699,1.3770227713402323,0.0078947804131123,0.0001244482897993,0.0048186337723398,8.904750298001433e-05,0.2594364984491078,0.2594349249152057
mx6_mt1,2700,1.3770220492023704,0.0078941689031151,0.0001244403178144,0.0048188183696975,8.904774966613141e-05,0.259436511519949,0.2594349377876134
mx6_mt1,2701,1.3770213305333658,0.0078935603260424,0.0001244323843207,0.0048190021107921,8.904799517434352e-05,0.2594365245283602,0.2594349505985435
mx6_mt1,2702,1.3770206153239284,0.0078929546740805,0.0001244244892132,0.0048191849975685,8.904823950772384e-05,0.2594365374745043,0.2594349633481563
mx6_mt1,2703,1.3770199035647528,0.0078923519394042,0.0001244166323873,0.004819367031978,8.904848266934558e-05,0.2594365503585444,0.2594349760366123
mx6_mt1,2704,1.3770191952465216,0.0078917521141767,0.0001244088137379,0.004819548215979,8.904872466229665e-05,0.2594365631806445,0.2594349886640728
mx6_mt1,2705,1.3770184903599043,0.0078911551905496,0.0001244010331599,0.0048197285515366,8.904896548967025e-05,0.2594365759409687,0.2594350012306992
mx6_mt1,2706,1.3770177888955568,0.0078905611606631,0.0001243932905481,0.0048199080406227,8.904920515455543e-05,0.2594365886396809,0.259435013736653
mx6_mt1,2707,1.3770170908441215,0.0078899700166457,0.0001243855857971,0.0048200866852162,8.90494436600507e-05,0.2594366012769455,0.2594350261820958
mx6_mt1,2708,1.3770163961962287,0.0078893817506141,0.0001243779188013,0.0048202644873026,8.904968100926403e-05,0.2594366138529275,0.2594350385671901
mx6_mt1,2709,1.3770157049424945,0.0078887963546736,0.0001243702894552,0.0048204414488743,8.904991720530661e-05,0.2594366263677919,0.2594350508920983
mx6_mt1,2710,1.377015017073521,0.0078882138209176,0.000124362697653,0.0048206175719305,8.905015225129067e-05,0.259436638821704,0.2594350631569829
mx6_mt1,2711,1.3770143325798982,0.0078876341414279,0.0001243551432887,0.004820792858477,8.905038615034318e-05,0.2594366512148295,0.2594350753620073
mx6_mt1,2712,1.377013651452203,0.0078870573082744,0.0001243476262565,0.0048209673105268,8.905061890558485e-05,0.2594366635473341,0.2594350875073343
mx6_mt1,2713,1.377012973680997,0.0078864833135155,0.00012434014645,0.0048211409300993,8.905085052014899e-05,0.2594366758193841,0.2594350995931276
mx6_mt1,2714,1.3770122992568308,0.0078859121491975,0.000124332703763,0.0048213137192209,8.905108099717105e-05,0.2594366880311458,0.2594351116195508
mx6_mt1,2715,1.3770116281702385,0.0078853438073549,0.0001243252980891,0.0048214856799247,8.9051310339797e-05,0.2594367001827862,0.2594351235867685
mx6_mt1,2716,1.377010960411744,0.0078847782800106,0.0001243179293217,0.0048216568142505,8.905153855117182e-05,0.259436712274472,0.2594351354949447
mx6_mt1,2717,1.377010295971855,0.0078842155591752,0.0001243105973541,0.004821827124245,8.905176563444888e-05,0.2594367243063707,0.259435147344244
mx6_mt1,2718,1.3770096348410663,0.0078836556368476,0.0001243033020795,0.0048219966119617,8.905199159278263e-05,0.2594367362786496,0.2594351591348313
mx6_mt1,2719,1.3770089770098608,0.0078830985050149,0.0001242960433909,0.0048221652794606,8.905221642934435e-05,0.259436748191477,0.259435170866872
mx6_mt1,2720,1.3770083224687042,0.0078825441556519,0.0001242888211812,0.0048223331288088,8.905244014729799e-05,0.2594367600450206,0.2594351825405316
mx6_mt1,2721,1.377007671208052,0.0078819925807216,0.0001242816353432,0.0048225001620798,8.90526627498212e-05,0.2594367718394492,0.2594351941559758
mx6_mt1,2722,1.3770070232183438,0.0078814437721748,0.0001242744857695,0.0048226663813542,8.905288424009162e-05,0.2594367835749312,0.2594352057133706
mx6_mt1,2723,1.377006378490006,0.0078808977219505,0.0001242673723526,0.0048228317887192,8.905310462129428e-05,0.2594367952516357,0.2594352172128822
mx6_mt1,2724,1.3770057370134514,0.0078803544219754,0.0001242602949848,0.0048229963862685,8.905332389662056e-05,0.259436806869732,0.2594352286546775
mx6_mt1,2725,1.377005098779079,0.007879813864164,0.0001242532535584,0.0048231601761028,8.905354206926707e-05,0.2594368184293896,0.2594352400389231
mx6_mt1,2726,1.3770044637772725,0.0078792760404187,0.0001242462479654,0.0048233231603296,8.905375914243675e-05,0.2594368299307785,0.2594352513657866
mx6_mt1,2727,1.3770038319984037,0.00787874094263,0.0001242392780977,0.0048234853410629,8.905397511933471e-05,0.2594368413740687,0.2594352626354351
mx6_mt1,2728,1.3770032034328297,0.0078782085626758,0.0001242323438472,0.0048236467204236,8.90541900031776e-05,0.2594368527594308,0.2594352738480366
mx6_mt1,2729,1.3770025780708923,0.007877678892422,0.0001242254451055,0.0048238073005391,8.905440379717683e-05,0.2594368640870353,0.2594352850037589
mx6_mt1,2730,1.3770019559029216,0.0078771519237221,0.0001242185817641,0.0048239670835438,8.90546165045596e-05,0.2594368753570533,0.2594352961027704
mx6_mt1,2731,1.3770013369192315,0.0078766276484174,0.0001242117537143,0.0048241260715786,8.905482812855631e-05,0.2594368865696561,0.2594353071452398
mx6_mt1,2732,1.3770007211101232,0.0078761060583368,0.0001242049608474,0.0048242842667911,8.905503867240465e-05,0.2594368977250156,0.2594353181313361
mx6_mt1,2733,1.377000108465883,0.0078755871452968,0.0001241982030546,0.0048244416713357,8.905524813933721e-05,0.2594369088233031,0.2594353290612282
mx6_mt1,2734,1.3769994989767829,0.0078750709011016,0.0001241914802266,0.0048245982873735,8.905545653260539e-05,0.2594369198646913,0.2594353399350858
mx6_mt1,2735,1.376998892633081,0.007874557317543,0.0001241847922544,0.0048247541170722,8.905566385545751e-05,0.2594369308493523,0.2594353507530786
mx6_mt1,2736,1.3769982894250212,0.0078740463864003,0.0001241781390286,0.0048249091626062,8.905587011114928e-05,0.2594369417774589,0.2594353615153765
mx6_mt1,2737,1.376997689342833,0.0078735380994404,0.0001241715204396,0.0048250634261568,8.905607530294897e-05,0.2594369526491844,0.2594353722221502
mx6_mt1,2738,1.3769970923767312,0.0078730324484175,0.000124164936378,0.0048252169099116,8.905627943411969e-05,0.2594369634647019,0.2594353828735701
mx6_mt1,2739,1.3769964985169167,0.0078725294250736,0.0001241583867338,0.0048253696160652,8.905648250793715e-05,0.2594369742241852,0.2594353934698071
mx6_mt1,2740,1.3769959077535756,0.0078720290211378,0.0001241518713971,0.0048255215468187,8.905668452767915e-05,0.2594369849278082,0.2594354040110326
mx6_mt1,2741,1.376995320076881,0.0078715312283267,0.000124145390258,0.0048256727043799,8.90568854966309e-05,0.259436995575745,0.2594354144974177
mx6_mt1,2742,1.376994735476988,0.0078710360383445,0.0001241389432061,0.0048258230909633,8.905708541808603e-05,0.2594370061681704,0.2594354249291349
mx6_mt1,2743,1.3769941539440411,0.0078705434428825,0.0001241325301311,0.0048259727087901,8.90572842953392e-05,0.2594370167052591,0.2594354353063559
mx6_mt1,2744,1.3769935754681684,0.0078700534336195,0.0001241261509225,0.004826121560088,8.905748213168935e-05,0.2594370271871861,0.259435445629253
mx6_mt1,2745,1.376993000039483,0.0078695660022213,0.0001241198054696,0.0048262696470915,8.905767893044694e-05,0.2594370376141269,0.259435455897999
mx6_mt1,2746,1.3769924276480838,0.0078690811403413,0.0001241134936616,0.0048264169720416,8.905787469492037e-05,0.2594370479862571,0.2594354661127668
mx6_mt1,2747,1.376991858284056,0.0078685988396199,0.0001241072153876,0.0048265635371861,8.90580694284328e-05,0.2594370583037529,0.2594354762737297
mx6_mt1,2748,1.376991291937469,0.0078681190916849,0.0001241009705364,0.0048267093447794,8.905826313431151e-05,0.2594370685667908,0.2594354863810615
mx6_mt1,2749,1.3769907285983771,0.0078676418881512,0.0001240947589969,0.0048268543970825,8.905845581587868e-05,0.2594370787755469,0.2594354964349358
mx6_mt1,2750,1.3769901682568206,0.0078671672206206,0.0001240885806575,0.004826998696363,8.905864747648053e-05,0.2594370889301988,0.2594355064355272
mx6_mt1,2751,1.376989610902825,0.0078666950806824,0.0001240824354067,0.0048271422448951,8.905883811944975e-05,0.2594370990309231,0.2594355163830096
mx6_mt1,2752,1.3769890565264005,0.0078662254599127,0.0001240763231329,0.0048272850449598,8.905902774813684e-05,0.2594371090778976,0.2594355262775581
mx6_mt1,2753,1.376988505117543,0.0078657583498749,0.0001240702437241,0.0048274270988446,8.905921636589447e-05,0.2594371190713,0.2594355361193476
mx6_mt1,2754,1.3769879566662326,0.0078652937421192,0.0001240641970683,0.0048275684088436,8.905940397608471e-05,0.2594371290113087,0.2594355459085538
mx6_mt1,2755,1.3769874111624352,0.007864831628183,0.0001240581830534,0.0048277089772574,8.905959058206341e-05,0.2594371388981016,0.2594355556453517
mx6_mt1,2756,1.3769868685961009,0.0078643719995904,0.000124052201567,0.0048278488063935,8.905977618720533e-05,0.2594371487318578,0.2594355653299177
mx6_mt1,2757,1.3769863289571656,0.0078639148478526,0.0001240462524967,0.0048279878985658,8.905996079489047e-05,0.2594371585127564,0.2594355749624282
mx6_mt1,2758,1.3769857922355502,0.0078634601644678,0.0001240403357298,0.0048281262560948,8.9060144408502e-05,0.2594371682409768,0.2594355845430596
mx6_mt1,2759,1.3769852584211593,0.0078630079409209,0.0001240344511535,0.0048282638813077,8.906032703142315e-05,0.2594371779166985,0.2594355940719889
mx6_mt1,2760,1.3769847275038831,0.0078625581686838,0.0001240285986549,0.0048284007765381,8.906050866704551e-05,0.2594371875401014,0.259435603549393
mx6_mt1,2761,1.3769841994735974,0.0078621108392152,0.000124022778121,0.0048285369441264,8.906068931877126e-05,0.2594371971113658,0.2594356129754495
mx6_mt1,2762,1.3769836743201609,0.0078616659439604,0.0001240169894383,0.0048286723864196,8.906086899000672e-05,0.2594372066306724,0.2594356223503363
mx6_mt1,2763,1.3769831520334188,0.0078612234743516,0.0001240112324936,0.0048288071057709,8.906104768416142e-05,0.2594372160982019,0.2594356316742314
mx6_mt1,2764,1.3769826326031998,0.0078607834218078,0.0001240055071733,0.0048289411045406,8.906122540465015e-05,0.2594372255141355,0.2594356409473131
mx6_mt1,2765,1.376982116019318,0.0078603457777346,0.0001239998133636,0.0048290743850953,8.906140215490243e-05,0.259437234878655,0.2594356501697603
mx6_mt1,2766,1.3769816022715722,0.0078599105335244,0.0001239941509507,0.004829206949808,8.906157793834356e-05,0.259437244191942,0.2594356593417519
mx6_mt1,2767,1.376981091349745,0.0078594776805559,0.0001239885198205,0.0048293388010586,8.906175275839892e-05,0.2594372534541782,0.2594356684634669
mx6_mt1,2768,1.3769805832436035,0.0078590472101949,0.0001239829198587,0.0048294699412334,8.906192661852218e-05,0.2594372626655467,0.2594356775350853
mx6_mt1,2769,1.3769800779429011,0.0078586191137934,0.0001239773509511,0.0048296003727253,8.90620995221482e-05,0.2594372718262296,0.2594356865567867
mx6_mt1,2770,1.3769795754373737,0.0078581933826901,0.0001239718129832,0.0048297300979337,8.906227147273803e-05,0.2594372809364105,0.2594356955287517
mx6_mt1,2771,1.3769790757167415,0.0078577700082103,0.0001239663058402,0.0048298591192645,8.906244247374546e-05,0.2594372899962725,0.2594357044511605
mx6_mt1,2772,1.3769785787707116,0.0078573489816655,0.0001239608294072,0.0048299874391304,8.906261252864103e-05,0.2594372990059996,0.2594357133241944
mx6_mt1,2773,1.3769780845889723,0.0078569302943541,0.0001239553835694,0.0048301150599502,8.906278164088695e-05,0.2594373079657753,0.2594357221480342
mx6_mt1,2774,1.3769775931611985,0.0078565139375606,0.0001239499682114,0.0048302419841497,8.906294981396327e-05,0.2594373168757843,0.2594357309228613
mx6_mt1,2775,1.3769771044770482,0.007856099902556,0.0001239445832181,0.004830368214161,8.906311705135007e-05,0.259437325736211,0.2594357396488577
mx6_mt1,2776,1.3769766185261645,0.0078556881805977,0.0001239392284738,0.0048304937524227,8.906328335653477e-05,0.2594373345472403,0.2594357483262053
mx6_mt1,2777,1.3769761352981733,0.0078552787629294,0.000123933903863,0.0048306186013801,8.906344873300796e-05,0.2594373433090572,0.2594357569550864
mx6_mt1,2778,1.376975654782687,0.0078548716407811,0.0001239286092698,0.0048307427634848,8.906361318427707e-05,0.2594373520218479,0.259435765535684
mx6_mt1,2779,1.3769751769692995,0.0078544668053692,0.0001239233445783,0.0048308662411951,8.906377671384112e-05,0.2594373606857977,0.2594357740681809
mx6_mt1,2780,1.3769747018475909,0.0078540642478963,0.0001239181096722,0.0048309890369757,8.906393932521701e-05,0.2594373693010932,0.2594357825527605
mx6_mt1,2781,1.376974229407124,0.0078536639595512,0.0001239129044352,0.0048311111532979,8.906410102191639e-05,0.2594373778679205,0.2594357909896064
mx6_mt1,2782,1.3769737596374467,0.0078532659315088,0.000123907728751,0.0048312325926395,8.906426180747507e-05,0.2594373863864671,0.259435799378903
mx6_mt1,2783,1.3769732925280902,0.0078528701549305,0.0001239025825028,0.0048313533574848,8.906442168540792e-05,0.2594373948569193,0.2594358077208338
mx6_mt1,2784,1.3769728280685698,0.0078524766209633,0.0001238974655738,0.0048314734503244,8.906458065926545e-05,0.2594374032794654,0.2594358160155841
mx6_mt1,2785,1.3769723662483844,0.0078520853207409,0.000123892377847,0.0048315928736558,8.906473873257724e-05,0.2594374116542925,0.2594358242633383
mx6_mt1,2786,1.376971907057018,0.0078516962453827,0.0001238873192054,0.0048317116299826,8.906489590889912e-05,0.2594374199815892,0.2594358324642818
mx6_mt1,2787,1.3769714504839372,0.0078513093859943,0.0001238822895315,0.0048318297218151,8.906505219178062e-05,0.2594374282615435,0.2594358406186002
mx6_mt1,2788,1.376970996518592,0.0078509247336672,0.0001238772887079,0.0048319471516701,8.90652075847818e-05,0.2594374364943443,0.2594358487264792
mx6_mt1,2789,1.3769705451504182,0.0078505422794789,0.0001238723166169,0.0048320639220709,8.906536209147322e-05,0.2594374446801808,0.2594358567881051
mx6_mt1,2790,1.3769700963688334,0.0078501620144931,0.0001238673731407,0.0048321800355471,8.90655157154244e-05,0.2594374528192423,0.2594358648036644
mx6_mt1,2791,1.37696965016324,0.0078497839297591,0.0001238624581614,0.0048322954946348,8.906566846021748e-05,0.2594374609117186,0.2594358727733439
mx6_mt1,2792,1.3769692065230232,0.0078494080163124,0.0001238575715607,0.0048324103018769,8.906582032943043e-05,0.2594374689577995,0.2594358806973305
mx6_mt1,2793,1.3769687654375526,0.0078490342651741,0.0001238527132203,0.0048325244598224,8.906597132665801e-05,0.2594374769576756,0.259435888575812
mx6_mt1,2794,1.376968326896182,0.0078486626673513,0.0001238478830217,0.0048326379710269,8.906612145550127e-05,0.2594374849115377,0.259435896408976
mx6_mt1,2795,1.3769678908882463,0.007848293213837,0.0001238430808463,0.0048327508380525,8.906627071955608e-05,0.2594374928195764,0.2594359041970105
mx6_mt1,2796,1.3769674574030666,0.0078479258956098,0.0001238383065751,0.0048328630634677,8.906641912243717e-05,0.2594375006819834,0.2594359119401042
mx6_mt1,2797,1.376967026429946,0.0078475607036341,0.0001238335600892,0.0048329746498475,8.906656666775617e-05,0.2594375084989501,0.2594359196384454
mx6_mt1,2798,1.3769665979581716,0.0078471976288601,0.0001238288412694,0.0048330855997733,8.90667133591352e-05,0.2594375162706686,0.2594359272922235
mx6_mt1,2799,1.3769661719770137,0.0078468366622236,0.0001238241499963,0.004833195915833,8.906685920020162e-05,0.2594375239973311,0.2594359349016275
mx6_mt1,2800,1.3769657484757258,0.0078464777946462,0.0001238194861503,0.0048333056006209,8.90670041945923e-05,0.2594375316791305,0.2594359424668475
mx6_mt1,2801,1.3769653274435454,0.0078461210170349,0.0001238148496118,0.0048334146567379,8.906714834595037e-05,0.2594375393162598,0.2594359499880735
mx6_mt1,2802,1.376964908869693,0.0078457663202827,0.0001238102402608,0.0048335230867911,8.906729165791483e-05,0.259437546908912,0.2594359574654955
mx6_mt1,2803,1.376964492743371,0.0078454136952678,0.0001238056579772,0.0048336308933941,8.906743413414457e-05,0.259437554457281,0.2594359648993047
mx6_mt1,2804,1.3769640790537676,0.0078450631328542,0.000123801102641,0.0048337380791671,8.906757577829122e-05,0.2594375619615603,0.2594359722896915
mx6_mt1,2805,1.3769636677900527,0.0078447146238912,0.0001237965741315,0.0048338446467365,8.90677165940263e-05,0.2594375694219447,0.2594359796368476
mx6_mt1,2806,1.3769632589413792,0.0078443681592138,0.0001237920723283,0.0048339505987354,8.906785658502031e-05,0.2594375768386286,0.2594359869409645
mx6_mt1,2807,1.376962852496883,0.0078440237296423,0.0001237875971105,0.004834055937803,8.906799575494694e-05,0.2594375842118069,0.2594359942022342
mx6_mt1,2808,1.376962448445685,0.0078436813259826,0.0001237831483572,0.0048341606665851,8.906813410749561e-05,0.259437591541675,0.259436001420849
mx6_mt1,2809,1.3769620467768868,0.0078433409390259,0.0001237787259473,0.004834264787734,8.906827164635364e-05,0.2594375988284284,0.2594360085970015
mx6_mt1,2810,1.3769616474795738,0.0078430025595487,0.0001237743297595,0.0048343683039082,8.906840837521785e-05,0.2594376060722631,0.2594360157308848
mx6_mt1,2811,1.3769612505428148,0.0078426661783131,0.0001237699596723,0.0048344712177728,8.906854429779238e-05,0.2594376132733754,0.259436022822692
mx6_mt1,2812,1.3769608559556614,0.0078423317860663,0.000123765615564,0.0048345735319992,8.906867941778559e-05,0.2594376204319619,0.2594360298726167
mx6_mt1,2813,1.3769604637071478,0.0078419993735408,0.0001237612973127,0.0048346752492653,8.906881373891216e-05,0.2594376275482195,0.2594360368808531
mx6_mt1,2814,1.3769600737862908,0.0078416689314545,0.0001237570047966,0.0048347763722552,8.906894726489937e-05,0.2594376346223457,0.2594360438475955
mx6_mt1,2815,1.376959686182092,0.0078413404505104,0.0001237527378933,0.0048348769036596,8.906907999946822e-05,0.2594376416545378,0.259436050773038
mx6_mt1,2816,1.3769593008835326,0.0078410139213967,0.0001237484964805,0.0048349768461756,8.906921194635543e-05,0.2594376486449939,0.259436057657376
mx6_mt1,2817,1.3769589178795796,0.0078406893347869,0.0001237442804356,0.0048350762025065,8.90693431092999e-05,0.2594376555939121,0.2594360645008043
mx6_mt1,2818,1.3769585371591806,0.0078403666813396,0.0001237400896359,0.0048351749753621,8.906947349205409e-05,0.2594376625014912,0.259436071303519
mx6_mt1,2819,1.3769581587112671,0.0078400459516984,0.0001237359239584,0.0048352731674588,8.906960309836743e-05,0.2594376693679301,0.2594360780657157
mx6_mt1,2820,1.3769577825247528,0.0078397271364922,0.0001237317832801,0.0048353707815189,8.906973193200289e-05,0.2594376761934283,0.2594360847875908
mx6_mt1,2821,1.376957408588534,0.0078394102263347,0.0001237276674776,0.0048354678202715,8.906985999672672e-05,0.2594376829781852,0.2594360914693411
mx6_mt1,2822,1.3769570368914903,0.0078390952118248,0.0001237235764275,0.004835564286452,8.906998729631031e-05,0.2594376897224008,0.2594360981111631
mx6_mt1,2823,1.3769566674224831,0.0078387820835465,0.0001237195100061,0.0048356601828019,8.907011383453458e-05,0.2594376964262755,0.2594361047132544
mx6_mt1,2824,1.3769563001703569,0.0078384708320686,0.0001237154680895,0.0048357555120695,8.907023961518361e-05,0.2594377030900099,0.2594361112758124
mx6_mt1,2825,1.376955935123937,0.0078381614479448,0.0001237114505538,0.0048358502770091,8.907036464205194e-05,0.2594377097138051,0.2594361177990352
mx6_mt1,2826,1.376955572272034,0.0078378539217139,0.0001237074572748,0.0048359444803815,8.907048891893312e-05,0.2594377162978621,0.2594361242831208
mx6_mt1,2827,1.3769552116034385,0.0078375482438995,0.000123703488128,0.004836038124954,8.90706124496343e-05,0.2594377228423828,0.2594361307282679
mx6_mt1,2828,1.376954853106925,0.0078372444050101,0.0001236995429888,0.0048361312135,8.907073523797422e-05,0.2594377293475695,0.2594361371346758
mx6_mt1,2829,1.3769544967712493,0.007836942395539,0.0001236956217325,0.0048362237487994,8.90708572877601e-05,0.2594377358136239,0.2594361435025432
mx6_mt1,2830,1.37695414258515,0.0078366422059642,0.0001236917242342,0.0048363157336385,8.907097860282116e-05,0.2594377422407491,0.2594361498320702
mx6_mt1,2831,1.3769537905373488,0.0078363438267487,0.0001236878503686,0.0048364071708099,8.90710991869898e-05,0.2594377486291482,0.2594361561234564
mx6_mt1,2832,1.3769534406165478,0.0078360472483402,0.0001236840000105,0.0048364980631125,8.907121904410055e-05,0.2594377549790244,0.2594361623769022
mx6_mt1,2833,1.3769530928114329,0.0078357524611709,0.0001236801730344,0.0048365884133515,8.907133817800158e-05,0.2594377612905816,0.2594361685926085
mx6_mt1,2834,1.3769527471106715,0.007835459455658,0.0001236763693144,0.0048366782243387,8.90714565925379e-05,0.2594377675640237,0.2594361747707759
mx6_mt1,2835,1.376952403502914,0.0078351682222031,0.0001236725887249,0.0048367674988919,8.907157429157446e-05,0.2594377737995554,0.259436180911606
mx6_mt1,2836,1.3769520619767917,0.0078348787511926,0.0001236688311396,0.0048368562398354,8.907169127896578e-05,0.259437779997381,0.2594361870153002
mx6_mt1,2837,1.376951722520918,0.0078345910329975,0.0001236650964323,0.0048369444499999,8.907180755858733e-05,0.259437786157706,0.2594361930820606
mx6_mt1,2838,1.3769513851238897,0.0078343050579734,0.0001236613844766,0.0048370321322224,8.907192313431147e-05,0.2594377922807355,0.2594361991120895
mx6_mt1,2839,1.3769510497742838,0.0078340208164604,0.0001236576951458,0.0048371192893461,8.907203801002521e-05,0.2594377983666756,0.2594362051055897
mx6_mt1,2840,1.376950716460662,0.0078337382987831,0.000123654028313,0.0048372059242207,8.907215218961984e-05,0.2594378044157325,0.259436211062764
mx6_mt1,2841,1.3769503851715648,0.0078334574952505,0.0001236503838512,0.0048372920397021,8.907226567698764e-05,0.2594378104281124,0.2594362169838159
mx6_mt1,2842,1.3769500558955168,0.0078331783961565,0.0001236467616333,0.0048373776386525,8.907237847603353e-05,0.2594378164040223,0.2594362228689492
mx6_mt1,2843,1.3769497286210235,0.0078329009917789,0.0001236431615318,0.0048374627239405,8.907249059066872e-05,0.2594378223436696,0.2594362287183677
mx6_mt1,2844,1.376949403336572,0.0078326252723804,0.000123639583419,0.004837547298441,8.907260202480547e-05,0.2594378282472614,0.259436234532276
mx6_mt1,2845,1.3769490800306328,0.0078323512282077,0.0001236360271673,0.0048376313650352,8.907271278236658e-05,0.2594378341150057,0.2594362403108786
mx6_mt1,2846,1.3769487586916562,0.0078320788494921,0.0001236324926486,0.0048377149266107,8.90728228672832e-05,0.2594378399471109,0.2594362460543808
mx6_mt1,2847,1.376948439308076,0.0078318081264491,0.0001236289797347,0.0048377979860612,8.90729322834949e-05,0.2594378457437857,0.259436251762988
mx6_mt1,2848,1.3769481218683062,0.0078315390492788,0.0001236254882972,0.0048378805462869,8.907304103493395e-05,0.2594378515052385,0.2594362574369056
mx6_mt1,2849,1.3769478063607437,0.0078312716081651,0.0001236220182077,0.0048379626101941,8.907314912555985e-05,0.2594378572316792,0.2594362630763402
mx6_mt1,2850,1.3769474927737662,0.0078310057932765,0.0001236185693373,0.0048380441806957,8.907325655932899e-05,0.2594378629233174,0.2594362686814982
mx6_mt1,2851,1.3769471810957337,0.0078307415947657,0.0001236151415572,0.0048381252607106,8.907336334019465e-05,0.2594378685803625,0.2594362742525862
mx6_mt1,2852,1.376946871314987,0.0078304790027696,0.000123611734738,0.0048382058531641,8.907346947213523e-05,0.2594378742030255,0.2594362797898116
mx6_mt1,2853,1.3769465634198492,0.0078302180074091,0.0001236083487505,0.0048382859609879,8.907357495911975e-05,0.2594378797915167,0.2594362852933816
mx6_mt1,2854,1.3769462573986255,0.0078299585987894,0.0001236049834652,0.0048383655871198,8.90736798051382e-05,0.2594378853460475,0.2594362907635043
mx6_mt1,2855,1.376945953239601,0.0078297007669999,0.0001236016387524,0.0048384447345041,8.907378401417324e-05,0.2594378908668289,0.2594362962003877
mx6_mt1,2856,1.3769456509310427,0.0078294445021139,0.000123598314482,0.0048385234060912,8.907388759022642e-05,0.2594378963540731,0.2594363016042407
mx6_mt1,2857,1.3769453504612004,0.0078291897941889,0.000123595010524,0.0048386016048378,8.90739905372909e-05,0.2594379018079916,0.2594363069752715
mx6_mt1,2858,1.376945051818303,0.0078289366332665,0.000123591726748,0.0048386793337071,8.907409285938504e-05,0.2594379072287973,0.25943631231369
mx6_mt1,2859,1.3769447549905636,0.0078286850093721,0.0001235884630236,0.0048387565956682,8.907419456052509e-05,0.2594379126167032,0.2594363176197056
mx6_mt1,2860,1.3769444599661742,0.0078284349125152,0.00012358521922,0.0048388333936968,8.907429564472942e-05,0.259437917971922,0.2594363228935283
mx6_mt1,2861,1.3769441667333089,0.0078281863326894,0.0001235819952063,0.0048389097307747,8.907439611603005e-05,0.2594379232946676,0.2594363281353683
mx6_mt1,2862,1.3769438752801235,0.0078279392598721,0.0001235787908513,0.0048389856098901,8.907449597846108e-05,0.2594379285851537,0.2594363333454362
mx6_mt1,2863,1.3769435855947554,0.0078276936840247,0.0001235756060239,0.0048390610340374,8.907459523606925e-05,0.2594379338435946,0.2594363385239431
mx6_mt1,2864,1.3769432976653215,0.0078274495950922,0.0001235724405925,0.0048391360062171,8.907469389290439e-05,0.2594379390702051,0.2594363436711005
mx6_mt1,2865,1.3769430114799217,0.0078272069830039,0.0001235692944253,0.0048392105294364,8.90747919530206e-05,0.2594379442651999,0.2594363487871199
mx6_mt1,2866,1.376942727026636,0.0078269658376727,0.0001235661673905,0.0048392846067082,8.907488942048454e-05,0.2594379494287946,0.2594363538722136
mx6_mt1,2867,1.376942444293526,0.0078267261489953,0.0001235630593559,0.0048393582410522,8.907498629935974e-05,0.2594379545612044,0.2594363589265935
mx6_mt1,2868,1.376942163268634,0.0078264879068522,0.0001235599701893,0.0048394314354939,8.90750825937307e-05,0.2594379596626459,0.259436363950473
mx6_mt1,2869,1.3769418839399843,0.0078262511011077,0.0001235568997582,0.0048395041930654,8.907517830767776e-05,0.2594379647333351,0.2594363689440648
mx6_mt1,2870,1.376941606295581,0.0078260157216099,0.0001235538479298,0.0048395765168049,8.907527344529487e-05,0.2594379697734891,0.2594363739075826
mx6_mt1,2871,1.3769413303234102,0.0078257817581905,0.0001235508145713,0.0048396484097568,8.907536801067289e-05,0.2594379747833247,0.25943637884124
mx6_mt1,2872,1.376941056011438,0.0078255492006648,0.0001235477995495,0.0048397198749719,8.907546200792674e-05,0.2594379797630598,0.2594363837452516
mx6_mt1,2873,1.3769407833476126,0.007825318038832,0.0001235448027311,0.004839790915507,8.90755554411557e-05,0.2594379847129117,0.2594363886198315
mx6_mt1,2874,1.376940512319862,0.0078250882624748,0.0001235418239827,0.0048398615344255,8.907564831448415e-05,0.259437989633099,0.2594363934651948
mx6_mt1,2875,1.376940242916096,0.0078248598613594,0.0001235388631704,0.0048399317347968,8.907574063203862e-05,0.2594379945238402,0.2594363982815568
mx6_mt1,2876,1.3769399751242046,0.0078246328252359,0.0001235359201605,0.0048400015196965,8.907583239794565e-05,0.2594379993853541,0.259436403069133
mx6_mt1,2877,1.3769397089320596,0.0078244071438376,0.0001235329948188,0.0048400708922067,8.907592361634749e-05,0.2594380042178602,0.2594364078281395
mx6_mt1,2878,1.3769394443275125,0.0078241828068816,0.0001235300870109,0.0048401398554153,8.907601429138956e-05,0.2594380090215781,0.2594364125587926
mx6_mt1,2879,1.3769391812983949,0.0078239598040684,0.0001235271966025,0.004840208412417,8.907610442722045e-05,0.2594380137967276,0.2594364172613089
mx6_mt1,2880,1.376938919832522,0.007823738125082,0.0001235243234586,0.0048402765663123,8.90761940280055e-05,0.2594380185435294,0.2594364219359055
mx6_mt1,2881,1.3769386599176876,0.0078235177595898,0.0001235214674444,0.004840344320208,8.907628309790799e-05,0.2594380232622042,0.2594364265827999
mx6_mt1,2882,1.376938401541666,0.0078232986972428,0.0001235186284248,0.0048404116772173,8.90763716410996e-05,0.259438027952973,0.2594364312022097
mx6_mt1,2883,1.3769381446922124,0.0078230809276754,0.0001235158062645,0.0048404786404596,8.907645966176143e-05,0.2594380326160573,0.2594364357943533
mx6_mt1,2884,1.3769378893570643,0.0078228644405051,0.0001235130008278,0.0048405452130602,8.907654716408299e-05,0.2594380372516791,0.259436440359449
mx6_mt1,2885,1.376937635523937,0.0078226492253331,0.0001235102119791,0.0048406113981511,8.907663415225379e-05,0.2594380418600605,0.2594364448977156
mx6_mt1,2886,1.3769373831805287,0.0078224352717439,0.0001235074395825,0.0048406771988702,8.907672063047073e-05,0.2594380464414237,0.2594364494093721
mx6_mt1,2887,1.3769371323145172,0.0078222225693052,0.0001235046835016,0.0048407426183618,8.907680660295163e-05,0.2594380509959923,0.2594364538946386
mx6_mt1,2888,1.3769368829135606,0.0078220111075679,0.0001235019436003,0.0048408076597763,8.907689207390907e-05,0.2594380555239895,0.2594364583537349
mx6_mt1,2889,1.3769366349652985,0.0078218008760666,0.0001234992197419,0.0048408723262703,8.907697704756097e-05,0.2594380600256388,0.259436462786881
mx6_mt1,2890,1.376936388457349,0.0078215918643186,0.0001234965117897,0.0048409366210067,8.90770615281346e-05,0.2594380645011641,0.2594364671942978
mx6_mt1,2891,1.376936143377313,0.0078213840618249,0.0001234938196067,0.0048410005471546,8.907714551986565e-05,0.2594380689507899,0.259436471576206
mx6_mt1,2892,1.3769358997127703,0.0078211774580695,0.0001234911430556,0.0048410641078893,8.90772290269993e-05,0.2594380733747412,0.2594364759328273
mx6_mt1,2893,1.376935657451282,0.0078209720425194,0.0001234884819992,0.0048411273063924,8.907731205378906e-05,0.2594380777732433,0.2594364802643836
mx6_mt1,2894,1.3769354165803882,0.0078207678046252,0.0001234858362998,0.0048411901458515,8.907739460448325e-05,0.2594380821465212,0.2594364845710967
mx6_mt1,2895,1.3769351770876113,0.0078205647338202,0.0001234832058196,0.0048412526294605,8.907747668334799e-05,0.2594380864948011,0.259436488853189
mx6_mt1,2896,1.3769349389604522,0.0078203628195211,0.0001234805904206,0.0048413147604196,8.907755829465572e-05,0.2594380908183094,0.2594364931108836
mx6_mt1,2897,1.3769347021863934,0.0078201620511276,0.0001234779899647,0.0048413765419352,8.907763944268623e-05,0.2594380951172726,0.2594364973444037
mx6_mt1,2898,1.376934466752896,0.0078199624180224,0.0001234754043132,0.0048414379772197,8.907772013171408e-05,0.2594380993919175,0.2594365015539726
mx6_mt1,2899,1.3769342326474032,0.0078197639095714,0.0001234728333277,0.0048414990694919,8.907780036603896e-05,0.2594381036424718,0.2594365057398145
mx6_mt1,2900,1.3769339998573376,0.0078195665151233,0.0001234702768693,0.0048415598219768,8.90778801499564e-05,0.259438107869163,0.2594365099021535
mx6_mt1,2901,1.3769337683701022,0.0078193702240101,0.0001234677347989,0.0048416202379055,8.907795948777874e-05,0.2594381120722197,0.2594365140412146
mx6_mt1,2902,1.3769335381730794,0.0078191750255466,0.0001234652069773,0.0048416803205154,8.907803838380777e-05,0.2594381162518697,0.2594365181572224
mx6_mt1,2903,1.3769333092536329,0.0078189809090305,0.000123462693265,0.0048417400730499,8.907811684236635e-05,0.2594381204083422,0.2594365222504023
mx6_mt1,2904,1.3769330815991048,0.0078187878637426,0.0001234601935224,0.0048417994987588,8.907819486778356e-05,0.2594381245418665,0.2594365263209806
mx6_mt1,2905,1.3769328551968194,0.0078185958789466,0.0001234577076094,0.0048418586008981,8.907827246439584e-05,0.2594381286526724,0.259436530369183
mx6_mt1,2906,1.3769326300340796,0.0078184049438889,0.0001234552353861,0.0048419173827298,8.907834963653655e-05,0.2594381327409894,0.259436534395236
mx6_mt1,2907,1.376932406098169,0.0078182150477991,0.0001234527767122,0.0048419758475223,8.907842638855889e-05,0.2594381368070482,0.2594365383993667
mx6_mt1,2908,1.3769321833763513,0.0078180261798893,0.0001234503314471,0.00484203399855,8.907850272481717e-05,0.2594381408510796,0.2594365423818022
mx6_mt1,2909,1.376931961855869,0.0078178383293547,0.00012344789945,0.0048420918390937,8.907857864967514e-05,0.2594381448733146,0.2594365463427702
mx6_mt1,2910,1.3769317415239457,0.0078176514853733,0.0001234454805802,0.0048421493724402,8.907865416749337e-05,0.2594381488739844,0.2594365502824984
mx6_mt1,2911,1.376931522367785,0.0078174656371057,0.0001234430746963,0.0048422066018826,8.907872928265766e-05,0.2594381528533213,0.2594365542012154
mx6_mt1,2912,1.37693130437457,0.0078172807736954,0.0001234406816571,0.0048422635307202,8.907880399954435e-05,0.2594381568115572,0.2594365580991497
mx6_mt1,2913,1.3769310875314635,0.0078170968842688,0.0001234383013209,0.0048423201622582,8.907887832254969e-05,0.259438160748925,0.2594365619765307
mx6_mt1,2914,1.3769308718256084,0.0078169139579347,0.0001234359335461,0.0048423764998085,8.90789522560668e-05,0.2594381646656575,0.2594365658335876
mx6_mt1,2915,1.376930657244127,0.0078167319837849,0.0001234335781905,0.0048424325466887,8.907902580450246e-05,0.2594381685619882,0.2594365696705505
mx6_mt1,2916,1.376930443774124,0.0078165509508938,0.0001234312351121,0.0048424883062229,8.907909897226972e-05,0.2594381724381508,0.2594365734876492
mx6_mt1,2917,1.3769302314026797,0.0078163708483184,0.0001234289041683,0.0048425437817412,8.907917176378479e-05,0.2594381762943794,0.2594365772851146
mx6_mt1,2918,1.3769300201168564,0.0078161916650985,0.0001234265852166,0.0048425989765799,8.907924418347436e-05,0.2594381801309084,0.2594365810631776
mx6_mt1,2919,1.3769298099036975,0.0078160133902563,0.0001234242781141,0.0048426538940816,8.907931623577353e-05,0.2594381839479729,0.2594365848220692
mx6_mt1,2920,1.3769296007502234,0.007815836012797,0.0001234219827177,0.0048427085375949,8.907938792511635e-05,0.2594381877458078,0.2594365885620214
mx6_mt1,2921,1.3769293926434356,0.007815659521708,0.0001234196988842,0.0048427629104747,8.90794592559568e-05,0.259438191524649,0.2594365922832661
mx6_mt1,2922,1.3769291855703156,0.0078154839059596,0.0001234174264702,0.0048428170160821,8.907953023274781e-05,0.2594381952847325,0.2594365959860359
mx6_mt1,2923,1.376928979517824,0.0078153091545044,0.0001234151653319,0.0048428708577842,8.907960085994649e-05,0.2594381990262945,0.2594365996705633
mx6_mt1,2924,1.376928774472901,0.0078151352562776,0.0001234129153254,0.0048429244389545,8.907967114202888e-05,0.259438202749572,0.2594366033370817
mx6_mt1,2925,1.376928570422467,0.0078149622001972,0.0001234106763066,0.0048429777629726,8.907974108346888e-05,0.2594382064548021,0.2594366069858246
mx6_mt1,2926,1.3769283673534214,0.0078147899751633,0.0001234084481311,0.0048430308332241,8.907981068874773e-05,0.2594382101422223,0.259436610617026
mx6_mt1,2927,1.3769281652526435,0.0078146185700587,0.0001234062306545,0.0048430836531009,8.907987996235932e-05,0.2594382138120705,0.2594366142309202
mx6_mt1,2928,1.376927964106992,0.0078144479737487,0.0001234040237319,0.0048431362260013,8.907994890879536e-05,0.2594382174645849,0.2594366178277416
mx6_mt1,2929,1.376927763903305,0.007814278175081,0.0001234018272184,0.0048431885553293,8.908001753256441e-05,0.2594382211000042,0.2594366214077254
mx6_mt1,2930,1.376927564628401,0.0078141091628857,0.0001233996409689,0.0048432406444954,8.90800858381813e-05,0.2594382247185676,0.2594366249711072
mx6_mt1,2931,1.3769273662690769,0.0078139409259753,0.0001233974648378,0.0048432924969163,8.908015383015876e-05,0.2594382283205143,0.2594366285181225
mx6_mt1,2932,1.37692716881211,0.0078137734531449,0.0001233952986796,0.0048433441160146,8.90802215130263e-05,0.2594382319060842,0.2594366320490074
mx6_mt1,2933,1.3769269722442556,0.0078136067331718,0.0001233931423485,0.0048433955052192,8.908028889131974e-05,0.2594382354755176,0.259436635563999
mx6_mt1,2934,1.3769267765522508,0.0078134407548156,0.0001233909956983,0.0048434466679654,8.90803559695749e-05,0.2594382390290549,0.2594366390633335
mx6_mt1,2935,1.3769265817228105,0.0078132755068185,0.0001233888585829,0.0048434976076943,8.908042275234436e-05,0.2594382425669371,0.2594366425472486
mx6_mt1,2936,1.3769263877426283,0.0078131109779048,0.0001233867308558,0.0048435483278533,8.908048924417968e-05,0.2594382460894056,0.2594366460159819
mx6_mt1,2937,1.37692619459838,0.0078129471567813,0.0001233846123703,0.0048435988318961,8.90805554496471e-05,0.2594382495967021,0.2594366494697714
mx6_mt1,2938,1.3769260022767171,0.0078127840321369,0.0001233825029794,0.0048436491232824,8.908062137331285e-05,0.2594382530890686,0.2594366529088556
mx6_mt1,2939,1.3769258107642732,0.007812621592643,0.0001233804025361,0.0048436992054781,8.908068701975575e-05,0.2594382565667477,0.2594366563334733
mx6_mt1,2940,1.3769256200476612,0.0078124598269532,0.0001233783108931,0.0048437490819554,8.908075239356198e-05,0.2594382600299823,0.2594366597438636
mx6_mt1,2941,1.3769254301134717,0.0078122987237033,0.0001233762279026,0.0048437987561923,8.908081749932189e-05,0.2594382634790157,0.2594366631402661
mx6_mt1,2942,1.3769252409482748,0.0078121382715114,0.0001233741534171,0.0048438482316735,8.908088234162795e-05,0.2594382669140911,0.2594366665229206
mx6_mt1,2943,1.376925052538622,0.0078119784589778,0.0001233720872885,0.0048438975118894,8.908094692509466e-05,0.2594382703354531,0.2594366698920675
mx6_mt1,2944,1.3769248648710417,0.007811819274685,0.0001233700293686,0.0048439466003368,8.908101125433019e-05,0.2594382737433457,0.2594366732479476
mx6_mt1,2945,1.3769246779320423,0.0078116607071977,0.0001233679795089,0.0048439955005186,8.90810753339564e-05,0.2594382771380139,0.2594366765908016
mx6_mt1,2946,1.3769244917081125,0.0078115027450629,0.000123365937561,0.0048440442159438,8.90811391685972e-05,0.2594382805197026,0.2594366799208712
mx6_mt1,2947,1.376924306185718,0.0078113453768096,0.0001233639033758,0.0048440927501278,8.908120276289542e-05,0.2594382838886577,0.2594366832383984
mx6_mt1,2948,1.3769241213513064,0.007811188590949,0.0001233618768044,0.0048441411065918,8.908126612148651e-05,0.2594382872451248,0.259436686543625
mx6_mt1,2949,1.376923937191302,0.0078110323759746,0.0001233598576974,0.0048441892888634,8.90813292490238e-05,0.2594382905893506,0.2594366898367938
mx6_mt1,2950,1.3769237536921104,0.0078108767203618,0.0001233578459054,0.0048442373004765,8.908139215016161e-05,0.2594382939215814,0.2594366931181477
mx6_mt1,2951,1.3769235708401144,0.0078107216125682,0.0001233558412787,0.0048442851449707,8.908145482956691e-05,0.2594382972420647,0.2594366963879301
mx6_mt1,2952,1.3769233886216776,0.0078105670410336,0.0001233538436672,0.0048443328258923,8.90815172919087e-05,0.2594383005510478,0.2594366996463846
mx6_mt1,2953,1.376923207023142,0.0078104129941798,0.0001233518529209,0.0048443803467933,8.90815795418634e-05,0.2594383038487783,0.2594367028937553
mx6_mt1,2954,1.376923026030829,0.0078102594604106,0.0001233498688893,0.0048444277112323,8.908164158412308e-05,0.2594383071355049,0.2594367061302867
mx6_mt1,2955,1.3769228456310376,0.0078101064281121,0.000123347891422,0.0048444749227736,8.908170342337255e-05,0.2594383104114758,0.2594367093562235
mx6_mt1,2956,1.3769226658100484,0.0078099538856522,0.000123345920368,0.004844521984988,8.908176506432172e-05,0.2594383136769405,0.2594367125718113
mx6_mt1,2957,1.37692248655412,0.007809801821381,0.0001233439555764,0.0048445689014524,8.90818265116732e-05,0.2594383169321481,0.2594367157772954
mx6_mt1,2958,1.376922307849489,0.0078096502236305,0.0001233419968959,0.0048446156757497,8.90818877701422e-05,0.2594383201773484,0.2594367189729218
mx6_mt1,2959,1.3769221296823724,0.0078094990807148,0.0001233400441751,0.0048446623114692,8.908194884445331e-05,0.2594383234127917,0.259436722158937
mx6_mt1,2960,1.3769219520389655,0.0078093483809302,0.0001233380972622,0.0048447088122062,8.908200973932805e-05,0.2594383266387283,0.2594367253355875
mx6_mt1,2961,1.376921774905444,0.0078091981125546,0.0001233361560055,0.0048447551815623,8.908207045951619e-05,0.2594383298554096,0.2594367285031207
mx6_mt1,2962,1.37692159826796,0.0078090482638482,0.0001233342202527,0.0048448014231451,8.908213100975392e-05,0.2594383330630866,0.2594367316617841
mx6_mt1,2963,1.3769214221126471,0.007808898823053,0.0001233322898515,0.0048448475405684,8.908219139478998e-05,0.2594383362620109,0.2594367348118252
mx6_mt1,2964,1.3769212464256173,0.007808749778393,0.0001233303646495,0.0048448935374523,8.908225161939094e-05,0.259438339452435,0.2594367379534926
mx6_mt1,2965,1.37692107119296,0.0078086011180743,0.0001233284444937,0.004844939417423,8.908231168832027e-05,0.2594383426346112,0.2594367410870349
mx6_mt1,2966,1.3769208964007456,0.0078084528302847,0.0001233265292313,0.0048449851841127,8.908237160635395e-05,0.2594383458087926,0.2594367442127014
mx6_mt1,2967,1.3769207220350226,0.0078083049031942,0.0001233246187091,0.00484503084116,8.908243137826698e-05,0.2594383489752322,0.259436747330741
mx6_mt1,2968,1.3769205480818183,0.0078081573249544,0.0001233227127735,0.0048450763922096,8.90824910088553e-05,0.259438352134184,0.2594367504414041
mx6_mt1,2969,1.376920374527139,0.0078080100836993,0.0001233208112709,0.0048451218409123,8.908255050290648e-05,0.2594383552859016,0.2594367535449401
mx6_mt1,2970,1.3769202013569708,0.0078078631675443,0.0001233189140476,0.0048451671909251,8.908260986522799e-05,0.2594383584306397,0.2594367566416001
mx6_mt1,2971,1.376920028557277,0.0078077165645869,0.0001233170209493,0.0048452124459112,8.908266910062943e-05,0.2594383615686532,0.2594367597316349
mx6_mt1,2972,1.3769198561140017,0.0078075702629067,0.0001233151318219,0.00484525760954,8.908272821392877e-05,0.2594383647001972,0.2594367628152959
mx6_mt1,2973,1.3769196840130655,0.0078074242505649,0.0001233132465107,0.004845302685487,8.908278720995239e-05,0.2594383678255275,0.2594367658928347
mx6_mt1,2974,1.3769195122403708,0.0078072785156047,0.000123311364861,0.0048453476774338,8.908284609352768e-05,0.2594383709448997,0.2594367689645034
mx6_mt1,2975,1.3769193407817972,0.0078071330460511,0.0001233094867179,0.0048453925890684,8.90829048694957e-05,0.2594383740585704,0.2594367720305543
mx6_mt1,2976,1.3769191696232028,0.0078069878299111,0.0001233076119262,0.0048454374240847,8.908296354270484e-05,0.2594383771667964,0.2594367750912404
mx6_mt1,2977,1.3769189987504256,0.0078068428551734,0.0001233057403305,0.004845482186183,8.908302211801188e-05,0.259438380269835,0.2594367781468151
mx6_mt1,2978,1.3769188281492817,0.0078066981098086,0.0001233038717751,0.0048455268790696,8.908308060027361e-05,0.2594383833679435,0.2594367811975319
mx6_mt1,2979,1.3769186578055663,0.0078065535817693,0.0001233020061043,0.0048455715064572,8.908313899436357e-05,0.2594383864613801,0.2594367842436447
mx6_mt1,2980,1.3769184877050544,0.0078064092589896,0.0001233001431619,0.0048456160720644,8.908319730515325e-05,0.2594383895504028,0.2594367872854078
mx6_mt1,2981,1.3769183178334985,0.0078062651293859,0.0001232982827916,0.0048456605796162,8.90832555375267e-05,0.2594383926352704,0.2594367903230759
mx6_mt1,2982,1.3769181481766293,0.0078061211808559,0.000123296424837,0.0048457050328436,8.908331369638055e-05,0.2594383957162423,0.2594367933569046
mx6_mt1,2983,1.3769179787201586,0.0078059774012795,0.0001232945691414,0.0048457494354839,8.908337178661247e-05,0.2594383987935779,0.2594367963871492
mx6_mt1,2984,1.3769178094497756,0.0078058337785183,0.0001232927155477,0.0048457937912807,8.90834298131233e-05,0.2594384018675368,0.2594367994140654
mx6_mt1,2985,1.3769176403511478,0.0078056903004157,0.0001232908638989,0.0048458381039834,8.908348778082542e-05,0.2594384049383794,0.2594368024379097
mx6_mt1,2986,1.3769174714099233,0.007805546954797,0.0001232890140375,0.0048458823773479,8.908354569464587e-05,0.2594384080063666,0.2594368054589386
mx6_mt1,2987,1.3769173026117272,0.0078054037294691,0.0001232871658059,0.0048459266151362,8.908360355950855e-05,0.2594384110717593,0.2594368084774093
mx6_mt1,2988,1.376917133942164,0.0078052606122209,0.0001232853190463,0.0048459708211165,8.908366138034891e-05,0.2594384141348189,0.2594368114935792
mx6_mt1,2989,1.3769169653868172,0.007805117590823,0.0001232834736007,0.0048460149990632,8.908371916211182e-05,0.2594384171958073,0.2594368145077063
mx6_mt1,2990,1.3769167969312492,0.0078049746530278,0.0001232816293107,0.0048460591527567,8.908377690973903e-05,0.2594384202549865,0.2594368175200482
mx6_mt1,2991,1.3769166285610002,0.0078048317865696,0.0001232797860179,0.0048461032859839,8.908383462819325e-05,0.2594384233126192,0.259436820530864
mx6_mt1,2992,1.3769164602615909,0.0078046889791643,0.0001232779435636,0.0048461474025377,8.908389232244452e-05,0.2594384263689687,0.2594368235404127
mx6_mt1,2993,1.376916292018519,0.0078045462185097,0.0001232761017888,0.0048461915062172,8.90839499974545e-05,0.259438429424298,0.2594368265489533
mx6_mt1,2994,1.3769161238172622,0.0078044034922854,0.0001232742605344,0.0048462356008277,8.908400765821002e-05,0.2594384324788711,0.2594368295567456
mx6_mt1,2995,1.376915955643276,0.0078042607881527,0.000123272419641,0.0048462796901808,8.908406530969267e-05,0.2594384355329521,0.25943683256405
mx6_mt1,2996,1.3769157874819955,0.0078041180937549,0.0001232705789489,0.0048463237780941,8.908412295690189e-05,0.2594384385868056,0.2594368355711269
mx6_mt1,2997,1.3769156193188343,0.0078039753967167,0.0001232687382984,0.0048463678683915,8.908418060483498e-05,0.2594384416406965,0.2594368385782369
mx6_mt1,2998,1.3769154511391846,0.0078038326846449,0.0001232668975295,0.0048464119649032,8.908423825850184e-05,0.2594384446948902,0.2594368415856416
mx6_mt1,2999,1.3769152829284173,0.0078036899451281,0.0001232650564818,0.0048464560714655,8.908429592291763e-05,0.2594384477496523,0.2594368445936024
mx6_mt1,3000,1.376915114671882,0.0078035471657364,0.0001232632149948,0.0048465001919208,8.908435360310589e-05,0.259438450805249,0.2594368476023814
mx6_mt3,2501,1.377050652468398,0.0071133542541364,0.0001780646552952,0.0050289689573427,8.894491150172635e-05,0.2594310609955469,0.2594310168372365
mx6_mt3,2502,1.3770491648979162,0.0071121721883636,0.0001780439586616,0.0050291145598385,8.894543757635048e-05,0.259431088886038,0.2594310447401857
mx6_mt3,2503,1.3770476825846534,0.0071109944238749,0.0001780233251043,0.0050292596952183,8.894595624276745e-05,0.2594311163836932,0.2594310722501394
mx6_mt3,2504,1.377046205516926,0.00710982089559,0.0001780027592494,0.0050294043578574,8.894647105087574e-05,0.2594311436767168,0.2594310995553724
mx6_mt3,2505,1.377044733683074,0.0071086515067591,0.0001779822683643,0.0050295485382525,8.894698731288917e-05,0.2594311710467412,0.2594311269376093
mx6_mt3,2506,1.3770432670714583,0.0071074862244135,0.0001779618542512,0.0050296922342974,8.894750630433061e-05,0.2594311985613882,0.2594311544644868
mx6_mt3,2507,1.3770418056704647,0.0071063250968593,0.0001779415118137,0.0050298354534933,8.894802437055966e-05,0.2594312260269044,0.2594311819421817
mx6_mt3,2508,1.3770403494685002,0.0071051681839182,0.0001779212350259,0.0050299782048197,8.894853731002681e-05,0.2594312532205443,0.2594312091478771
mx6_mt3,2509,1.3770388984539943,0.0071040154830747,0.0001779010231963,0.0050301204899756,8.894904483491698e-05,0.2594312801270515,0.2594312360663189
mx6_mt3,2510,1.3770374526153994,0.0071028669290636,0.0001778808809556,0.0050302623032096,8.894955044402073e-05,0.2594313069319167,0.2594312628830632
mx6_mt3,2511,1.3770360119411895,0.0071017224587783,0.0001778608127114,0.0050304036389228,8.895005737079661e-05,0.2594313338065618,0.259431289769586
mx6_mt3,2512,1.377034576419862,0.0071005820665778,0.0001778408179644,0.0050305444982546,8.895056526431377e-05,0.2594313607323818,0.2594313167072705
mx6_mt3,2513,1.377033146039933,0.0070994457939242,0.000177820892229,0.0050306848879548,8.895107095129712e-05,0.2594313875411467,0.2594313435278289
mx6_mt3,2514,1.3770317207899434,0.0070983136716834,0.0001778010319576,0.0050308248135974,8.895157202127317e-05,0.2594314141050678,0.2594313701034334
mx6_mt3,2515,1.3770303006584537,0.0070971856798997,0.0001777812379412,0.0050309642747708,8.895206922258742e-05,0.2594314404638203,0.2594313964737771
mx6_mt3,2516,1.377028885634047,0.0070960617642206,0.0001777615138795,0.0050311032669454,8.895256535161783e-05,0.259431466765653,0.2594314227871597
mx6_mt3,2517,1.3770274757053271,0.0070949418855915,0.0001777418621445,0.0050312417873378,8.895306217593852e-05,0.2594314931042724,0.2594314491373158
mx6_mt3,2518,1.377026070860919,0.0070938260487372,0.0001777222813769,0.005031379838333,8.89535587530117e-05,0.2594315194297107,0.2594314754742577
mx6_mt3,2519,1.3770246710894682,0.0070927142829929,0.0001777027681435,0.005031517425272,8.895405268955311e-05,0.2594315456150916,0.2594315016710664
mx6_mt3,2520,1.3770232763796415,0.0070916066004418,0.0001776833205032,0.0050316545514978,8.895454272620195e-05,0.259431571593653,0.2594315276609606
mx6_mt3,2521,1.3770218867201267,0.0070905029762421,0.0001776639396631,0.0050317912159779,8.895502988586992e-05,0.2594315974196246,0.2594315534981912
mx6_mt3,2522,1.3770205020996316,0.0070894033683397,0.0001776446282803,0.0050319274155974,8.895551619735028e-05,0.2594316232005604,0.2594315792903482
mx6_mt3,2523,1.3770191225068835,0.0070883077522016,0.0001776253875046,0.0050320631492806,8.895600255541559e-05,0.2594316489838954,0.2594316050848802
mx6_mt3,2524,1.3770177479306325,0.0070872161341017,0.0001776062158641,0.0050321984196069,8.895648795643968e-05,0.2594316747164244,0.2594316308285622
mx6_mt3,2525,1.377016378359646,0.0070861285322241,0.0001775871108887,0.0050323332306028,8.895697071145831e-05,0.2594317003086113,0.2594316564318286
mx6_mt3,2526,1.3770150137827126,0.0070850449481167,0.0001775680715404,0.005032467584346,8.895745020196881e-05,0.2594317257276687,0.2594316818618834
mx6_mt3,2527,1.3770136541886404,0.0070839653578868,0.0001775490989484,0.0050326014798846,8.895792737706453e-05,0.2594317510239119,0.2594317071690606
mx6_mt3,2528,1.377012299566258,0.0070828897295223,0.0001775301949226,0.0050327349152687,8.895840364769227e-05,0.2594317762721394,0.2594317324281836
mx6_mt3,2529,1.3770109499044123,0.0070818180462372,0.0001775113599675,0.0050328678903342,8.895887945226565e-05,0.2594318014955927,0.2594317576625
mx6_mt3,2530,1.3770096051919714,0.0070807503122393,0.0001774925928024,0.0050330004074183,8.895935393866928e-05,0.2594318266490998,0.2594317828268213
mx6_mt3,2531,1.3770082654178195,0.0070796865373373,0.0001774738916813,0.0050331324695499,8.895982594341086e-05,0.2594318516709822,0.2594318078594493
mx6_mt3,2532,1.3770069305708634,0.0070786267178681,0.0001774552560158,0.0050332640781707,8.896029516265724e-05,0.2594318765451344,0.2594318327442746
mx6_mt3,2533,1.3770056006400262,0.0070775708329054,0.0001774366866878,0.005033395232658,8.896076235535646e-05,0.2594319013117905,0.2594318575215461
mx6_mt3,2534,1.377004275614251,0.007076518857631,0.0001774181849037,0.0050335259318996,8.896122849465579e-05,0.2594319260225394,0.2594318822428697
mx6_mt3,2535,1.3770029554825003,0.0070754707789483,0.0001773997508668,0.0050336561761631,8.89616938094471e-05,0.2594319506895152,0.2594319069203826
mx6_mt3,2536,1.377001640233753,0.0070744265980496,0.0001773813835661,0.0050337859674242,8.896215765072787e-05,0.2594319752783141,0.2594319315196685
mx6_mt3,2537,1.3770003298570084,0.0070733863190055,0.0001773630817538,0.005033915308021,8.89626192146586e-05,0.2594319997463241,0.259431955998102
mx6_mt3,2538,1.376999024341283,0.0070723499359263,0.0001773448450371,0.0050340441991146,8.896307833103104e-05,0.2594320240845235,0.2594319803466592
mx6_mt3,2539,1.376997723675612,0.0070713174310991,0.0001773266740308,0.0050341726404472,8.896353555826926e-05,0.2594320483225156,0.2594320045949547
mx6_mt3,2540,1.376996427849048,0.0070702887845815,0.0001773085695358,0.0050343006314746,8.896399157602467e-05,0.25943207249633,0.2594320287790297
mx6_mt3,2541,1.3769951368506623,0.0070692639848212,0.0001772905316353,0.0050344281726413,8.89644465324985e-05,0.2594320966138234,0.2594320529067429
mx6_mt3,2542,1.3769938506695427,0.0070682430301573,0.0001772725595725,0.0050345552655774,8.89648999675484e-05,0.2594321206506039,0.2594320769536939
mx6_mt3,2543,1.3769925692947953,0.0070672259208631,0.0001772546524315,0.005034681912158,8.89653513164225e-05,0.2594321445767345,0.2594321008899359
mx6_mt3,2544,1.376991292715544,0.0070662126503034,0.0001772368098899,0.0050348081134409,8.896580045382021e-05,0.2594321683855739,0.2594321247088262
mx6_mt3,2545,1.3769900209209294,0.0070652032035771,0.0001772190323302,0.0050349338694898,8.89662477652088e-05,0.2594321920975566,0.2594321484308071
mx6_mt3,2546,1.3769887539001089,0.0070641975640266,0.0001772013202824,0.0050350591801425,8.896669373458292e-05,0.2594322157383397,0.2594321720815442
mx6_mt3,2547,1.3769874916422582,0.0070631957206461,0.0001771836737939,0.0050351840459019,8.896713848811458e-05,0.2594322393146121,0.2594321956677281
mx6_mt3,2548,1.3769862341365684,0.007062197669423,0.000177166092318,0.0050353084681097,8.896758172096032e-05,0.2594322628102147,0.2594322191731941
mx6_mt3,2549,1.3769849813722488,0.0070612034080922,0.0001771485751633,0.005035432448327,8.896802302979661e-05,0.2594322862037682,0.2594322425765558
mx6_mt3,2550,1.376983733338524,0.0070602129299007,0.0001771311220244,0.0050355559875848,8.896846229756397e-05,0.2594323094890681,0.2594322658716075
mx6_mt3,2551,1.376982490024636,0.0070592262222148,0.000177113733098,0.0050356790862058,8.896889977192662e-05,0.2594323326792436,0.2594322890714832
mx6_mt3,2552,1.3769812514198432,0.0070582432706695,0.0001770964087276,0.0050358017442935,8.896933580183673e-05,0.259432355792793,0.2594323121946877
mx6_mt3,2553,1.376980017513419,0.0070572640644303,0.0001770791489554,0.0050359239623647,8.896977051228426e-05,0.2594323788363426,0.2594323352478491
mx6_mt3,2554,1.3769787882946545,0.0070562885976603,0.0001770619533991,0.0050360457415352,8.897020371950716e-05,0.2594324018001518,0.2594323582212234
mx6_mt3,2555,1.376977563752855,0.0070553168663149,0.0001770448215268,0.0050361670831425,8.897063513489608e-05,0.2594324246689224,0.2594323810995075
mx6_mt3,2556,1.376976343877344,0.0070543488637039,0.000177027753035,0.005036287988213,8.897106463987995e-05,0.2594324474363698,0.259432403876415
mx6_mt3,2557,1.376975128657458,0.0070533845789534,0.0001770107479777,0.0050364084572697,8.897149237649438e-05,0.2594324701100239,0.2594324265594789
mx6_mt3,2558,1.3769739180825515,0.0070524239994015,0.0001769938065616,0.0050365284906126,8.897191859437998e-05,0.2594324927031183,0.2594324491619373
mx6_mt3,2559,1.3769727121419926,0.0070514671143252,0.0001769769288279,0.0050366480887659,8.897234341949484e-05,0.2594325152223304,0.2594324716904699
mx6_mt3,2560,1.3769715108251654,0.0070505139165272,0.0001769601145188,0.0050367672526747,8.897276675935194e-05,0.2594325376627582,0.2594324941401729
mx6_mt3,2561,1.3769703141214693,0.0070495644006281,0.0001769433632235,0.0050368859835068,8.897318841268818e-05,0.2594325600137337,0.2594325165003747
mx6_mt3,2562,1.3769691220203184,0.0070486185599639,0.0001769266746433,0.0050370042822807,8.897360826246712e-05,0.2594325822690537,0.2594325387648706
mx6_mt3,2563,1.3769679345111423,0.0070476763849835,0.0001769100487268,0.0050371221496681,8.897402637253079e-05,0.2594326044321031,0.2594325609370466
mx6_mt3,2564,1.376966751583384,0.0070467378643751,0.0001768934855734,0.0050372395861242,8.89744429144653e-05,0.2594326265119777,0.2594325830260022
mx6_mt3,2565,1.3769655732265036,0.0070458029876126,0.0001768769852155,0.0050373565921909,8.897485800883399e-05,0.259432648515069,0.2594326050381307
mx6_mt3,2566,1.3769643994299725,0.0070448717465356,0.0001768605474851,0.0050374731686914,8.897527162909919e-05,0.2594326704399708,0.2594326269720257
mx6_mt3,2567,1.3769632301832793,0.0070439441347053,0.0001768441720689,0.0050375893166572,8.897568364434046e-05,0.2594326922797439,0.2594326488207455
mx6_mt3,2568,1.3769620654759258,0.0070430201453567,0.0001768278586838,0.0050377050370846,8.897609394730177e-05,0.2594327140287036,0.2594326705786037
mx6_mt3,2569,1.376960905297427,0.0070420997698809,0.0001768116072051,0.0050378203307494,8.897650254724672e-05,0.2594327356873415,0.2594326922460925
mx6_mt3,2570,1.3769597496373132,0.0070411829980775,0.0001767954176445,0.0050379351982331,8.897690955197235e-05,0.2594327572613723,0.2594327138289288
mx6_mt3,2571,1.376958598485128,0.0070402698197514,0.0001767792900138,0.0050380496401125,8.897731506757392e-05,0.2594327787564203,0.2594327353327387
mx6_mt3,2572,1.3769574518304293,0.007039360226131,0.0001767632242044,0.0050381636571314,8.897771911125909e-05,0.2594328001733981,0.2594327567584352
mx6_mt3,2573,1.3769563096627877,0.0070384542099231,0.0001767472199828,0.0050382772502112,8.897812160972998e-05,0.259432821508421,0.2594327781021324
mx6_mt3,2574,1.3769551719717876,0.0070375517641193,0.0001767312770932,0.0050383904203098,8.897852247455e-05,0.2594328427568019,0.2594327993591416
mx6_mt3,2575,1.3769540387470278,0.0070366528807113,0.0001767153953663,0.0050385031682665,8.897892168144521e-05,0.2594328639172547,0.2594328205281767
mx6_mt3,2576,1.3769529099781184,0.0070357575504062,0.0001766995747433,0.0050386154947651,8.89793192865083e-05,0.2594328849927532,0.2594328416122126
mx6_mt3,2577,1.376951785654684,0.0070348657634621,0.0001766838152044,0.0050387274004316,8.897971537315037e-05,0.2594329059877193,0.2594328626156729
mx6_mt3,2578,1.3769506657663624,0.0070339775108124,0.0001766681166729,0.0050388388859695,8.898010998233656e-05,0.2594329269043249,0.2594328835407303
mx6_mt3,2579,1.3769495503028029,0.0070330927845069,0.0001766524789782,0.005038949952215,8.898050308625941e-05,0.2594329477410966,0.2594329043859109
mx6_mt3,2580,1.3769484392536693,0.0070322115771858,0.0001766369019006,0.005039060600076,8.898089462210103e-05,0.2594329684947052,0.2594329251478843
mx6_mt3,2581,1.376947332608636,0.0070313338811369,0.0001766213852517,0.0050391708304195,8.898128455082445e-05,0.2594329891630821,0.2594329458245817
mx6_mt3,2582,1.3769462303573918,0.0070304596877613,0.0001766059289201,0.0050392806440058,8.898167288954625e-05,0.2594330097471351,0.2594329664169112
mx6_mt3,2583,1.3769451324896362,0.0070295889878393,0.000176590532848,0.0050393900415186,8.898205969407691e-05,0.259433030249823,0.259432986927833
mx6_mt3,2584,1.376944038995082,0.0070287217722821,0.000176575196967,0.0050394990236542,8.898244501183662e-05,0.2594330506736599,0.2594330073598619
mx6_mt3,2585,1.3769429498634538,0.0070278580326988,0.0001765599211505,0.0050396075911908,8.898282884706036e-05,0.2594330710188708,0.2594330277132231
mx6_mt3,2586,1.376941865084489,0.0070269977613395,0.0001765447052179,0.0050397157449832,8.898321116509649e-05,0.2594330912836194,0.2594330479860798
mx6_mt3,2587,1.3769407846479345,0.0070261409505366,0.0001765295489832,0.0050398234858967,8.89835919276936e-05,0.2594331114658788,0.2594330681764045
mx6_mt3,2588,1.3769397085435515,0.0070252875921518,0.0001765144523015,0.0050399308147404,8.89839711270645e-05,0.2594331315652367,0.2594330882837851
mx6_mt3,2589,1.376938636761112,0.0070244376774764,0.0001764994150775,0.0050400377322542,8.898434879153159e-05,0.2594331515831948,0.2594331083097238
mx6_mt3,2590,1.3769375692903991,0.0070235911976066,0.0001764844372332,0.0050401442391526,8.898472496160164e-05,0.2594331715219009,0.2594331282563691
mx6_mt3,2591,1.376936506121207,0.0070227481439409,0.0001764695186657,0.005040250336184,8.898509965913273e-05,0.2594331913825138,0.2594331481248808
mx6_mt3,2592,1.3769354472433424,0.0070219085083864,0.0001764546592298,0.0050403560241572,8.89854728748239e-05,0.2594332111645411,0.2594331679147659
mx6_mt3,2593,1.3769343926466218,0.0070210722831475,0.0001764398587558,0.0050404613039164,8.898584458193248e-05,0.2594332308665659,0.2594331876246074
mx6_mt3,2594,1.3769333423208736,0.0070202394603126,0.0001764251170851,0.005040566176292,8.89862147620647e-05,0.2594332504876137,0.2594332072534304
mx6_mt3,2595,1.3769322962559365,0.0070194100315885,0.0001764104340925,0.0050406706420686,8.898658342144666e-05,0.259433270028015,0.2594332268015659
mx6_mt3,2596,1.3769312544416612,0.0070185839883722,0.00017639580968,0.0050407747019927,8.898695058600647e-05,0.2594332894891446,0.2594332462703891
mx6_mt3,2597,1.3769302168679065,0.0070177613220645,0.0001763812437504,0.0050408783568095,8.898731628164945e-05,0.2594333088723761,0.2594332656612743
mx6_mt3,2598,1.3769291835245443,0.0070169420243514,0.0001763667361824,0.005040981607297,8.898768051685395e-05,0.2594333281781593,0.2594332849746715
mx6_mt3,2599,1.3769281544014562,0.0070161260872395,0.0001763522868288,0.0050410844542713,8.898804328077655e-05,0.2594333474059199,0.2594333042100064
mx6_mt3,2600,1.376927129488533,0.0070153135028475,0.0001763378955336,0.0050411868985616,8.898840455650357e-05,0.259433366554762,0.2594333233663828
mx6_mt3,2601,1.3769261087756768,0.0070145042631431,0.0001763235621544,0.0050412889409791,8.898876433741527e-05,0.2594333856243352,0.2594333424434503
mx6_mt3,2602,1.3769250922527998,0.0070136983598337,0.0001763092865723,0.0050413905823033,8.898912263374116e-05,0.2594334046151822,0.2594333614417519
mx6_mt3,2603,1.376924079909823,0.0070128957844762,0.0001762950686815,0.0050414918232949,8.898947946551797e-05,0.2594334235283654,0.2594333803623506
mx6_mt3,2604,1.376923071736679,0.0070120965286947,0.0001762809083716,0.0050415926647213,8.898983484887511e-05,0.2594334423647402,0.259433399206102
mx6_mt3,2605,1.376922067723308,0.0070113005843299,0.0001762668055144,0.0050416931073751,8.899018878691653e-05,0.2594334611244716,0.2594334179731715
mx6_mt3,2606,1.3769210678596613,0.0070105079434133,0.0001762527599661,0.0050417931520714,8.899054127146446e-05,0.2594334798071265,0.2594334366631258
mx6_mt3,2607,1.3769200721356991,0.0070097185980088,0.0001762387715813,0.0050418927996287,8.899089229308638e-05,0.2594334984122056,0.2594334552754656
mx6_mt3,2608,1.376919080541392,0.0070089325400546,0.0001762248402258,0.0050419920508508,8.899124185090648e-05,0.2594335169396629,0.2594334738101448
mx6_mt3,2609,1.3769180930667175,0.0070081497613244,0.0001762109657806,0.0050420909065209,8.89915899548605e-05,0.2594335353900253,0.2594334922676909
mx6_mt3,2610,1.3769171097016646,0.0070073702535216,0.000176197148133,0.0050421893674134,8.899193661964454e-05,0.2594335537640724,0.2594335106488837
mx6_mt3,2611,1.376916130436229,0.0070065940084218,0.0001761833871651,0.0050422874343102,8.899228185587748e-05,0.2594335720623673,0.2594335289542868
mx6_mt3,2612,1.3769151552604182,0.0070058210179502,0.000176169682747,0.0050423851080108,8.899262566526658e-05,0.259433590285001,0.2594335471839909
mx6_mt3,2613,1.3769141841642454,0.0070050512741478,0.0001761560347395,0.0050424823893282,8.8992968042903e-05,0.2594336084317138,0.2594335653377368
mx6_mt3,2614,1.376913217137735,0.0070042847690615,0.0001761424430038,0.0050425792790759,8.899330898413775e-05,0.2594336265022597,0.259433583415278
mx6_mt3,2615,1.3769122541709171,0.0070035214946497,0.0001761289074093,0.0050426757780565,8.899364849044978e-05,0.2594336444967176,0.2594336014166941
mx6_mt3,2616,1.3769112952538338,0.0070027614427687,0.000176115427835,0.0050427718870602,8.899398657017196e-05,0.2594336624155294,0.2594336193424269
mx6_mt3,2617,1.3769103403765328,0.0070020046052409,0.0001761020041633,0.0050428676068726,8.899432323416552e-05,0.2594336802592713,0.259433637193053
mx6_mt3,2618,1.3769093895290707,0.0070012509739448,0.0001760886362724,0.0050429629382853,8.899465849020531e-05,0.2594336980283558,0.2594336549689852
mx6_mt3,2619,1.376908442701512,0.00700050054086,0.0001760753240327,0.0050430578821018,8.899499234018639e-05,0.2594337157228839,0.2594336726703243
mx6_mt3,2620,1.3769074998839297,0.0069997532980401,0.0001760620673089,0.0050431524391341,8.899532478191818e-05,0.2594337333427396,0.259433690296955
mx6_mt3,2621,1.3769065610664044,0.0069990092375412,0.0001760488659662,0.0050432466101944,8.899565581359447e-05,0.2594337508878279,0.2594337078487818
mx6_mt3,2622,1.376905626239025,0.0069982683513628,0.0001760357198754,0.0050433403960881,8.899598543744556e-05,0.2594337683582673,0.2594337253259234
mx6_mt3,2623,1.3769046953918858,0.0069975306314409,0.0001760226289132,0.0050434337976124,8.899631366014374e-05,0.2594337857544118,0.2594337427287342
mx6_mt3,2624,1.3769037685150909,0.0069967960696916,0.0001760095929585,0.0050435268155621,8.89966404899931e-05,0.259433803076702,0.2594337600576552
mx6_mt3,2625,1.3769028455987515,0.0069960646580687,0.0001759966118879,0.0050436194507361,8.8996965933333e-05,0.2594338203254743,0.2594337773130227
mx6_mt3,2626,1.376901926632985,0.0069953363885936,0.0001759836855727,0.0050437117039411,8.899728999271768e-05,0.2594338375008645,0.2594337944949728
mx6_mt3,2627,1.3769010116079172,0.006994611253339,0.0001759708138803,0.0050438035759898,8.89976126679521e-05,0.2594338546028626,0.2594338116034954
mx6_mt3,2628,1.37690010051368,0.0069938892443839,0.0001759579966784,0.0050438950676957,8.899793395889258e-05,0.2594338716314614,0.2594338286385836
mx6_mt3,2629,1.3768991933404129,0.0069931703537747,0.000175945233838,0.0050439861798679,8.899825386791544e-05,0.2594338885867873,0.2594338456003639
mx6_mt3,2630,1.3768982900782611,0.0069924545735173,0.000175932525234,0.005044076913311,8.899857240035691e-05,0.2594339054691234,0.2594338624891196
mx6_mt3,2631,1.3768973907173785,0.0069917418956032,0.0001759198707432,0.0050441672688274,8.899888956280074e-05,0.2594339222788192,0.2594338793052003
mx6_mt3,2632,1.376896495247924,0.0069910323120463,0.0001759072702411,0.0050442572472222,8.899920536084414e-05,0.2594339390161715,0.2594338960489031
mx6_mt3,2633,1.3768956036600626,0.0069903258149049,0.0001758947235998,0.0050443468493056,8.899951979764082e-05,0.2594339556813481,0.259433912720396
mx6_mt3,2634,1.3768947159439675,0.0069896223962753,0.0001758822306889,0.0050444360758924,8.899983287441529e-05,0.2594339722744141,0.2594339293197441
mx6_mt3,2635,1.376893832089817,0.0069889220482646,0.0001758697913774,0.0050445249277983,8.900014459211975e-05,0.2594339887954205,0.2594339458469985
mx6_mt3,2636,1.3768929520877955,0.0069882247629637,0.0001758574055364,0.0050446134058377,8.900045495311418e-05,0.2594340052444926,0.2594339623022847
mx6_mt3,2637,1.3768920759280938,0.0069875305324387,0.0001758450730395,0.0050447015108214,8.900076396170356e-05,0.259434021621859,0.2594339786858314
mx6_mt3,2638,1.3768912036009089,0.0069868393487434,0.0001758327937618,0.005044789243559,8.900107162330212e-05,0.259434037927807,0.2594339949979263
mx6_mt3,2639,1.3768903350964423,0.0069861512039429,0.0001758205675781,0.0050448766048615,8.900137794299215e-05,0.2594340541626064,0.2594340112388391
mx6_mt3,2640,1.3768894704049033,0.0069854660901304,0.0001758083943613,0.005044963595543,8.900168292441374e-05,0.2594340703264505,0.2594340274087633
mx6_mt3,2641,1.3768886095165052,0.0069847839994276,0.000175796273982,0.0050450502164214,8.900198656978047e-05,0.2594340864194568,0.2594340435078168
mx6_mt3,2642,1.376887752421467,0.0069841049239698,0.0001757842063106,0.0050451364683161,8.900228888083573e-05,0.2594341024417183,0.2594340595360923
mx6_mt3,2643,1.3768868991100147,0.0069834288558879,0.0001757721912179,0.005045222352046,8.900258985993561e-05,0.2594341183933601,0.2594340754937153
mx6_mt3,2644,1.376886049572377,0.0069827557872984,0.0001757602285767,0.0050453078684285,8.90028895106911e-05,0.2594341342745739,0.2594340913808777
mx6_mt3,2645,1.3768852037987898,0.0069820857103078,0.0001757483182609,0.0050453930182798,8.900318783765899e-05,0.2594341500856017,0.2594341071978214
mx6_mt3,2646,1.3768843617794924,0.0069814186170264,0.0001757364601447,0.0050454778024169,8.900348484548414e-05,0.2594341658266899,0.2594341229447932
mx6_mt3,2647,1.3768835235047316,0.0069807544995809,0.000175724654101,0.0050455622216587,8.900378053807307e-05,0.259434181498046,0.2594341386220006
mx6_mt3,2648,1.3768826889647556,0.0069800933501188,0.0001757129000016,0.0050456462768266,8.900407491834672e-05,0.259434197099825,0.2594341542295991
mx6_mt3,2649,1.3768818581498208,0.0069794351608018,0.0001757011977175,0.0050457299687442,8.900436798866046e-05,0.2594342126321522,0.2594341697677136
mx6_mt3,2650,1.3768810310501862,0.0069787799237946,0.0001756895471196,0.0050458132982355,8.900465975149542e-05,0.2594342280951594,0.2594341852364764
mx6_mt3,2651,1.3768802076561155,0.0069781276312553,0.0001756779480801,0.0050458962661239,8.900495021001257e-05,0.2594342434890145,0.2594342006360553
mx6_mt3,2652,1.3768793879578782,0.0069774782753351,0.0001756664004719,0.0050459788732323,8.9005239368149e-05,0.2594342588139264,0.2594342159666595
mx6_mt3,2653,1.3768785719457457,0.0069768318481847,0.0001756549041684,0.0050460611203835,8.900552723011947e-05,0.259434274070119,0.259434231228513
mx6_mt3,2654,1.376877759609996,0.0069761883419629,0.0001756434590427,0.0050461430084018,8.900581379990624e-05,0.2594342892578035,0.2594342464218273
mx6_mt3,2655,1.37687695094091,0.0069755477488426,0.000175632064967,0.0050462245381134,8.900609908088833e-05,0.2594343043771593,0.2594342615467817
mx6_mt3,2656,1.3768761459287724,0.0069749100610093,0.0001756207218127,0.0050463057103462,8.900638307589701e-05,0.259434319428337,0.2594342766035271
mx6_mt3,2657,1.3768753445638728,0.0069742752706553,0.0001756094294512,0.0050463865259293,8.900666578765254e-05,0.2594343344114809,0.2594342915922078
mx6_mt3,2658,1.3768745468365038,0.0069736433699726,0.0001755981877539,0.005046466985692,8.900694721913922e-05,0.2594343493267495,0.2594343065129826
mx6_mt3,2659,1.3768737527369617,0.0069730143511492,0.0001755869965933,0.0050465470904635,8.900722737380431e-05,0.2594343641743259,0.2594343213660346
mx6_mt3,2660,1.376872962255547,0.0069723882063714,0.0001755758558418,0.0050466268410732,8.900750625549843e-05,0.2594343789544144,0.2594343361515684
mx6_mt3,2661,1.3768721753825632,0.0069717649278285,0.0001755647653724,0.0050467062383512,8.900778386809002e-05,0.2594343936672205,0.2594343508697894
mx6_mt3,2662,1.3768713921083178,0.0069711445077176,0.0001755537250574,0.0050467852831287,8.9008060215214e-05,0.2594344083129369,0.2594343655208906
mx6_mt3,2663,1.3768706124231205,0.0069705269382458,0.0001755427347685,0.0050468639762388,8.900833530008324e-05,0.2594344228917344,0.259434380105043
mx6_mt3,2664,1.3768698363172842,0.0069699122116279,0.0001755317943773,0.0050469423185157,8.900860912565927e-05,0.2594344374037702,0.2594343946224037
mx6_mt3,2665,1.3768690637811265,0.0069693003200821,0.000175520903755,0.0050470203107946,8.900888169491831e-05,0.2594344518492024,0.2594344090731312
mx6_mt3,2666,1.3768682948049662,0.0069686912558262,0.0001755100627735,0.0050470979539109,8.900915301108488e-05,0.259434466228202,0.2594344234573965
mx6_mt3,2667,1.3768675293791262,0.0069680850110766,0.0001754992713047,0.0050471752487006,8.900942307766847e-05,0.2594344805409555,0.2594344377753861
mx6_mt3,2668,1.376866767493931,0.0069674815780499,0.000175488529221,0.0050472521959998,8.900969189835663e-05,0.2594344947876585,0.2594344520272961
mx6_mt3,2669,1.3768660091397091,0.0069668809489666,0.0001754778363945,0.0050473287966458,8.900995947681397e-05,0.2594345089685057,0.2594344662133209
mx6_mt3,2670,1.3768652543067896,0.0069662831160533,0.0001754671926971,0.0050474050514771,8.901022581648411e-05,0.2594345230836796,0.2594344803336436
mx6_mt3,2671,1.376864502985507,0.0069656880715433,0.0001754565980004,0.0050474809613334,8.901049092059285e-05,0.2594345371333517,0.2594344943884353
mx6_mt3,2672,1.376863755166195,0.0069650958076747,0.0001754460521756,0.0050475565270558,8.901075479223197e-05,0.2594345511176861,0.2594345083778608
mx6_mt3,2673,1.3768630108391928,0.0069645063166879,0.0001754355550941,0.0050476317494859,8.901101743455299e-05,0.25943456503685,0.2594345223020868
mx6_mt3,2674,1.376862269994838,0.0069639195908233,0.0001754251066275,0.0050477066294659,8.901127885083631e-05,0.2594345788910177,0.2594345361612882
mx6_mt3,2675,1.3768615326234728,0.0069633356223211,0.0001754147066474,0.0050477811678388,8.901153904458445e-05,0.2594345926803749,0.2594345499556509
mx6_mt3,2676,1.376860798715441,0.0069627544034226,0.0001754043550256,0.0050478553654482,8.901179801936488e-05,0.2594346064051112,0.2594345636853641
mx6_mt3,2677,1.376860068261088,0.0069621759263724,0.0001753940516338,0.0050479292231384,8.901205577870013e-05,0.2594346200654133,0.2594345773506153
mx6_mt3,2678,1.3768593412507613,0.0069616001834191,0.0001753837963435,0.0050480027417553,8.901231232598809e-05,0.2594346336614618,0.2594345909515846
mx6_mt3,2679,1.376858617674809,0.0069610271668161,0.000175373589026,0.0050480759221457,8.901256766449367e-05,0.2594346471934298,0.2594346044884457
mx6_mt3,2680,1.3768578975235817,0.00696045686882,0.0001753634295524,0.0050481487651575,8.901282179741585e-05,0.2594346606614873,0.2594346179613684
mx6_mt3,2681,1.3768571807874317,0.006959889281689,0.0001753533177937,0.0050482212716395,8.901307472796306e-05,0.2594346740658044,0.2594346313705232
mx6_mt3,2682,1.3768564674567114,0.0069593243976817,0.0001753432536212,0.0050482934424412,8.9013326459481e-05,0.2594346874065589,0.2594346447160878
mx6_mt3,2683,1.3768557575217752,0.006958762209057,0.000175333236906,0.0050483652784128,8.901357699538876e-05,0.2594347006839321,0.2594346579982438
mx6_mt3,2684,1.376855050972979,0.0069582027080746,0.0001753232675197,0.0050484367804054,8.901382633918817e-05,0.2594347138981099,0.2594346712171771
mx6_mt3,2685,1.3768543478006796,0.0069576458869967,0.0001753133453332,0.0050485079492711,8.901407449433714e-05,0.2594347270492758,0.2594346843730714
mx6_mt3,2686,1.3768536479952345,0.0069570917380881,0.0001753034702178,0.005048578785863,8.90143214642287e-05,0.25943474013761,0.2594346974661069
mx6_mt3,2687,1.3768529515470018,0.0069565402536168,0.0001752936420444,0.0050486492910353,8.901456725215535e-05,0.259434753163287,0.2594347104964585
mx6_mt3,2688,1.3768522584463407,0.0069559914258528,0.0001752838606836,0.0050487194656434,8.901481186138236e-05,0.2594347661264804,0.2594347234642996
mx6_mt3,2689,1.3768515686836114,0.0069554452470675,0.0001752741260062,0.0050487893105434,8.901505529517824e-05,0.2594347790273635,0.2594347363698038
mx6_mt3,2690,1.3768508822491736,0.0069549017095325,0.0001752644378831,0.0050488588265925,8.901529755687226e-05,0.259434791866113,0.2594347492131479
mx6_mt3,2691,1.376850199133389,0.00695436080552,0.0001752547961849,0.0050489280146485,8.90155386498786e-05,0.2594348046429101,0.2594347619945132
mx6_mt3,2692,1.3768495193266184,0.0069538225273025,0.0001752452007825,0.0050489968755704,8.901577857761566e-05,0.2594348173579363,0.2594347747140813
mx6_mt3,2693,1.3768488428192232,0.0069532868671536,0.0001752356515467,0.0050490654102178,8.901601734352385e-05,0.259434830011374,0.2594347873720348
mx6_mt3,2694,1.376848169601565,0.0069527538173491,0.000175226148348,0.0050491336194517,8.901625495098502e-05,0.2594348426034028,0.2594347999685534
mx6_mt3,2695,1.3768474996640057,0.0069522233701661,0.0001752166910568,0.0050492015041341,8.901649140334018e-05,0.2594348551342,0.2594348125038145
mx6_mt3,2696,1.376846832996907,0.0069516955178832,0.0001752072795436,0.0050492690651279,8.901672670388846e-05,0.2594348676039406,0.2594348249779932
mx6_mt3,2697,1.3768461695906302,0.00695117025278,0.0001751979136786,0.0050493363032972,8.901696085593116e-05,0.2594348800127999,0.2594348373912649
mx6_mt3,2698,1.376845509435538,0.0069506475671361,0.0001751885933321,0.005049403219507,8.901719386281047e-05,0.2594348923609552,0.259434849743807
mx6_mt3,2699,1.3768448525219892,0.0069501274532311,0.0001751793183744,0.0050494698146232,8.901742572789894e-05,0.2594349046485854,0.2594348620357987
mx6_mt3,2700,1.3768441988403464,0.0069496099033448,0.0001751700886757,0.0050495360895126,8.901765645459963e-05,0.2594349168758712,0.2594348742674206
mx6_mt3,2701,1.3768435483809685,0.0069490949097572,0.0001751609041062,0.005049602045043,8.90178860463145e-05,0.2594349290429931,0.2594348864388534
mx6_mt3,2702,1.3768429011342156,0.0069485824647492,0.0001751517645359,0.0050496676820834,8.901811450644772e-05,0.2594349411501316,0.2594348985502779
mx6_mt3,2703,1.3768422570904466,0.0069480725606023,0.0001751426698348,0.0050497330015039,8.901834183835316e-05,0.2594349531974649,0.259434910601872
mx6_mt3,2704,1.3768416162400197,0.0069475651895988,0.0001751336198729,0.0050497980041754,8.901856804537327e-05,0.2594349651851702,0.2594349225938134
mx6_mt3,2705,1.3768409785732925,0.0069470603440211,0.0001751246145197,0.0050498626909701,8.901879313082218e-05,0.2594349771134233,0.2594349345262778
mx6_mt3,2706,1.3768403440806198,0.0069465580161516,0.0001751156536452,0.0050499270627612,8.901901709804762e-05,0.259434988982402,0.2594349463994433
mx6_mt3,2707,1.3768397127523575,0.0069460581982723,0.0001751067371189,0.0050499911204228,8.901923995041937e-05,0.259435000792285,0.2594349582134886
mx6_mt3,2708,1.3768390845788605,0.0069455608826645,0.0001750978648105,0.0050500548648301,8.90194616913177e-05,0.2594350125432517,0.2594349699685931
mx6_mt3,2709,1.37683845955048,0.0069450660616097,0.0001750890365895,0.0050501182968594,8.901968232414492e-05,0.2594350242354826,0.2594349816649376
mx6_mt3,2710,1.3768378376575685,0.0069445737273886,0.0001750802523255,0.0050501814173878,8.901990185228766e-05,0.2594350358691574,0.2594349933027018
mx6_mt3,2711,1.3768372188904752,0.0069440838722822,0.0001750715118877,0.0050502442272937,8.902012027911792e-05,0.259435047444455,0.2594350048820649
mx6_mt3,2712,1.3768366032395492,0.0069435964885714,0.0001750628151456,0.0050503067274566,8.902033760801614e-05,0.2594350589615548,0.2594350164032061
mx6_mt3,2713,1.3768359906951368,0.0069431115685365,0.0001750541619683,0.005050368918757,8.902055384231878e-05,0.2594350704206338,0.2594350278663028
mx6_mt3,2714,1.376835381247583,0.0069426291044575,0.0001750455522249,0.0050504308020767,8.902076898538225e-05,0.25943508182187,0.259435039271533
mx6_mt3,2715,1.376834774887231,0.0069421490886133,0.0001750369857845,0.0050504923782982,8.902098304057346e-05,0.2594350931654421,0.2594350506190755
mx6_mt3,2716,1.3768341716044228,0.006941671513282,0.0001750284625159,0.0050505536483054,8.902119601126356e-05,0.259435104451529,0.2594350619091093
mx6_mt3,2717,1.3768335713894968,0.0069411963707409,0.0001750199822882,0.0050506146129831,8.902140790084152e-05,0.2594351156803105,0.2594350731418143
mx6_mt3,2718,1.3768329742327907,0.006940723653266,0.0001750115449702,0.0050506752732171,8.902161871270581e-05,0.2594351268519668,0.2594350843173709
mx6_mt3,2719,1.3768323801246392,0.0069402533531327,0.0001750031504305,0.0050507356298947,8.902182845025386e-05,0.2594351379666783,0.2594350954359594
mx6_mt3,2720,1.3768317890553754,0.0069397854626154,0.0001749947985379,0.0050507956839038,8.902203711684962e-05,0.2594351490246233,0.2594351064977586
mx6_mt3,2721,1.3768312010153294,0.0069393199739876,0.0001749864891609,0.0050508554361338,8.902224471587176e-05,0.2594351600259811,0.2594351175029476
mx6_mt3,2722,1.3768306159948298,0.0069388568795216,0.0001749782221678,0.0050509148874751,8.902245125070103e-05,0.2594351709709311,0.2594351284517059
mx6_mt3,2723,1.376830033984201,0.0069383961714884,0.0001749699974272,0.0050509740388192,8.902265672469209e-05,0.2594351818596512,0.2594351393442117
mx6_mt3,2724,1.3768294549737663,0.0069379378421576,0.0001749618148071,0.0050510328910588,8.902286114123313e-05,0.2594351926923213,0.2594351501806448
mx6_mt3,2725,1.376828878953846,0.0069374818837973,0.0001749536741759,0.0050510914450876,8.902306450370396e-05,0.2594352034691205,0.2594351609611846
mx6_mt3,2726,1.3768283059147564,0.0069370282886738,0.0001749455754017,0.0050511497018005,8.90232668155138e-05,0.2594352141902298,0.259435171686012
mx6_mt3,2727,1.3768277358468126,0.0069365770490521,0.0001749375183524,0.0050512076620935,8.902346808005096e-05,0.2594352248558288,0.259435182355307
mx6_mt3,2728,1.3768271687403253,0.0069361281571954,0.0001749295028959,0.0050512653268637,8.902366830071421e-05,0.259435235466098,0.2594351929692499
mx6_mt3,2729,1.376826604585603,0.0069356816053652,0.0001749215289002,0.0050513226970096,8.902386748088982e-05,0.2594352460212169,0.2594352035280204
mx6_mt3,2730,1.3768260433729504,0.0069352373858215,0.0001749135962329,0.0050513797734305,8.902406562397456e-05,0.2594352565213657,0.259435214031799
mx6_mt3,2731,1.3768254850926698,0.0069347954908224,0.0001749057047615,0.0050514365570271,8.902426273334533e-05,0.2594352669667236,0.2594352244807646
mx6_mt3,2732,1.3768249297350588,0.0069343559126239,0.0001748978543537,0.0050514930487012,8.902445881239374e-05,0.2594352773574704,0.2594352348750977
mx6_mt3,2733,1.3768243772904134,0.0069339186434799,0.0001748900448769,0.0050515492493557,8.902465386451348e-05,0.2594352876937862,0.2594352452149778
mx6_mt3,2734,1.376823827749024,0.0069334836756424,0.0001748822761983,0.0050516051598948,8.902484789310988e-05,0.2594352979758516,0.2594352555005861
mx6_mt3,2735,1.3768232811011782,0.0069330510013608,0.0001748745481853,0.0050516607812238,8.902504090157566e-05,0.2594353082038466,0.2594352657321027
mx6_mt3,2736,1.376822737337161,0.0069326206128826,0.0001748668607049,0.0050517161142491,8.902523289332035e-05,0.2594353183779521,0.2594352759097082
mx6_mt3,2737,1.3768221964472522,0.0069321925024526,0.0001748592136242,0.0050517711598783,8.902542387175773e-05,0.259435328498349,0.2594352860335841
mx6_mt3,2738,1.376821658421728,0.0069317666623136,0.0001748516068101,0.0050518259190204,8.902561384029632e-05,0.2594353385652183,0.2594352961039112
mx6_mt3,2739,1.3768211232508607,0.0069313430847057,0.0001748440401294,0.0050518803925852,8.902580280233009e-05,0.2594353485787399,0.2594353061208696
mx6_mt3,2740,1.3768205909249187,0.0069309217618668,0.0001748365134489,0.0050519345814842,8.90259907612697e-05,0.2594353585390948,0.2594353160846404
mx6_mt3,2741,1.3768200614341666,0.0069305026860319,0.000174829026635,0.0050519884866297,8.902617772051861e-05,0.2594353684464635,0.2594353259954041
mx6_mt3,2742,1.376819534768864,0.0069300858494333,0.0001748215795544,0.0050520421089354,8.902636368348441e-05,0.2594353783010266,0.2594353358533415
mx6_mt3,2743,1.376819010919266,0.0069296712443005,0.0001748141720734,0.005052095449316,8.902654865357897e-05,0.2594353881029653,0.2594353456586339
mx6_mt3,2744,1.3768184898756248,0.0069292588628603,0.0001748068040582,0.0050521485086878,8.902673263422466e-05,0.2594353978524609,0.2594353554114628
mx6_mt3,2745,1.3768179716281854,0.0069288486973364,0.0001747994753752,0.0050522012879678,8.90269156288428e-05,0.2594354075496951,0.2594353651120098
mx6_mt3,2746,1.376817456167192,0.0069284407399496,0.0001747921858902,0.0050522537880747,8.902709764084326e-05,0.2594354171948485,0.2594353747604557
mx6_mt3,2747,1.3768169434828814,0.0069280349829175,0.0001747849354694,0.0050523060099281,8.90272786736621e-05,0.2594354267881035,0.2594353843569829
mx6_mt3,2748,1.3768164335654849,0.0069276314184548,0.0001747777239785,0.0050523579544491,8.90274587307218e-05,0.2594354363296416,0.2594353939017733
mx6_mt3,2749,1.376815926405231,0.0069272300387729,0.0001747705512832,0.0050524096225598,8.902763781543755e-05,0.259435445819644,0.2594354033950079
mx6_mt3,2750,1.3768154219923443,0.00692683083608,0.0001747634172492,0.0050524610151836,8.902781593123921e-05,0.2594354552582925,0.2594354128368685
mx6_mt3,2751,1.376814920317041,0.0069264338025809,0.0001747563217419,0.0050525121332453,8.902799308155145e-05,0.2594354646457687,0.2594354222275372
mx6_mt3,2752,1.376814421369534,0.006926038930477,0.0001747492646268,0.0050525629776708,8.902816926979897e-05,0.2594354739822543,0.2594354315671955
mx6_mt3,2753,1.376813925140031,0.0069256462119661,0.0001747422457691,0.0050526135493872,8.902834449941905e-05,0.2594354832679317,0.259435440856026
mx6_mt3,2754,1.3768134316187342,0.0069252556392424,0.0001747352650339,0.0050526638493231,8.902851877384904e-05,0.259435492502983,0.259435450094211
mx6_mt3,2755,1.3768129407958412,0.0069248672044967,0.0001747283222862,0.005052713878408,8.90286920965336e-05,0.259435501687591,0.2594354592819332
mx6_mt3,2756,1.376812452661543,0.0069244808999158,0.0001747214173911,0.005052763637573,8.902886447090593e-05,0.2594355108219378,0.2594354684193748
mx6_mt3,2757,1.3768119672060255,0.006924096717683,0.0001747145502132,0.0050528131277504,8.902903590041287e-05,0.2594355199062061,0.2594354775067188
mx6_mt3,2758,1.37681148441947,0.0069237146499775,0.0001747077206172,0.0050528623498736,8.902920638850338e-05,0.259435528940579,0.259435486544148
mx6_mt3,2759,1.3768110042920505,0.006923334688975,0.0001747009284678,0.0050529113048774,8.902937593861283e-05,0.2594355379252384,0.259435495531845
mx6_mt3,2760,1.376810526813936,0.0069229568268467,0.0001746941736292,0.0050529599936979,8.90295445541892e-05,0.2594355468603674,0.2594355044699925
mx6_mt3,2761,1.3768100519752895,0.0069225810557602,0.0001746874559658,0.0050530084172726,8.90297122386857e-05,0.259435555746149,0.2594355133587738
mx6_mt3,2762,1.3768095797662685,0.0069222073678786,0.0001746807753417,0.00505305657654,8.902987899555248e-05,0.2594355645827662,0.259435522198372
mx6_mt3,2763,1.3768091101770246,0.0069218357553611,0.0001746741316211,0.0050531044724401,8.903004482824597e-05,0.2594355733704023,0.2594355309889704
mx6_mt3,2764,1.3768086431977014,0.0069214662103623,0.0001746675246678,0.0050531521059142,8.903020974022575e-05,0.2594355821092408,0.2594355397307528
mx6_mt3,2765,1.37680817881844,0.0069210987250329,0.0001746609543456,0.0050531994779048,8.903037373495776e-05,0.2594355907994655,0.2594355484239026
mx6_mt3,2766,1.3768077170293704,0.0069207332915187,0.0001746544205182,0.0050532465893559,8.903053681589955e-05,0.2594355994412596,0.2594355570686038
mx6_mt3,2767,1.3768072578206207,0.0069203699019615,0.0001746479230491,0.0050532934412125,8.903069898651498e-05,0.259435608034807,0.2594355656650398
mx6_mt3,2768,1.3768068011823107,0.0069200085484982,0.0001746414618017,0.0050533400344213,8.90308602502837e-05,0.2594356165802921,0.2594355742133953
mx6_mt3,2769,1.3768063471045526,0.0069196492232614,0.0001746350366394,0.0050533863699301,8.903102061066333e-05,0.2594356250778983,0.2594355827138539
mx6_mt3,2770,1.376805895577454,0.0069192919183789,0.0001746286474251,0.0050534324486879,8.903118007113145e-05,0.2594356335278099,0.2594355911666
mx6_mt3,2771,1.376805446591114,0.0069189366259736,0.000174622294022,0.0050534782716454,8.903133863516251e-05,0.2594356419302113,0.2594355995718179
mx6_mt3,2772,1.3768050001356278,0.0069185833381637,0.000174615976293,0.0050535238397543,8.90314963062289e-05,0.2594356502852866,0.2594356079296918
mx6_mt3,2773,1.3768045562010798,0.0069182320470627,0.0001746096941006,0.0050535691539677,8.903165308782713e-05,0.2594356585932211,0.2594356162404074
mx6_mt3,2774,1.3768041147775507,0.0069178827447789,0.0001746034473077,0.0050536142152403,8.903180898342229e-05,0.2594356668541986,0.2594356245041482
mx6_mt3,2775,1.376803675855113,0.0069175354234156,0.0001745972357766,0.0050536590245278,8.903196399651409e-05,0.2594356750684047,0.2594356327211001
mx6_mt3,2776,1.3768032394238314,0.0069171900750711,0.0001745910593696,0.0050537035827875,8.903211813058655e-05,0.2594356832360241,0.259435640891448
mx6_mt3,2777,1.376802805473765,0.0069168466918387,0.000174584917949,0.0050537478909779,8.903227138913313e-05,0.2594356913572421,0.2594356490153771
mx6_mt3,2778,1.3768023739949644,0.0069165052658061,0.0001745788113768,0.0050537919500589,8.903242377564836e-05,0.2594356994322439,0.2594356570930728
mx6_mt3,2779,1.3768019449774742,0.0069161657890562,0.000174572739515,0.0050538357609918,8.903257529362891e-05,0.259435707461215,0.2594356651247205
mx6_mt3,2780,1.3768015184113302,0.0069158282536661,0.0001745667022252,0.0050538793247394,8.903272594658298e-05,0.2594357154443414,0.2594356731105064
mx6_mt3,2781,1.376801094286561,0.0069154926517079,0.0001745606993692,0.0050539226422655,8.903287573798737e-05,0.2594357233818074,0.2594356810506151
mx6_mt3,2782,1.3768006725931887,0.0069151589752478,0.0001745547308084,0.0050539657145357,8.903302467137757e-05,0.2594357312738005,0.2594356889452339
mx6_mt3,2783,1.3768002533212262,0.0069148272163467,0.0001745487964042,0.0050540085425167,8.903317275025349e-05,0.2594357391205063,0.2594356967945487
mx6_mt3,2784,1.3767998364606804,0.0069144973670599,0.0001745428960178,0.0050540511271766,8.903331997811714e-05,0.2594357469221104,0.259435704598745
mx6_mt3,2785,1.3767994220015487,0.006914169419437,0.0001745370295102,0.0050540934694851,8.903346635849255e-05,0.2594357546787998,0.25943571235801
mx6_mt3,2786,1.376799009933822,0.0069138433655218,0.0001745311967424,0.0050541355704131,8.903361189489647e-05,0.2594357623907608,0.2594357200725301
mx6_mt3,2787,1.3767986002474832,0.0069135191973523,0.0001745253975751,0.0050541774309329,8.903375659085717e-05,0.2594357700581806,0.2594357277424924
mx6_mt3,2788,1.3767981929325055,0.0069131969069606,0.0001745196318689,0.0050542190520184,8.9033900449882e-05,0.259435777681245,0.2594357353680831
mx6_mt3,2789,1.3767977879788564,0.0069128764863731,0.0001745138994844,0.0050542604346445,8.903404347551186e-05,0.2594357852601419,0.25943574294949
mx6_mt3,2790,1.3767973853764934,0.0069125579276098,0.0001745082002818,0.005054301579788,8.903418567126775e-05,0.2594357927950579,0.2594357504868999
mx6_mt3,2791,1.3767969851153667,0.0069122412226849,0.0001745025341213,0.0050543424884269,8.903432704068539e-05,0.2594358002861806,0.2594357579805002
mx6_mt3,2792,1.3767965871854175,0.0069119263636065,0.000174496900863,0.0050543831615404,8.903446758730365e-05,0.2594358077336974,0.2594357654304788
mx6_mt3,2793,1.3767961915765796,0.0069116133423764,0.0001744913003667,0.0050544236001094,8.90346073146635e-05,0.2594358151377962,0.2594357728370233
mx6_mt3,2794,1.376795798278777,0.0069113021509902,0.0001744857324921,0.0050544638051162,8.903474622629862e-05,0.2594358224986642,0.2594357802003215
mx6_mt3,2795,1.3767954072819266,0.006910992781437,0.0001744801970988,0.0050545037775445,8.903488432576682e-05,0.2594358298164902,0.2594357875205617
mx6_mt3,2796,1.3767950185759357,0.0069106852256997,0.0001744746940463,0.0050545435183793,8.903502161660704e-05,0.2594358370914618,0.2594357947979319
mx6_mt3,2797,1.3767946321507023,0.0069103794757549,0.0001744692231937,0.0050545830286072,8.903515810238447e-05,0.259435844323768,0.2594358020326211
mx6_mt3,2798,1.3767942479961182,0.0069100755235722,0.0001744637844002,0.0050546223092162,8.903529378663496e-05,0.2594358515135961,0.2594358092248168
mx6_mt3,2799,1.376793866102063,0.0069097733611152,0.0001744583775247,0.0050546613611957,8.903542867293838e-05,0.2594358586611361,0.259435816374709
mx6_mt3,2800,1.3767934864584097,0.0069094729803405,0.000174453002426,0.0050547001855367,8.903556276484531e-05,0.2594358657665762,0.2594358234824859
mx6_mt3,2801,1.3767931090550205,0.006909174373198,0.0001744476589628,0.0050547387832314,8.903569606592311e-05,0.2594358728301055,0.2594358305483369
mx6_mt3,2802,1.376792733881751,0.0069088775316311,0.0001744423469935,0.0050547771552736,8.903582857973913e-05,0.2594358798519131,0.2594358375724511
mx6_mt3,2803,1.3767923609284465,0.0069085824475761,0.0001744370663764,0.0050548153026587,8.903596030987126e-05,0.2594358868321886,0.2594358445550179
mx6_mt3,2804,1.3767919901849413,0.0069082891129625,0.0001744318169697,0.0050548532263832,8.903609125989949e-05,0.259435893771122,0.2594358514962279
mx6_mt3,2805,1.376791621641063,0.006907997519713,0.0001744265986314,0.0050548909274455,8.903622143339439e-05,0.2594359006689025,0.2594358583962699
mx6_mt3,2806,1.3767912552866275,0.0069077076597431,0.0001744214112193,0.0050549284068452,8.903635083393807e-05,0.2594359075257199,0.2594358652553342
mx6_mt3,2807,1.3767908911114448,0.0069074195249613,0.0001744162545912,0.0050549656655834,8.903647946512213e-05,0.2594359143417648,0.2594358720736111
mx6_mt3,2808,1.3767905291053106,0.006907133107269,0.0001744111286043,0.0050550027046627,8.90366073305308e-05,0.259435921117227,0.259435878851291
mx6_mt3,2809,1.376790169258015,0.0069068483985604,0.0001744060331163,0.0050550395250873,8.903673443376934e-05,0.2594359278522978,0.2594358855885647
mx6_mt3,2810,1.3767898115593369,0.0069065653907224,0.0001744009679841,0.0050550761278628,8.903686077843146e-05,0.2594359345471676,0.259435892285623
mx6_mt3,2811,1.3767894559990443,0.0069062840756347,0.0001743959330648,0.0050551125139962,8.903698636810569e-05,0.2594359412020267,0.2594358989426563
mx6_mt3,2812,1.3767891025668983,0.0069060044451694,0.0001743909282153,0.0050551486844961,8.903711120641091e-05,0.2594359478170669,0.2594359055598563
mx6_mt3,2813,1.376788751252647,0.0069057264911915,0.0001743859532923,0.0050551846403726,8.90372352969514e-05,0.2594359543924794,0.2594359121374143
mx6_mt3,2814,1.3767884020460306,0.0069054502055582,0.0001743810081521,0.0050552203826373,8.903735864333773e-05,0.2594359609284554,0.259435918675522
mx6_mt3,2815,1.3767880549367788,0.0069051755801193,0.0001743760926513,0.0050552559123033,8.903748124918573e-05,0.2594359674251867,0.2594359251743707
mx6_mt3,2816,1.3767877099146106,0.006904902606717,0.0001743712066459,0.0050552912303853,8.903760311810705e-05,0.2594359738828648,0.2594359316341523
mx6_mt3,2817,1.3767873669692356,0.0069046312771858,0.000174366349992,0.0050553263378992,8.903772425373745e-05,0.2594359803016823,0.2594359380550595
mx6_mt3,2818,1.3767870260903523,0.0069043615833524,0.0001743615225453,0.0050553612358629,8.903784465969807e-05,0.2594359866818313,0.2594359444372844
mx6_mt3,2819,1.376786687267651,0.0069040935170359,0.0001743567241616,0.0050553959252953,8.903796433962364e-05,0.2594359930235044,0.2594359507810196
mx6_mt3,2820,1.3767863504908089,0.0069038270700473,0.0001743519546963,0.0050554304072174,8.903808329714373e-05,0.259435999326894,0.2594359570864577
mx6_mt3,2821,1.3767860157494938,0.0069035622341899,0.0001743472140047,0.0050554646826511,8.903820153589732e-05,0.259436005592193,0.2594359633537917
mx6_mt3,2822,1.3767856830333631,0.0069032990012589,0.000174342501942,0.0050554987526204,8.903831905952444e-05,0.2594360118195943,0.2594359695832146
mx6_mt3,2823,1.3767853523320646,0.0069030373630417,0.0001743378183632,0.0050555326181506,8.903843587168091e-05,0.2594360180092919,0.2594359757749203
mx6_mt3,2824,1.376785023635234,0.0069027773113173,0.0001743331631229,0.0050555662802683,8.903855197600993e-05,0.2594360241614787,0.259435981929102
mx6_mt3,2825,1.3767846969324966,0.0069025188378568,0.0001743285360759,0.0050555997400021,8.903866737615896e-05,0.2594360302763481,0.259435988045953
mx6_mt3,2826,1.376784372213467,0.006902261934423,0.0001743239370765,0.0050556329983819,8.903878207580165e-05,0.2594360363540949,0.2594359941256684
mx6_mt3,2827,1.3767840494677492,0.0069020065927705,0.000174319365979,0.0050556660564391,8.903889607859069e-05,0.2594360423949127,0.2594360001684416
mx6_mt3,2828,1.3767837286849367,0.0069017528046456,0.0001743148226376,0.0050556989152068,8.903900938819351e-05,0.2594360483989959,0.2594360061744672
mx6_mt3,2829,1.3767834098546106,0.0069015005617862,0.0001743103069059,0.0050557315757197,8.903912200827645e-05,0.2594360543665388,0.2594360121439398
mx6_mt3,2830,1.376783092966343,0.0069012498559218,0.0001743058186379,0.0050557640390138,8.903923394251639e-05,0.2594360602977363,0.259436018077054
mx6_mt3,2831,1.3767827780096915,0.0069010006787733,0.0001743013576871,0.0050557963061268,8.90393451945965e-05,0.2594360661927837,0.2594360239740055
mx6_mt3,2832,1.376782464974207,0.0069007530220533,0.0001742969239067,0.0050558283780982,8.903945576819365e-05,0.2594360720518759,0.259436029834989
mx6_mt3,2833,1.3767821538494254,0.0069005068774657,0.0001742925171499,0.0050558602559688,8.903956566699525e-05,0.2594360778752083,0.2594360356602003
mx6_mt3,2834,1.3767818446248732,0.0069002622367057,0.0001742881372698,0.005055891940781,8.903967489468765e-05,0.2594360836629762,0.2594360414498345
mx6_mt3,2835,1.376781537290065,0.0069000190914597,0.0001742837841192,0.0050559234335789,8.903978345497502e-05,0.2594360894153762,0.2594360472040884
mx6_mt3,2836,1.376781231834503,0.0068997774334057,0.0001742794575506,0.0050559547354081,8.903989135154902e-05,0.2594360951326038,0.2594360529231577
mx6_mt3,2837,1.3767809282476804,0.0068995372542126,0.0001742751574166,0.0050559858473157,8.903999858811595e-05,0.2594361008148554,0.2594360586072387
mx6_mt3,2838,1.3767806265190763,0.0068992985455405,0.0001742708835693,0.0050560167703508,8.904010516838317e-05,0.2594361064623277,0.2594360642565282
mx6_mt3,2839,1.3767803266381593,0.0068990612990405,0.0001742666358608,0.0050560475055635,8.904021109606333e-05,0.2594361120752174,0.2594360698712229
mx6_mt3,2840,1.3767800285943856,0.0068988255063549,0.000174262414143,0.0050560780540059,8.904031637487117e-05,0.2594361176537213,0.25943607545152
mx6_mt3,2841,1.3767797323772006,0.0068985911591168,0.0001742582182675,0.0050561084167317,8.904042100852248e-05,0.2594361231980365,0.2594360809976164
mx6_mt3,2842,1.3767794379760376,0.0068983582489504,0.000174254048086,0.005056138594796,8.904052500074987e-05,0.2594361287083607,0.2594360865097098
mx6_mt3,2843,1.3767791453803164,0.0068981267674706,0.0001742499034497,0.0050561685892557,8.904062835527962e-05,0.2594361341848916,0.2594360919879983
mx6_mt3,2844,1.376778854579448,0.0068978967062831,0.0001742457842096,0.0050561984011691,8.904073107584121e-05,0.2594361396278267,0.2594360974326792
mx6_mt3,2845,1.376778565562828,0.0068976680569846,0.0001742416902168,0.0050562280315964,8.904083316617149e-05,0.2594361450373641,0.2594361028439508
mx6_mt3,2846,1.3767782783198423,0.0068974408111622,0.000174237621322,0.0050562574815992,8.904093463002297e-05,0.2594361504137027,0.2594361082220121
mx6_mt3,2847,1.376777992839863,0.0068972149603938,0.0001742335773757,0.0050562867522408,8.904103547112833e-05,0.2594361557570405,0.2594361135670612
mx6_mt3,2848,1.3767777091122513,0.0068969904962478,0.0001742295582283,0.0050563158445862,8.904113569324958e-05,0.2594361610675766,0.2594361188792971
mx6_mt3,2849,1.3767774271263549,0.0068967674102833,0.0001742255637299,0.0050563447597018,8.904123530013826e-05,0.2594361663455101,0.2594361241589192
mx6_mt3,2850,1.3767771468715104,0.0068965456940498,0.0001742215937305,0.0050563734986559,8.904133429554699e-05,0.2594361715910398,0.2594361294061261
mx6_mt3,2851,1.3767768683370414,0.0068963253390872,0.0001742176480799,0.0050564020625183,8.904143268325144e-05,0.2594361768043658,0.2594361346211183
mx6_mt3,2852,1.3767765915122585,0.0068961063369259,0.0001742137266276,0.0050564304523605,8.904153046701889e-05,0.2594361819856878,0.2594361398040953
mx6_mt3,2853,1.37677631638646,0.0068958886790865,0.000174209829223,0.0050564586692556,8.904162765062298e-05,0.2594361871352058,0.2594361449552574
mx6_mt3,2854,1.3767760429489326,0.0068956723570801,0.0001742059557154,0.0050564867142782,8.904172423783522e-05,0.2594361922531196,0.2594361500748045
mx6_mt3,2855,1.376775771188949,0.0068954573624077,0.0001742021059537,0.005056514588505,8.904182023243868e-05,0.2594361973396299,0.2594361551629371
mx6_mt3,2856,1.3767755010957703,0.0068952436865609,0.0001741982797866,0.0050565422930138,8.904191563823424e-05,0.259436202394938,0.2594361602198569
mx6_mt3,2857,1.3767752326586438,0.006895031321021,0.0001741944770628,0.0050565698288845,8.90420104589987e-05,0.2594362074192441,0.2594361652457639
mx6_mt3,2858,1.376774965866805,0.0068948202572597,0.0001741906976307,0.0050565971971984,8.904210469853613e-05,0.2594362124127499,0.2594361702408599
mx6_mt3,2859,1.3767747007094753,0.0068946104867387,0.0001741869413384,0.0050566243990385,8.904219836063908e-05,0.2594362173756563,0.2594361752053462
mx6_mt3,2860,1.3767744371758637,0.0068944020009094,0.000174183208034,0.0050566514354896,8.904229144912419e-05,0.2594362223081657,0.2594361801394249
mx6_mt3,2861,1.3767741752551674,0.0068941947912136,0.0001741794975652,0.0050566783076381,8.904238396779452e-05,0.2594362272104795,0.2594361850432976
mx6_mt3,2862,1.3767739149365683,0.0068939888490826,0.0001741758097796,0.005056705016572,8.904247592047408e-05,0.2594362320828005,0.2594361899171673
mx6_mt3,2863,1.3767736562092368,0.0068937841659377,0.0001741721445246,0.005056731563381,8.904256731097225e-05,0.2594362369253306,0.2594361947612357
mx6_mt3,2864,1.3767733990623292,0.0068935807331898,0.0001741685016474,0.0050567579491566,8.904265814312354e-05,0.2594362417382729,0.2594361995757063
mx6_mt3,2865,1.376773143484989,0.00689337854224,0.000174164880995,0.0050567841749919,8.904274842075097e-05,0.2594362465218301,0.2594362043607818
mx6_mt3,2866,1.376772889466347,0.0068931775844784,0.000174161282414,0.0050568102419816,8.904283814769744e-05,0.2594362512762059,0.2594362091166657
mx6_mt3,2867,1.3767726369955182,0.0068929778512855,0.0001741577057512,0.0050568361512223,8.9042927327786e-05,0.2594362560016028,0.2594362138435611
mx6_mt3,2868,1.3767723860616077,0.0068927793340307,0.0001741541508528,0.005056861903812,8.904301596488058e-05,0.2594362606982258,0.2594362185416725
mx6_mt3,2869,1.3767721366537051,0.0068925820240735,0.0001741506175651,0.0050568875008507,8.904310406281886e-05,0.259436265366278,0.2594362232112034
mx6_mt3,2870,1.3767718887608855,0.0068923859127625,0.0001741471057339,0.00505691294344,8.904319162545538e-05,0.259436270005964,0.2594362278523585
mx6_mt3,2871,1.3767716423722134,0.0068921909914359,0.000174143615205,0.005056938232683,8.904327865665615e-05,0.2594362746174884,0.2594362324653423
mx6_mt3,2872,1.3767713974767368,0.0068919972514214,0.000174140145824,0.0050569633696848,8.904336516026943e-05,0.2594362792010553,0.259436237050359
mx6_mt3,2873,1.3767711540634906,0.006891804684036,0.0001741366974361,0.0050569883555521,8.90434511401791e-05,0.2594362837568705,0.2594362416076147
mx6_mt3,2874,1.3767709121214975,0.0068916132805859,0.0001741332698866,0.0050570131913932,8.90435366002491e-05,0.2594362882851388,0.2594362461373141
mx6_mt3,2875,1.376770671639765,0.0068914230323667,0.0001741298630202,0.0050570378783183,8.904362154436862e-05,0.2594362927860664,0.2594362506396633
mx6_mt3,2876,1.3767704326072865,0.006891233930663,0.0001741264766817,0.0050570624174392,8.904370597641e-05,0.2594362972598583,0.2594362551148677
mx6_mt3,2877,1.3767701950130422,0.0068910459667489,0.0001741231107156,0.0050570868098694,8.904378990027395e-05,0.2594363017067214,0.2594362595631342
mx6_mt3,2878,1.376769958845999,0.0068908591318875,0.0001741197649661,0.0050571110567242,8.90438733198402e-05,0.2594363061268613,0.2594362639846683
mx6_mt3,2879,1.3767697240951078,0.0068906734173308,0.0001741164392774,0.0050571351591206,8.904395623901783e-05,0.2594363105204851,0.2594362683796773
mx6_mt3,2880,1.376769490749307,0.0068904888143201,0.0001741131334932,0.0050571591181773,8.904403866169815e-05,0.259436314887799,0.2594362727483675
mx6_mt3,2881,1.3767692587975209,0.0068903053140855,0.0001741098474573,0.0050571829350148,8.904412059181119e-05,0.2594363192290114,0.2594362770909473
mx6_mt3,2882,1.3767690282286575,0.0068901229078461,0.0001741065810129,0.0050572066107553,8.90442020332504e-05,0.2594363235443286,0.2594362814076232
mx6_mt3,2883,1.376768799031614,0.0068899415868101,0.0001741033340034,0.0050572301465227,8.904428298994688e-05,0.2594363278339588,0.2594362856986034
mx6_mt3,2884,1.3767685711952706,0.0068897613421742,0.0001741001062718,0.0050572535434427,8.90443634658192e-05,0.2594363320981099,0.2594362899640958
mx6_mt3,2885,1.376768344708494,0.0068895821651242,0.0001740968976607,0.0050572768026427,8.904444346479959e-05,0.2594363363369901,0.2594362942043087
mx6_mt3,2886,1.376768119560137,0.0068894040468346,0.0001740937080128,0.0050572999252519,8.904452299082339e-05,0.259436340550808,0.259436298419451
mx6_mt3,2887,1.3767678957390366,0.0068892269784686,0.0001740905371705,0.0050573229124012,8.904460204782073e-05,0.2594363447397719,0.2594363026097308
mx6_mt3,2888,1.3767676732340173,0.0068890509511782,0.0001740873849758,0.0050573457652233,8.904468063975527e-05,0.2594363489040918,0.2594363067753583
mx6_mt3,2889,1.3767674520338875,0.0068888759561037,0.0001740842512707,0.0050573684848525,8.904475877056137e-05,0.2594363530439763,0.2594363109165419
mx6_mt3,2890,1.3767672321274411,0.0068887019843745,0.0001740811358969,0.0050573910724252,8.904483644419431e-05,0.259436357159635,0.2594363150334917
mx6_mt3,2891,1.3767670135034586,0.0068885290271081,0.0001740780386958,0.0050574135290792,8.904491366461885e-05,0.2594363612512779,0.2594363191264176
mx6_mt3,2892,1.3767667961507046,0.006888357075411,0.0001740749595087,0.0050574358559543,8.904499043580604e-05,0.2594363653191155,0.25943632319553
mx6_mt3,2893,1.376766580057928,0.0068881861203777,0.0001740718981766,0.0050574580541918,8.904506676171956e-05,0.2594363693633579,0.2594363272410395
mx6_mt3,2894,1.3767663652138658,0.0068880161530914,0.0001740688545404,0.0050574801249352,8.904514264634099e-05,0.259436373384216,0.2594363312631568
mx6_mt3,2895,1.376766151607238,0.0068878471646237,0.0001740658284407,0.0050575020693293,8.904521809364662e-05,0.2594363773819007,0.2594363352620927
mx6_mt3,2896,1.3767659392267502,0.0068876791460345,0.0001740628197178,0.0050575238885211,8.904529310762218e-05,0.259436381356623,0.2594363392380585
mx6_mt3,2897,1.3767657280610934,0.006887512088372,0.000174059828212,0.005057545583659,8.904536769226917e-05,0.2594363853085951,0.2594363431912664
mx6_mt3,2898,1.3767655180989429,0.0068873459826727,0.000174056853763,0.0050575671558934,8.904544185157544e-05,0.2594363892380282,0.2594363471219279
mx6_mt3,2899,1.3767653093289594,0.0068871808199614,0.0001740538962107,0.0050575886063765,8.90455155895582e-05,0.2594363931451354,0.2594363510302557
mx6_mt3,2900,1.3767651017397888,0.006887016591251,0.0001740509553946,0.0050576099362622,8.904558891021057e-05,0.2594363970301281,0.2594363549164618
mx6_mt3,2901,1.3767648953200615,0.0068868532875425,0.0001740480311538,0.0050576311467062,8.904566181754978e-05,0.2594364008932193,0.2594363587807589
mx6_mt3,2902,1.3767646900583932,0.0068866908998253,0.0001740451233275,0.005057652238866,8.904573431560248e-05,0.2594364047346223,0.2594363626233606
mx6_mt3,2903,1.3767644859433836,0.0068865294190766,0.0001740422317544,0.0050576732139009,8.904580640838592e-05,0.2594364085545501,0.2594363664444797
mx6_mt3,2904,1.3767642829636173,0.0068863688362617,0.0001740393562732,0.005057694072972,8.904587809993728e-05,0.2594364123532165,0.2594363702443306
mx6_mt3,2905,1.3767640811076651,0.0068862091423341,0.0001740364967223,0.0050577148172421,8.904594939428427e-05,0.259436416130835,0.2594363740231262
mx6_mt3,2906,1.3767638803640796,0.006886050328235,0.0001740336529396,0.0050577354478761,8.904602029547457e-05,0.2594364198876202,0.2594363777810816
mx6_mt3,2907,1.376763680721401,0.0068858923848936,0.0001740308247633,0.0050577559660403,8.904609080755164e-05,0.2594364236237862,0.2594363815184109
mx6_mt3,2908,1.376763482168152,0.0068857353032272,0.000174028012031,0.0050577763729032,8.904616093456734e-05,0.2594364273395479,0.2594363852353289
mx6_mt3,2909,1.3767632846928406,0.0068855790741407,0.00017402521458,0.0050577966696347,8.904623068057982e-05,0.2594364310351202,0.2594363889320509
mx6_mt3,2910,1.3767630882839588,0.0068854236885269,0.0001740224322478,0.0050578168574068,8.904630004965461e-05,0.2594364347107186,0.2594363926087922
mx6_mt3,2911,1.3767628929299849,0.0068852691372665,0.0001740196648712,0.0050578369373934,8.904636904585301e-05,0.2594364383665583,0.2594363962657681
mx6_mt3,2912,1.3767626986193782,0.0068851154112278,0.0001740169122871,0.0050578569107698,8.904643767325834e-05,0.2594364420028556,0.2594363999031952
mx6_mt3,2913,1.376762505340585,0.0068849625012669,0.000174014174332,0.0050578767787135,8.904650593594348e-05,0.2594364456198265,0.2594364035212894
mx6_mt3,2914,1.376762313082036,0.0068848103982275,0.0001740114508423,0.0050578965424037,8.904657383800851e-05,0.2594364492176882,0.2594364071202678
mx6_mt3,2915,1.3767621218321449,0.0068846590929411,0.0001740087416539,0.0050579162030215,8.904664138352737e-05,0.2594364527966565,0.2594364107003465
mx6_mt3,2916,1.3767619315793092,0.0068845085762267,0.0001740060466028,0.0050579357617496,8.904670857659287e-05,0.2594364563569484,0.2594364142617427
mx6_mt3,2917,1.3767617423119125,0.0068843588388908,0.0001740033655247,0.0050579552197727,8.904677542133339e-05,0.2594364598987826,0.2594364178046749
mx6_mt3,2918,1.3767615540183216,0.0068842098717275,0.0001740006982549,0.0050579745782773,8.904684192183443e-05,0.2594364634223757,0.2594364213293598
mx6_mt3,2919,1.376761366686887,0.0068840616655186,0.0001739980446285,0.0050579938384518,8.904690808221394e-05,0.2594364669279457,0.2594364248360156
mx6_mt3,2920,1.376761180305943,0.0068839142110331,0.0001739954044806,0.0050580130014863,8.90469739065941e-05,0.2594364704157113,0.2594364283248611
mx6_mt3,2921,1.3767609948638095,0.0068837674990276,0.0001739927776458,0.0050580320685729,8.904703939910123e-05,0.2594364738858909,0.2594364317961146
mx6_mt3,2922,1.3767608103487887,0.0068836215202461,0.0001739901639586,0.0050580510409054,8.904710456385438e-05,0.2594364773387029,0.2594364352499949
mx6_mt3,2923,1.3767606267491683,0.0068834762654198,0.0001739875632532,0.0050580699196794,8.904716940501134e-05,0.2594364807743677,0.2594364386867219
mx6_mt3,2924,1.3767604440532186,0.0068833317252676,0.0001739849753637,0.0050580887060925,8.904723392669117e-05,0.2594364841931034,0.2594364421065144
mx6_mt3,2925,1.3767602622491948,0.0068831878904954,0.0001739824001238,0.0050581074013442,8.904729813305903e-05,0.2594364875951309,0.2594364455095928
mx6_mt3,2926,1.3767600813253351,0.0068830447517966,0.0001739798373671,0.0050581260066355,8.904736202826433e-05,0.2594364909806699,0.2594364488961773
mx6_mt3,2927,1.3767599012698617,0.0068829022998516,0.0001739772869268,0.0050581445231696,8.904742561646075e-05,0.2594364943499406,0.2594364522664881
mx6_mt3,2928,1.3767597220709806,0.0068827605253282,0.0001739747486361,0.0050581629521515,8.904748890181973e-05,0.259436497703164,0.2594364556207461
mx6_mt3,2929,1.3767595437168825,0.0068826194188815,0.0001739722223278,0.0050581812947878,8.904755188850437e-05,0.2594365010405607,0.2594364589591721
mx6_mt3,2930,1.37675936619574,0.0068824789711536,0.0001739697078344,0.0050581995522873,8.904761458069554e-05,0.2594365043623524,0.2594364622819878
mx6_mt3,2931,1.376759189495711,0.0068823391727738,0.0001739672049884,0.0050582177258605,8.904767698258153e-05,0.2594365076687608,0.2594364655894152
mx6_mt3,2932,1.376759013604936,0.0068822000143583,0.0001739647136218,0.0050582358167196,8.904773909833904e-05,0.2594365109600073,0.2594364688816755
mx6_mt3,2933,1.37675883851154,0.0068820614865108,0.0001739622335666,0.005058253826079,8.90478009321689e-05,0.2594365142363146,0.2594364721589915
mx6_mt3,2934,1.376758664203631,0.0068819235798216,0.0001739597646544,0.0050582717551546,8.904786248827091e-05,0.2594365174979052,0.2594364754215859
mx6_mt3,2935,1.3767584906692998,0.0068817862848684,0.0001739573067167,0.0050582896051645,8.904792377085326e-05,0.259436520745002,0.2594364786696816
mx6_mt3,2936,1.376758317896622,0.0068816495922156,0.0001739548595846,0.0050583073773285,8.904798478411992e-05,0.2594365239778278,0.2594364819035015
mx6_mt3,2937,1.376758145873657,0.0068815134924147,0.000173952423089,0.0050583250728683,8.904804553229167e-05,0.2594365271966063,0.2594364851232693
mx6_mt3,2938,1.3767579745884453,0.0068813779760042,0.0001739499970607,0.0050583426930074,8.904810601959559e-05,0.2594365304015615,0.2594364883292092
mx6_mt3,2939,1.3767578040290132,0.0068812430335095,0.0001739475813302,0.0050583602389713,8.904816625025555e-05,0.2594365335929172,0.2594364915215451
mx6_mt3,2940,1.3767576341833696,0.0068811086554427,0.0001739451757276,0.0050583777119873,8.904822622851019e-05,0.259436536770898,0.2594364947005013
mx6_mt3,2941,1.3767574650395058,0.0068809748323029,0.0001739427800829,0.0050583951132845,8.904828595860335e-05,0.2594365399357287,0.2594364978663032
mx6_mt3,2942,1.3767572965853985,0.0068808415545762,0.000173940394226,0.0050584124440941,8.904834544477255e-05,0.259436543087634,0.2594365010191751
mx6_mt3,2943,1.376757128809006,0.0068807088127352,0.0001739380179863,0.005058429705649,8.90484046912816e-05,0.2594365462268396,0.2594365041593431
mx6_mt3,2944,1.3767569616982698,0.0068805765972394,0.000173935651193,0.0050584468991841,8.904846370237434e-05,0.2594365493535706,0.2594365072870323
mx6_mt3,2945,1.3767567952411155,0.0068804448985353,0.0001739332936753,0.005058464025936,8.904852248233236e-05,0.2594365524680538,0.2594365104024694
mx6_mt3,2946,1.3767566294254518,0.0068803137070557,0.0001739309452619,0.0050584810871434,8.904858103541628e-05,0.2594365555705149,0.2594365135058805
mx6_mt3,2947,1.3767564642391696,0.0068801830132205,0.0001739286057814,0.0050584980840467,8.904863936589934e-05,0.2594365586611804,0.2594365165974919
mx6_mt3,2948,1.376756299670145,0.0068800528074361,0.000173926275062,0.0050585150178884,8.904869747808304e-05,0.2594365617402782,0.2594365196775316
mx6_mt3,2949,1.3767561357062346,0.0068799230800957,0.0001739239529318,0.0050585318899127,8.904875537623013e-05,0.2594365648080342,0.2594365227462256
mx6_mt3,2950,1.37675597233528,0.006879793821579,0.0001739216392187,0.0050585487013658,8.904881306464947e-05,0.2594365678646767,0.2594365258038024
mx6_mt3,2951,1.3767558095451051,0.0068796650222524,0.0001739193337502,0.0050585654534957,8.904887054764572e-05,0.2594365709104338,0.25943652885049
mx6_mt3,2952,1.376755647323517,0.0068795366724689,0.0001739170363538,0.0050585821475525,8.904892782950995e-05,0.2594365739455329,0.2594365318865159
mx6_mt3,2953,1.3767554856583064,0.0068794087625682,0.0001739147468564,0.0050585987847879,8.904898491457198e-05,0.2594365769702033,0.2594365349121096
mx6_mt3,2954,1.3767553245372457,0.0068792812828763,0.0001739124650849,0.0050586153664558,8.904904180713336e-05,0.2594365799846731,0.2594365379274992
mx6_mt3,2955,1.3767551639480915,0.006879154223706,0.000173910190866,0.0050586318938117,8.904909851153547e-05,0.2594365829891722,0.2594365409329145
mx6_mt3,2956,1.3767550038785823,0.0068790275753565,0.0001739079240261,0.0050586483681134,8.904915503209137e-05,0.2594365859839293,0.2594365439285845
mx6_mt3,2957,1.376754844316441,0.0068789013281136,0.0001739056643912,0.0050586647906201,8.904921137314979e-05,0.2594365889691747,0.2594365469147395
mx6_mt3,2958,1.3767546852493715,0.0068787754722494,0.0001739034117872,0.0050586811625933,8.904926753905419e-05,0.2594365919451386,0.2594365498916098
mx6_mt3,2959,1.376754526665062,0.0068786499980226,0.0001739011660398,0.0050586974852963,8.904932353414597e-05,0.2594365949120509,0.2594365528594254
mx6_mt3,2960,1.3767543685511838,0.0068785248956785,0.0001738989269744,0.0050587137599942,8.904937936278643e-05,0.2594365978701429,0.2594365558184175
mx6_mt3,2961,1.376754210895389,0.0068784001554485,0.0001738966944161,0.0050587299879542,8.904943502933269e-05,0.2594366008196454,0.2594365587688172
mx6_mt3,2962,1.3767540536853151,0.0068782757675506,0.0001738944681898,0.0050587461704452,8.90494905381492e-05,0.2594366037607896,0.2594365617108556
mx6_mt3,2963,1.3767538969085813,0.0068781517221893,0.0001738922481203,0.0050587623087381,8.90495458936151e-05,0.2594366066938076,0.2594365646447648
mx6_mt3,2964,1.3767537405527883,0.0068780280095554,0.0001738900340318,0.0050587784041059,8.904960110010111e-05,0.259436609618931,0.2594365675707767
mx6_mt3,2965,1.3767535846055217,0.0068779046198259,0.0001738878257487,0.0050587944578231,8.904965616200108e-05,0.2594366125363925,0.2594365704891241
mx6_mt3,2966,1.3767534290543486,0.0068777815431644,0.0001738856230948,0.0050588104711666,8.904971108369623e-05,0.2594366154464244,0.2594365734000391
mx6_mt3,2967,1.3767532738868191,0.0068776587697206,0.0001738834258937,0.0050588264454148,8.9049765869594e-05,0.2594366183492602,0.2594365763037554
mx6_mt3,2968,1.3767531190904665,0.0068775362896308,0.0001738812339691,0.0050588423818483,8.90498205240966e-05,0.259436621245133,0.2594365792005063
mx6_mt3,2969,1.376752964652805,0.0068774140930175,0.0001738790471439,0.0050588582817495,8.90498750516052e-05,0.2594366241342762,0.2594365820905251
mx6_mt3,2970,1.3767528105613345,0.0068772921699892,0.0001738768652412,0.0050588741464027,8.904992945654296e-05,0.2594366270169241,0.2594365849740462
mx6_mt3,2971,1.3767526568035346,0.0068771705106412,0.0001738746880837,0.0050588899770941,8.904998374333097e-05,0.259436629893311,0.259436587851304
mx6_mt3,2972,1.37675250336687,0.0068770491050547,0.0001738725154938,0.0050589057751119,8.905003791639765e-05,0.2594366327636714,0.2594365907225331
mx6_mt3,2973,1.3767523502387855,0.0068769279432974,0.0001738703472938,0.0050589215417463,8.905009198017247e-05,0.2594366356282402,0.2594365935879684
mx6_mt3,2974,1.3767521974067107,0.0068768070154228,0.0001738681833055,0.0050589372782893,8.90501459390975e-05,0.2594366384872526,0.2594365964478452
mx6_mt3,2975,1.3767520448580566,0.0068766863114713,0.0001738660233508,0.0050589529860347,8.905019979761791e-05,0.2594366413409442,0.2594365993023993
mx6_mt3,2976,1.3767518925802176,0.006876565821469,0.000173863867251,0.0050589686662786,8.905025356019152e-05,0.2594366441895512,0.2594366021518667
mx6_mt3,2977,1.3767517405605694,0.0068764455354283,0.0001738617148274,0.0050589843203186,8.905030723127083e-05,0.2594366470333096,0.2594366049964837
mx6_mt3,2978,1.376751588786472,0.0068763254433481,0.0001738595659009,0.0050589999494545,8.905036081532518e-05,0.259436649872456,0.259436607836487
mx6_mt3,2979,1.3767514372452665,0.0068762055352131,0.0001738574202923,0.005059015554988,8.90504143168176e-05,0.2594366527072271,0.2594366106721131
mx6_mt3,2980,1.376751285924277,0.0068760858009945,0.0001738552778221,0.0050590311382227,8.905046774023943e-05,0.2594366555378608,0.2594366135036002
mx6_mt3,2981,1.3767511348108104,0.0068759662306494,0.0001738531383105,0.005059046700464,8.905052109005683e-05,0.2594366583645937,0.259436616331185
mx6_mt3,2982,1.376750983892156,0.0068758468141213,0.0001738510015774,0.0050590622430195,8.905057437077477e-05,0.2594366611876645,0.2594366191551061
mx6_mt3,2983,1.376750833155585,0.0068757275413398,0.0001738488674426,0.0050590777671985,8.905062758687727e-05,0.2594366640073109,0.2594366219756013
mx6_mt3,2984,1.3767506825883526,0.0068756084022205,0.0001738467357255,0.0050590932743124,8.905068074286927e-05,0.2594366668237715,0.2594366247929093
mx6_mt3,2985,1.376750532177695,0.0068754893866655,0.0001738446062455,0.0050591087656743,8.905073384326102e-05,0.2594366696372852,0.2594366276072692
mx6_mt3,2986,1.3767503819108309,0.0068753704845626,0.0001738424788215,0.0050591242425995,8.905078689256375e-05,0.2594366724480912,0.2594366304189202
mx6_mt3,2987,1.3767502317749634,0.006875251685786,0.0001738403532722,0.0050591397064051,8.905083989530028e-05,0.259436675256429,0.2594366332281018
mx6_mt3,2988,1.376750081757275,0.006875132980196,0.0001738382294161,0.0050591551584101,8.905089285599759e-05,0.2594366780625386,0.259436636035054
mx6_mt3,2989,1.3767499318449334,0.0068750143576391,0.0001738361070715,0.0050591705999356,8.905094577918477e-05,0.2594366808666599,0.2594366388400169
mx6_mt3,2990,1.3767497820250874,0.0068748958079477,0.0001738339860563,0.0050591860323044,8.905099866940349e-05,0.2594366836690335,0.2594366416432313
mx6_mt3,2991,1.3767496322848685,0.0068747773209405,0.0001738318661883,0.0050592014568415,8.905105153120172e-05,0.2594366864699004,0.2594366444449381
mx6_mt3,2992,1.3767494826113906,0.0068746588864222,0.000173829747285,0.0050592168748736,8.905110436912428e-05,0.2594366892695015,0.2594366472453782
mx6_mt3,2993,1.3767493329917504,0.0068745404941838,0.0001738276291636,0.0050592322877294,8.905115718773066e-05,0.2594366920680782,0.2594366500447932
mx6_mt3,2994,1.3767491834130268,0.0068744221340023,0.0001738255116411,0.0050592476967397,8.905120999158141e-05,0.2594366948658723,0.2594366528434249
mx6_mt3,2995,1.3767490338622808,0.0068743037956407,0.0001738233945343,0.0050592631032371,8.905126278525594e-05,0.2594366976631264,0.259436655641516
mx6_mt3,2996,1.3767488843265567,0.0068741854688483,0.0001738212776596,0.005059278508556,8.905131557331693e-05,0.2594367004600822,0.2594366584393083
mx6_mt3,2997,1.3767487347928795,0.0068740671433604,0.0001738191608333,0.0050592939140331,8.905136836035739e-05,0.2594367032569832,0.2594366612370453
mx6_mt3,2998,1.37674858524826,0.0068739488088984,0.0001738170438714,0.0050593093210068,8.905142115096516e-05,0.2594367060540723,0.25943666403497
mx6_mt3,2999,1.3767484356796873,0.0068738304551698,0.0001738149265897,0.0050593247308174,8.905147394972908e-05,0.2594367088515927,0.2594366668333258
mx6_mt3,3000,1.3767482860741358,0.0068737120718684,0.0001738128088036,0.0050593401448072,8.90515267612548e-05,0.2594367116497885,0.2594366696323566
mx6_mt5,2501,1.3763166471109254,0.0069558721445734,0.0001400410951769,0.0047913246384277,8.92373702849718e-05,0.2594465533547941,0.2594447103363903
mx6_mt5,2502,1.3763152117373336,0.0069547365739937,0.0001400208007997,0.0047914989200663,8.923785383383304e-05,0.25944657894869,0.2594447364923344
mx6_mt5,2503,1.3763137811462205,0.0069536047846663,0.0001400005740743,0.004791672638751,8.923833582588505e-05,0.2594466044601161,0.2594447625637098
mx6_mt5,2504,1.376312355329304,0.0069524767723637,0.0001399804146636,0.0047918457958096,8.92388160408186e-05,0.2594466298774123,0.2594447885388411
mx6_mt5,2505,1.3763109342783095,0.0069513525307935,0.0001399603224267,0.0047920183921944,8.923929445294921e-05,0.2594466551992199,0.2594448144163739
mx6_mt5,2506,1.3763095179849638,0.0069502320516448,0.0001399402974169,0.004792190428443,8.923977123679184e-05,0.2594466804347766,0.2594448402055693
mx6_mt5,2507,1.376308106441,0.006949115326562,0.000139920339695,0.0047923619050399,8.924024658049043e-05,0.2594467055940412,0.2594448659164091
mx6_mt5,2508,1.3763066996381546,0.0069480023489375,0.0001399004491559,0.0047925328227866,8.924072050762827e-05,0.2594467306782626,0.259444891550149
mx6_mt5,2509,1.3763052975681669,0.0069468931138406,0.0001398806255338,0.0047927031828283,8.924119287576483e-05,0.2594467556799022,0.2594449170992415
mx6_mt5,2510,1.376303900222781,0.0069457876163654,0.0001398608685587,0.0047928729863514,8.924166353253542e-05,0.2594467805908963,0.2594449425556137
mx6_mt5,2511,1.376302507593746,0.0069446858501475,0.0001398411780992,0.0047930422342768,8.924213246319915e-05,0.2594468054104654,0.2594449679184911
mx6_mt5,2512,1.3763011196728137,0.0069435878074257,0.0001398215541586,0.0047932109272374,8.924259979174307e-05,0.2594468301451726,0.2594449931944546
mx6_mt5,2513,1.376299736451739,0.0069424934804114,0.0001398019967447,0.0047933790658289,8.9243065651533e-05,0.2594468548020774,0.2594450183905817
mx6_mt5,2514,1.3762983579222814,0.0069414028625283,0.0001397825057511,0.0047935466508654,8.924353006202553e-05,0.25944687938221,0.2594450435079095
mx6_mt5,2515,1.3762969840762038,0.0069403159483807,0.0001397630809576,0.004793713683403,8.92439929259043e-05,0.2594469038804205,0.2594450685412828
mx6_mt5,2516,1.3762956149052723,0.0069392327326278,0.000139743722138,0.0047938801645344,8.924445413516551e-05,0.2594469282909931,0.2594450934849812
mx6_mt5,2517,1.3762942504012574,0.0069381532089381,0.00013972442916,0.0047940460951736,8.92449136750153e-05,0.2594469526131454,0.2594451183382267
mx6_mt5,2518,1.3762928905559306,0.0069370773699811,0.0001397052019877,0.0047942114760298,8.924537162959325e-05,0.2594469768513315,0.2594451431054874
mx6_mt5,2519,1.3762915353610696,0.0069360052083436,0.0001396860405945,0.0047943763077732,8.924582809592258e-05,0.2594470010106871,0.2594451677919134
mx6_mt5,2520,1.3762901848084534,0.006934936717418,0.0001396669448778,0.004794540591217,8.924628309578971e-05,0.2594470250923658,0.2594451923986651
mx6_mt5,2521,1.3762888388898646,0.006933871891453,0.0001396479146533,0.0047947043273478,8.924673656672228e-05,0.2594470490930619,0.2594452169224355
mx6_mt5,2522,1.3762874975970891,0.0069328107248162,0.0001396289497241,0.0047948675171938,8.924718843094266e-05,0.2594470730086595,0.2594452413591062
mx6_mt5,2523,1.3762861609219152,0.0069317532112355,0.0001396100499544,0.0047950301616707,8.924763867034622e-05,0.2594470968382009,0.2594452657077239
mx6_mt5,2524,1.3762848288561351,0.0069306993437088,0.0001395912152783,0.0047951922615464,8.924808733869785e-05,0.2594471205845325,0.2594452899711452
mx6_mt5,2525,1.376283501391543,0.006929649115087,0.0001395724456454,0.0047953538175442,8.924853450742561e-05,0.2594471442514352,0.2594453141531632
mx6_mt5,2526,1.3762821785199364,0.0069286025187237,0.0001395537409578,0.0047955148304735,8.924898020166953e-05,0.2594471678402402,0.2594453382551165
mx6_mt5,2527,1.3762808602331147,0.0069275595485994,0.0001395351010578,0.0047956753012687,8.924942438530775e-05,0.2594471913490364,0.2594453622750948
mx6_mt5,2528,1.3762795465228812,0.0069265201988708,0.0001395165257707,0.0047958352309112,8.92498670026182e-05,0.2594472147748751,0.2594453862101493
mx6_mt5,2529,1.3762782373810398,0.0069254844633151,0.0001394980149572,0.0047959946203185,8.925030803268238e-05,0.2594472381166499,0.259445410059177
mx6_mt5,2530,1.3762769327994,0.0069244523351771,0.0001394795685294,0.0047961534703027,8.925074750651793e-05,0.259447261376003,0.2594454338238283
mx6_mt5,2531,1.3762756327697696,0.0069234238075091,0.0001394611864186,0.004796311781628,8.925118547610738e-05,0.2594472845556862,0.2594454575068653
mx6_mt5,2532,1.3762743372839634,0.0069223988736417,0.00013944286853,0.0047964695551028,8.925162196848243e-05,0.2594473076571308,0.2594454811097262
mx6_mt5,2533,1.3762730463337938,0.006921377527357,0.0001394246147261,0.0047966267916234,8.925205696703925e-05,0.2594473306794586,0.2594455046315365
mx6_mt5,2534,1.37627175991108,0.006920359762645,0.000139406424849,0.0047967834921346,8.925249043341716e-05,0.2594473536206398,0.2594455280702673
mx6_mt5,2535,1.3762704780076382,0.0069193455733066,0.0001393882987589,0.0047969396575529,8.925292234594688e-05,0.2594473764795284,0.2594455514247756
mx6_mt5,2536,1.376269200615292,0.0069183349527684,0.0001393702363514,0.004797095288723,8.925335271905277e-05,0.2594473992568882,0.2594455746958318
mx6_mt5,2537,1.3762679277258636,0.0069173278942463,0.0001393522375432,0.004797250386442,8.925378158900633e-05,0.2594474219546396,0.2594455978853647
mx6_mt5,2538,1.376266659331178,0.0069163243910733,0.0001393343022399,0.0047974049515225,8.925420898231237e-05,0.2594474445741858,0.2594456209947851
mx6_mt5,2539,1.376265395423062,0.0069153244368895,0.0001393164303185,0.0047975589848343,8.925463489623419e-05,0.2594474671153825,0.259445644023953
mx6_mt5,2540,1.3762641359933443,0.0069143280255457,0.0001392986216354,0.004797712487293,8.925505930677119e-05,0.2594474895769602,0.2594456669716011
mx6_mt5,2541,1.3762628810338555,0.0069133351508371,0.0001392808760522,0.00479786545981,8.92554821939723e-05,0.2594475119578634,0.2594456898366774
mx6_mt5,2542,1.3762616305364277,0.0069123458063163,0.0001392631934537,0.0047980179032524,8.925590356093977e-05,0.259447534258257,0.2594457126193518
mx6_mt5,2543,1.3762603844928945,0.0069113599853358,0.0001392455737441,0.0047981698184452,8.925632343084538e-05,0.2594475564793678,0.2594457353208582
mx6_mt5,2544,1.3762591428950903,0.0069103776812567,0.0001392280168271,0.0047983212062093,8.925674182724613e-05,0.2594475786224432,0.2594457579424512
mx6_mt5,2545,1.376257905734853,0.0069093988876258,0.0001392105225889,0.004798472067399,8.925715875638724e-05,0.2594476006878142,0.259445780484467
mx6_mt5,2546,1.3762566730040195,0.0069084235981764,0.0001391930908981,0.0047986224029066,8.925757420611851e-05,0.2594476226748383,0.2594458029462666
mx6_mt5,2547,1.3762554446944295,0.0069074518066718,0.0001391757216201,0.004798772213635,8.9257988160458e-05,0.2594476445826702,0.2594458253270081
mx6_mt5,2548,1.3762542207979238,0.0069064835067412,0.000139158414633,0.0047989215004647,8.925840061578709e-05,0.259447666411119,0.2594458476265048
mx6_mt5,2549,1.376253001306344,0.0069055186918486,0.0001391411698311,0.0047990702642433,8.925881158467068e-05,0.2594476881608503,0.2594458698454284
mx6_mt5,2550,1.3762517862115329,0.0069045573554025,0.0001391239871138,0.0047992185058043,8.925922108583827e-05,0.2594477098328557,0.2594458919847774
mx6_mt5,2551,1.3762505755053345,0.0069035994908998,0.0001391068663726,0.0047993662259952,8.925962913014435e-05,0.2594477314277102,0.2594459140451321
mx6_mt5,2552,1.376249369179593,0.0069026450919799,0.0001390898074856,0.0047995134256915,8.926003571469232e-05,0.2594477529452612,0.2594459360263443
mx6_mt5,2553,1.376248167226155,0.0069016941523548,0.0001390728103234,0.0047996601057854,8.92604408289988e-05,0.2594477743849543,0.2594459579278633
mx6_mt5,2554,1.3762469696368664,0.0069007466656873,0.0001390558747617,0.0047998062671633,8.926084446670678e-05,0.2594477957464536,0.2594459797493572
mx6_mt5,2555,1.3762457764035751,0.0068998026255243,0.000139039000687,0.00479995191069,8.926124663256413e-05,0.2594478170300109,0.2594460014910832
mx6_mt5,2556,1.3762445875181288,0.0068988620253322,0.0001390221879937,0.0048000970372132,8.926164733945633e-05,0.2594478382363087,0.2594460231537295
mx6_mt5,2557,1.3762434029723762,0.0068979248585944,0.0001390054365746,0.0048002416475815,8.926204659922009e-05,0.2594478593659738,0.2594460447379289
mx6_mt5,2558,1.3762422227581663,0.0068969911188831,0.0001389887463144,0.0048003857426598,8.926244441529665e-05,0.2594478804191891,0.2594460662438689
mx6_mt5,2559,1.3762410468673505,0.0068960607998515,0.0001389721170899,0.0048005293233303,8.926284078309569e-05,0.2594479013957119,0.259446087671311
mx6_mt5,2560,1.3762398752917766,0.0068951338951604,0.000138955548777,0.0048006723904793,8.926323569677762e-05,0.2594479222952339,0.2594461090199509
mx6_mt5,2561,1.376238708023297,0.0068942103984079,0.0001389390412575,0.0048008149449827,8.926362915626039e-05,0.2594479431177511,0.2594461302897893
mx6_mt5,2562,1.3762375450537612,0.0068932903031169,0.0001389225944207,0.0048009569877021,8.926402116877832e-05,0.2594479638636469,0.2594461514812151
mx6_mt5,2563,1.3762363863750218,0.0068923736027838,0.0001389062081581,0.0048010985194927,8.926441174446406e-05,0.2594479845334581,0.2594461725947701
mx6_mt5,2564,1.3762352319789284,0.0068914602909431,0.0001388898823579,0.0048012395412158,8.926480089005075e-05,0.2594480051275415,0.2594461936308168
mx6_mt5,2565,1.376234081857334,0.0068905503611932,0.0001388736169022,0.0048013800537456,8.926518860609021e-05,0.2594480256459268,0.2594462145893889
mx6_mt5,2566,1.376232936002089,0.006889643807169,0.0001388574116695,0.0048015200579649,8.926557488932245e-05,0.2594480460884419,0.2594462354703189
mx6_mt5,2567,1.376231794405045,0.0068887406224877,0.0001388412665399,0.0048016595547553,8.926595973779445e-05,0.259448066454984,0.2594462562735083
mx6_mt5,2568,1.3762306570580536,0.0068878408007153,0.0001388251813982,0.0048017985449897,8.926634315440568e-05,0.2594480867457071,0.2594462769991156
mx6_mt5,2569,1.3762295239529658,0.0068869443353759,0.0001388091561334,0.0048019370295326,8.926672514613712e-05,0.259448106960981,0.259446297647516
mx6_mt5,2570,1.376228395081632,0.0068860512199928,0.0001387931906345,0.0048020750092476,8.926710572029185e-05,0.2594481271011927,0.2594463182191018
mx6_mt5,2571,1.3762272704359038,0.0068851614481245,0.000138777284787,0.0048022124850051,8.926748488085209e-05,0.2594481471665534,0.2594463387140888
mx6_mt5,2572,1.3762261500076312,0.0068842750133688,0.000138761438473,0.0048023494576839,8.926786262786336e-05,0.2594481671570661,0.2594463591324842
mx6_mt5,2573,1.3762250337886628,0.0068833919093356,0.0001387456515729,0.0048024859281669,8.926823895993417e-05,0.2594481870726576,0.2594463794742196
mx6_mt5,2574,1.3762239217708496,0.0068825121296129,0.0001387299239693,0.0048026218973344,8.926861387752234e-05,0.2594482069133525,0.2594463997393237
mx6_mt5,2575,1.3762228139460395,0.006881635667753,0.0001387142555482,0.0048027573660603,8.926898738446866e-05,0.2594482266793546,0.2594464199280052
mx6_mt5,2576,1.3762217103060814,0.0068807625172866,0.0001386986461973,0.0048028923352147,8.926935948670457e-05,0.2594482463709783,0.2594464400405835
mx6_mt5,2577,1.3762206108428223,0.0068798926717514,0.000138683095804,0.0048030268056688,8.926973018960141e-05,0.2594482659885082,0.2594464600773482
mx6_mt5,2578,1.376219515548109,0.0068790261247113,0.0001386676042528,0.0048031607782992,8.927009949593238e-05,0.2594482855320916,0.259446480038451
mx6_mt5,2579,1.3762184244137874,0.0068781628697525,0.0001386521714263,0.0048032942539881,8.92704674061797e-05,0.2594483050017545,0.2594464999239224
mx6_mt5,2580,1.3762173374317033,0.0068773029004627,0.0001386367972064,0.0048034272336194,8.927083392043122e-05,0.259448324397502,0.2594465197337717
mx6_mt5,2581,1.3762162545937,0.0068764462104107,0.0001386214814772,0.0048035597180746,8.927119904037457e-05,0.2594483437194237,0.2594465394680933
mx6_mt5,2582,1.3762151758916206,0.0068755927931415,0.0001386062241244,0.0048036917082317,8.927156276989604e-05,0.259448362967726,0.2594465591270982
mx6_mt5,2583,1.376214101317308,0.0068747426421893,0.0001385910250351,0.0048038232049665,8.927192511391942e-05,0.2594483821426697,0.2594465787110518
mx6_mt5,2584,1.3762130308626026,0.0068738957510956,0.0001385758840954,0.0048039542091568,8.927228607665425e-05,0.259448401244478,0.2594465982201824
mx6_mt5,2585,1.3762119645193442,0.006873052113419,0.0001385608011897,0.0048040847216844,8.927264566056041e-05,0.2594484202732817,0.2594466176546249
mx6_mt5,2586,1.3762109022793716,0.0068722117227304,0.0001385457762011,0.0048042147434347,8.927300386670266e-05,0.2594484392291374,0.2594466370144406
mx6_mt5,2587,1.3762098441345214,0.0068713745725985,0.0001385308090126,0.0048043442752941,8.927336069613851e-05,0.2594484581121016,0.2594466562996901
mx6_mt5,2588,1.3762087900766298,0.0068705406565779,0.0001385158995088,0.0048044733181474,8.927371615109716e-05,0.2594484769222926,0.2594466755104966
mx6_mt5,2589,1.376207740097531,0.0068697099682071,0.0001385010475751,0.0048046018728773,8.927407023521989e-05,0.2594484956599037,0.2594466946470575
mx6_mt5,2590,1.3762066941890574,0.0068688825010183,0.0001384862530979,0.004804729940366,8.927442295267875e-05,0.259448514325156,0.2594467137095991
mx6_mt5,2591,1.3762056523430417,0.0068680582485489,0.0001384715159626,0.004804857521497,8.927477430708995e-05,0.2594485329182413,0.2594467326983172
mx6_mt5,2592,1.3762046145513125,0.0068672372043468,0.0001384568360537,0.004804984617157,8.927512430089483e-05,0.2594485514392892,0.2594467516133462
mx6_mt5,2593,1.3762035808056967,0.0068664193619664,0.0001384422132547,0.0048051112282353,8.927547293569353e-05,0.2594485698883849,0.2594467704547756
mx6_mt5,2594,1.3762025510980218,0.0068656047149594,0.0001384276474494,0.0048052373556219,8.927582021310822e-05,0.2594485882656145,0.259446789222696
mx6_mt5,2595,1.3762015254201123,0.0068647932568671,0.0001384131385222,0.0048053630002061,8.927616613560873e-05,0.2594486065711092,0.2594468079172428
mx6_mt5,2596,1.3762005037637897,0.0068639849812196,0.0001383986863583,0.0048054881628761,8.927651070650941e-05,0.2594486248050449,0.2594468265385964
mx6_mt5,2597,1.3761994861208748,0.0068631798815425,0.0001383842908436,0.00480561284452,8.9276853929518e-05,0.259448642967618,0.2594468450869581
mx6_mt5,2598,1.376198472483186,0.0068623779513636,0.0001383699518631,0.0048057370460273,8.927719580793532e-05,0.2594486610590038,0.2594468635625074
mx6_mt5,2599,1.3761974628425395,0.0068615791842169,0.0001383556693012,0.0048058607682898,8.927753634428595e-05,0.2594486790793362,0.2594468819653825
mx6_mt5,2600,1.3761964571907503,0.0068607835736396,0.0001383414430419,0.0048059840122011,8.927787554057844e-05,0.2594486970287219,0.2594469002956946
mx6_mt5,2601,1.3761954555196294,0.0068599911131667,0.0001383272729692,0.004806106778656,8.927821339880559e-05,0.2594487149072668,0.2594469185535539
mx6_mt5,2602,1.376194457820987,0.0068592017963253,0.0001383131589673,0.0048062290685488,8.927854992147225e-05,0.2594487327151037,0.2594469367390978
mx6_mt5,2603,1.376193464086631,0.0068584156166344,0.0001382991009213,0.0048063508827737,8.927888511167908e-05,0.2594487504523973,0.2594469548524949
mx6_mt5,2604,1.3761924743083644,0.0068576325676088,0.0001382850987163,0.004806472222225,8.927921897278071e-05,0.2594487681193254,0.259446972893928
mx6_mt5,2605,1.3761914884779929,0.0068568526427632,0.0001382711522373,0.0048065930877981,8.927955150792095e-05,0.2594487857160548,0.2594469908635679
mx6_mt5,2606,1.3761905065873137,0.0068560758356155,0.0001382572613687,0.0048067134803903,8.927988271975589e-05,0.2594488032427263,0.25944700876156
mx6_mt5,2607,1.3761895286281258,0.0068553021396847,0.0001382434259945,0.0048068334009003,8.928021261056292e-05,0.259448820699461,0.2594470265880295
mx6_mt5,2608,1.3761885545922234,0.006854531548488,0.0001382296459987,0.0048069528502282,8.928054118258175e-05,0.2594488380863777,0.2594470443430997
mx6_mt5,2609,1.376187584471399,0.0068537640555367,0.0001382159212656,0.0048070718292741,8.928086843833433e-05,0.2594488554036102,0.2594470620269086
mx6_mt5,2610,1.3761866182574418,0.006852999654336,0.0001382022516797,0.0048071903389383,8.928119438072238e-05,0.2594488726513125,0.2594470796396146
mx6_mt5,2611,1.376185655942138,0.0068522383383863,0.0001381886371259,0.0048073083801215,8.928151901288372e-05,0.2594488898296511,0.2594470971813885
mx6_mt5,2612,1.3761846975172716,0.0068514801011865,0.0001381750774888,0.0048074259537255,8.928184233786918e-05,0.2594489069387876,0.2594471146523963
mx6_mt5,2613,1.3761837429746229,0.0068507249362364,0.0001381615726526,0.0048075430606533,8.928216435842744e-05,0.259448923978868,0.2594471320527883
mx6_mt5,2614,1.3761827923059695,0.0068499728370357,0.0001381481225016,0.0048076597018095,8.928248507705343e-05,0.2594489409500247,0.2594471493827011
mx6_mt5,2615,1.3761818455030874,0.0068492237970821,0.0001381347269194,0.0048077758780999,8.928280449614035e-05,0.2594489578523846,0.2594471666422659
mx6_mt5,2616,1.3761809025577458,0.0068484778098692,0.0001381213857903,0.0048078915904308,8.928312261822516e-05,0.2594489746860823,0.2594471838316217
mx6_mt5,2617,1.376179963461715,0.006847734868885,0.0001381080989985,0.0048080068397091,8.92834394460893e-05,0.2594489914512655,0.2594472009509202
mx6_mt5,2618,1.3761790282067583,0.0068469949676131,0.0001380948664283,0.0048081216268422,8.928375498271777e-05,0.2594490081480924,0.259447218000324
mx6_mt5,2619,1.3761780967846384,0.0068462580995343,0.0001380816879641,0.0048082359527383,8.928406923105994e-05,0.2594490247767195,0.259447234979994
mx6_mt5,2620,1.376177169187114,0.0068455242581283,0.00013806856349,0.0048083498183069,8.928438219397399e-05,0.2594490413372984,0.2594472518900858
mx6_mt5,2621,1.3761762454059383,0.0068447934368737,0.00013805549289,0.0048084632244589,8.928469387406844e-05,0.2594490578299674,0.2594472687307422
mx6_mt5,2622,1.3761753254328644,0.0068440656292473,0.0001380424760478,0.0048085761721063,8.92850042738711e-05,0.2594490742548607,0.2594472855021015
mx6_mt5,2623,1.3761744092596389,0.0068433408287223,0.0001380295128472,0.004808688662162,8.928531339595808e-05,0.2594490906121149,0.2594473022043045
mx6_mt5,2624,1.3761734968780066,0.0068426190287671,0.0001380166031721,0.0048088006955398,8.928562124303142e-05,0.2594491069018734,0.2594473188374988
mx6_mt5,2625,1.3761725882797078,0.0068419002228458,0.0001380037469065,0.0048089122731539,8.928592781796103e-05,0.2594491231242883,0.2594473354018409
mx6_mt5,2626,1.3761716834564797,0.0068411844044186,0.0001379909439343,0.0048090233959197,8.928623312365575e-05,0.2594491392795141,0.2594473518974892
mx6_mt5,2627,1.3761707824000549,0.0068404715669436,0.0001379781941395,0.0048091340647533,8.92865371629625e-05,0.2594491553677015,0.2594473683245988
mx6_mt5,2628,1.3761698851021618,0.0068397617038766,0.0001379654974057,0.0048092442805724,8.928683993862127e-05,0.259449171388996,0.2594473846833194
mx6_mt5,2629,1.3761689915545263,0.0068390548086715,0.0001379528536165,0.0048093540442959,8.928714145325463e-05,0.2594491873435367,0.2594474009737942
mx6_mt5,2630,1.37616810174887,0.0068383508747787,0.0001379402626554,0.0048094633568434,8.928744170947149e-05,0.259449203231462,0.2594474171961659
mx6_mt5,2631,1.3761672156769091,0.0068376498956445,0.0001379277244059,0.004809572219136,8.928774070997212e-05,0.259449219052915,0.2594474333505817
mx6_mt5,2632,1.3761663333303575,0.0068369518647107,0.0001379152387516,0.0048096806320951,8.928803845753971e-05,0.2594492348080434,0.2594474494371932
mx6_mt5,2633,1.376165454700923,0.0068362567754151,0.000137902805576,0.0048097885966433,8.928833495502044e-05,0.2594492504969982,0.259447465456156
mx6_mt5,2634,1.3761645797803113,0.006835564621192,0.0001378904247627,0.0048098961137042,8.928863020527101e-05,0.2594492661199307,0.2594474814076254
mx6_mt5,2635,1.376163708560222,0.006834875395473,0.000137878096195,0.0048100031842026,8.928892421107368e-05,0.2594492816769886,0.2594474972917532
mx6_mt5,2636,1.3761628410323512,0.0068341890916867,0.0001378658197563,0.0048101098090644,8.928921697516043e-05,0.2594492971683168,0.2594475131086884
mx6_mt5,2637,1.376161977188391,0.0068335057032587,0.0001378535953296,0.0048102159892168,8.928950850019084e-05,0.2594493125940563,0.2594475288585762
mx6_mt5,2638,1.3761611170200283,0.0068328252236105,0.0001378414227982,0.004810321725588,8.928979878886446e-05,0.2594493279543502,0.2594475445415637
mx6_mt5,2639,1.3761602605189456,0.0068321476461593,0.000137829302045,0.0048104270191073,8.929008784391966e-05,0.2594493432493438,0.2594475601578005
mx6_mt5,2640,1.3761594076768209,0.0068314729643181,0.0001378172329534,0.0048105318707047,8.929037566816308e-05,0.2594493584791859,0.2594475757074395
mx6_mt5,2641,1.376158558485328,0.0068308011714957,0.0001378052154063,0.0048106362813116,8.929066226442546e-05,0.2594493736440266,0.2594475911906347
mx6_mt5,2642,1.3761577129361349,0.0068301322610973,0.0001377932492867,0.0048107402518602,8.929094763554188e-05,0.2594493887440163,0.2594476066075408
mx6_mt5,2643,1.376156871020906,0.0068294662265248,0.0001377813344775,0.0048108437832843,8.929123178427498e-05,0.2594494037793013,0.2594476219583083
mx6_mt5,2644,1.376156032731301,0.0068288030611763,0.0001377694708616,0.0048109468765186,8.92915147133655e-05,0.2594494187500272,0.2594476372430865
mx6_mt5,2645,1.3761551980589728,0.0068281427584464,0.0001377576583217,0.004811049532499,8.929179642551219e-05,0.2594494336563369,0.2594476524620228
mx6_mt5,2646,1.3761543669955716,0.0068274853117252,0.0001377458967403,0.0048111517521626,8.929207692348207e-05,0.2594494484983771,0.2594476676152677
mx6_mt5,2647,1.3761535395327416,0.0068268307143986,0.0001377341860002,0.0048112535364476,8.929235621004113e-05,0.2594494632762946,0.2594476827029722
mx6_mt5,2648,1.3761527156621225,0.0068261789598476,0.0001377225259839,0.0048113548862933,8.929263428799738e-05,0.2594494779902382,0.2594476977252891
mx6_mt5,2649,1.376151895375347,0.0068255300414495,0.000137710916574,0.0048114558026399,8.929291116017463e-05,0.2594494926403577,0.2594477126823722
mx6_mt5,2650,1.3761510786640454,0.0068248839525771,0.0001376993576529,0.0048115562864292,8.929318682938303e-05,0.259449507226802,0.2594477275743748
mx6_mt5,2651,1.3761502655198417,0.0068242406865996,0.000137687849103,0.0048116563386039,8.929346129840556e-05,0.2594495217497186,0.259447742401448
mx6_mt5,2652,1.376149455934353,0.006823600236882,0.0001376763908066,0.004811755960108,8.929373457001055e-05,0.2594495362092544,0.2594477571637431
mx6_mt5,2653,1.3761486498991933,0.006822962596785,0.0001376649826457,0.0048118551518868,8.929400664693378e-05,0.2594495506055544,0.2594477718614089
mx6_mt5,2654,1.37614784740597,0.0068223277596648,0.0001376536245026,0.0048119539148867,8.929427753197095e-05,0.2594495649387668,0.2594477864945977
mx6_mt5,2655,1.3761470484462857,0.006821695718873,0.0001376423162594,0.0048120522500553,8.929454722790098e-05,0.2594495792090389,0.259447801063461
mx6_mt5,2656,1.3761462530117363,0.0068210664677563,0.0001376310577979,0.0048121501583414,8.929481573754059e-05,0.2594495934165201,0.259447815568152
mx6_mt5,2657,1.3761454610939143,0.0068204399996572,0.0001376198490001,0.0048122476406949,8.929508306373173e-05,0.259449607561361,0.2594478300088254
mx6_mt5,2658,1.3761446726844042,0.0068198163079134,0.000137608689748,0.004812344698067,8.929534920926816e-05,0.2594496216437097,0.2594478443856333
mx6_mt5,2659,1.3761438877747856,0.0068191953858586,0.0001375975799232,0.0048124413314101,8.929561417695518e-05,0.259449635663715,0.2594478586987286
mx6_mt5,2660,1.3761431063566332,0.0068185772268215,0.0001375865194075,0.0048125375416781,8.929587796958028e-05,0.2594496496215246,0.2594478729482629
mx6_mt5,2661,1.376142328421515,0.0068179618241267,0.0001375755080823,0.0048126333298258,8.929614058993735e-05,0.2594496635172866,0.2594478871343882
mx6_mt5,2662,1.3761415539609938,0.0068173491710935,0.0001375645458292,0.0048127286968095,8.929640204081082e-05,0.2594496773511486,0.2594479012572563
mx6_mt5,2663,1.3761407829666252,0.0068167392610365,0.0001375536325297,0.0048128236435866,8.929666232500931e-05,0.2594496911232595,0.2594479153170201
mx6_mt5,2664,1.37614001542996,0.0068161320872654,0.000137542768065,0.0048129181711158,8.929692144537716e-05,0.25944970483377,0.2594479293138343
mx6_mt5,2665,1.3761392513425428,0.006815527643085,0.0001375319523165,0.0048130122803571,8.929717940471992e-05,0.259449718482829,0.2594479432478515
mx6_mt5,2666,1.376138490695911,0.006814925921795,0.0001375211851654,0.0048131059722717,8.929743620588094e-05,0.259449732070587,0.2594479571192266
mx6_mt5,2667,1.376137733481598,0.0068143269166907,0.0001375104664927,0.0048131992478221,8.929769185168683e-05,0.2594497455971939,0.2594479709281132
mx6_mt5,2668,1.3761369796911298,0.0068137306210622,0.0001374997961795,0.0048132921079722,8.929794634494011e-05,0.2594497590627984,0.2594479846746638
mx6_mt5,2669,1.3761362293160246,0.0068131370281948,0.0001374891741066,0.004813384553687,8.92981996884465e-05,0.2594497724675489,0.2594479983590312
mx6_mt5,2670,1.3761354823477971,0.0068125461313683,0.0001374786001549,0.0048134765859331,8.92984518850264e-05,0.2594497858115952,0.2594480119813689
mx6_mt5,2671,1.376134738777954,0.0068119579238578,0.0001374680742051,0.0048135682056781,8.929870293752024e-05,0.2594497990950877,0.2594480255418312
mx6_mt5,2672,1.3761339985979952,0.0068113723989328,0.0001374575961379,0.0048136594138911,8.929895284875168e-05,0.259449812318176,0.2594480390405718
mx6_mt5,2673,1.3761332617994146,0.0068107895498578,0.0001374471658338,0.0048137502115424,8.929920162156956e-05,0.2594498254810112,0.2594480524777459
mx6_mt5,2674,1.376132528373701,0.0068102093698917,0.0001374367831733,0.0048138405996037,8.929944925880815e-05,0.2594498385837435,0.2594480658535072
mx6_mt5,2675,1.3761317983123338,0.0068096318522887,0.0001374264480369,0.004813930579048,8.929969576332684e-05,0.2594498516265244,0.2594480791680114
mx6_mt5,2676,1.3761310716067876,0.0068090569902973,0.0001374161603046,0.0048140201508496,8.929994113794946e-05,0.2594498646095036,0.2594480924214122
mx6_mt5,2677,1.3761303482485303,0.0068084847771609,0.0001374059198568,0.0048141093159842,8.930018538551455e-05,0.2594498775328315,0.2594481056138638
mx6_mt5,2678,1.3761296282290216,0.0068079152061174,0.0001373957265736,0.004814198075429,8.93004285088575e-05,0.2594498903966584,0.2594481187455206
mx6_mt5,2679,1.3761289115397164,0.006807348270399,0.0001373855803348,0.0048142864301623,8.930067051083686e-05,0.2594499032011358,0.2594481318165378
mx6_mt5,2680,1.3761281981720606,0.0068067839632328,0.0001373754810204,0.0048143743811639,8.930091139429444e-05,0.2594499159464142,0.25944814482707
mx6_mt5,2681,1.376127488117495,0.0068062222778397,0.0001373654285101,0.0048144619294148,8.930115116209512e-05,0.2594499286326456,0.2594481577772729
mx6_mt5,2682,1.3761267813674516,0.0068056632074357,0.0001373554226838,0.0048145490758977,8.930138981710385e-05,0.2594499412599816,0.2594481706673023
mx6_mt5,2683,1.376126077913357,0.0068051067452305,0.0001373454634209,0.0048146358215963,8.930162736217303e-05,0.2594499538285736,0.2594481834973133
mx6_mt5,2684,1.3761253777466298,0.0068045528844288,0.000137335550601,0.004814722167496,8.930186380016135e-05,0.2594499663385729,0.2594481962674612
mx6_mt5,2685,1.3761246808586811,0.0068040016182291,0.0001373256841034,0.0048148081145834,8.930209913393914e-05,0.2594499787901317,0.2594482089779021
mx6_mt5,2686,1.376123987240916,0.0068034529398245,0.0001373158638074,0.0048148936638465,8.930233336636517e-05,0.2594499911834014,0.2594482216287913
mx6_mt5,2687,1.3761232968847308,0.006802906842402,0.0001373060895922,0.004814978816275,8.930256650030352e-05,0.2594500035185339,0.2594482342202846
mx6_mt5,2688,1.3761226097815156,0.006802363319143,0.0001372963613369,0.0048150635728596,8.930279853863088e-05,0.2594500157956815,0.2594482467525382
mx6_mt5,2689,1.3761219259226525,0.0068018223632228,0.0001372866789204,0.0048151479345926,8.930302948422715e-05,0.2594500280149969,0.2594482592257086
mx6_mt5,2690,1.376121245299517,0.0068012839678107,0.0001372770422216,0.0048152319024678,8.930325933996382e-05,0.2594500401766322,0.2594482716399517
mx6_mt5,2691,1.3761205679034754,0.0068007481260703,0.0001372674511192,0.0048153154774802,8.930348810872927e-05,0.2594500522807405,0.2594482839954248
mx6_mt5,2692,1.3761198937258876,0.0068002148311589,0.0001372579054919,0.0048153986606266,8.930371579341184e-05,0.2594500643274748,0.2594482962922846
mx6_mt5,2693,1.376119222758106,0.006799684076228,0.0001372484052182,0.0048154814529047,8.930394239689263e-05,0.2594500763169877,0.2594483085306877
mx6_mt5,2694,1.376118554991475,0.0067991558544228,0.0001372389501765,0.0048155638553143,8.930416792204854e-05,0.2594500882494318,0.2594483207107902
mx6_mt5,2695,1.3761178904173312,0.0067986301588826,0.0001372295402452,0.0048156458688561,8.930439237178271e-05,0.2594501001249607,0.2594483328327501
mx6_mt5,2696,1.3761172290270038,0.0067981069827403,0.0001372201753024,0.0048157274945325,8.93046157489858e-05,0.2594501119437277,0.2594483448967242
mx6_mt5,2697,1.3761165708118133,0.0067975863191225,0.0001372108552263,0.0048158087333474,8.930483805654947e-05,0.259450123705886,0.2594483569028697
mx6_mt5,2698,1.3761159157630731,0.0067970681611498,0.0001372015798947,0.004815889586306,8.930505929738016e-05,0.2594501354115896,0.2594483688513444
mx6_mt5,2699,1.376115263872089,0.0067965525019363,0.0001371923491855,0.0048159700544152,8.930527947438115e-05,0.2594501470609923,0.259448380742306
mx6_mt5,2700,1.3761146151301566,0.0067960393345897,0.0001371831629766,0.0048160501386831,8.930549859046e-05,0.2594501586542481,0.2594483925759125
mx6_mt5,2701,1.376113969528567,0.0067955286522114,0.0001371740211454,0.0048161298401195,8.930571664853372e-05,0.2594501701915115,0.259448404352322
mx6_mt5,2702,1.3761133270585997,0.0067950204478964,0.0001371649235695,0.0048162091597356,8.930593365150255e-05,0.2594501816729364,0.2594484160716923
mx6_mt5,2703,1.3761126877115275,0.0067945147147331,0.0001371558701264,0.0048162880985442,8.930614960228777e-05,0.2594501930986773,0.259448427734182
mx6_mt5,2704,1.3761120514786156,0.0067940114458036,0.0001371468606931,0.0048163666575594,8.9306364503796e-05,0.2594502044688883,0.2594484393399488
mx6_mt5,2705,1.37611141835112,0.0067935106341832,0.000137137895147,0.0048164448377971,8.930657835896536e-05,0.259450215783725,0.2594484508891522
mx6_mt5,2706,1.3761107883202894,0.0067930122729406,0.000137128973365,0.0048165226402744,8.930679117070255e-05,0.2594502270433415,0.2594484623819501
mx6_mt5,2707,1.376110161377362,0.006792516355138,0.0001371200952241,0.00481660006601,8.93070029419384e-05,0.2594502382478929,0.2594484738185016
mx6_mt5,2708,1.3761095375135697,0.0067920228738307,0.0001371112606009,0.0048166771160244,8.930721367561113e-05,0.259450249397535,0.2594484851989662
mx6_mt5,2709,1.3761089167201348,0.0067915318220676,0.0001371024693722,0.0048167537913392,8.930742337465271e-05,0.2594502604924231,0.2594484965235031
mx6_mt5,2710,1.3761082989882714,0.0067910431928904,0.0001370937214145,0.0048168300929778,8.930763204199722e-05,0.2594502715327125,0.2594485077922714
mx6_mt5,2711,1.376107684309185,0.0067905569793343,0.0001370850166042,0.0048169060219651,8.930783968058299e-05,0.259450282518559,0.2594485190054308
mx6_mt5,2712,1.376107072674072,0.0067900731744276,0.0001370763548176,0.0048169815793275,8.930804629336514e-05,0.2594502934501191,0.2594485301631415
mx6_mt5,2713,1.376106464074121,0.0067895917711916,0.0001370677359308,0.004817056766093,8.930825188327263e-05,0.259450304327548,0.2594485412655625
mx6_mt5,2714,1.3761058585005104,0.0067891127626407,0.0001370591598199,0.0048171315832912,8.930845645325435e-05,0.2594503151510018,0.259448552312854
mx6_mt5,2715,1.3761052559444111,0.0067886361417823,0.0001370506263608,0.0048172060319531,8.930866000627287e-05,0.2594503259206375,0.2594485633051766
mx6_mt5,2716,1.3761046563969852,0.0067881619016169,0.0001370421354292,0.0048172801131113,8.930886254527611e-05,0.2594503366366112,0.2594485742426903
mx6_mt5,2717,1.376104059849384,0.0067876900351377,0.0001370336869008,0.0048173538278001,8.930906407322777e-05,0.2594503472990799,0.2594485851255559
mx6_mt5,2718,1.3761034662927516,0.0067872205353311,0.000137025280651,0.0048174271770554,8.93092645930842e-05,0.2594503579082003,0.2594485959539339
mx6_mt5,2719,1.3761028757182232,0.0067867533951759,0.0001370169165553,0.0048175001619144,8.930946410781545e-05,0.2594503684641296,0.2594486067279853
mx6_mt5,2720,1.3761022881169234,0.0067862886076442,0.0001370085944889,0.0048175727834162,8.930966262039895e-05,0.2594503789670255,0.2594486174478717
mx6_mt5,2721,1.3761017034799683,0.0067858261657006,0.0001370003143269,0.0048176450426013,8.930986013378484e-05,0.2594503894170444,0.2594486281137532
mx6_mt5,2722,1.376101121798466,0.0067853660623025,0.0001369920759443,0.004817716940512,8.931005665096426e-05,0.2594503998143446,0.2594486387257921
mx6_mt5,2723,1.3761005430635136,0.0067849082903999,0.0001369838792159,0.0048177884781918,8.931025217490946e-05,0.2594504101590835,0.2594486492841494
mx6_mt5,2724,1.3760999672661998,0.0067844528429356,0.0001369757240164,0.0048178596566863,8.931044670860532e-05,0.2594504204514193,0.2594486597889872
mx6_mt5,2725,1.376099394397603,0.0067839997128449,0.0001369676102204,0.0048179304770424,8.931064025502941e-05,0.2594504306915097,0.2594486702404671
mx6_mt5,2726,1.3760988244487946,0.0067835488930557,0.0001369595377024,0.0048180009403087,8.931083281717926e-05,0.2594504408795134,0.2594486806387514
mx6_mt5,2727,1.376098257410833,0.0067831003764883,0.0001369515063365,0.0048180710475354,8.931102439804404e-05,0.2594504510155888,0.2594486909840025
mx6_mt5,2728,1.3760976932747702,0.0067826541560556,0.000136943515997,0.0048181407997745,8.93112150006297e-05,0.259450461099895,0.2594487012763831
mx6_mt5,2729,1.376097132031646,0.006782210224663,0.0001369355665579,0.0048182101980793,8.931140462791082e-05,0.2594504711325897,0.259448711516055
mx6_mt5,2730,1.3760965736724935,0.0067817685752083,0.0001369276578931,0.0048182792435049,8.931159328290495e-05,0.2594504811138325,0.2594487217031813
mx6_mt5,2731,1.3760960181883333,0.0067813292005813,0.0001369197898762,0.0048183479371083,8.931178096861817e-05,0.2594504910437827,0.2594487318379253
mx6_mt5,2732,1.3760954655701785,0.0067808920936647,0.0001369119623809,0.0048184162799477,8.931196768805973e-05,0.2594505009225998,0.2594487419204501
mx6_mt5,2733,1.3760949158090303,0.006780457247333,0.0001369041752806,0.0048184842730833,8.931215344423468e-05,0.2594505107504428,0.2594487519509186
mx6_mt5,2734,1.376094368895881,0.0067800246544532,0.0001368964284487,0.0048185519175767,8.931233824015759e-05,0.2594505205274713,0.2594487619294946
mx6_mt5,2735,1.3760938248217147,0.0067795943078843,0.0001368887217582,0.0048186192144914,8.931252207886612e-05,0.2594505302538464,0.2594487718563423
mx6_mt5,2736,1.376093283577503,0.0067791662004776,0.0001368810550821,0.0048186861648924,8.931270496337171e-05,0.2594505399297274,0.2594487817316251
mx6_mt5,2737,1.3760927451542089,0.0067787403250765,0.0001368734282935,0.0048187527698465,8.931288689670789e-05,0.2594505495552749,0.2594487915555075
mx6_mt5,2738,1.3760922095427837,0.0067783166745165,0.0001368658412649,0.004818819030422,8.93130678818956e-05,0.2594505591306491,0.2594488013281534
mx6_mt5,2739,1.376091676734171,0.006777895241625,0.0001368582938689,0.0048188849476891,8.931324792196527e-05,0.2594505686560103,0.2594488110497269
mx6_mt5,2740,1.376091146719303,0.0067774760192214,0.000136850785978,0.0048189505227194,8.931342701997358e-05,0.2594505781315205,0.2594488207203937
mx6_mt5,2741,1.3760906194891018,0.0067770590001174,0.0001368433174645,0.0048190157565866,8.931360517894472e-05,0.2594505875573397,0.2594488303403179
mx6_mt5,2742,1.3760900950344788,0.0067766441771161,0.0001368358882004,0.0048190806503657,8.931378240193227e-05,0.2594505969336297,0.2594488399096647
mx6_mt5,2743,1.376089573346336,0.0067762315430127,0.0001368284980577,0.0048191452051336,8.931395869198145e-05,0.2594506062605518,0.2594488494285994
mx6_mt5,2744,1.3760890544155644,0.0067758210905944,0.0001368211469082,0.004819209421969,8.931413405214905e-05,0.2594506155382678,0.2594488588972874
mx6_mt5,2745,1.3760885382330443,0.0067754128126399,0.0001368138346237,0.004819273301952,8.931430848547931e-05,0.2594506247669389,0.259448868315894
mx6_mt5,2746,1.376088024789646,0.0067750067019199,0.0001368065610756,0.0048193368461647,8.93144819950469e-05,0.2594506339467279,0.2594488776845857
mx6_mt5,2747,1.3760875140762303,0.0067746027511966,0.0001367993261353,0.0048194000556909,8.931465458391602e-05,0.2594506430777972,0.2594488870035283
mx6_mt5,2748,1.3760870060836454,0.006774200953224,0.000136792129674,0.0048194629316159,8.931482625514043e-05,0.2594506521603083,0.2594488962728877
mx6_mt5,2749,1.37608650080273,0.0067738013007478,0.0001367849715628,0.0048195254750269,8.931499701180538e-05,0.2594506611944247,0.2594489054928309
mx6_mt5,2750,1.376085998224312,0.006773403786505,0.0001367778516725,0.0048195876870129,8.931516685697201e-05,0.2594506701803085,0.2594489146635236
mx6_mt5,2751,1.376085498339209,0.0067730084032246,0.0001367707698738,0.0048196495686646,8.931533579373401e-05,0.2594506791181234,0.2594489237851335
mx6_mt5,2752,1.3760850011382268,0.0067726151436266,0.0001367637260375,0.0048197111210743,8.931550382515783e-05,0.2594506880080319,0.2594489328578269
mx6_mt5,2753,1.3760845066121614,0.0067722240004229,0.0001367567200338,0.0048197723453361,8.931567095434771e-05,0.2594506968501983,0.2594489418817718
mx6_mt5,2754,1.3760840147517972,0.0067718349663165,0.000136749751733,0.0048198332425461,8.931583718437644e-05,0.2594507056447853,0.2594489508571347
mx6_mt5,2755,1.376083525547908,0.0067714480340022,0.0001367428210054,0.0048198938138017,8.931600251834829e-05,0.2594507143919572,0.2594489597840839
mx6_mt5,2756,1.3760830389912566,0.0067710631961657,0.0001367359277207,0.0048199540602026,8.931616695936445e-05,0.2594507230918784,0.2594489686627872
mx6_mt5,2757,1.376082555072595,0.0067706804454843,0.0001367290717488,0.0048200139828499,8.93163305105198e-05,0.2594507317447126,0.2594489774934124
mx6_mt5,2758,1.3760820737826636,0.0067702997746265,0.0001367222529592,0.0048200735828464,8.931649317493024e-05,0.2594507403506249,0.2594489862761281
mx6_mt5,2759,1.3760815951121923,0.0067699211762521,0.0001367154712216,0.0048201328612971,8.931665495569074e-05,0.2594507489097791,0.2594489950111021
mx6_mt5,2760,1.3760811190518996,0.0067695446430119,0.000136708726405,0.0048201918193084,8.931681585592668e-05,0.2594507574223406,0.2594490036985036
mx6_mt5,2761,1.376080645592492,0.0067691701675481,0.0001367020183788,0.0048202504579887,8.931697587874773e-05,0.2594507658884742,0.259449012338501
mx6_mt5,2762,1.3760801747246656,0.0067687977424939,0.0001366953470117,0.0048203087784479,8.931713502728357e-05,0.2594507743083455,0.2594490209312639
mx6_mt5,2763,1.3760797064391053,0.0067684273604736,0.0001366887121727,0.0048203667817982,8.931729330465545e-05,0.2594507826821198,0.2594490294769612
mx6_mt5,2764,1.3760792407264837,0.0067680590141024,0.0001366821137304,0.004820424469153,8.931745071399411e-05,0.2594507910099628,0.2594490379757627
mx6_mt5,2765,1.3760787775774632,0.0067676926959868,0.0001366755515532,0.004820481841628,8.931760725844394e-05,0.259450799292041,0.2594490464278383
mx6_mt5,2766,1.3760783169826931,0.006767328398724,0.0001366690255094,0.0048205389003405,8.931776294112317e-05,0.2594508075285196,0.2594490548333573
mx6_mt5,2767,1.3760778589328135,0.0067669661149022,0.0001366625354672,0.0048205956464096,8.931791776518778e-05,0.2594508157195656,0.2594490631924901
mx6_mt5,2768,1.3760774034184509,0.0067666058371006,0.0001366560812945,0.0048206520809562,8.931807173377803e-05,0.2594508238653452,0.2594490715054071
mx6_mt5,2769,1.3760769504302204,0.006766247557889,0.0001366496628591,0.004820708205103,8.931822485004998e-05,0.2594508319660255,0.2594490797722791
mx6_mt5,2770,1.3760764999587265,0.0067658912698283,0.0001366432800286,0.0048207640199748,8.931837711715235e-05,0.2594508400217733,0.2594490879932764
mx6_mt5,2771,1.3760760519945607,0.00676553696547,0.0001366369326705,0.004820819526698,8.931852853824227e-05,0.2594508480327557,0.2594490961685702
mx6_mt5,2772,1.3760756065283044,0.0067651846373562,0.000136630620652,0.0048208747264007,8.931867911649366e-05,0.2594508559991407,0.2594491042983322
mx6_mt5,2773,1.3760751635505253,0.00676483427802,0.0001366243438402,0.0048209296202131,8.931882885505848e-05,0.2594508639210952,0.259449112382733
mx6_mt5,2774,1.3760747230517794,0.006764485879985,0.0001366181021022,0.0048209842092671,8.931897775711913e-05,0.2594508717987876,0.2594491204219452
mx6_mt5,2775,1.376074285022613,0.0067641394357653,0.0001366118953045,0.0048210384946966,8.931912582584854e-05,0.259450879632386,0.25944912841614
mx6_mt5,2776,1.3760738494535585,0.0067637949378658,0.0001366057233139,0.0048210924776372,8.93192730644302e-05,0.2594508874220588,0.2594491363654901
mx6_mt5,2777,1.376073416335136,0.0067634523787818,0.0001365995859966,0.0048211461592263,8.931941947603293e-05,0.2594508951679739,0.2594491442701671
mx6_mt5,2778,1.3760729856578546,0.0067631117509991,0.000136593483219,0.0048211995406034,8.931956506386122e-05,0.2594509028703008,0.2594491521303442
mx6_mt5,2779,1.3760725574122108,0.0067627730469941,0.0001365874148471,0.0048212526229097,8.931970983109445e-05,0.259450910529208,0.2594491599461936
mx6_mt5,2780,1.3760721315886892,0.0067624362592334,0.0001365813807467,0.0048213054072882,8.931985378093819e-05,0.259450918144865,0.2594491677178888
mx6_mt5,2781,1.3760717081777618,0.0067621013801741,0.0001365753807836,0.0048213578948841,8.931999691658967e-05,0.2594509257174411,0.259449175445603
mx6_mt5,2782,1.3760712871698886,0.0067617684022637,0.0001365694148232,0.004821410086844,8.93201392412514e-05,0.2594509332471059,0.2594491831295094
mx6_mt5,2783,1.376070868555517,0.00676143731794,0.0001365634827309,0.0048214619843169,8.932028075813953e-05,0.2594509407340296,0.2594491907697819
mx6_mt5,2784,1.376070452325083,0.0067611081196309,0.0001365575843719,0.0048215135884532,8.932042147046396e-05,0.2594509481783821,0.2594491983665944
mx6_mt5,2785,1.376070038469009,0.0067607807997549,0.0001365517196111,0.0048215649004055,8.932056138144927e-05,0.2594509555803341,0.2594492059201214
mx6_mt5,2786,1.3760696269777055,0.0067604553507203,0.0001365458883133,0.0048216159213283,8.932070049431376e-05,0.2594509629400561,0.259449213430537
mx6_mt5,2787,1.3760692178415694,0.0067601317649258,0.0001365400903432,0.0048216666523778,8.932083881227266e-05,0.2594509702577181,0.2594492208980155
mx6_mt5,2788,1.3760688110509882,0.0067598100347602,0.0001365343255651,0.0048217170947123,8.932097633856843e-05,0.2594509775334919,0.2594492283227317
mx6_mt5,2789,1.3760684065963331,0.0067594901526023,0.0001365285938432,0.0048217672494919,8.932111307644465e-05,0.2594509847675491,0.2594492357048616
mx6_mt5,2790,1.3760680044679643,0.0067591721108209,0.0001365228950418,0.0048218171178786,8.932124902912602e-05,0.2594509919600604,0.2594492430445798
mx6_mt5,2791,1.3760676046562303,0.0067588559017751,0.0001365172290245,0.0048218667010365,8.932138419986454e-05,0.2594509991111979,0.2594492503420619
mx6_mt5,2792,1.3760672071514657,0.0067585415178137,0.0001365115956552,0.0048219160001312,8.932151859191326e-05,0.259451006221134,0.2594492575974839
mx6_mt5,2793,1.3760668119439914,0.0067582289512755,0.0001365059947973,0.0048219650163308,8.93216522085232e-05,0.2594510132900405,0.259449264811022
mx6_mt5,2794,1.3760664190241163,0.0067579181944893,0.0001365004263141,0.0048220137508049,8.932178505294115e-05,0.2594510203180895,0.2594492719828518
mx6_mt5,2795,1.3760660283821384,0.0067576092397736,0.0001364948900687,0.0048220622047251,8.932191712844752e-05,0.2594510273054545,0.2594492791131505
mx6_mt5,2796,1.37606564000834,0.0067573020794368,0.0001364893859241,0.0048221103792652,8.932204843830385e-05,0.2594510342523082,0.2594492862020948
mx6_mt5,2797,1.3760652538929914,0.0067569967057772,0.0001364839137431,0.0048221582756005,8.9322178985778e-05,0.2594510411588236,0.2594492932498614
mx6_mt5,2798,1.3760648700263496,0.0067566931110828,0.0001364784733881,0.0048222058949087,8.93223087741473e-05,0.2594510480251741,0.2594493002566277
mx6_mt5,2799,1.37606448839866,0.0067563912876312,0.0001364730647216,0.0048222532383691,8.932243780669957e-05,0.2594510548515337,0.2594493072225713
mx6_mt5,2800,1.3760641090001526,0.0067560912276897,0.0001364676876057,0.0048223003071632,8.932256608670482e-05,0.2594510616380756,0.2594493141478695
mx6_mt5,2801,1.3760637318210462,0.0067557929235155,0.0001364623419025,0.0048223471024742,8.932269361746562e-05,0.2594510683849745,0.2594493210327006
mx6_mt5,2802,1.3760633568515457,0.0067554963673551,0.0001364570274736,0.0048223936254876,8.932282040227615e-05,0.2594510750924049,0.2594493278772427
mx6_mt5,2803,1.3760629840818417,0.0067552015514447,0.0001364517441807,0.0048224398773906,8.932294644442536e-05,0.2594510817605407,0.2594493346816742
mx6_mt5,2804,1.3760626135021132,0.0067549084680101,0.0001364464918853,0.0048224858593724,8.932307174722846e-05,0.2594510883895575,0.2594493414461739
mx6_mt5,2805,1.376062245102525,0.0067546171092665,0.0001364412704485,0.0048225315726243,8.932319631399648e-05,0.2594510949796305,0.2594493481709212
mx6_mt5,2806,1.376061878873229,0.0067543274674185,0.0001364360797313,0.0048225770183394,8.932332014802578e-05,0.2594511015309341,0.2594493548560942
mx6_mt5,2807,1.3760615148043631,0.0067540395346604,0.0001364309195945,0.004822622197713,8.932344325265576e-05,0.2594511080436452,0.2594493615018736
mx6_mt5,2808,1.3760611528860518,0.0067537533031756,0.0001364257898989,0.0048226671119422,8.932356563119433e-05,0.2594511145179388,0.2594493681084383
mx6_mt5,2809,1.376060793108406,0.0067534687651371,0.0001364206905047,0.0048227117622261,8.932368728697466e-05,0.2594511209539913,0.2594493746759686
mx6_mt5,2810,1.3760604354615242,0.006753185912707,0.0001364156212723,0.0048227561497659,8.932380822333198e-05,0.2594511273519793,0.2594493812046448
mx6_mt5,2811,1.3760600799354896,0.0067529047380369,0.0001364105820616,0.0048228002757648,8.932392844359737e-05,0.259451133712079,0.259449387694647
mx6_mt5,2812,1.376059726520373,0.0067526252332675,0.0001364055727325,0.0048228441414279,8.932404795111346e-05,0.2594511400344674,0.2594493941461561
mx6_mt5,2813,1.376059375206231,0.0067523473905287,0.0001364005931447,0.0048228877479623,8.932416674922395e-05,0.2594511463193215,0.2594494005593527
mx6_mt5,2814,1.3760590259831058,0.0067520712019398,0.0001363956431575,0.0048229310965773,8.932428484128306e-05,0.2594511525668186,0.2594494069344184
mx6_mt5,2815,1.376058678841027,0.0067517966596089,0.0001363907226303,0.0048229741884839,8.93244022306534e-05,0.259451158777137,0.259449413271535
mx6_mt5,2816,1.37605833377001,0.0067515237556336,0.0001363858314219,0.0048230170248954,8.932451892067767e-05,0.2594511649504533,0.2594494195708832
mx6_mt5,2817,1.3760579907600563,0.0067512524821003,0.0001363809693913,0.004823059607027,8.932463491474476e-05,0.2594511710869471,0.2594494258326462
mx6_mt5,2818,1.3760576498011532,0.0067509828310845,0.0001363761363971,0.0048231019360959,8.932475021621211e-05,0.2594511771867959,0.2594494320570056
mx6_mt5,2819,1.376057310883274,0.0067507147946508,0.0001363713322977,0.0048231440133214,8.932486482845709e-05,0.2594511832501786,0.2594494382441439
mx6_mt5,2820,1.3760569739963786,0.0067504483648527,0.0001363665569514,0.0048231858399248,8.932497875486549e-05,0.2594511892772743,0.2594494443942443
mx6_mt5,2821,1.3760566391304123,0.0067501835337326,0.000136361810216,0.0048232274171293,8.932509199880947e-05,0.2594511952682615,0.2594494505074891
mx6_mt5,2822,1.3760563062753064,0.0067499202933219,0.0001363570919496,0.0048232687461604,8.93252045636864e-05,0.25945120122332,0.259449456584062
mx6_mt5,2823,1.376055975420979,0.0067496586356409,0.0001363524020095,0.0048233098282455,8.932531645289681e-05,0.2594512071426298,0.2594494626241466
mx6_mt5,2824,1.3760556465573308,0.0067493985526985,0.0001363477402534,0.004823350664614,8.93254276698402e-05,0.2594512130263707,0.2594494686279271
mx6_mt5,2825,1.376055319674253,0.0067491400364927,0.0001363431065383,0.0048233912564974,8.932553821790769e-05,0.2594512188747223,0.2594494745955865
mx6_mt5,2826,1.37605499476162,0.0067488830790101,0.0001363385007212,0.0048234316051294,8.932564810052505e-05,0.2594512246878658,0.2594494805273101
mx6_mt5,2827,1.376054671809291,0.0067486276722261,0.0001363339226589,0.0048234717117454,8.932575732109704e-05,0.2594512304659815,0.2594494864232819
mx6_mt5,2828,1.3760543508071124,0.0067483738081047,0.0001363293722081,0.0048235115775833,8.932586588305367e-05,0.2594512362092508,0.2594494922836876
mx6_mt5,2829,1.376054031744916,0.0067481214785987,0.0001363248492249,0.0048235512038827,8.932597378980922e-05,0.2594512419178544,0.2594494981087114
mx6_mt5,2830,1.376053714612519,0.0067478706756494,0.0001363203535657,0.0048235905918855,8.932608104479264e-05,0.2594512475919739,0.2594495038985387
mx6_mt5,2831,1.3760533993997233,0.0067476213911869,0.0001363158850863,0.0048236297428355,8.932618765145705e-05,0.2594512532317919,0.2594495096533564
mx6_mt5,2832,1.3760530860963174,0.0067473736171296,0.0001363114436424,0.0048236686579787,8.932629361321888e-05,0.2594512588374892,0.259449515373349
mx6_mt5,2833,1.3760527746920743,0.0067471273453847,0.0001363070290897,0.0048237073385631,8.932639893353758e-05,0.259451264409249,0.2594495210587036
mx6_mt5,2834,1.3760524651767545,0.0067468825678477,0.0001363026412833,0.004823745785839,8.932650361586314e-05,0.2594512699472538,0.2594495267096066
mx6_mt5,2835,1.3760521575401008,0.0067466392764027,0.0001362982800784,0.0048237840010584,8.932660766364036e-05,0.2594512754516859,0.2594495323262441
mx6_mt5,2836,1.3760518517718423,0.0067463974629222,0.0001362939453298,0.0048238219854757,8.932671108033818e-05,0.2594512809227288,0.2594495379088039
mx6_mt5,2837,1.3760515478616966,0.006746157119267,0.0001362896368923,0.0048238597403473,8.932681386942347e-05,0.2594512863605661,0.2594495434574729
mx6_mt5,2838,1.3760512457993612,0.0067459182372863,0.0001362853546202,0.0048238972669316,8.932691603436307e-05,0.2594512917653812,0.2594495489724389
mx6_mt5,2839,1.3760509455745222,0.0067456808088179,0.0001362810983679,0.0048239345664894,8.932701757863856e-05,0.2594512971373583,0.2594495544538899
mx6_mt5,2840,1.3760506471768503,0.0067454448256875,0.0001362768679893,0.0048239716402832,8.932711850571579e-05,0.2594513024766809,0.2594495599020133
mx6_mt5,2841,1.3760503505960011,0.0067452102797094,0.0001362726633382,0.0048240084895779,8.932721881909314e-05,0.2594513077835341,0.259449565316998
mx6_mt5,2842,1.3760500558216149,0.0067449771626859,0.0001362684842682,0.0048240451156404,8.932731852226588e-05,0.2594513130581029,0.259449570699033
mx6_mt5,2843,1.3760497628433177,0.0067447454664078,0.0001362643306328,0.0048240815197398,8.932741761871772e-05,0.2594513183005715,0.2594495760483066
mx6_mt5,2844,1.37604947165072,0.0067445151826537,0.000136260202285,0.0048241177031471,8.932751611195445e-05,0.2594513235111255,0.2594495813650081
mx6_mt5,2845,1.3760491822334169,0.0067442863031906,0.0001362560990778,0.0048241536671357,8.93276140054913e-05,0.259451328689951,0.2594495866493276
mx6_mt5,2846,1.3760488945809897,0.0067440588197736,0.0001362520208639,0.004824189412981,8.932771130282883e-05,0.2594513338372332,0.2594495919014543
mx6_mt5,2847,1.3760486086830035,0.0067438327241458,0.0001362479674958,0.0048242249419605,8.932780800749069e-05,0.2594513389531585,0.2594495971215785
mx6_mt5,2848,1.376048324529008,0.0067436080080384,0.0001362439388258,0.0048242602553539,8.932790412299951e-05,0.2594513440379133,0.2594496023098908
mx6_mt5,2849,1.376048042108539,0.0067433846631707,0.0001362399347059,0.0048242953544429,8.932799965288211e-05,0.2594513490916843,0.2594496074665814
mx6_mt5,2850,1.3760477614111162,0.0067431626812497,0.000136235954988,0.0048243302405115,8.932809460066848e-05,0.2594513541146583,0.2594496125918413
mx6_mt5,2851,1.3760474824262432,0.0067429420539706,0.0001362319995237,0.0048243649148458,8.932818896990229e-05,0.2594513591070227,0.2594496176858619
mx6_mt5,2852,1.3760472051434096,0.0067427227730166,0.0001362280681644,0.0048243993787339,8.932828276412719e-05,0.2594513640689652,0.2594496227488347
mx6_mt5,2853,1.3760469295520896,0.0067425048300585,0.0001362241607612,0.0048244336334664,8.932837598688577e-05,0.2594513690006731,0.2594496277809511
mx6_mt5,2854,1.3760466556417412,0.0067422882167553,0.0001362202771651,0.0048244676803357,8.93284686417417e-05,0.2594513739023351,0.2594496327824037
mx6_mt5,2855,1.3760463834018066,0.0067420729247536,0.0001362164172269,0.0048245015206365,8.932856073224495e-05,0.259451378774139,0.2594496377533843
mx6_mt5,2856,1.376046112821714,0.0067418589456878,0.000136212580797,0.0048245351556656,8.932865226196442e-05,0.2594513836162735,0.2594496426940857
mx6_mt5,2857,1.376045843890875,0.0067416462711803,0.0001362087677257,0.0048245685867221,8.932874323447322e-05,0.2594513884289279,0.259449647604701
mx6_mt5,2858,1.376045576598687,0.0067414348928409,0.000136204977863,0.0048246018151071,8.932883365334655e-05,0.2594513932122913,0.2594496524854231
mx6_mt5,2859,1.3760453109345288,0.0067412248022675,0.0001362012110588,0.0048246348421239,8.932892352217014e-05,0.2594513979665534,0.2594496573364461
mx6_mt5,2860,1.376045046887767,0.0067410159910453,0.0001361974671627,0.0048246676690781,8.932901284451819e-05,0.2594514026919033,0.259449662157963
mx6_mt5,2861,1.3760447844477506,0.0067408084507474,0.000136193746024,0.0048247002972774,8.932910162399532e-05,0.2594514073885319,0.2594496669501684
mx6_mt5,2862,1.376044523603813,0.0067406021729345,0.0001361900474919,0.0048247327280316,8.932918986418625e-05,0.2594514120566287,0.2594496717132561
mx6_mt5,2863,1.3760442643452724,0.0067403971491547,0.0001361863714153,0.0048247649626528,8.932927756870717e-05,0.2594514166963851,0.2594496764474215
mx6_mt5,2864,1.3760440066614312,0.0067401933709441,0.0001361827176429,0.0048247970024552,8.932936474115855e-05,0.2594514213079916,0.2594496811528589
mx6_mt5,2865,1.3760437505415757,0.0067399908298258,0.0001361790860231,0.0048248288487552,8.932945138515347e-05,0.2594514258916395,0.2594496858297637
mx6_mt5,2866,1.376043495974976,0.0067397895173107,0.0001361754764042,0.0048248605028716,8.932953750431972e-05,0.2594514304475206,0.2594496904783318
mx6_mt5,2867,1.376043242950887,0.0067395894248973,0.0001361718886342,0.0048248919661249,8.932962310226725e-05,0.259451434975826,0.2594496950987582
mx6_mt5,2868,1.3760429914585477,0.0067393905440711,0.0001361683225609,0.0048249232398384,8.932970818264588e-05,0.2594514394767488,0.2594496996912401
mx6_mt5,2869,1.3760427414871794,0.0067391928663056,0.0001361647780317,0.0048249543253372,8.932979274908029e-05,0.2594514439504808,0.2594497042559733
mx6_mt5,2870,1.376042493025991,0.0067389963830612,0.000136161254894,0.0048249852239486,8.932987680521087e-05,0.2594514483972146,0.2594497087931544
mx6_mt5,2871,1.376042246064172,0.0067388010857859,0.0001361577529949,0.0048250159370025,8.932996035469172e-05,0.2594514528171436,0.2594497133029808
mx6_mt5,2872,1.3760420005908969,0.0067386069659149,0.0001361542721811,0.0048250464658304,8.933004340116957e-05,0.2594514572104607,0.2594497177856495
mx6_mt5,2873,1.3760417565953236,0.006738414014871,0.0001361508122994,0.0048250768117666,8.933012594830899e-05,0.2594514615773598,0.2594497222413586
mx6_mt5,2874,1.3760415140665958,0.0067382222240639,0.0001361473731961,0.0048251069761473,8.933020799975884e-05,0.259451465918034,0.2594497266703049
mx6_mt5,2875,1.3760412729938387,0.0067380315848908,0.0001361439547173,0.0048251369603109,8.933028955920997e-05,0.2594514702326786,0.2594497310726881
mx6_mt5,2876,1.3760410333661626,0.006737842088736,0.000136140556709,0.0048251667655982,8.933037063031439e-05,0.2594514745214868,0.2594497354487052
mx6_mt5,2877,1.3760407951726612,0.006737653726971,0.0001361371790168,0.0048251963933521,8.933045121676297e-05,0.2594514787846539,0.2594497397985557
mx6_mt5,2878,1.3760405584024118,0.0067374664909546,0.0001361338214861,0.0048252258449178,8.933053132224446e-05,0.2594514830223751,0.2594497441224388
mx6_mt5,2879,1.3760403230444755,0.0067372803720327,0.0001361304839622,0.0048252551216426,8.933061095045082e-05,0.2594514872348457,0.2594497484205538
mx6_mt5,2880,1.3760400890878968,0.0067370953615381,0.0001361271662901,0.0048252842248762,8.933069010506978e-05,0.2594514914222608,0.2594497526931001
mx6_mt5,2881,1.376039856521705,0.0067369114507909,0.0001361238683144,0.0048253131559705,8.933076878982058e-05,0.2594514955848173,0.2594497569402784
mx6_mt5,2882,1.37603962533491,0.0067367286310982,0.0001361205898796,0.0048253419162796,8.933084700840042e-05,0.2594514997227107,0.2594497611622885
mx6_mt5,2883,1.3760393955165096,0.0067365468937542,0.0001361173308301,0.0048253705071597,8.933092476452541e-05,0.2594515038361377,0.259449765359331
mx6_mt5,2884,1.3760391670554817,0.0067363662300399,0.0001361140910097,0.0048253989299696,8.933100206192426e-05,0.2594515079252955,0.2594497695316074
mx6_mt5,2885,1.3760389399407882,0.0067361866312236,0.0001361108702624,0.00482542718607,8.933107890430785e-05,0.2594515119903806,0.259449773679318
mx6_mt5,2886,1.376038714161376,0.0067360080885603,0.0001361076684317,0.0048254552768241,8.933115529542275e-05,0.259451516031591,0.2594497778026652
mx6_mt5,2887,1.3760384897061733,0.006735830593292,0.0001361044853607,0.0048254832035971,8.933123123899453e-05,0.2594515200491241,0.2594497819018505
mx6_mt5,2888,1.376038266564095,0.0067356541366476,0.0001361013208927,0.0048255109677569,8.933130673877402e-05,0.2594515240431781,0.2594497859770758
mx6_mt5,2889,1.376038044724034,0.0067354787098429,0.0001360981748704,0.0048255385706731,8.933138179850147e-05,0.259451528013951,0.2594497900285438
mx6_mt5,2890,1.376037824174872,0.0067353043040805,0.0001360950471365,0.004825566013718,8.93314564219361e-05,0.2594515319616418,0.2594497940564571
mx6_mt5,2891,1.3760376049054708,0.0067351309105499,0.0001360919375331,0.0048255932982659,8.933153061284026e-05,0.2594515358864493,0.2594497980610189
mx6_mt5,2892,1.3760373869046767,0.0067349585204274,0.0001360888459026,0.0048256204256936,8.933160437497108e-05,0.2594515397885726,0.2594498020424323
mx6_mt5,2893,1.376037170161318,0.0067347871248758,0.0001360857720866,0.0048256473973799,8.933167771211401e-05,0.2594515436682117,0.2594498060009016
mx6_mt5,2894,1.376036954664208,0.0067346167150452,0.0001360827159268,0.0048256742147061,8.933175062803353e-05,0.259451547525566,0.2594498099366302
mx6_mt5,2895,1.3760367404021416,0.0067344472820718,0.0001360796772647,0.0048257008790558,8.933182312652666e-05,0.2594515513608363,0.2594498138498229
mx6_mt5,2896,1.3760365273638973,0.0067342788170791,0.0001360766559412,0.0048257273918146,8.93318952113684e-05,0.2594515551742223,0.2594498177406839
mx6_mt5,2897,1.376036315538237,0.0067341113111767,0.0001360736517974,0.0048257537543706,8.933196688636523e-05,0.2594515589659254,0.2594498216094186
mx6_mt5,2898,1.3760361049139052,0.0067339447554614,0.0001360706646738,0.0048257799681142,8.93320381553079e-05,0.2594515627361462,0.2594498254562317
mx6_mt5,2899,1.37603589547963,0.0067337791410161,0.0001360676944108,0.0048258060344381,8.93321090220176e-05,0.2594515664850869,0.2594498292813295
mx6_mt5,2900,1.3760356872241224,0.0067336144589108,0.0001360647408486,0.0048258319547372,8.933217949029558e-05,0.2594515702129485,0.2594498330849172
mx6_mt5,2901,1.376035480136076,0.0067334507002017,0.0001360618038271,0.0048258577304086,8.933224956395993e-05,0.2594515739199331,0.2594498368672012
mx6_mt5,2902,1.3760352742041668,0.0067332878559318,0.000136058883186,0.004825883362852,8.933231924683814e-05,0.2594515776062432,0.259449840628388
mx6_mt5,2903,1.376035069417055,0.0067331259171304,0.0001360559787646,0.0048259088534691,8.93323885427609e-05,0.2594515812720814,0.2594498443686847
mx6_mt5,2904,1.3760348657633832,0.0067329648748136,0.0001360530904022,0.004825934203664,8.933245745556096e-05,0.2594515849176506,0.2594498480882979
mx6_mt5,2905,1.3760346632317766,0.0067328047199837,0.0001360502179376,0.0048259594148433,8.933252598908686e-05,0.2594515885431543,0.2594498517874357
mx6_mt5,2906,1.376034461810843,0.0067326454436297,0.0001360473612095,0.0048259844884155,8.933259414717454e-05,0.2594515921487956,0.2594498554663051
mx6_mt5,2907,1.3760342614891747,0.0067324870367268,0.0001360445200564,0.0048260094257919,8.933266193368934e-05,0.2594515957347788,0.2594498591251148
mx6_mt5,2908,1.3760340622553442,0.0067323294902369,0.0001360416943164,0.0048260342283857,8.933272935248714e-05,0.259451599301308,0.2594498627640731
mx6_mt5,2909,1.3760338640979082,0.006732172795108,0.0001360388838275,0.0048260588976125,8.933279640742595e-05,0.2594516028485874,0.2594498663833883
mx6_mt5,2910,1.3760336670054063,0.0067320169422748,0.0001360360884273,0.0048260834348905,8.93328631023921e-05,0.2594516063768225,0.2594498699832701
mx6_mt5,2911,1.3760334709663609,0.0067318619226581,0.0001360333079533,0.0048261078416399,8.933292944126252e-05,0.2594516098862184,0.2594498735639279
mx6_mt5,2912,1.376033275969275,0.0067317077271651,0.0001360305422426,0.0048261321192833,8.933299542790676e-05,0.25945161337698,0.2594498771255708
mx6_mt5,2913,1.3760330820026374,0.0067315543466892,0.0001360277911322,0.0048261562692457,8.933306106622064e-05,0.2594516168493131,0.2594498806684089
mx6_mt5,2914,1.3760328890549172,0.0067314017721104,0.0001360250544587,0.0048261802929544,8.933312636010836e-05,0.2594516203034246,0.2594498841926532
mx6_mt5,2915,1.3760326971145669,0.0067312499942947,0.0001360223320586,0.0048262041918389,8.933319131345108e-05,0.2594516237395196,0.2594498876985132
mx6_mt5,2916,1.3760325061700212,0.0067310990040944,0.0001360196237681,0.0048262279673313,8.933325593017818e-05,0.2594516271578061,0.259449891186201
mx6_mt5,2917,1.376032316209698,0.006730948792348,0.0001360169294231,0.0048262516208659,8.933332021419183e-05,0.2594516305584905,0.2594498946559274
mx6_mt5,2918,1.376032127221997,0.0067307993498803,0.0001360142488593,0.0048262751538791,8.933338416941303e-05,0.2594516339417803,0.259449898107904
mx6_mt5,2919,1.376031939195301,0.0067306506675022,0.0001360115819121,0.0048262985678101,8.933344779977019e-05,0.2594516373078832,0.2594499015423429
mx6_mt5,2920,1.3760317521179748,0.0067305027360108,0.0001360089284166,0.0048263218641,8.933351110918958e-05,0.2594516406570071,0.259449904959456
mx6_mt5,2921,1.3760315659783655,0.0067303555461893,0.0001360062882078,0.0048263450441926,8.933357410161536e-05,0.2594516439893605,0.2594499083594564
mx6_mt5,2922,1.376031380764803,0.0067302090888071,0.0001360036611204,0.0048263681095338,8.933363678098538e-05,0.2594516473051519,0.2594499117425567
mx6_mt5,2923,1.3760311964655998,0.0067300633546196,0.0001360010469887,0.004826391061572,8.933369915125219e-05,0.2594516506045903,0.2594499151089702
mx6_mt5,2924,1.3760310130690494,0.0067299183343684,0.000135998445647,0.0048264139017578,8.933376121637464e-05,0.2594516538878851,0.2594499184589108
mx6_mt5,2925,1.3760308305634297,0.0067297740187811,0.000135995856929,0.0048264366315442,8.933382298030738e-05,0.2594516571552457,0.2594499217925918
mx6_mt5,2926,1.376030648936999,0.0067296303985713,0.0001359932806686,0.0048264592523868,8.933388444702712e-05,0.2594516604068823,0.2594499251102281
mx6_mt5,2927,1.3760304681779985,0.0067294874644387,0.000135990716699,0.0048264817657432,8.933394562049801e-05,0.2594516636430047,0.2594499284120335
mx6_mt5,2928,1.3760302882746525,0.0067293452070689,0.0001359881648534,0.0048265041730736,8.933400650470617e-05,0.2594516668638238,0.2594499316982235
mx6_mt5,2929,1.3760301092151672,0.0067292036171337,0.0001359856249647,0.0048265264758404,8.933406710364094e-05,0.2594516700695507,0.259449934969013
mx6_mt5,2930,1.3760299309877295,0.0067290626852907,0.0001359830968655,0.0048265486755084,8.933412742128535e-05,0.259451673260396,0.2594499382246175
mx6_mt5,2931,1.3760297535805108,0.0067289224021834,0.0001359805803882,0.0048265707735449,8.933418746164133e-05,0.2594516764365715,0.2594499414652528
mx6_mt5,2932,1.3760295769816626,0.0067287827584415,0.000135978075365,0.0048265927714195,8.933424722871918e-05,0.2594516795982893,0.2594499446911355
mx6_mt5,2933,1.37602940117932,0.0067286437446803,0.0001359755816276,0.004826614670604,8.933430672652087e-05,0.2594516827457612,0.2594499479024816
mx6_mt5,2934,1.3760292261615996,0.0067285053515011,0.0001359730990076,0.0048266364725728,8.933436595907246e-05,0.2594516858792002,0.2594499510995084
mx6_mt5,2935,1.3760290519165996,0.0067283675694913,0.0001359706273365,0.0048266581788026,8.93344249303906e-05,0.2594516889988187,0.259449954282433
mx6_mt5,2936,1.3760288784324015,0.0067282303892239,0.0001359681664453,0.0048266797907725,8.933448364450241e-05,0.2594516921048298,0.2594499574514725
mx6_mt5,2937,1.3760287056970684,0.0067280938012578,0.0001359657161648,0.0048267013099639,8.93345421054487e-05,0.2594516951974473,0.2594499606068452
mx6_mt5,2938,1.3760285336986453,0.0067279577961378,0.0001359632763256,0.0048267227378605,8.933460031727551e-05,0.2594516982768852,0.2594499637487694
mx6_mt5,2939,1.376028362425158,0.0067278223643945,0.0001359608467581,0.0048267440759488,8.933465828402364e-05,0.2594517013433574,0.2594499668774634
mx6_mt5,2940,1.376028191864617,0.0067276874965442,0.0001359584272922,0.0048267653257171,8.933471600974755e-05,0.2594517043970782,0.2594499699931459
mx6_mt5,2941,1.376028022005012,0.0067275531830892,0.0001359560177578,0.0048267864886565,8.933477349850587e-05,0.2594517074382624,0.259449973096036
mx6_mt5,2942,1.3760278528343164,0.0067274194145173,0.0001359536179844,0.0048268075662604,8.933483075436567e-05,0.2594517104671253,0.2594499761863535
mx6_mt5,2943,1.376027684340485,0.0067272861813022,0.0001359512278013,0.0048268285600245,8.933488778140135e-05,0.2594517134838822,0.259449979264318
mx6_mt5,2944,1.3760275165114546,0.0067271534739033,0.0001359488470375,0.004826849471447,8.933494458368839e-05,0.2594517164887489,0.2594499823301499
mx6_mt5,2945,1.3760273493351436,0.0067270212827659,0.0001359464755217,0.0048268703020284,8.933500116530957e-05,0.2594517194819413,0.2594499853840693
mx6_mt5,2946,1.3760271827994524,0.0067268895983206,0.0001359441130825,0.0048268910532717,8.933505753036453e-05,0.2594517224636763,0.2594499884262976
mx6_mt5,2947,1.3760270168922644,0.0067267584109841,0.0001359417595481,0.0048269117266821,8.933511368293711e-05,0.25945172543417,0.2594499914570551
mx6_mt5,2948,1.3760268516014422,0.0067266277111585,0.0001359394147465,0.0048269323237675,8.933516962714901e-05,0.2594517283936404,0.2594499944765646
mx6_mt5,2949,1.3760266869148323,0.0067264974892317,0.0001359370785054,0.0048269528460379,8.933522536709353e-05,0.2594517313423041,0.2594499974850469
mx6_mt5,2950,1.3760265228202644,0.0067263677355772,0.0001359347506522,0.0048269732950059,8.933528090689864e-05,0.2594517342803794,0.2594500004827246
mx6_mt5,2951,1.3760263593055453,0.0067262384405543,0.0001359324310141,0.0048269936721864,8.933533625067972e-05,0.259451737208084,0.2594500034698203
mx6_mt5,2952,1.376026196358468,0.0067261095945075,0.0001359301194182,0.0048270139790968,8.933539140256999e-05,0.2594517401256366,0.2594500064465568
mx6_mt5,2953,1.3760260339668051,0.0067259811877674,0.0001359278156909,0.0048270342172569,8.933544636669324e-05,0.2594517430332554,0.2594500094131567
mx6_mt5,2954,1.3760258721183118,0.0067258532106499,0.0001359255196588,0.0048270543881887,8.933550114720265e-05,0.2594517459311601,0.2594500123698444
mx6_mt5,2955,1.3760257108007252,0.0067257256534565,0.000135923231148,0.004827074493417,8.933555574823878e-05,0.2594517488195698,0.2594500153168431
mx6_mt5,2956,1.3760255500017624,0.0067255985064743,0.0001359209499844,0.0048270945344686,8.933561017395905e-05,0.2594517516987042,0.2594500182543775
mx6_mt5,2957,1.376025389709124,0.0067254717599761,0.0001359186759935,0.004827114512873,8.93356644285187e-05,0.2594517545687834,0.2594500211826718
mx6_mt5,2958,1.376025229910492,0.00672534540422,0.0001359164090008,0.004827134430162,8.93357185160846e-05,0.2594517574300277,0.2594500241019507
mx6_mt5,2959,1.376025070593529,0.0067252194294498,0.0001359141488314,0.0048271542878698,8.933577244083198e-05,0.259451760282658,0.2594500270124399
mx6_mt5,2960,1.3760249117458807,0.0067250938258947,0.00013591189531,0.0048271740875331,8.933582620693922e-05,0.2594517631268954,0.2594500299143648
mx6_mt5,2961,1.3760247533551733,0.0067249685837696,0.0001359096482613,0.004827193830691,8.933587981858684e-05,0.2594517659629609,0.259450032807951
mx6_mt5,2962,1.376024595409015,0.0067248436932747,0.0001359074075096,0.0048272135188849,8.933593327997419e-05,0.2594517687910768,0.2594500356934252
mx6_mt5,2963,1.3760244378949955,0.0067247191445958,0.0001359051728788,0.0048272331536589,8.93359865952902e-05,0.2594517716114647,0.2594500385710135
mx6_mt5,2964,1.3760242808006868,0.006724594927904,0.0001359029441928,0.0048272527365591,8.933603976874055e-05,0.259451774424347,0.2594500414409431
mx6_mt5,2965,1.376024124113642,0.0067244710333561,0.000135900721275,0.0048272722691345,8.933609280453515e-05,0.2594517772299465,0.2594500443034409
mx6_mt5,2966,1.3760239678213948,0.0067243474510943,0.0001358985039488,0.0048272917529362,8.933614570689753e-05,0.2594517800284865,0.259450047158735
mx6_mt5,2967,1.3760238119114618,0.0067242241712461,0.0001358962920371,0.0048273111895179,8.933619848003761e-05,0.2594517828201899,0.2594500500070527
mx6_mt5,2968,1.3760236563713408,0.0067241011839246,0.0001358940853626,0.0048273305804355,8.933625112819258e-05,0.2594517856052807,0.2594500528486227
mx6_mt5,2969,1.3760235011885107,0.0067239784792281,0.0001358918837478,0.0048273499272476,8.933630365559756e-05,0.2594517883839831,0.2594500556836735
mx6_mt5,2970,1.3760233463504323,0.0067238560472407,0.0001358896870149,0.0048273692315151,8.933635606649393e-05,0.2594517911565213,0.2594500585124341
mx6_mt5,2971,1.3760231918445478,0.0067237338780315,0.0001358874949858,0.0048273884948014,8.933640836513466e-05,0.2594517939231203,0.259450061335134
mx6_mt5,2972,1.3760230376582812,0.0067236119616553,0.0001358853074821,0.0048274077186723,8.933646055576011e-05,0.2594517966840046,0.2594500641520021
mx6_mt5,2973,1.3760228837790374,0.006723490288152,0.0001358831243253,0.004827426904696,8.933651264263899e-05,0.2594517994393998,0.2594500669632688
mx6_mt5,2974,1.3760227301942023,0.0067233688475472,0.0001358809453364,0.0048274460544431,8.933656463003896e-05,0.2594518021895318,0.2594500697691645
mx6_mt5,2975,1.3760225768911454,0.0067232476298516,0.0001358787703364,0.0048274651694869,8.933661652222558e-05,0.2594518049346263,0.2594500725699194
mx6_mt5,2976,1.3760224238572158,0.0067231266250614,0.0001358765991458,0.0048274842514027,8.93366683234959e-05,0.2594518076749104,0.2594500753657652
mx6_mt5,2977,1.3760222710797445,0.0067230058231582,0.0001358744315849,0.0048275033017687,8.933672003811759e-05,0.2594518104106101,0.2594500781569326
mx6_mt5,2978,1.3760221185460433,0.0067228852141089,0.0001358722674739,0.0048275223221651,8.933677167039192e-05,0.2594518131419528,0.2594500809436535
mx6_mt5,2979,1.376021966243407,0.0067227647878656,0.0001358701066326,0.004827541314175,8.933682322462017e-05,0.2594518158691661,0.2594500837261601
mx6_mt5,2980,1.3760218141591103,0.0067226445343659,0.0001358679488803,0.0048275602793837,8.933687470508993e-05,0.2594518185924768,0.2594500865046839
mx6_mt5,2981,1.37602166228041,0.0067225244435328,0.0001358657940365,0.0048275792193788,8.93369261161361e-05,0.2594518213121142,0.2594500892794589
mx6_mt5,2982,1.376021510594545,0.0067224045052745,0.0001358636419202,0.0048275981357507,8.933697746206937e-05,0.2594518240283063,0.2594500920507174
mx6_mt5,2983,1.3760213590887338,0.0067222847094844,0.0001358614923499,0.0048276170300919,8.933702874719943e-05,0.2594518267412812,0.2594500948186924
mx6_mt5,2984,1.3760212077501783,0.0067221650460414,0.0001358593451443,0.0048276359039976,8.933707997586954e-05,0.2594518294512686,0.259450097583618
mx6_mt5,2985,1.376021056566059,0.0067220455048097,0.0001358572001216,0.0048276547590653,8.933713115240934e-05,0.2594518321584976,0.2594501003457283
mx6_mt5,2986,1.376020905523542,0.0067219260756388,0.0001358550570996,0.004827673596895,8.933718228116945e-05,0.2594518348631982,0.2594501031052576
mx6_mt5,2987,1.3760207546097707,0.0067218067483633,0.000135852915896,0.0048276924190893,8.93372333664942e-05,0.2594518375656003,0.2594501058624407
mx6_mt5,2988,1.376020603811872,0.0067216875128034,0.0001358507763282,0.0048277112272529,8.933728441274259e-05,0.2594518402659346,0.2594501086175128
mx6_mt5,2989,1.376020453116953,0.0067215683587643,0.0001358486382134,0.0048277300229933,8.933733542427892e-05,0.2594518429644318,0.2594501113707092
mx6_mt5,2990,1.3760203025121045,0.0067214492760366,0.0001358465013684,0.0048277488079202,8.933738640545698e-05,0.2594518456613223,0.2594501141222652
mx6_mt5,2991,1.376020151984395,0.0067213302543963,0.0001358443656099,0.004827767583646,8.933743736067147e-05,0.2594518483568385,0.2594501168724177
mx6_mt5,2992,1.3760200015208777,0.0067212112836045,0.0001358422307541,0.0048277863517853,8.933748829429511e-05,0.2594518510512119,0.259450119621403
mx6_mt5,2993,1.3760198511085855,0.0067210923534076,0.0001358400966171,0.0048278051139554,8.933753921070475e-05,0.2594518537446738,0.259450122369457
mx6_mt5,2994,1.3760197007345325,0.0067209734535374,0.0001358379630147,0.0048278238717758,8.933759011430985e-05,0.2594518564374576,0.2594501251168178
mx6_mt5,2995,1.3760195503857149,0.0067208545737108,0.0001358358297625,0.0048278426268687,8.933764100950512e-05,0.2594518591297958,0.2594501278637226
mx6_mt5,2996,1.3760194000491095,0.0067207357036301,0.0001358336966757,0.0048278613808586,8.933769190069477e-05,0.2594518618219213,0.259450130610409
mx6_mt5,2997,1.3760192497116752,0.0067206168329827,0.0001358315635693,0.0048278801353725,8.933774279228927e-05,0.2594518645140675,0.2594501333571152
mx6_mt5,2998,1.3760190993603518,0.0067204979514414,0.0001358294302581,0.0048278988920399,8.933779368871696e-05,0.2594518672064686,0.2594501361040799
mx6_mt5,2999,1.3760189489820602,0.0067203790486643,0.0001358272965564,0.0048279176524927,8.93378445943936e-05,0.2594518698993582,0.2594501388515416
mx6_mt5,3000,1.3760187985637031,0.0067202601142946,0.0001358251622786,0.0048279364183653,8.933789551375382e-05,0.2594518725929708,0.2594501415997396
