total,pde,bc,diss,ctrl,energy,var,epoch
3.634199965528211,0.058935031831063044,0.028380964064521605,0.0012639494909560825,0.00294880180745137,0.19569712892073413,0.07731585418665872,1
7.180152120219654,0.42268783691437445,0.29943391899108895,0.0023860299668686203,0.0006481834978987215,0.2754594481067191,0.11809284133334008,2
4.502280563130766,0.09835721724227361,0.09214391599696355,0.0016411573893327673,0.00542850359669578,0.3236783794385828,0.14427253851659258,3
4.191287705947795,0.176390991686779,0.08290115060616489,0.0014829533466413588,0.004030879467402729,0.31348920748759374,0.14012774965262254,4
4.311377532910381,0.1994978118371944,0.12217531976225438,0.0015016049402825971,0.0009951736791114832,0.2815463734700438,0.1249027096313525,5
3.517766595441444,0.1250461584141773,0.07929824943995002,0.0014757898600325085,2.9593699576197913e-07,0.24945599908477836,0.1104486850890297,6
2.910551230385175,0.09508849582862254,0.02955753396866824,0.0015140713956152468,0.0004801862634357993,0.22808684725020612,0.10268552168729733,7
2.995523975572876,0.10765068389472784,0.038498881472699156,0.001606866554183037,0.0004342015546380647,0.22916249643939887,0.10822295161767218,8
3.1786657132500515,0.11256671894884218,0.06332934981391207,0.0016661218100327425,5.63344654049215e-05,0.24249437108531727,0.12185900410993315,9
2.973928316532955,0.11362795691175973,0.05789416334157003,0.001664918230914972,0.00011560986942714804,0.2607522030034383,0.13963068522139369,10
2.669411556333191,0.11439698786411105,0.03761819191602746,0.0016250597337272063,0.0006630769721888342,0.27575028101184207,0.1559672614481742,11
2.5933395834717974,0.12073617579805324,0.03529899101953364,0.0016093207141558194,0.00048371955330521113,0.27199362528791493,0.15781094222060651,12
2.6959562582828345,0.12691185663500115,0.04350927337147655,0.001619890396709325,2.0257626744147293e-05,0.25450084733624095,0.14773421444326398,13
2.683250494466047,0.12328308346383089,0.03724384831548297,0.0016125940546685888,0.00011258188445150486,0.23938953891428347,0.13823709109890933,14
2.542098360645784,0.11700222061791576,0.025333823478414338,0.0016010860311743127,0.00023895584775137496,0.234541803217989,0.13570236936651456,15
2.458374372980378,0.1206875811691736,0.026266977891439308,0.0016357688855402712,3.1260550596028964e-05,0.2444088864618907,0.1440755260405449,16
2.5041619948687748,0.12995093125956408,0.033664322584155616,0.0017120740738662777,0.00018957990580004385,0.26376880190140173,0.16020403483397294,17
2.5255501930913757,0.13659669517662076,0.03311654936259385,0.0017451847741717557,0.0005910963793412711,0.27431247373965206,0.16966020064480306,18
2.424938122461816,0.1416403091276158,0.027561090179929467,0.0017285702523125042,0.00040813576516137047,0.2702023702857207,0.16725634127101913,19
2.369136072701943,0.14130918937036302,0.0236843312701035,0.001676718375432488,7.534600539490637e-06,0.25274492268369997,0.15396405600613838,20
2.398341845716494,0.13312222330200507,0.020435942280316532,0.0016567338988908117,0.0001046932258258758,0.23976802923059903,0.14403075388599207,21
2.3659518423399746,0.13402776322316654,0.018259853409348447,0.0016800063659908504,0.00010567185147347396,0.23972031851303388,0.14415339900973895,22
2.30115571654191,0.14442803042197017,0.019050283008548018,0.0017370801331912389,3.88894410646237e-06,0.251972040594527,0.15409689435588378,23
2.3168723833865315,0.15271090060387105,0.021155003858040644,0.0017849942422909705,0.00035832123552141713,0.2689293749374198,0.169459395142517,24
2.3179272043611707,0.15376532398751827,0.021695351610303337,0.0018143580966872195,0.00047041707799705656,0.27168910044232025,0.17471229124256377,25
2.2493091660356925,0.1484747365089901,0.020112353612498433,0.0018238815109130196,0.0001417639266951641,0.2619064657516479,0.17020292154995625,26
2.2390468219034245,0.13800115208207506,0.017477770652582162,0.001803322003171943,2.7744665525685072e-05,0.24473267947380406,0.1598846671544838,27
2.2455387630980237,0.1327414012201619,0.017932910458902503,0.0018039740095104053,7.782489335073443e-05,0.24117815816562468,0.1607008441792964,28
2.189063113689213,0.13552262443444743,0.01893951306337544,0.0018441549589418597,2.0173992321264892e-06,0.24857964820128023,0.17050157334434596,29
2.185965213512734,0.14949536726982235,0.02150666297039186,0.0019276037025778893,0.00020287946073820992,0.26424357612182453,0.1876360826682795,30
2.1953966307790065,0.15594897010023595,0.022414048789863923,0.0019859122504329646,0.0003416985984325765,0.26848509124761294,0.1949817725164628,31
2.135757145655489,0.15541558770451444,0.020240897791995026,0.0020139209408145584,0.00014052963137453333,0.2618545194493296,0.19232407043167485,32
2.1298882502406924,0.1508852458985933,0.017984027853718203,0.002005792381349095,1.1745378664137401e-05,0.2465728468572097,0.1814367201645968,33
2.1296429538925574,0.1517479425916812,0.016944503775841877,0.0020275108368069763,5.789409178229367e-05,0.24239118328632542,0.18048589194693646,34
2.0767933749237755,0.16205791833946728,0.016564275654413183,0.0020818987160736214,1.0896115894052323e-06,0.2489561553806216,0.18900114365663348,35
2.0917030140529826,0.18045845573203378,0.018993981558810647,0.002165509226042283,0.000246226306345383,0.2656915998657047,0.2065878150281738,36
2.108111603405481,0.18697395070992087,0.019186169396291412,0.0022174187394623014,0.0004734026202418125,0.27175781745124755,0.2146813815420685,37
2.0540148980408883,0.18626412435051856,0.01765048502663031,0.0022300461352918596,0.000251649797531088,0.26586347369055996,0.21169699984145054,38
2.0151940038305485,0.17886961014075034,0.014978144087309074,0.0021910396089758997,7.75758985975384e-08,0.2502785245026879,0.1995725856367157,39
2.0226917824286,0.16939381199125667,0.015218906063291968,0.002182867538568349,2.0908150232259938e-05,0.24542745691849055,0.19774555018273715,40
1.9872142802693837,0.17706557744255247,0.015224075161164514,0.0022336951551582664,5.51269823217632e-07,0.250742475469775,0.2056428683477975,41
1.9931772889360415,0.19496961940447557,0.016749882073280476,0.0023109805156712746,0.00016639574673952092,0.26289944753621336,0.22011389323785682,42
1.9860277488774822,0.19047976513126502,0.017192572495533118,0.002330911536722909,0.00024491216824987276,0.26564966990865535,0.22568733180667555,43
1.9424497108405225,0.18028554064059965,0.016050272174603163,0.0023060471472663756,6.489647312035699e-05,0.2580558347252384,0.221272416493966,44
1.9677619906239556,0.18230957284985794,0.01444900978866067,0.002299260279478672,4.249749393153855e-05,0.24348098980430782,0.21010446840168248,45
1.978113230548133,0.17978457454889105,0.014317399780731037,0.0023383713929717377,9.770560153272199e-05,0.24011538561537568,0.20930612281537336,46
1.9204699667867133,0.1789705509220691,0.01473705488397355,0.00239956059755828,4.9060284596169205e-06,0.2477850443662193,0.21884575724493321,47
1.9134269589791275,0.190608112236476,0.016213161822334593,0.0024532674912566776,0.00018649064393670673,0.26365615772963635,0.23639694227266925,48
1.9249561441186498,0.19957363823724136,0.01629826367408753,0.002504589961910272,0.00034042031934870457,0.26845048290285933,0.2434751662022854,49
1.892229760180613,0.2005311714392091,0.015506073682580874,0.0025369662851189,0.00013126174825139365,0.2614569519616429,0.2386469090156163,50
1.8714627127245516,0.1905237941212841,0.012644471091021622,0.002501856242850374,9.217276742896846e-06,0.24696400317146133,0.22551972645864002,51
1.8859074144182837,0.17901415362862502,0.013858998209260402,0.0024719967198944507,2.5906060143379998e-05,0.24491020038278716,0.2245295370361411,52
1.8465506502062632,0.18217190133386543,0.013984819648379361,0.002502771275764272,9.33900714586615e-06,0.2530559789177719,0.23394803573941003,53
1.8794920098243364,0.2179251255286666,0.014915752126071474,0.0026500804175550877,0.00019308583917818374,0.263895533065636,0.24681370785884382,54
1.909137696102451,0.22087479778317334,0.016674367651491898,0.00272295771400142,0.00028912047770875187,0.26700354309280133,0.2515214770243309,55
1.8442762842422595,0.19751889444804793,0.014769302149139112,0.0026836863356550157,0.00011469849603675584,0.26070973837387057,0.24605883280632299,56
1.824511621368306,0.18397241130588635,0.012559849776415671,0.0025667274335372677,1.4055011508437224e-06,0.24881446166201016,0.23415435770760862,57
1.8449532779887647,0.1763827162679712,0.013587838598514439,0.0025473746115241137,1.4718172409665702e-05,0.24616357296307284,0.23183598638991967,58
1.8071961266943208,0.1831020770710806,0.012914948770438575,0.0026235990046531354,8.810290473395832e-06,0.25296821334701464,0.2396637680730254,59
1.805916938367261,0.20727262480692388,0.012279494689425744,0.0027279867450543723,0.00015321014124137228,0.26237780841834984,0.25064608325888466,60
1.8250332981102773,0.20948069987889142,0.013611679397591833,0.0027856220688618357,0.00019414787244521832,0.26393369557745605,0.2534856662709791,61
1.781693270316614,0.19008320130780623,0.012165405241035432,0.0027452464408979998,3.951719295237506e-05,0.256286270194032,0.24631874103831744,62
1.780798528165107,0.18026220512638227,0.011150610194293397,0.0026407328564706633,1.3321478740475661e-06,0.24884581289469707,0.23861101333247534,63
1.7909845648091829,0.16849059476301131,0.0130489093534738,0.0026254807755217765,3.4577250182365174e-08,0.25018594959043344,0.24010864100706517,64
1.7556928684241744,0.1713471307329373,0.012035022539981777,0.002721951557931279,5.774807572248558e-05,0.2575992154675654,0.24853417394998759,65
1.755126592278708,0.19058331150155453,0.011116596822604595,0.002814936324739423,0.0001133189059222803,0.2606451353172367,0.2528321746711854,66
1.7510554791404522,0.18766204288926816,0.011189997557278421,0.0028053401781332503,5.19698600108443e-05,0.2572090124157782,0.2503114883422061,67
1.7264053152746852,0.1627354782691281,0.010605786822911464,0.0027212917591164076,8.201275031959626e-06,0.2528637868342388,0.24589580692143817,68
1.7467481746478422,0.16197535423069537,0.01199112076022782,0.002679759276068157,9.374793505553506e-06,0.2530618284578914,0.2458735910039213,69
1.7254237287545908,0.15773982436721878,0.011431345420721759,0.002730194195473844,3.612968998561067e-05,0.25601079778279145,0.24935158796778942,70
1.7146256148269217,0.17055698541368322,0.010230390843333482,0.0028704451390124458,3.9420109066963935e-05,0.25627854354663276,0.2509190064484248,71
1.734685817231096,0.1821064372671176,0.011034406699361853,0.002908410256384196,4.441457483783733e-05,0.2566644260696505,0.252063405053342,72
1.7067521602524964,0.16761399108436445,0.010275194053347689,0.002857960169385318,6.542952459745783e-05,0.2580888518714004,0.2536446823028696,73
1.7032613457947863,0.14737091021962392,0.011034177278981951,0.0028098118432543905,2.6496186006183097e-05,0.2551474446093361,0.25032930818266735,74
1.7241532774636568,0.14534465185521847,0.01201903564713961,0.002787890705656007,4.684455783446137e-06,0.2521643603635823,0.24721737846840738,75
1.6981806571512759,0.15366740907887033,0.01036228356654286,0.0028317647548770915,2.1131650380733642e-05,0.2545969174868311,0.2503861347291869,76
1.670278529491415,0.15607590195210713,0.008942856637156297,0.0029210530126554785,7.415675245062782e-05,0.2586114314983415,0.2553496399118799,77
1.6947956100980992,0.15796276162037123,0.010108268844772146,0.0029705808522351666,1.712779764344918e-05,0.2541385743491508,0.2511576267151216,78
1.6675152638537905,0.15157782079398868,0.008691194057776809,0.0029511636964811047,1.4163411382689808e-05,0.2537634307995086,0.25091798541061505,79
1.7017207422220026,0.14070935931319112,0.012146132986442395,0.0029128465893258648,0.00011795188804532904,0.26086056573320787,0.2579157907533654,80
1.7049285993954817,0.13874039844294492,0.01242997470934067,0.0029243741563313545,0.00013757280085872057,0.2617291432278202,0.25869217007713197,81
1.6931630276252916,0.14339307188817513,0.011161833954570061,0.0029782149332759165,2.898586073186869e-05,0.2553838518489896,0.25247678619791525,82
1.6629378378182549,0.14137671346112562,0.008743414231267496,0.0030100748612497783,2.164674545643155e-06,0.25147128329890717,0.24910852986264742,83
1.6616837078297815,0.13827983691477225,0.009699203648159942,0.0030073996118686556,2.921901906306702e-05,0.2554054619657405,0.25360912571655103,84
1.6628685557515424,0.14238334497081218,0.009797747865214208,0.0030279518738925027,8.984905517405012e-05,0.2594788741511875,0.257834707505448,85
1.6561318681653017,0.1411021961325866,0.009307037100774181,0.00308151183387978,5.510223778324921e-05,0.2574230881567747,0.2555623875170898,86
1.6358006912935006,0.13202923832541935,0.008309961506058455,0.0030829271194104894,2.7700064095224417e-05,0.25526308503591044,0.2532274048361201,87
1.6647112485759088,0.12693894891950935,0.010732916262112287,0.003033429064157849,4.285290018844632e-05,0.2565462126598856,0.25459134648748877,88
1.6518097401758598,0.1261667782576066,0.009961972226008753,0.0030189321491705316,4.418464227092946e-05,0.2566471529447523,0.2548029573725877,89
1.6354703036393112,0.1286583988352756,0.008624878749896625,0.0030665962067265165,2.9921386833839717e-05,0.25547004450016997,0.2537665518219074,90
1.6287536595309327,0.12627544154784673,0.008506938189675819,0.0031298275928443443,4.308056581123746e-05,0.2565635787350528,0.25508951868754753,91
1.6240082314972342,0.1275390557694661,0.008234142950327292,0.0031461394370127962,6.387914829620073e-05,0.2579924431994354,0.2566446441581739,92
1.6163263228729252,0.12732139463729056,0.007598868663394969,0.0031579148789738273,4.1531854385508305e-05,0.2564445212689158,0.2549731966044728,93
1.6245305413023496,0.11927252268744196,0.008606915882344746,0.0031620906295640036,3.643592986525073e-05,0.2560362181757497,0.2544252260624632,94
1.6130012212254174,0.11483627877644002,0.008214836880225191,0.0031312101217530297,4.6722029888250645e-05,0.25683535148242215,0.2552579700220764,95
1.622864919003191,0.11930500766357123,0.008611030598769666,0.0031261279228872283,4.3493152489061354e-05,0.2565949338502415,0.2552329313251742,96
1.6178364603655448,0.12094185224920007,0.008138517696300359,0.003184471299710836,3.398188698496948e-05,0.2558293985097066,0.2546410145127655,97
1.6012403737393066,0.11760729780665949,0.007308408231195555,0.0032747598772018822,3.903954397800017e-05,0.2562481632483475,0.2551064157435467,98
1.5968426213269808,0.11581135093032069,0.007258925191828137,0.0032833006359470926,7.23693965499867e-05,0.25850702042726986,0.2572908263246497,99
1.6006778718699863,0.11278845181032396,0.00767830430324987,0.0032283254992594196,6.237265540227308e-05,0.2578976360641823,0.25663052512408585,100
1.5940696950584141,0.10901207594318157,0.007220129312017055,0.0032285375939435502,2.4419195795842133e-05,0.2549415782697274,0.25366270309004035,101
1.5985000159838672,0.11013289608548399,0.0074754238313399154,0.0032936045481500014,2.5908534732757504e-05,0.25509004270441393,0.2538710635790568,102
1.594329637824687,0.11242586501629893,0.00734944248504442,0.003329952606982045,7.036248871906411e-05,0.2583882351373256,0.25731300867527884,103
1.5871641578270397,0.11276087195456244,0.006905914010290612,0.0033317947986679477,9.430609547704103e-05,0.2597111325537777,0.2587674723040509,104
1.5808283848162896,0.10854761596669475,0.00648079081502021,0.003360057819333122,2.7430539277633325e-05,0.25523741723348764,0.2542457075127253,105
1.5832791932544605,0.10514790865601997,0.006774783830158686,0.0033916964842223597,2.280931852059399e-05,0.2547759102295368,0.2536455388510846,106
1.577632712057329,0.10338575174788517,0.006843429645342902,0.003374871594859753,7.989077337033767e-05,0.2589381638701882,0.25782160076661303,107
1.5801149525405156,0.10495222077751812,0.0069301308571059605,0.003362621807109224,6.922931741082767e-05,0.25832041569940034,0.2573712644036491,108
1.5753919057727064,0.10757596769099069,0.006161815014539693,0.0034071154398171368,2.3057498733817096e-05,0.2548018224388056,0.2539427996592771,109
1.5726107639760827,0.10375680108415204,0.006393152412706136,0.003459201640185538,3.9221604494460045e-05,0.2562627154249942,0.2553861536189608,110
1.5688130623854835,0.09970349450578053,0.006561373762289997,0.0034506638383947704,0.00010372901322701013,0.2601847441414603,0.259289730543226,111
1.5638763985148232,0.09790646752245771,0.006300977952303051,0.003430971028130609,5.8306441214645284e-05,0.2576358654528904,0.25674770396608043,112
1.559188442414063,0.09751364036237958,0.005527220847920756,0.0034714403600263678,1.1408682405569742e-05,0.2533776741118068,0.2524982946180599,113
1.5619728308887226,0.09828160476533915,0.006198624218912332,0.0035137351034680705,7.109488763422568e-05,0.25843177843839754,0.2575977503202292,114
1.555537399560687,0.0988836218811264,0.00573070040013071,0.003506679682059087,0.0001286442358822347,0.2613421442365293,0.26058466395022484,115
1.5594105540784942,0.09729849237022543,0.0058208774898316235,0.0034981283272254695,2.334803944023026e-05,0.25483198090230397,0.25410855089179907,116
1.5522507630128493,0.09326410012103196,0.005357390318758695,0.0035204791194565024,1.0508489298746567e-05,0.25324168001177577,0.25248897585500896,117
1.5557926329996274,0.09209643110663819,0.006230682681001974,0.003560852110710564,0.00010348033799912055,0.2601725285941658,0.2593957472333605,118
1.5486971081355274,0.09197579306731318,0.005757997136707079,0.003581633606639547,0.00012202426916123004,0.2610464595758655,0.2603298405258641,119
1.549684454420159,0.09330105914188906,0.005355689225935262,0.0035834888170811294,1.6646311914872192e-05,0.25407998920523966,0.2534524431793261,120
1.5442048004196198,0.09232084706188842,0.005119839991809762,0.0035832563826701308,1.9983878845612114e-05,0.2544703331917892,0.25386572206957503,121
1.547132445639492,0.08872577467905884,0.005873082851501981,0.0035978166597015896,0.00013108052709910433,0.26144904044446976,0.2608126950195883,122
1.543688834666681,0.08711064867053442,0.005793795091660453,0.003620093570992761,0.00010039933794207024,0.26001994700295716,0.25938315705224696,123
1.537751189578008,0.08761192765714643,0.004862166077511931,0.0036350198050427666,1.2374696606300294e-05,0.2535177686971005,0.2529433788774502,124
1.533652425605514,0.08740093904163722,0.004987640829138575,0.0036462101717864587,4.019676965200299e-05,0.2563400922431778,0.2558268839411664,125
1.5388690848887143,0.08650758512403942,0.005498865275376077,0.003674984614187803,0.00013175198317228555,0.2614783266712655,0.2609614212531998,126
1.5334780289554364,0.08535743068526727,0.005247333073610904,0.003688816462245126,7.479293287292748e-05,0.2586482907486351,0.25812629076311355,127
1.5317953462289742,0.08426357720133602,0.004820461483311117,0.003675423833339781,1.769047036004341e-05,0.25420600408464417,0.25371532835409755,128
1.5271968277702812,0.08331598380192742,0.004906554873424457,0.0036828709785551392,5.1014981955079555e-05,0.2571424772981844,0.2566776299707495,129
1.5299056385372698,0.08245299961526624,0.005227785513626214,0.0037327456340252767,0.00010565098968789921,0.26027866672715383,0.25982225714593216,130
1.5242335912768417,0.0821784744408796,0.004832503188666548,0.003749461440575651,6.0536943381435224e-05,0.2577805490411304,0.25735172143370844,131
1.5266277335499827,0.08185949299146032,0.004868248509050476,0.0037175249263790584,3.366121779551511e-05,0.25580182883197317,0.25541501567985325,132
1.5221322434440172,0.08026440775584558,0.004810185620677578,0.0037234869563139484,5.4843976285513475e-05,0.25740567189966673,0.2570206136878511,133
1.5215196602103838,0.07921338415120933,0.004892533319057498,0.0037792516033834656,7.724686354531796e-05,0.2587890194871395,0.25838136082197705,134
1.5171822528809833,0.07880196279786271,0.00461903006869147,0.003792377537634364,6.657239586535696e-05,0.25815919088300776,0.25778495940814117,135
1.5195015222892934,0.07877419577073343,0.004727160048559593,0.003759047107778352,4.935763126857867e-05,0.2570254986491052,0.2567122681310845,136
1.5151128484802137,0.07796929656502997,0.0044742922694102245,0.0037709637694830025,4.656751718189481e-05,0.25682403965272,0.256515522538029,137
1.51439553065748,0.07649957959553669,0.004599489044736954,0.0038215751497904103,6.850921027590454e-05,0.2582770290730373,0.25793453582906006,138
1.5104214340493987,0.07582174241194989,0.004404678263414434,0.0038258701504096273,8.204301943473064e-05,0.25905776017758975,0.25873050770028533,139
1.5123927105824404,0.07564889977865587,0.004471739215955169,0.0037996029819092098,4.923533853592132e-05,0.2570167897599915,0.2567455857764741,140
1.5079365276957641,0.07515019815490899,0.004153296543719534,0.0038166381608535148,3.984519024585809e-05,0.25631230466991717,0.25605421876056683,141
1.508854113352828,0.07395351055341835,0.004435917885286979,0.003858233707738515,8.169456518602638e-05,0.2590385045879297,0.25875628225382735,142
1.5046532805912383,0.07284008567236919,0.004235664196704547,0.0038556116695513012,8.638693121337695e-05,0.2592944570155215,0.25902086224299153,143
1.5055681621204056,0.07272259783842108,0.004153109005482082,0.003831841252454665,3.84063202993707e-05,0.2561972832999122,0.25596485216014564,144
1.501138295309798,0.07214506803356985,0.003951984936037584,0.0038495056071517595,4.617054294029027e-05,0.2567948909439586,0.2565771593986892,145
1.5032714773481992,0.0714744652824211,0.004245310053237651,0.0038988592900931706,9.482761130482636e-05,0.2597379469758685,0.2595008162722012,146
1.4990220874613336,0.07038565159651469,0.004025035076412428,0.0038997495353939805,7.660365478063363e-05,0.25875235138580677,0.2585195724752575,147
1.4985050377932658,0.0698412391588615,0.003898924393328459,0.00385793965008166,4.048688375980333e-05,0.25636293043807673,0.2561662335615106,148
1.4941792466800532,0.06927794307049774,0.0037337899059658643,0.0038688345616216245,5.562663636762803e-05,0.2574583266466164,0.2572737581094799,149
1.4977000577596782,0.06887049714358816,0.004051666715141848,0.003936319815633295,8.256133849106041e-05,0.2590863270077111,0.2588816935920408,150
1.493416450899624,0.06807493687255191,0.0038143208056475838,0.00394104930278786,7.6755366129414e-05,0.25876101398979673,0.2585626509775323,151
1.492393688721205,0.06711243463803251,0.003755276543566689,0.0038873886070597166,5.3526912651572726e-05,0.2573162088988473,0.25715114841217174,152
1.4885977990200092,0.06650995443042941,0.0035211125106611955,0.0038955687202347146,4.882901162436118e-05,0.2569877758710738,0.25682778601985085,153
1.4915586662586118,0.06607823855176673,0.0038328625939383163,0.003958204514094139,7.971790786943368e-05,0.2589284885545894,0.25875214533841623,154
1.4875022308491437,0.06551396640642589,0.003607527256611805,0.003963380610470466,8.610086054295412e-05,0.25927905493802866,0.2591118111682304,155
1.4870700408293733,0.06459198408246283,0.0035556843676846977,0.003917837891992692,4.947520339857257e-05,0.2570338612012587,0.25689424304912467,156
1.483326907604104,0.06397053426249591,0.003345380178028108,0.003926037162378872,4.902306911618855e-05,0.25700164760011446,0.25686267239984745,157
1.485810088842984,0.06340978590861247,0.0036400671459907038,0.003981333419906625,9.090791421403149e-05,0.25953456418584675,0.25938101476506176,158
1.4819481758695174,0.06312662398415747,0.0033952402416868644,0.003986126239774623,7.839528119619827e-05,0.2588541109771788,0.25870852463905075,159
1.4819933693371148,0.06191966469082279,0.0034029312672187754,0.003938045865769952,4.978134381254809e-05,0.2570555895439395,0.2569392807881118,160
1.4784054923603707,0.06200992677112489,0.0031790893905066144,0.003949613999778778,5.459261316523654e-05,0.25738868142263804,0.2572692465805309,161
1.4802639599728664,0.06057891047981125,0.003464116214350864,0.0040078841015516965,8.966030696896528e-05,0.2594689126603304,0.2593363503243109,162
1.4790385794035155,0.06177045645328035,0.0032804307337493495,0.004014868978719867,6.966364381613026e-05,0.25834647493353513,0.258213913225605,163
1.4757950799899733,0.05827579549120238,0.0033086740680282126,0.003955902474631481,7.020343348177152e-05,0.25837874892103657,0.25828557980728434,164
1.4820514485659357,0.06305969412049339,0.003245136314281244,0.0039809646593892785,3.6458589331063465e-05,0.2560380948428344,0.25592700381514255,165
1.4658147217659312,0.05741073149898981,0.002716248637486379,0.004005400918564194,8.37953906520327e-05,0.25915398222917396,0.2590486195640535,166
1.4895490487721106,0.06427050562036282,0.003728547367016713,0.004034868237873747,4.617897637193505e-05,0.25679551148714613,0.2566731602994491,167
1.461111350627238,0.056719628381119054,0.0024483639094548815,0.0040053371082495485,7.891041470083841e-05,0.25888315342098955,0.25879408973139373,168
1.4922693902605824,0.06315341897326973,0.0036580419986607755,0.0040492688144211555,1.6074904992801322e-05,0.2540093521911652,0.25388667225692707,169
1.4742645092871518,0.05681142542551765,0.003285437072136126,0.004029494511333929,6.35902070683184e-05,0.25797434681138953,0.25787229692143504,170
1.474084253104011,0.05435015875669777,0.0033974594700402726,0.0040112157870566606,0.00014705919535634113,0.262126796582624,0.26205576312168916,171
1.4927978658746788,0.06041625488191994,0.0040799271721168335,0.004066559388199849,2.9528847264496036e-05,0.25543404520265484,0.25535187913271645,172
1.4584476710838556,0.055942666107107276,0.0020935272850258575,0.004064630846327389,2.984515501737707e-05,0.2554630719396121,0.255388595872924,173
1.5503216008019625,0.05127756111675586,0.007160071349427053,0.003984024218032246,0.00041751228848566915,0.27043311744413145,0.2703661042605701,174
1.5813032243666145,0.05202499251539655,0.00903877973918582,0.003984962254174986,0.00043529166259332664,0.27086364451847583,0.2707726105438359,175
1.504816128057919,0.05649300956212609,0.005365279248422096,0.00404738755842488,7.834926238063815e-05,0.2588515118697677,0.25871961815633415,176
1.4878085520317192,0.055437133221609904,0.002398656494360163,0.004113671555274138,4.562840329222913e-06,0.24786391940011082,0.2477553079595922,177
1.5239193488875495,0.055751282666199324,0.006191169981677593,0.004100839635530565,1.197081254174557e-05,0.25345988620358323,0.25341146365812545,178
1.5189410395039757,0.05376644256086381,0.006199475258955159,0.004048050980619787,0.00020955898418492235,0.2644761522575898,0.26444920640451625,179
1.4688372758173318,0.05504428608531448,0.002618169443786151,0.004039631505037241,0.0002397524570212419,0.2654839419083527,0.26542959585311676,180
1.4938972890404523,0.055533855603291694,0.003900266380149477,0.004105560772754793,3.956683456187528e-06,0.25198914138667605,0.2518548051315082,181
1.505614396662586,0.05182231658996808,0.004640437164712922,0.004098305562928807,5.703255268879542e-07,0.25075519899820375,0.2505976921100747,182
1.45368868615186,0.04797430927394811,0.0025333991989179424,0.004041277312861416,0.0001014422634983061,0.2600718550177366,0.25995120456050475,183
1.5529755105081442,0.06897579586309294,0.007770289249496881,0.004140981464216734,9.318803711742922e-05,0.2596533951083248,0.2595932644246643,184
1.5720109798992223,0.07060640777714158,0.008939800890652556,0.0041729197879243314,9.294100955135595e-05,0.25964059176354626,0.2596166319879493,185
1.5021613821571655,0.054528324056022634,0.005355481851717491,0.004109469744516205,9.888167305989562e-05,0.25994392644079267,0.2599262105189811,186
1.4781955976514523,0.04881050650394043,0.004049287653931732,0.00404341879420598,5.376102605469876e-05,0.2573321910814366,0.2572439884555223,187
1.5226236165751046,0.05315017419054629,0.006510028214155576,0.0040407001473327896,2.9151479451060758e-05,0.25539921100264296,0.255168829291427,188
1.5220920085805072,0.052824279532505986,0.00669900442736304,0.004045026250238174,6.19624954713308e-05,0.2578716259737954,0.2576310576330934,189
1.4623329942959127,0.04665815140150961,0.0031615314088836843,0.004059541936784022,0.00012886967675144095,0.26135207808074984,0.2612406574074784,190
1.4758981581268205,0.051997639281778404,0.003609756727471993,0.004130745117277762,3.859350236375402e-05,0.25621236688901694,0.2561817913080497,191
1.4819071497789873,0.058828664938438704,0.003599550923453699,0.00411424364480064,4.509194710918149e-05,0.2567150537681527,0.25668642463551977,192
1.4545217961244938,0.04982999084045077,0.0024100045421309177,0.004029059688890803,0.00014265978033881435,0.26194402697329566,0.26188586184732887,193
1.4680776745188453,0.04511618029758702,0.0032545617200244892,0.004082263107262733,1.676953970189891e-05,0.2540950628446825,0.2539483384352453,194
1.4644831190033196,0.04964319261467089,0.002938924405555654,0.0041255142236792395,3.402365953666825e-05,0.2558329803305573,0.2556913664639909,195
1.4631135191473477,0.047630615867752676,0.0026414493480909325,0.004077292327162027,0.0002576400968251465,0.26605117119792654,0.2660245000760046,196
1.4584437469974383,0.05074203036573539,0.002691262412058278,0.004093122189718759,8.146852188389054e-05,0.2590259914626533,0.25901403562057423,197
1.4808900076206406,0.049975483574068294,0.003104967088604632,0.004075415008482135,4.809715025374748e-07,0.2506935210901894,0.2505542128292654,198
1.4942876809289218,0.04508268654039304,0.005221552589546874,0.0040274269373294395,3.517814869372927e-05,0.255931116985335,0.25571702693024784,199
1.4669521007831212,0.04340270011278405,0.0031740766943858497,0.004050433282990939,0.00025678024349917055,0.26602436405911856,0.2659578931602683,200
1.4785475032392723,0.05297273774158086,0.003833726369250885,0.00415586735249193,0.00013479585826034569,0.26161016185332253,0.26159961514339775,201
1.4749852543646416,0.05175935640715717,0.0025754951450785157,0.004160164382619483,2.611356391928997e-07,0.25051101432386275,0.25048076248755835,202
1.4562209389800738,0.045666290508259454,0.0024651539900271413,0.0040572894215210546,1.7754663736381388e-05,0.2542136283339162,0.25414180286673477,203
1.4874539020462065,0.042711689827231024,0.0040686837168264454,0.003978764322109807,0.0003405611758319388,0.26845429965704304,0.2683567448312141,204
1.483727866512418,0.04447283283357917,0.004142898369686576,0.004024483280785941,0.00026901368347708685,0.2664016366097133,0.26629644157882587,205
1.4492634807746234,0.04552117051781737,0.0016955233170752244,0.004144739007534453,5.85645182595619e-06,0.2524200107078185,0.2523418504920491,206
1.4704890831320436,0.04903530455891397,0.0033449782276430357,0.004150417186999861,2.7646497682517325e-05,0.25525799369365515,0.25523222448228294,207
1.4473112129087589,0.04550249190427809,0.002087245139442536,0.004095610504950462,0.00018410367042081844,0.26356848077055123,0.2635499218895478,208
1.4640103876186057,0.04752852734506772,0.003152183972666898,0.004070150888291507,4.5645177765368914e-05,0.2567561215031532,0.256685028672465,209
1.4552130415173221,0.04020572366485443,0.002844534295994169,0.0040299931749518516,2.328261027573195e-05,0.2548252057236694,0.2547377900993537,210
1.4522614231084074,0.043111869743718924,0.002757143680606979,0.004080935004744338,0.00012203347563219327,0.26104687628391815,0.26100388958388626,211
1.4529560935521295,0.048192101872590536,0.0024965246717622014,0.004202692249989021,9.657458226664062e-05,0.25982723675641534,0.25980353702599673,212
1.455861368902133,0.04256498601279231,0.0030266332307319482,0.004142304807669397,6.297441930758582e-05,0.2579356423374284,0.25791282019972395,213
1.4370640184360985,0.04087506491602124,0.0018382362132114405,0.004038532486993138,5.1865146610550156e-05,0.25720174608067725,0.257154208543524,214
1.467510844619348,0.04621371906423161,0.0035496594252915578,0.0041392994222115296,0.00012995882576293446,0.261399948498258,0.26135078607726075,215
1.4463654609547925,0.043835764621020755,0.002261137369452025,0.0041849572667550985,0.00014677642387339433,0.26211513202046904,0.26208503731421906,216
1.4647140283885522,0.04027275695129604,0.0034983822080926043,0.004124090486727749,2.3890309229808064e-05,0.25488777139704877,0.25486519832900634,217
1.4585147762455097,0.040612169283491366,0.002867335583413778,0.004060673005430519,1.2895274009402437e-05,0.25359099902665017,0.2535612362044247,218
1.4516326188930417,0.04346870531770601,0.002694174513543635,0.004044230467228665,0.00012186594260039006,0.26103929085586525,0.26100539314572047,219
1.4536242877151928,0.04086824899314781,0.0028646895739721577,0.004101482863904191,0.00017113225691541963,0.2630817528227459,0.26305498933674537,220
1.4476737414516696,0.04148700127908703,0.0023593227803655487,0.0041849755049230865,3.065312793795168e-05,0.2555365267034443,0.2555093791922168,221
1.4447656941959903,0.04222576643144096,0.0021493000925848042,0.00414544022832952,3.396456487184877e-05,0.25582791256556314,0.2558051306203178,222
1.4531538990768493,0.03831467514484815,0.0028791097717084284,0.004026996156056814,0.00020261105173088135,0.26423415089602753,0.2642216714706854,223
1.4401747408322685,0.038720195163845304,0.0022656218333728714,0.004059591022360702,0.00011117989598183816,0.2605441877819886,0.2605215636670232,224
1.481809434270707,0.04353558959823478,0.0035232026546148203,0.004227512434007267,9.776133991794918e-08,0.25031266809865726,0.25026502220265295,225
1.492078146061859,0.04337885223653216,0.004663752183389672,0.004240855271469715,4.9617437993970836e-06,0.2522274972052501,0.2521885462982425,226
1.440418423264711,0.03822980742305174,0.002200167567428652,0.004106340390332206,0.00016060382815196158,0.26267295656711415,0.2626591510091796,227
1.465987023162704,0.0396258342623015,0.0038585715526171308,0.004023794582507077,0.00014528838524542249,0.26205356317631523,0.262039005496201,228
1.4674463757369058,0.040666207917886145,0.0037083667842032165,0.004065151062998938,2.8453578091673672e-05,0.25533418954403325,0.2553041087401931,229
1.4346901217383756,0.03808367178136948,0.0014743371905079918,0.004143918897820559,1.4240877962717888e-05,0.2537737087808571,0.25373231861255363,230
1.4692139630420384,0.038319838863897115,0.0035272278185712576,0.004126471554203136,0.0002826241562003149,0.26681142933246055,0.26679037695101254,231
1.457322195793136,0.039520925646947265,0.0025197327112790953,0.004126085086871338,0.0003050632363539268,0.26746605955428776,0.2674497134396616,232
1.4416451377936201,0.04046373734840296,0.0019683995033149,0.004136106716096245,2.5539349776125114e-05,0.2550536471756668,0.25502850821822876,233
1.4451746529072498,0.03679815211106312,0.0021798889270173323,0.004066671427724232,1.076862746454959e-05,0.25328155869436303,0.25325444275958237,234
1.4365380900084104,0.03573329250967627,0.0022120511083732674,0.004060498497430914,0.00011644253350002983,0.2607908541598907,0.2607558243163204,235
1.4552962358422987,0.04034657055567143,0.003166320139171877,0.004198457686516282,0.00010374956121292926,0.26018575285449874,0.2601404847050862,236
1.4386520998826868,0.039310625400217285,0.002125536414762828,0.004202648463978018,7.766035214485102e-05,0.25881251111459447,0.2587857274922305,237
1.4574684565694525,0.03584768931325142,0.0036194421403862543,0.0040511639150373506,8.146307852216291e-05,0.2590256899194556,0.25901415443864156,238
1.4436156179920057,0.036172111378814126,0.0025951528752238082,0.0040213729248216295,5.176718289318929e-05,0.2571949414794833,0.2571744600233422,239
1.4499527240126884,0.03791857406041444,0.0028909645423329544,0.004125065396553744,5.084078403148796e-05,0.25713027236727237,0.2570886869857184,240
1.439314057241034,0.037173447146872554,0.0023006946425919717,0.0041706113490352125,0.00011692251216688334,0.2608130713567831,0.2607806873829993,241
1.4380463375202925,0.03687243192526802,0.0022560858402286173,0.004139200107082903,0.00010246248721539814,0.26012237557174195,0.2601045519575926,242
1.4561935684759013,0.038110988500523364,0.003195078220373043,0.004109639196936147,3.4937565901888e-05,0.25591080078347156,0.25589131130836107,243
1.4469113568928307,0.03661116715218783,0.002766715638169968,0.004069782246041908,4.786856648867204e-05,0.2569187113315033,0.25690184904285673,244
1.4518145877137028,0.03494107789914878,0.003287180915497931,0.004082758607214661,0.00011721860000609963,0.26082675389976606,0.2608117805206398,245
1.4425013619752904,0.03690333333654311,0.002552375793421845,0.0041685008584457185,9.432741209080994e-05,0.25971223002666277,0.25968731888067453,246
1.4560070400161518,0.03797046127210372,0.0033161255959337,0.004178129570909832,5.5597341160335066e-05,0.2574563624617058,0.2574305858423637,247
1.4337772650434184,0.035768121742840005,0.0020399874459056527,0.004088083201373565,7.673021102028105e-05,0.2587595782444294,0.25874881036876785,248
1.4748385237625918,0.0346678738410769,0.004859498236507942,0.004067036039607425,8.427898756048259e-05,0.259180358792579,0.259173486231609,249
1.4475887139116057,0.035108330427222126,0.002976617508868233,0.004122626764797754,6.370997452918849e-05,0.25798185282557806,0.2579674774420653,250
1.473525338924201,0.03764148526483198,0.004541622571250292,0.004187076326752868,6.692861634126567e-05,0.2581809911588551,0.2581529154773407,251
1.477452681969607,0.03751920803985077,0.004837380987937624,0.0041541580696448505,0.00010478926523459647,0.26023666279773816,0.260215374573421,252
1.42806447383637,0.03424893891343011,0.0017542932295783974,0.004076503733197453,0.00011569472936328341,0.26075614844464706,0.26074907938997083,253
1.440346157862073,0.03469287229873615,0.0020298807005431937,0.004143010948808262,1.18540227636524e-05,0.2534429671453054,0.2534302662137839,254
1.4264425159852636,0.03524474913596916,0.001524745786838328,0.004167153365202424,5.465358426109881e-05,0.257392806250748,0.25737365003213686,255
1.4408606536976691,0.03461392623581685,0.0018132452197344223,0.004055200375132506,0.00029506421540861216,0.26717743331841554,0.26717006528680737,256
1.427565908486237,0.03416565468187674,0.0017216126642738273,0.004062817319240314,0.00011884114680423863,0.2609014286588611,0.26089349431606634,257
1.4629181761659802,0.035382827651610625,0.0021134049856998474,0.004216154346240833,4.369061798639415e-06,0.24790976991729632,0.24788508822974317,258
1.464486950751671,0.03579184037748953,0.0027872662284400347,0.004236847827997036,5.790812733375464e-09,0.24992390261020656,0.24989532911124498,259
1.4248225588759154,0.03418888393553941,0.001357043560920899,0.004116835480661211,0.0001805557274907452,0.2634371026449434,0.2634217298682318,260
1.436193007652005,0.033690621895020305,0.0022952544026343265,0.004045896480915721,0.000135151346176084,0.26162546111670776,0.26161554746599835,261
1.4308114829247138,0.03361629782773234,0.0013879439516911777,0.004111685656242429,9.062689093828445e-06,0.2530104300513097,0.25299199530111693,262
1.4249453562532874,0.03382113680412397,0.0015472042174234158,0.004157307830510241,6.261175587338477e-05,0.2579127590556888,0.2578893362882996,263
1.4409752667935816,0.0333151831991902,0.0020428588537952947,0.004084963619896861,0.00027192842286281784,0.26649025235897916,0.26647767928154403,264
1.4246563028889805,0.033294910290792734,0.0015965003033145521,0.004098101767553414,0.0001094540765578647,0.2604620302311676,0.26044682573968386,265
1.477294612256547,0.033782169668916215,0.0034370734295348744,0.004195469108932575,1.5817120315253033e-06,0.24874233866580653,0.24870932545953595,266
1.4853543992868277,0.03347671417550404,0.004317811843767902,0.004184294465298153,1.6233738047495954e-08,0.24987258831275155,0.24983912432925143,267
1.4235832678253326,0.03275173156529001,0.0015359215334580087,0.004082636679384487,0.00012552033738090675,0.2612035859161657,0.26118591685735104,268
1.466620751568553,0.034875774381542525,0.004204569174020649,0.00410387361031413,0.00014993035593563673,0.2622446051767967,0.2622326196012312,269
1.4603789102220008,0.03670949579193216,0.0037072852486165703,0.004165565448550149,5.910338390239891e-05,0.2576878725212115,0.25767144128848163,270
1.4276783801871684,0.03311927345835246,0.0016251317025745312,0.004170287862050857,3.4849627736424166e-05,0.2559033573275234,0.2558810038827208,271
1.4553219943843367,0.03333878393971115,0.0034971874266899847,0.004055968368396946,0.00016732865648015724,0.26293555783413136,0.26292277986766216,272
1.43119570116078,0.032169295199012266,0.002060695938695109,0.004039896286666134,0.00013620404337320394,0.26167064879829754,0.26165946297602294,273
1.4546743670790514,0.03556811240255117,0.002763920774746528,0.004181494460310724,6.5850233973714745e-06,0.25256613004295797,0.25254622958000505,274
1.4627901392858709,0.03677864073028643,0.0035386695877496696,0.004216933338919006,1.9473449626904422e-05,0.2544128731714048,0.254395477130473,275
1.422161377241611,0.032304484416645754,0.001306760209885851,0.004123729384311148,0.00018064516501054297,0.26344043023904157,0.2634324686310597,276
1.441689923678758,0.03228599757892046,0.0027784616402828904,0.004071626328138929,6.587998025659894e-05,0.2581166483388526,0.2581056795685233,277
1.4294205440133736,0.030899372491324698,0.0016807651679398797,0.004083201365013777,1.792879815249928e-05,0.2542342411542683,0.2542190175496066,278
1.4292355241224093,0.032760748610772814,0.0019297615247759158,0.004116194619970279,0.00011623042684816255,0.2607810216050318,0.2607704384882331,279
1.4259004426390274,0.03276045930518154,0.001673703592041218,0.004147751468825291,0.00013420410451339015,0.26158464952052457,0.2615775581870698,280
1.4269378820634189,0.0312209486726593,0.0017091795714704373,0.004127298794034702,3.520998292217057e-05,0.25593380004062916,0.25592522898454717,281
1.422824929616481,0.031255776335726106,0.0016070680957538772,0.0040597802539110725,7.419225563390101e-05,0.25861349265013334,0.2586032202128431,282
1.4231354230310003,0.031147147689252214,0.0016247976740649155,0.004089162473800803,0.00012015979790912773,0.26096174246683107,0.2609521522984418,283
1.424135568154211,0.03247089131102065,0.001413441564034348,0.004177823420408423,3.248111784551897e-05,0.25569922081038443,0.25568807152872547,284
1.4184078754809983,0.03077546932398352,0.0013577734379755766,0.004097389763716288,0.00010147616318012543,0.260073537768834,0.26007007816011596,285
1.4331778265390525,0.03204686333602792,0.002222635070620374,0.00407015972838534,6.425688467775971e-05,0.2580160392138362,0.25800525904562266,286
1.4246388965300267,0.030908865094131554,0.0017122716472541858,0.00409045033688119,5.9222172459728745e-05,0.25769559435389683,0.2576802492302217,287
1.434911794108215,0.031939182322817915,0.0023748460015270106,0.0041436565659296425,0.00010715784231328012,0.260351707217328,0.26034448558319556,288
1.4340826983654178,0.03306308105076849,0.0022430395894874324,0.004123203490757652,0.00011023038140223409,0.26049906573949483,0.26049797943814745,289
1.4252558502874728,0.030631055015301487,0.0017616431019332247,0.004068375122784767,5.551364369932812e-05,0.25745074786174704,0.2574492043219956,290
1.42966213678382,0.03132025599140673,0.0019893860564889915,0.00409811245937247,5.170957045311288e-05,0.2571909366881591,0.25717637297579177,291
1.420680523334039,0.030084820835436597,0.0015173390078018197,0.004113373710389627,0.00012730210500164725,0.2612828234499015,0.26126820293912884,292
1.42387250216127,0.030346805589394812,0.0017298896819149655,0.0041001502448348515,6.905154141448337e-05,0.25830972571234956,0.2583084803038042,293
1.4214734072550215,0.03132025636597936,0.0014424183624592935,0.004092699117963562,5.073028504741915e-05,0.2571225195715715,0.2571218775486356,294
1.4184329328520642,0.029739899495786985,0.0014079254122542793,0.004088045233241659,0.00011901515777782393,0.26090940684812075,0.2609034023817596,295
1.4316978529092468,0.031298112533251946,0.0020959203738448668,0.00412819669179749,4.588372882744866e-05,0.2567737529352235,0.25675916736101456,296
1.4241896698935272,0.0290947711651943,0.0018275302246280553,0.004100690014441663,6.664691196847075e-05,0.25816375599638247,0.2581572809307897,297
1.428656597638275,0.0303002690796643,0.0020414170486255665,0.00407331054009002,0.00012578300084046268,0.26121530208422683,0.26121457340107135,298
1.4302541125575226,0.03173893419220843,0.002065863328554984,0.004103911169085908,7.066674701638246e-05,0.2584063515877212,0.25840494204983216,299
1.4200196489166381,0.02883341572365142,0.0015234111935495918,0.004113171757150209,5.3667895232619365e-05,0.2573258375106618,0.2573200369067551,300
1.4250400635663167,0.029354721524245446,0.001878640545399764,0.004088479825724563,0.00011532286812293837,0.2607388485473508,0.26072864428649506,301
1.4152196294380843,0.029137633878190156,0.00125297952572161,0.00407496237704989,8.272091453192436e-05,0.25909510387691775,0.2590904715016027,302
1.4306283479913184,0.03018667932767903,0.0020958779855912743,0.00411313037372258,4.480241957800798e-05,0.2566934609566358,0.25669252405611803,303
1.41686267310221,0.029993660957857295,0.0012972383599963158,0.004139598578837261,7.548765765800691e-05,0.25868836334748996,0.25868489447815707,304
1.4361111059041285,0.028470355274559475,0.0025620648631853675,0.004053394641433556,0.00016165300962995907,0.26271428368528715,0.2627073588088156,305
1.4284463329792687,0.028001654624161765,0.002196388205728441,0.0040354215454705715,7.244507701921643e-05,0.2585114673834314,0.25850331729251047,306
1.427931152817722,0.029241623517637108,0.0017785054350121787,0.004109740168512759,2.330443490827015e-05,0.2548274667174689,0.2548233253051424,307
1.4296935932688495,0.030502664134120307,0.002125095787102147,0.00414887028255621,0.00010614466947382666,0.26030265351614945,0.2603010244752732,308
1.4239808425660538,0.02909947861596852,0.0017251538323193709,0.004115585801289913,0.00015765545260234198,0.26255609225047116,0.2625522225760247,309
1.4217871832459115,0.028471666602376808,0.001615839032509928,0.0040505137919064245,4.418480671472289e-05,0.25664716531423154,0.2566409100446522,310
1.4216365026122522,0.026524816253188352,0.0017829794688415243,0.004044829888291615,5.3026119810709365e-05,0.2572819035842772,0.2572779151149685,311
1.4199428071258904,0.02968298243950965,0.0015220019527124426,0.004137393406446942,0.00011215400290397683,0.2605902786981258,0.2605838731436843,312
1.413439295026816,0.028266218305554605,0.0011909529312012618,0.004115046470057301,0.0001055128284604656,0.2602719437527892,0.2602691774169967,313
1.434003357159724,0.029683933554641277,0.002228753274911758,0.00404954325832395,2.9443710932811982e-05,0.2554262059427202,0.25542254776004275,314
1.4260992244822763,0.02727600014355431,0.002025584839425089,0.0040233494466688025,5.1961369980644225e-05,0.2572084235433723,0.25720421746753497,315
1.427612210442894,0.027914461928261993,0.0020948937208284295,0.0041053039483123,0.00014083646999615533,0.261867454234003,0.2618613874069643,316
1.4310072690094093,0.030058168015373185,0.002244816301256974,0.004167438754643397,0.00010110815348710333,0.2600552550185017,0.26004897316004133,317
1.4214981779937579,0.027910820407445972,0.0017061466515588656,0.004087870388335543,5.915217979046377e-05,0.2576910454289689,0.2576896992612857,318
1.421049235171092,0.02571256577897176,0.001865470118811034,0.004026373333321272,7.760796543486094e-05,0.25880953832132314,0.2588076017157046,319
1.4297234276104025,0.029691648496516787,0.0021650723619386805,0.004091719553080525,7.093346484759262e-05,0.25842220071285366,0.2584112135303594,320
1.4086794401847955,0.02748328446593,0.0009276635270431181,0.004100727797315108,0.00010171709915912976,0.2600854895349274,0.26007864946702547,321
1.4693033307457721,0.0265963828837103,0.004884512993651866,0.004014467117602589,4.032496508604974e-05,0.2563501940982973,0.2563497528080443,322
1.4603642647367154,0.02664297256533015,0.004088956418314574,0.0040139403873237466,2.147640672299385e-05,0.2546342644209188,0.2546334449143284,323
1.421520864015523,0.030117603667844627,0.00155977528553884,0.004093005886314249,5.9069030452712326e-05,0.2576856379340112,0.2576825233666411,324
1.4456103486433771,0.027354953456852484,0.0031019825122439106,0.0041093978566738186,0.0002036743608085506,0.2642714526523599,0.26425964475370584,325
1.4254163229481476,0.026602377463617335,0.002005425812410182,0.004091596755255348,0.00015108908831041692,0.26229183014487334,0.26227851972405714,326
1.4417866867940672,0.02871096963571232,0.002535294834672401,0.004067743391472541,1.2204821844747664e-05,0.25349354001619384,0.2534873415217074,327
1.4389460969055563,0.028249775448992376,0.0024627688541666846,0.004028215947230137,1.6101381183732095e-05,0.2540126526368142,0.25401233021133973,328
1.4241229768933534,0.026387376449270295,0.0019517306282712415,0.004029414907363076,0.00014605394039775383,0.2620852778370112,0.26208522627403147,329
1.4261560477519013,0.027446321662916134,0.00205510309808367,0.004123625998445156,0.0001298351260685049,0.26139452175690164,0.2613883021309334,330
1.4200674702678882,0.028556035514532906,0.0014766944539365305,0.00412283173904302,4.168826620400112e-05,0.25645664511987465,0.25644111351608906,331
1.42936512757208,0.024687488042797953,0.0024966380516418516,0.003999485044661212,8.932501113363593e-05,0.25945119099022107,0.2594473116356333,332
1.4084894709103473,0.025344545773651358,0.001061947992580112,0.004001570063010673,9.277402066458532e-05,0.25963192715216354,0.25962958462954355,333
1.4610044060905878,0.03363922715240973,0.003635356931890951,0.0042206737216027666,1.9824848854519714e-05,0.25445251039914785,0.25443799098382547,334
1.4477954203936454,0.03183004042831302,0.0031275703105745553,0.004256097659049149,4.489410252707239e-05,0.25670030615174205,0.25668666065934514,335
1.4338657640283585,0.026485532333762257,0.0023757144422031857,0.0040777573539753495,0.00020451716948111453,0.2643009499503045,0.2642987918410541,336
1.4372279511906676,0.024089474154029376,0.002928206629924799,0.003947879950775466,0.00016222837597005865,0.2627368903571499,0.2627347347605389,337
1.4345254151114821,0.028557044955581284,0.0021208313407665587,0.003982236756393574,1.4939127459913858e-05,0.25386511674596174,0.2538508586340355,338
1.4300331246086233,0.029189285887972618,0.0016643425444494485,0.004051258899356459,1.0197985186048332e-05,0.25319342843759624,0.25317456745947114,339
1.424011024877821,0.025409461842825297,0.0020084319008582254,0.004070794964489547,0.00014584501058483845,0.2620766307629586,0.26207076937903373,340
1.4205599761774885,0.025697190274512272,0.0015672043794829034,0.004089893098688893,0.00019860047156265118,0.2640925679548708,0.2640892944408326,341
1.4283576370190174,0.03000957979474112,0.001863250158413888,0.004106117016708293,3.294205011151373e-05,0.2557395165398763,0.2557270300125149,342
1.416906008879577,0.026485207891073337,0.001202155699573223,0.00403620488596608,2.17194041132874e-05,0.25466040814878776,0.2546457172682627,343
1.442569348420298,0.02512714536587363,0.0031695247175874317,0.0039742780895283755,0.00017469782340967665,0.26321733041917605,0.26321106364041325,344
1.4292082565625968,0.024424722760425423,0.00223254000113996,0.0040128436706261435,0.0001975257544215429,0.2640543855938829,0.26404717146089857,345
1.4355517111120262,0.03159386030279858,0.0022550336718092806,0.004123461340960147,3.5021564604178964e-05,0.25591790204415205,0.2559019446856366,346
1.4325272413877326,0.03083376827883053,0.0019273577953010472,0.004118769432998184,1.99633297554827e-05,0.2544680342160152,0.25445690219666345,347
1.4224532898558682,0.025012380922913677,0.001988796470442205,0.004014720620683946,0.00012111042252535938,0.2610050180611101,0.26100271892321464,348
1.4175515105769354,0.024511146040345353,0.001658589521638242,0.00400304987637531,0.00013798254896142206,0.2617465973354594,0.26174014914665245,349
1.4364058421260664,0.030455149770633762,0.0023045305863134986,0.00409383643065249,2.7016646399890526e-05,0.25519775397646816,0.2551729060138688,350
1.4279722257524403,0.029432461223046918,0.0018711807776244061,0.004093324090608525,3.265960892818018e-05,0.2557148586096403,0.25569381809235703,351
1.4289826502360252,0.024160435501747065,0.0023767309683036916,0.004009635902394701,0.00016120598489695673,0.2626966918879272,0.2626934179739571,352
1.425425894592987,0.024727733140715236,0.002151065598496474,0.004009988851642047,0.0001452299931327368,0.26205114073989416,0.262048981741643,353
1.4271715753494016,0.029276377861566134,0.0017519494317532885,0.004087150777521359,2.550643430271015e-05,0.25505038951989945,0.2550362668607474,354
1.4219720810793754,0.028637235647453806,0.0015608044765753016,0.0040752153126359094,3.6725430726228676e-05,0.2560601510481364,0.2560422045234729,355
1.4275490768972479,0.023833270089384847,0.002242643184164666,0.0039920682164953075,0.00017777755098397392,0.263333324828563,0.2633269085688069,356
1.4237644212360556,0.023861417704213916,0.002110807960465269,0.004007255702647365,0.00014004238165979472,0.26183395038268265,0.26182727786828236,357
1.4239301819936685,0.028727558210202325,0.0014907450910051404,0.004097321706992997,1.9816723541747903e-05,0.25445159786388527,0.2544343231114648,358
1.4192007089215741,0.028234403353623417,0.0014426987019501404,0.0040804712701343155,4.1901526308415636e-05,0.2564731388296881,0.2564605345000346,359
1.4313954449890645,0.02400723992455133,0.002370141829534174,0.003986156964766964,0.00020592677943192218,0.26435014910835153,0.264347899534116,360
1.4255273646230775,0.023670018708381788,0.002201416362480017,0.0039930362506278745,0.00015424349318764673,0.2624194803912099,0.2624155778691045,361
1.4242680347835688,0.02815839609269599,0.0014674162703511304,0.004085646680349721,1.5203328052098092e-05,0.25389914452823925,0.2538801853247485,362
1.420925812391334,0.02821932448430323,0.0014717837038461714,0.004079679593302499,3.148598736954896e-05,0.255611237596961,0.2555933242486301,363
1.4245969665897087,0.02375736368660288,0.0019283812343868648,0.003990607387596036,0.00020698066772624607,0.26438682271129543,0.26438311261034964,364
1.4199917796571506,0.02394407658281419,0.001818263291576291,0.004003611786663381,0.0001528785821969294,0.2623644078789455,0.26236044630345434,365
1.4258739278258536,0.02830403351741028,0.0014548026519600465,0.004095088478598363,1.0511075241202315e-05,0.2532420788456178,0.25322410926277733,366
1.421849460512233,0.02813720669992925,0.0014637724081329431,0.004076948567300352,2.486305314412861e-05,0.25498628650842775,0.2549676946442047,367
1.4233300967423042,0.023023191937626655,0.0018637636086352048,0.003976582021126043,0.00021316805095597524,0.264600275715067,0.2645947670549456,368
1.4188859042630082,0.023408102465492717,0.0017377126756655931,0.003990888170338737,0.0001656993792219014,0.26287242709134145,0.2628660392914157,369
1.4261907953891992,0.02802354004177443,0.0014560186582282305,0.00409545551546305,9.189129259694692e-06,0.2530313576594811,0.2530105984307897,370
1.4216837066021981,0.027849286592380926,0.0013767366871825437,0.004086379130958913,1.847448160925949e-05,0.25429819515718627,0.25427892601788255,371
1.421758794984052,0.022974374914740223,0.0017787200012788426,0.003981758112003236,0.0002096305665989289,0.26447862447192166,0.2644729690915417,372
1.4177845848331803,0.023019795034627435,0.001647209158012169,0.003987511305972943,0.00017738876552205878,0.2633187373846795,0.26331150951882604,373
1.4249532048469284,0.027718436895060265,0.0014176276166837339,0.00408717364513674,1.002276115711946e-05,0.253165874469577,0.2531429461207166,374
1.4201260093138617,0.027328526472078528,0.0012694187844490526,0.004076856868006876,1.6377709795620235e-05,0.25404693832367387,0.2540266283462951,375
1.4222789307811066,0.022875271849999324,0.00183663042596911,0.003976204719035732,0.00020603166653233228,0.2643538032079422,0.26434852206802173,376
1.4178120162313794,0.02291234752723048,0.0016194826502428663,0.003988343325482848,0.00018671908078267941,0.26366451904688487,0.2636580915923915,377
1.4239395249783178,0.02754098072327917,0.0014219846317176685,0.004092999898877023,1.2327817274825746e-05,0.25351109915479836,0.25348819879295814,378
1.4190430170430186,0.026967817195846427,0.00122972015567829,0.004078689232476477,1.6841198524354897e-05,0.2541038029343957,0.25408241911848917,379
1.4223539779806131,0.022677604632403873,0.0018663075546466546,0.0039677344369389855,0.00020348612055803573,0.2642648561352029,0.26425942441984474,380
1.4181878325098003,0.02264400808481798,0.0016625297406216454,0.003975432087929706,0.00018674544179222126,0.2636654835915975,0.2636597203477007,381
1.4224614264124555,0.027365351627299615,0.001353392724099995,0.004088838246656315,1.3085915343109083e-05,0.2536174459696185,0.2535959590300169,382
1.4182115367157326,0.026771950937690036,0.0012079192583315176,0.004084235750920677,1.797503777178661e-05,0.2542396978396799,0.25421855910977303,383
1.4221698053582903,0.022603825578754844,0.001841789008335417,0.003972109609073693,0.00020725005560958085,0.2643961819802884,0.2643904343969903,384
1.4182680700818486,0.022469990951166505,0.0016625062986333375,0.003970507308643233,0.00019085297661346076,0.26381495481764095,0.26380917229198336,385
1.4210180830804167,0.02700423191826421,0.0012919375938662755,0.0040784143657968544,1.3543989106047067e-05,0.25368021590481415,0.25365974647110917,386
1.4169469664623757,0.026485416492218364,0.0011307679034960063,0.0040786170448424315,1.7294045859314695e-05,0.25415861104929455,0.25413830830587036,387
1.42188580191725,0.022484976735341285,0.001833126540276818,0.003974577978403049,0.00020672536388287533,0.2643779471372959,0.26437203346771926,388
1.4177861195949477,0.022343915516525138,0.001613387632344291,0.003974194975336442,0.00019678848912738515,0.2640281320612327,0.26402199710652346,389
1.420040655103444,0.02682920048935826,0.0012779457043080623,0.004075131782774118,1.5401574065580595e-05,0.2539244839234708,0.253904369273902,390
1.415805874805113,0.02615253031750213,0.0010768809144115514,0.004069437231468099,1.7274554772116125e-05,0.25415626692743815,0.2541371756807445,391
1.4219946443364855,0.022382830262201885,0.0018720218361931516,0.003968537976810765,0.0002012393615642405,0.2641858859985635,0.2641804096015763,392
1.4175724376294672,0.022246498027054754,0.0016058376653405085,0.003974397129705674,0.00019674365311040637,0.2640265338951006,0.2640204282001269,393
1.419451152646994,0.026737257940020236,0.0012906784333303624,0.004077663530928838,1.78350091795811e-05,0.2542231515695723,0.25420298665531427,394
1.4151117287448298,0.026023579667542016,0.0010711033923220142,0.004068418888137497,1.9099188135651458e-05,0.2543702617925762,0.25435161594454975,395
1.4219934294660217,0.022222067379919136,0.001900324477079437,0.003962537359920871,0.00019724992563684642,0.2640445692577895,0.264039581981363,396
1.417584727899901,0.022113985948441398,0.001640069962835799,0.003967372823674163,0.000191014855292227,0.263820812396246,0.26381524314537136,397
1.4186563448922564,0.026510035374178835,0.0012688730561478982,0.004074311544055068,1.8752410961835508e-05,0.2543304054038664,0.25431074934819375,398
1.4146097793205399,0.02591275742909435,0.0010821170786106567,0.004069305519524363,2.1452112837149073e-05,0.25463164256362136,0.25461296977253495,399
1.4216010111551323,0.02207986287782878,0.001878398105729154,0.003963065567006743,0.00019845143269934355,0.26408727910915886,0.26408226800622514,400
1.4174562700998197,0.02197724616001409,0.0016557861983135995,0.003964532943790484,0.00018737122173768917,0.2636883608126645,0.2636829924376811,401
1.4177473147167023,0.026242578265670915,0.0012256971882020529,0.004068196798392115,1.871547686313299e-05,0.2543261387937898,0.25430725055222114,402
1.413922588631862,0.025731995307270297,0.0010668233561375948,0.004063963117999211,2.2711757579447844e-05,0.2547656854259852,0.2547476205955709,403
1.4211615752277484,0.021923953785276964,0.0018523767072557943,0.0039616406352765065,0.00020007829031895097,0.2641449033336729,0.26413998009200096,404
1.4170178791803905,0.021865126449807443,0.0016383552723105992,0.003965417914989722,0.00018631418763313058,0.26364969551430106,0.26364434967613315,405
1.4171008756042365,0.02601350835488705,0.0012000713845346832,0.004066994084268619,1.8839499731414866e-05,0.2543404492545605,0.2543219318422521,406
1.4132526731753514,0.02551062631129708,0.0010480908902500165,0.004059107351273578,2.3502568393185752e-05,0.25484794475970857,0.25483055230762064,407
1.4209151264457087,0.02173440090452142,0.001845715601565394,0.003956516130221239,0.00020075146008882347,0.2641686788406267,0.2641641131558724,408
1.4167427631699923,0.021686227614816818,0.001635879275638723,0.0039629398385778785,0.00018536566882944433,0.26361490612635446,0.2636098790076851,409
1.416516577311127,0.025817808016094422,0.0011773018099461982,0.004066764463099788,1.9018749029660074e-05,0.2543610490744384,0.25434301498016704,410
1.4127510057289439,0.02532274528189277,0.0010384784479738095,0.004058018267797864,2.4339591977181815e-05,0.2549335172014681,0.25491643531164077,411
1.4205815329993718,0.021605654170851737,0.0018271011947792117,0.003952777505096768,0.0002018763957889282,0.2642083213571811,0.26420385607344676,412
1.416524778352088,0.021531387082186354,0.0016343941234058155,0.003958197457399256,0.0001847028250438441,0.26359054174946106,0.26358564320686323,413
1.4158046390064167,0.025596116881610058,0.0011438460117968664,0.0040632318643079625,1.8966588851481767e-05,0.2543550647356247,0.25433736879567626,414
1.4121705335726127,0.025148315538078496,0.0010187832401644574,0.004055952191217135,2.490098121516974e-05,0.254990088297332,0.254973236403321,415
1.4202183741151744,0.02147277709355552,0.0018028102549118813,0.003950564919995118,0.00020387573144135002,0.264278505924688,0.2642740602062628,416
1.4162218878725765,0.02141162443641755,0.00161833004104285,0.003955363023975746,0.00018565966304760073,0.2636256986260375,0.2636208072279925,417
1.4151383582302004,0.025363135342217392,0.0011146978433739364,0.004059932260470614,1.8948165751629773e-05,0.2543529490867261,0.2543353917893211,418
1.4115657806815227,0.02493129870661695,0.0009928667268433067,0.004052469614720265,2.4891776023665852e-05,0.2549891658645174,0.25497246461936396,419
1.4199168683018328,0.02131094313812133,0.0017884364965464689,0.003947336875600938,0.0002050024909247925,0.2643179080498791,0.26431350912576695,420
1.4159342005668085,0.02127141214547434,0.0016004401262472274,0.00395272831770127,0.00018764258741354794,0.2636982695043406,0.26369346846729247,421
1.4145001728712079,0.02516207662163875,0.0010925395891713677,0.00405772668655384,1.9363356875710865e-05,0.2544003814466147,0.254383132008499,422
1.410959096975204,0.02471175147552744,0.0009663983188467357,0.004049636284369709,2.4835196718355644e-05,0.25498349242182183,0.2549670215228561,423
1.4196658435494836,0.021152265516865897,0.001782489273207819,0.003943640604925464,0.00020495997875334186,0.2643164233925007,0.2643120425396182,424
1.4156715968850588,0.021112679514426386,0.0015871584078304577,0.003949138513138924,0.00018918857169252773,0.26375458366118465,0.2637498180662348,425
1.4138873523565192,0.024969719893469702,0.0010752866675088379,0.004055271140247202,2.002342044526791e-05,0.25447475367425604,0.2544578225929723,426
1.4103753348179298,0.02450950091066987,0.0009432023912297175,0.004047671213155293,2.5000535581893513e-05,0.2550000535579025,0.25498398881864565,427
1.4194519269255466,0.0210141473253573,0.0017791116764851469,0.00394076427743545,0.00020459805836689927,0.26430377776557296,0.26429951571298255,428
1.4154707199531509,0.02095065668558923,0.001580052359467946,0.0039454940865648325,0.00019028164003998725,0.2637942611270045,0.2637895683010725,429
1.4132496588595431,0.024776102490027426,0.0010578090934903598,0.004051930726545689,2.079293927002803e-05,0.25455992755096263,0.254543248856883,430
1.4097921349710074,0.024305323012709965,0.0009223248819950772,0.0040450953643468655,2.5337309219782326e-05,0.2550336179056204,0.25501792701455556,431
1.4192451520217149,0.02089857325980506,0.0017757444333425512,0.0039383451674420205,0.0002040088306280265,0.26428316598755425,0.26427909216608336,432
1.4152660504995578,0.02081630647184551,0.0015728772703883357,0.003942825443808234,0.00019088994544532532,0.26381629275331575,0.26381178658209126,433
1.4126350997210675,0.02459394896884133,0.0010416112753392705,0.004049033460513666,2.162276443258962e-05,0.25465002843352486,0.2546336971311738,434
1.4092159029357565,0.02410907940274654,0.0009036581830088762,0.004042027645924897,2.5863523724078817e-05,0.2550856193058544,0.25507023285608305,435
1.4190691773505941,0.02076898212448222,0.001775743712656424,0.003935258257370182,0.00020333189123998368,0.26425944919132516,0.2642555266911885,436
1.415085401720518,0.02069126094155062,0.0015691286280875528,0.0039399480776651395,0.00019091410902435788,0.26381716718522136,0.2638128583501805,437
1.4120448353750308,0.024415355459342734,0.0010256495147631694,0.004046512405171944,2.2402967360579536e-05,0.2547331773007758,0.25471727445475395,438
1.4086824282743564,0.02392938224490821,0.0008885606852461243,0.0040394522981839895,2.6552190339760042e-05,0.2551528817509972,0.25513781755938114,439
1.418877714557878,0.020631366958752794,0.0017742049555977454,0.003932153948233578,0.00020288283814323322,0.2642436946802167,0.2642398827503692,440
1.4149215647326363,0.020552433591573237,0.001568821219611436,0.003936614404659688,0.00019060041148782797,0.26380581078705007,0.26380164409083773,441
1.411451663415533,0.02422866988468467,0.0010077712676927343,0.00404359942539526,2.30481629018109e-05,0.25480085022697135,0.2547853482404763,442
1.4081695194104462,0.023754531830623822,0.0008745556647177116,0.004037110116191343,2.7263508291484128e-05,0.2552214469538131,0.25520674985304176,443
1.4186519353912441,0.02050607991684785,0.001768132983403057,0.003929692503575849,0.00020275130454000014,0.2642390766744196,0.26423538598203034,444
1.4147311475815092,0.020421028767160954,0.0015658245920466833,0.003933742907400176,0.00019038565950198408,0.26379803100090676,0.2637939854706586,445
1.410871785184534,0.02404044178837592,0.0009895644435873301,0.004040456111128234,2.3615856713523653e-05,0.25485961487296305,0.2548444496184137,446
1.407651727909546,0.023575018177972983,0.0008594146545295141,0.004034139995477632,2.789731110420328e-05,0.2552817905206666,0.25526744116757283,447
1.4184347079739477,0.020379385129573265,0.0017625189876215041,0.0039270761311656745,0.00020266688752849964,0.26423611209314185,0.2642325608102899,448
1.4145235889521643,0.02029302916227929,0.0015608199264650876,0.003931321094947426,0.00019032482511990842,0.26379582636596693,0.26379192809084134,449
1.4103299234760933,0.023862096992564693,0.0009732152574416802,0.00403788076720953,2.4196231864419625e-05,0.2549189665443485,0.25490414999099226,450
1.4071547686301804,0.0233957864842132,0.000845076834507496,0.004031213368047627,2.8497256266692015e-05,0.25533828214566184,0.2553242474801463,451
1.4182264558189919,0.020253159971582203,0.001758032970790822,0.003924096265665074,0.00020245615215377818,0.2642287087310753,0.2642252785643646,452
1.4143248235640966,0.020164016808295066,0.0015568954488706693,0.003928584255167472,0.00019016162825252834,0.2637899103786982,0.26378615343875,453
1.409806595166197,0.023690135462628555,0.0009573210141955873,0.00403539514229543,2.4763389965876387e-05,0.25497628274577283,0.2549618335119632,454
1.4066808092483343,0.02322563838208774,0.0008317712436111237,0.004028617029642629,2.9120995611708605e-05,0.25539638727406666,0.25538268625206784,455
1.4180109867120756,0.020130416013577804,0.0017525961824466857,0.003921239026528307,0.00020229788456368233,0.2642231460852964,0.26421982928154847,456
1.4141257362879662,0.020038669523882655,0.0015530471210338562,0.003925751134153173,0.00018991471298602483,0.2637809547196856,0.263777313873991,457
1.4092987250703726,0.023515395136125352,0.0009416270971264113,0.004032818241950282,2.5265071318253647e-05,0.25502643723906443,0.2550123046835687,458
1.4062251125927987,0.023060266192956605,0.0008189487224722462,0.004026132485749554,2.9721518212451766e-05,0.25545174451092967,0.2554383594822111,459
1.4177885436944009,0.020008341221221772,0.0017460309364115737,0.00391853262150936,0.00020227831921676664,0.2642224582691167,0.2642192588483178,460
1.4139267698269897,0.019915626769391206,0.0015485336101847256,0.003922951047543849,0.00018979247527921116,0.2637765189826462,0.26377299663373455,461
1.4087993593608303,0.023342213598802106,0.0009258852689820997,0.004030117105454648,2.573674311113085e-05,0.2550731393743057,0.2550592984158588,462
1.4057792678931265,0.02289411947020347,0.0008059860390399215,0.004023525717059146,3.0255636815787813e-05,0.25550051241392907,0.255487397784093,463
1.4175586001573695,0.019887921845489168,0.0017388755644718581,0.0039159093650079696,0.00020225328248434088,0.26422157805886326,0.26421848071355675,464
1.4137149262006554,0.01979531979949231,0.0015425077405641584,0.003920387957173065,0.00018978317294747577,0.2637761813630438,0.2637727750538053,465
1.4083207869164405,0.02317372327521273,0.0009112190191434084,0.004027625261106245,2.6217723464769015e-05,0.25512032454682015,0.2551067864986829,466
1.4053436540145696,0.02272877289394536,0.0007930658788426856,0.004020908051554878,3.0743298267578584e-05,0.2555446639454144,0.2555318240349486,467
1.4173357416318506,0.01976572263128169,0.0017326767201610665,0.003913140148844803,0.00020214605967479652,0.2642178078364703,0.26421480627848526,468
1.4135061724664235,0.01967447874509702,0.001536667798347444,0.003917713516983995,0.00018978672861895757,0.26377631041385746,0.26377301007351395,469
1.4078573963350614,0.023008662063394376,0.0008973734325813018,0.004025185811105026,2.671162881684356e-05,0.2551683294028964,0.2551550858690225,470
1.4049218388840006,0.02256691661594075,0.000780642773710656,0.0040184380560974575,3.1221039761227044e-05,0.255587579060848,0.2555750237283783,471
1.4171138796317373,0.019644912775640636,0.0017266225544606629,0.003910412166545933,0.00020200067800021958,0.26421269425549637,0.26420979316895915,472
1.4132997042085267,0.01955146528573309,0.0015312233244968911,0.003914971948618663,0.00018976664815629975,0.2637755815904919,0.26377238610077103,473
1.4074063610569443,0.022845849976850532,0.0008840094908217108,0.004022694549369426,2.71994342800463e-05,0.25521530768795536,0.2552023469709376,474
1.4045123997046909,0.0224075127812944,0.0007686844314260576,0.004016050224355662,3.168777270846952e-05,0.2556291893473634,0.25561691432808337,475
1.4168911670190625,0.019529074721930263,0.0017201947571441874,0.003907804588029762,0.00020185205442547607,0.26420746474306644,0.26420466801664055,476
1.4130934199086769,0.01943173188311263,0.0015255354447126768,0.003912284666422422,0.000189755718887526,0.2637751848948581,0.2637720992329928,477
1.4069666200955577,0.022685819704860135,0.0008710455021161184,0.004020155123557989,2.768236151303284e-05,0.2552614029985388,0.2552487256501565,478
1.404112441640094,0.022249588728370677,0.0007569703839158613,0.004013612170616867,3.213311060859242e-05,0.25566860746644116,0.25565660833894505,479
1.4166678627076246,0.019414369273294513,0.0017138118068709715,0.0039052609699416056,0.00020166740529704364,0.2642009649424623,0.2641982734654997,480
1.4128818998876977,0.01931409994275493,0.0015193761137258528,0.003909750233126463,0.00018974057881668483,0.2637746353424214,0.2637716622466498,481
1.4065452768296496,0.022529649421665545,0.0008589541010405619,0.004017760275090659,2.8166234408513095e-05,0.25530718705233885,0.25529479298024627,482
1.4037258229319625,0.02209416356121393,0.0007457618601365093,0.00401121041056787,3.256348557026256e-05,0.25570644246183755,0.25569471076636174,483
1.4164465143224758,0.019300995258283896,0.0017077137357300464,0.003902673373289797,0.0002014276185512808,0.26419251980978997,0.2641899289948306,484
1.4126722061477124,0.019197528418930087,0.0015134462449234694,0.003907164510180415,0.000189682334114275,0.26377252097890125,0.26376965644730427,485
1.406138140348025,0.022377207237544976,0.0008473884512947001,0.004015378171194442,2.8644088419753783e-05,0.2553520172290225,0.2553398994278522,486
1.4033544590232956,0.021942480333564156,0.0007351877454304717,0.004008889612912511,3.2986958543288883e-05,0.25574342742126066,0.2557319562343859,487
1.4162186776444763,0.019189478011602822,0.0017012320290921564,0.003900165782033425,0.00020114832499937177,0.2641826769334767,0.26418018277100647,488
1.4124565253186319,0.019082528757454725,0.0015072633386510217,0.0039046445815306423,0.00018956328210337212,0.26376819821557534,0.2637654363164759,489
1.4057487660334782,0.02222734011094861,0.0008364957241983589,0.004013065550258544,2.9100191585319802e-05,0.2553944593413353,0.2553826029361627,490
1.4029992375413836,0.02179431968899202,0.0007252533898680303,0.004006652792876853,3.3395733817638146e-05,0.25577890420561183,0.2557676829955872,491
1.4159843350700747,0.019079167023260842,0.001694321763949232,0.003897706035605382,0.00020084919266505412,0.2641721273161461,0.2641697284848213,492
1.4122359871654226,0.018968734067242556,0.0015008194199281825,0.0039021306124980442,0.00018940962591153408,0.26376261697176573,0.26375995716284584,493
1.4053756582353052,0.0220805753393901,0.0008261314962157496,0.004010749630706116,2.9532035444447627e-05,0.25543433854709546,0.2554227365885401,494
1.4026603552443477,0.021648894500510378,0.0007159066568908067,0.004004464779040443,3.3776050017502574e-05,0.2558117166153816,0.2558007341532541,495
1.4157379360862252,0.018970188186416524,0.0016866855384106165,0.0038953505402126143,0.0002005116294870009,0.26416021290401387,0.26415790574320963,496
1.412002669873072,0.01885593726759949,0.001493578542970548,0.0038997428107398137,0.00018922625423978688,0.2637559534107886,0.26375339296353173,497
1.4050240252656057,0.021937772945629753,0.0008166250626631577,0.0040085409436431884,2.9942004030456425e-05,0.255471928730389,0.2554605734120674,498
1.4023391416585365,0.021506584869984566,0.0007071647845873337,0.004002334349990549,3.412140791150457e-05,0.25584135326029034,0.2558305994789912,499
1.4154802999994347,0.01886245351438965,0.0016784996275937096,0.0038930232092913575,0.0002001092219210133,0.2641459966747138,0.2641437770670003,500
1.4117573788447006,0.01874439348983633,0.0014856569724772742,0.0038973884063136467,0.00018899382766924958,0.26374750259753565,0.2637450372453837,501
1.4046948730003577,0.021799276303946763,0.000808007013214202,0.004006398943774251,3.0327627384397593e-05,0.25550705251331396,0.25549593361291406,502
1.4020384723534278,0.021368001215429023,0.0006991794200308361,0.004000291992076205,3.443040206219702e-05,0.2558677425013541,0.25585720876969825,503
1.4152049800602406,0.01875521472200769,0.0016694554704144238,0.003890772154056077,0.0001996253670959392,0.264128884141925,0.26412674901429917,504
1.4114935750082607,0.01863298718853028,0.001476804837388351,0.0038951118059735762,0.00018868505588896624,0.2637362679024896,0.26373389312435175,505
1.404393180590683,0.021665276964644896,0.0008004977626941031,0.004004360984153414,3.0678152784882104e-05,0.2555387862194602,0.25552788854290953,506
1.4017621509337486,0.021233685175997833,0.0006921193196872376,0.003998363124543648,3.469633954370012e-05,0.25589035988235864,0.2558800318448028,507
1.414907430002687,0.018649115765572617,0.0016592512961171994,0.0038885906746727564,0.00019904929625962862,0.26410848313106794,0.26410642850002747,508
1.4112082273395001,0.018522083978039675,0.0014668475989488101,0.00389287532814769,0.00018828697979925577,0.2637217702866378,0.2637194822457644,509
1.4041213459838566,0.02153633583352448,0.0007941430794543901,0.004002382077293074,3.0984378925087976e-05,0.25556636137212524,0.2555556720071643,510
1.4015138704755996,0.021103951724934462,0.0006861162062680798,0.0039965420336261935,3.490714374381102e-05,0.25590822678506936,0.2558980906649051,511
1.4145782354250402,0.01854378871929852,0.0016474027211117793,0.0038865348170387445,0.0001983528938494801,0.264083781234082,0.2640818022785559,512
1.4108909328879047,0.018411822712607443,0.0014551689197569587,0.0038907686571030228,0.00018777771417217246,0.26370320087323296,0.26370099401698627,513
1.403886992346208,0.021413287248237434,0.0007893260253332343,0.004000534629825955,3.1237836166372524e-05,0.2555890818715038,0.25557858406639494,514
1.4012982917504015,0.020979567916045737,0.0006813402159765883,0.0039948345152554555,3.505122392356835e-05,0.2559204074119581,0.25591044767015186,515
1.4142124142020218,0.0184389590986148,0.0016337469625027127,0.003884567024803918,0.00019750008601426033,0.2640534723828049,0.2640515642483596,516
1.410537297997717,0.018302051212389547,0.0014416059950908048,0.003888746849129249,0.00018712692699771773,0.26367943445460074,0.26367730354777386,517
1.403695101790612,0.021297059858954633,0.0007862502340943212,0.0039988016417813336,3.14302105189781e-05,0.2556062652915268,0.25559594283155435,518
1.4011212822551087,0.020861375217461182,0.0006780616486795696,0.003993265690951543,3.512001890448094e-05,0.25592621455099973,0.25591641550827327,519
1.4138002088956179,0.018334559568006857,0.0016177986419980469,0.0038827412609993995,0.00019645140451464538,0.2640161123181375,0.26401426907893777,520
1.4101383134331185,0.01819272045043295,0.0014257202907134341,0.0038868711813655507,0.00018629365614166815,0.26364894340751943,0.26364688113624984,521
1.4035529136043403,0.02118839745391184,0.0007852567276566785,0.003997230773286349,3.1550962724137194e-05,0.255617024365635,0.2556068561812841,522
1.4009881681161065,0.02075041726860117,0.0006765228506423929,0.0039918519132330355,3.510803896415369e-05,0.25592520370655336,0.2559155472902923,523
1.4133364277459222,0.01823077875041178,0.0015993075397597993,0.003881047978115827,0.0001951781005415672,0.26397061561068685,0.2639688313339398,524
1.4096903000039265,0.018084218592876962,0.001407362205905227,0.0038851143186992166,0.0001852449305403863,0.26361047135628984,0.2636084710609886,525
1.4034646961577923,0.021087880379527066,0.0007865138137945233,0.003995795713786269,3.1591185872130244e-05,0.25562060369285455,0.25561057020382055,526
1.4009035052859673,0.020647390371837333,0.0006769498149480429,0.003990600677117234,3.501178230760628e-05,0.25591707548604936,0.2559075437290794,527
1.4128154759364335,0.01812768309909795,0.0015779639431121799,0.003879539158518728,0.00019365918864487373,0.26391614848457984,0.2639144162256313,528
1.409188623613146,0.01797682308739617,0.0013862737386114913,0.003883539380290765,0.00018395876843534803,0.2635631400654623,0.2635611934058118,529
1.403434908736413,0.020995940969455767,0.0007902569308811472,0.003994531152292954,3.154726190036425e-05,0.2556166949267665,0.2556067734345512,530
1.400869779660146,0.020552801019410667,0.0006794777963874522,0.003989505712124336,3.4832553295504277e-05,0.25590191098674864,0.2558924848179987,531
1.4122386275667056,0.018025727789024466,0.0015538328194200349,0.0038782008671741546,0.00019188556120704742,0.26385227639079756,0.26385058954962515,532
1.4086358270317405,0.017871105607442865,0.0013625972825961406,0.0038821277515485755,0.0001824262514697672,0.2635065262547321,0.2635046261043428,533
1.403463537312583,0.02091258421390745,0.0007965112621167174,0.003993412912743557,3.1422163528719346e-05,0.2556055475672515,0.2555957192835035,534
1.400886958045098,0.020466759283978838,0.0006841656558904733,0.003988556184613567,3.457967001981874e-05,0.2558804481138616,0.2558711111077394,535
1.4116101180954927,0.017925221940849743,0.001527095126364171,0.003877057448116471,0.00018986825081262525,0.2637792688780147,0.26377762080928346,536
1.4080367462346044,0.017767652126445207,0.0013365569596397772,0.003880916865828278,0.0001806544474849005,0.26344077555369855,0.26343891404910125,537
1.4035483828987323,0.0208373387822317,0.000805238717629568,0.003992457317752008,3.1224772476490954e-05,0.255587913069876,0.25557815845101234,538
1.400951744523727,0.020389020777612756,0.0006909430175422041,0.003987737223048005,3.427006437120576e-05,0.2558540639192962,0.2558448010660611,539
1.4109411540090835,0.01782652296042247,0.0014982810209714778,0.003876082536985364,0.00018764496401134598,0.2636983562521693,0.2636967420560731,540
1.4074032622761652,0.017666866413776672,0.0013087723886015669,0.00387987248822069,0.00017867194515339553,0.26336682255262617,0.2633649945954158,541
1.4036818019056019,0.02076903034033473,0.000816129000505721,0.003991623490014265,3.096849973585547e-05,0.25556493483662257,0.2555552410301717,542
1.4010574619388012,0.020318661704234086,0.0006996018500971578,0.003987023679277471,3.3924993260797466e-05,0.2558245165688491,0.25581531706006494,543
1.4102453608945695,0.01772999634123139,0.001467986762503631,0.003875277604354657,0.00018527764702475799,0.2636116731897573,0.263610088804947,544
1.4067486631183685,0.017569160299537773,0.0012798698426759242,0.0038790052540621845,0.00017653021531316722,0.26328646737523437,0.2632846683939432,545
1.4038536741320014,0.02070611281440381,0.0008287730840536815,0.003990902967440909,3.0670924118030515e-05,0.25553813363129046,0.25552848995066524,546
1.4011942656706784,0.020254316861249923,0.00070976869385614,0.003986384289601456,3.356669334739312e-05,0.2557936770144178,0.25578453343840873,547
1.4095400668545415,0.017635820628407725,0.0014370229420475383,0.0038746019186855574,0.0001828426955383476,0.26352193386828776,0.2635203775325946,548
1.406089219106688,0.017474705870212687,0.0012506424194261225,0.003878274451354342,0.0001742960912324885,0.26320212449693187,0.2632003530584798,549
1.404050679787694,0.02064662897255754,0.0008425970175193868,0.0039902544628004355,3.035101902362759e-05,0.2555091758933281,0.2554995789547588,550
1.4013503787038781,0.020194180907753396,0.000720961343906381,0.003985785577646903,3.3215274509345186e-05,0.2557632694288351,0.2557541793504471,551
1.4088419399430607,0.01754397177351787,0.0014061739698463525,0.0038740309955246164,0.00018041998339306625,0.2634320506026841,0.2634305217488557,552
1.4054396623983145,0.017383471355022315,0.0012217835819355468,0.0038776682146136735,0.00017204321616090973,0.2631165245458128,0.2631147799944763,553
1.4042592978288932,0.020588593913109837,0.0008570202183811041,0.003989667330010244,3.0027581080641665e-05,0.25547974279329255,0.25547019141368693,554
1.4015134002449907,0.02013634559785188,0.0007326365779306502,0.0039852039291657865,3.2887072454775475e-05,0.2557347251420426,0.25572568936174667,555
1.4081667159268005,0.017454331908671825,0.001376216312972943,0.003873516915411919,0.000178082372801012,0.2633447507582949,0.2633432508480633,556
1.4048137258846836,0.017295154399840747,0.0011939714866183431,0.0038771360209575376,0.0001698413585211637,0.26303231976745367,0.2630306040547021,557
1.4044656856171942,0.020530036140500904,0.000871418828191284,0.003989106452946027,2.9716449480690686e-05,0.25545127961864833,0.2554417782882306,558
1.4016713656885953,0.020078926204227392,0.0007442387111013386,0.003984620625938715,3.2593439188203306e-05,0.2557090664025043,0.255700089286461,559
1.4075265108588435,0.017366772422562585,0.0013477525442648188,0.0038730355509819,0.00017588996707469272,0.26326235149114563,0.2632608825785491,560
1.404221255747578,0.017209460842833226,0.0011676707716205316,0.003876657271264624,0.00016775221610114646,0.26295191939834195,0.2629502346602256,561
1.404658127236664,0.020469278705695815,0.0008852650766036768,0.003988562396893797,2.9430408929658244e-05,0.25542498008564624,0.25541553435694186,562
1.401813769859515,0.02002025781457509,0.000755247519187323,0.003984026515178137,3.234043411040374e-05,0.25568686505118626,0.25567795312550096,563
1.4069304698422047,0.017281083718048016,0.0013212765160750864,0.003872553949988715,0.0001738842424630236,0.2631865174501467,0.263185082769308,564
1.4036695266402996,0.017125951342035265,0.001143246598405747,0.0038761910230110507,0.00016582414127503607,0.2628772722761863,0.2628756220583684,565
1.4048264930128012,0.020404964833949265,0.0008980879150865814,0.003988010730790839,2.9179109759903365e-05,0.25540176913241425,0.2553923875975426,566
1.4019319195923774,0.01995897632351705,0.0007652075470718108,0.003983415200589012,3.213032092574744e-05,0.25566836139688953,0.25565952277723675,567
1.406383999079766,0.017197157592805653,0.0012970993192659996,0.00387206050426247,0.00017208881456683584,0.26311826263522864,0.263116865243454,568
1.4031622675338216,0.017044288770545892,0.0011208783996436073,0.00387572324218916,0.00016409160818513826,0.26280982467425446,0.26280821198831184,569
1.4049634031768536,0.020336182210494925,0.000909548489685256,0.003987447181925716,2.8970037526373456e-05,0.2553823821423579,0.2553730730644841,570
1.4020192117932584,0.019894090993176565,0.0007737559050237625,0.003982786085126204,3.1963244797778164e-05,0.25565360458449105,0.2556448480635197,571
1.4058900613777607,0.017114865810205153,0.0012754305080498773,0.003871538800968932,0.000170511468446708,0.26305800399933726,0.2630566472482354,572
1.4027013995154334,0.016964138382416005,0.001100680844800884,0.003875227670019757,0.00016257420999843132,0.2627504592073553,0.26274888744499675,573
1.4050631496860075,0.020262364102998538,0.0009193735614922411,0.003986856955932053,2.8808485737270745e-05,0.25536735369966157,0.25535812633702587,574
1.4020708911266624,0.019824975038563147,0.0007806220009778938,0.003982139510834276,3.183887802881197e-05,0.25564259497295455,0.25563392939797375,575
1.4054491715661395,0.01703413957726383,0.0012563451470708896,0.003870988634974417,0.00016915032141417424,0.26300578030777755,0.2630044669064836,576
1.402286803290834,0.016885258569106523,0.0010826642347216647,0.0038746988577872898,0.00016128027011102223,0.2626996169277275,0.2626980886719296,577
1.4051220562509952,0.020183277838160922,0.0009273833840791812,0.003986238316991879,2.869810396509748e-05,0.25535706113135714,0.2553479238749282,578
1.4020838624959042,0.019751301454809005,0.0007856240412444324,0.003981476868469391,3.1756910077557753e-05,0.25563532697166347,0.2556267609688107,579
1.4050605654285924,0.016954912310402272,0.0012398507375707079,0.0038704047553657587,0.00016799743582786346,0.26296138248135065,0.2629601149443299,580
1.4019176563150415,0.01680743721916033,0.0010668177440065966,0.00387412324200588,0.00016020902581460802,0.26265737041468756,0.2626558881715225,581
1.405137532215938,0.020098937540306266,0.0009334336773361883,0.003985582194940387,2.8640885544560502e-05,0.2553517179993494,0.25534267929730975,582
1.4020563847556993,0.019672986691254103,0.0007886546412053772,0.0039807992222963785,3.171728592120484e-05,0.2556318101815673,0.25562335163116523,583
1.4047221497352922,0.016877149474999065,0.001225867421867061,0.00386979286452242,0.00016704255373829594,0.2629244943320153,0.2629232743890555,584
1.4015921063857297,0.016730546087792227,0.0010530702637806455,0.003873503325226406,0.00015935405458839045,0.2626235515837814,0.26262211711829697,585
1.4051084319240779,0.020009558574216307,0.0009374449704383486,0.003984888726126962,2.8637511305675497e-05,0.2553514027418683,0.2553424702148986,586
1.4019879251243466,0.019590123698477672,0.0007896722953532494,0.003980105244641269,3.1719850246833835e-05,0.25563203784138866,0.25562369408218777,587
1.4044312755005244,0.016800765860398532,0.0012142825495165574,0.0038691506598067522,0.00016627390473224378,0.26289472391066376,0.2628935529409344,588
1.4013080315064812,0.016654471678655025,0.0010413423859558183,0.003872835167619387,0.00015870415730978392,0.2625977838253315,0.2625963986670987,589
1.4050346887593332,0.0199155142198044,0.0009393791184378573,0.003984156155949779,2.8687172855841743e-05,0.2553560407817568,0.255347221528935,590
1.4018792793480204,0.01950296774093173,0.0007887076603511232,0.003979396695951618,3.176409910706794e-05,0.2556359647893744,0.2556277419813348,591
1.4041842859446252,0.016725658732511438,0.0012049155540300176,0.0038684832474875793,0.0001656790163802754,0.2628716361190128,0.262870514779992,592
1.4010624730110357,0.01657911769493932,0.0010315047866207606,0.003872124787048756,0.0001582443722558544,0.26257952194067224,0.2625781870175231,593
1.4049177893638145,0.01981731578913544,0.0009392689080570276,0.003983389114673181,2.8787274374830934e-05,0.25536537737487597,0.25535667752086044,594
1.401732605520877,0.019411923824973053,0.0007858585062448406,0.0039786743439690015,3.184831306291771e-05,0.25564343096554903,0.25563533434920754,595
1.403976750092073,0.016651680378539715,0.0011975402511265935,0.003867790131164598,0.00016524350476095016,0.2628547074941809,0.2628536360204281,596
1.4008517575949315,0.016504396651561552,0.0010233889225272626,0.003871374815071339,0.00015795554823885995,0.2625680367694744,0.26256675263000107,597
1.404760904496428,0.019715612955747322,0.0009372222875971306,0.003982594382587706,2.8932941761472327e-05,0.2553789350025328,0.25537035953195564,598
1.4015517922595253,0.01931757396611703,0.0007813056252415146,0.003977945071425558,3.1968843294875434e-05,0.2556540996891526,0.25564613297745,599
1.4038028011019381,0.016578640025199005,0.0011918453153610636,0.003867077993096097,0.0001649497975244851,0.26284327830129384,0.2628422562549183,600
1.4006708598074065,0.016430225186603867,0.0010167459632158377,0.0038705953987704434,0.00015781417388395822,0.26256241114929607,0.26256117768349374,601
1.4045692192692358,0.019611210238314632,0.0009334413597523986,0.003981784020012549,2.911670908754225e-05,0.255395990093351,0.25538754249366125,602
1.4013424002590706,0.01922069161395565,0.0007753019535231317,0.003977216329473016,3.211937942438203e-05,0.2556673961767625,0.2556595617608814,603
1.4036552226020265,0.016506304362514376,0.0011874468691996805,0.0038663512989898768,0.00016477534397609,0.262836484876168,0.2628355113161076,604
1.4005134004876671,0.016356516160875117,0.0010112505005913748,0.0038697967384035276,0.00015779169446621393,0.26256151640791087,0.26256033287208635,605
1.4043499096748764,0.019505078833812795,0.0009282208332968989,0.003980975241936616,2.9328393765451917e-05,0.25541556956981,0.25540725146254273,606
1.4011117504234627,0.0191222464412637,0.0007681784795925549,0.003976503208750103,3.229086765025974e-05,0.255682505402572,0.25567480383930974,607
1.403525153369569,0.016434419279806434,0.0011838693051562008,0.0038656213411422816,0.0001646922001594382,0.2628332458933599,0.2628323191892212,608
1.400371549070656,0.016283186721186466,0.001006493176655646,0.003868994095376367,0.00015785493377279536,0.2625640333401657,0.26256289815671496,609
1.4041116743216442,0.01939833954910683,0.000921924329927683,0.003980188517706228,2.9555462025410742e-05,0.2554364935413749,0.25542830454381693,610
1.4008682579035339,0.0190233611948944,0.0007603089316081568,0.0039758214163343785,3.247197614180298e-05,0.25569841874047555,0.25569084898924654,611
1.4034027021844906,0.016362727705556968,0.0011805821994042439,0.003864899025104682,0.00016466810734773427,0.262832307171656,0.2628314250922224,612
1.4002366126507118,0.016210155727818986,0.0010020163766315197,0.003868203409665146,0.0001579676107095186,0.2625685166471433,0.26256742738902794,613
1.4038638969001576,0.019292191580671983,0.0009149453480434227,0.003979447860690296,2.978397593853907e-05,0.2554574697377575,0.25544940729501897,614
1.4006207412091536,0.018925207691037872,0.0007520841712507832,0.003975191371869767,3.265040240877346e-05,0.25571405306317446,0.25570661229108715,615
1.403277647411753,0.01629100035855517,0.0011770343976453355,0.0038641988803456502,0.00016466971859510743,0.2628323699523941,0.2628315296089251,616
1.4000999374799856,0.016137351130519378,0.0009973639218599185,0.003867441121664113,0.00015809366240109274,0.26257353022826496,0.26257248362228797,617
1.403615257303322,0.01918779865780172,0.0009076402178188581,0.00397877509945695,3.0000197789041107e-05,0.2554772436306085,0.2554693033640365,618
1.4003771150078979,0.018828856106883472,0.0007438531371156633,0.003974630156123392,3.281472588576143e-05,0.2557284139066378,0.25572109795801184,619
1.4031408260179168,0.01621905909858112,0.001172729587055779,0.003863533046413988,0.00016466722917923412,0.2628322729545172,0.262831470942741,620
1.3999541827369248,0.01606471353123762,0.000992152269701604,0.0038667214765611265,0.00015820153285132793,0.2625778190816742,0.2625768111404804,621
1.4033724044409357,0.01908613456750809,0.0009002701870396712,0.003978189373303883,3.019258798896368e-05,0.25549477824747857,0.25548695428875784,622
1.4001433086695676,0.01873510634783814,0.0007358819372861012,0.00397415208619769,3.295661309520868e-05,0.25574078505913683,0.2557335887120811,623
1.4029854350972377,0.016146788230634788,0.0011672944432749818,0.0038629108805297006,0.0001646395891397866,0.26283119593567905,0.2628304284576667,624
1.3997945979853836,0.01599220890974939,0.0009861405497047925,0.00386605382561263,0.0001582685565676522,0.262580483161137,0.26257950941522795,625
1.4031386813241717,0.018987840488125275,0.0008929436469022574,0.003977701446251267,3.0353682078231466e-05,0.25550941758067325,0.2555017033673046,626
1.3999222510039857,0.01864435579712238,0.0007283111705796612,0.003973762501952516,3.307268983281547e-05,0.2557508860041576,0.25574380369417354,627
1.402808139915245,0.01607411841072354,0.0011605391152281486,0.0038623349521744077,0.00016457869050387087,0.26282882264683205,0.2628280857497569,628
1.3996198409494565,0.01591982259494226,0.0009792755978524556,0.0038654418990167975,0.0001582839023183014,0.26258109304942545,0.26258014882070957,629
1.4029136531407203,0.018893127718536577,0.0008856001224578992,0.0039773144795243135,3.0481195259477734e-05,0.2555209777448816,0.25551336667857405,630
1.3997136261317193,0.01855654681296533,0.0007211500639154071,0.00397345846099293,3.316545103535583e-05,0.2557589453058139,0.25575197166160574,631
1.4026093596608833,0.016001004248832145,0.001152472538429417,0.003861800507753984,0.00016449088354113166,0.2628253999368882,0.2628246897264022,632
1.3994320601213015,0.01584756299272551,0.0009716960438856917,0.0038648826012369995,0.00015824885190076745,0.26257969999247865,0.26257878069494717,633
1.4026934098638137,0.018801782280165085,0.0008780264870423887,0.003977022428780181,3.057784840737212e-05,0.25552972408058233,0.2555222103252396,634
1.399514337395823,0.018471229070966794,0.00071429687850749,0.003973227636070758,3.3242677637683486e-05,0.2557656463330388,0.2557587768088711,635
1.402392588036418,0.01592738635184627,0.001143267831832976,0.003861296071675536,0.00016439465610300786,0.26282164794802165,0.262820960764432,636
1.3992359687678202,0.015775456672534167,0.0009636806390328054,0.0038643690057432287,0.00015817378033434088,0.2625767158008099,0.2625758171261409,637
1.4024719510391046,0.018713281345235536,0.0008699246861154164,0.00397681444471397,3.0649821739610044e-05,0.2555362281148459,0.2555288070109676,638
1.3993198447275734,0.018387728912465144,0.0007075970658013948,0.003973052159665443,3.3315356662132874e-05,0.2557719456565471,0.25576517682485267,639
1.4021628506035337,0.015853170289252566,0.0011331823098575129,0.0038608060842280265,0.0001643144545123397,0.26281851998135275,0.2628178524711058,640
1.399037260632467,0.015703551860538872,0.0009555615015134785,0.003863892499984534,0.000158072306072466,0.2625726809421247,0.26257179895918803,641
1.4022431412395358,0.018627002811197866,0.0008610024935734319,0.003976678048166805,3.070424734864261e-05,0.2555411413398904,0.2555338096612292,642
1.3991259228041864,0.018305377895930407,0.00070091736195533,0.003972912674038007,3.339467502367494e-05,0.25577881259634494,0.2557721422013779,643
1.4019247965631467,0.015778223247311127,0.0011224590970835059,0.003860315613776241,0.00016427235998697605,0.262816877934465,0.2628162269852768,644
1.3988408018973333,0.015631922513665086,0.0009476251881355509,0.003863447416479574,0.00015795456195438979,0.2625679975316034,0.26256712861838677,645
1.4020027440183307,0.018542450813877485,0.0008510690009878815,0.003976604359425168,3.074671426540638e-05,0.255544971980579,0.2555377278254213,646
1.3989302741582328,0.018223720565548236,0.0006942129523397051,0.003972793297208495,3.348914915494238e-05,0.2557869810052343,0.2557804076864193,647
1.4016812472560023,0.015702403883233726,0.001111254295269625,0.0038598141546193664,0.00016428047819312306,0.26281719463038317,0.2628165572224675,648
1.3986494088225199,0.015560680289527477,0.0009400465132235478,0.003863032711786099,0.00015782220660250678,0.26256273085768006,0.26256187159367794,649
1.4017496846068518,0.01845940073790803,0.0008400955353969868,0.0039765898863831205,3.07798838775509e-05,0.25554796213735737,0.2555408047792477,650
1.3987333070544496,0.018142619447779538,0.0006875576666406199,0.0039726847228080215,3.360301655579398e-05,0.25579681089529355,0.2557903337623363,651
1.4014328192577188,0.015625607370375192,0.0010996218973175617,0.0038592988416035396,0.00016433707879392716,0.2628194024351343,0.26281877545397575,652
1.3984636307521228,0.01548998550844231,0.0009328758687290337,0.0038626528019796475,0.00015766759413947919,0.2625565757330364,0.2625557227927168,653
1.4014861407056682,0.01837788904699215,0.0008282277109499265,0.003976635880256419,3.080397563347708e-05,0.25555013293836076,0.25554306270693755,654
1.3985377337962703,0.018062221460263355,0.0006811219084511551,0.0039725842445054865,3.373645263186354e-05,0.2558083089304774,0.2558019271747707,655
1.401178864736015,0.01554781751753401,0.0010875690804423644,0.0038587741576790744,0.00016442775331777863,0.2628229385601655,0.26282231869526534,656
1.3982825971488655,0.015420053950526867,0.0009260828066437415,0.003862314790015835,0.00015747757210857853,0.2625490068176162,0.26254815701981904,657
1.4012165485713737,0.01829805642373089,0.0008157518339282665,0.003976743995233542,3.081892823490654e-05,0.2555514798238764,0.25554449822452296,658
1.3983472478807273,0.01798282437227777,0.0006751093201828001,0.003972493428535413,3.388724107774447e-05,0.2558212748670497,0.255814987513332,659
1.400919160456379,0.015469150782397762,0.0010751491461693675,0.003858250500026154,0.0001645303576097009,0.2628269387466262,0.2628263225045902,660
1.3981052807453624,0.015351156469556017,0.000919618929255585,0.003862025392914244,0.0001572400622573172,0.2625395399539743,0.26253869047801126,661
1.4009462414838119,0.018219937850483033,0.0008030450508132367,0.003976911225181979,3.0827042506456994e-05,0.25555221059637123,0.25554532059597823,662
1.398165000516571,0.017904735810028268,0.0006696821172962077,0.003972414440555681,3.4052637488933846e-05,0.2558354637766791,0.25582926962113267,663
1.4006554060347127,0.01538988800157283,0.0010625407518632564,0.0038577414042753615,0.00016462047075190957,0.2628304509177156,0.26282983478352606,664
1.3979313760653633,0.015283608238091651,0.0009134583725330383,0.003861787949641643,0.00015694991227786746,0.2625279652089981,0.2625271139715736,665
1.400680485945883,0.018143332112029464,0.000790535321357554,0.00397712662820366,3.0834510364975545e-05,0.2555528830678284,0.25554608935852086,666
1.3979926642117082,0.01782820970568876,0.0006649105408715331,0.003972348147222257,3.4230191933586757e-05,0.25585065739328383,0.2558445549719115,667
1.4003916205040903,0.0153104933056647,0.0010500619446160207,0.003857262257075628,0.00016467463934622916,0.262832561682931,0.26283194236990814,668
1.397761259921593,0.015217748413384182,0.0009075896193828924,0.0038616019693524313,0.0001566111275770317,0.26251443676627245,0.262513582837823,669
1.4004241961571504,0.018067832524380826,0.0007786744842235114,0.003977371801138574,3.085084762238134e-05,0.25555435393384157,0.25554766291272574,670
1.397830358626543,0.017753473510496075,0.0006607614320733297,0.003972294102619147,3.4417220366644684e-05,0.25586661915984366,0.2558606067008625,671
1.4001332536176097,0.015231617416810811,0.0010381076481763192,0.003856829410282239,0.00016467121132842516,0.26283242811506946,0.26283180288107494,672
1.397595234330351,0.015153910092402646,0.0009019741522723793,0.0038614644848827683,0.00015623478028332788,0.26249939119650745,0.2624985351366014,673
1.4001819585874404,0.017993000824779736,0.0007679027598925193,0.003977625112774768,3.08864139254736e-05,0.25555755467138863,0.2555509739217095,674
1.3976772010301515,0.017680782735485713,0.0006571228392224754,0.003972252520283827,3.4609828968210916e-05,0.25588301189597734,0.2558770872355571,675
1.3998854731164607,0.015154072498501597,0.0010270343356598899,0.0038564595116850216,0.0001645910626419606,0.26282930483860917,0.2628286718395563,676
1.3974327069459176,0.015092384457297705,0.0008965100307040731,0.0038613724940122717,0.00015583415999376578,0.262483355317933,0.2624824993129511,677
1.399957782004559,0.01791858991464254,0.0007585826296491504,0.003977867517084879,3.094906526678085e-05,0.2555631884083483,0.2555567256692039,678
1.3975319951711993,0.017610426102585577,0.0006538482553304954,0.003972225661079883,3.4802705981119664e-05,0.25589938183042255,0.2558935424628095,679
1.3996514365674397,0.015078762477784825,0.0010170396205325441,0.0038561673971714023,0.00016442034596394022,0.26282264972476205,0.26282200840123393,680
1.3972719032396177,0.015033381055749626,0.0008910321154381824,0.0038613251866600725,0.00015541951088988672,0.26246673617631683,0.2624658839034128,681
1.3997544231248644,0.01784471138213993,0.0007509119817345957,0.003978088254686003,3.1041164439206185e-05,0.2555714598122221,0.25556512155735905,682
1.3973937871508493,0.0175426563751845,0.0006508074657954718,0.003972218235866997,3.499011844571703e-05,0.2559152445803802,0.2559094879437681,683
1.399431215605839,0.015006568783445738,0.001008083045845961,0.003855963261246589,0.0001641548072088682,0.262812291255231,0.26281164269236335,684
1.397110249405464,0.014976989339115655,0.0008853515058105659,0.0038613251152613123,0.0001549943416860292,0.2624496723525573,0.26244882854594026,685
1.3995726798692867,0.01777188302409882,0.0007448584993468162,0.003978288242047778,3.115801121668417e-05,0.2555819361530462,0.25557572610454155,686
1.397262196317913,0.017477589321992584,0.0006479288805944468,0.003972236659706919,3.51674670378382e-05,0.2559302164410617,0.2559245404552415,687
1.3992218066619573,0.014938215171195684,0.0009998854999218021,0.0038558504197867913,0.0001638028275470201,0.26279854786868495,0.2627978950011728,688
1.3969451785235145,0.014923141084605402,0.0008793133082248209,0.003861377917937291,0.00015455477038187792,0.26243200588730065,0.2624311756451799,689
1.3994112068870934,0.01770092763652734,0.0007401631894154621,0.003978480241973694,3.12885735114718e-05,0.25559361899949146,0.25558753699501047,690
1.3971374546129212,0.017415128983516288,0.0006452162383690919,0.003972288562235748,3.5332398566702625e-05,0.25594410620419106,0.2559385099059582,691
1.3990183522583324,0.01487415125874757,0.0009920223199430958,0.0038558250929840374,0.00016338446933511697,0.2627821934477271,0.26278154094392203,692
1.3967750140673423,0.014871576916112243,0.0008728473738933036,0.003861489781192034,0.0001540926869676281,0.26241340754859954,0.26241259551571866,693
1.399267006464676,0.017632728482072885,0.0007364254071237487,0.003978684816695934,3.141887818982258e-05,0.25560525451606103,0.25559929620859867,694
1.3970200248965023,0.01735494961307021,0.0006427251196046981,0.003972382893295837,3.548498224267843e-05,0.25595692724839564,0.2559514113199056,695
1.398816226684415,0.014814480941804414,0.0009840858566081104,0.003855878424575129,0.0001629262438437024,0.262764256493964,0.26276361020488403,696
1.3965996087809414,0.014821828300853664,0.0008659926379402421,0.0038616632392999076,0.00015360194737604364,0.26239362527172916,0.2623928348900278,697
1.3991362773258549,0.01756789348511882,0.0007332341232979213,0.0039789233734857056,3.1537168554297994e-05,0.25561579634195347,0.2556099540310506,698
1.3969098551714085,0.017296529873105516,0.0006405054560706609,0.003972530114943083,3.562714529052993e-05,0.2559688479031158,0.25596341491245084,699
1.3986130517410762,0.014758937669931907,0.0009758466423151872,0.003855999263582502,0.0001624538959961845,0.2627457403078905,0.26274510632026304,700
1.3964204645404297,0.014773246544000529,0.0008588847626212442,0.0038618931230382306,0.00015308443929230785,0.2623727296621363,0.26237196268497975,701
1.3990151335768768,0.017506454347511125,0.0007302798076544216,0.00397921154779398,3.163841191742691e-05,0.2556248032781091,0.2556190678010162,702
1.396805693811357,0.017239227773586357,0.0006385435771019654,0.003972741485298317,3.5761863865211094e-05,0.2559801223955042,0.25597477663662815,703
1.398409464451259,0.01470689132212429,0.0009673238299693443,0.0038561760256558674,0.0001619865839163822,0.26272739501690673,0.2627267785240792,704
1.3962402044644764,0.014725110720801403,0.000851709264854582,0.0038621658940597653,0.00015255181632418843,0.26235118683868835,0.2623504432170038,705
1.3988999000954787,0.017447761273949487,0.0007273908374064033,0.003979556924618454,3.1725448394748156e-05,0.25563253481078885,0.2556268979462434,706
1.3967049911313902,0.017182383526975244,0.0006367436487183956,0.003973026566450172,3.5892580355614594e-05,0.25599104167533615,0.25598578858590654,707
1.39820818152078,0.014657386964867502,0.0009587251537365611,0.0038563960562850506,0.00016153529393995186,0.262709653572775,0.2627090579032733,708
1.3960617262785626,0.014676808210343947,0.0008446464996725714,0.0038624634561026266,0.0001520213973860606,0.2623296957539941,0.2623289739042256,709
1.398786955560967,0.017390652923452366,0.0007244826227099598,0.0039799619205583715,3.180616785170357e-05,0.2556396957233262,0.2556341522842039,710
1.3966044474035395,0.01712541765505183,0.0006349580650503882,0.003973389167763593,3.602326367814125e-05,0.25600193832675255,0.2559967835583826,711
1.3980122911457955,0.014609246294526727,0.000950313674943099,0.003856642773477892,0.0001611064712144608,0.2626927724006405,0.26269219853107395,712
1.395887750095673,0.014628016517912042,0.000837848685952283,0.003862768793775965,0.0001515099661386229,0.2623089384651408,0.2623082358579424,713
1.3986723406715782,0.0173338060625652,0.0007214655217992435,0.003980427730181635,3.188922487544884e-05,0.25564705453094344,0.255641603450956,714
1.3965006799449984,0.01706788305002434,0.0006330339421905564,0.003973822993871523,3.615908143326847e-05,0.2560132421731765,0.25600819051551077,715
1.3978243377624022,0.014561268999400565,0.0009423121960413266,0.003856892986390729,0.00016070832526746113,0.262677078735555,0.26267652545672426,716
1.3957210800868538,0.014578783827238682,0.0008314600110672128,0.00386306904880715,0.00015103107031535755,0.2622894698956203,0.26228878385705673,717
1.3985516314838693,0.017276067309475205,0.0007181902271532049,0.003980954454051694,3.198160403103718e-05,0.2556552280264404,0.2556498721710739,718
1.396390563629964,0.0170094691115796,0.000630837977574019,0.003974309932580228,3.6306723329740316e-05,0.25602550606420243,0.2560205604954206,719
1.3976466649982482,0.01451251631973005,0.0009348962120165188,0.0038571182734611856,0.00016035421213618148,0.26266310436410367,0.2626625690197763,720
1.3955649239796133,0.014529455459867507,0.0008256375125718756,0.003863354864741909,0.00015059667747796036,0.2622717837936447,0.26227111233036465,721
1.3984205529743479,0.017216648038064383,0.0007144765425662395,0.003981537387657612,3.208872355530884e-05,0.25566469094967315,0.25565943582411305,722
1.3962713936313822,0.01694999710084917,0.0006282578801250108,0.0039748232988142855,3.64732650637307e-05,0.25603930998241775,0.2560344711522261,723
1.397481910109388,0.014462567583368502,0.000928220469994483,0.0038572916269019844,0.00016005946025182718,0.2626514607951741,0.26265094031942204,724
1.3954223943237776,0.014480486868770097,0.0008205263486694219,0.0038636190348352397,0.0001502183891727497,0.26225636117176504,0.2622557035456813,725
1.3982761466107734,0.017155201067062423,0.0007101910318216225,0.0039821648010417085,3.221495687440119e-05,0.25567582213202644,0.2556706739612932,726
1.3961412244770284,0.016889417494261764,0.0006252072076681038,0.0039753352697489645,3.666399964420708e-05,0.2560550804820586,0.25605034690742645,727
1.397332546628903,0.014411599749455446,0.0009224047886905197,0.0038573952738649013,0.00015983475598950342,0.26264257711028505,0.2626420690321246,728
1.3952953786737723,0.014432242589914955,0.0008162057923191942,0.0038638570030609535,0.00014990463822952825,0.26224355496698276,0.26224291177862796,729
1.3981175930796592,0.017091816551989592,0.0007052948927607867,0.003982821251684555,3.236287968358128e-05,0.2556888381664081,0.2556838020472513,730
1.3959992965143135,0.01682777527023382,0.0006216455422523894,0.003975824551488274,3.688109070200027e-05,0.25607298038050513,0.2560683494617072,731
1.3971998523398104,0.014360213408526022,0.0009174875269657122,0.0038574236160828024,0.00015968273689840766,0.26263656349243764,0.26263606661348193,732
1.3951838881884027,0.014384865930828487,0.0008126658904680645,0.0038640679918612746,0.0001496566349630553,0.26223342286373913,0.2622327956187224,733
1.3979460675075617,0.017026907759799315,0.0006998314030867543,0.003983494493853781,3.2532119148353625e-05,0.25570369346549704,0.25569877233221394,734
1.3958461743288852,0.016765147734063783,0.0006175955376747184,0.003976280815062639,3.712392012372083e-05,0.2560929401871117,0.2560884097039571,735
1.3970834394003988,0.014309085272458635,0.0009134118414875383,0.0038573799838362427,0.00015959954181250913,0.2626332712237373,0.26263278574398136,736
1.395086406183234,0.014338257304741543,0.000809832988157112,0.003864254527351457,0.00014946790613440525,0.2622257067744325,0.26222509717630144,737
1.3977639996192468,0.016960983067943053,0.0006938945871415008,0.003984180765558621,3.271952962680164e-05,0.25572009874274926,0.25571529353628925,738
1.3956835138945762,0.016701627111708906,0.0006131363617230287,0.003976705182817688,3.7389959564862536e-05,0.25611473299211523,0.2561103022593325,739
1.3969815968755703,0.0142586413600901,0.0009100628843314359,0.003857271637578242,0.0001595770028112399,0.26263237914295007,0.2626319061646274,740
1.3950005977416728,0.014292163824549687,0.0008076016001663512,0.003864421319164404,0.0001493274588507394,0.2622199614913771,0.26221937081739727,741
1.3975744179672398,0.016894422491698504,0.0006876156252299857,0.003984885699355825,3.292067884805194e-05,0.2557376544726963,0.25573296520909533,742
1.395513652139043,0.016637375008677624,0.0006083763848301065,0.0039771070625812255,3.767516458305764e-05,0.25613800982265894,0.2561336797070423,743
1.396891819920895,0.014208921484576243,0.000907310534370614,0.0038571068296812876,0.00015960313171036941,0.2626334133040271,0.26263295394224323,744
1.3949237499908298,0.01424634420230585,0.0008058437598202398,0.0038645757827006164,0.00014922290372274872,0.26221568269572965,0.2622151115182677,745
1.397380474016935,0.01682741125380736,0.0006811488236597328,0.003985621490991015,3.313120058974027e-05,0.2557559708642192,0.2557513977360089,746
1.3953391416027048,0.016572671883205468,0.0006034236289808711,0.003977497757885558,3.797452184577858e-05,0.25616234710526586,0.25615811878838457,747
1.3968112362647276,0.014159681639697965,0.0009050265587993593,0.0038568938487281604,0.00015966353944934218,0.26263580387032587,0.26263535846957703,748
1.3948530943127337,0.014200719043605627,0.000804416031563563,0.003864729483685364,0.0001491420601481631,0.2622123732397992,0.26221182154876715,749
1.3971849901162299,0.016760050559264102,0.0006746383998982722,0.00398640159157608,3.3347267559986846e-05,0.25577470930523666,0.2557702529691151,750
1.39516230034265,0.016507891572417034,0.0005983667816368781,0.003977883608980642,3.8283197890331494e-05,0.2561873417466899,0.25618321494857244,751
1.3967371293393611,0.014110650900097315,0.0009030912795593596,0.003856641383428138,0.00015974490630167368,0.2626390231545667,0.26263859106140114,752
1.3947862369651118,0.014155405960006643,0.0008031820610562386,0.0038648975647404362,0.00014907433085999816,0.26220959994676313,0.2622090675137361,753
1.3969901379810619,0.016692508838038748,0.0006681879194586427,0.003987234230885057,3.356573603322236e-05,0.2557935943966783,0.25578925521494,754
1.3949848729058065,0.016443415917172657,0.0005932660693247061,0.003978263135075844,3.85975367373147e-05,0.25621269158556215,0.2562086633317522,755
1.3966674722742594,0.01406177006950649,0.0009014045933018895,0.003856360288929454,0.00015983769341218015,0.26264269328158285,0.26264227323871236,756
1.394721482823124,0.014110618658539525,0.0008020369437312482,0.003865095399589555,0.00014901208558261577,0.2622070506504485,0.2622065373523733,757
1.396797292001614,0.016625065586055043,0.0006618502561277857,0.003988117629684632,3.37844767638689e-05,0.25581244154928623,0.2558082183405248,758
1.3948078278140676,0.016379534161780562,0.0005881499745249816,0.003978629455829329,3.8915544517030006e-05,0.25623823248340666,0.25623429718673035,759
1.3966011169104222,0.014013242043191902,0.0008998933946892098,0.003856064895491327,0.00015993671704173982,0.26264660891471464,0.26264619973951736,760
1.3946578908296496,0.014066514911602128,0.0008009203529785272,0.003865334819210625,0.00014895090717072823,0.26220454452942543,0.26220405041700456,761
1.3966069194447277,0.016558026681582183,0.0006556276748574121,0.003989040350497712,3.400259915757862e-05,0.25583117476650963,0.25582706402393346,762
1.3946313219287705,0.016316370103704608,0.0005830194265548475,0.0039789749816935855,3.9237174884255776e-05,0.2562639584037776,0.25626010919509973,763
1.39653761349221,0.013965366551631995,0.0008985116692530712,0.0038557714243405198,0.00016004078947871872,0.2626507228836426,0.2626503239624965,764
1.3945951994990597,0.014023109281180023,0.0007998197069736097,0.0038656223922807504,0.00014888879425505643,0.2622019996006825,0.2622015247324639,765
1.396418571595018,0.016491601711509443,0.0006494780718894217,0.003989986842758331,3.4220322081476115e-05,0.2558498138501559,0.2558458100828481,766
1.394454901236155,0.01625388501660468,0.0005778592529706629,0.003979294794684011,3.956419849262951e-05,0.25629000782929795,0.2562862382164919,767
1.396476910115015,0.013918315603511144,0.0008972389525411526,0.0038554946008641346,0.00016015160180230144,0.26265510180924284,0.26265471313248917,768
1.39453368764481,0.013980307157583353,0.0007987611165643298,0.0038659606433277633,0.0001488253094319767,0.2621993979126831,0.2621989421773193,769
1.3962311356207577,0.016425844702749597,0.0006433333214868934,0.003990943929655284,3.443872488033338e-05,0.2558684516595379,0.2558645486567356,770
1.3942778676275605,0.016191956254277946,0.0005726508651405478,0.003979586928031021,3.989944188061639e-05,0.2563166005003179,0.25631290525717604,771
1.3964190614880454,0.013872043645790765,0.000896073674018784,0.0038552457694539495,0.00016027163646202864,0.26265984346119764,0.26265946530068357,772
1.3944739122995755,0.013938022895198608,0.0007977868649358912,0.0038663514214490142,0.0001487606259552143,0.26219674653156383,0.2621963096526046,773
1.39604330180338,0.016360704352851,0.0006371234622753982,0.003991903794377427,3.4659373598439384e-05,0.25588722121195046,0.255883413272357,774
1.3940996610616843,0.016130470150571594,0.0005673840516417949,0.003979850265082289,4.02458510327542e-05,0.2563439617773718,0.2563403366738397,775
1.396363990510411,0.013826387345909238,0.0008950171777719992,0.003855033961720277,0.00016040217827294334,0.26266499815526806,0.26266463074804375,776
1.3944163809414927,0.013896278153390233,0.0007969308525334899,0.003866798912756509,0.0001486942157356338,0.2621940237713248,0.26219360547018083,777
1.395854104067579,0.01629614125596089,0.0006307991202831532,0.0039928625269919785,3.4883703375636826e-05,0.2559062427460812,0.25590252497643323,778
1.3939201796467142,0.016069377154469006,0.000562068663828846,0.003980083171006353,4.060567952130545e-05,0.2563722585887035,0.2563686995480899,779
1.3963113339195743,0.013781241427344437,0.0008940564088107739,0.0038548686331058455,0.0001605419221721828,0.2626705138874547,0.26267015738881144,780
1.394361255441668,0.013855195956102387,0.0007962027821695763,0.0038673098879947504,0.0001486236288220407,0.2621911291036573,0.26219072922072645,781
1.3956633566708052,0.01623220959601826,0.0006243503260764472,0.003993817043975294,3.511247886714312e-05,0.2559255783571853,0.2559219460569955,782
1.3937399595683404,0.016008696974892024,0.0005567424740926626,0.003980284898011695,4.0979891673996394e-05,0.25640155384840246,0.25639805647949954,783
1.3962603185190072,0.013736644937359625,0.0008931534728790313,0.0038547612254799628,0.00016068593186926872,0.26267619548087157,0.26267585010793465,784
1.394308113320765,0.013814911516513338,0.0007955808838235748,0.003867891883471188,0.00014854354082842532,0.26218784397785044,0.26218746240541324,785
1.3954718387506275,0.016169052108555397,0.000617817036351449,0.0039947645551426615,3.534551975988969e-05,0.25594520981630503,0.2559416578348497,786
1.393560194191371,0.01594849922816137,0.0005514728900122084,0.003980458025151429,4.136792657799212e-05,0.2564317903089258,0.2564283501900815,787
1.3962096341309795,0.013692719102019434,0.0008922429692816834,0.003854723819645156,0.00016082516307464143,0.2626816861290067,0.26268135221775185,788
1.3942558001915655,0.013775503523735485,0.0007950084602304523,0.003868552372751424,0.0001484451042571571,0.2621838049991436,0.26218344150515505,789
1.3952812685140779,0.016106852333333994,0.000611289817185756,0.0039957055229512305,3.5581545999609e-05,0.2559650269068638,0.2559615497552643,790
1.3933826853908442,0.015888906558785297,0.0005463538714545754,0.003980608854464601,4.1767634049119376e-05,0.25646278841129116,0.25645940159673625,791
1.3961573433691594,0.013649557094100718,0.0008912329792076391,0.003854766813396996,0.00016094657984989995,0.26268647231699577,0.26268615016347907,792
1.3942023995210957,0.01373701505657052,0.0007943904876573738,0.0038693005929943155,0.00014831591565468908,0.26217850219258054,0.26217815634305824,793
1.3950941654383167,0.0160458092134781,0.0006049024457056586,0.003996646199041631,3.581812363359758e-05,0.2559848244446765,0.25598141697588467,794
1.393209758350653,0.015830124740150598,0.0005414988294372887,0.003980744912205001,4.217525945531759e-05,0.2564942481824548,0.256490911176583,795
1.3961008772971952,0.013607197559178668,0.0008900042034435189,0.003854898883406925,0.0001610338618915106,0.26268991181574997,0.26268960146515996,796
1.3941453105727448,0.01369952390496783,0.0007935923317024233,0.003870150345017534,0.0001481405840450273,0.26217130165779434,0.2621709729115378,797
1.3949136392454629,0.01598615251985442,0.0005988174522385413,0.003997596945622449,3.605170077209938e-05,0.25600430685192715,0.2560009646027377,798
1.3930441086479193,0.015772455606127514,0.0005370316151619432,0.003980872001339339,4.258565031128387e-05,0.2565257681778687,0.25652247732066447,799
1.39603716084134,0.01356568934952732,0.0008884092056278307,0.003855129411046437,0.0001610688302987081,0.2626912895443571,0.26269099075220564,800
1.394081437429811,0.013663166028014763,0.000792447536994658,0.0038711204493017647,0.00014790175679406742,0.26216148661940913,0.26216117444793297,801
1.3947431061612354,0.015928160350638102,0.0005932078247584166,0.003998567436304545,3.6277802819151664e-05,0.2560231057453071,0.25601982445691,802
1.3928885684898806,0.01571626352803353,0.00053307723817338,0.0039809936741308895,4.2992775882795665e-05,0.2565568876673919,0.2565536385772332,803
1.3959628537679107,0.013525137341356835,0.0008862792268765064,0.0038554702686348368,0.0001610332457246388,0.2626898875379035,0.26268959988865875,804
1.3940074860925613,0.013628084452127463,0.000790776530530748,0.0038722319640188134,0.0001475815353603261,0.2621483140953931,0.2621480179676205,805
1.394585903124502,0.015872135589003897,0.0005882372453653676,0.003999563228718938,3.649154635232886e-05,0.2560408233174236,0.2560375981727657,806
1.392745811800377,0.01566191166910478,0.000529752115761934,0.003981112466494903,4.3390539684532676e-05,0.2565871495872291,0.2565839371181,807
1.395874668119948,0.013485657527701197,0.0008834418638015896,0.0038559346063333673,0.0001609106424435005,0.2626850558707284,0.2626847788564001,808
1.3939203610157347,0.013594377430665872,0.0007884110061332298,0.0038735047972707597,0.00014716322143741331,0.26213108492416953,0.26213080420088253,809
1.3944448413910555,0.015818349354577235,0.0005840406015901463,0.004000585752801958,3.6688424194088227e-05,0.2560570970104571,0.2560539223770778,810
1.3926180597721192,0.015609707486472878,0.0005271538367377087,0.003981229995120405,4.377370593694352e-05,0.2566161700353712,0.2566129884773553,811
1.3957697608002821,0.01344730637020495,0.0008797455733098057,0.0038565342421763567,0.0001606881186571953,0.26267628173626617,0.26267601472439595,812
1.3938176283621406,0.013562110034640518,0.0007852178404457921,0.003874956079021096,0.00014663333621602756,0.26210922525251007,0.2621089591595052,813
1.3943217988825705,0.015766989283500805,0.000580707124437642,0.004001632846133269,3.686517838021776e-05,0.2560716701475144,0.25606853981202743,814
1.3925068099308082,0.015559866355436153,0.000525350617168323,0.003981345170294004,4.4138822432329e-05,0.2566437054745322,0.25664054856505547,815
1.3956461908226059,0.013410080330975911,0.0008750841293171256,0.0038572785049406483,0.00016035807195673748,0.2626632567673856,0.2626629989946569,816
1.3936979580838145,0.013531352663036568,0.0007811203536162093,0.0038765994401340712,0.00014598353415341792,0.26208236459280293,0.26208211230802336,817
1.3942174302759478,0.015718128871535616,0.0005782686254939336,0.004002697235194446,3.702055630793267e-05,0.25608445201377517,0.2560813593005259,818
1.392412588450252,0.015512471766203273,0.0005243720039257412,0.00398145266020629,4.448511913501455e-05,0.2566697165708158,0.25666657743493027,819
1.3955033638571361,0.013373967090024093,0.0008694182597027053,0.0038581741694887453,0.00015991957704947137,0.2626459312448499,0.26264568192398513,820
1.393561450171653,0.013502177323237307,0.0007761167208994163,0.003878443334830209,0.0001452119326709476,0.26205039139077846,0.262050152118459,821
1.3941310012763541,0.015671700082040003,0.0005766943991678738,0.004003764918352064,3.71559062156214e-05,0.2560955644706312,0.25609250212430806,822
1.3923347440771612,0.015467431220401666,0.000524201733610116,0.003981542522794045,4.481528663765244e-05,0.25669442205404264,0.2566912934391157,823
1.3953423384331358,0.01333896388354941,0.0008627935698139997,0.003859224324441099,0.00015937886907586016,0.26262453441026085,0.26262429284696054,824
1.393409786548737,0.013474626265320836,0.0007702914562375273,0.0038804894304241824,0.0001443236113210954,0.26201347623800436,0.26201324921291186,825
1.3940603156248645,0.015627462519035355,0.0005758915763152479,0.004004816151149229,3.727562899148403e-05,0.2561053770556358,0.2561023373823349,826
1.392271323286366,0.01542445691306995,0.0005247725221040277,0.003981599096034022,4.513597501249493e-05,0.25671833126695126,0.25671520597397574,827
1.3951659193833936,0.013305057908769704,0.0008553505593580222,0.003860426886082504,0.00015874879423592934,0.2625995553189757,0.26259932094776883,828
1.3932461996812233,0.013448716878849427,0.0007638149697482299,0.003882733568637765,0.00014333032167745453,0.26197206421956776,0.2619718487392342,829
1.3940017428139633,0.015584990696336962,0.0005757090998185676,0.00400582730465995,3.738737515010479e-05,0.2561145216615942,0.2561114970530371,830
1.3922190675792538,0.015383085282159002,0.000525963864972327,0.003981598518482627,4.545788859612505e-05,0.256742246554089,0.2567391176791419,831
1.3949785246753417,0.01327223093468015,0.0008473207288303545,0.0038617756426441484,0.00015804747289785662,0.2625716933186368,0.26257146573344164,832
1.393075256645183,0.013424476909857323,0.0007569312521204711,0.0038851688582860954,0.00014224942384370137,0.2619268362881236,0.2619266318239971,833
1.393950385597169,0.015543694645241506,0.0005759453808484984,0.0040067706315203245,3.7501819858720504e-05,0.25612387294599753,0.2561208562849582,834
1.3921735682653762,0.015342716313975968,0.0005276063154257087,0.0039815074153639295,4.579543189839154e-05,0.2567672322184473,0.2567640931905977,835
1.394785803452333,0.013240492590523522,0.0008390064647098129,0.0038632638877200702,0.00015729626176144498,0.26254178064556405,0.262541559697028,836
1.3929024419793732,0.01340195417414835,0.0007499363052983845,0.003887788296402539,0.00014110190372790862,0.26187863223304386,0.26187843852337406,837
1.393900433043786,0.015502870697530969,0.0005763622399938319,0.004007613345845802,3.763194249673702e-05,0.25613448795717597,0.2561314726567029,838
1.392129645198734,0.015302663057914558,0.000529496463785863,0.003981284572985913,4.61657630540422e-05,0.2567945392083674,0.2567913838531559,839
1.3945939621310317,0.01320989258978723,0.0008307455819254328,0.0038648880883017595,0.00015651677632547612,0.2625106665020484,0.26251045238371706,840
1.3927335267378294,0.013381208732713796,0.000743145659362571,0.003890586712444087,0.00013990939611461452,0.26182833023357965,0.26182814728774434,841
1.3938457632361416,0.015461781215908132,0.000576709391273494,0.004008318985572046,3.779180133585569e-05,0.2561475036670063,0.25614448360232356,842
1.3920820219952907,0.015262230102769376,0.0005314250217662025,0.003980884645149909,4.658705344611596e-05,0.256825470932186,0.25682229348033164,843
1.3944088225290299,0.013180511921133327,0.0008228618290623612,0.003866651016600443,0.0001557269647850022,0.2624790610538214,0.26247885429928997,844
1.3925737504736206,0.013362334886670496,0.0007368487003257221,0.003893563720781568,0.00013869036107890098,0.2617766871860851,0.2617765152455683,845
1.3937808437500079,0.015419766097842302,0.0005767627024157407,0.004008850379410388,3.7994835301624455e-05,0.256163995076379,0.2561609644454582,846
1.3920262707781759,0.015220824627608405,0.0005332168221664916,0.003980263186918577,4.707603226770093e-05,0.2568611975826164,0.2568579924239433,847
1.394234757673203,0.013152474039027062,0.0008156064098253175,0.0038685653906739806,0.00015493677555259577,0.2624473601840951,0.26244716161733567,848
1.3924269172201227,0.01334549482078282,0.0007312562963715733,0.003896727114074531,0.00013745581781503816,0.26172415531349863,0.26172399479002184,849
1.3937018219544217,0.015376368910341665,0.0005763727589005752,0.004009172245121983,3.82519880848281e-05,0.2561848191634702,0.2561817720355099,850
1.3919598259126538,0.015178066167934073,0.0005347756810488465,0.003979383121493812,4.76453737847447e-05,0.25690256284178165,0.2568993241621169,851
1.3940737477916825,0.013125969533731536,0.000809104135348988,0.0038706567012289817,0.00015414436373789898,0.2624154888642332,0.262415299536055,852
1.3922946168417996,0.013330920786410223,0.0007264562356847829,0.0039000947044941173,0.0001362055505000195,0.2616707133672291,0.2616705647236132,853
1.3936074707039976,0.015331434774865371,0.0005755100525046074,0.0040092533218426115,3.857030948357502e-05,0.25621049993829603,0.25620742960747156,854
1.391882731029885,0.015133861655091984,0.0005361195702623441,0.003978220380297427,4.830177806505542e-05,0.25694994806204013,0.25694666957199286,855
1.39392486188442,0.01310126052071615,0.0008033230778440421,0.0038729629845439344,0.0001533340974738276,0.2623828146022553,0.2623826356794467,856
1.3921758716907213,0.013318903128243331,0.0007223918591705807,0.003903694332498694,0.00013492631065224538,0.2616157785211429,0.261615642130082,857
1.3934995576384672,0.015285136202031447,0.0005742867842149059,0.004009066920129007,3.8952740939782194e-05,0.2562412130984114,0.25623811154446524,858
1.3917977565655353,0.015088423423451545,0.0005373882352821248,0.003976765163941264,4.9045614266532105e-05,0.2570032574039894,0.256999932107406,859
1.3937844815618123,0.013078673676513495,0.0007980843294793039,0.0038755321811544466,0.00015247774515250782,0.2623481879299154,0.262348020567658,860
1.3920674878882904,0.013309780175744648,0.0007188785099728096,0.0039075618027128575,0.0001335935543107338,0.26155826779023283,0.2615581438440392,861
1.3933823178378735,0.015237900144548752,0.0005729383068871374,0.004008587398269537,3.9399490664254934e-05,0.2562769013584933,0.25627375878997916,862
1.391709653396134,0.015042196044670147,0.0005388118349973626,0.003975018246756099,4.9872714523129404e-05,0.2570620616340506,0.25705868165162343,863
1.3936474275092208,0.0130585990114356,0.0007931201207763326,0.00387841868116703,0.00015153941018624897,0.26231013445037255,0.2623099797307737,864
1.391965202625249,0.013303899209292128,0.0007156658242087166,0.0039117352598939436,0.00013217726450155922,0.2614968371520849,0.261496725627906,865
1.3932610080977506,0.015190236854958732,0.0005717606303421237,0.004007783347990219,3.991090330863487e-05,0.25631750768172346,0.25631431214444167,866
1.3916236335873604,0.014995681199713532,0.0005406438479611487,0.003972984141758316,5.077812142497818e-05,0.25712587688814353,0.2571224335482274,867
1.3935087803924553,0.013041482654015227,0.0007881715363953945,0.003881679469924865,0.00015048295096647024,0.2622671492599736,0.2622670082051026,868
1.3918653627407147,0.013301556633804928,0.0007125319923104269,0.003916246780345245,0.00013065061106641535,0.26143024982519697,0.2614301504955076,869
1.3931399902880106,0.015142520417543473,0.0005710226448185289,0.004006611104587969,4.049100299328575e-05,0.25636325411981054,0.256359991390349,870
1.391543603991689,0.014949222477012223,0.0005430794942503246,0.00397066342552351,5.176040322179863e-05,0.25719447032253234,0.2571909545567184,871
1.3933657591259065,0.013027826028051763,0.000783092230627809,0.0038853717137186322,0.00014927883461009572,0.2622179717879072,0.2622178454198927,872
1.3917664597855466,0.013302962601659885,0.000709370573726656,0.003921114852842277,0.00012899821544375763,0.2613577381306208,0.2613576506269255,873
1.3930212326091798,0.01509482005617224,0.0005708934881996032,0.004005011257515263,4.115020305358264e-05,0.25641484240286405,0.2564114961640787,874
1.391470963606403,0.014902848892340443,0.0005461951746293938,0.0039680487441314865,5.282424002539767e-05,0.25726802862029297,0.2572644315792101,875
1.3932187800439781,0.013018219575488382,0.0007779087202566398,0.0038895540511564414,0.00014790681822966577,0.26216169471042855,0.26216158412989427,876
1.3916696781656803,0.013308224569776443,0.0007062229823056258,0.003926340584955974,0.0001272200525129119,0.2612791866955429,0.26127911058235403,877
1.3929041293054405,0.01504687837077217,0.0005714287550644312,0.004002910380979056,4.1905741189316315e-05,0.2564734643885107,0.25647001648374046,878
1.3914046471682708,0.014856259710126796,0.0005499414413119195,0.0039651292551999085,5.3979160990521586e-05,0.257347051176528,0.25734336505488076,879
1.393071058075686,0.01301338602667351,0.0007728009936285742,0.003894289874030547,0.00014635258341246703,0.26209762718108254,0.26209753356584486,880
1.3915779928125962,0.013317328882411893,0.0007032296366394255,0.003931908116805144,0.00012532905981281999,0.26119504621753836,0.2611949810185688,881
1.3927869230814256,0.014998262294905708,0.0005726326074743837,0.004000228600277298,4.277950011986184e-05,0.2565406039568118,0.25653703465157207,882
1.3913424586157406,0.014808985506255907,0.0005541936478116158,0.003961902990087143,5.523406511818867e-05,0.2574319624002136,0.2574281813264085,883
1.392926934171935,0.013014188671195958,0.0007680106635815461,0.0038996483443837866,0.0001446004644994399,0.2620249933263782,0.2620249177542819,884
1.3914942176986986,0.013330112783116126,0.0007005193792033249,0.003937786575006666,0.00012334474983019834,0.2611060681535005,0.2611060133217299,885
1.3926690120539647,0.014948609610660595,0.0005745643618004119,0.003996889335924456,4.379442576878639e-05,0.2566177356980153,0.25661402386381854,886
1.3912828478640265,0.014760645660891428,0.0005588248692943098,0.003958391913513016,5.658986096425028e-05,0.2575226232767732,0.2575187441412638,887
1.392790036160545,0.013021581935058837,0.0007637341779802567,0.0039056994954496296,0.0001426280043101742,0.2619426966933844,0.2619426397905712,888
1.3914191789202102,0.013346185070514976,0.0006981051765614264,0.003943927748339318,0.00012128847456290444,0.26101310467411004,0.26101305952248377,889
1.3925526791548062,0.014897813438743822,0.0005774180858163845,0.003992828093510406,4.4971529303968995e-05,0.2567060815163528,0.2567022048199634,890
1.3912258317575015,0.014711129916242623,0.0005637438562679329,0.003954653380688084,5.8033998575294134e-05,0.2576180048946751,0.257614028281132,891
1.392662550653838,0.013036481659076017,0.0007600732518881144,0.003912501271250315,0.00014040780355040118,0.26184937988041573,0.26184934135477467,892
1.3913511407956758,0.013364790815976104,0.000695853995160448,0.003950256339699818,0.0001191852124139409,0.2609171980111172,0.26091716164824885,893
1.3924430653182132,0.014846016077179404,0.0005815110761799833,0.003988002206663929,4.6328309103801394e-05,0.2568064902191806,0.256802425825182,894
1.3911723380121521,0.014660599417347146,0.0005688620117359026,0.003950783962224958,5.953903886328219e-05,0.25771615440898393,0.25771208580436034,895
1.3925459486528151,0.013059566013916552,0.0007570656620509939,0.003920080141750572,0.00013791766561227812,0.26174383521735034,0.26174381337267444,896
1.391286604195229,0.013384689367405545,0.0006935393693555149,0.003956656920822147,0.00011707137649482935,0.26081995270298486,0.2608199240274909,897
1.3923465021061838,0.014793440498405747,0.0005871772371939452,0.003982405993588739,4.7876994918579163e-05,0.2569193204087236,0.25691504668443976,898
1.3911225467685007,0.01460935316029424,0.0005740132637023249,0.003946917557258628,6.106397348935675e-05,0.2578143440856771,0.257810195399336,899
1.3924421198439407,0.013091033539870836,0.0007547416583444811,0.003928408849394915,0.00013515484849638046,0.26162561174718907,0.26162560307260513,900
1.391221471110971,0.013404108704206002,0.0006909189444166762,0.003962966493896507,0.00011500233264962931,0.26072391405456186,0.2607238918098537,901
1.3922684262026923,0.014740215349165099,0.0005946237399649142,0.003976094392184954,4.961984043818767e-05,0.2570441351802892,0.2570396346123772,902
1.3910746383187007,0.014557711832143714,0.0005788960122467978,0.003943221111033192,6.255552990771363e-05,0.25790920539041146,0.25790499650321436,903
1.3923533475431151,0.013130298557626435,0.0007531219292990784,0.00393738299317678,0.00013214888210090858,0.26149560272890937,0.2614956016517571,904
1.3911514860379592,0.0134208380842746,0.0006877685760748658,0.0039689812067750865,0.00011305265227194754,0.26063262207886406,0.2606326049353367,905
1.392211935336229,0.0146863310974666,0.0006038150686907846,0.003969210764618524,5.1540364954751124e-05,0.25717916185600737,0.2571744249384299,906
1.3910248977697566,0.014506034633999647,0.0005830904896461342,0.003939885244723985,6.394937005097898e-05,0.25799683500211046,0.2579925946008531,907
1.3922805590358363,0.01317564548033574,0.0007521271915668335,0.003946799938335591,0.0001289701319892998,0.2613565017496278,0.2613565007318572,908
1.391071926936098,0.013432483817723906,0.000683864710227078,0.003974479863505098,0.00011130686942567769,0.26055020707975335,0.26055019370754184,909
1.3921769963564987,0.014631742387720447,0.0006144045007461018,0.003962006572363144,5.35928169710732e-05,0.25732071150716057,0.2573157407972209,910
1.3909689453912306,0.014454807150332745,0.0005861489581110732,0.003937103570974393,6.517500662269644e-05,0.2580731039026323,0.25806886889954417,911
1.3922208532638967,0.01322397304969979,0.0007514581918025751,0.003956349462427387,0.00012573301851584725,0.2612130735534842,0.2612130637816392,912
1.3909774846816054,0.013436866632151484,0.0006789673625771025,0.003979261311687064,0.00010984324656516459,0.26048061289072183,0.26048060199550643,913
1.392159832565319,0.014576525684452937,0.0006257087680731355,0.003954839712083305,5.569476989782344e-05,0.25746289286388485,0.2574577062422568,914
1.3909032436346036,0.014404661349051068,0.0005877163264698625,0.003935037994742612,6.616811679812939e-05,0.2581343786977328,0.25813019191320985,915
1.3921660186710678,0.013270864541523887,0.0007505424982584616,0.003965630634969436,0.0001225910125958587,0.26107208257717845,0.2610720553892069,916
1.390863099084672,0.013432530496781404,0.0006728494631512531,0.00398319049156275,0.00010871441859327794,0.26042662066986605,0.2604266109726083,917
1.3921526813350256,0.014521021101979656,0.0006367472412276915,0.003948141286642822,5.772857821262294e-05,0.25759793249592433,0.2575925646382234,918
1.390826297189648,0.01435626593178497,0.0005876407647664558,0.003933776866041762,6.688888517760816e-05,0.2581785625373661,0.2581744688752711,919
1.3921032961391977,0.013311201802076301,0.0007486083378819418,0.003974205592520479,0.00011971907209908036,0.26094162109100294,0.2609415699642786,920
1.3907256414393676,0.013419246012393894,0.0006653737656856936,0.00398624341554657,0.00010792906461119526,0.26038889140434124,0.26038888153207485,921
1.3921447077646767,0.014465904415614728,0.0006463846122061897,0.0039423486796262685,5.9556555957965846e-05,0.2577172894177921,0.25771179094665037,922
1.39073928198452,0.014310135817849921,0.0005860446293487926,0.003933300328434438,6.733952267811475e-05,0.2582060662121454,0.2582021081585351,923
1.392018624904089,0.013340299957563605,0.0007448818935492593,0.003981685831422837,0.00011728232908624033,0.26082969662946476,0.26082961917979075,924
1.3905657469777815,0.01339833827326893,0.0006565870534036219,0.003988536544732119,0.00010744045927519252,0.26036534897025626,0.2603653372326634,925
1.3921242881381575,0.014412107225978887,0.0006535689612397172,0.003937814644217226,6.105126214791483e-05,0.2578135307094754,0.2578079654564037,926
1.3906457632329556,0.014266453220172717,0.0005833208315650575,0.003933468432629925,6.757225593967028e-05,0.2582202345428625,0.2582164481710989,927
1.3919014732683974,0.01335527253746159,0.0007388442385437772,0.003987830617919582,0.00011539667671193356,0.2607422845201537,0.26074218374391783,928
1.3903889755466532,0.013372637920671247,0.0006467922015166304,0.003990323445432056,0.00010714925894080172,0.2603512926217358,0.2603512767135779,929
1.3920817454721865,0.014360535042626863,0.0006575844189791689,0.003934714497937927,6.21349771947255e-05,0.25788257427460887,0.25787701586490913,930
1.3905502029862122,0.014224945454890928,0.0005800248314861219,0.0039340449940529765,6.768142292995089e-05,0.25822687200155386,0.25822328473099776,931
1.391749298347009,0.013356126495739954,0.0007304446070090892,0.003992625514538137,0.00011409323605910699,0.2606814435381697,0.26068132764176305,932
1.3902054648402664,0.013345896169263339,0.0006365476211121139,0.003991944681229477,0.00010692601871073159,0.2603405037938551,0.2603404806052719,933
1.3920113096398985,0.014311682569272838,0.0006582202962220323,0.003932983436584358,6.281295470975798e-05,0.2579254624287645,0.25791999127933624,934
1.3904556483483232,0.0141848473943158,0.0005766769739679916,0.003934760610470865,6.777869450455456e-05,0.25823278169907077,0.25822941237232055,935
1.391569342344973,0.013346080368829966,0.000720165499349843,0.003996306624449147,0.00011330168220923926,0.26064432629193784,0.2606442069393371,936
1.3900275524505883,0.013321671592719164,0.000626551652661515,0.003993730669463218,0.00010665185566800836,0.2603272385306048,0.2603272043651023,937
1.391911816207498,0.014265397243891566,0.0006558016679515149,0.003932319125522819,6.317992760018405e-05,0.2579485802254355,0.257943280841375,938
1.3903618393390138,0.014144986214416184,0.0005735549735732553,0.00393540094719212,6.795743926376395e-05,0.25824363022361896,0.2582404907688244,939
1.3913765703684808,0.013330788495064503,0.0007088957921243162,0.003999304731069574,0.00011286556678353967,0.26062382072436935,0.26062371024106973,940
1.3898659243838192,0.013302022216133594,0.0006174336129337732,0.003995886033623496,0.00010626406496699463,0.26030844629257943,0.26030839769180847,941
1.3917864252192191,0.014220968254989846,0.000651073947354065,0.003932272678852622,6.338721364833489e-05,0.2579616087349439,0.25795656605543615,942
1.3902650493470132,0.014104038691905785,0.0005705857095459864,0.003935885517516712,6.825847706802177e-05,0.2582618688604953,0.2582589654555444,943
1.3911884781761683,0.013316534527193492,0.0006976519848747231,0.00400210728530343,0.00011259379920559756,0.2606110225334601,0.2606109310913481,944
1.3897259242272917,0.013286633892087393,0.000609544714218202,0.003998413384793113,0.00010578338098265597,0.260285104811457,0.2602850398291465,945
1.3916418342141703,0.014177489852558317,0.0006449724382444789,0.003932412296323103,6.357896584371307e-05,0.2579736419435358,0.25796893517446506,946
1.3901601243480428,0.014060947658463508,0.0005674157074500594,0.003936292475813143,6.865269991459097e-05,0.25828569248250205,0.25828302403350467,947
1.3910186543106373,0.013307894728949115,0.0006872323257388459,0.004005075397363711,0.00011233495296984437,0.2605988184704638,0.2605987521268427,948
1.38960555483512,0.013272955309759523,0.0006028373274030608,0.004001131519520829,0.00010530111042834414,0.2602616329318654,0.2602615523339426,949
1.3914871551220247,0.01413426858280489,0.0006383542288456168,0.003932490597270596,6.382739092345497e-05,0.2579892046489907,0.25798489775693495,950
1.3900438137295972,0.014015318054996534,0.0005636515746066243,0.003936799311427994,6.905490312848536e-05,0.2583099279857581,0.25830748166813144,951
1.3908714807306946,0.013305813202670519,0.0006779249809479924,0.004008299484131089,0.00011204102595515184,0.26058494336097987,0.2605849031419634,952
1.3894961542513558,0.01325744644464787,0.0005968834091384086,0.00400379534798821,0.00010492376043908723,0.2602432299807769,0.26024313776797103,953
1.3913320336629011,0.01409099311034651,0.0006317892575296361,0.00393251884953027,6.410344743081117e-05,0.25800646285389567,0.2580025927195924,954
1.3899171471832763,0.013967445771869452,0.0005591373424913872,0.003937554939338825,6.937255123864638e-05,0.25832901862398244,0.25832676531899995,955
1.3907410728894807,0.013307290716396839,0.0006694522587574485,0.004011597030554992,0.0001117792778543821,0.26057257196023664,0.2605725537845987,956
1.3893863144419827,0.013237419876222218,0.0005910680660371089,0.004006258027893102,0.0001047029175282642,0.26023244435744775,0.26023234728401157,957
1.3911839979558125,0.014047495049144645,0.0006254968538530563,0.003932686211587813,6.430587993290797e-05,0.2580190947078151,0.2580156604747732,958
1.3897850608818638,0.013917869343338617,0.0005540881001575213,0.003938558868146808,6.956668142567139e-05,0.25834066432759833,0.25833855800834,959
1.3906161215553723,0.013307339852650502,0.000661244795763787,0.004014692045344501,0.00011167152002880955,0.260567474628728,0.2605674703144376,960
1.3892676314020564,0.013212428583397525,0.0005849011629283639,0.004008570534815697,0.00010459694054104309,0.2602272645678619,0.2602271707062053,961
1.3910466415129914,0.014003259824971796,0.0006194783423382671,0.0039331580570001485,6.433819462933745e-05,0.25802110931413713,0.2580180678854087,962
1.3896538195639985,0.013866909611879988,0.0005489927551387277,0.003939646831076281,6.967812264609812e-05,0.25834734225044703,0.25834532529288395,963
1.3904874797271116,0.013302174929640302,0.0006528552870754131,0.0040174696777392225,0.00011179295618423791,0.2605732188185168,0.2605732188178473,964
1.389138365212999,0.013184167938320649,0.0005782421755861585,0.004010931926583655,0.00010449781908671871,0.26022241747761843,0.26022233411648593,965
1.3909198133373146,0.013957117414882553,0.0006137458641875086,0.003933893067236877,6.418303404664203e-05,0.258011431460522,0.25800870246924634,966
1.3895277790982679,0.013814688671252266,0.0005443157095610802,0.003940619484333512,6.979133475274195e-05,0.2583541208246435,0.2583521343101909,967
1.3903529045094432,0.013291269444040256,0.0006442071785721427,0.0040201037231892105,0.00011210971883913899,0.26058818770324454,0.26058818515105986,968
1.389002518839701,0.013154861791365782,0.0005712836694797347,0.004013507767791477,0.00010431095119537695,0.2602132732850628,0.26021320476646487,969
1.390800497705104,0.01390745446445503,0.0006083915297803185,0.003934641015797263,6.39117801093595e-05,0.25799448435543904,0.25799196386199746,970
1.3894066359357466,0.013761500741899916,0.0005401454681968496,0.003941425063688601,6.996614781372472e-05,0.25836457696561665,0.25836257351494046,971
1.390216749396136,0.013276723559957517,0.0006355767015185406,0.004022935779198822,0.0001125153416161278,0.26060732490386374,0.26060731851133684,972
1.3888663482128956,0.013125565895208937,0.0005643775648561171,0.004016267309326179,0.0001040243409415107,0.2601992323702086,0.2601991788763073,973
1.3906830165985349,0.013852923029627458,0.0006033784792092214,0.003935151114380969,6.361655679999692e-05,0.2579759987963889,0.2579735779442964,974
1.3892849298368388,0.013708084033745597,0.0005360697301294489,0.0039422304580999335,7.020212304303697e-05,0.2583786707205282,0.2583766264287754,975
1.3900862489312988,0.013260770721718055,0.000627387181658087,0.004026196066809551,0.00011293640636459354,0.26062715419877747,0.2606271472378204,976
1.3887358119195798,0.0130960453725715,0.0005578853324752236,0.004019004670380642,0.00010369894254617808,0.2601832677734693,0.2601832258037183,977
1.3905594060711115,0.013793214063265412,0.0005982922603381531,0.003935409596149209,6.332997232723656e-05,0.25795801308915967,0.25795559822674785,978
1.389155015931084,0.013655490124880945,0.0005314526837525483,0.003943295740901773,7.047071530374502e-05,0.2583946837524558,0.25839260452273954,979
1.389967369084437,0.013244010395798016,0.0006199606951443219,0.004029819172705298,0.00011339929576802738,0.2606489105437142,0.26064890646330163,980
1.3886161078692643,0.013066156794115593,0.0005521248923954429,0.0040215358601070565,0.00010338378566765001,0.26016778174764044,0.2601677458222244,981
1.3904214384858407,0.013729290284967603,0.0005924288172299316,0.003935658778660689,6.30179538055983e-05,0.2579383848360733,0.2579359164385405,982
1.389011317735957,0.013604556165562507,0.0005258880448692814,0.003944762313298027,7.07809352603349e-05,0.2584131406300106,0.25841105822132654,983
1.3898637018650686,0.013226289997864814,0.0006134414983166522,0.004033546542945163,0.00011397953985742207,0.2606761200750751,0.26067611912402167,984
1.3885122463796444,0.01303676880526713,0.0005473940603003997,0.004023860394397513,0.00010304910320751351,0.26015131041824224,0.260151274686712,985
1.3902636828132815,0.013662694083778754,0.0005852501338748707,0.00393617125578012,6.265336240922157e-05,0.25791538769797295,0.25791285363934613,986
1.3888517938748908,0.013555477059492279,0.0005193600082870496,0.0039465712685248224,7.120161965520024e-05,0.25843810521712074,0.25843606206442876,987
1.3897787828896093,0.01320916340886996,0.0006079383300547434,0.004037211401045798,0.00011468591752778253,0.2607091511114459,0.26070915109667653,988
1.388428755749158,0.013008485085540658,0.0005440056980468418,0.004026092836940141,0.00010261804111724753,0.2601300563234983,0.2601300153531834,989
1.3900849696447881,0.013593993273532962,0.0005767761872804179,0.003937060382299244,6.227920773929311e-05,0.25789171766723146,0.25788915592041006,990
1.3886774022577224,0.013508332569858785,0.0005120544772261859,0.003948575059017237,7.18096413914064e-05,0.25847405696177495,0.2584720838657996,991
1.3897157716255935,0.01319700212130924,0.0006035077270407181,0.0040408800173743625,0.00011541277746257694,0.2607430339040039,0.2607430327998353,992
1.3883710163349419,0.012978348814596976,0.0005425362412446708,0.004028212049916784,0.00010204649055792245,0.2601018063017424,0.2601017545331171,993
1.389885931572002,0.013518846402166038,0.0005676585313268871,0.0039384594224821335,6.199550342659198e-05,0.2578737223361376,0.257871221063718,994
1.3885116118004786,0.013465740383440079,0.0005053630271685156,0.0039505912597673195,7.263214392507922e-05,0.25852244940877206,0.2585205351440299,995
1.3896625732723944,0.013195413680101794,0.0005993150501902281,0.004044625883711008,0.00011592308063554637,0.26076675813026123,0.26076675397905924,996
1.3884125983291293,0.012933690644859667,0.0005487298605241092,0.004029719805417915,0.00010131612939153797,0.26006559135826296,0.2600655149795293,997
1.3896361192432631,0.013397669618986323,0.0005595588989736805,0.003941830526054863,6.213149135842406e-05,0.25788235316123453,0.25788011997659266,998
1.3886914454405475,0.013440686616915552,0.0005208654746819996,0.0039520713654428745,7.37052302745414e-05,0.25858517502876566,0.2585831951764243,999
1.3894068993570372,0.013161479160387958,0.000586344164584126,0.004045694066762979,0.00011465005622876495,0.26070747665086247,0.26070746651108373,1000
1.3894589739082328,0.012838801029367805,0.0006255681487410088,0.004028287947083465,9.991707689314783e-05,0.2599958529847706,0.25999567510659455,1001
1.388297005635717,0.012990983874629922,0.0005071859592973769,0.003956855090826482,6.552160459573766e-05,0.2580945416544569,0.2580931239476463,1002
1.3901692679978792,0.01329787669377996,0.000635992633026268,0.003959669398195523,7.868649305258847e-05,0.2588705407418369,0.25886855684736315,1003
1.3876448660064507,0.012906826977012118,0.0004946220974153684,0.004031329467850153,0.00010730432464079131,0.2603587800749312,0.26035877795398593,1004
1.391242485480605,0.012618796316811863,0.000760689821918737,0.004011576324704792,9.01864446420172e-05,0.25949665439204866,0.25949599511242055,1005
1.385560503105199,0.012557197977635848,0.0003665012314592737,0.003980328125235583,7.108569239201913e-05,0.25843123314776784,0.25843053975797325,1006
1.394506156602116,0.013114019305933386,0.0009436915123208041,0.003988119062224219,9.968713630195484e-05,0.2599843445604584,0.25998316639767827,1007
1.3845292658608592,0.01291444524815402,0.0002825717682553656,0.004019854350163318,0.00011088010112956942,0.2605299620668628,0.2605299081771918,1008
1.392597044787983,0.012345639482948331,0.0007401787135610686,0.003963298095761799,4.324093447936902e-05,0.2565757839440913,0.2565731814475092,1009
1.3878659549381012,0.01223406056687893,0.0004602496062252032,0.003971504111434086,4.792960053638058e-05,0.25692312072236073,0.2569220425407744,1010
1.3886435232414491,0.013561966420645668,0.0004370515375984706,0.004031882363057573,0.00014760687328834693,0.26214935690842717,0.26214933401235396,1011
1.3859488651866616,0.013281298515594791,0.00032158830810663085,0.004034519588094333,0.00012948288904589495,0.2613790548397437,0.26137903176355565,1012
1.394928892779764,0.012345212430150646,0.0007617067501969469,0.003944253767176738,2.7781524042350113e-05,0.2552708181568282,0.255267379669505,1013
1.3938435662188722,0.012215819095938116,0.0006701174919511255,0.003946267459124394,2.544065867327559e-05,0.25504387337998047,0.25504130967928357,1014
1.3849835857336765,0.013046131143765979,0.0002994026260794951,0.004026706361846745,0.00011449491886951789,0.260700229851247,0.2607001315035681,1015
1.4043903305502814,0.013416409109443927,0.0015340940329947497,0.004014060861387309,0.00013296203739583456,0.2615309165895793,0.2615296451114103,1016
1.3843556915777187,0.012736789732003574,0.0002899048320866208,0.004005907509352206,0.00010335686227803542,0.2601664577055155,0.2601655557148473,1017
1.4777220159842468,0.013760362630622776,0.006237179481887053,0.004016755420648369,3.254041124006044e-05,0.25570442032463075,0.2557041548132496,1018
1.51228176922556,0.014109447687644862,0.008188039915799665,0.004005552509846065,1.1321865187662574e-05,0.25336479794158023,0.25336439242574116,1019
1.4136195793535258,0.012059757842483684,0.0017734796294930832,0.003977381871081355,1.2371261117453456e-05,0.2535172803580968,0.253517113325384,1020
1.449634766576186,0.013180543360258399,0.004589826908329246,0.0039607184651541515,6.836683965636911e-05,0.2582684242547398,0.2582636968794017,1021
1.5025178768745648,0.015399092522713898,0.007821718334879555,0.003981831472179604,0.00017282937341780988,0.2631464585884492,0.2631407957959767,1022
1.4268759233205532,0.014841822693101673,0.002436515389086068,0.004026389672401906,0.00025427703183639286,0.2659460663436596,0.2659446046592133,1023
1.431437060323481,0.014549391928538193,0.0030696340251522873,0.004083181960368357,0.00019078700463421734,0.26381256690967386,0.2638117487547551,1024
1.464507861028386,0.01452009399221582,0.005513626058401395,0.004083558815338619,8.234484803208247e-05,0.2590744062082366,0.25907211307920536,1025
1.4020955713818153,0.012554782339111576,0.00121082652492192,0.004031524196474825,2.6485698652953515e-05,0.255146425813412,0.25514612271503984,1026
1.4484016368736763,0.012774159299312143,0.004376213364459024,0.003940932997873543,3.5724064469700004e-05,0.2559769611400527,0.25597346727023884,1027
1.4898506129448799,0.013830538166708099,0.0072335540755124016,0.0039010761843874717,7.149713766955719e-05,0.2584555980078027,0.2584479461771544,1028
1.4075108175454156,0.0127098185125875,0.0018170434041704104,0.003918504341429559,0.00011850531255854906,0.2608860145396995,0.2608821017889622,1029
1.4436074883272452,0.01418452318165127,0.004111874331146993,0.004044304252564625,0.00012615375454709673,0.26123181884411856,0.2612310109723696,1030
1.5108487484513218,0.016633920141268802,0.008455560604728221,0.004134645976188283,0.00010966193258082568,0.2604719593477451,0.2604665866257116,1031
1.4326997816280895,0.015222885097533482,0.0033496378576366027,0.0041469653070391865,9.051979193852789e-05,0.2595141889795467,0.25951012613768665,1032
1.406272308050723,0.013229462188967603,0.0017159590433320276,0.004048480787897583,8.020572838001781e-05,0.2589557650918287,0.2589556399170134,1033
1.4390799448312783,0.013550919053850186,0.003883428110281807,0.0039220087732614135,8.274737345888602e-05,0.2590965583304284,0.2590923739942377,1034
1.395547158492464,0.012334254943374577,0.001063045460878694,0.0038680865718564747,8.334413702353985e-05,0.25912930101505804,0.2591252922149925,1035
1.4461960635770856,0.014484479566935627,0.004277662060616584,0.004058058037497804,6.995365701313735e-05,0.2583638302836163,0.25836247883654134,1036
1.4887217573725553,0.01847123490175125,0.006844714005178027,0.00419344023305508,6.984394555783523e-05,0.25835726902509637,0.2583499913573288,1037
1.4163596830267926,0.01680643637425511,0.0021518474595274865,0.00420207798564389,8.448146380834959e-05,0.25919137986421786,0.2591864169490306,1038
1.427962562629798,0.013778620418721578,0.0031060819169001362,0.004002323733069116,0.00012072777512157176,0.2609876191743968,0.2609868234960805,1039
1.4784784228405436,0.01604956723331361,0.006297631259138301,0.00384439879437785,0.00013257184435696128,0.26151398472975196,0.26150652668627977,1040
1.4245697176168093,0.01497707744464206,0.002814098416350749,0.0037925851988587778,0.00011034284965825648,0.26050442048179034,0.26049767263340234,1041
1.4132686316210146,0.012467210423459647,0.002186281487929691,0.003943210071231425,5.868965848527097e-05,0.2576609176007363,0.2576608956258617,1042
1.4444218937437285,0.016135038500208754,0.003906461258174674,0.004142817982919562,3.8284889897713056e-05,0.25618747847654544,0.2561825887605888,1043
1.4090432104564936,0.016913973013605293,0.0015727157968388687,0.004215898195477463,5.079975401752364e-05,0.25712739461637446,0.25712147352013925,1044
1.418655278900458,0.013814233559379581,0.0024511427935472304,0.003997671317095847,0.00013628094955514614,0.2616739431879355,0.2616739424458927,1045
1.4440305508516456,0.016234569465676054,0.003775358622060798,0.003824073485176727,0.00019597750914625671,0.2639991967321792,0.2639972018292781,1046
1.4061887589644375,0.014638107553351465,0.0015079282226709068,0.003795607672671935,0.00015671727358236212,0.2625186769900961,0.2625177487611812,1047
1.4173473857642493,0.013956874798056563,0.0022274100888624204,0.0040544435278913465,3.578281649555582e-05,0.25598187399529243,0.2559791868766478,1048
1.4452636226019075,0.01916337578811362,0.0033070619014698207,0.00424538374842239,8.729812837791749e-06,0.252954625667964,0.2529469187090119,1049
1.4085584819272132,0.016440894931526395,0.0013521713891977444,0.00421903285430395,2.4212930599434553e-05,0.2549206636340472,0.2549161258371267,1050
1.408909739920216,0.014119840357287248,0.0017008979829384193,0.003916511881388908,0.0001636190532505551,0.26279136635588846,0.26279136624740557,1051
1.4337516672970896,0.017456824163035203,0.002657020239997602,0.0037563884617857575,0.0002659016305166728,0.2663064904414369,0.2663060829164018,1052
1.4046515591896092,0.013817147657663405,0.001393516812811041,0.0038093236901892767,0.00017583309638914636,0.263260207252873,0.26326015363576505,1053
1.4041571621055788,0.014840466495369622,0.0011463567323898279,0.00411432117758671,2.2762944440853692e-05,0.2547710527602253,0.25476791377389635,1054
1.4224961508815726,0.017486451206708428,0.0018394629016473978,0.004241033635811444,6.8818590053787325e-06,0.2526233297553641,0.2526199945949407,1055
1.3932782158945285,0.013577743667100687,0.0007460907097789245,0.004103603841777892,5.0858045667569715e-05,0.2571314827117206,0.25713058449811377,1056
1.4173624742283886,0.014990480458739896,0.001821948327428114,0.003795013014289773,0.0002490383240587334,0.2657809481356075,0.2657809042954923,1057
1.4382331591080864,0.01572258219654468,0.0029410907689380278,0.003724357790889558,0.000288318646755915,0.2669799483731817,0.26697994829206567,1058
1.3908454373093841,0.012378408057189236,0.0006957432407220852,0.003862174922366413,0.00013527292052376507,0.26163068873815154,0.26163067453459576,1059
1.4433471887914344,0.017784310294731615,0.0028853293019303027,0.004279180334291795,1.2338068154117885e-06,0.2511107685696903,0.25111053937130484,1060
1.5051179578046283,0.023419485473193204,0.005704009188644553,0.00445327880216432,4.70906369207313e-06,0.24782996228326024,0.24782951534695835,1061
1.447887027353755,0.019644856932140516,0.0030294024621353244,0.0043502295373605854,9.3446595823706e-07,0.2509666777944264,0.25096630948642945,1062
1.3862347530007215,0.012728388817906507,0.00041404988727571914,0.003995574736170586,0.00010576922811082641,0.26028441676084874,0.26028439722433594,1063
1.426609551083007,0.015056041991788838,0.002320756854121785,0.0036865883133193693,0.0002694011135275175,0.266413443073515,0.26641097613818565,1064
1.4281468443486676,0.015813177080833397,0.002632372657868387,0.003665290557588148,0.00022035551887195204,0.26484437667508987,0.2648394549112034,1065
1.3869063254997889,0.012576279458205367,0.00040383470780253327,0.003916295090639275,5.424805569466574e-05,0.2573653279420991,0.25736345938439714,1066
1.4311465549746358,0.019732053662265058,0.002667221748752116,0.004323168087087705,2.6461796642797326e-05,0.2551441030941066,0.2551415345083482,1067
1.4484079399752496,0.023116073368060677,0.003813557907256138,0.004413853606799384,5.8141995757378474e-05,0.25762508988519994,0.257617791022602,1068
1.3964051249038998,0.014947919971758004,0.0008325184369641262,0.004157897154556622,0.00015699831362922154,0.26252989679244093,0.2625273632748647,1069
1.4278193917515156,0.016393812284277182,0.0028520123494648573,0.003684791807242239,0.0001503779884507713,0.2622628703185988,0.2622587449259539,1070
1.4654371842970835,0.02327875188966447,0.004970847958812244,0.0035393071235617886,6.887804384402443e-05,0.2582992797183867,0.2582875306586607,1071
1.42016344171114,0.01628133235422635,0.0019843884681609047,0.0036986552721220032,1.4895073852298741e-05,0.25385941366690573,0.25385507984569783,1072
1.4062300024088479,0.015541213572915507,0.0011880746440060257,0.004131495649068058,1.9465484249666303e-05,0.2544119705631006,0.2544102128760042,1073
1.43511889021867,0.023759081798953006,0.0029288591595816134,0.004384660734127623,0.0001103353190685058,0.26050406202706866,0.2604930722543369,1074
1.4196595459714378,0.01679243403306024,0.001713188896675837,0.004202914685444788,0.00027392098180131915,0.26655055835315894,0.2665449310392665,1075
1.4039704595173863,0.013088470224348793,0.0010398403741819031,0.003884001741526328,0.0002519623670717207,0.2658733224963056,0.26587332076352665,1076
1.4077707933205679,0.016124329691659313,0.0016099475822492285,0.0037239279692406796,7.124358806375509e-05,0.2584405916891978,0.2584375942180344,1077
1.4056875277775522,0.012771437757974909,0.0008151368970538906,0.003910472141246832,2.4608855188686045e-06,0.25156872098184113,0.25156821698803306,1078
1.407625721911479,0.015349724457999186,0.0009182930132234481,0.004108553004649201,5.081045361671158e-06,0.25225411742410886,0.2522537869027027,1079
1.3972893798500967,0.015986817575594114,0.0009378611198597682,0.004134447262748677,9.83144336582895e-05,0.25991536351619493,0.25991425004891267,1080
1.403376617110003,0.012966107218298387,0.0008059107079691678,0.0038911281032249145,0.00028741721132245665,0.26695338347712505,0.26695336209846005,1081
1.4151318937748953,0.016170603630088865,0.001625361125554079,0.0037813945749277577,0.00024322501770724001,0.26559567304438125,0.2655945315434579,1082
1.3947145358007984,0.014663427438760177,0.0008180632077936079,0.0038568563321252133,6.338556350552779e-05,0.2579615051030272,0.25796045793941197,1083
1.4064547124508926,0.0148379312721483,0.0010113809546705493,0.00411895356193364,8.757207057456892e-06,0.25295925785585793,0.2529589113690777,1084
1.4203206721653738,0.019833944664831477,0.0019210479068612685,0.00421178968793074,2.500203263701236e-05,0.2550002032595698,0.2549980889674552,1085
1.3963237907997346,0.015737539993194726,0.0008474212891541284,0.004075274310560813,0.0001302654658493024,0.26141338976156087,0.26141232535193204,1086
1.4034902549885682,0.01464654261323987,0.0011643363764632687,0.0038324024182718793,0.00019931104187705093,0.26411775626213496,0.2641171037148388,1087
1.4135254184600687,0.018758564944682497,0.00182256002551496,0.0037864795177315,0.00011381667410591194,0.2606684897762482,0.2606663200539534,1088
1.3984440562260572,0.014549559853430049,0.0008716414438160187,0.0039335000205082135,2.9748594112408494e-05,0.255454227178291,0.25545407627378497,1089
1.3970593034500625,0.01457808586033053,0.0008073348923381578,0.004117192133680004,3.2839041855204925e-05,0.2557305359134382,0.2557290919640534,1090
1.4008112367685404,0.01624155609822676,0.0011162016495245642,0.004106456930087994,0.00012868913434761412,0.26134412333975676,0.2613429448069313,1091
1.3971753442723371,0.01397685270440782,0.0007821950155665002,0.003968018327854881,0.00020055154108213484,0.26416162212044,0.2641614757846175,1092
1.3913490636602224,0.013857977991801806,0.0006816505444841722,0.0038904007170209053,0.00010336901796147082,0.26016705552072333,0.2601657268220449,1093
1.395954473302739,0.013169275168624355,0.0006979598540664711,0.003976865888441142,2.1774966267546115e-05,0.25466636542370463,0.2546662969945244,1094
1.3937520665191536,0.013164918433536408,0.000675361071430068,0.004050386460415931,3.220501589547307e-05,0.25567494633414917,0.2556739392645375,1095
1.390504002035083,0.012991603420030938,0.0005807088432246018,0.004015875160888678,0.0001537978258486093,0.26240152514203835,0.2624014972746243,1096
1.39288356604462,0.013681091845877187,0.0005866035281805811,0.003972950555669382,0.0001836956015314574,0.2635534350454583,0.26355226122128594,1097
1.3889160496535442,0.013383354717730644,0.0005181773763310183,0.003979313565435166,6.392278425438336e-05,0.25799517255938753,0.2579949490805627,1098
1.3885432729181284,0.012286903225421286,0.0003961905944992563,0.003993362760948847,3.316881577954353e-05,0.25575923743038464,0.2557591294520139,1099
1.3896846642914666,0.012720185301145073,0.0006418351765485141,0.003993345939366253,0.00010860117983865711,0.2604211889839239,0.2604210729302966,1100
1.3861632979239777,0.013147295271482442,0.00030020477674155675,0.004023105563660811,0.00014727415451638997,0.2621356563282086,0.2621351437538976,1101
1.3898925176969978,0.013637287246214862,0.0004963720410250064,0.004015230868024097,4.6918965086693375e-05,0.2568497419722712,0.25684974168182245,1102
1.3863829014801552,0.012487675254831535,0.00034008055168784036,0.003953104820397241,4.707337801202532e-05,0.2568610041547885,0.2568608917346641,1103
1.391163145424665,0.012959480903640243,0.000563187747296314,0.00399785179362261,0.00017245472324482915,0.26313220176683366,0.26313106781679024,1104
1.3902731015325562,0.013645745716288711,0.0005102229836705994,0.004080549525012621,0.0001573549631190586,0.2625441206594587,0.2625438720994442,1105
1.389439496718715,0.013183959733284397,0.00041362117525648497,0.004037835573434444,3.514450522006034e-05,0.2559282801232786,0.2559279039722861,1106
1.390959521869428,0.013013435228322066,0.0005464039845677319,0.003919112947969545,3.7513394763767165e-05,0.2561248179371935,0.25612480469124277,1107
1.3890398031750573,0.012638112820806537,0.0005289365003031854,0.003946004527688825,0.00014611650452385684,0.26208786600371864,0.2620853155113247,1108
1.3889916480081046,0.013587147858132777,0.0004886496644274454,0.004104115582459777,0.00013614402036986003,0.26166807697822825,0.2616679459303713,1109
1.3896518246648568,0.012988624884284162,0.0004745928861189164,0.004045837289364374,3.946093659726948e-05,0.2562817940588075,0.2562789327710994,1110
1.3885736230890757,0.012739856120845345,0.0005007327478386036,0.0039075112030661,5.3354973609720444e-05,0.2573044488915811,0.2573044488879994,1111
1.3916856573315726,0.013100818502551083,0.0006480966821884707,0.004022647496421912,0.000154653778271392,0.2624359872254434,0.26243033958140427,1112
1.3904211487986393,0.014016378466461135,0.000556063564462871,0.004134276819932536,0.0001358116149293346,0.2616538240474676,0.26165380662100757,1113
1.3920545155809214,0.01287976703804694,0.0006832356756367102,0.003995546367973067,4.582979977037154e-05,0.2567697710279131,0.2567636102846724,1114
1.3912983648829653,0.013009133954226626,0.0006321641544308553,0.0038868861919402363,4.687704766317231e-05,0.2568466815073561,0.25684668006156564,1115
1.3909816843958023,0.013330410819874098,0.0006668587315016665,0.00402973486329081,0.00012188651619785867,0.26104022265164334,0.26103313878377515,1116
1.3895407192862035,0.014288739960980191,0.0004902374448263998,0.004142206534910727,0.0001309292724436566,0.26144243297745967,0.2614417688487422,1117
1.3922308866708168,0.013004740230671592,0.0007515621353215924,0.003966365694898106,6.005934747899211e-05,0.257749796608879,0.2577458328080973,1118
1.39178179096375,0.013097016224162145,0.0006537302206353981,0.0038884947046392273,4.607714356097354e-05,0.25678801469952545,0.2567871082386562,1119
1.3879889217976478,0.01296580853826429,0.0005193591316885364,0.0040294956729471035,9.358947584394206e-05,0.25967416538229227,0.25966787553654874,1120
1.3911493672702322,0.014276397944117898,0.0005748001756261312,0.004127728706970554,0.00014042770272665078,0.2618502195222979,0.26184639407423116,1121
1.3870173011496258,0.01266581080725885,0.00047456099567116515,0.004043064378696148,9.718026920267074e-05,0.2598580053359019,0.25985451801193643,1122
1.3930203395954295,0.012717676012351319,0.0007513564734860493,0.003909761308262836,4.490597813404777e-05,0.2567011922919767,0.25668783302898623,1123
1.3902126532416317,0.012419762670459761,0.0006319920470085368,0.003933989138184511,5.460770346913064e-05,0.2573897025291368,0.25737178035543057,1124
1.3916222361072965,0.013536072804047311,0.0006647367797425812,0.004113750804497968,0.00013664973675404834,0.2616897278306233,0.26168397906669366,1125
1.3948416754512751,0.01427026226232703,0.000817388996753168,0.004140457026722906,0.000141302055932798,0.2618870541318191,0.26187674381357195,1126
1.3847472550306072,0.01242926981659911,0.0003177113985055711,0.003996718694878649,7.028572000699258e-05,0.2583836579132854,0.25837738335266913,1127
1.3864852745262486,0.012554442699723532,0.0004291417334280607,0.003931750170455422,7.239495109362296e-05,0.2585085222626272,0.2585007168400455,1128
1.3939167827808174,0.014496174479841556,0.0008064315167251809,0.004174336456152305,0.00010517303128443643,0.26025539035261147,0.26024826541533463,1129
1.38837744081435,0.01411761673338635,0.00044619285588786057,0.00413106281140092,0.00011939671370920845,0.26092688032831,0.2609257591812969,1130
1.3974883684894817,0.013019931599786535,0.0011312257367454743,0.0038667600297666795,7.461038671797335e-05,0.2586377304147544,0.2586128036165999,1131
1.3960970462143045,0.013072121855121672,0.0009341844291463498,0.0038487551290567823,4.535968068158413e-05,0.2567349595901968,0.2567155190647309,1132
1.3898494037598859,0.013675175513368821,0.0005773346858653041,0.004125880662736407,7.16612543883705e-05,0.25846529706439003,0.2584599955748228,1133
1.397007511774929,0.014484471118330223,0.0008998099354230076,0.004188290320900504,0.00015783122770685767,0.26256308989488086,0.2625566743790718,1134
1.38808722694229,0.013041709598091103,0.0003971465727457381,0.004053381415006287,0.00015968583620944724,0.2626366861245125,0.26263591559885013,1135
1.3915265497315448,0.012147103505621391,0.0006881939062050004,0.003910776138386695,4.4447263988415454e-05,0.25666687812911076,0.2566580800759546,1136
1.3940450093645609,0.012502560880074587,0.0006451094656879403,0.003943901973208063,2.393288677178208e-05,0.254892124975078,0.25489049286336996,1137
1.3853926047179725,0.012726754383793004,0.00034565968942296284,0.004050706992379907,7.219350799632783e-05,0.25849667629113454,0.25849513566785315,1138
1.4131357568041816,0.015358370597625914,0.001674290504126845,0.004064433824706286,0.00021773371945040318,0.2647558029076836,0.2647548876915952,1139
1.4233299917149864,0.01619007328987686,0.002008540092873873,0.004071695777285927,0.0002721350436121368,0.26649651610529135,0.2664899498595029,1140
1.3990789520316558,0.013614147270705538,0.0010567407158046738,0.004068229372619007,0.00016943247044345778,0.263016622850934,0.2630103723318386,1141
1.3942527749930098,0.012673798221466527,0.0007222050120217613,0.0040363950122332855,3.0255554272994863e-05,0.25550050491073273,0.2555001942323961,1142
1.4096095747546227,0.013915110428379198,0.0013204310820801638,0.003981106627453985,1.0062104318428527e-05,0.25317208201634644,0.2531644450065273,1143
1.4043771422107933,0.01398310192866197,0.0014060835948999921,0.003948678437452275,4.1758538152516306e-05,0.256462084659962,0.25645741876288536,1144
1.386552281998004,0.012354853281367106,0.0003963221405871765,0.003986362895520111,0.00014097319237568463,0.2618732132287635,0.26187268570350936,1145
1.3951206756242305,0.014122165916795913,0.0008915808557503017,0.004125278340610339,0.00012131972485438674,0.2610145233602906,0.2610109548806369,1146
1.3899729978538518,0.013820616969901873,0.0005753960014880206,0.004098411836106833,7.071666878416041e-05,0.2584093203520951,0.2584089467274682,1147
1.3905903342263795,0.012458677584203092,0.0007027936014229063,0.0039590044288949,6.873808910058136e-05,0.25829084369051675,0.25828726056249335,1148
1.387072814927741,0.013093951556068255,0.00044776536239989994,0.0039499444152979474,8.295719537207984e-05,0.2591080840670297,0.2591075532653987,1149
1.3984115451442323,0.015404504942130458,0.0010509818180271927,0.004182899872575408,8.761759223593056e-05,0.25936042692594363,0.2593574104111122,1150
1.3981069712143943,0.015621213917649283,0.0009969096464441654,0.004185844037307037,0.00011798170443021322,0.26086193833669724,0.2608617218842852,1151
1.387238029928834,0.012305588165697663,0.0004958551024512202,0.003966098235742805,0.00011673217391250356,0.26080426646804417,0.26080345068892924,1152
1.395724451761235,0.013929033939049821,0.0008067333647653129,0.003918327920298459,3.806293064257198e-05,0.2561695162405631,0.25616719273165744,1153
1.3910812644558235,0.012954376827260493,0.0005131316667614402,0.003992283401571938,3.259702144022976e-05,0.25570938012749456,0.2557001009928419,1154
1.387300659650045,0.012880858131326648,0.0004496976083601724,0.004098469267422033,0.00012343644893655445,0.26111019571999317,0.26110819385585576,1155
1.39494418655612,0.0141245754189486,0.000779016550837037,0.004093757080798521,0.0001606051298044043,0.2626730079225259,0.2626726448330762,1156
1.3867716628126188,0.013137813362207316,0.00042593149406292355,0.0040344063591871175,0.00010095553756030969,0.26004766328856166,0.26004762206111515,1157
1.409641121531733,0.013819482854189146,0.0016869701696424781,0.0039685037092669715,3.2218643741265394e-05,0.2556761469097677,0.2556581582517759,1158
1.422097217202959,0.015776210668820935,0.0022256499879243705,0.003953242305835448,1.9731612207618013e-05,0.25444202793863546,0.25440403699824676,1159
1.4024278846997635,0.014268123651329682,0.0012851600478103195,0.0039916344995011245,4.698504780028218e-05,0.2568545640124141,0.2568341575053078,1160
1.3928164466024737,0.013662069797620647,0.0007309764938677697,0.004081346550121185,0.0001392730679427305,0.2618014011008325,0.26180135635159035,1161
1.4073629298172392,0.014408105606063619,0.0015157292041997168,0.004122810825117753,0.0001800478895107311,0.263418192482996,0.2634106308143307,1162
1.4043097352171765,0.015210735825164459,0.0014313428096522185,0.004086551588944699,0.00012175550916748507,0.26103428788674127,0.2610321402399158,1163
1.3932945422305494,0.012930922627170594,0.0007798496255797505,0.0039988552037408575,4.905369732352092e-05,0.25700383447288133,0.25699616835469974,1164
1.3956761171576832,0.0131685095731119,0.0008488538388888862,0.003952558220792552,3.831539402881384e-05,0.2561899429746011,0.2561599741550297,1165
1.4001124191955514,0.015086346534969469,0.001184197066467709,0.0040064219967338175,8.811339448149756e-05,0.25938687352005435,0.2593754455864798,1166
1.3912216407250577,0.013129209800607375,0.0006488308214018305,0.00408885598321732,0.00014357007358561542,0.2619820730086916,0.2619819473268357,1167
1.3981522986482104,0.014880049765079157,0.0010650910499902034,0.004116610540768215,0.00010513055181520775,0.26025331906336713,0.26025265606843967,1168
1.3977391393480936,0.015169988343003312,0.00098958530914232,0.004071868990695377,6.50080074569945e-05,0.25806275433440673,0.2580610933427275,1169
1.3980241804268314,0.01213166502603265,0.001211002607475507,0.003976411265198155,6.587624164422793e-05,0.2581164180304016,0.2581041351976788,1170
1.3937902476186503,0.012818719038476246,0.0009132589445454027,0.00393643273371472,8.6329495284612e-05,0.25929136670703573,0.2592795407540215,1171
1.398912042260573,0.013722952275337236,0.0011979665893488542,0.004008158234980309,9.665858775504711e-05,0.2598315099427833,0.2598304563642992,1172
1.398623595666579,0.013720671618432401,0.0011792382155474382,0.004108111131149162,9.140345873852243e-05,0.2595605156104952,0.2595601582658671,1173
1.3924822644084374,0.013149865729979903,0.0008058877207881851,0.004139211493446762,8.54852196021047e-05,0.2592458217375258,0.259245795209895,1174
1.389421281772314,0.012274683434180207,0.0006620267123399338,0.004040711867212378,9.334589472470658e-05,0.25966156792268763,0.25965966289057035,1175
1.3988307255880164,0.01315210659667211,0.0012307805726155714,0.003939160416247388,9.444397040228349e-05,0.2597182287687769,0.2597151926445192,1176
1.393834112541443,0.012584608751897238,0.0009302558285174318,0.003930578109579307,8.071357381236574e-05,0.25898407334188484,0.2589824359089474,1177
1.3926675884182083,0.012846382901148779,0.0008108540768935928,0.004030403471555354,6.652313886550442e-05,0.2581561718266295,0.25815606291269944,1178
1.3935194000605713,0.013384608916687732,0.0008499827775170896,0.004117084842209156,7.603269092389674e-05,0.25871967263857404,0.258719372586125,1179
1.3925461311500897,0.0135663042671234,0.0007752469227852296,0.004096479727468064,0.00010912534177297113,0.2604463075664548,0.26044602794818245,1180
1.3901779207851266,0.012861267526880738,0.0006484185292920541,0.0040186982623933425,0.00012068585160362918,0.2609857112470531,0.26098545905042747,1181
1.3936873690870346,0.011898259765747293,0.0009674774800080012,0.003978531734713246,8.221297576906218e-05,0.2590671371319211,0.2590655851296409,1182
1.3923140415591744,0.012146765397019647,0.0007919570660547453,0.003991721000071055,5.398414624533498e-05,0.2573473904377905,0.25734688369272146,1183
1.3909545806089603,0.013135230994829505,0.0006712537513804307,0.004032651809534973,6.421137607922935e-05,0.2580132001147625,0.25801297812222546,1184
1.3895173060117831,0.013180711961504873,0.0006019166568151281,0.004062839419568052,0.00010633294272411063,0.2603117865922502,0.26031143744653523,1185
1.3927694391509065,0.012732702455352754,0.0008229920775601513,0.004064601057211712,0.00012435734960272317,0.2611515626529524,0.26115127370783686,1186
1.390729437467046,0.012374166776393714,0.0007421923932616986,0.004046403425318437,9.666447342978526e-05,0.2598318092653278,0.25983053321153843,1187
1.390183335513823,0.012825404721714456,0.0006411464223550599,0.004022733983021926,6.444268366929859e-05,0.2580276200501331,0.25802731802212536,1188
1.3886613266486436,0.012797648910030013,0.0005461378766910255,0.0040099555205665915,6.613589166221085e-05,0.25813239765765367,0.2581323935097817,1189
1.392853458261848,0.01249839594701188,0.0008754002869069107,0.0040244351236574955,9.817075367803754e-05,0.2599081155462599,0.2599081031372345,1190
1.3903215343983593,0.012620369893823761,0.0006835429120279601,0.004050343380621229,0.00011450538706323697,0.2607007189974897,0.26070056685446885,1191
1.3910845889357675,0.013098983921000784,0.0007182865108114553,0.004067478708145157,9.198203361448765e-05,0.25959072643830944,0.2595904588324795,1192
1.389721054351324,0.012857062129447797,0.0006245284333348147,0.004058205511907652,7.152719170097799e-05,0.25845737498878807,0.25845687998119565,1193
1.3905856707572686,0.012169957861694435,0.000737794423723026,0.004027556590599816,7.762443539920242e-05,0.2588104730519537,0.2588099761777566,1194
1.3891320280098123,0.012113647807482596,0.000654035117185805,0.004011901884485702,9.358083107490492e-05,0.2596737185753414,0.25967365712010076,1195
1.3913414222042848,0.01318112068083339,0.0007300772824309642,0.004033981976352554,9.393807735878051e-05,0.2596921657723535,0.25969216398446215,1196
1.3897142957813358,0.013077285120096729,0.0006264626572213994,0.0040643285340899475,8.558597187985105e-05,0.25925126866326187,0.25925108884502623,1197
1.3901502918722528,0.012560531022449847,0.0006884752037208748,0.004069425595995206,8.364831987501224e-05,0.25914594554297216,0.2591448556890846,1198
1.3883555784846056,0.012275231624897498,0.0005905489744042803,0.0040462636537404026,8.831093624333183e-05,0.25939738986332544,0.2593968470279425,1199
1.3914015609870762,0.013093500768206416,0.0007395789840343193,0.004027212617546827,8.936099227528874e-05,0.2594530943227754,0.25945309134598493,1200
1.389770456284323,0.013022523114327583,0.0006342793529189986,0.004030904148776863,8.607204382590915e-05,0.2592775020251094,0.25927750140178174,1201
1.3894613121861088,0.01230922610870695,0.0006595892927098003,0.004051692808793213,8.37721153241553e-05,0.25915271081833985,0.2591521791350027,1202
1.3881551642733978,0.012420250130027932,0.0005664499537270702,0.004064170264582885,8.608871346284246e-05,0.2592784003719845,0.2592776505626443,1203
1.390987993325058,0.013031353482221893,0.0007162917180189103,0.004056297686087004,9.055575273873535e-05,0.2595160786429461,0.2595160233771731,1204
1.3895589281353589,0.012962369835837217,0.0006257790438544507,0.004045524121811913,9.139413441120135e-05,0.2595600279503358,0.2595600243166161,1205
1.3890987627688083,0.012230468133643672,0.0006423236008733121,0.004044081995550624,8.632361835465302e-05,0.2592910504440915,0.2592907969821165,1206
1.3877094936033365,0.012161785347882016,0.0005506748859931446,0.0040504482746483664,8.134797845092985e-05,0.25901931141778184,0.25901894497630523,1207
1.3907606107000996,0.013028089517909677,0.000699105684385213,0.00405615409097626,8.483459350944548e-05,0.2592105696625912,0.25921050482546243,1208
1.3891335530513962,0.012959696867222224,0.0005975953494837719,0.0040569743202668995,9.216642925872397e-05,0.25960033485138534,0.2596002551237315,1209
1.3891087019651915,0.012364465300740033,0.0006355520955450291,0.0040555645626633285,9.31074788036241e-05,0.259649221668281,0.2596488353775562,1210
1.3878121067424634,0.012254820940857865,0.0005540350214889121,0.004053709552398604,8.480235354925639e-05,0.25920881933524903,0.2592085879534717,1211
1.3903047587934796,0.012921912572799087,0.0006716727257458538,0.0040530587143211795,7.991989539897307e-05,0.25893979280514784,0.258939783205404,1212
1.3888622121426428,0.012848005981861149,0.0005848178409622879,0.004053009227106606,8.526333603000155e-05,0.2592338148145824,0.25923372907591113,1213
1.3889319093297954,0.012238264514038717,0.0006320820269691945,0.004055410875550799,9.380282369171327e-05,0.2596851857850902,0.25968456744039353,1214
1.3877955702275133,0.012285782674454945,0.0005531809376915235,0.004059368488440227,9.127595017154703e-05,0.25955384478477367,0.2595534973869701,1215
1.3896248408218919,0.012913405257927505,0.0006289285737988992,0.00405963207335731,8.202080962512336e-05,0.259056534084578,0.25905653369261844,1216
1.388287702742675,0.012775870648687808,0.0005485517681670161,0.004055340254276459,8.156224559180628e-05,0.2590311818491162,0.2590311526301618,1217
1.3889039820176872,0.012191102776799146,0.0006331400841987252,0.004052637122859627,9.006027241289366e-05,0.2594900090839205,0.2594893472900745,1218
1.3876422588242803,0.012159414268952742,0.0005514161335868027,0.004057142848500326,9.233335113161726e-05,0.25960902446305645,0.25960848910284234,1219
1.3893374427658862,0.012924145894445082,0.0006114280867015034,0.004063945439145397,8.529638853565323e-05,0.2592356043947136,0.2592356008968373,1220
1.38790427147675,0.012797590076942561,0.0005228062088766875,0.0040624212518343035,8.307442811702272e-05,0.2591145174374194,0.2591145145674783,1221
1.3890234261303194,0.012262387133306825,0.0006359904011562683,0.004055363813206588,8.853604633906347e-05,0.25940935950737687,0.25940888541692403,1222
1.3877215915332564,0.012185576497728558,0.0005547031542982382,0.0040545948974451355,9.004132192956303e-05,0.25948901058749346,0.2594884696774597,1223
1.3890244924344526,0.012840490547069188,0.0005960907241854901,0.004062734571763156,8.521230175595835e-05,0.25923105095619986,0.2592310269755392,1224
1.3877340995058818,0.012763790112952698,0.0005149179983411868,0.004066643793399135,8.480351792211189e-05,0.2592088825555608,0.25920887326207026,1225
1.3888876267640842,0.012218224629833366,0.0006302269975316124,0.004061759188183031,8.977116082814338e-05,0.2594747644207201,0.2594744043447827,1226
1.387736670795418,0.012207877645468145,0.0005541532786534548,0.004057724679298682,8.959058453943839e-05,0.25946523029510843,0.2594648519183056,1227
1.3885902158518943,0.01278663131204846,0.0005700539382715232,0.0040600669516021445,8.41456826180972e-05,0.25917309558535706,0.25917306932629897,1228
1.3874211762193063,0.012681186218448848,0.0004992159448310068,0.004063581748947277,8.427185526808668e-05,0.25917997033045787,0.2591799208972562,1229
1.388749345456387,0.012182887422113025,0.0006233788164999237,0.0040649946390283,9.001378896240036e-05,0.25948755969480036,0.2594870957217963,1230
1.3875769355600462,0.012163803336958537,0.0005465903560667561,0.004065375252073525,9.034938324439046e-05,0.2595052292578554,0.2595049073811728,1231
1.3883421497724715,0.012791304952556676,0.0005537701241794972,0.004063899926301885,8.502822478890383e-05,0.25922107503433867,0.25922106996303995,1232
1.3871444031594784,0.012639971450313077,0.00048361454102603945,0.004060712891505604,8.441088044501552e-05,0.2591875394118891,0.25918748904944067,1233
1.3887222429962722,0.012191047548704637,0.0006206458125548326,0.004062367070792697,8.86645384149751e-05,0.25941618491826574,0.25941555861217425,1234
1.3875095415350325,0.01217237123444027,0.0005411654528301578,0.0040683173388051325,8.897394437679926e-05,0.25943260008570274,0.2594321619788875,1235
1.388172198812652,0.012790677291551701,0.000543006072427502,0.004070450106917228,8.59826818235657e-05,0.25927268471498766,0.2592726831947992,1236
1.3870330033884966,0.01263925896811424,0.000477528108772732,0.004064722256261995,8.669866936497369e-05,0.2593112120244882,0.25931119439757067,1237
1.3885567146153481,0.012146500886032575,0.0006125738963514881,0.004061558986974991,8.863455570557215e-05,0.25941459269992984,0.2594139673082354,1238
1.3874266809520515,0.012162193447982172,0.0005353459851206575,0.004066543494539842,8.65219809766201e-05,0.2593017192484304,0.25930115327228537,1239
1.3879534104737397,0.012751175166838873,0.000530425450854091,0.004071881534131184,8.490430893160595e-05,0.2592143534190743,0.2592143443836658,1240
1.3869116142214162,0.012630434858377042,0.00047073762107210465,0.004069300562381933,8.853044168178283e-05,0.25940906167913586,0.2594090524408993,1241
1.3883257073687576,0.012119654515783524,0.0005993816082777465,0.004065864454103368,9.028245541827254e-05,0.25950170802636413,0.25950116703226483,1242
1.3872344963052288,0.012118328948290038,0.0005250804324436209,0.0040681807900825664,8.580065041614743e-05,0.25926286405039756,0.2592622990838529,1243
1.387811790459275,0.01270921825626876,0.0005227502895207297,0.004070898457424732,8.340184896098612e-05,0.2591324612761832,0.25913244101605926,1244
1.3867740095676853,0.012591449848814072,0.00046412003964200923,0.004068797664759077,8.840008934997816e-05,0.25940213217041636,0.2594021157489823,1245
1.3881502857823635,0.012131344611063697,0.0005870456912753474,0.004069260112338837,9.124282187760602e-05,0.25955211085978414,0.2595515991042861,1246
1.3870515938427548,0.012121660549658924,0.0005129659251653154,0.004073495242966022,8.638218486004534e-05,0.25929420167954437,0.2592936960252873,1247
1.3877380701460484,0.012689145205794271,0.0005190771863959284,0.004073176479047059,8.328365524592914e-05,0.25912598790520397,0.25912596924088616,1248
1.3867090166313518,0.012550774927363917,0.000462340501699883,0.004067560673025785,8.794538955412001e-05,0.2593779203213783,0.2593778937902906,1249
1.387961624029936,0.012109332859792474,0.0005758727498340679,0.0040690853823910356,9.081482353662769e-05,0.25952968118756486,0.25952913436465413,1250
1.3869017596210627,0.012128289402592203,0.0005025239622719307,0.004076595976336905,8.63667459642055e-05,0.2592933710764289,0.2592928924155246,1251
1.3876427341341893,0.01267500528626122,0.0005141324899790562,0.004077055291442425,8.3936996397336e-05,0.2591617136168588,0.2591617033975801,1252
1.3866502623196386,0.012525422584453189,0.00046027141439597993,0.004069708628667984,8.841544250255988e-05,0.2594029486068233,0.2594029216875689,1253
1.3877545749748155,0.012075646798984162,0.0005642028602016221,0.0040694915251620195,9.024049881621883e-05,0.25949949992453386,0.25949889203477344,1254
1.3867360982036767,0.01209917121005106,0.0004930189432398908,0.004077009954414535,8.562633997914803e-05,0.2592534501662433,0.2592529388476955,1255
1.387539483503231,0.012650902642432469,0.0005091067291761363,0.004078792219078125,8.430781685580483e-05,0.25918192882001406,0.2591819228221762,1256
1.386552501019884,0.012506952101031095,0.0004552016306932247,0.004072757782100018,8.915824143449118e-05,0.25944236418671146,0.2594423441117457,1257
1.3875971356155266,0.012073577817547807,0.0005537903456752012,0.004072223469936752,9.006029845819666e-05,0.259490010456169,0.25948936283187257,1258
1.3865919471551744,0.012075478929521022,0.00048466973761686886,0.0040780022231374355,8.510898223194122e-05,0.25922545295538063,0.2592248877906241,1259
1.3874408893914814,0.012613643733983652,0.0005051178654763907,0.0040790075041613185,8.445904427061254e-05,0.2591901601874294,0.25919015449827865,1260
1.3864529495237072,0.012483835863554565,0.0004501690014791009,0.004074442851180252,8.9414467138467e-05,0.25945592233145276,0.25945590739325697,1261
1.3874788479369728,0.012075128110881557,0.0005457434249881864,0.00407540358214832,8.985002595366408e-05,0.259478925358587,0.259478266530268,1262
1.386494635961539,0.012070233599159572,0.00047852027176671077,0.004080323667967603,8.511611900642017e-05,0.2592258397453251,0.2592252422434177,1263
1.3873116958687268,0.012572045224968938,0.0004995107860284187,0.004079740415220282,8.48241351193412e-05,0.2592100019065873,0.25920999538023454,1264
1.3863418942902601,0.012456503551913722,0.00044455027190673166,0.004075553684559244,8.928410437240718e-05,0.2594490266362418,0.2594490121697428,1265
1.387369534262143,0.012061682391005937,0.0005392219104662077,0.0040777234963490245,8.934843106230799e-05,0.2594524299025334,0.25945175914798235,1266
1.3864071219656608,0.012056705041645556,0.00047369616994090603,0.004082442557397332,8.53150435969072e-05,0.2592366142929597,0.2592360045591906,1267
1.3871623683775638,0.01253369420383833,0.0004924582130565762,0.004081116360202537,8.540449925243472e-05,0.2592414554726209,0.2592414483205346,1268
1.38620204811114,0.0124308772505286,0.00043688479754017015,0.004077177411000484,8.911853879320781e-05,0.259440261584999,0.2594402441166383,1269
1.3872851046491075,0.012050751723635268,0.0005341441375294096,0.004079628637083419,8.876331712452497e-05,0.25942142861377854,0.2594207306279452,1270
1.3863217561532937,0.012032749191513559,0.0004696815656901768,0.00408387431038282,8.546363806775348e-05,0.25924465456724877,0.25924403648266664,1271
1.3870186819010888,0.012500289328744685,0.00048538409872206443,0.004082659724622126,8.591170956025604e-05,0.259268856971615,0.25926884982496273,1272
1.3860553824744715,0.012410725353873202,0.0004284166022930191,0.004079323524398058,8.902601558201952e-05,0.2594353598543998,0.2594353388604145,1273
1.38722534920536,0.012045544552721915,0.0005303740483132632,0.004081489314694846,8.838922267152362e-05,0.25940155426892403,0.2594008255512746,1274
1.3862586208522623,0.012014296136477079,0.00046674771772571615,0.0040850290173903465,8.555300898865997e-05,0.2592494869581323,0.2592488603237893,1275
1.386868019935144,0.012469488823822854,0.00047749915387152147,0.00408429808938776,8.612216782325165e-05,0.25928020300549787,0.25928019633844296,1276
1.3859144388695486,0.01239360330934749,0.0004201370826288235,0.004081589764820991,8.89679103743568e-05,0.25943228023196707,0.2594322569368593,1277
1.3871647875859758,0.012032495823671382,0.0005271796253849112,0.0040831670296973335,8.834773990069681e-05,0.25939934784443563,0.2593985904455807,1278
1.3862087357382904,0.01199835837641537,0.0004645191041554188,0.00408620339001631,8.562826935002682e-05,0.25925355441708897,0.25925291229695246,1279
1.386698840430786,0.012441509263147238,0.0004680287785556451,0.004086125404151322,8.602478735861563e-05,0.2592749548440203,0.2592749482508306,1280
1.385766606566488,0.012374774802521993,0.0004115215279271296,0.004083731349996104,8.894086022843872e-05,0.2594308462095635,0.259430821583233,1281
1.3871006548312506,0.012012474685160026,0.0005242932838809649,0.00408465821424702,8.854928551283926e-05,0.2594100629919698,0.2594092783451543,1282
1.3861550735652963,0.01197755165532224,0.0004623337686660375,0.004087608381592519,8.565598948392477e-05,0.25925505210595406,0.25925438742828294,1283
1.3865282464244248,0.01241817947547568,0.00045806987993847535,0.004088131836889294,8.577461642849292e-05,0.25926145865555167,0.259261452010284,1284
1.3856132352007688,0.012352978348601128,0.0004027676267866172,0.004085514836894089,8.9023326769723e-05,0.25943521736738073,0.25943519290662626,1285
1.387043994365048,0.011994926853297243,0.0005217468916177102,0.004085998214964899,8.878128347526353e-05,0.259422382048891,0.25942157078900424,1286
1.386101733012049,0.011958293447209353,0.0004599775498714541,0.00408939706456585,8.553014066686583e-05,0.25924825068144597,0.25924755816602313,1287
1.3863693949649025,0.012397971750564106,0.00044871258273503415,0.0040903688816817385,8.558231930568882e-05,0.25925107125178964,0.2592510649494908,1288
1.3854714530547665,0.012328869491110632,0.0003950000336880929,0.004087026789564488,8.932456999993366e-05,0.25945116765272597,0.2594511450307459,1289
1.3869877511280693,0.011978262015117827,0.000519115663235586,0.004087267773262428,8.884408971995501e-05,0.2594257142816847,0.25942487459324465,1290
1.386052423947739,0.01194427002351912,0.0004573950380043571,0.004091395165424001,8.516187676068026e-05,0.25922831928146617,0.2592275948288088,1291
1.3862200809113014,0.012377834408568607,0.00044009640382274625,0.00409262743780991,8.558751653310182e-05,0.25925135214620554,0.25925134661117855,1292
1.3853465502832367,0.01230441687544248,0.00038842638463424745,0.004088471655985787,8.98573599254564e-05,0.25947931220740494,0.2594792917732988,1293
1.386918540300059,0.011959066542919632,0.0005157047960498269,0.00408867008382685,8.863948291612346e-05,0.2594148543757258,0.25941397884341966,1294
1.3859955708597123,0.01192993492901765,0.0004541883603562597,0.004093375062168776,8.459072881530294e-05,0.2591973218284076,0.2591965626369391,1295
1.3860839432817236,0.012355968777676094,0.00043261582566969604,0.0040946120054377875,8.584763699113277e-05,0.2592653999908872,0.2592653954947141,1296
1.38523618084235,0.012281443843324224,0.0003827202633065268,0.0040899990571982275,9.050581882122976e-05,0.2595134546207584,0.25951343573607477,1297
1.3868338440525732,0.011940525443594346,0.0005111207103111529,0.004090441816776237,8.81683628541201e-05,0.2593898010018381,0.2593888829759784,1298
1.3859216243632064,0.01191259194268486,0.0004499713670272653,0.004095322168032859,8.39562943931035e-05,0.2591627667433534,0.2591619761827092,1299
1.3859699086945951,0.012333511651214124,0.0004267704772316699,0.004096218582545179,8.635584219598092e-05,0.25929278441566256,0.25929278124621435,1300
1.3851420431680836,0.012261159951619867,0.0003778795608705142,0.004091585857005726,9.11158299982847e-05,0.25954546122501604,0.25954544339107066,1301
1.3867361437606802,0.01192456284991567,0.0005053977664288958,0.0040925489280673735,8.749454437930975e-05,0.25935385184719695,0.2593528900393473,1302
1.3858327415359943,0.01189468257200209,0.000444810154368948,0.004097303918645975,8.338426523927119e-05,0.25913149852101347,0.25913068267330336,1303
1.3858779660632599,0.012312964724223026,0.000422337488796486,0.0040976045719023245,8.705877290967876e-05,0.2593305290798367,0.25933052715183535,1304
1.3850654537853384,0.012243654109671645,0.0003739861439624634,0.004093167127687097,9.161349402313622e-05,0.2595714938240139,0.259571476590585,1305
1.3866261639414574,0.011908216094241865,0.0004987870610820737,0.004094737875350133,8.669744163108916e-05,0.25931114609653877,0.2593101405422315,1306
1.3857342494209781,0.011877285185685921,0.0004390213054010721,0.004099304684113678,8.290630946968583e-05,0.25910529019140444,0.25910445141736727,1307
1.385800039050274,0.012295975344022167,0.00041861030634893063,0.004098995391991917,8.789135912668885e-05,0.25937503915334165,0.2593750381315227,1308
1.3850010953843768,0.012227663990499208,0.000370784033576133,0.004094769089220942,9.202540660905288e-05,0.2595929873662511,0.2595929706297231,1309
1.3865073641890235,0.011889325213160778,0.0004916635227676224,0.004096848680606234,8.582281904918249e-05,0.2592640606134234,0.2592630099724136,1310
1.3856303341421972,0.011859058748183327,0.00043295437099176643,0.004101251692992233,8.248674900924494e-05,0.259082221589966,0.25908135759713746,1311
1.3857283883364924,0.012281972783327566,0.00041507602636020884,0.004100456923186424,8.882253090928393e-05,0.2594245705954852,0.2594245701990084,1312
1.3849404900500804,0.01221120753374013,0.00036784930446543773,0.004096452714603119,9.23946241917353e-05,0.2596122122423371,0.25961219640539673,1313
1.3863888479515885,0.011869281336130456,0.00048452249265117277,0.004098923124080853,8.487056905489733e-05,0.2592125224045805,0.25921142253285934,1314
1.3855274494289347,0.011839787956414443,0.0004270458406766,0.004103108041706137,8.210936410905689e-05,0.2590614217487686,0.2590605279567739,1315
1.3856573404263184,0.012269008685267096,0.00041146625482313507,0.0041019218043844745,8.98554089973677e-05,0.25947920930232937,0.2594792092664544,1316
1.3848777511927095,0.01219352152195128,0.0003648439204241886,0.004098245869091281,9.270099143622862e-05,0.25962813540807506,0.2596281208709134,1317
1.3862795645356005,0.0118500276915782,0.0004778099196121732,0.004101024878580306,8.384056785271076e-05,0.25915644952220623,0.2591552931806587,1318
1.3854334378443343,0.011820646941791212,0.00042178381687195073,0.004104845864059055,8.181792380270482e-05,0.25904532607497954,0.2590443984798329,1319
1.3855818059288894,0.012255166674140231,0.00040754288299456526,0.004103364620963554,9.096525795939368e-05,0.25953757086261453,0.25953757075885214,1320
1.3848103044700146,0.012175029485137979,0.00036157316513843636,0.004100190667587764,9.28711014351921e-05,0.2596369653644284,0.2596369519876897,1321
1.386183457770316,0.011831394361683997,0.0004718276727567898,0.004103122241870733,8.279487522854855e-05,0.2590991689306523,0.2590979478212619,1322
1.3853528978548066,0.011802054685107683,0.00041751248387073914,0.004106425684308568,8.167653788634107e-05,0.2590375072827822,0.25903654395182474,1323
1.3854978595843304,0.012239790500944089,0.0004030649239232459,0.004104866919013599,9.205039767672193e-05,0.25959428984744165,0.25959428909703763,1324
1.384736147505724,0.01215598305324519,0.0003578924365618542,0.0041023211844295245,9.284993735137656e-05,0.2596358672340053,0.25963585454356786,1325
1.386101453954731,0.011812429276120596,0.00046680312187170187,0.004105104751202933,8.185339128990463e-05,0.25904728640476826,0.2590459948403161,1326
1.3852859150549088,0.011783566309400076,0.0004142928896684802,0.00410783455046617,8.17070019041755e-05,0.2590391925471347,0.25903819246659465,1327
1.3854050467536783,0.012223528097084636,0.0003979695381549905,0.00410654443111927,9.297562132503547e-05,0.25964238670273265,0.2596423847908106,1328
1.3846542528461196,0.01213589742599514,0.00035376483854475166,0.004104609792658611,9.265443919672341e-05,0.25962571759385883,0.2596257051495451,1329
1.3860333552790784,0.011793154172126143,0.00046284833913272697,0.004106879123801426,8.112109756672462e-05,0.259006725129964,0.25900536038109995,1330
1.3852299805875246,0.011764965808621955,0.00041193638363561395,0.004109115960643492,8.187072378435317e-05,0.2590482442376603,0.2590472061593253,1331
1.3853064915951843,0.012206558548218196,0.00039249352367051174,0.004108456563222267,9.36527890384301e-05,0.2596774371110553,0.25967743361773105,1332
1.384566245130379,0.012114161183215138,0.00034933403051496124,0.0041069853635420615,9.23489887729761e-05,0.2596098381241817,0.25960982580818076,1333
1.385977252728391,0.01177419543800688,0.000459873358181076,0.004108427967469005,8.063593080147968e-05,0.2589797511547637,0.25897831105598773,1334
1.385182051573813,0.011746652248825741,0.00041015956298349473,0.004110340629564992,8.21123239013707e-05,0.25906158506561466,0.25906050763787125,1335
1.3852061151247275,0.012188306891379045,0.000386975688221187,0.004110606842122962,9.406741387779616e-05,0.25969883569702035,0.25969883008543454,1336
1.3844755402989224,0.012091326779591278,0.00034478690126348336,0.004109393600602806,9.19932621267914e-05,0.25959131180427325,0.2595912996276252,1337
1.3859290329433187,0.011755664423594762,0.0004576234043328879,0.004109756469263879,8.039268595008e-05,0.25896619684983996,0.2589646774718864,1338
1.385138472471131,0.011728685821116839,0.00040867684701088034,0.004111542115971801,8.239244757819696e-05,0.2590770285654611,0.25907591158492854,1339
1.3851074465181095,0.012168510723512448,0.0003816916747377414,0.004112991223268604,9.422956820716106e-05,0.2597071915715701,0.2597071830586307,1340
1.384385604625152,0.012068652123768243,0.0003402706921525093,0.0041118060072128804,9.163609248914362e-05,0.25957267426005626,0.2595726621108023,1341
1.385884013359191,0.011737001616637656,0.00045583091397049174,0.004110853850304083,8.038275227736295e-05,0.2589656428814315,0.25896403976209387,1342
1.385095497372879,0.011710630509416604,0.00040722983139500357,0.004112744550455059,8.266775315303602e-05,0.2590921808799119,0.2590910260068527,1343
1.3850132292103337,0.012148100113188428,0.00037677015996425724,0.004115619801857677,9.414981623765679e-05,0.2597030828213335,0.2597030704724237,1344
1.3842985753589137,0.01204684196720898,0.000335888629038478,0.004114175217834716,9.135106564504707e-05,0.25955777514095446,0.2595577628192948,1345
1.3858393494043888,0.011717821695768472,0.00045429684453181425,0.004111740904889173,8.057023419897168e-05,0.2589760923680058,0.2589744024865677,1346
1.3850508229867449,0.011692296068049881,0.0004056191451159512,0.00411401115379132,8.286416945002599e-05,0.2591029758568298,0.2591017857216846,1347
1.3849248065742603,0.01212806917811748,0.00037222528730382576,0.004118451495312027,9.388768254987962e-05,0.25968956565331386,0.2596895484630125,1348
1.3842148614655796,0.01202560122821884,0.0003317022672605076,0.00411642629138866,9.122195064879151e-05,0.25955101830428523,0.25955100565290373,1349
1.385794750014011,0.01169841678397552,0.00045286408453873775,0.004112526798186401,8.084467326337065e-05,0.25899136659598365,0.258989587235455,1350
1.3850043691401224,0.0116739281277329,0.00040377193134559096,0.0041154160967830766,8.291229825543944e-05,0.2591056190484469,0.25910439595129603,1351
1.384841602487828,0.012108417951386521,0.0003680002145582265,0.0041213593746224925,9.358332367135513e-05,0.2596738474079011,0.25967382423185204,1352
1.3841335629447764,0.012004642569669675,0.0003276779402533248,0.004118527879305268,9.127148367209917e-05,0.2595536110278836,0.25955359780848114,1353
1.3857508780816068,0.011679303426917942,0.00045139212563133715,0.004113360813615903,8.105641147297871e-05,0.25900313342525694,0.2590012602303098,1354
1.3849568101521312,0.011655666490340413,0.0004017237088626117,0.0041169707604454915,8.280964671716246e-05,0.2590999805888344,0.2590987269631625,1355
1.3847623129067759,0.012088897032075899,0.0003640155619604262,0.004124208474619452,9.338588300676508e-05,0.2596636371520647,0.2596636067040359,1356
1.384053947670098,0.011984194279524804,0.0003237435469036915,0.00412052645109339,9.143760628062812e-05,0.25956230130672675,0.259562286984113,1357
1.3857071590972596,0.011660438533606567,0.0004497591906884083,0.0041143285188426195,8.11113339685718e-05,0.2590061830965494,0.2590042111497862,1358
1.3849077207350056,0.011637336049897383,0.0003995053836489368,0.004118628236905928,8.261836094001289e-05,0.2590894642823443,0.259088183996111,1359
1.3846866760750798,0.01207002026478925,0.00036022128975939793,0.004126950578431138,9.33643334857716e-05,0.25966252210790597,0.25966248314613116,1360
1.3839767828264984,0.011964301317133389,0.0003199358537893703,0.004122487501480059,9.163461697487304e-05,0.2595725971906726,0.2595725809622717,1361
1.3856610908677958,0.011641350868490328,0.0004478257688205447,0.004115427952597501,8.100221326442372e-05,0.2590001229582947,0.25899804929240094,1362
1.3848550862552638,0.011618840198070196,0.00039704502762416896,0.004120340652090718,8.240941774415386e-05,0.2590779633037457,0.25907666222578685,1363
1.3846162754941678,0.012052474064884073,0.00035667846911706657,0.004129604142359359,9.351084534058095e-05,0.25967010058585643,0.25967005196159987,1364
1.3839043924912806,0.011944606613376832,0.00031642806026370716,0.00412445028404658,9.180203332353958e-05,0.25958133776273123,0.25958131869467915,1365
1.3856091000433963,0.011621819606513806,0.00044540503448997653,0.004116628416516897,8.077031662052453e-05,0.2589872307537152,0.2589850549881787,1366
1.3847958630541437,0.011600202788959707,0.0003941861063195622,0.004122081199347099,8.223910814023733e-05,0.2590685780660607,0.25906726456620227,1367
1.3845541438127607,0.012036257123392242,0.00035358722088362843,0.0041322031445024665,9.378289729165563e-05,0.259684157025351,0.2596840974893597,1368
1.383839809283367,0.011925161905086856,0.0003134174570808664,0.004126446343450239,9.189908274259436e-05,0.2595864009274907,0.25958637795518485,1369
1.3855474150650813,0.011601860254142476,0.0004423098810958024,0.004117883358387757,8.04867176938803e-05,0.2589714389979468,0.2589691638724126,1370
1.3847265429349245,0.011581320984161609,0.00039074181772816844,0.004123827931581633,8.215089479362943e-05,0.25906371307983816,0.25906239879184834,1371
1.3845038897866322,0.012021265135152703,0.00035119537544140746,0.004134804441313151,9.410474585275652e-05,0.25970076006572457,0.25970068835164595,1372
1.3837860630020389,0.011906563869566502,0.00031106725017873346,0.004128492669677358,9.191797089393122e-05,0.25958738603029685,0.2595873579564278,1373
1.385472343663744,0.011581335760812344,0.0004383921888461433,0.004119122561155799,8.023952007803792e-05,0.2589576514822825,0.25895528398706236,1374
1.3846436211014683,0.011562046267841363,0.0003864960858358881,0.004125583601762504,8.215064712287276e-05,0.25906369941706325,0.25906239863332436,1375
1.3844688158612968,0.012007856537776753,0.00034970640708238644,0.004137479998335233,9.439056021919606e-05,0.25971548044201603,0.25971539552304035,1376
1.3837457206432306,0.01188930205452444,0.0003095194897014134,0.004130562271001101,9.190845359231651e-05,0.25958688967248067,0.2595868554170171,1377
1.3853808006947692,0.011560060005903866,0.00043351309948284943,0.004120302374833564,8.007702513229136e-05,0.2589485767098624,0.2589461273631405,1378
1.3845445494239133,0.011542333511728028,0.0003812447768715913,0.004127390144122251,8.219471174435342e-05,0.2590661299209946,0.25906485789968686,1379
1.384450878391318,0.011996263791275752,0.0003492413378449726,0.004140252744866457,9.461288036021475e-05,0.25972691525408825,0.25972681625051736,1380
1.3837202132756217,0.011873722834439418,0.0003088507354635718,0.0041326163621198285,9.193818331750506e-05,0.2595884400878091,0.25958839885043883,1381
1.3852715082639793,0.011538007850628699,0.0004275717496186308,0.0041214383602139505,7.997904873743965e-05,0.2589431006221243,0.2589405809831153,1382
1.384429101858971,0.011522148722166989,0.0003749311129556314,0.0041292879247728865,8.223243445385048e-05,0.25906821010199094,0.2590669816091415,1383
1.3844495521615048,0.011986479277712377,0.00034976283547706653,0.004143086139789683,9.481169638986771e-05,0.2597371297819156,0.25973701607047334,1384
1.3837089962421503,0.011860107249384298,0.0003090073853074609,0.004134646138939005,9.203924371614491e-05,0.2595937085486346,0.2595936596041972,1385
1.3851461191438736,0.011515220631169519,0.0004206235706130807,0.004122569793197204,7.989528701062073e-05,0.25893841635921155,0.25893583794317865,1386
1.3843001936974337,0.011501509180688627,0.0003677287388717659,0.004131286581703234,8.22413734185134e-05,0.25906870296230466,0.2590675310432379,1387
1.3844613157894543,0.011978504373399248,0.00035102826151593995,0.004145929566131567,9.504173124739201e-05,0.25974893487758494,0.25974880677492335,1388
1.3837091416045921,0.011848176260090037,0.0003098109386307741,0.00413666063236795,9.220668591639736e-05,0.25960243125028226,0.2596023736361752,1389
1.3850094501542072,0.011491849433004006,0.0004129316823525118,0.004123735722630797,7.97810314530542e-05,0.2589320228085834,0.258929397173483,1390
1.384163785438801,0.011480662285006948,0.0003600220207714874,0.004133376010123999,8.222636935935897e-05,0.2590678756806299,0.2590667704577612,1391
1.3844796717414367,0.011971872739794094,0.00035262725547138894,0.00414873561246263,9.534131911837016e-05,0.2597642879473298,0.25976414733624126,1392
1.3837152827821566,0.01183709504245557,0.0003109558544053588,0.0041386715917041865,9.240789116835183e-05,0.2596129023280356,0.2596128343926576,1393
1.3848688581247637,0.011468260731670742,0.00040493601055863605,0.00412496665488607,7.961320669975922e-05,0.2589226233081846,0.2589199628488412,1394
1.3840280190750003,0.011459963219159427,0.0003523510887402442,0.004135529741541115,8.221281101703375e-05,0.25906712804679816,0.25906609668690106,1395
1.3844956116762235,0.01196549538742271,0.00035402822442137503,0.004151475285799272,9.570957003195042e-05,0.2597831268024058,0.2597829775953887,1396
1.3837199956119723,0.011825829444058591,0.00031201391072076517,0.004140682823481543,9.259635928646532e-05,0.2596227002076582,0.2596226188793882,1397
1.384732976162984,0.011444883410273294,0.0003971944011137337,0.004126268475469892,7.94031630432987e-05,0.25891084524853275,0.25890816545505646,1398
1.3839018140742123,0.011439744058032839,0.00034530703645949465,0.004137722283920094,8.222302761548702e-05,0.25906769141598274,0.2590667386788495,1399
1.384498870039826,0.011958142426185802,0.00035463558080596946,0.004154150054133123,9.609988484078168e-05,0.25980305487288435,0.2598029033692464,1400
1.383715041098978,0.011813174659877882,0.0003125163600434091,0.004142665220716448,9.27432917878938e-05,0.2596303318628121,0.2596302319617097,1401
1.3846098986305895,0.011422112311308382,0.0003902514398101371,0.004127635081828225,7.917933333662928e-05,0.25889827698695816,0.258895599012248,1402
1.3837930564942171,0.011420331171165293,0.0003393866139459185,0.004139954992153151,8.224930407755925e-05,0.25906914020608124,0.25906826860489224,1403
1.3844801933300392,0.01194862024191913,0.0003539239140197805,0.004156759578761229,9.646405965760842e-05,0.25982161186657304,0.2598214663557067,1404
1.3836935947348004,0.011798004872493838,0.00031208421361940625,0.00414456409096939,9.284533830665332e-05,0.2596356285890778,0.2596355023556045,1405
1.3845049407129166,0.01140029193404119,0.0003844536557781376,0.004129079520354549,7.895413286111163e-05,0.2588856138145382,0.25888296547983203,1406
1.3837065324460134,0.011401899649966673,0.0003348760408994335,0.004142243525979825,8.226751672799807e-05,0.259070144250672,0.2590693543751969,1407
1.3844342638713154,0.011936097547251936,0.00035160070140197175,0.004159280978044859,9.678773333837929e-05,0.2598380756928568,0.2598379452289778,1408
1.3836529017635972,0.011779772608886987,0.00031057074837005584,0.004146336003996152,9.290639484533562e-05,0.25963879633799447,0.2596386333441088,1409
1.384418620157064,0.011379535754358792,0.00037982082987631795,0.004130634341576666,7.872023244783505e-05,0.258872442304565,0.258869857969176,1410
1.3836422798871066,0.011384415078907754,0.000331768795919487,0.0041445999271462015,8.226468893199648e-05,0.2590699883644907,0.2590692796499875,1411
1.3843620240445882,0.01192058998156169,0.0003477264143634364,0.004161684589961118,9.708361315249296e-05,0.2598531017021288,0.2598529945243499,1412
1.3835959649620324,0.011758632884697017,0.00030816588372414676,0.004147968086978504,9.292882482689289e-05,0.25963995979384213,0.259639747682655,1413
1.3843460651404382,0.011359648920158184,0.0003760270566109513,0.004132338105541828,7.846537793088811e-05,0.2588580685214604,0.2588555878350968,1414
1.3835953764415097,0.011367758161626473,0.00032975182117262993,0.004147035103254856,8.224935272628938e-05,0.2590691428881835,0.2590685144409764,1415
1.3842707256036872,0.011902810611650086,0.0003427302711748086,0.004163942923248549,9.737533495419644e-05,0.25986789414992867,0.2598678160250573,1416
1.3835306944276216,0.011735326303952992,0.00030534766429198495,0.004149481151652732,9.290956191108975e-05,0.2596389606240035,0.2596386866864345,1417
1.384278854648057,0.011340298581320867,0.00037252854708565803,0.004134225198482427,7.818671525522599e-05,0.25884232521768036,0.25883999018563636,1418
1.3835577477622534,0.011351751714809899,0.0003283242940470741,0.0041495562553539285,8.225162006397443e-05,0.25906926789018686,0.25906871881532406,1419
1.384171172231147,0.011883735028527931,0.00033726229100823895,0.004166039019875841,9.76756017770926e-05,0.25988309677060245,0.2598830495361973,1420
1.383466457998893,0.011710914366198115,0.0003026699836982897,0.004150919846280176,9.284042059319933e-05,0.2596353734018563,0.2596350264325518,1421
1.3842089200023353,0.011321169137347426,0.00036883038013341184,0.004136308110259934,7.790364290411138e-05,0.25882630403419865,0.25882415484183324,1422
1.3835215006824455,0.011336212410197898,0.00032700057946918393,0.004152165822799951,8.230518160205504e-05,0.2590722203237165,0.2590717487178569,1423
1.3840735296004851,0.011864188057966006,0.00033194768196153886,0.004167972835924795,9.79728607060089e-05,0.259898124100354,0.2598981042773664,1424
1.3834099777321167,0.011686248545735788,0.00030052413633356546,0.004152324348148213,9.272050097237851e-05,0.25962914850713076,0.2596287205199186,1425
1.3841324143656708,0.011302129837113708,0.00036472198884216335,0.004138578798778245,7.764678950242739e-05,0.25881174157033826,0.2588098115100329,1426
1.383482017900247,0.011321037701251155,0.00032549177426349237,0.004154860262612575,8.242617729971889e-05,0.2590788863468885,0.2590784874846488,1427
1.383984048749427,0.011844426461966224,0.0003271932663171885,0.004169749615679231,9.8245077931313e-05,0.2599118655121684,0.2599118629561499,1428
1.3833629635212696,0.011661654107205497,0.0002990021838207744,0.004153716624625086,9.255601458963077e-05,0.25962060364996037,0.25962009100493394,1429
1.384051163978925,0.011283313998728329,0.0003603421155365434,0.004141024479063829,7.743677152276788e-05,0.2587998165618817,0.258798127388805,1430
1.3834388971790839,0.011306193844921075,0.0003237689920572302,0.004157620755991849,8.261310251766083e-05,0.2590891750185405,0.25908884040108904,1431
1.383904380437054,0.01182415654229751,0.0003231359389050414,0.0041713747655779876,9.847350220750395e-05,0.259923381591348,0.2599233789439299,1432
1.383322608762452,0.011636943570591427,0.00029792915870493575,0.004155106622580401,9.234900143639426e-05,0.2596098387830595,0.2596092427737876,1433
1.3839709482949243,0.011265006849615134,0.0003560658362640033,0.004143632540308583,7.728081537263117e-05,0.25879095076613623,0.25878951013232876,1434
1.38339439897867,0.011291709107184475,0.00032197006805779213,0.004160414921840555,8.285720100891115e-05,0.25910259309257044,0.2591023110432533,1435
1.383833264408437,0.011802835591296959,0.00031973377896990984,0.004172858402303994,9.864523488050335e-05,0.25993203075309895,0.2599320045590366,1436
1.3832841365864021,0.011611635322013338,0.00029701778109036904,0.004156502505375951,9.209275559857848e-05,0.25959649704832854,0.25959582441177775,1437
1.3838979997446603,0.011247533674586467,0.00035228834995560543,0.0041463886498814455,7.718093048654195e-05,0.2587852678096084,0.2587840686474512,1438
1.3833508523777573,0.011277625129022677,0.00032024024703654265,0.004163205843405764,8.315420727251302e-05,0.25911889287537215,0.25911865017179964,1439
1.383768869571541,0.011779962151901866,0.0003169046330211144,0.004174222195178906,9.874790666917924e-05,0.2599371981297134,0.25993712202413594,1440
1.3832434966725986,0.011585346735167321,0.0002960211657970056,0.0041579197477871754,9.177452898818911e-05,0.25957990234752887,0.25957916542726134,1441
1.3838359526327357,0.011231138384351073,0.0003492475993116175,0.00414926594766433,7.714737552121146e-05,0.25878335787277346,0.25878237961635536,1442
1.3833088626837922,0.011263930584984799,0.000318618422796486,0.004165964983949041,8.350650356760439e-05,0.2591381892937061,0.2591379728206021,1443
1.383710167216418,0.011755339284299605,0.00031460344572174597,0.004175505445236575,9.876155361068885e-05,0.25993788476541607,0.2599377342598143,1444
1.3831989020241353,0.011557992516667965,0.0002948220216833113,0.004159373526340111,9.138908641328042e-05,0.2595597639308343,0.25955897989463117,1445
1.3837845046442996,0.011215910928324723,0.0003469419278077448,0.004152223564079214,7.720005054382252e-05,0.25878635593086363,0.25878556752985604,1446
1.3832670967167728,0.01125057118419955,0.0003170150190892826,0.004168686064214287,8.391467810181822e-05,0.2591604955161726,0.2591602932822703,1447
1.383656906778743,0.011729062638488405,0.0003128174482144191,0.004176752124847411,9.866636849862949e-05,0.25993309460835995,0.25993285226386786,1448
1.3831509797151502,0.011529785582944662,0.00029344377786404607,0.0041608690065156,9.094502335037348e-05,0.25953651001941347,0.2595356986082427,1449
1.3837398315595313,0.011201793368945896,0.00034514026809036644,0.004155220663941109,7.735634537903404e-05,0.2587952456122063,0.25879460986304487,1450
1.3832232003487,0.011237457495179104,0.0003152719799037585,0.004171383406948304,8.437632479404812e-05,0.2591856586478079,0.25918546027570766,1451
1.3836088871704322,0.011701389861166653,0.00031152107394921555,0.004177995797217008,9.845158239291823e-05,0.259922277077008,0.2599219364995853,1452
1.3831019540100502,0.011501110893194713,0.0002920053654036958,0.004162399990170163,9.045751177697783e-05,0.2595109154016308,0.2595100954447761,1453
1.3836963616912414,0.011188606459035619,0.0003434895937893896,0.004158226977281846,7.762518365328353e-05,0.2588105155157507,0.25880999387703546,1454
1.3831751873172857,0.011224511859788084,0.0003132540900525289,0.004174083700314801,8.488798931317908e-05,0.25921346782233373,0.25921326487775764,1455
1.3835652366707718,0.011672554406234012,0.00031063972029315827,0.004179253641993845,9.811408576105957e-05,0.25990525546167587,0.2599048227039043,1456
1.3830542841061588,0.01147230694515567,0.0002906449228567701,0.004163948899976506,8.994022366987842e-05,0.2594836819679847,0.2594828678020196,1457
1.383649317250213,0.011176170523234536,0.00034167797368482876,0.004161230230664352,7.800870346532048e-05,0.25883225358927836,0.25883181030118474,1458
1.3831227395593986,0.011211701922014032,0.0003109334458644995,0.004176817999539675,8.544440110805098e-05,0.25924361407178226,0.25924340061613377,1459
1.383523999653198,0.011642560585834984,0.0003100375039420963,0.004180525384579807,9.765214266905194e-05,0.2598819098695066,0.25988140151434563,1460
1.3830092115014188,0.011443537693032992,0.00028943108204319953,0.004165488582008912,8.94020920262384e-05,0.2594552679510545,0.25945446692668866,1461
1.3835969202184895,0.011164416856840538,0.00033958131540473335,0.0041642396979801885,7.850785398531442e-05,0.2588604657882819,0.2588600706573323,1462
1.3830677702120762,0.011199035479129605,0.0003084253996816547,0.004179617272115202,8.603350113631522e-05,0.2592754245798408,0.2592751979684195,1463
1.3834822833721194,0.011611143455896231,0.00030952971841183177,0.00418179359886461,9.706266700575784e-05,0.259852038723318,0.25985147691034627,1464
1.3829660685922442,0.01141477843651594,0.000288318988272412,0.004166984743001423,8.885215860311779e-05,0.25942614229699074,0.25942535414813006,1465
1.3835408578448978,0.011153409664639881,0.00033729226023010786,0.004167290176118212,7.912189060266942e-05,0.2588950486565656,0.2588946785147031,1466
1.3830136786396405,0.01118652864821572,0.00030594168534544923,0.004182508352967579,8.663391690868728e-05,0.2593077342521522,0.25930749569751926,1467
1.383437181804728,0.011577903271857374,0.0003089324623295457,0.004183020483061851,9.634888184304956e-05,0.2598157466268771,0.2598151525959136,1468
1.3829229314782159,0.01138597672952884,0.0002871847036772563,0.004168407825158222,8.830263321329083e-05,0.25939694807973795,0.2593961659957654,1469
1.3834846674622334,0.011143247776676326,0.0003350151904295787,0.0041704391751513055,7.984432986756308e-05,0.25893556544755636,0.2589352048640739,1470
1.3829635828351783,0.011174150287143875,0.0003036813598138043,0.004185504701447161,8.72214177525578e-05,0.25933924074818493,0.2593389949738806,1471
1.3833870963407022,0.011542592030785887,0.0003081321495081536,0.004184152239382737,9.552533308088695e-05,0.25977370621007645,0.2597730945603568,1472
1.3828780602442803,0.011357230052459283,0.00028591041525760386,0.004169748360436527,8.776888704028391e-05,0.259368505058988,0.25936771796862984,1473
1.3834314532349712,0.011133946026253554,0.00033292314966461,0.004173752459620496,8.06617323678597e-05,0.258981187692497,0.25898082933895056,1474
1.3829188755831272,0.011161792048055532,0.0003017395836835625,0.0041885976691447115,8.777616632053621e-05,0.25936889354836185,0.25936864719216846,1475
1.383332327421133,0.011505292563220063,0.0003071178267259523,0.004185132247857799,9.461575718298611e-05,0.25972706313246635,0.25972643870126416,1476
1.3828307570524971,0.0113288448762885,0.0002844376726796415,0.004171026887337863,8.72674884314508e-05,0.2593417069335026,0.25934090257312287,1477
1.383382708948813,0.011125396865274598,0.0003310873094034713,0.004177283174939598,8.155573752698576e-05,0.2590308215311225,0.2590304658254375,1478
1.382879123559761,0.01114925984579475,0.00030010027905687047,0.004191752730015719,8.828413191751281e-05,0.25939596359707257,0.25939572284001,1479
1.3832743991284977,0.011466428337596582,0.00030594096385729486,0.004185921017157006,9.364715326235777e-05,0.25967714592544505,0.2596765039192567,1480
1.382781096173701,0.011301245479165696,0.0002827552414180791,0.004172291858849354,8.681551348734828e-05,0.25931748428962176,0.2593166526527334,1481
1.3833385804870801,0.011117387133811368,0.00032949725669701905,0.004181053134729504,8.250431093744849e-05,0.2590831883684887,0.2590828416207335,1482
1.382842972264166,0.011136310476254256,0.00029869099075297164,0.004194914841675615,8.873287094292605e-05,0.2594198126808831,0.25941958109547314,1483
1.3832148532114528,0.011426659545289777,0.00030464522161098535,0.004186512713558607,9.264921150519216e-05,0.25962544604188253,0.25962477490444114,1484
1.382729208308815,0.011274834831482864,0.0002808596035943045,0.004173609240971982,8.642937038869154e-05,0.2592967397720218,0.2592958762075048,1485
1.383298618968453,0.011109625683502643,0.0003281099441989738,0.0041850430152470435,8.347962953174007e-05,0.25913671875082844,0.25913638962031726,1486
1.3828090201216838,0.011122704229633571,0.0002974368646508432,0.004198018673741816,8.911089368220866e-05,0.2594398566558083,0.2594396341540237,1487
1.3831545213253507,0.011386781760267617,0.0003032273433418737,0.00418694462097565,9.165561689127693e-05,0.2595736940044727,0.25957297997392687,1488
1.3826749360074722,0.011249898248866049,0.0002787353769636053,0.004175049006020907,8.612126336911353e-05,0.25928015427507073,0.2592792611722059,1489
1.3832621838846777,0.01110175441284468,0.0003268790504457183,0.004189189615928283,8.44485962835077e-05,0.25918959173649775,0.25918928707821504,1490
1.382776182720355,0.011108261012878472,0.0002962814682874951,0.0042010032476665505,8.941058868806567e-05,0.25945571724873717,0.2594555003653975,1491
1.383093489680126,0.011347637777516448,0.0003016425611947589,0.004187296606161521,9.07015656144817e-05,0.2595237369563886,0.259522969193375,1492
1.382618049668486,0.011226565644063134,0.000276369000935642,0.004176668414899265,8.589677576160115e-05,0.259268051346513,0.25926713748980496,1493
1.383228358579293,0.01109336784604707,0.00032575257398364366,0.004193393224900522,8.537671455640095e-05,0.2592399520862611,0.25923967394706277,1494
1.3827436921046679,0.011092895170275927,0.0002951840967067668,0.004203828445309231,8.96302137612953e-05,0.25946732347399704,0.2594671066397652,1495
1.3830314371591974,0.01131003614614655,0.000299831772880513,0.004187676753371598,8.981921189635825e-05,0.25947729982095946,0.2594764747384527,1496
1.3825587258063157,0.011204818796025716,0.00027377848357193973,0.004178495227231924,8.575514147845111e-05,0.25926040719830673,0.25925948471073834,1497
1.3831957245422153,0.011084046853807365,0.0003246572891151181,0.004197537927237755,8.623163127047113e-05,0.25928609881868975,0.2592858437748805,1498
1.3827109664937263,0.011076628130356835,0.0002941094879000548,0.004206487049581504,8.977363376373616e-05,0.2594748949209865,0.25947467216048625,1499
1.3829681113044667,0.01127467784506743,0.00029775486395321,0.004188194088019834,8.903539951578519e-05,0.2594358571161175,0.2594349802815283,1500
1.3824978962894285,0.01118450838746672,0.0002710347432150985,0.0041805188899738605,8.568935610109543e-05,0.2592568545468261,0.2592559345866759,1501
1.3831623942706657,0.011073420529947345,0.00032349547516535604,0.004201520549662636,8.698517081161073e-05,0.2593265840912743,0.2593263447420418,1502
1.3826774439393297,0.011059574447466589,0.00029301752858888833,0.004209004623042764,8.985080724578389e-05,0.25947896657055947,0.25947873314215303,1503
1.3829038099169215,0.011242092924804986,0.0002954221825119441,0.004188929906720492,8.836968305833661e-05,0.2594005150421845,0.2593995995216607,1504
1.3824372092576416,0.011165371593950802,0.0002682574455964169,0.004182695126687931,8.568509225021542e-05,0.25925662423620055,0.25925571338513254,1505
1.3831264301692263,0.011061244692390714,0.0003221658077510287,0.004205275508823195,8.761751551888497e-05,0.2593604228279969,0.2593601903283856,1506
1.3826424889435711,0.011041911988953256,0.00029185909199950345,0.004211428430052343,8.987760599301839e-05,0.25948038005530466,0.25948013358799404,1507
1.38283958091479,0.011212570899052388,0.0002929066426948734,0.004189919838897637,8.783094851784965e-05,0.2593718167138421,0.2593708783645554,1508
1.3823785679710898,0.011147062422120425,0.0002655840229419217,0.004184961528648869,8.572191238895272e-05,0.25925861287607127,0.2592577118447782,1509
1.3830864365949322,0.011047467321852338,0.00032059576842907484,0.004208786943596222,8.81219199250444e-05,0.259387327624252,0.25938709413585304,1510
1.3826055132949697,0.011023845026607835,0.0002905863397224757,0.004213811203792803,8.98732819121901e-05,0.25948015199836955,0.259479892709804,1511
1.3827768692786044,0.011186100260075072,0.0002903194259049921,0.004191152053611095,8.741538180961808e-05,0.25934961934035916,0.25934867138756157,1512
1.38232345117859,0.011129201156995441,0.0002631248149989314,0.0041872582618049155,8.57774881276196e-05,0.2592616136891807,0.25926071869166223,1513
1.3830420205632656,0.011032239482152047,0.0003187680416164653,0.004212084802729503,8.850614352939518e-05,0.25940777038035023,0.259407530737725,1514
1.3825663159015973,0.011005580548911095,0.0002891765025271517,0.004216196274765979,8.985684471338683e-05,0.259479285031762,0.259479014901493,1515
1.382716768855999,0.011162348555363409,0.0002877600103909193,0.0041925803896084414,8.710793590476904e-05,0.2593331632314435,0.2593322129361521,1516
1.382272361468799,0.01111142258622099,0.00026092639964372184,0.004189545976508665,8.583199962911215e-05,0.2592645560945526,0.2592636618444888,1517
1.3829939425486373,0.01101587448648292,0.00031673028170838523,0.0042152273659945855,8.87900879484454e-05,0.25942284924788916,0.2594226014226969,1518
1.3825253959745716,0.010987315736130052,0.0002876532536426242,0.004218608506438773,8.984459392761458e-05,0.2594786388225111,0.2594783601688241,1519
1.3826594161163832,0.011140706965021908,0.00028527426020986306,0.0041941469173963275,8.688530542871116e-05,0.259321228751013,0.2593202775372663,1520
1.3822246756959915,0.011093417608201456,0.00025896060927725227,0.004191813187583404,8.587129511100949e-05,0.2592666765947134,0.2592657791845875,1521
1.3829439089338709,0.01099877671668019,0.0003145845821665062,0.004218277773999988,8.900187384466266e-05,0.25943408044510236,0.2594338247331486,1522
1.38248395668344,0.010969222037460074,0.0002860876229956594,0.0042210542553644675,8.984782066584547e-05,0.259478809032038,0.2594785233268136,1523
1.382603930325323,0.0111204040483672,0.00028284580610434847,0.0041958033433743104,8.671957531619434e-05,0.25931233457926606,0.25931138081015975,1524
1.3821789520815266,0.011074971346239994,0.0002571432057127882,0.004194070652206619,8.588933348135538e-05,0.25926764983592687,0.2592667480601433,1525
1.3828940725810472,0.01098136228939669,0.0003124587813888571,0.004221286229651111,8.917213636987453e-05,0.25944309993433695,0.2594428374082018,1526
1.3824435624721814,0.010951420642923693,0.0002845764284869179,0.00422352838256543,8.987062921002815e-05,0.2594800120891288,0.25947971965321787,1527
1.3825488717575993,0.011100668519998554,0.00028041949384437074,0.0041975208690547714,8.658355027919468e-05,0.25930502822559903,0.2593040704423323,1528
1.382133516189183,0.011055987679695213,0.0002553708795070927,0.004196339292531453,8.588861390209817e-05,0.25926761101374557,0.2592667057588545,1529
1.3828464571508698,0.01096399025624792,0.00031047222066106495,0.004224284078498549,8.932740498540987e-05,0.2594513176322357,0.25945104885764264,1530
1.382405669095091,0.010933963798193424,0.00028321232532664575,0.0042260217628737095,8.990981102629763e-05,0.25948207841279,0.2594817789762742,1531
1.3824928859753658,0.011080879376327733,0.00027793756987553334,0.004199287488303312,8.645610133989749e-05,0.25929817731278004,0.25929721590832355,1532
1.3820870103249232,0.011036491760533772,0.00025355623332084783,0.0041986406832512395,8.58779590724191e-05,0.2592670361536156,0.2592661287018275,1533
1.3828025624001068,0.010946917655829096,0.00030871247134659494,0.004227286313086184,8.948551989645786e-05,0.25945967863600333,0.2594594033796424,1534
1.3823712716650678,0.010916832476861942,0.000282061055818752,0.0042285243883131195,8.995675180304532e-05,0.2594845533264907,0.2594842468463488,1535
1.3824351686071028,0.011060650708611295,0.00027536665713646013,0.004201100724589636,8.63250850365177e-05,0.2592911293735755,0.25929016606604316,1536
1.3820386545460759,0.011016611223651114,0.00025164507092099336,0.004200993638158603,8.586964939493658e-05,0.25926658779675327,0.25926567847394383,1537
1.382763241950037,0.010930278011973887,0.000307229019165882,0.004230295575615585,8.96534730478647e-05,0.2594685517925322,0.25946826963097047,1538
1.3823407762323565,0.010899951004745471,0.0002811524648086598,0.004231024236955051,8.999991898479895e-05,0.25948682871062817,0.2594865157505018,1539
1.3823755620872065,0.011039846930896144,0.00027270401772782195,0.004202963602796647,8.618846983030995e-05,0.2592837745465037,0.259282810668347,1540
1.3819882033506832,0.01099653513550459,0.00024961497117138533,0.0042034152549942855,8.58763867733527e-05,0.2592669513203293,0.2592660394293752,1541
1.3827287514350801,0.010914077672377218,0.000306037339412854,0.004233302612093122,8.982700666001014e-05,0.2594777110453954,0.25947742212374436,1542
1.3823140648299106,0.01088321601531884,0.0002804834274919082,0.0042335055202404786,9.002795909044907e-05,0.2594883064395312,0.2594879878624684,1543
1.3823143569942171,0.011018549687188727,0.0002699668815198718,0.00420488677670394,8.605373673488914e-05,0.2592765153336201,0.2592755506609443,1544
1.3819357717362972,0.010976452605796555,0.0002474660669802384,0.004205921144329028,8.5907758121714e-05,0.2592686438124309,0.25926772864055947,1545
1.382698847534489,0.010898214511904243,0.0003051253144372853,0.004236283523473233,8.999284330630832e-05,0.25948645578213003,0.2594861609614207,1546
1.3822906620916577,0.010866531614356991,0.000280027106779031,0.004235951008649765,9.003298922193566e-05,0.2594885715058662,0.2594882478347712,1547
1.3822520239338831,0.010996991534130932,0.00026717820201887973,0.004206892777596354,8.593471051806788e-05,0.25927009765418185,0.2592691307709274,1548
1.381881691547696,0.010956491622932517,0.00024521392898294963,0.004208520287215747,8.596742485811901e-05,0.2592718619952046,0.2592709438184643,1549
1.3826729054874662,0.010882521444351532,0.00030445946030682036,0.004239200411792238,9.013346394902002e-05,0.2594938645423779,0.25949356478846025,1550
1.3822699148858966,0.010849838252028446,0.000279743345680853,0.004238349732421322,9.001273611636715e-05,0.2594875042090303,0.25948717526378795,1551
1.3821890478266696,0.010975468361888814,0.00026435937213654937,0.004209014163597097,8.584679614042521e-05,0.2592653546149311,0.25926438436776655,1552
1.3818264384104189,0.010936680720129604,0.00024288642570612036,0.004211206587289908,8.60519695959252e-05,0.25927642008513657,0.2592755001890123,1553
1.3826500708397895,0.010866826092616277,0.0003039921025249526,0.004242011770022186,9.023293567859587e-05,0.25949910183536296,0.2594987974303639,1554
1.3822511334447347,0.010833125980858891,0.00027958740309472804,0.004240705225162455,8.997117447479001e-05,0.2594853136202653,0.25948497875341126,1555
1.3821258957256628,0.010954242716036231,0.00026153149731245756,0.0042112817388277254,8.580191916308797e-05,0.2592629325358165,0.2592619592084705,1556
1.3817705817516455,0.010916948054623616,0.0002405207877777302,0.004213954794351741,8.61515496377862e-05,0.25928178590777584,0.2592808655986898,1557
1.3826294449591727,0.010851009781549128,0.00030367046559892576,0.004244690397436615,9.028261448397377e-05,0.2595017163967345,0.2595014067286907,1558
1.3822336737943588,0.010816427033405148,0.0002795159181781736,0.004243037489719888,8.991746617187565e-05,0.259482482068102,0.25948214077142767,1559
1.3820630471411033,0.010933457414397676,0.00025871998734783774,0.00421370824218697,8.58040986014056e-05,0.259263050178068,0.25926207532247975,1560
1.3817146993140996,0.010897165212480719,0.00023815683874987858,0.004216726582757369,8.625289282190609e-05,0.2592872435534935,0.25928632310297545,1561
1.3826102522644446,0.010835041461646436,0.00030344579993885605,0.004247238303957883,9.028468075659325e-05,0.259501825127658,0.25950150924603854,1562
1.3822169671876396,0.010799789830303821,0.00027949011119412896,0.004245375982227212,8.986293845542664e-05,0.2594796064504507,0.25947925878472894,1563
1.382000985615329,0.010913094500288996,0.0002559552028300713,0.0042162781906052455,8.58476370239791e-05,0.25926539999265974,0.25926442512264475,1564
1.3816592587382368,0.010877217316873843,0.00023582711868964926,0.00421948507946968,8.634386978858858e-05,0.25929214021571934,0.259291218714988,1565
1.382591917539816,0.010818970255974222,0.0003032788033161963,0.004249687951856918,9.025134769847841e-05,0.25950007093123406,0.2594997483211971,1566
1.382200526389351,0.010783247600895489,0.00027947746075754636,0.0042477472448412025,8.981732370533406e-05,0.25947720020392806,0.25947684669418825,1567
1.3819401127933844,0.010893002543541211,0.00025326617357300746,0.004218951753912865,8.59190826733699e-05,0.25926925469891565,0.25926828010422576,1568
1.3816045328766493,0.010857061005470925,0.0002335493912557885,0.004222209026882343,8.641734544330764e-05,0.25929609302036655,0.2592951691905885,1569
1.3825740360916368,0.010802883373882726,0.00030313981522365243,0.0042520879158322224,9.020025423051138e-05,0.2594973814407189,0.25949705230122133,1570
1.382183958394128,0.010766797394014111,0.0002794531879993958,0.004250165093237683,8.978588950706305e-05,0.25947554164715997,0.25947518280492143,1571
1.3818806422991636,0.010872978569271345,0.0002506712555504672,0.004221680899150706,8.600187386601012e-05,0.2592737195270296,0.259272744252288,1572
1.381550602463867,0.01083674107416756,0.00023132629018975912,0.00422489705057692,8.647286774006201e-05,0.2592990788651383,0.25929815194999184,1573
1.3825562989717044,0.010786854001973663,0.0003030063471937027,0.004254483071675082,9.014804467842367e-05,0.25949463241407605,0.2594942972786745,1574
1.3821669899966325,0.010750398227950268,0.0002794017817947613,0.004252629231404538,8.976845540620159e-05,0.2594746216497653,0.2594742576186641,1575
1.3818225589498514,0.010852862718826115,0.00024817256037315023,0.0042244265386217165,8.60819290787379e-05,0.2592780347638246,0.25927705755922037,1576
1.3814974303275271,0.010816359727927948,0.00022915130035972998,0.004227561088569434,8.651535182434344e-05,0.2593013629014432,0.2593004328245198,1577
1.382538450901912,0.010770906029950813,0.0003028617096581098,0.00425690218298124,9.010516071326349e-05,0.2594923738186643,0.25949203303499885,1578
1.3821494867426178,0.010733987486318692,0.00027931750808208087,0.004255131007079534,8.976078979306695e-05,0.2594742171071317,0.2594738477306094,1579
1.3817656765977122,0.010832596184305734,0.0002457578668381439,0.004227166482396351,8.615151202018415e-05,0.25928178388135514,0.2592808040249999,1580
1.3814449465075347,0.010796020433090891,0.0002270163096583816,0.004230216225411829,8.655163973444195e-05,0.2593033133739782,0.25930238025408975,1581
1.3825202967896744,0.010755010781108446,0.0003026953287846136,0.004259357389732586,9.007430967519872e-05,0.25949074863618243,0.2594904022522799,1582
1.3821314325014435,0.010717504219506974,0.00027920217972968083,0.004257660273848188,8.975746396286139e-05,0.25947404158545134,0.25947366670082533,1583
1.381709756718846,0.010812218821961523,0.00024340845731795024,0.004229893094537759,8.620965047822902e-05,0.25928491521114916,0.25928393249008586,1584
1.3813930998830164,0.010775782383449999,0.00022491650982655958,0.004232874460086273,8.65870847028809e-05,0.25930521814375573,0.25930428192394867,1585
1.3825017040039456,0.010739108352798822,0.0003025018382787943,0.0042618501165764995,9.005261899055872e-05,0.2594896058395783,0.25948925383559523,1586
1.3821128640795861,0.010700906305829122,0.00027906022195936953,0.004260208917720902,8.975449946590507e-05,0.2594738851304998,0.25947350469858704,1587
1.3816546134499434,0.01079182272867801,0.00024110764864739703,0.004232607077931069,8.625962988762946e-05,0.2592876062517545,0.25928662050739915,1588
1.3813418820967056,0.010755645086547385,0.00022285233612966495,0.0042355434571729675,8.662376413466424e-05,0.25930718884167847,0.25930624940596164,1589
1.3824825732392212,0.010723139022362339,0.0003022777588462391,0.004264376783614721,9.003561131944584e-05,0.25948870967621235,0.2594883520881355,1590
1.382093802668259,0.010684174747883617,0.000278894065381036,0.004262771337527636,8.975070131410373e-05,0.2594736846746186,0.25947329866755603,1591
1.3816001631099648,0.01077149154254382,0.00023884627208692642,0.004235312650344288,8.630524347654673e-05,0.25929006154320555,0.25928907255796235,1592
1.3812913360038663,0.01073556653483226,0.0002208290764472053,0.004238227337900677,8.666087390621274e-05,0.25930918223616944,0.25930823961245436,1593
1.3824628095208797,0.010707065507382707,0.0003020187590555208,0.004266932384804263,9.002083973798024e-05,0.259487931267562,0.2594875680592331,1594
1.3820742278541671,0.010667305187838799,0.0002787028356871692,0.004265344345464674,8.974696604667148e-05,0.2594734875334626,0.25947309585692907,1595
1.381546422949552,0.010751257589132545,0.00023662412943757871,0.004238014279459736,8.634793335609295e-05,0.2592923588693126,0.25929136661932073,1596
1.381241546355487,0.01071550016717023,0.0002188548442685638,0.004240927716849154,8.669707959915584e-05,0.2593111266557359,0.2593101808645416,1597
1.3824423360256446,0.010690879061823874,0.0003017203179840253,0.004269513919984901,9.000845075727144e-05,0.2594872783640658,0.25948690938108243,1598
1.3820540844341154,0.010650290429352704,0.0002784836103025736,0.004267925852364216,8.974443326281808e-05,0.2594733538550409,0.25947295646248425,1599
1.381493493301008,0.010731096498432693,0.00023444912379989982,0.004240713778244046,8.638672900230917e-05,0.2592944461374688,0.25929345078251653,1600
1.3811926034901767,0.010695432748936109,0.00021693643679462162,0.004243647505432873,8.673228347726634e-05,0.2593130168837636,0.2593120677109788,1601
1.3824211016893055,0.010674578182429069,0.0003013794951769545,0.004272119022307314,9.000004457522687e-05,0.2594868353298256,0.2594864604864721,1602
1.3820332831720612,0.010633105141646493,0.00027823202055477696,0.004270512097468656,8.974240151460014e-05,0.25947324661953863,0.25947284361096884,1603
1.3814415246947311,0.010710964557870049,0.00023233336585410316,0.004243412078224652,8.641996465752579e-05,0.25929623389645107,0.25929523540383553,1604
1.3811445748285789,0.01067539364904604,0.00021507754927787686,0.0042463923856926504,8.676905398852827e-05,0.25931499082063575,0.25931403794256586,1605
1.3823990619648783,0.010658150827551017,0.0003009939071194535,0.004274743176967537,8.99942124862146e-05,0.259486527946842,0.2594861473623032,1606
1.382011676030407,0.010615698355164646,0.0002779410963949742,0.004273094899295262,8.973853883857097e-05,0.2594730427444708,0.25947263423373984,1607
1.3813906830219327,0.010690848535567052,0.00023028930446616788,0.004246113468654933,8.644878639304124e-05,0.2592977839506541,0.259296781942808,1608
1.3810974937451976,0.010655434451554865,0.00021327774051557068,0.004249170874968846,8.680902527053218e-05,0.25931713610883367,0.2593161794325403,1609
1.3823760885397307,0.010641542844387805,0.00030055824876389737,0.004277371266834844,8.998897956660534e-05,0.25948625213488474,0.25948586590961864,1610
1.3819890603247604,0.010598010630511292,0.00027760051944935487,0.004275666442416872,8.972952293842502e-05,0.2594725668611219,0.25947215282226604,1611
1.3813411012359273,0.010670789868894998,0.00022832430009176068,0.004248830914564238,8.647576576655839e-05,0.2592992346871427,0.25929822882701214,1612
1.3810514093515356,0.010635577468191411,0.00021154000513309788,0.004251981204735345,8.685483237524653e-05,0.25931959400270455,0.25931863352999274,1613
1.382352022937814,0.010624714804569375,0.00030006279602968664,0.00427999493843929,8.997576707114986e-05,0.25948555570702897,0.25948516383297493,1614
1.381965170668264,0.01057997557184968,0.0002771971608842362,0.004278221358011271,8.971604906619038e-05,0.25947185562950525,0.25947143592354893,1615
1.381292915470943,0.01065084426447998,0.00022644659648359583,0.00425157300931337,8.650675096848973e-05,0.2593009005461025,0.2592998906743561,1616
1.381006353065877,0.010615830002610406,0.0002098626312442426,0.004254824320067398,8.689933825932823e-05,0.2593219814556417,0.2593210171715779,1617
1.3823265169632277,0.010607555213920377,0.00029949348881468807,0.00428259334500376,8.996283685730052e-05,0.25948487410866905,0.259484476341222,1618
1.3819397647292035,0.010561562813882059,0.0002767164448729063,0.0042807681478127645,8.969623570240382e-05,0.25947080966456426,0.25947038427535496,1619
1.381246196961074,0.010631056101103776,0.00022465589639350476,0.004254349946819301,8.653750369758114e-05,0.2593025536116478,0.2593015396928671,1620
1.3809624657489161,0.010596144075521825,0.000208262870600412,0.004257673436322211,8.695293313668506e-05,0.25932485566304836,0.25932388705120796,1621
1.3822994995231512,0.010590164202880137,0.00029883354053437993,0.0042852095288575765,8.992487334889646e-05,0.2594828726316922,0.2594824692402611,1622
1.38191243667856,0.010542668868077015,0.0002761410582775443,0.004283295907407578,8.968243658891452e-05,0.25947008112895104,0.2594696499134829,1623
1.3812011807391915,0.010611396717259443,0.0002229749545147282,0.004257134889626259,8.657889143985552e-05,0.25930477788234924,0.2593037592809041,1624
1.3809196851975236,0.010576620334497978,0.00020671431128688476,0.004260576773562418,8.69808981942522e-05,0.259326355032608,0.2593253825300643,1625
1.3822699668355287,0.010572116380895996,0.00029806024392063613,0.004287744472205213,8.993665578822135e-05,0.2594834938597661,0.25948308388820635,1626
1.3818831057852063,0.010523371019355137,0.0002754542125144407,0.004285842953488756,8.964788983432092e-05,0.25946825695861286,0.2594678201627444,1627
1.3811577113407325,0.010591936151095306,0.00022137051346937816,0.004259972026592962,8.659288592007126e-05,0.2593055298570297,0.25930450687564227,1628
1.3808786031920668,0.010557057332428472,0.00020531168065526583,0.0042634009805942955,8.70774150014069e-05,0.2593315280099996,0.2593305496097043,1629
1.3822392341709586,0.01055441272324371,0.0002971510618875693,0.004290493340923034,8.979704173701469e-05,0.2594761301034238,0.25947571592273233,1630
1.3818506246197664,0.010503182649516827,0.00027463019324504317,0.0042882855971202605,8.96708778060577e-05,0.2594694708303082,0.25946902731685334,1631
1.3811167896787035,0.010572520915398554,0.00021996407263942357,0.00426271499969276,8.66729819005038e-05,0.25930983253880024,0.25930880275647983,1632
1.3808382779543449,0.010538157279432848,0.00020383214352405002,0.0042665320694072915,8.698625176082914e-05,0.2593266420409936,0.25932566265127166,1633
1.382201977598051,0.010534010714309296,0.0002960770105620516,0.004292610870244999,9.007886070476275e-05,0.25949098839451207,0.25949056242413215,1634
1.3818168622981981,0.010483206618170818,0.0002736647256923981,0.00429095430469671,8.951797595258561e-05,0.25946139397512785,0.25946094657597657,1635
1.3810762652918234,0.010553712929502503,0.0002184495899071694,0.004265766186328367,8.655566005590955e-05,0.25930352944080415,0.2593024981059388,1636
1.380802420610752,0.010518069973060365,0.00020296683616541778,0.004268877629109541,8.744764023112108e-05,0.2593513443007474,0.25935034879462754,1637
1.3821722831753993,0.010519426110925113,0.0002948252628937061,0.004296542383048818,8.910090102829623e-05,0.25943932736100916,0.25943891092773524,1638
1.3817752951729096,0.01045988954569958,0.00027252407905240065,0.00429281394604984,8.98899668078488e-05,0.25948103194846683,0.2594805714966387,1639
1.3810417461020243,0.010534031317014332,0.00021764945825476146,0.004268006594117896,8.698769470208759e-05,0.25932671939655566,0.25932566989331085,1640
1.3807632278736817,0.010502033178795028,0.00020089975850093626,0.004273626370115605,8.632029790779158e-05,0.2592908717517675,0.25928990380495825,1641
1.3821144588665868,0.010485527179912604,0.0002936859567491605,0.004295010699820857,9.180364176966312e-05,0.25958142169877013,0.25958094808901466,1642
1.3817518087265408,0.010443932649679698,0.0002717012042136048,0.004296944553768078,8.870414646514582e-05,0.25941828787334226,0.2594178417564579,1643
1.3809829564207836,0.010515813626021952,0.00021435803225969887,0.004272796314329506,8.582084126470582e-05,0.2592639538677989,0.2592629362476959,1644
1.3807584569373732,0.010473590774635744,0.00020375333205528983,0.004271461478647436,8.997031506553091e-05,0.25948526831805674,0.2594841992748378,1645
1.3821918497111925,0.010503549962001311,0.00029433353490272284,0.0043092815388651815,8.350864736152968e-05,0.2591383065915699,0.25913796080073387,1646
1.3817417516099781,0.010407913098374907,0.00027402524030931586,0.004294388783236736,9.216139862863016e-05,0.2596000728449648,0.2595995621293707,1647
1.3808652639715746,0.010472995513622952,0.00021086286415580624,0.0042706963798009485,8.977490501014389e-05,0.25947496200573616,0.2594738509615738,1648
1.380952694528874,0.01048184451667106,0.00020818161351377498,0.004293312459068311,7.842083868505605e-05,0.25885555411507694,0.25885481782246395,1649
1.381915222669848,0.01035955769934204,0.0002841466381811337,0.004277332078122527,0.00010421349150520325,0.26020850094309655,0.26020764538759494,1650
1.381101655128624,0.010375614057309347,0.00023203673043206425,0.0043014598368117515,8.65522249681375e-05,0.25930334482689626,0.25930286530925306,1651
1.381372906292108,0.010516796009589128,0.0002342648999054365,0.004289288409266125,7.876023102921499e-05,0.2588746961091192,0.25887388813610746,1652
1.3819965359856596,0.010489994843408859,0.00028340087434078446,0.004259830298902596,0.00010022011928050443,0.2600109999141197,0.26000953591464354,1653
1.380267446115589,0.010353934495332782,0.00017716062035802953,0.004301052269620977,8.52726650859616e-05,0.2592343199579591,0.2592337560877557,1654
1.3800068262486902,0.010300161667365769,0.0001654627126204847,0.00428594003771459,9.140532555371994e-05,0.25956061324150914,0.25955987059254093,1655
1.3806931885314377,0.010414834260826424,0.00019365200538122308,0.004296994244790283,7.712731179913093e-05,0.2587822156543284,0.2587813185022962,1656
1.3808548566576877,0.010373777055522901,0.00020578923580801255,0.004272825564883093,0.00011100626817713493,0.2605359512231756,0.260535089063234,1657
1.38214039706178,0.010407510353965026,0.0002569634820917139,0.004330756565753113,6.167963078511518e-05,0.25785363806048606,0.25785322494840096,1658
1.3799747241284113,0.01024476700979655,0.00016477722482897413,0.004291902533915121,8.506724994444046e-05,0.25922319087650475,0.2592224178054481,1659
1.3827539103878936,0.010788390941258585,0.0002800446573633904,0.004265261869871513,0.00012641319044157505,0.2612433620613042,0.26124222776629435,1660
1.3804711470830033,0.010413152192164843,0.00018651811406920473,0.004302725068682821,8.490277347063352e-05,0.25921427009972214,0.2592135318329653,1661
1.3823032660684431,0.010177556990438836,0.00030110775464344073,0.004305694835913387,6.836800648835257e-05,0.2582684948139521,0.258267624998467,1662
1.381810629424603,0.01019080652456648,0.00029282447665312714,0.004286404004438567,9.558001287372772e-05,0.25977650310048167,0.2597759820301368,1663
1.3808502708654187,0.010481080867132378,0.00020730407928118194,0.004295093349516159,0.0001009282967028634,0.26004630761538106,0.2600457586010862,1664
1.382729623523746,0.010386396823846199,0.0003110601011421138,0.004311799205153248,6.656989954155675e-05,0.2581590379053879,0.25815722236562527,1665
1.380141586873123,0.010256774213741672,0.0001733100597790182,0.004299151245924298,8.266258231376481e-05,0.2590918965190858,0.2590909078041522,1666
1.3890927861237026,0.010746524008035937,0.0006978217900960425,0.004295607283582424,0.00013017247791188648,0.26140931540066653,0.2614092968614177,1667
1.389060060366263,0.010658474727076764,0.0007069139656517994,0.004293201252896911,0.00012760018013907505,0.2612960249707176,0.2612959907348032,1668
1.3815195766241157,0.010140336790467606,0.00027258269101576474,0.004294582995998529,8.22318295023365e-05,0.25906817674631105,0.25906714501871314,1669
1.3840595954319013,0.010375063447074754,0.00038375494067258425,0.004311549678270733,6.077287062051628e-05,0.2577956956469911,0.2577933855060524,1670
1.3847725882595203,0.011051326521799968,0.00043164344363388473,0.004311649891856297,8.695819148482403e-05,0.2593251376121119,0.2593237623177535,1671
1.382570036895906,0.010805181609652156,0.00028059696763859635,0.004299502114480178,0.00011869177601329723,0.2608945755315798,0.2608940482539479,1672
1.3823223040570183,0.010140943971125676,0.00032812002467585467,0.004300266015585874,8.505658087816185e-05,0.2592226124757664,0.2592216461731141,1673
1.3835542068104125,0.010230156590717656,0.00037060526963153724,0.004304996957746711,6.429791436886967e-05,0.25801859803013405,0.2580172347839622,1674
1.3802743370548345,0.010283233367352203,0.00018350537504959792,0.0042957377016694725,8.794292369353086e-05,0.2593777888488455,0.2593767334979387,1675
1.3842496349527205,0.010771406308374512,0.00040415169698394316,0.0043080291342453385,0.00011198207404748899,0.2605821582887183,0.2605807429665229,1676
1.3826102824428552,0.010932370067625673,0.00029674175540000226,0.004332721323758684,9.212930275586473e-05,0.25959840105204324,0.259597529735895,1677
1.3836921827963902,0.010234539303866072,0.0003952291045015542,0.004301447530958649,7.080109514280419e-05,0.2584143386634247,0.2584139267651926,1678
1.3850515965473715,0.010579307115637825,0.0004777985795860344,0.004259407278655559,8.099198998195539e-05,0.25899955498799554,0.2589986183437763,1679
1.383489006687357,0.01028013054357068,0.00039748222411917754,0.004279075599492254,9.873763149725039e-05,0.2599366811107759,0.25993501198424196,1680
1.3815851969627493,0.010629024166738619,0.00024851271987206945,0.004348342495945042,9.099036452423405e-05,0.2595388869646429,0.25953816362292265,1681
1.3845343738842506,0.010878496000328912,0.0004268908357347347,0.004308025399971647,8.561740762089827e-05,0.25925296750350385,0.2592526515320837,1682
1.3811407145154166,0.010244155958722575,0.0002426891278440349,0.004262247875430003,8.518969759176356e-05,0.2592298265201337,0.2592289204480043,1683
1.390398538538338,0.010792760767221158,0.0008212495611740211,0.004349004455467727,8.287026466114425e-05,0.25910331064290043,0.2591018308319509,1684
1.3937718986657686,0.011725082084561118,0.0009874474473155741,0.004394445317245519,8.97716075678916e-05,0.2594747879959338,0.25947378572281715,1685
1.3820928774169674,0.010790794236796089,0.0002688434203048039,0.004359229114010453,0.00010173065725765721,0.26008616167120363,0.26008577797640553,1686
1.3929118093915742,0.012049042157018321,0.0009056673823505829,0.004185869068538854,8.318297075842428e-05,0.25912046987596715,0.2591183270132648,1687
1.3988283290896673,0.013652983446781633,0.0011585655567646783,0.004152796792609125,6.355844711465757e-05,0.25797235517991124,0.2579688864101389,1688
1.3855708070755761,0.011042967482719483,0.0004370007352575432,0.004266261652003977,5.981314378957839e-05,0.2577338957705401,0.25773182155770413,1689
1.3881439308227297,0.011688104641904127,0.0006126697790584402,0.004441422649421982,0.00010096404882140172,0.26004808682393826,0.26004792128651255,1690
1.3911095168819974,0.012876843237982025,0.0006567502302392722,0.004422657638875589,0.0001436832412197757,0.2619867944513859,0.26198662969468395,1691
1.3866538862659037,0.011387800585879482,0.0005171727232024283,0.004265758112351722,0.00011647980216647615,0.26079258088533397,0.26079057439608844,1692
1.3849529473845816,0.010206935099267516,0.00042568685021462694,0.0041783234021813475,5.325874904878302e-05,0.2572978592099864,0.2572932204235441,1693
1.3858897656640548,0.011041620169847707,0.0004280878990224745,0.004302643992896251,5.2190617464838205e-05,0.2572243074038165,0.2572228504734906,1694
1.3864261542456353,0.011655848508205807,0.0004916902646018097,0.004412416046090773,0.00011083323692643019,0.26052773655286027,0.2605277059897663,1695
1.382646918143739,0.010717276767725905,0.0002344982743152357,0.004321583487854508,0.00014450598269756973,0.26202106412500864,0.26202036328176986,1696
1.3858885720529512,0.010892483564738544,0.0005080151580566141,0.004219957658328137,7.737301695382335e-05,0.25879619332176274,0.258792447356802,1697
1.383373750449568,0.009907225904485886,0.0002828691317767303,0.004269104611200031,4.261431209255444e-05,0.2565279638550282,0.25652576999583154,1698
1.3821323095050986,0.010607707140225301,0.00028453521038997143,0.004347000974919523,8.531558320164578e-05,0.25923664350300724,0.25923645461264183,1699
1.3852382669631522,0.011116417536570685,0.0003373614244886078,0.004305071066752252,0.00015890021029823988,0.26260556267281393,0.26260501712297046,1700
1.3830490559668263,0.010714404385416298,0.00031068250235222704,0.004273957267659409,0.00012314398358865574,0.2610970258893388,0.2610951917149394,1701
1.3832679646807162,0.010008351996826214,0.0002788138676731969,0.00429281786174465,4.4149760908769316e-05,0.2566445286445894,0.25664235564251836,1702
1.3833017410669768,0.010143913326506345,0.0003239033844595155,0.0043127272038364865,5.407907910493014e-05,0.2573538479114631,0.2573529779964371,1703
1.382000793571299,0.01042131739379581,0.00023700079190836957,0.004308999208608742,0.00013443365478595865,0.2615945528066398,0.2615942840013437,1704
1.3819634470723072,0.010610864841073361,0.00024993258332817495,0.004306516710282537,0.00012054088021732067,0.2609791110850251,0.26097819786175386,1705
1.382986213156282,0.010102702706467322,0.0002739630498861383,0.004304935542835668,4.7622006818890815e-05,0.2569008700044915,0.2568987240368593,1706
1.3824627107197773,0.009949851058880941,0.00028121035449135776,0.004298537860457231,5.418938555192534e-05,0.257361344004455,0.2573596500771639,1707
1.3819515858357296,0.010526483892922853,0.00023652097962275853,0.0043030434987156915,0.00013004435704551745,0.2614036992702157,0.261403126302512,1708
1.3816807077895183,0.010358240698195829,0.0002512563402133439,0.004321387794522638,0.00011851280637242222,0.2608863587288139,0.2608855896572824,1709
1.3821422965821224,0.010026582962347964,0.00025390107454459495,0.004314117431136515,5.402554479634461e-05,0.2573502071260846,0.2573482019299089,1710
1.3813925360556183,0.010039907344118094,0.00023959544043364214,0.004293219318290178,6.446574315698352e-05,0.2580290561809582,0.25802736279575506,1711
1.3831432507555863,0.010711755196588187,0.00029165394276004663,0.004306313536925732,0.00013532207471066648,0.2616328016707355,0.2616323050822343,1712
1.3823648612696036,0.010551870037671968,0.00026630780110862884,0.004326476087225168,0.00012813706446665463,0.2613197643291128,0.2613191284569179,1713
1.3821788291558015,0.010029614157196306,0.00027846008165996987,0.004321304849702052,5.9872497837922225e-05,0.2577377320862073,0.2577357232210311,1714
1.3816415297186078,0.009870886936941924,0.0002543672159511933,0.004295872029917344,6.016329713905837e-05,0.2577565003151588,0.2577548144966515,1715
1.3823615475075821,0.01058986407624502,0.0002791620127833973,0.004298161868504686,0.00011986140299399878,0.2609481232635552,0.26094767108907047,1716
1.381465098536324,0.01055356128246287,0.0002261362956128057,0.004321243882794212,0.0001170681821426533,0.26081980508801583,0.26081912118000117,1717
1.3829484427119851,0.010052165916764654,0.0003268671892756709,0.004323972904938228,5.947368062608142e-05,0.2577119180899489,0.25770979911405784,1718
1.382272917466756,0.00992912090699376,0.00029179920708523094,0.004310133725366336,5.9947864638648155e-05,0.25774260063794124,0.2577408833740625,1719
1.3821289066965248,0.010405914748919456,0.00028400618086496185,0.004301160817445086,0.00011456713603861916,0.26070360388087205,0.26070317716857866,1720
1.381520337969035,0.010470107149938046,0.0002369889249597337,0.004309404294998846,0.00011602684745805191,0.26077157590411226,0.2607709340500388,1721
1.3827743273187514,0.010078188445393032,0.00032185721409245404,0.004322360369595324,6.202549856607206e-05,0.25787562686813387,0.2578735731093162,1722
1.3820985354673523,0.010020545053650487,0.0002800671453319232,0.004323125968846553,6.180588519433126e-05,0.25786167190833675,0.2578600121511578,1723
1.3820035469935779,0.010426984055273154,0.00027328282549637814,0.004310327477502038,0.00011523006144039407,0.2607345266053233,0.2607341053454464,1724
1.3815705808345515,0.01036501104961273,0.0002494631111962611,0.004303727365284203,0.00011454261876108588,0.26070245853816243,0.26070174350802733,1725
1.3824509631902728,0.009989354912262079,0.00030246611084555955,0.004317030162010464,6.084169313807632e-05,0.25780010853373697,0.257797930564919,1726
1.381882645740363,0.010061029849189428,0.0002674600291784939,0.00432684296628039,6.32979379394486e-05,0.2579560001218859,0.2579543748123798,1727
1.3822608132099226,0.010542407180538328,0.00027385353864164486,0.0043167207330064615,0.0001208759281186962,0.26099435892258827,0.2609939908170997,1728
1.381881825973593,0.010442268939873864,0.00026043908127770847,0.00430700791285506,0.000117690869972797,0.2608485422971382,0.26084790468063335,1729
1.3820355698181839,0.00993083376588733,0.0002776584195426817,0.004315604224529585,6.0528474477321745e-05,0.2577800047864588,0.25777783311309543,1730
1.3816595221876629,0.010015566978611577,0.00025620661159496416,0.004325377687768892,6.350215790890938e-05,0.25796882412335154,0.25796717794027507,1731
1.382230619897232,0.010532465670657366,0.0002669979796171033,0.004317600081231857,0.0001239458893839523,0.26113309882215874,0.2611327394645712,1732
1.3819431307480017,0.010509586234570217,0.0002573574812754968,0.004310305108547348,0.0001193683838114877,0.26092558391169496,0.2609249881390976,1733
1.3817386616771576,0.009935763875182982,0.00025630694859769907,0.004317729906772259,6.015824229794495e-05,0.2577561744628357,0.2577540213284746,1734
1.3813808366838554,0.009973677233292962,0.00024298639776740272,0.004326402915289764,6.441450354690178e-05,0.2580258646603903,0.25802420053597114,1735
1.3823102098130782,0.010508459618101863,0.0002682211407842746,0.004319193389604355,0.00012687808746681686,0.2612640173768872,0.2612636754909605,1736
1.3818953062581876,0.01046772637537532,0.0002548169163617451,0.004312052767522057,0.00012065582862224275,0.2609843447060916,0.26098381799716835,1737
1.3816015737880798,0.009928324009994549,0.0002458578223193075,0.004317148223483892,5.962059765224414e-05,0.2577214375379358,0.25771931654279884,1738
1.381193421212435,0.009974201011690413,0.0002313374363031019,0.004326243335484069,6.474347368743658e-05,0.2580463329341655,0.25804458368879063,1739
1.382373066808454,0.01051543307699371,0.0002671797082385058,0.004323931856639374,0.00012918661672220726,0.2613660290656943,0.26136570651397595,1740
1.3818967646841538,0.010446032920561614,0.0002534531398398489,0.004318253927754208,0.00012232120361579338,0.2610598916638362,0.2610594588385475,1741
1.3815325481741665,0.009891915293266539,0.0002430875818418598,0.004317344331512778,5.944219514925103e-05,0.2577098764678334,0.25770782016316446,1742
1.3810988872273957,0.009933369517315693,0.00022660580131332136,0.004322364623005346,6.433233639702706e-05,0.2580207441298814,0.2580188586250917,1743
1.3824170753551321,0.010534335777480152,0.00026774428153091337,0.0043271144206763566,0.0001297020345313472,0.26138868010488253,0.26138834405313954,1744
1.381944809505252,0.010466281369500199,0.0002519810305013455,0.004326651619836566,0.00012412867329567102,0.2611413048291334,0.2611409345691814,1745
1.3813907522111095,0.009893729694883127,0.00023798576154120167,0.004321008703386131,6.077300283502434e-05,0.25779570412695507,0.25779376478042987,1746
1.3810203710897537,0.009887764390560083,0.000224610873320106,0.004318722231259275,6.44042169832996e-05,0.258025223796462,0.2580232918798714,1747
1.3823914880281911,0.010509654368267122,0.00027070589994871493,0.004326690612331045,0.00012826292666499306,0.26132532236472733,0.26132495935511335,1748
1.3819681624484967,0.010471511675536001,0.0002524272310673241,0.004330935916267442,0.00012452632594641346,0.26115913643372163,0.26115877573503926,1749
1.3812474303612978,0.009911184758862154,0.00023380747577672826,0.0043254913718203,6.287544674110357e-05,0.2579294039335314,0.257927552082839,1750
1.380888533193366,0.009881759768077305,0.00021866143440194197,0.004320097148128048,6.530285035276722e-05,0.25808101790325744,0.2580791329995827,1751
1.3824095436361536,0.010492274012806176,0.00027605850399906306,0.004326641077517408,0.0001267952282955842,0.26126033872916726,0.2612599762921027,1752
1.381955939431386,0.010448557108019606,0.00025407331190228466,0.004330508426013274,0.0001240340131228505,0.26113705585524516,0.26113670156598207,1753
1.3811329814128452,0.009897437192904163,0.00023150539644909378,0.004326770499845524,6.441120698055846e-05,0.2580256592863489,0.25802388038715224,1754
1.380753481776434,0.00989357642388076,0.00021174159125304085,0.004324232419893257,6.641185664855649e-05,0.2581493470074943,0.25814755593479,1755
1.3824885626406107,0.010495890096418669,0.0002806978197771421,0.0043292956176795684,0.00012698703159648122,0.26126885227503144,0.2612685147874885,1756
1.3820061704153312,0.010442943021226772,0.0002573631279551218,0.0043306544231032735,0.0001242661446400867,0.2611474725673619,0.2611471308697184,1757
1.3810278495429458,0.009878960099048026,0.0002278194663405871,0.004326977613791694,6.517749508726937e-05,0.25807325802184405,0.25807152656180415,1758
1.380649789375225,0.009887965401830193,0.0002071296939060276,0.0043270241186496965,6.719052318115673e-05,0.2581969825656248,0.2581952616136936,1759
1.382573468469382,0.01050364455690255,0.00028371060362726634,0.004331952495850305,0.0001280312382212067,0.26131508896214284,0.2613147689820938,1760
1.3820949778830447,0.010452704113851912,0.00026092278354352034,0.004332424931351339,0.00012516187678849954,0.26118757689531114,0.2611872433536513,1761
1.3808952222533952,0.00987319465740301,0.0002209371159657294,0.0043285247185798235,6.577654136772626e-05,0.2581102738158293,0.2581085673263303,1762
1.3805580801631523,0.0098776847035894,0.00020355712040262064,0.004328768628797156,6.797564641703036e-05,0.25824473446613233,0.2582430215539646,1763
1.3826259910319134,0.010497329769894235,0.00028549885335171744,0.004333600228431685,0.0001290525759422881,0.26136013098262023,0.2613598086138503,1764
1.3821773598715075,0.010452770413239335,0.0002649422439756718,0.004334280237662899,0.00012591427219054053,0.261221152890436,0.2612208219115626,1765
1.3807533841557489,0.009868835089607685,0.00021340082658458163,0.004330746058968784,6.641580515884802e-05,0.258149589263199,0.25814790708103896,1766
1.38045165569563,0.009874843174772767,0.00019921321202230965,0.0043306754575092605,6.911542981063949e-05,0.2583135690176145,0.25831184904221643,1767
1.3826852982413929,0.010491218998572782,0.00028782699229670984,0.00433529726876474,0.00013000604367191136,0.2614020192804569,0.26140170497808046,1768
1.3822478970241412,0.010443541539068991,0.00026943652061430683,0.004335939344158536,0.00012633103112612753,0.26123970778650973,0.261239391606853,1769
1.3806188146214096,0.009858253583380501,0.0002067526350594942,0.004332385270363845,6.706963822887001e-05,0.25818960549897674,0.25818795402272116,1770
1.3803379257365158,0.009873451266118107,0.000194832698344379,0.00433251188415851,7.059183028114417e-05,0.2584018944459654,0.2584002108076838,1771
1.3827699669922504,0.01049682311840222,0.0002917849262430557,0.004338158473439481,0.00013061312601815649,0.26142860997751505,0.26142833475213834,1772
1.382327497383426,0.010443408965163705,0.00027430827495065146,0.004338121742957265,0.00012655537600580254,0.26124968337358,0.2612494032614249,1773
1.3804991456283002,0.009843706359213136,0.0002019748097155629,0.004333088229536648,6.800723982059435e-05,0.2582466502181549,0.2582450246214735,1774
1.3802373789366698,0.009870891080444075,0.00019058749873747648,0.004334954058192832,7.176313147515795e-05,0.25847131226405673,0.25846965262603333,1775
1.3828539847562522,0.010499582764093783,0.00029584713469159416,0.004341143599911033,0.00013123273957192343,0.2614556859057816,0.2614554595956832,1776
1.38240966267806,0.010445802939021075,0.00027873444939179525,0.004340117995311947,0.0001270032504312086,0.26126957188322647,0.26126933706759337,1777
1.3803886180700022,0.009832383359171346,0.00019719711524209945,0.004333916421579305,6.881629752517237e-05,0.2582955589037251,0.2582939407127855,1778
1.38015390202548,0.009865153548576418,0.00018728628142239786,0.004337635117733286,7.279498717220949e-05,0.25853199784178416,0.25853033172282863,1779
1.382917772881371,0.01050024603937832,0.00029881647934403043,0.0043438331668966415,0.00013179147796086853,0.2614800469494192,0.26147985480113617,1780
1.3824741984690359,0.010447131493552439,0.00028232566703156555,0.0043419412624967285,0.00012731254645466174,0.2612832861549578,0.2612830836999268,1781
1.3802985674390762,0.009822929929953577,0.00019305261891568518,0.004335214091133025,6.938192442536699e-05,0.2583295812875178,0.258327940920218,1782
1.3800906281389715,0.009864032394672609,0.00018479586603398055,0.0043407478316140075,7.376531813442208e-05,0.25858867382862,0.2585869629959153,1783
1.3829348829208914,0.010479620429342442,0.0003001980477056915,0.00434500126337634,0.00013230143028542118,0.261502235882011,0.26150209199287255,1784
1.3824877746500603,0.010431502352168281,0.0002853719618344094,0.004342792392148715,0.00012677071677531226,0.26125925027589814,0.26125908913955914,1785
1.3802465997263618,0.009816546063733235,0.00018933129641572006,0.00433721563166338,6.908054944141547e-05,0.2583114709553373,0.25830975175087706,1786
1.380077710316893,0.00985493962759248,0.00018726447043372998,0.004342733446199114,7.549114637961045e-05,0.2586885641149508,0.2586868314891202,1787
1.3828333733507308,0.010492688244967754,0.00029996390853397384,0.004349932829805468,0.00012889335123875833,0.26135312077090517,0.26135299313820676,1788
1.382342923659546,0.010412408389458257,0.00028367293549890225,0.00434446577040113,0.00012328792821139726,0.2611035097249202,0.2611033663044462,1789
1.3803200403280125,0.009778013637118018,0.00019749114156336883,0.004335182408376837,6.94061591210292e-05,0.25833103589723566,0.2583292414000283,1790
1.3801803579832927,0.009881938722095055,0.00018859171377340138,0.004350792030150681,7.323631053416034e-05,0.25855782159980917,0.25855588535880275,1791
1.3824048558813136,0.010331359902573813,0.00027722204461751144,0.004344577721468659,0.0001311989023737198,0.2614542089370554,0.26145413499638925,1792
1.3819285438576294,0.010311952580867296,0.00026710321723340784,0.004341915169689335,0.00012083980737983433,0.260992716105669,0.26099258022629435,1793
1.3805479583818898,0.009804294887481912,0.00019528071781557904,0.004343596507412003,6.326697899637366e-05,0.2579540542490213,0.25795177160763133,1794
1.380555233081811,0.009801124050536876,0.00022123518654685106,0.004343203210146914,7.458525643342208e-05,0.25863627561124714,0.25863433892389553,1795
1.3814743277542072,0.010351757769072614,0.0002357230392674187,0.004359715166226081,0.00011987162199126873,0.26094858995447673,0.2609483627081389,1796
1.380873127776476,0.010235903836144079,0.0002180949680252174,0.004349366685995431,0.0001092394138350907,0.2604517660629719,0.26045144090098804,1797
1.3816639971853384,0.00969037990084914,0.00027165071036790406,0.004330334740286127,6.142195863433085e-05,0.2578372162554271,0.25783466522121995,1798
1.3815678430293143,0.009785460794750803,0.000259709266271216,0.004346480510887851,6.171588315947856e-05,0.2578559457202477,0.2578531547859088,1799
1.3804639805623025,0.01023694684509466,0.00018983746917767592,0.0043650580599040815,0.00010998414020471968,0.2604873323683728,0.2604868810660071,1800
1.380253869030733,0.009973391878685138,0.00019368554053455806,0.004337188178134798,0.00010984506452039382,0.2604806996197961,0.2604803867004088,1801
1.3818525918932183,0.00979590419211464,0.00023934361196601323,0.004352759804201358,5.176755616647449e-05,0.25719496741941716,0.2571915180813292,1802
1.3813155825586239,0.009800305724316304,0.000237526312855074,0.00435239077833941,6.037399114092208e-05,0.2577700702146713,0.2577671145895198,1803
1.3809448093760806,0.010019044703045129,0.00020922355619021758,0.0043445220159108984,0.00012715982797328738,0.2612765166595579,0.2612763831810967,1804
1.3811433487721314,0.01030297893409411,0.00022778254573429306,0.004362335444939852,0.00011247611192868091,0.2606054755635323,0.2606051991036053,1805
1.3803839225998649,0.009789513650054312,0.00018282077870964894,0.004350562052074623,6.244966438972489e-05,0.25790251000567066,0.2578999886104516,1806
1.3803715295895882,0.009677201821971954,0.00022772401765612776,0.004331423423025517,8.356413536194305e-05,0.25914134209850737,0.25913978363243484,1807
1.3815550548816369,0.010517850496901992,0.0002474159006847285,0.0043866262649761385,0.00010644239590269979,0.2603170924151478,0.26031663307213815,1808
1.3804839498483674,0.010190556992489937,0.0001971933926451883,0.004363265186590222,0.00010722731581238091,0.2603550623277883,0.2603547189983939,1809
1.3826686055630906,0.009571210928518988,0.00036707692367151154,0.004312046165422685,6.906633836613217e-05,0.2583106160040115,0.25830839370255104,1810
1.3826985684684339,0.009681510171455606,0.0003170096966691508,0.004337520848767808,5.485226711165752e-05,0.2574062316404267,0.25740271598681075,1811
1.3801748334727124,0.010230710178818977,0.00017712383265764374,0.004384676795034745,8.293785031160118e-05,0.25910702203311275,0.25910573549438887,1812
1.3833412863581396,0.009774676097692322,0.0003253621150306646,0.004319195851343785,0.00015092989876638313,0.2622853530175727,0.26228531880519196,1813
1.381421689617323,0.009697667314897693,0.00026240443723891867,0.0043207846233348605,0.00012722922950115492,0.26127959349893226,0.2612795575744717,1814
1.3829517895549182,0.010149821641527985,0.00025530825636648944,0.004398583523717521,4.545100872781598e-05,0.25674173632885594,0.2567374882340521,1815
1.3836757080915698,0.01002156255408045,0.0002846883151250469,0.004391962540675997,4.1211097167116986e-05,0.2564195869935002,0.25641424394187595,1816
1.3804042930804903,0.009613620517122624,0.0002368067292069414,0.004325819542629792,9.736425064730955e-05,0.2598673324990754,0.25986632595977244,1817
1.3815407391357184,0.010212599137122661,0.00024292578307716408,0.004362802719777623,0.00012358177097517776,0.26111673382676664,0.2611166451407276,1818
1.3808046416619544,0.010349008200024233,0.00021447612429599297,0.004387415124978467,8.87826882049013e-05,0.2594224565907677,0.2594214992718822,1819
1.381735399015771,0.0095877756217319,0.0003105124447480563,0.004325115511850477,7.252256739961477e-05,0.2585160182831893,0.25851337399759566,1820
1.3811447760062767,0.00963811122347629,0.0002701892187194989,0.004334788605226708,7.391333047198983e-05,0.258597286227176,0.25859475612883076,1821
1.3815644509029774,0.010530290955892026,0.0002535280069893024,0.004398449108814635,9.46687419022125e-05,0.25972978632356397,0.2597291115072991,1822
1.3814957945021527,0.010255754057349893,0.00024600304511167076,0.004368653580227956,0.0001183700523095004,0.26087980019621226,0.2608797038400421,1823
1.3805538047468227,0.009549100382317174,0.00025172681955960494,0.004322649611848722,9.102237351830328e-05,0.2595405646330971,0.25953940869958425,1824
1.3817626088665729,0.009918743940681986,0.00022712275671416552,0.004382323459378665,5.224953113105101e-05,0.25722838371498435,0.2572242833005373,1825
1.3799041255577027,0.010057021580172389,0.00016353792059291245,0.004384398736163647,7.64895281374516e-05,0.2587458291852432,0.25874414644976235,1826
1.3871986347973693,0.009428814024309541,0.0005553008146221658,0.0042854503076726206,0.00016640383984195382,0.26289976123197456,0.2628995379684758,1827
1.388870855973437,0.009422319013320071,0.0006431089023815726,0.004278278319175272,0.00017308375142387577,0.2631561298041588,0.26315574419829607,1828
1.379993506855473,0.0099021799200842,0.00018947334378723922,0.004352359625216134,9.925715621110639e-05,0.2599627885760517,0.2599623037822525,1829
1.3913171146059635,0.01043181117737916,0.0006372858484054669,0.004445136204368034,2.7086931663872018e-05,0.25520451070359856,0.25519544984193887,1830
1.3993834521741415,0.010559093532188599,0.0010360184201339186,0.0044525120206156225,1.8066201131031114e-05,0.2542504354048769,0.25423721026754353,1831
1.389154536304307,0.010172530733666732,0.0006462822290545928,0.004395034273416199,4.224238894803927e-05,0.25649941450809527,0.2564918139076648,1832
1.3827303564430822,0.009500258773602116,0.0003733712836571228,0.00431168402012399,0.00012160028009185694,0.26102725170166424,0.26102679927813954,1833
1.3866565040071397,0.010004680508476967,0.000519541843890718,0.004323056289739302,0.00015468738851420494,0.26243733848193435,0.2624372773475487,1834
1.3885653789631063,0.011097599080830288,0.0006677800729282525,0.00437817747301038,0.00011385043714253516,0.2606700720308035,0.2606698944329013,1835
1.3835972058819355,0.010641647193171082,0.0003549863517181381,0.004402515076482503,6.811209944980237e-05,0.2582530054798117,0.2582500598632348,1836
1.3821167705386868,0.009707785419443837,0.00030537800727957216,0.0043536436261943,6.323827021298294e-05,0.25795224938070876,0.257946844150547,1837
1.3851318890131634,0.009768785995668742,0.0005419894837846628,0.004325503109786472,9.334917596471092e-05,0.25966173773007273,0.2596591001097533,1838
1.380326356761797,0.009777710706575578,0.00021208131940037166,0.004355495328070561,0.00010917600658288379,0.26044873229549326,0.26044779398121193,1839
1.3870943391409591,0.011209293755723862,0.0005540170344351071,0.004421124778657596,6.97510696299767e-05,0.2583517105810712,0.2583494311213812,1840
1.3904503983746739,0.011456452682578963,0.0007439586803052611,0.004406833468046107,6.29237610998934e-05,0.25793244988007447,0.2579296924458775,1841
1.382188797413177,0.009999967390614704,0.00032597920994972043,0.004339267321690387,8.200384003548957e-05,0.2590555971661448,0.25905367178181576,1842
1.385304610943629,0.009617978874196185,0.0005542459796362201,0.004308436987484119,0.00010963843516618551,0.26047083736700105,0.26046983398981494,1843
1.3893228043990167,0.010298350652447384,0.0007832722590279691,0.004355451145407142,0.00010207099402763572,0.26010301905509614,0.2601018889300971,1844
1.3853136994080055,0.010471446873087974,0.000500961156235961,0.0044200708472843814,8.019605863664181e-05,0.2589552252141776,0.2589536382691779,1845
1.3820433478073775,0.010564485573464257,0.00027372104087585694,0.004414507325001046,7.75090252501219e-05,0.25880392101566807,0.25880273331228837,1846
1.3847530664646712,0.010000275201544511,0.0004971366165194938,0.004314916953885824,0.00010440433480425951,0.2602178439410797,0.2602174743283399,1847
1.3856506091301437,0.009544088688152966,0.0005871999522081468,0.004280429016092416,0.000104705035526201,0.2602325478511562,0.2602319529040354,1848
1.38000822046703,0.009580175785413298,0.0002022303417565732,0.00434229440016017,7.642150523879791e-05,0.25874193944378465,0.2587399380591536,1849
1.3871942576411451,0.011047644229803918,0.000582917519721729,0.004466690954442644,7.615397259845466e-05,0.2587266243530047,0.25872556547872455,1850
1.3894999712739722,0.011490711977279354,0.0007161179468125564,0.0044727692887055834,0.00010100154659295772,0.2600499525667019,0.26004983435418183,1851
1.38217781916534,0.010211890826053055,0.00027195166437611585,0.0043800273664692125,0.00013028221456651824,0.26141412346904125,0.2614141201509297,1852
1.3834002993545942,0.009366281207660202,0.00045342411491204235,0.00428550008943407,9.653510499990146e-05,0.25982522798717167,0.25982424761922596,1853
1.3857603167473824,0.009763840992198073,0.0004952045164335907,0.00430805508270963,5.0410267910737716e-05,0.2571000188669283,0.2570949397194964,1854
1.3839706039175288,0.010054109704172635,0.0003179838007777093,0.004377273582454458,4.3593702709248274e-05,0.25660255274187554,0.2565971063325822,1855
1.3803687388973906,0.010138332305363063,0.0001986640224857242,0.0044055811439793705,8.687139427885253e-05,0.2593204825131992,0.25931948359230933,1856
1.38672771219207,0.009684822114178303,0.0005164627797544352,0.004316963167886926,0.0001635962001527628,0.26279047302302627,0.26279029753682365,1857
1.388166880575356,0.00958060472354726,0.0006275813558511672,0.004295380450682729,0.00016118729570076943,0.2626959558797583,0.2626958464376072,1858
1.3798147113236432,0.009765891926035948,0.0001880742248714243,0.004344558725668292,9.265593093414276e-05,0.25962579508062283,0.25962478931517324,1859
1.3918502175082972,0.010792827977764081,0.0007139964785589165,0.0044524870819411064,3.3307903592258896e-05,0.25577129999153214,0.2557634372035469,1860
1.4003181373554816,0.011111035107074643,0.0011770064219202734,0.004474694321371571,2.587629273637056e-05,0.2550868745548097,0.25507638852768544,1861
1.3896364702140815,0.010405291325849117,0.000704999853647262,0.004422230766938889,4.937856097644707e-05,0.2570269880444218,0.25702079988685883,1862
1.3836264112035987,0.009515692953801938,0.0004400582267044125,0.004324777929934922,0.00011663910721916038,0.26079995866747463,0.26079930144679264,1863
1.3867119590329466,0.00951196107918934,0.0005718377920353953,0.00429904082602445,0.0001495212841367499,0.2622278896027381,0.262227886821437,1864
1.385236402297855,0.010406493173939407,0.0004920092484709741,0.004346212542317413,0.00011386195161967478,0.2606706115860186,0.260670419192587,1865
1.3862938754866794,0.011090825050005708,0.000492459279614155,0.004407366959269729,6.336492249451014e-05,0.2579602086966681,0.25795720658585103,1866
1.3839526607857668,0.010477654940576633,0.0003315980609114832,0.004407652436926941,5.144424731104706e-05,0.2571724645214213,0.2571667202795675,1867
1.381479797867928,0.009626290442399214,0.0003046797006862419,0.0043448260587565304,8.378187204002175e-05,0.2591532437987864,0.2591499873519783,1868
1.3837609524238654,0.009534802639756482,0.0004418136850213425,0.004331627172677531,0.00012036402255522508,0.26097105384888913,0.2609705074262369,1869
1.3804290972391882,0.009744097572777735,0.00021947141654557036,0.004372615049343527,0.00011076475939924933,0.26052448380678356,0.26052414649450667,1870
1.3846521648603431,0.010693278283248413,0.00039136093769957776,0.004406421961223819,5.790542027355292e-05,0.25760956110912797,0.25760551246752045,1871
1.3856881137633967,0.010615247637477265,0.00043602913472940374,0.004377817530092932,5.098923271057307e-05,0.25714067452770206,0.2571348609278505,1872
1.381177371696069,0.009647762671937257,0.0002797523939805672,0.004323383252083707,7.983189918039619e-05,0.2589348698468638,0.258932105251841,1873
1.3825083164722851,0.009590471023766329,0.0003570742681970392,0.004351372113412677,0.00011888118138622658,0.2609032647122881,0.26090308714966187,1874
1.3825988327376495,0.009948893439120855,0.000351392022141414,0.00441372562551817,0.00010987853175838291,0.26048229611098556,0.26048212037326957,1875
1.382603992182506,0.010178945171536136,0.0003395178169264395,0.00441704547081339,7.99177561399584e-05,0.2589396731562154,0.25893803453985037,1876
1.3802301255202378,0.00978521101679654,0.00020174548048301576,0.004345031910349239,7.539794852991292e-05,0.25868319921053945,0.2586807642632493,1877
1.3841419775045536,0.009529704018904085,0.0004905387387679582,0.004317485805468492,0.000100223757220627,0.2600111816096117,0.26001082197090236,1878
1.3836808988697693,0.009722714128465782,0.00044635771179420526,0.0043536955672956925,0.00010109313521716475,0.260054508203645,0.26005426452910835,1879
1.3803386988133879,0.010169735825560489,0.00019181753081796467,0.004411186199587508,8.276413615151099e-05,0.25909747965930735,0.25909592773915807,1880
1.3812508599752988,0.009746890083267182,0.00028487613128686407,0.004358544663980438,9.314135465842572e-05,0.25965097687586214,0.25964936806419775,1881
1.3812157307396546,0.00947185141582314,0.00030107495064708945,0.004331391097033019,9.499589965294267e-05,0.2597465839991734,0.25974614145201613,1882
1.3801214981438965,0.009767163708053738,0.00019726659660051902,0.004376635096235026,7.61795006539737e-05,0.2587280868839611,0.258727665888825,1883
1.3816383067731137,0.010326181531933043,0.0002711981117155027,0.00438537792969903,8.853550093634115e-05,0.2594093305254062,0.2594071787159382,1884
1.3808034210223357,0.009921331961387583,0.00023540421105358307,0.0043642873428454704,0.00010790609747724953,0.26038778597571444,0.2603860358607643,1885
1.3812178459501616,0.00968174703214394,0.0002865434362954906,0.004375526235785177,8.819914100451136e-05,0.25939143977271384,0.25939120990639225,1886
1.380982993319719,0.009770134249039046,0.00023834785494522353,0.004390817871291924,6.76206715206625e-05,0.25822317891819596,0.258222750750187,1887
1.3809191984041258,0.010014325006532272,0.00024371013492520183,0.00435700889178886,8.698672163755048e-05,0.25932666723098613,0.25932515304806636,1888
1.3803494904725138,0.009682156457861461,0.00021604923717377918,0.00433989352311806,0.00011257035969654745,0.26060991798726774,0.2606090467642332,1889
1.3809481349232866,0.009887112425446078,0.00024704416456332475,0.0044102217487669605,7.831973800564276e-05,0.25884984395374533,0.25884922410119354,1890
1.3799168508203505,0.009902026514203004,0.00016481118250284344,0.004412289746806881,7.066170225955958e-05,0.25840605152610663,0.25840467894373487,1891
1.3817416449910231,0.009574139422409915,0.0002937096351612454,0.00430358244130086,0.0001263117777844641,0.2612388512662311,0.26123821027143523,1892
1.3804346673323096,0.009560789868319748,0.00022992153802384738,0.004319440841026804,0.00011263765431810341,0.2606130888207959,0.26061268955426814,1893
1.3832825070641015,0.010229100986043814,0.00026619986399838423,0.004464929819908348,4.439483559358509e-05,0.2566629449640219,0.2566615070078047,1894
1.3842840403255445,0.010327521208788475,0.0003151227020821634,0.0044829609799662785,4.265804052162136e-05,0.25653131231236276,0.25652916847266105,1895
1.3800251529795686,0.00969359691281592,0.00020605148429281625,0.004378362470852431,9.679475262460681e-05,0.25983843242720134,0.2598368356630963,1896
1.382237433930031,0.009866951508161062,0.0002997713650452798,0.004314223413078933,0.00012995208730046072,0.26139965294649187,0.2613993307027019,1897
1.381820074441775,0.009949337044041917,0.00030972440435280394,0.004347759553208964,9.323041855594201e-05,0.25965559001594113,0.2596554000510462,1898
1.3808654131599203,0.009782351842063688,0.0002002584734379349,0.0044049809609362596,5.786548139087128e-05,0.2576069363998177,0.2576058289403247,1899
1.381254833468586,0.009744052236110396,0.0002793770964144692,0.004391780091710996,8.085732157696296e-05,0.25899206992727275,0.25898951976687185,1900
1.3809114615801998,0.00989918056058627,0.00023103200382128573,0.004375018495376133,0.00011796504506316388,0.26086117144064874,0.26085948843728135,1901
1.3805470215973115,0.01009961071806704,0.00021294920084414566,0.004390862708928262,9.962477392393074e-05,0.25998122106377425,0.25998089314476125,1902
1.3805676413870498,0.009588462407807717,0.0002268936916112956,0.0043742478363630235,6.942943545517046e-05,0.25833243274531337,0.25833195255557795,1903
1.3805090562781546,0.009466287142126377,0.00024283377297790355,0.004351796552617919,7.620052266516718e-05,0.25872929107460435,0.2587271575786186,1904
1.3799522294267161,0.009877850172104016,0.00018725491793771697,0.004387006035956125,0.00010062297384830568,0.2600311003308862,0.2600295327688122,1905
1.3810395840367358,0.009950081399875847,0.00025661940020840746,0.004413004964704499,9.752644968168161e-05,0.2598755480699393,0.25987546313020654,1906
1.379943287964681,0.009745137326085423,0.00019488134721538667,0.004388336798297451,8.374392645351346e-05,0.2591511707695526,0.2591507565152243,1907
1.3827941157191368,0.009599988765665937,0.00039347768324089327,0.004347897988272691,8.318659272218396e-05,0.25912066843615006,0.2591169330706892,1908
1.3833595820395377,0.009620583589584316,0.0004321236312929444,0.0043495060032257725,8.681582654105588e-05,0.259317501088868,0.2593141375622222,1909
1.3799467909382217,0.00974389698772788,0.00019805956148139143,0.004386913346091531,8.98551570065286e-05,0.25947919601055536,0.25947882952226975,1910
1.3819138552321069,0.01030000861612945,0.0002904016417624633,0.004404940428257167,8.556513485159977e-05,0.25925014242331434,0.25924982158055265,1911
1.3821381387936482,0.010409067962235334,0.00029979287960323265,0.00438392053580316,9.081117039212085e-05,0.2595294895137211,0.2595283644206434,1912
1.3805096303913846,0.009550817960161594,0.0002483929671742004,0.004376593122987713,9.123722280149883e-05,0.2595518177747222,0.25955019350776465,1913
1.382065106979452,0.010142231099280514,0.00030739825504599334,0.004406713765453944,8.102051436833737e-05,0.2590011396149786,0.2590002964362848,1914
1.3804585029128913,0.00996705824972495,0.00021735414857738608,0.004381169976763593,8.98727087213409e-05,0.2594801217672212,0.2594798911628544,1915
1.3810512311046819,0.009838785255574656,0.00026451031753816593,0.00434258881505088,9.848682443279005e-05,0.25992405282295444,0.2599232798762359,1916
1.3807775265887963,0.009875875233006948,0.00022664396417215326,0.004421019153853903,7.225891338950594e-05,0.2585005243008597,0.2584978654412658,1917
1.3800000853346375,0.009933678174227282,0.00018889681086697413,0.004430659102621479,9.145986396579298e-05,0.2595634650606249,0.2595624435994932,1918
1.38208555458314,0.009518432721174842,0.0003386089758724534,0.004305027484601591,0.00011580072532228491,0.26076107454310604,0.26076101581477984,1919
1.3816699110729773,0.009648575021366302,0.00031628331863005745,0.004310176980861136,8.322433570089593e-05,0.25912273729211227,0.2591222550686091,1920
1.3806469494551037,0.009837514745964341,0.00017572748340649987,0.004432256770185884,5.6348586606700684e-05,0.25750656956316936,0.2575037422610751,1921
1.3820414768367293,0.01002127248629059,0.00031877490007904994,0.004458315016042883,9.192858481685634e-05,0.25958793955012527,0.25958567666204546,1922
1.3805363716427812,0.009658877065355042,0.000190286300961524,0.0043952590763996794,0.0001342478177268833,0.2615865360538378,0.2615860200047872,1923
1.3806739859182646,0.009896274001702326,0.0002367114724230344,0.004362321958648152,9.35982498458573e-05,0.2596746188475752,0.25967412932207934,1924
1.380651930086154,0.009621532590207984,0.00018170781572489377,0.004365663919157474,5.408541624318127e-05,0.2573542787711088,0.2573525690410504,1925
1.3802230431387756,0.009469517177331603,0.00022270479267800147,0.004371696400077315,7.563728537196299e-05,0.2586969698960019,0.2586949871666247,1926
1.3800957885474272,0.00976935010995602,0.00018033477445840527,0.0044159048905596425,0.00012102735773458362,0.2610012434631083,0.2610003675514132,1927
1.3802783809138655,0.010084125325544686,0.00019690197511999395,0.004434932883322858,9.697068853231814e-05,0.259847369625048,0.25984672914110746,1928
1.379773893912721,0.009460058681012356,0.00018803579565811876,0.0043602098182330944,7.22773561180403e-05,0.2585016090311211,0.25850028034908573,1929
1.3801772386064928,0.00947528652957871,0.00022908072011626666,0.00436233694923254,8.510891624667608e-05,0.2592254493791184,0.25922356165862986,1930
1.379655296484147,0.009827660884546261,0.00017180045095555046,0.004423100864977533,9.894596852908427e-05,0.25994715881692276,0.2599466792583197,1931
1.3809310927241427,0.009617532965357336,0.00027144618983868476,0.004378488755830002,8.777053152007918e-05,0.25936859282497,0.2593679962726357,1932
1.3807048480371096,0.009709951064008994,0.00023660957498962287,0.004367664624570229,7.423350918904079e-05,0.25861588702276445,0.2586138296306967,1933
1.3801211210378415,0.009761856084178028,0.00020647688076240944,0.004408573352817602,8.571947471934734e-05,0.25925848123178674,0.25925675943174764,1934
1.3809385374190617,0.009787115223313684,0.00025214242016018633,0.004413985360020029,0.00010931638995316975,0.2604554478599996,0.2604553842347284,1935
1.379618348072917,0.009591854820984062,0.0001866150178207028,0.0043943253493676886,9.344306266654949e-05,0.259666595195132,0.25966642579739047,1936
1.3824448843654933,0.010078576127253294,0.0003023216651145091,0.004377553794444967,6.315693664870099e-05,0.2579471338637713,0.25794213920096765,1937
1.3823284355466032,0.010006484030076729,0.0003117803962590383,0.0043736082344088545,6.793598311771352e-05,0.2582423287436084,0.25823685000063534,1938
1.3805542364232863,0.009565825941615206,0.00024762218816512874,0.0044010420580937034,0.0001019838731247058,0.2600987065075041,0.26009828577254057,1939
1.3808892514305489,0.009900471775802526,0.0002448592385113254,0.004443461628352767,0.00010561372063477629,0.26027685363497877,0.26027685338929146,1940
1.381154128063023,0.009891648029852684,0.00026490751497612304,0.004402104902533947,8.292958381610545e-05,0.25910656816897043,0.25910511791914104,1941
1.380285866823966,0.009440241261443907,0.00023186167160936568,0.0043413387929075,7.792594587606416e-05,0.25882756738156465,0.25882475192196003,1942
1.3814388613385706,0.009589461902013867,0.0003063881613943419,0.004406105389731594,8.61878408203062e-05,0.25928374066959575,0.25928322791284575,1943
1.3811729831477084,0.0099475777285823,0.00026626609362723913,0.004467292699802183,9.31470317420073e-05,0.259651270991015,0.25965092257847555,1944
1.3811656986564997,0.009931894373552033,0.00026465313111217244,0.004419912661662909,9.999648308430075e-05,0.2599998241526689,0.25999778267055307,1945
1.3810620684091968,0.00950267644875778,0.00028800602305324653,0.004354331324480249,9.625107845707994e-05,0.2598107633982825,0.25980865570975026,1946
1.3810125550954044,0.009353183559508451,0.00028481312140161367,0.004364129478396275,7.654223715944258e-05,0.2587488420467764,0.2587483871532449,1947
1.3805277348885847,0.009691726995122194,0.0002174722171029656,0.004422772932701335,6.955254826670714e-05,0.2583398170403617,0.2583394181737208,1948
1.3802957624148462,0.009961344347867692,0.00020633661826323246,0.004429214493577814,9.593422362846363e-05,0.2597946017595645,0.25979314656154867,1949
1.380304223978356,0.009557819178313678,0.0002148986508054556,0.00438845464529806,0.000116982385380062,0.2608158395596487,0.26081462686361,1950
1.3797379426347203,0.009470408607583188,0.00019754875586705723,0.004403344669025928,8.148529410215037e-05,0.25902692052153725,0.25902629897108476,1951
1.3800967690740082,0.00981159013449055,0.00017068335424791446,0.00441859665449318,6.539165590394463e-05,0.2580865107372676,0.258085484488448,1952
1.3796379620913022,0.009585660762281713,0.00018582310418011877,0.004373527457576799,0.00010102483862099073,0.26005111131273506,0.2600504147153397,1953
1.3799236480915456,0.009544865702621188,0.00020991859303671578,0.0044155565558633815,9.371623758177039e-05,0.2596807147247386,0.25968017889375244,1954
1.379863643517163,0.009822818578002613,0.00017008503039930424,0.004452498364208834,7.264619350896831e-05,0.25852327363804356,0.2585215128562272,1955
1.3796119289499784,0.009513834707412572,0.00018619553705323473,0.004369799015799492,0.00010479689307036009,0.2602370353652979,0.26023616885285566,1956
1.3796145419238437,0.009532622088226528,0.00018599126178956115,0.004397685944003203,8.230227810914289e-05,0.2590720603012294,0.2590717290221817,1957
1.3796538766768696,0.009754863392076398,0.0001671478681065276,0.00443398324079346,7.678943617545834e-05,0.25876295818633516,0.25876088857567725,1958
1.3797620635080752,0.009476765625972314,0.00019147187843414137,0.004392546169448791,0.0001117089900667321,0.2605692473746588,0.26056832416943715,1959
1.3792403226550873,0.009617112116799977,0.00015641666642431242,0.004419841629186043,8.378699895067033e-05,0.25915352385426893,0.2591528711795846,1960
1.3797016729758045,0.009619115795343514,0.00018160079836757146,0.0044012473869476125,7.837307018756101e-05,0.2588528566117136,0.25885104454615077,1961
1.379591108064627,0.009364109217992975,0.00019700900165810415,0.004383912561275298,0.00010178690235777776,0.26008894951705963,0.26008839227625025,1962
1.379477260441949,0.009771386832676487,0.00015840963944725787,0.00444503581321244,7.99914296443991e-05,0.25894379279972424,0.25894287301807833,1963
1.3794079367624714,0.009497697158323005,0.0001779890156876315,0.00439314771391634,9.6623870295571e-05,0.2598297441622644,0.2598282458481155,1964
1.3793682733372277,0.009565327372602427,0.00016422610605915268,0.004422509310782174,7.927608707106857e-05,0.25890371198271084,0.25890299211714213,1965
1.3793550883120982,0.009593720387914114,0.00016841296538471471,0.004402015509099362,9.564003861973634e-05,0.2597795725172288,0.25977859757669175,1966
1.3792743198765427,0.009477101218845957,0.0001700616791601782,0.004412583224249787,8.745997222921581e-05,0.25935200364784017,0.2593511803841604,1967
1.3794517058780857,0.009746138240870686,0.00015651544507984912,0.004438817586367072,7.849345573960425e-05,0.25885965325165744,0.2588579471328065,1968
1.3795663682303168,0.009331111859431704,0.0001907923255955962,0.004385041659539519,0.00010957126194566684,0.2604676292418898,0.26046722047263493,1969
1.3791210014245034,0.00955005655810857,0.0001496160763083464,0.00442058272390761,8.007254482587794e-05,0.25894832637010284,0.2589475408611577,1970
1.3791098552314704,0.009586249036268877,0.00014961973083122627,0.004420110459845856,8.390619301622837e-05,0.25916003236982427,0.25915844390567927,1971
1.3795460976141543,0.009406944777643532,0.00018798892330053324,0.0044070518616360415,0.00010588944751869536,0.26029025983727794,0.26028984124084903,1972
1.3793267369741897,0.009697766359357584,0.0001508330102995935,0.0044434118170503184,7.792653802448065e-05,0.25882760092122886,0.25882642066318073,1973
1.3793263044545885,0.009303137964965215,0.0001858674788143966,0.004385271474855173,9.581971848869288e-05,0.259788754695501,0.2597877209689793,1974
1.3793327592549656,0.009704962661280538,0.00014859939909530906,0.004448227814626692,7.627878762949159e-05,0.25873377281760246,0.2587328321322461,1975
1.3792503300687404,0.009412351460063504,0.00016865128644014674,0.004407496231269387,0.00010493267198848083,0.2602436649685784,0.2602429333942811,1976
1.379270452375602,0.009603630601987512,0.00014678903873471095,0.004437790378169335,7.35637506497244e-05,0.2585769313072756,0.25857512216161943,1977
1.3793664737335372,0.009325762499101714,0.0001861607399928405,0.004398496686534037,9.880877405026614e-05,0.25994026026069067,0.259939831984556,1978
1.3792847214667245,0.009687642321189401,0.00015384340634484782,0.004438764303242179,8.297516590555997e-05,0.25910907052917914,0.2591078097883807,1979
1.3793285763506213,0.00936074496973012,0.00018222895986492983,0.004413156732929629,9.522062624628191e-05,0.25975810566894425,0.25975715318507786,1980
1.3792144385460003,0.009639332036622192,0.00014833151700907905,0.004441465819919489,7.88790021795134e-05,0.25888138514982395,0.25887993732143977,1981
1.3793740139394923,0.009301557098442414,0.00018467228367737205,0.004397576201870786,0.00010460014424612471,0.2602274211923693,0.26022701555628897,1982
1.379116493689372,0.009584963941844079,0.00014268401810192102,0.004442575097996463,7.670632390928654e-05,0.2587582146530721,0.258756834424988,1983
1.3790389414251252,0.009386624710319542,0.0001607327602709859,0.004415474605354863,9.695966007425914e-05,0.25984680963938367,0.25984574741600286,1984
1.3790187169170558,0.009583355979863128,0.0001434392591900677,0.004443635638963378,8.338310646769346e-05,0.2591314350716464,0.2591304803961513,1985
1.379033301599013,0.009331702803864443,0.00016467549578175566,0.004410838486667395,9.401000199692762e-05,0.259695875514719,0.2596949957096357,1986
1.3791158672321355,0.009587726497165324,0.00014512048028169483,0.004444310163723409,7.881815715539693e-05,0.25887795906475114,0.2588765131197249,1987
1.3793521828268198,0.009317759258521085,0.0001826912088013785,0.004413375422612741,0.00010380946848536141,0.2601886931686729,0.2601882358332386,1988
1.3790865122199178,0.009582695436253083,0.00014524634958292627,0.004446967213933625,8.040796820834025e-05,0.2589670490245309,0.2589656649192736,1989
1.3789892150076202,0.009329177667051127,0.00016192983041616346,0.004417478692068718,9.2821876897688e-05,0.25963441108203755,0.2596334745897778,1990
1.3789543160151188,0.00953398163300679,0.0001428910835732833,0.004442840439040462,8.401081883657709e-05,0.25916574158683175,0.2591647686692366,1991
1.3789428932608787,0.00937053378896994,0.00015589171390593634,0.004424728671733166,9.495084670758502e-05,0.25974427250786764,0.2597433952182277,1992
1.3789717145411016,0.009519583875651065,0.00014171503917828087,0.004448227666023156,8.033907039550409e-05,0.2589632064795755,0.25896178029328176,1993
1.3790317150497045,0.009313367663970961,0.00016464765665201342,0.00441932994257034,9.857120172253125e-05,0.25992830306359205,0.2599276652643349,1994
1.3791635461944969,0.009586541371564188,0.00014645825870093044,0.00445452098208739,7.728167982606282e-05,0.25879099993323074,0.25878964995441933,1995
1.379376082813634,0.009241318731816833,0.0001907050053357876,0.004413136157200955,0.00010181801443333705,0.2600904912880066,0.2600897859950824,1996
1.378926422891246,0.009509702733501272,0.00014232903684704615,0.004449809080935769,8.370014483039017e-05,0.25914877832447536,0.25914750746694665,1997
1.3788319348741491,0.00942803082388569,0.00014384111275911955,0.004441381104232945,8.778102671844991e-05,0.2593691529349483,0.2593682097951342,1998
1.3789736517945577,0.00929090883211617,0.0001632878700994934,0.0044235212283529,9.477573908668148e-05,0.2597352832052633,0.25973442789513135,1999
1.3793277346750086,0.009623738281156922,0.00015182889808259956,0.004465894975182257,7.51692736671075e-05,0.2586700215494027,0.25866847093754897,2000
1.379041557213653,0.009295063094480981,0.00016633266548284406,0.004428577037896295,9.891135902727022e-05,0.25994541899706947,0.25994472350931713,2001
1.3788993485377363,0.009466443793562688,0.00014229256398379147,0.0044506599999536425,8.230668830009831e-05,0.2590723033624377,0.259070968713077,2002
1.3788361733734726,0.00933571719203706,0.00015112958878416103,0.004435474832771784,9.091913765874007e-05,0.2595351527338968,0.259534291424723,2003
1.3788033946593794,0.009415724476005718,0.00014279426125086107,0.004446701470742338,8.798519418124581e-05,0.2593800423336596,0.2593790080917391,2004
1.378797216318566,0.009392342794336804,0.00014393794630894103,0.004447462942186948,8.806529223392816e-05,0.25938431096212866,0.2593831608442056,2005
1.3787949934481802,0.009349465217101883,0.0001472693706152631,0.004442107589625175,9.000972799974829e-05,0.259487345677256,0.2594864032728656,2006
1.3788146441440852,0.009416151100924702,0.00014233934342056668,0.004449519741275093,8.550356259482893e-05,0.2592468136455121,0.2592457599474068,2007
1.3788393164998431,0.00930804869877209,0.0001532753320141106,0.004439828140834825,9.261445497987014e-05,0.2596236404224114,0.2596227217174981,2008
1.3788871376548235,0.009470760836197908,0.00014150521184328688,0.004461289912819084,8.271188928015486e-05,0.25909460770347764,0.2590933256021697,2009
1.3789562371110606,0.009247499870825992,0.00016440994390241065,0.004433658347947656,9.732038989551131e-05,0.2598651097254674,0.2598644037483596,2010
1.3790622916615798,0.009505843763995334,0.00014512767871764632,0.0044667925556262505,7.736275749962335e-05,0.258795610126627,0.25879416018294954,2011
1.3792050360524983,0.009190002139046128,0.00018252429064065314,0.0044281463950001975,0.00010207394824637214,0.26010316525878757,0.2601025199398143,2012
1.378885170720465,0.00946618515724049,0.00014136832985949072,0.004465640522087101,8.234603363283496e-05,0.25907447153463137,0.2590732159294165,2013
1.3787569786420195,0.00931341093597958,0.00014702435546076276,0.004448524685063525,8.968710619279801e-05,0.25947032767082523,0.25946929829851745,2014
1.3787645199144776,0.009293867310885854,0.0001490955571641544,0.004446743226634766,9.104466564191621e-05,0.2595417328427239,0.2595407702813004,2015
1.378866889365367,0.009448625249582895,0.00014108567649882736,0.004467318187704739,8.207395305662147e-05,0.25905946759233794,0.25905822824735636,2016
1.3790443951582259,0.00919687527900819,0.00017276545837526577,0.004436293146481775,9.947480278661583e-05,0.25997370556947696,0.25997294070587107,2017
1.3792696396046413,0.00954496830248842,0.00015237773171937466,0.0044804851073729545,7.468089425190593e-05,0.2586418108201873,0.2586401759627588,2018
1.3787690903331653,0.009265169639384082,0.0001514295322684154,0.004448810575853342,9.242338297985019e-05,0.2596137080764838,0.2596128285577312,2019
1.3787887204427822,0.009253514530252057,0.00015346297387597985,0.004447755679290867,9.390848175146162e-05,0.2596906388722035,0.2596897359224494,2020
1.3791858946015263,0.009524544847418501,0.00014954388739145004,0.004482531857763628,7.558544340902808e-05,0.2586939889239076,0.2586923835748915,2021
1.3790259454753646,0.009172256887612007,0.0001732049173445482,0.004440188808051029,9.940962514018865e-05,0.25997043756011684,0.2599697123694974,2022
1.3788789307715308,0.009427297756086849,0.00014241072958054551,0.004472486772325157,8.113815060488115e-05,0.25900767176382894,0.259006317428639,2023
1.3787728103438872,0.009235057805734605,0.0001536701091409805,0.004451572162549586,9.306765102347286e-05,0.2596471576655237,0.25964626195163115,2024
1.378711773320191,0.009338708627210044,0.0001410174691928662,0.004465360283210823,8.636079285407712e-05,0.2592930507829279,0.2592918696550089,2025
1.37869158398116,0.009306273648690288,0.00014274055191676064,0.004463169657687885,8.847387460677378e-05,0.25940605520963883,0.2594049777864045,2026
1.3787052890496558,0.009254727718520426,0.00014768301510918665,0.004458156270141078,9.081548621970017e-05,0.25952971595692653,0.25952873724390446,2027
1.378738517080296,0.009353715823860218,0.00014037452161781038,0.004470783447771602,8.403070443610489e-05,0.2591668263011854,0.2591655873949899,2028
1.3787763384513194,0.00921196431037738,0.000155330551933393,0.004454835018438643,9.451031462762093e-05,0.2597216415603344,0.25972078903349627,2029
1.3788038442154262,0.009388352546994647,0.00014075743536784728,0.004478006647683649,8.197761292783035e-05,0.2590541489344847,0.2590528177228797,2030
1.3788117349635307,0.009176868592391819,0.00015984981588163978,0.004453058961643291,9.562679037898051e-05,0.2597788951512418,0.2597780667862576,2031
1.378796346009585,0.009379081385427885,0.00014053774094306768,0.004479296431609781,8.159783948311076e-05,0.25903315224509754,0.25903184521610234,2032
1.3787615050433732,0.009190211340103204,0.0001557255033619112,0.004457019233274253,9.487466614026364e-05,0.25974036273145223,0.2597394862253138,2033
1.3787174961492596,0.009340511839869576,0.00013959427890256315,0.004478052954066693,8.370499781697386e-05,0.2591490435465667,0.25914779183290243,2034
1.3786769669134868,0.009217909997852903,0.00014832767133618314,0.0044637327015190015,9.165296452338839e-05,0.2595735554797258,0.25957258969116137,2035
1.3786500537037765,0.009277033801496935,0.00014139474945974677,0.004472295710872422,8.719840715718266e-05,0.2593380087361912,0.25933688152726125,2036
1.378640696529318,0.009263718021671209,0.00014196342924888662,0.00447265891101992,8.793755159373761e-05,0.25937750241768764,0.2593764138385716,2037
1.3786456489026755,0.00922773851807153,0.00014543215773079896,0.004468856247499663,9.06355861076438e-05,0.2595202723757067,0.2595192494758824,2038
1.3786568517745443,0.009292391107192077,0.0001399231862397683,0.004478358989652978,8.547529915641496e-05,0.25924528523932144,0.2592440953474346,2039
1.3786652190343152,0.009190218950485352,0.00014940872057268097,0.0044671070848488785,9.201962981492515e-05,0.25959268626688714,0.25959174093384924,2040
1.3786639820481974,0.009299070633705914,0.0001395756001342516,0.004481527860318227,8.487765294891533e-05,0.259212906867483,0.2592116814508184,2041
1.3786521962665752,0.00919030028199501,0.0001485243909043885,0.004469666356146531,9.203459505152745e-05,0.25959346626884816,0.2595925093990028,2042
1.3786338261032598,0.009272298280955429,0.00013986215582450264,0.004481270642651917,8.57295243860787e-05,0.2592590239434877,0.25925783825727117,2043
1.3786159003699834,0.009203092206540125,0.00014500660808063534,0.0044738072874743245,9.023529198010389e-05,0.25949922586214813,0.2594982045061815,2044
1.3786038695603973,0.009234012084001887,0.00014147897996881896,0.004479179928878809,8.797481545826016e-05,0.2593794890830077,0.2593783937726743,2045
1.3785997399392151,0.00923136703080761,0.0001413560154802495,0.004480085640787277,8.793340407073531e-05,0.25937728127288157,0.2593761638484467,2046
1.3786008717138636,0.009195095722612446,0.00014449006119727053,0.004477002702145319,9.005935472726916e-05,0.25948996073370534,0.2594889288857191,2047
1.3786027256792688,0.009244742259189921,0.00013995852013130297,0.00448441437874636,8.63697628061783e-05,0.2592935333865101,0.25929237366888597,2048
1.3786007523191572,0.009175422025148485,0.0001459421600371197,0.004476913992909931,9.0900008641645e-05,0.25953414960243676,0.25953313920915866,2049
1.3785937233078456,0.009239731373228793,0.0001396538926548797,0.004486553893910384,8.631341847972156e-05,0.2592905015192788,0.25928932952454326,2050
1.3785833367406433,0.009179245827558087,0.00014440656697693683,0.004480127866753179,9.026446827614024e-05,0.2595007614577012,0.2594997272845449,2051
1.3785733739004065,0.009209940496861442,0.00014088521981794175,0.0044853742145975145,8.761733040995398e-05,0.2593604129401407,0.2593592854308915,2052
1.3785665238319522,0.00919339245109399,0.00014185358882113323,0.004484700497972185,8.847744539607861e-05,0.2594062450210527,0.2594051503506157,2053
1.3785633424932933,0.00918215384738122,0.00014264803013365904,0.0044843311461215795,8.933480358411563e-05,0.25945170902980597,0.2594506330622839,2054
1.3785618252715686,0.009205632302364474,0.00014025691284046859,0.004488829919395705,8.73002421528838e-05,0.2593434598598637,0.2593423157036118,2055
1.3785594731102586,0.009160195719048438,0.0001440040845705632,0.004484447129198178,8.994773611346222e-05,0.25948407803181006,0.25948302728526357,2056
1.378554612160459,0.009200435523539274,0.00014004262623953007,0.004490597590527987,8.713673859258049e-05,0.2593347061331667,0.25933354707348416,2057
1.378547721156271,0.009160138673220044,0.00014315352102455426,0.004487004218675976,8.967689966040408e-05,0.2594697887864727,0.2594687288398148,2058
1.378540554257395,0.00918130399381944,0.00014068880686278164,0.004490970289181065,8.788408337628458e-05,0.25937465110690977,0.25937351672475795,2059
1.3785348724961082,0.009166430436892314,0.00014156081754303017,0.0044903490723325066,8.860856744528349e-05,0.2594132123871335,0.2594121039608217,2060
1.378531043589871,0.009157183617638173,0.00014204237388786947,0.004490574374899656,8.899234584139047e-05,0.2594335754537392,0.25943248817285547,2061
1.3785280541486373,0.00917321353397936,0.00014031248735766534,0.004493814124864179,8.770094243928468e-05,0.2593648781326446,0.259363732667532,2062
1.3785244689414307,0.009142434731881125,0.00014273658130594725,0.004491252290549455,8.955772476921647e-05,0.2594634943212968,0.25946241621509525,2063
1.3785195760875921,0.009166934422801325,0.0001401208267123175,0.004495676445328489,8.760208334896489e-05,0.2593595984608831,0.25935845325664025,2064
1.3785138273147843,0.009138612375072633,0.00014218713001999035,0.004493340891433806,8.922584447138353e-05,0.25944594328118603,0.2594448520503889,2065
1.3785082668344706,0.009149729964877793,0.00014075211822606854,0.00449611627441533,8.823460592451114e-05,0.2593933277343288,0.25939219946249914,2066
1.3785036671109259,0.009144466136897315,0.00014086335740811411,0.0044966883963704005,8.843470517304271e-05,0.2594039728398716,0.25940284890378973,2067
1.3784998639280794,0.009130717472810506,0.00014172250359304844,0.004496249592429536,8.9053513775754e-05,0.25943681693028714,0.259435713792144,2068
1.3784961149146984,0.009143865100627481,0.00014016827938013435,0.004499272092254288,8.782385621079886e-05,0.25937143832134635,0.25937029058304384,2069
1.378491735974476,0.009120448656403508,0.00014191962916760046,0.004497479566003272,8.926441750246534e-05,0.25944798483817927,0.2594468853149104,2070
1.3784867625810453,0.009135225886748977,0.00014019651914000614,0.004500699998749537,8.803895506987993e-05,0.2593829076021178,0.2593817626779609,2071
1.3784817196277062,0.009119512128443745,0.0001411658347338338,0.004500037613587333,8.878840778441635e-05,0.2594227600937526,0.25942164109263255,2072
1.3784771429313538,0.009118257528009889,0.00014088767939812334,0.004501084630433193,8.862403989966353e-05,0.25941403419898523,0.25941290579751414,2073
1.3784730444982687,0.009120520984649421,0.00014032526770578284,0.004502711941412263,8.823239917589342e-05,0.25939321026997125,0.25939206951027755,2074
1.3784690399503516,0.00910559079585739,0.00014131266597238948,0.004502079378888255,8.902759660793526e-05,0.2594354436359895,0.2594343277829365,2075
1.378464716131809,0.009115835626044221,0.0001400241936482637,0.004504624986038123,8.809451133167477e-05,0.2593858676387255,0.2593847142637865,2076
1.3784600604636055,0.00909921312914172,0.00014110044555435132,0.00450385209390391,8.891698313648637e-05,0.25942958022058704,0.2594284603744714,2077
1.3784553762933631,0.009103351703493787,0.00014033658574495655,0.004505640256862817,8.83944114284869e-05,0.25940183021695706,0.2594006863573633,2078
1.3784509649941048,0.009098703844540545,0.00014038916958098992,0.004506298942562917,8.851176263929512e-05,0.2594080690175665,0.25940692665357507,2079
1.3784468118451172,0.009090537992806588,0.00014075447124915416,0.004506551520974781,8.881698501297505e-05,0.2594242763654816,0.25942314692535506,2080
1.378442662102821,0.009095197872382046,0.00013996102525836799,0.004508403655785387,8.822014029591232e-05,0.259392557707883,0.25939140244734954,2081
1.3784383168061645,0.009081427408081924,0.00014081431450503715,0.004507940839454861,8.889776123381123e-05,0.2594285609312244,0.2594274293751829,2082
1.378433818453602,0.00908663290684169,0.00013998181992564584,0.004509877142925749,8.834714537359436e-05,0.25939931621840623,0.259398163909179,2083
1.3784293741401228,0.009078679797341128,0.0001403147168942887,0.004510093723845193,8.864717341481213e-05,0.2594152627905339,0.25941411828611916,2084
1.3784251026154613,0.009074159101753047,0.00014033473837872908,0.004510823900810737,8.86658072125688e-05,0.2594162522912552,0.25941510784048416,2085
1.378420936556693,0.00907542346523858,0.00013986222383960994,0.004512246054255738,8.835018345542946e-05,0.2593994778288706,0.25939832074116326,2086
1.3784167124070559,0.009064780478473623,0.00014045382466597637,0.004512120046267558,8.885158102749461e-05,0.2594261116600375,0.2594249707089499,2087
1.3784123740901333,0.009068394202761426,0.00013975485489873805,0.004513879854658481,8.835417766599741e-05,0.2593996902962809,0.25939852909855576,2088
1.3784080057029255,0.009059967435358753,0.00014013438208929178,0.00451404326068019,8.868409586734796e-05,0.25941722336293177,0.2594160725406782,2089
1.3784037254717707,0.009057302223100968,0.00014000296460905086,0.004514960606715202,8.862051992879734e-05,0.2594138472437573,0.25941269339184875,2090
1.3783995366101691,0.009056384382585048,0.00013971740397489518,0.0045161221894497935,8.843082185088711e-05,0.2594037663651798,0.2594026036213185,2091
1.3783953522917436,0.009047994375209572,0.0001401102473506908,0.00451627607855679,8.877928130228082e-05,0.25942227580270716,0.25942112285219326,2092
1.3783911037231042,0.009049909341553523,0.00013957656032137473,0.004517792700379031,8.841935213813882e-05,0.25940315649865187,0.2594019900526683,2093
1.378386821239701,0.009042114668616175,0.00013989590902086836,0.004518055445733848,8.868032443168135e-05,0.2594170231194195,0.259415865239243,2094
1.3783825782081003,0.009039946952368627,0.0001397236604926052,0.004519012835751185,8.858817118106505e-05,0.25941212893988735,0.2594109644213948,2095
1.378378398583397,0.009038068143833422,0.00013953758398750954,0.004520035666580059,8.850011066626773e-05,0.2594074497429573,0.25940628157986645,2096
1.3783742369362264,0.009031140590443573,0.0001397970692911888,0.0045203872250138815,8.87354199770279e-05,0.2594199479816519,0.2594187872541524,2097
1.3783700436405042,0.009031464965321851,0.00013940034927212416,0.004521669451523864,8.845850577732829e-05,0.2594052382094941,0.259404064606152,2098
1.378365827929898,0.009024761856582342,0.00013963371622370693,0.004522069234088848,8.866748852242994e-05,0.25941634156785054,0.25941517545619786,2099
1.3783616345435163,0.009022677071791687,0.00013946648854134885,0.004523039157250937,8.859674843463297e-05,0.25941258457782096,0.2594114139909291,2100
1.3783574837388919,0.009020124282531405,0.00013933629398613816,0.004523946595438587,8.853597167194641e-05,0.2594093555396715,0.25940818035335594,2101
1.3783533475884793,0.00901399899115948,0.00013951932792456899,0.004524408093229741,8.869591674206868e-05,0.25941785096198006,0.25941668122613143,2102
1.3783491960834093,0.009013511643392367,0.00013920678035631473,0.004525580898254668,8.850047441042107e-05,0.259407469075709,0.2594062903884744,2103
1.378345034209765,0.00900771882035147,0.0001393669248945574,0.004526075433829397,8.86635717471972e-05,0.2594161335880072,0.2594149590357401,2104
1.3783408908467407,0.00900518996402282,0.00013923554394216884,0.004526996083210459,8.860093365868987e-05,0.25941280689585683,0.2594116286132406,2105
1.378336775234737,0.009002508563671659,0.00013912027031470162,0.004527871850959424,8.855126235585022e-05,0.25941016803016026,0.25940898632273623,2106
1.3783326694912954,0.00899694751477861,0.00013925955019240761,0.004528391598708086,8.868738888719115e-05,0.25941739820158366,0.2594162203703786,2107
1.3783285562292933,0.00899583814080978,0.000139003962003652,0.00452949391742974,8.853043974048889e-05,0.259409061575975,0.25940787615146105,2108
1.3783244423753092,0.008990806221039819,0.0001391012929948885,0.004530061783893069,8.864781772451544e-05,0.2594152970067075,0.25941411415996934,2109
1.3783203452857407,0.00898777943190694,0.00013901845505023372,0.004530901526430074,8.862189226843475e-05,0.25941392013289016,0.25941273522774794,2110
1.3783162670383677,0.008985190166541864,0.0001388952122167961,0.004531799365144521,8.855908033039088e-05,0.2594105834213608,0.259409394622182,2111
1.3783121943544732,0.008980023048852712,0.0001390043272633799,0.004532352481301672,8.867705762686258e-05,0.25941684966572487,0.2594156636731852,2112
1.378308119476992,0.0089784001416315,0.00013880038574343103,0.004533373726632585,8.856409738586553e-05,0.25941084998211456,0.25940965852150355,2113
1.3783040506622886,0.008974026465316459,0.00013884022915780744,0.004534026432849165,8.863180197557808e-05,0.2594144464508317,0.25941325574837265,2114
1.3782999970342493,0.008970479096421272,0.00013880574205627546,0.004534788649692894,8.863854046548152e-05,0.2594148043243331,0.2594136123937075,2115
1.3782959557075727,0.008968060728131416,0.00013867220711989735,0.004535703796835593,8.857103358409722e-05,0.25941121849624676,0.2594100231152643,2116
1.378291917758093,0.008963307411220846,0.0001387486887278351,0.004536299007617464,8.866701775976006e-05,0.2594163165707064,0.2594151229615573,2117
1.3782878825959834,0.00896109167170144,0.00013859996729665612,0.004537230817552166,8.8593506779738e-05,0.2594124123783299,0.2594112142315385,2118
1.378283857057923,0.008957308635346049,0.00013858985264328212,0.0045379608455646415,8.862022173460629e-05,0.2594138314056821,0.2594126333406155,2119
1.37827984413063,0.008953466205343073,0.00013858580363149998,0.004538669462973758,8.865128774003112e-05,0.25941548128031866,0.2594142828571927,2120
1.3782758389873715,0.008951073287513949,0.00013845369093771034,0.004539574656754223,8.858620669721094e-05,0.25941202458014273,0.2594108220529804,2121
1.3782718377527845,0.008946738733502891,0.00013849600321725705,0.004540227114225476,8.865559787860723e-05,0.25941571016326476,0.25941450902599344,2122
1.3782678431247928,0.008944007349041862,0.0001383970867259404,0.004541076815346063,8.862019837360719e-05,0.2594138301649014,0.25941262615055005,2123
1.3782638591034622,0.008940663518923066,0.00013835004776026032,0.004541850624688746,8.861580634648384e-05,0.2594135968867635,0.2594123913451021,2124
1.3782598845580927,0.008936694509089604,0.00013835973931473542,0.004542545214943694,8.865499229654687e-05,0.2594156780051437,0.2594144726547744,2125
1.3782559157896395,0.008934231262590367,0.00013823989218973422,0.004543428818564536,8.860537143553795e-05,0.2594130426236971,0.2594118337565572,2126
1.3782519529339856,0.008930292910298749,0.0001382499240150927,0.004544119011020661,8.864944364067998e-05,0.2594153833507022,0.2594141747719496,2127
1.3782479988964544,0.008927102947731,0.0001381919200070898,0.0045449072952197436,8.863678340383397e-05,0.2594147110101072,0.2594135006284134,2128
1.3782440543170584,0.008924107711170809,0.00013811883659528814,0.004545716312216501,8.861609319083205e-05,0.2594136121223913,0.259412399507678,2129
1.3782401168361407,0.008920197364205452,0.00013812887302189398,0.004546406654749733,8.866081100171622e-05,0.25941598699031154,0.25941477472769053,2130
1.378236185510254,0.008917501518269694,0.00013803110501999638,0.004547254716040691,8.862318726790697e-05,0.259413988913734,0.2594127736925597,2131
1.3782322620333334,0.008913938937615726,0.00013800986380909202,0.00454798357197847,8.864047783394698e-05,0.2594149072132415,0.25941369122949665,2132
1.3782283474799064,0.008910466173900709,0.00013798170023329956,0.004548725496512105,8.86530285869472e-05,0.2594155737258516,0.2594143570627614,2133
1.378224440615448,0.008907660575708782,0.00013789574206438804,0.004549553150188744,8.862400059048126e-05,0.25941403211118813,0.2594128128898218,2134
1.3782205403536556,0.00890389643667491,0.0001378950552065571,0.0045502521997676255,8.865828998122694e-05,0.2594158531202025,0.259414633694272,2135
1.378216647537085,0.008900903634718314,0.00013782657156089607,0.004551053469846663,8.864130576905399e-05,0.2594149511825104,0.25941372985549327,2136
1.378212763143826,0.008897715239528526,0.0001377761816467707,0.004551823477273441,8.863798530027541e-05,0.2594147748406574,0.2594135520351081,2137
1.3782088865960824,0.008894093008162142,0.0001377643846706017,0.004552535760055943,8.866239453385223e-05,0.2594160710773577,0.25941484781296203,2138
1.3782050169792297,0.008891260669154393,0.00013768354354023814,0.004553354296591056,8.863570990307356e-05,0.25941465399805397,0.25941342841570303,2139
1.3782011547134319,0.008887793274618423,0.000137660382836899,0.004554082198907571,8.865411279819057e-05,0.2594156313010966,0.25941440500013624,2140
1.3781973005223531,0.00888451442000379,0.0001376205412556296,0.0045548343384602345,8.865836978249986e-05,0.25941585735780337,0.25941462984766794,2141
1.3781934541216616,0.00888153661378254,0.00013755389682663845,0.004555628314065515,8.864049812161463e-05,0.25941490829066405,0.25941367887515443,2142
1.3781896148716255,0.008877986235190302,0.00013753942322753743,0.004556340570652969,8.866375300170644e-05,0.25941614321268036,0.25941491330838945,2143
1.3781857829667978,0.008874985753288555,0.00013747747878460338,0.004557124579932286,8.865278443059653e-05,0.2594155607602838,0.25941432901734696,2144
1.3781819589195483,0.00887180157293117,0.00013743168448447938,0.004557885330513478,8.86519300603213e-05,0.2594155153900528,0.2594142823510299,2145
1.3781781425614301,0.008868373653267946,0.00013740785677263757,0.0045586091212607305,8.866687016323707e-05,0.25941630873342825,0.2594150749538427,2146
1.3781743334598204,0.00886542976897348,0.00013734217906090135,0.0045593956712145865,8.865127233868565e-05,0.2594154804624451,0.2594142447467369,2147
1.3781705317326027,0.00886208947858995,0.0001373123344555653,0.004560129897591138,8.86627332643979e-05,0.25941608906417085,0.2594148524913436,2148
1.378166737721143,0.008858887178989914,0.00013727104957882998,0.004560879325139495,8.866587755723178e-05,0.2594162560265337,0.25941501820386004,2149
1.3781629512952998,0.008855874948842058,0.00013721333895226097,0.004561651807396602,8.865599142399933e-05,0.25941573106157984,0.2594144915544242,2150
1.3781591721756095,0.008852489637580466,0.00013718893827495255,0.004562373599287952,8.86701926401273e-05,0.2594164851531836,0.2594152449582494,2151
1.3781554004527767,0.008849438184863619,0.0001371360006953767,0.004563138230234086,8.866389793612093e-05,0.25941615090873765,0.2594149091317526,2152
1.3781516363457071,0.008846315639219641,0.00013709026684032114,0.004563892003746371,8.866355678941873e-05,0.25941613279374387,0.2594148896782408,2153
1.378147879740049,0.008843021163005926,0.00013706014609495584,0.004564620571072019,8.867425352613926e-05,0.25941670077713735,0.25941545680604877,2154
1.3781441304505497,0.008840024695648957,0.0001370040240076388,0.004565386611161251,8.866478116817304e-05,0.2594161978084667,0.25941495217765215,2155
1.3781403885777708,0.008836797676525865,0.000136968948367894,0.00456612117008691,8.867105487866313e-05,0.25941653093653194,0.2594152842908618,2156
1.3781366542383184,0.008833629849098077,0.0001369297114385483,0.00456686187482113,8.867518457960648e-05,0.2594167502132958,0.2594155024503684,2157
1.3781329273252385,0.00883062876059638,0.0001368763616154131,0.004567622206787252,8.866869690648483e-05,0.25941640573183233,0.25941515639233825,2158
1.3781292077380085,0.008827375450635992,0.00013684542278456598,0.0045683479587713734,8.867767019323478e-05,0.2594168821906847,0.25941563195534206,2159
1.3781254955631965,0.008824301895376675,0.000136799351651647,0.004569096137049795,8.867553225672105e-05,0.25941676867384567,0.2594155171268818,2160
1.378121790851969,0.008821244426821835,0.000136752860170856,0.004569843571569233,8.867392436117351e-05,0.25941668329939865,0.2594154303913673,2161
1.3781180935104582,0.00881803526320959,0.00013672023267136604,0.004570569974523594,8.868222315502164e-05,0.25941712393223226,0.2594158700774579,2162
1.378114403494744,0.008815027211792491,0.00013667032336609766,0.004571322154686234,8.867718231812551e-05,0.2594168562863689,0.2594156009923546,2163
1.3781107208752108,0.00881191269779522,0.00013663052710894384,0.004572056924926049,8.867983164327959e-05,0.25941699695461773,0.25941574050245786,2164
1.3781070456567506,0.008808765061206031,0.00013659426166531642,0.004572786069934164,8.868498709270241e-05,0.2594172706817157,0.25941601319728125,2165
1.3781033777629104,0.008805777696464278,0.00013654448311591576,0.004573535768135637,8.868002602938538e-05,0.2594170072756362,0.2594157483553933,2166
1.3780997171929443,0.008802645652769971,0.00013650821171180022,0.0045742632877237566,8.868537659199e-05,0.25941729136174463,0.25941603137443625,2167
1.378096063989995,0.008799569711796624,0.00013646755928522358,0.004574996857166752,8.868722514892504e-05,0.25941738950818777,0.25941612836488076,2168
1.378092418129688,0.008796567342588279,0.0001364208731376908,0.004575739102542117,8.868409657471771e-05,0.259417223400489,0.259415960930355,2169
1.3780887795657988,0.008793439105677503,0.0001363859844237037,0.004576462041321322,8.868991080566767e-05,0.25941753209740576,0.25941626860697664,2170
1.3780851483135665,0.00879042354709596,0.00013634196802369639,0.004577198657657602,8.868929668430748e-05,0.25941749949213205,0.25941623473996783,2171
1.3780815243907982,0.008787407593368438,0.00013629853884404146,0.004577933764290339,8.86888683632971e-05,0.2594174767514073,0.25941621077481564,2172
1.3780779077626821,0.008784306949165096,0.00013626302050417816,0.004578655297081162,8.869386261782098e-05,0.2594177419065199,0.2594164749062078,2173
1.3780742984087526,0.00878132182997663,0.00013621797706866832,0.0045793908894880605,8.86917881600297e-05,0.2594176317702504,0.25941636347510755,2174
1.3780706963472975,0.008778293074880806,0.00013617755340746533,0.004580118944583058,8.869345337866703e-05,0.25941772017946313,0.2594164507456122,2175
1.378067101572462,0.008775238702406209,0.00013614000457592875,0.004580841604083377,8.86972045127192e-05,0.25941791933033614,0.259416648825481,2176
1.378063514054229,0.008772272563160285,0.00013609515587154373,0.0045815747267865135,8.869510947937038e-05,0.2594178081037665,0.25941653631161954,2177
1.3780599337919375,0.008769237459757311,0.00013605698665829842,0.004582296623864732,8.869788028345818e-05,0.2594179552071274,0.25941668233672543,2178
1.3780563607927578,0.008766223534382726,0.00013601768896892043,0.0045830193720812285,8.87000422404235e-05,0.2594180699848973,0.25941679600124823,2179
1.3780527950383252,0.008763267830704705,0.00013597387605145307,0.004583748714847877,8.869877785437535e-05,0.2594180028591191,0.25941672762852647,2180
1.3780492365132424,0.008760245037879531,0.00013593652162200397,0.004584467253825558,8.870210116944547e-05,0.25941817929163835,0.2594169030025528,2181
1.3780456852211103,0.008757266528718706,0.0001358958985230803,0.004585189636289407,8.870296453233137e-05,0.25941822512644136,0.2594169476831821,2182
1.3780421411569481,0.008754311417731527,0.00013585381622026088,0.004585913674407136,8.870263898422555e-05,0.2594182078435457,0.2594169292148163,2183
1.3780386043028392,0.00875130788786593,0.00013581660611492643,0.004586629598199833,8.870587374844825e-05,0.2594183795712664,0.2594170998974781,2184
1.378035074653479,0.00874836114040275,0.0001357750756373825,0.004587351215479741,8.870600038743314e-05,0.25941838629423497,0.2594171054371274,2185
1.37803155220922,0.00874541071539745,0.00013573445177725253,0.0045880706526264,8.870665805826436e-05,0.2594184212083695,0.25941713920607506,2186
1.3780280369573357,0.008742430099241173,0.00013569702072330922,0.004588784440502775,8.870944012464076e-05,0.2594185689000315,0.25941728585316687,2187
1.3780245288863613,0.008739504250547,0.0001356554207736956,0.004589503724671432,8.870916626319751e-05,0.2594185543616416,0.2594172701357537,2188
1.3780210279953415,0.008736561593369456,0.00013561596210026427,0.004590218921516777,8.871054777693229e-05,0.25941862770136564,0.2594173423645522,2189
1.3780175342770713,0.008733609688986491,0.00013557790298612395,0.004590931339015959,8.871284636797051e-05,0.2594187497242453,0.25941746332679655,2190
1.3780140477188705,0.008730701349269707,0.0001355365852993934,0.004591647883705511,8.871258197694245e-05,0.2594187356888779,0.2594174481249215,2191
1.3780105683162442,0.008727767428779128,0.00013549811782636592,0.004592359073964443,8.871435421923983e-05,0.25941882976909764,0.2594175411239742,2192
1.3780070960645974,0.008724841189705497,0.00013545961007656944,0.004593069666699725,8.871609578298217e-05,0.25941892221981805,0.2594176325044131,2193
1.3780036309531407,0.008721949085931177,0.00013541872860963242,0.0045937831580718045,8.87160698147377e-05,0.2594189208413033,0.2594176299792997,2194
1.3780001729743967,0.008719030435299643,0.0001353807603633559,0.004594491250317291,8.871808578035133e-05,0.2594190278574995,0.259417735930124,2195
1.3779967221240297,0.008716127770186644,0.00013534197151445661,0.004595199870265424,8.871937245171044e-05,0.2594190961589587,0.25941780315247426,2196
1.3779932783936213,0.008713247834334397,0.0001353018010546497,0.004595909767130375,8.871959948171429e-05,0.25941910821053216,0.25941781408437375,2197
1.3779898417743697,0.00871034636068317,0.00013526413662784173,0.0045966149206667795,8.872165534494233e-05,0.2594192173424835,0.25941792216449355,2198
1.3779864122609857,0.00870746734473492,0.0001352251085727998,0.0045973215333386,8.872265187130934e-05,0.2594192702409109,0.25941797397550204,2199
1.3779829898467013,0.0087046011017711,0.00013518555629768813,0.004598028087106328,8.8723183774751e-05,0.25941929847572265,0.25941800111052044,2200
1.3779795745227423,0.008701717332192774,0.00013514812011590445,0.004598730404879902,8.872516457108762e-05,0.259419403620776,0.25941810521557634,2201
1.3779761662826657,0.008698857995250586,0.0001351091376225944,0.004599434440135566,8.872593390793685e-05,0.25941944445856213,0.25941814496901067,2202
1.3779727651204823,0.008696006098659514,0.00013507013409848058,0.004600137714339151,8.87267041183615e-05,0.2594194853425419,0.25941818477009726,2203
1.3779693710279726,0.008693142869066818,0.00013503272891584906,0.004600837595149415,8.872860719817394e-05,0.2594195863602482,0.2594182847524887,2204
1.3779659839979492,0.008690302420047705,0.00013499388733410889,0.004601538962292416,8.87292967881695e-05,0.25941962296422577,0.2594183202795432,2205
1.377962604024569,0.008687464095714258,0.0001349554495731155,0.004602238861315211,8.873020525516264e-05,0.25941967118614884,0.259418367436088,2206
1.3779592311002125,0.008684620385173225,0.00013491811385645317,0.004602936154719955,8.873194642875027e-05,0.25941976360790175,0.25941845882686865,2207
1.3779558652173944,0.008681798745261744,0.00013487944500740736,0.004603634799393933,8.873265357140947e-05,0.2594198011428803,0.25941849529497263,2208
1.377952506370082,0.008678976309491892,0.0001348414156990054,0.004604331622093518,8.873371016019631e-05,0.25941985722610467,0.259418550327755,2209
1.3779491545511517,0.00867615161850456,0.0001348041743769252,0.004605026303487419,8.873527713582995e-05,0.25941994039980243,0.2594186324725259,2210
1.3779458097530928,0.008673346671137252,0.00013476581162573167,0.004605721961914854,8.873598690320298e-05,0.2594199780733929,0.25941866908979544,2211
1.377942471969629,0.008670540654828418,0.00013472813887484107,0.004606415732503168,8.873715092598437e-05,0.2594200398579828,0.2594187298399487,2212
1.37793914119393,0.008667735790328724,0.0001346909521392201,0.004607107863730028,8.87386013919086e-05,0.2594201168459796,0.25941880580326315,2213
1.3779358174186105,0.00866494766973248,0.0001346528873789597,0.004607800579113995,8.873933288340745e-05,0.25942015567193066,0.25941884358061107,2214
1.3779325006372092,0.008662157872035017,0.00013461556073925127,0.004608491323658376,8.874054357008928e-05,0.2594202199321507,0.2594189068186491,2215
1.377929190843042,0.008659371717298258,0.00013457850783459333,0.004609180754103311,8.874190123586042e-05,0.25942029199313166,0.2594189778634043,2216
1.3779258880288907,0.00865660050391769,0.00013454073755040627,0.004609870488452576,8.874267148758836e-05,0.2594203328756254,0.2594190177074362,2217
1.3779225921881737,0.008653828019882275,0.0001345036689074617,0.004610558320603129,8.874389752303648e-05,0.2594203979492926,0.25941908176714484,2218
1.377919303314276,0.008651060385198268,0.00013446676526521176,0.0046112450390805,8.874518527278249e-05,0.2594204662980546,0.25941914910727787,2219
1.3779160214001465,0.0086483055208477,0.00013442932612103012,0.004611931749927405,8.87460035037017e-05,0.25942050972632064,0.259419191509508,2220
1.377912746439139,0.008645550096804375,0.0001343925210114739,0.004612616635177422,8.87472203392609e-05,0.2594205743104792,0.2594192550882675,2221
1.3779094784246653,0.008642800842855288,0.00013435577302055236,0.004613300590181994,8.87484421423983e-05,0.259420639157849,0.2594193189335656,2222
1.3779062173498073,0.008640062948943825,0.00013431862003697917,0.0046139843401432875,8.874931164723496e-05,0.2594206853066661,0.25941936406769667,2223
1.3779029632079094,0.008637324818015624,0.0001342820614602684,0.004614666318093714,8.875052800967612e-05,0.2594207498645106,0.2594194276288598,2224
1.3778997159923947,0.00863459309764924,0.00013424552486794046,0.004615347415059114,8.875169301708728e-05,0.25942081169629705,0.2594194884657406,2225
1.3778964756964454,0.008631871850484758,0.00013420866669751496,0.004616028163606875,8.875258476739387e-05,0.2594208590249188,0.2594195347904386,2226
1.3778932423134207,0.008629151417248002,0.00013417232261021684,0.004616707265339438,8.875379754642465e-05,0.2594209233913892,0.2594195981689186,2227
1.3778900158367506,0.008626437480248036,0.00013413598727634546,0.00461738552123742,8.875493998967149e-05,0.2594209840244887,0.2594196578146713,2228
1.3778867962597012,0.008623732820525627,0.00013409942165164602,0.004618063274237484,8.875584751477243e-05,0.25942103218945634,0.2594197049856357,2229
1.3778835835756567,0.00862102961883766,0.00013406331259694764,0.004618739444771001,8.875703466766474e-05,0.25942109519470347,0.2594197670115605,2230
1.3778803777780568,0.00861833318819685,0.00013402719512151792,0.004619414800849589,8.875815996828111e-05,0.25942115491690276,0.259419825754964,2231
1.3778771788602304,0.008615645544985376,0.00013399089131079954,0.004620089600521569,8.875909018150217e-05,0.2594212042850955,0.25941987413865225,2232
1.3778739868155931,0.008612959802844761,0.00013395499921151527,0.0046207628778086925,8.876025639121736e-05,0.2594212661777076,0.2594199350597504,2233
1.377870801637603,0.008610280506264034,0.00013391912072779324,0.0046214352886763755,8.876136478419969e-05,0.2594213250015165,0.25941999291348683,2234
1.3778676233196354,0.00860760958173632,0.00013388309111433142,0.004622107087677832,8.876230543156294e-05,0.2594213749225664,0.2594200418598007,2235
1.377864451855139,0.008604941299947115,0.00013384741189610122,0.004622777464338534,8.87634505016586e-05,0.2594214356921681,0.25942010166551105,2236
1.3778612872375902,0.008602279325767011,0.00013381175921964541,0.004623446949934234,8.876455339859199e-05,0.2594214942232425,0.259420159234844,2237
1.3778581294604078,0.008599625238372812,0.00013377599197915527,0.004624115759273601,8.876550479024203e-05,0.2594215447135935,0.2594202087600604,2238
1.3778549785170702,0.008596974138832564,0.0001337405387748905,0.004624783197993456,8.876662330760285e-05,0.2594216040729593,0.2594202671632917,2239
1.3778518344010746,0.008594329171822011,0.00013370512796518426,0.00462544972013476,8.876771706990466e-05,0.25942166211822015,0.2594203242549253,2240
1.3778486971058743,0.008591692013738944,0.00013366961319165698,0.004626115548842521,8.876868005206615e-05,0.2594217132227672,0.25942037440368926,2241
1.377845566624979,0.008589058312492619,0.00013363437005572487,0.0046267800618004,8.876977969350665e-05,0.25942177157935314,0.2594204318121471,2242
1.3778424429519045,0.00858643032611712,0.00013359919910293158,0.004627443602385542,8.877086466482222e-05,0.2594218291570598,0.2594204884441819,2243
1.377839326080138,0.00858380984556178,0.00013356394704043753,0.004628106422835762,8.877183070374507e-05,0.2594218804229169,0.2594205387630859,2244
1.3778362160032147,0.008581193346209546,0.00013352892322712648,0.004628767997027563,8.87729112777984e-05,0.2594219377666061,0.2594205951668951,2245
1.377833112714672,0.008578582432127954,0.00013349398415223786,0.004629428560408218,8.877399384413135e-05,0.2594219952156712,0.25942065167860906,2246
1.3778300162080246,0.008575978770839718,0.00013345898173676608,0.004630088369866459,8.877496418469145e-05,0.2594220467088999,0.2594207022332714,2247
1.3778269264768346,0.008573379363178792,0.00013342417947389022,0.004630746986503001,8.877602174961534e-05,0.25942210283055833,0.25942075742285337,2248
1.3778238435146575,0.008570785322686467,0.00013338948088410438,0.00463140455746268,8.877709906227896e-05,0.25942215999982376,0.25942081366327563,2249
1.3778207673150358,0.008568198404004673,0.0001333547305296907,0.004632061344692137,8.877807729984507e-05,0.2594222119112152,0.259420864644678,2250
1.377817697871552,0.00856561612141699,0.00013332014464313496,0.0046327169945752315,8.87791150291274e-05,0.25942226697929577,0.2594209187881512,2251
1.3778146351777818,0.00856303900909149,0.00013328567757565332,0.004633371573157904,8.878018260159746e-05,0.25942232363069734,0.2594209745188102,2252
1.3778115792272936,0.008560468761588098,0.00013325117993765254,0.004634025328293817,8.878116768589283e-05,0.2594223759045101,0.25942102587136867,2253
1.3778085300136873,0.00855790343566052,0.00013321681943368493,0.004634677987119252,8.878219042090239e-05,0.2594224301759632,0.2594210792259751,2254
1.377805487530558,0.008555343191599967,0.00013318258339215904,0.004635329562622275,8.878324626187853e-05,0.25942248620385716,0.25942113434092456,2255
1.3778024517714968,0.008552789650355008,0.00013314833105311304,0.004635980286205425,8.878423451709025e-05,0.25942253864503034,0.25942118586912916,2256
1.377799422730121,0.00855024128528128,0.00013311419300248388,0.004636629947437524,8.878524607433037e-05,0.2594225923224095,0.2594212386374513,2257
1.377796400400043,0.008547697859225519,0.00013308018827898278,0.004637278508754296,8.878629246046458e-05,0.25942264784763097,0.2594212932577111,2258
1.377793384774875,0.008545160894622603,0.00013304618516769338,0.004637926183670388,8.878728083246518e-05,0.25942270029410175,0.25942134479946094,2259
1.377790375848249,0.008542629381140922,0.00013301227243928392,0.00463857283067444,8.87882792576248e-05,0.2594227532737319,0.2594213968776107,2260
1.377787373613794,0.008540102822176186,0.00013297849214201227,0.004639218377614687,8.878931703381694e-05,0.25942280834113784,0.2594214510478302,2261
1.3777843780651418,0.008537582477551306,0.00013294473253839775,0.0046398630034197395,8.87903088090522e-05,0.2594228609672993,0.2594215027775095,2262
1.3777813891959372,0.008535067697991859,0.00013291104956910873,0.0046405066183866275,8.879129522781042e-05,0.25942291330894063,0.2594215542252737,2263
1.3777784069998258,0.00853255788003245,0.000132877496814087,0.004641149133712668,8.879231946717617e-05,0.25942296765712247,0.25942160768386613,2264
1.3777754314704556,0.008530054122664766,0.0001328439786216318,0.004641790702535572,8.879331313618991e-05,0.25942302038288095,0.2594216595212536,2265
1.3777724626014827,0.008527556083479205,0.0001328105228588963,0.004642431279754431,8.879429305321336e-05,0.25942307237864665,0.2594217106307515,2266
1.3777695003865684,0.008525063008137202,0.00013277719398266868,0.0046430707590834125,8.879530463014853e-05,0.2594231260540305,0.2594217634240158,2267
1.3777665448193748,0.008522575761415413,0.00013274391726715416,0.004643709259056801,8.879629605711767e-05,0.25942317865993836,0.25942181514956003,2268
1.37776359589357,0.008520094334991691,0.00013271069342106088,0.004644346778800885,8.879726922966757e-05,0.2594232302969665,0.25942186590796706,2269
1.3777606536028273,0.008517617974373544,0.00013267758698297936,0.004644983214487398,8.879826980486699e-05,0.2594232833876981,0.25942191812392185,2270
1.3777577179408225,0.008515147266363942,0.00013264454620499965,0.004645618646766145,8.87992595818518e-05,0.25942333590517985,0.2594219697688668,2271
1.3777547889012336,0.00851268240096241,0.0001326115541812082,0.004646253098947023,8.880022669936753e-05,0.2594233872200694,0.259422020212809,2272
1.3777518664777457,0.008510222676393698,0.00013257867125065007,0.004646886474735417,8.880121482593966e-05,0.25942343964940295,0.2594220717746855,2273
1.3777489506640457,0.008507768450062833,0.0001325458659571739,0.004647518827444066,8.88022013968276e-05,0.2594234919959019,0.25942212325633385,2274
1.3777460414538203,0.008505320084941781,0.00013251310665990656,0.0046481502037585476,8.880316453082112e-05,0.2594235430985814,0.2594221734956962,2275
1.3777431388407666,0.00850287698099486,0.000132480444771004,0.00464878051605331,8.880414120707857e-05,0.2594235949195134,0.2594222244563884,2276
1.3777402428185785,0.008500439235674943,0.00013244787073667295,0.004649409782494087,8.880512303579683e-05,0.25942364701353976,0.25942227569306925,2277
1.3777373533809545,0.008498007285931027,0.0001324153462179033,0.004650038065779383,8.880608255312935e-05,0.2594236979234868,0.2594223257473483,2278
1.3777344705215973,0.008495580711236598,0.00013238290777013183,0.004650665302071842,8.88070478785701e-05,0.25942374914132216,0.2594223761122086,2279
1.3777315942342105,0.008493159430910698,0.00013235056186678844,0.004651291479986823,8.880802369306802e-05,0.25942380091539863,0.25942242703627405,2280
1.3777287245124994,0.008490743873856262,0.00013231827033885078,0.0046519166624795555,8.880898121564474e-05,0.25942385171867877,0.2594224769913878,2281
1.3777258613501748,0.008488333777727737,0.00013228605535757187,0.00465254081066419,8.88099364665595e-05,0.2594239024011584,0.25942252682812994,2282
1.3777230047409474,0.008485928921687145,0.00013225393578666098,0.004653163892246128,8.881090376730234e-05,0.2594239537226847,0.25942257730692064,2283
1.3777201546785292,0.008483529689319652,0.00013222187794119969,0.004653785962946665,8.881185897049792e-05,0.25942400440208396,0.259422627145621,2284
1.3777173111566354,0.008481136005735471,0.0001321898877702738,0.0046544070110617775,8.881280640358679e-05,0.2594240546689621,0.2594226765739671,2285
1.377714474168983,0.008478747569418047,0.00013215799082119992,0.004655026992547852,8.88137644627433e-05,0.2594241054993428,0.2594227265687253,2286
1.377711643709291,0.008476364637054394,0.00013212616423954386,0.004655645945125254,8.8814716390126e-05,0.25942415600412716,0.25942277624016324,2287
1.377708819771278,0.00847398728146887,0.00013209440122291798,0.004656263878781603,8.881565738631765e-05,0.259424205928688,0.25942282533343625,2288
1.3777060023486665,0.008471615211112274,0.00013206272660308053,0.004656880750392655,8.881660574920715e-05,0.2594242562438214,0.25942287482002296,2289
1.3777031914351787,0.00846924855284021,0.00013203112888886324,0.004657496578831328,8.881755325598023e-05,0.2594243065132656,0.2594229242633362,2290
1.3777003870245386,0.008466887472900218,0.00013199959317795838,0.00465811138819514,8.881848918731864e-05,0.25942435616831827,0.2594229730942656,2291
1.3776975891104706,0.008464531730509534,0.000131968139781355,0.0046587251423274014,8.881942823350335e-05,0.2594244059883636,0.25942302209277185,2292
1.3776947976867013,0.008462181317526856,0.0001319367687284846,0.0046593378400876535,8.882037009138386e-05,0.2594244559573157,0.25942307124274067,2293
1.377692012746957,0.00845983643945893,0.0001319054617087412,0.004659949512172043,8.882130157591282e-05,0.25942450537566364,0.2594231198441301,2294
1.3776892342849651,0.008457496962487161,0.0001318742300734639,0.004660560138225022,8.882223166592006e-05,0.259424554719769,0.2594231683736408,2295
1.3776864622944542,0.008455162783901848,0.00013184308225777175,0.004661169702115667,8.88231666738484e-05,0.25942460432452463,0.2594232171664012,2296
1.3776836967691515,0.008452834073464605,0.00013181200272248498,0.00466177822927046,8.882409458062758e-05,0.25942465355228655,0.2594232655843102,2297
1.377680937702787,0.008450510793251341,0.0001317809941101665,0.0046623857147153535,8.882501703819714e-05,0.2594247024906995,0.2594233137150882,2298
1.3776781850890905,0.0084481928024758,0.000131750068382273,0.004662992136749392,8.882594351656086e-05,0.25942475164216866,0.25942336206147065,2299
1.3776754389217898,0.008445880217743342,0.00013171921510161705,0.0046635975117561065,8.882686696352145e-05,0.25942480063256096,0.25942341024901716,2300
1.3776726991946153,0.008443573082794054,0.000131688429772455,0.004664201846854314,8.88277836703595e-05,0.2594248492651267,0.2594234580808658,2301
1.3776699659012968,0.008441271250807677,0.0001316577244094116,0.0046648051205129435,8.882870194254003e-05,0.25942489798048446,0.2594235059979719,2302
1.377667239035563,0.00843897475578579,0.00013162709563784868,0.004665407336737598,8.882961963109937e-05,0.2594249466646289,0.2594235538862006,2303
1.3776645185911438,0.00843668369445128,0.0001315965347132338,0.004666008509703646,8.883053081898787e-05,0.2594249950036585,0.25942360143140974,2304
1.377661804561767,0.008434397969257015,0.000131566049564776,0.00466660862561592,8.883144130047326e-05,0.2594250433049654,0.2594236489412426,2305
1.3776590969411624,0.008432117543477613,0.00013153564277308086,0.004667207678585762,8.883235281474163e-05,0.2594250916608138,0.2594236965080049,2306
1.3776563957230565,0.008429842511446349,0.0001315053056144277,0.0046678056818221765,8.883325899814472e-05,0.25942513973361375,0.25942374379383126,2307
1.377653700901178,0.008427572833764295,0.000131475041005725,0.004668402629774558,8.883416205635047e-05,0.25942518764037886,0.2594237909158514,2308
1.377651012469252,0.008425308437181738,0.00013144485481511085,0.0046689985118015115,8.883506641510066e-05,0.25942523561589315,0.25942383810902475,2309
1.377648330421006,0.008423049389670834,0.000131414740660194,0.004669593337443245,8.883596757932814e-05,0.25942528342169763,0.25942388513466513,2310
1.3776456547501632,0.00842079570591887,0.00013138469673412828,0.004670187108698856,8.883686424734314e-05,0.25942533098874215,0.2594239319236654,2311
1.3776429854504486,0.008418547304077274,0.00013135472958198324,0.004670779813617401,8.883776114308526e-05,0.25942537856762715,0.2594239787268443,2312
1.3776403225155855,0.008416304204055425,0.00013132483695871248,0.004671371454882663,8.883865668703917e-05,0.2594254260745623,0.25942402546033755,2313
1.3776376659392955,0.008414066453813767,0.00013129501420007883,0.004671962039362039,8.883954758060222e-05,0.25942547333456534,0.25942407194900063,2314
1.3776350157152981,0.008411833996880518,0.00013126526569426947,0.004672551558851672,8.884043710943697e-05,0.259425520521936,0.2594241183672651,2315
1.3776323718373136,0.008409606811873159,0.00013123559280407352,0.004673140010068813,8.884132638931083e-05,0.2594255676958638,0.2594241647743669,2316
1.3776297342990593,0.00840738494929034,0.0001312059906341999,0.004673727400143203,8.884221190999445e-05,0.2594256146701419,0.25942421098394486,2317
1.3776271030942522,0.008405168386369821,0.0001311764605854342,0.004674313725779079,8.884309461560618e-05,0.25942566149485574,0.2594242570461193,2318
1.3776244782166074,0.008402957076763605,0.00013114700614011868,0.004674898980249762,8.884397706211806e-05,0.25942570830559264,0.2594243030965822,2319
1.3776218596598369,0.008400751054289295,0.0001311176239126964,0.00467548316824927,8.884485700417098e-05,0.25942575498324516,0.2594243490161195,2320
1.3776192474176523,0.008398550331508124,0.0001310883123300792,0.004676066291426319,8.884573344217002e-05,0.2594258014747909,0.2594243947516551,2321
1.377616641483764,0.00839635485987019,0.0001310590750320046,0.00467664834281075,8.884660896330866e-05,0.25942584791747186,0.2594244404405404,2322
1.3776140418518799,0.008394164640690392,0.00013102991135058648,0.00467722932263154,8.884748304931023e-05,0.25942589428379664,0.2594244860552611,2323
1.3776114485157045,0.008391979703328539,0.00013100081825012481,0.004677809234928711,8.884835361636765e-05,0.2594259404632306,0.2594245314851837,2324
1.3776088614689432,0.008389800019181912,0.0001309717977150922,0.004678388075398158,8.884922223543747e-05,0.2594259865391076,0.2594245768136996,2325
1.377606280705297,0.00838762556561308,0.00013094285118293102,0.004678965840880594,8.885009000251756e-05,0.2594260325695659,0.25942462209899103,2326
1.3776037062184654,0.008385456368414755,0.0001309139758966608,0.004679542535155342,8.885095496126742e-05,0.2594260784508335,0.25942466723719537,2327
1.3776011380021453,0.008383292422378095,0.00013088517178579503,0.004680118157246597,8.88518171141806e-05,0.2594261241830447,0.2594247122284391,2328
1.3775985760500322,0.008381133694016855,0.0001308564412180931,0.004680692702219698,8.885267820952223e-05,0.25942616985893646,0.2594247571655325,2329
1.3775960203558193,0.008378980192141566,0.0001308277829104223,0.00468126617151328,8.885353737098473e-05,0.25942621543202704,0.25942480200195384,2330
1.3775934709131947,0.008376831930912447,0.0001307991951383115,0.004681838567175779,8.885439346308423e-05,0.25942626084208814,0.2594248466774132,2331
1.3775909277158487,0.008374688884274903,0.00013077067964971042,0.0046824098852585394,8.885524785148254e-05,0.259426306161561,0.2594248912643992,2332
1.3775883907574644,0.008372551040119233,0.0001307422369579514,0.004682980124033874,8.885610092643208e-05,0.25942635141114695,0.25942493578363296,2333
1.3775858600317243,0.008370418414941598,0.0001307138650959412,0.00468354928601594,8.885695126598594e-05,0.2594263965154234,0.2594249801596302,2334
1.3775833355323084,0.008368290999347997,0.00013068556435894268,0.004684117369776176,8.885779915754468e-05,0.2594264414896367,0.2594250244076363,2335
1.3775808172528936,0.008366168771166815,0.00013065733616540934,0.004684684372041167,8.885864574772914e-05,0.25942648639460797,0.2594250685885118,2336
1.3775783051871537,0.008364051737730872,0.00013062917937251326,0.004685250294000764,8.885949029344762e-05,0.2594265311909232,0.25942511266281126,2337
1.3775757993287605,0.008361939903969112,0.0001306010930213708,0.00468581513642813,8.886033212782475e-05,0.2594265758432118,0.2594251565951318,2338
1.3775732996713808,0.008359833248806845,0.00013057307839454816,0.004686378896192169,8.886117219822501e-05,0.25942662040172537,0.2594252004357552,2339
1.3775708062086804,0.008357731764761674,0.00013054513561866433,0.004686941572262974,8.886201065918392e-05,0.25942666487466187,0.25942524419288127,2340
1.3775683189343215,0.008355635462170224,0.00013051726329791618,0.0046875031662848825,8.886284660423277e-05,0.25942670921394273,0.2594252878183915,2341
1.377565837841962,0.00835354433197143,0.00013048946170416407,0.004688063676947202,8.886368031877074e-05,0.25942675343470756,0.2594253313274299,2342
1.3775633629252582,0.00835145835732024,0.000130461731760194,0.004688623101797394,8.886451250763183e-05,0.2594267975743426,0.25942537475740296,2343
1.377560894177862,0.008349377541409434,0.0001304340726542562,0.0046891814414507784,8.886534260667748e-05,0.2594268416029271,0.25942541807836333,2344
1.3775584315934233,0.008347301885789797,0.00013040648373355707,0.0046897386962546864,8.886617020929001e-05,0.2594268854988957,0.2594254612687269,2345
1.3775559751655861,0.008345231375187553,0.00013037896580809366,0.004690294863977518,8.886699599727093e-05,0.25942692929841266,0.2594255043646797,2346
1.3775535248879935,0.008343166003029432,0.00013035151892589549,0.004690849943731593,8.886782007649768e-05,0.259426973007095,0.25942554737183465,2347
1.3775510807542837,0.008341105774141638,0.0001303241421396338,0.004691403936411804,8.886864180261513e-05,0.259427016590768,0.2594255902559856,2348
1.377548642758092,0.00833905068074849,0.00013029683559429977,0.004691956840999436,8.88694613320416e-05,0.25942706005772964,0.25942563302543353,2349
1.37754621089305,0.008337000709735512,0.00013026959990293621,0.004692508655621641,8.887027918005773e-05,0.2594271034353113,0.2594256757075261,2350
1.3775437851527856,0.008334955861351093,0.0001302424345219405,0.004693059380446064,8.887109501866822e-05,0.25942714670611783,0.2594257182848489,2351
1.3775413655309225,0.008332916135629594,0.00013021533892195326,0.004693609015662427,8.887190852013975e-05,0.2594271898527684,0.2594257607400021,2352
1.3775389520210803,0.008330881520927268,0.0001301883135854685,0.004694157559683843,8.887272009987293e-05,0.2594272328972967,0.2594258030950313,2353
1.3775365446168772,0.008328852010106722,0.00013016135860851582,0.004694705011574033,8.887352990042904e-05,0.25942727584726516,0.25942584535749913,2354
1.3775341433119244,0.008326827604530023,0.0001301344733469647,0.004695251371716181,8.887433751191531e-05,0.2594273186809355,0.25942588750564644,2355
1.3775317480998313,0.008324808298335649,0.00013010765777532717,0.004695796639438171,8.887514296134306e-05,0.2594273613997419,0.2594259295409041,2356
1.3775293589742024,0.008322794080834528,0.00013008091229080315,0.004696340813310053,8.887594659929872e-05,0.2594274040222799,0.2594259714818763,2357
1.3775269759286382,0.008320784949642869,0.0001300542365804021,0.004696883893141109,8.887674827950832e-05,0.2594274465407929,0.25942601332079446,2358
1.3775245989567357,0.008318780903755723,0.0001300276302077233,0.004697425878994498,8.887754775482645e-05,0.2594274889421747,0.259426055044538,2359
1.3775222280520871,0.008316781934176943,0.00013000109341764862,0.004697966769751267,8.887834525159313e-05,0.25942753123843104,0.2594260966651178,2360
1.3775198632082815,0.008314788033284263,0.00012997462633642867,0.004698506564472566,8.887914091197297e-05,0.25942757343710315,0.2594261381900753,2361
1.3775175044189023,0.008312799200077962,0.00012994822852486305,0.004699045263215327,8.887993448431732e-05,0.259427615524846,0.25942617960605,2362
1.3775151516775301,0.008310815430262956,0.00012992189983053514,0.004699582865572777,8.888072593109981e-05,0.25942765749967084,0.2594262209110475,2363
1.3775128049777399,0.008308836714860317,0.0001298956405019794,0.004700119370441942,8.888151549896839e-05,0.2594276993746602,0.2594262621181557,2364
1.3775104643131033,0.008306863049263598,0.00012986945040634158,0.004700654777369879,8.888230314954206e-05,0.2594277411477799,0.25942630322533305,2365
1.377508129677188,0.00830489443145327,0.00012984332918618546,0.004701189086307587,8.888308867816553e-05,0.2594277828081774,0.25942634422171373,2366
1.377505801063555,0.008302930854665675,0.00012981727689540787,0.0047017222965082435,8.8883872183575e-05,0.2594278243610907,0.2594263851125365,2367
1.3775034784657636,0.008300972311425223,0.00012979129365226925,0.004702254407110254,8.888465382069246e-05,0.2594278658147373,0.2594264259060205,2368
1.377501161877367,0.008299018798771587,0.00012976537918495167,0.0047027854179332125,8.888543346234432e-05,0.25942790716237407,0.25942646659541135,2369
1.377498851291914,0.008297070312971545,0.0001297395332843006,0.004703315328708139,8.888621101679345e-05,0.2594279483991372,0.2594265071758366,2370
1.3774965467029494,0.008295126846421128,0.00012971375607307426,0.004703844138596962,8.888698662796427e-05,0.25942798953266094,0.25942654765493306,2371
1.3774942481040127,0.008293188393291373,0.00012968804752296135,0.004704371847014815,8.888776033717156e-05,0.25942803056513775,0.2594265880348903,2372
1.3774919554886391,0.008291254950693033,0.00012966240735358772,0.0047048984538200465,8.88885320086081e-05,0.25942807148936664,0.25942662830849644,2373
1.377489668850359,0.00828932651336694,0.0001296368354874115,0.004705423958541631,8.888930165016268e-05,0.2594281123057674,0.2594266684761668,2374
1.377487388182699,0.008287403074128653,0.00012961133201147516,0.004705948360433389,8.889006938592551e-05,0.25942815302092226,0.2594267085444848,2375
1.3774851134791786,0.008285484628398027,0.00012958589678840237,0.004706471659132242,8.889083517927052e-05,0.25942819363289016,0.2594267485115035,2376
1.3774828447333147,0.008283571172536431,0.0001295605295990268,0.004706993854418675,8.889159893413377e-05,0.25942823413657795,0.25942678837212063,2377
1.377480581938618,0.008281662700306181,0.00012953523044684483,0.004707514945703763,8.889236071292439e-05,0.2594282745352967,0.25942682812964557,2378
1.3774783250885958,0.008279759205337047,0.0001295099993471958,0.00470803493239083,8.889312058863947e-05,0.25942831483291895,0.25942686778794977,2379
1.3774760741767487,0.0082778606836417,0.00012948483611134988,0.004708553814236565,8.889387849137408e-05,0.2594283550257388,0.25942690734331997,2380
1.3774738291965731,0.008275967130744867,0.00012945974059156527,0.004709071590927539,8.889463437948994e-05,0.25942839511154947,0.25942694679354283,2381
1.377471590141561,0.008274078540125743,0.0001294347128137065,0.0047095882618624525,8.889538833106897e-05,0.2594284350944931,0.25942698614275944,2382
1.377469357005199,0.008272194906151121,0.0001294097527265441,0.0047101038265873465,8.889614036790538e-05,0.25942847497572674,0.25942702539212364,2383
1.3774671297809677,0.008270316224790398,0.00012938486014230083,0.004710618284887,8.889689041824873e-05,0.25942851475144674,0.25942706453782455,2384
1.3774649084623438,0.008268442490870324,0.00012936003497205313,0.004711131636374551,8.889763848415587e-05,0.2594285544217635,0.259427103579968,2385
1.3774626930427987,0.008266573698065624,0.00012933527722445412,0.004711643880504617,8.889838463511972e-05,0.25942859399036355,0.25942714252223925,2386
1.3774604835157975,0.008264709841307418,0.00012931058679840896,0.00471215501693642,8.889912885857351e-05,0.2594286334565818,0.25942718136396853,2387
1.377458279874802,0.008262850916237673,0.00012928596353150082,0.004712665045440509,8.889987109865076e-05,0.2594286728174569,0.25942722010218777,2388
1.3774560821132669,0.008260996917200034,0.0001292614073734005,0.004713173965594091,8.890061138234759e-05,0.2594287120744218,0.2594272587383268,2389
1.3774538902246425,0.008259147838179643,0.0001292369183043189,0.004713681776929782,8.890134975904437e-05,0.2594287512300964,0.25942729727500363,2390
1.3774517042023742,0.008257303674406163,0.00012921249619656528,0.004714188479178677,8.890208619957421e-05,0.25942879028293525,0.2594273357106672,2391
1.3774495240399018,0.008255464421176532,0.0001291881409159765,0.004714694072088673,8.890282066969176e-05,0.25942882923112365,0.259427374043497,2392
1.3774473497306594,0.008253630072639679,0.0001291638524267154,0.004715198555241668,8.89035532060456e-05,0.2594288680766063,0.25942741227543537,2393
1.3774451812680757,0.008251800623075815,0.00012913963068124417,0.004715701928249502,8.890428383694921e-05,0.25942890682088593,0.259427450407982,2394
1.3774430186455735,0.008249976067752879,0.00012911547554658303,0.004716204190881002,8.89050125292387e-05,0.25942894546220513,0.2594274884393743,2395
1.3774408618565719,0.008248156401643168,0.00012909138691467268,0.004716705342865486,8.890573926780858e-05,0.25942898399976416,0.25942752636880745,2396
1.3774387108944839,0.008246341618887732,0.00012906736474851556,0.004717205383815017,8.890646408886779e-05,0.2594290224354844,0.2594275641982001,2397
1.3774365657527146,0.008244531714023428,0.00012904340897671913,0.004717704313412702,8.890718700412054e-05,0.2594290607699877,0.25942760192817105,2398
1.3774344264246676,0.008242726682247736,0.00012901951947058414,0.004718202131449317,8.890790798401012e-05,0.25942909900170796,0.25942763955714865,2399
1.3774322929037377,0.008240926518279866,0.000128995696141751,0.004718698837648315,8.890862702740954e-05,0.25942913713058674,0.25942767708507036,2400
1.3774301651833147,0.00823913121630768,0.00012897193894683773,0.004719194431661343,8.890934416506114e-05,0.2594291751582554,0.25942771451356506,2401
1.3774280432567851,0.008237340771019262,0.00012894824779922877,0.004719688913226873,8.891005939722969e-05,0.25942921308472927,0.2594277518426438,2402
1.3774259271175264,0.008235555177504602,0.00012892462257774084,0.00472018228215157,8.891077270055774e-05,0.25942925090877095,0.2594277890710645,2403
1.3774238167589121,0.008233774430344745,0.00012890106320438373,0.0047206745381699515,8.891148408274786e-05,0.2594292886307901,0.2594278261992332,2404
1.3774217121743113,0.008231998523810603,0.00012887756962673451,0.004721165680978611,8.891219356844741e-05,0.25942932625209497,0.25942786322845496,2405
1.3774196133570848,0.008230227452644158,0.00012885414175106488,0.004721655710357395,8.891290115172824e-05,0.25942936377237236,0.25942790015841266,2406
1.377417520300589,0.008228461211794323,0.0001288307794657814,0.004722144626125153,8.891360681491629e-05,0.2594294011906863,0.25942793698816585,2407
1.3774154329981745,0.008226699795765213,0.00012880748269755192,0.004722632428037498,8.891431056940695e-05,0.2594294385076423,0.2594279737183164,2408
1.3774133514431857,0.008224943198924351,0.00012878425138419314,0.004723119115837244,8.891501243445692e-05,0.25942947572426256,0.25942801034988355,2409
1.3774112756289616,0.008223191416035537,0.0001287610854283853,0.004723604689339374,8.891571240255226e-05,0.2594295128401499,0.2594280468824659,2410
1.3774092055488354,0.008221444441921863,0.00012873798472693535,0.004724089148377262,8.89164104612848e-05,0.2594295498546476,0.25942808331540246,2411
1.377407141196134,0.008219702271032013,0.00012871494920864353,0.004724572492732638,8.891710662223578e-05,0.2594295867683709,0.25942811964930523,2412
1.3774050825641782,0.008217964897790609,0.000128691978804244,0.004725054722190266,8.891780089945635e-05,0.25942962358206606,0.25942815588491713,2413
1.3774030296462836,0.008216232316953594,0.00012866907341543745,0.0047255358365956195,8.89184932859803e-05,0.25942966029536485,0.25942819202186596,2414
1.3774009824357596,0.008214504523261217,0.0001286462329444169,0.004726015835801566,8.891918377432529e-05,0.2594296969078717,0.2594282280597521,2415
1.3773989409259093,0.008212781511144603,0.0001286234573192477,0.004726494719620875,8.891987237531932e-05,0.25942973342016196,0.2594282639991475,2416
1.3773969051100299,0.008211063275055292,0.0001286007464658615,0.004726972487876555,8.892055909868617e-05,0.25942976983275234,0.2594282998405657,2417
1.377394874981413,0.008209349809705148,0.00012857810028744554,0.004727449140440641,8.892124393820526e-05,0.2594298061453142,0.25942833558367395,2418
1.3773928505333435,0.00820764110976341,0.00012855551869031832,0.004727924677187966,8.892192688990372e-05,0.259429842357638,0.25942837122825907,2419
1.3773908317591008,0.00820593716966323,0.00012853300160045958,0.004728399097964872,8.892260796381864e-05,0.2594298784702571,0.25942840677485096,2420
1.3773888186519578,0.008204237983878078,0.00012851054893981074,0.004728872402631245,8.892328716703497e-05,0.25942991448354835,0.2594284422238232,2421
1.3773868112051817,0.008202543547074382,0.00012848816061318872,0.00472934459108535,8.892396449429974e-05,0.2594299503972343,0.25942847757489446,2422
1.377384809412033,0.00820085385385931,0.00012846583652994083,0.004729815663225699,8.892463994359389e-05,0.2594299862112091,0.2594285128279552,2423
1.3773828132657666,0.008199168898659718,0.00012844357661437382,0.004730285618931446,8.892531352376258e-05,0.25943002192594283,0.2594285479834722,2424
1.3773808227596307,0.00819748867595224,0.00012842138078602224,0.004730754458097106,8.892598524039931e-05,0.2594300575417332,0.25942858304173994,2425
1.3773788378868674,0.008195813180362319,0.0001283992489511033,0.004731222180648328,8.892665508956943e-05,0.2594300930583727,0.2594286180025471,2426
1.3773768586407131,0.008194142406455978,0.00012837718102035118,0.004731688786510387,8.892732307049487e-05,0.25943012847582125,0.2594286528658499,2427
1.377374885014398,0.008192476348655964,0.00012835517691619358,0.004732154275595023,8.89279891907136e-05,0.2594301637944796,0.25942868763204585,2428
1.3773729170011448,0.008190815001426946,0.00012833323655689902,0.0047326186478288184,8.892865345480815e-05,0.2594301990145918,0.2594287223013758,2429
1.377370954594171,0.008189158359347493,0.00012831135985042814,0.004733081903164463,8.892931586004714e-05,0.2594302341360142,0.25942875687369243,2430
1.3773689977866876,0.008187506416947488,0.00012828954670839404,0.0047335440415556575,8.892997640642754e-05,0.2594302691587477,0.259428791348993,2431
1.3773670465718988,0.008185859168646776,0.00012826779705130682,0.0047340050629472875,8.89306351004073e-05,0.2594303040831358,0.259428825727618,2432
1.3773651009430032,0.008184216608897467,0.0001282461107963267,0.004734464967297459,8.893129194603541e-05,0.25943033890939426,0.25942886000977966,2433
1.377363160893193,0.008182578732236144,0.000128224487852752,0.004734923754586174,8.893194694160468e-05,0.2594303736374337,0.25942889419538506,2434
1.3773612264156525,0.00818094553315803,0.00012820292813283467,0.004735381424795996,8.893260008747785e-05,0.2594304082672744,0.2594289282844513,2435
1.3773592975035618,0.008179317006071113,0.00012818143155577955,0.004735837977904294,8.89332513891448e-05,0.25943044279920857,0.25942896227726703,2436
1.3773573741500929,0.008177693145408487,0.00012815999803812494,0.00473629341390026,8.8933900850367e-05,0.25943047723343665,0.25942899617402965,2437
1.3773554563484118,0.00817607394567054,0.00012813862749006306,0.0047367477327920115,8.893454847036938e-05,0.25943051156991864,0.2594290299746957,2438
1.377353544091679,0.008174459401325404,0.0001281173198239164,0.004737200934591732,8.893519424977256e-05,0.2594305458086885,0.2594290636792956,2439
1.377351637373047,0.008172849506768071,0.00012809607495768526,0.004737653019309026,8.893583819323868e-05,0.2594305799499945,0.2594290972880745,2440
1.3773497361856626,0.008171244256407063,0.0001280748928076562,0.004738103986963739,8.893648030430654e-05,0.25943061399402534,0.2594291308012179,2441
1.3773478405226656,0.008169643644704499,0.0001280537732849764,0.004738553837592273,8.89371205829406e-05,0.25943064794078013,0.25942916421872153,2442
1.3773459503771897,0.008168047666101663,0.0001280327163019817,0.004739002571236611,8.893775902995128e-05,0.25943068179030293,0.25942919754062616,2443
1.377344065742362,0.008166456314980381,0.0001280117217755059,0.0047394501879384045,8.893839564934153e-05,0.259430715542807,0.25942923076714186,2444
1.377342186611303,0.008164869585726407,0.00012799078962146885,0.004739896687748352,8.893903044452381e-05,0.2594307491984743,0.2594292638984474,2445
1.3773403129771262,0.008163287472766376,0.00012796991975172,0.004740342070731759,8.893966341606598e-05,0.259430782757336,0.2594292969345705,2446
1.3773384448329389,0.008161709970513631,0.0001279491120786433,0.004740786336960488,8.894029456490026e-05,0.25943081621944253,0.25942932987555856,2447
1.377336582171842,0.008160137073332182,0.00012792836651824091,0.004741229486507642,8.894092389451168e-05,0.2594308495849797,0.25942936272159395,2448
1.377334724986928,0.008158568775582957,0.00012790768298617951,0.004741671519454495,8.894155140817489e-05,0.25943088285412214,0.25942939547284855,2449
1.3773328732712855,0.008157005071659253,0.00012788706139480835,0.004742112435895701,8.894217710693441e-05,0.25943091602692625,0.2594294281293752,2450
1.3773310270179937,0.008155445955948462,0.00012786650165640348,0.004742552235933505,8.894280099185061e-05,0.25943094910344927,0.2594294606912281,2451
1.3773291862201276,0.00815389142279686,0.00012784600368613913,0.004742990919672516,8.894342306600467e-05,0.25943098208385557,0.2594294931585683,2452
1.377327350870753,0.008152341466539903,0.00012782556739948474,0.004743428487224441,8.894404333262763e-05,0.25943101496831744,0.2594295255315651,2453
1.3773255209629307,0.008150796081536474,0.00012780519270930336,0.0047438649387131875,8.894466179311095e-05,0.25943104775690967,0.2594295578102902,2454
1.3773236964897142,0.008149255262145704,0.00012778487952786935,0.0047443002742712185,8.894527844854774e-05,0.2594310804496912,0.2594295899947992,2455
1.3773218774441496,0.008147719002694795,0.00012776462776961406,0.004744734494034675,8.894589330166461e-05,0.2594311130468076,0.2594296220852347,2456
1.3773200638192769,0.008146187297495949,0.00012774443734964242,0.004745167598146106,8.894650635566992e-05,0.25943114554842994,0.2594296540817646,2457
1.3773182556081287,0.008144660140876274,0.00012772430818115227,0.004745599586759032,8.894711761236588e-05,0.25943117795465476,0.25942968598448257,2458
1.3773164528037318,0.008143137527165695,0.00012770424017647647,0.004746030460035986,8.894772707293182e-05,0.25943121026554555,0.25942971779344864,2459
1.3773146553991054,0.008141619450669112,0.00012768423324949365,0.004746460218144276,8.894833473970623e-05,0.2594312424812273,0.25942974950878483,2460
1.377312863387261,0.008140105905674173,0.0001276642873149667,0.0047468888612572395,8.894894061572922e-05,0.2594312746018621,0.2594297811306504,2461
1.3773110767612047,0.008138596886477176,0.00012764440228632177,0.004747316389558256,8.894954470315411e-05,0.25943130662756514,0.25942981265915727,2462
1.377309295513935,0.008137092387379584,0.0001276245780759269,0.004747742803240115,8.895014700339617e-05,0.2594313385584124,0.25942984409437825,2463
1.3773075196384432,0.008135592402664073,0.00012760481459712247,0.004748168102501343,8.895074751854081e-05,0.25943137039451536,0.2594298754364221,2464
1.3773057491277136,0.008134096926593908,0.00012758511176428887,0.0047485922875461556,8.895134625142535e-05,0.25943140213602545,0.25942990668543703,2465
1.3773039839747248,0.008132605953434211,0.00012756546949103633,0.004749015358587786,8.895194320438254e-05,0.25943143378306727,0.25942993784154456,2466
1.3773022241724464,0.008131119477456001,0.00012754588768986377,0.004749437315849054,8.895253837901324e-05,0.25943146533572664,0.2594299689048277,2467
1.3773004697138425,0.00812963749291816,0.00012752636627369967,0.004749858159559545,8.895313177728491e-05,0.2594314967941088,0.2594299998753885,2468
1.37729872059187,0.008128159994060845,0.00012750690515644675,0.004750277889954631,8.895372340186455e-05,0.25943152815835613,0.25943003075336635,2469
1.3772969767994772,0.00812668697512003,0.00012748750425172736,0.004750696507277774,8.895431325521817e-05,0.25943155942860024,0.2594300615388901,2470
1.377295238329608,0.008125218430335897,0.00012746816347218622,0.0047511140117817915,8.895490133915434e-05,0.259431590604938,0.2594300922320533,2471
1.3772935051751964,0.008123754353941231,0.0001274488827304758,0.004751530403727029,8.89554876555204e-05,0.2594316216874682,0.25943012283295214,2472
1.377291777329172,0.008122294740152015,0.0001274296619400647,0.004751945683379907,8.89560722067931e-05,0.2594316526763231,0.25943015334171565,2473
1.3772900547844547,0.008120839583176059,0.00012741050101448877,0.004752359851014332,8.895665499551839e-05,0.25943168357163865,0.25943018375847704,2474
1.3772883375339593,0.00811938887722299,0.00012739139986650105,0.004752772906913236,8.89572360237198e-05,0.25943171437352297,0.25943021408334127,2475
1.377286625570592,0.008117942616498529,0.0001273723584085563,0.004753184851367627,8.895781529323766e-05,0.25943174508207456,0.2594302443164041,2476
1.377284918887253,0.008116500795194333,0.00012735337655368005,0.0047535956846750035,8.895839280635745e-05,0.2594317756974155,0.2594302744577845,2477
1.3772832174768344,0.008115063407490786,0.00012733445421522554,0.004754005407139859,8.895896856561496e-05,0.2594318062196811,0.25943030450761506,2478
1.3772815213322216,0.008113630447566756,0.00012731559130603796,0.004754414019075225,8.895954257321311e-05,0.25943183664898906,0.2594303344660105,2479
1.377279830446293,0.008112201909599097,0.00012729678773849834,0.004754821520802564,8.896011483105747e-05,0.2594318669854413,0.2594303643330697,2480
1.3772781448119187,0.008110777787754177,0.00012727804342524795,0.004755227912650385,8.896068534128095e-05,0.2594318972291518,0.25943039410890395,2481
1.3772764644219624,0.008109358076186166,0.00012725935827934126,0.004755633194954018,8.896125410636731e-05,0.25943192738025306,0.25943042379364284,2482
1.3772747892692807,0.008107942769044207,0.0001272407322136076,0.004756037368056771,8.896182112863602e-05,0.259431957438869,0.2594304533874072,2483
1.377273119346722,0.008106531860475424,0.00012722216514041008,0.004756440432310415,8.896238641011447e-05,0.2594319874051079,0.2594304828903028,2484
1.3772714546471287,0.008105125344619258,0.00012720365697211988,0.004756842388074261,8.896294995286047e-05,0.25943201727907983,0.25943051230243647,2485
1.3772697951633341,0.008103723215603547,0.00012718520762146005,0.004757243235714524,8.896351175922931e-05,0.25943204706091044,0.2594305416239312,2486
1.3772681408881653,0.008102325467548464,0.00012716681700115977,0.00475764297560498,8.896407183160988e-05,0.25943207675072727,0.25943057085491183,2487
1.377266491814443,0.008100932094571066,0.00012714848502357035,0.004758041608127681,8.896463017216706e-05,0.25943210634864594,0.2594305999954908,2488
1.3772648479349783,0.008099543090782943,0.00012713021160085612,0.004758439133672594,8.896518678294957e-05,0.2594321358547759,0.259430629045775,2489
1.3772632092425754,0.008098158450285452,0.0001271119966454045,0.004758835552636834,8.896574166620409e-05,0.2594321652692372,0.2594306580058816,2490
1.3772615757300337,0.008096778167170502,0.00012709384006976006,0.004759230865424783,8.896629482432823e-05,0.25943219459215766,0.2594306868759354,2491
1.3772599473901412,0.00809540223552491,0.0001270757417862424,0.0047596250724488,8.896684625958036e-05,0.25943222382365794,0.2594307156560545,2492
1.3772583242156804,0.008094030649431051,0.0001270577017068985,0.004760018174129331,8.896739597405977e-05,0.25943225296385014,0.2594307443463483,2493
1.3772567061994272,0.008092663402963062,0.00012703971974382445,0.0047604101708942775,8.896794396994436e-05,0.25943228201285057,0.25943077294692996,2494
1.3772550933341492,0.008091300490185208,0.00012702179580929956,0.004760801063178773,8.896849024958701e-05,0.2594323109707848,0.25943080145792236,2495
1.377253485612605,0.008089941905154835,0.00012700392981553478,0.00476119085142562,8.896903481531344e-05,0.2594323398377769,0.25943082987944704,2496
1.3772518830275489,0.00808858764192438,0.00012698612167449816,0.004761579536085641,8.89695776693133e-05,0.25943236861394386,0.25943085821161777,2497
1.3772502855717241,0.008087237694539555,0.00012696837129806462,0.004761967117617393,8.897011881372605e-05,0.2594323972993999,0.2594308864545464,2498
1.3772486932378685,0.008085892057036873,0.00012695067859823446,0.004762353596486736,8.897065825083995e-05,0.25943242589426707,0.2594309146083521,2499
1.3772471060187124,0.008084550723444597,0.00012693304348705112,0.00476273897316702,8.897119598301036e-05,0.25943245439867113,0.25943094267315775,2500
1.377245523906977,0.008083213687785147,0.000126915465876384,0.004763123248139452,8.897173201249738e-05,0.2594324828127327,0.2594309706490813,2501
1.3772439468953774,0.008081880944075037,0.00012689794567794063,0.004763506421893111,8.897226634147642e-05,0.25943251113656784,0.25943099853623613,2502
1.3772423749766207,0.008080552486322588,0.0001268804828034524,0.004763888494924566,8.897279897217736e-05,0.25943253937029565,0.2594310263347384,2503
1.3772408081434049,0.008079228308527343,0.00012686307716473896,0.004764269467737777,8.897332990694122e-05,0.259432567514041,0.2594310540447105,2504
1.3772392463884229,0.008077908404681769,0.00012684572867354156,0.004764649340844374,8.89738591480724e-05,0.2594325955679268,0.2594310816662725,2505
1.3772376897043577,0.008076592768772348,0.0001268284372414415,0.0047650281147638435,8.897438669781466e-05,0.25943262353207286,0.25943110919954143,2506
1.3772361380838858,0.008075281394778496,0.00012681120277994735,0.004765405790023344,8.897491255838146e-05,0.25943265140659727,0.2594311366446327,2507
1.3772345915196753,0.008073974276671152,0.00012679402520061151,0.004765782367157493,8.897543673206172e-05,0.25943267919162216,0.2594311640016657,2508
1.3772330500043874,0.008072671408413157,0.00012677690441499986,0.0047661578467084135,8.897595922119264e-05,0.2594327068872722,0.2594311912707624,2509
1.377231513530674,0.008071372783960832,0.0001267598403345598,0.004766532229225981,8.897648002806226e-05,0.2594327344936695,0.25943121845204237,2510
1.3772299820911809,0.008070078397263813,0.00012674283287061856,0.004766905515267825,8.897699915491783e-05,0.2594327620109339,0.2594312455456226,2511
1.3772284556785457,0.008068788242263928,0.0001267258819344891,0.004767277705399139,8.897751660402346e-05,0.25943278943918624,0.2594312725516211,2512
1.3772269342853976,0.00806750231289472,0.00012670898743750864,0.004767648800192594,8.897803237769883e-05,0.25943281677855023,0.259431299470159,2513
1.377225417904357,0.008066220603082243,0.00012669214929096137,0.004768018800228477,8.89785464782637e-05,0.2594328440291496,0.2594313263013576,2514
1.3772239065280394,0.008064943106745884,0.0001266753674060186,0.004768387706094811,8.897905890800855e-05,0.2594328711911066,0.25943135304533615,2515
1.3772224001490494,0.008063669817797842,0.00012665864169377535,0.004768755518387281,8.897956966919989e-05,0.259432898264542,0.259431379702213,2516
1.3772208987599857,0.008062400730142213,0.00012664197206532204,0.004769122237709095,8.898007876413885e-05,0.25943292524957867,0.25943140627210814,2517
1.3772194023534385,0.008061135837675022,0.00012662535843174688,0.0047694878646709835,8.898058619516431e-05,0.25943295214634127,0.2594314327551435,2518
1.377217910921989,0.008059875134285127,0.00012660880070405748,0.004769852399891334,8.898109196459536e-05,0.2594329789549535,0.25943145915144045,2519
1.3772164244582121,0.008058618613854377,0.00012659229879315824,0.004770215843996228,8.898159607471867e-05,0.2594330056755373,0.25943148546111805,2520
1.3772149429546736,0.00805736627025705,0.00012657585260991103,0.004770578197619336,8.898209852783357e-05,0.2594330323082153,0.25943151168429635,2521
1.3772134664039317,0.008056118097359243,0.00012655946206516883,0.004770939461401848,8.898259932627086e-05,0.2594330588531118,0.25943153782109696,2522
1.377211994798537,0.008054874089019365,0.00012654312706974292,0.004771299635992533,8.898309847236772e-05,0.2594330853103514,0.2594315638716419,2523
1.3772105281310312,0.008053634239088512,0.00012652684753436638,0.0047716587220478016,8.898359596845511e-05,0.25943311168005845,0.25943158983605275,2524
1.3772090663939485,0.008052398541410481,0.00012651062336969214,0.0047720167202317055,8.898409181683998e-05,0.2594331379623559,0.25943161571445,2525
1.3772076095798145,0.008051166989821284,0.00012649445448632878,0.004772373631215864,8.898458601983665e-05,0.25943316415736717,0.25943164150695436,2526
1.3772061576811476,0.008049939578148858,0.00012647834079487284,0.004772729455679412,8.89850785797983e-05,0.2594331902652177,0.2594316672136887,2527
1.377204710690458,0.008048716300213461,0.00012646228220586136,0.004773084194309075,8.898556949907713e-05,0.25943321628603294,0.25943169283477563,2528
1.377203268600246,0.008047497149828007,0.00012644627862974948,0.004773437847799211,8.898605878000338e-05,0.2594332422199371,0.25943171837033707,2529
1.377201831403006,0.00804628212079789,0.00012643032997692468,0.004773790416851786,8.898654642490325e-05,0.25943326806705413,0.2594317438204943,2530
1.377200399091223,0.008045071206920504,0.00012641443615774166,0.004774141902176299,8.898703243611863e-05,0.25943329382750896,0.2594317691853695,2531
1.3771989716573747,0.008043864401985196,0.00012639859708252638,0.004774492304489776,8.898751681602611e-05,0.25943331950142823,0.25943179446508663,2532
1.3771975490939292,0.008042661699773784,0.0001263828126615294,0.004774841624516838,8.898799956697194e-05,0.259433345088937,0.25943181965976836,2533
1.3771961313933476,0.008041463094060543,0.00012636708280492956,0.0047751898629897135,8.898848069130349e-05,0.2594333705901604,0.2594318447695372,2534
1.377194718548082,0.008040268578611951,0.00012635140742285066,0.0047755370206481965,8.898896019137661e-05,0.259433396005224,0.2594318697945161,2535
1.377193310550577,0.008039078147186464,0.00012633578642537552,0.004775883098239603,8.898943806955349e-05,0.25943342133425373,0.2594318947348283,2536
1.3771919073932681,0.008037891793534636,0.00012632021972253874,0.004776228096518797,8.898991432820891e-05,0.2594334465773761,0.2594319195905978,2537
1.3771905090685828,0.008036709511399318,0.00012630470722430938,0.004776572016248215,8.899038896970315e-05,0.2594334717347169,0.25943194436194794,2538
1.3771891155689404,0.008035531294515634,0.00012628924884059063,0.004776914858197864,8.899086199641847e-05,0.25943349680640315,0.25943196904900295,2539
1.377187726886752,0.008034357136610847,0.0001262738444812231,0.004777256623145297,8.899133341071629e-05,0.25943352179256063,0.2594319936518861,2540
1.3771863430144193,0.008033187031404156,0.0001262584940560092,0.004777597311875595,8.89918032149822e-05,0.2594335466933165,0.259432018170722,2541
1.3771849639443372,0.008032020972606845,0.00012624319747469093,0.00477793692518137,8.899227141159763e-05,0.2594335715087976,0.2594320426056349,2542
1.3771835896688904,0.008030858953922356,0.0001262279546469475,0.004778275463862784,8.89927380029483e-05,0.2594335962391311,0.2594320669567495,2543
1.3771822201804567,0.008029700969046292,0.0001262127654823952,0.004778612928727553,8.899320299142207e-05,0.2594336208844442,0.2594320912241903,2544
1.3771808554714047,0.008028547011666325,0.00012619762989058583,0.004778949320590916,8.899366637940482e-05,0.2594336454448641,0.259432115408082,2545
1.3771794955340941,0.008027397075462002,0.0001261825477810277,0.004779284640275631,8.899412816930234e-05,0.25943366992051886,0.2594321395085502,2546
1.3771781403608776,0.008026251154104914,0.0001261675190631673,0.004779618888611976,8.899458836351319e-05,0.25943369431153634,0.25943216352572,2547
1.377176789944098,0.008025109241258672,0.0001261525436463836,0.004779952066437764,8.899504696442657e-05,0.2594337186180438,0.2594321874597162,2548
1.377175444276089,0.008023971330578975,0.00012613762143999835,0.004780284174598324,8.899550397445582e-05,0.25943374284016985,0.25943221131066496,2549
1.3771741033491778,0.008022837415713423,0.0001261227523532723,0.004780615213946502,8.899595939601646e-05,0.2594337669780431,0.25943223507869223,2550
1.377172767155681,0.00802170749030156,0.000126107936295401,0.004780945185342661,8.899641323150836e-05,0.2594337910317914,0.2594322587639234,2551
1.3771714356879083,0.008020581547974866,0.00012609317317553029,0.004781274089654651,8.899686548335556e-05,0.25943381500154394,0.25943228236648497,2552
1.3771701089381592,0.008019459582356706,0.00012607846290273753,0.004781601927757839,8.89973161539748e-05,0.2594338388874294,0.2594323058865033,2553
1.3771687868987255,0.008018341587062385,0.0001260638053860384,0.004781928700535093,8.89977652457913e-05,0.2594338626895769,0.2594323293241048,2554
1.37716746956189,0.008017227555699157,0.00012604920053438113,0.004782254408876785,8.899821276122825e-05,0.2594338864081156,0.25943235267941617,2555
1.3771661569199274,0.008016117481866066,0.00012603464825665806,0.004782579053680775,8.899865870271725e-05,0.25943391004317495,0.25943237595256424,2556
1.3771648489651014,0.008015011359153997,0.0001260201484616971,0.004782902635852404,8.899910307268374e-05,0.25943393359488415,0.2594323991436759,2557
1.3771635456896705,0.008013909181145664,0.00012600570105826992,0.0047832251563044974,8.89995458735825e-05,0.2594339570633739,0.2594324222528791,2558
1.3771622470858818,0.008012810941415656,0.00012599130595506716,0.004783546615957386,8.899998710784221e-05,0.2594339804487736,0.2594324452803008,2559
1.3771609531459745,0.008011716633530366,0.00012597696306072934,0.004783867015738861,8.900042677790523e-05,0.2594340037512132,0.2594324682260684,2560
1.3771596638621788,0.008010626251047908,0.00012596267228382602,0.0047841863565841955,8.900086488622135e-05,0.2594340269708233,0.25943249109031,2561
1.3771583792267161,0.008009539787518168,0.00012594843353286815,0.004784504639436122,8.900130143524143e-05,0.2594340501077343,0.2594325138731535,2562
1.3771570992317987,0.008008457236482776,0.00012593424671630013,0.004784821865244849,8.900173642742688e-05,0.2594340731620773,0.2594325365747276,2563
1.3771558238696313,0.008007378591475144,0.000125920111742495,0.004785138034968046,8.900216986523288e-05,0.259434096133983,0.2594325591951602,2564
1.3771545531324074,0.00800630384602037,0.00012590602851976303,0.004785453149570847,8.90026017511189e-05,0.2594341190235824,0.25943258173457995,2565
1.3771532870123135,0.008005232993635248,0.0001258919969563472,0.0047857672100258385,8.900303208754759e-05,0.25943414183100655,0.2594326041931154,2566
1.3771520255015257,0.008004166027828186,0.00012587801696042997,0.004786080217313053,8.900346087699319e-05,0.25943416455638724,0.259432626570896,2567
1.377150768592213,0.008003102942099284,0.0001258640884401234,0.0047863921724199685,8.900388812193105e-05,0.2594341871998562,0.2594326488680506,2568
1.3771495162765335,0.008002043729940329,0.00012585021130347002,0.004786703076341514,8.900431382483763e-05,0.25943420976154535,0.25943267108470885,2569
1.377148268546637,0.008000988384834694,0.00012583638545844234,0.004787012930080061,8.90047379881853e-05,0.25943423224158624,0.2594326932209998,2570
1.3771470253946647,0.007999936900257368,0.0001258226108129528,0.004787321734645409,8.90051606144726e-05,0.2594342546401119,0.25943271527705386,2571
1.3771457868127481,0.00799888926967488,0.00012580888727483814,0.004787629491054787,8.900558170617622e-05,0.25943427695725413,0.2594327372530005,2572
1.3771445527930097,0.007997845486545347,0.00012579521475187278,0.0047879362003328575,8.900600126579591e-05,0.25943429919314603,0.2594327591489701,2573
1.377143323327563,0.00799680554431846,0.00012578159315175557,0.004788241863511702,8.900641929581684e-05,0.2594343213479199,0.2594327809650927,2574
1.3771420984085123,0.007995769436435408,0.0001257680223821175,0.004788546481630821,8.900683579873993e-05,0.2594343434217088,0.2594328027014987,2575
1.3771408780279528,0.007994737156328903,0.00012575450235052538,0.004788850055737128,8.900725077707982e-05,0.2594343654146466,0.25943282435831955,2576
1.377139662177971,0.00799370869742314,0.00012574103296446882,0.004789152586884949,8.900766423334279e-05,0.2594343873268667,0.259432845935686,2577
1.3771384508506421,0.007992684053133827,0.0001257276141313658,0.004789454076136026,8.900807617002578e-05,0.25943440915850197,0.25943286743372873,2578
1.377137244038035,0.007991663216868058,0.00012571424575856933,0.004789754524559487,8.900848658965302e-05,0.25943443090968676,0.25943288885257937,2579
1.3771360417322072,0.007990646182024413,0.00012570092775335666,0.004790053933231865,8.900889549474147e-05,0.25943445258055503,0.25943291019236947,2580
1.3771348439252074,0.007989632941992834,0.00012568766002293648,0.004790352303237082,8.900930288781131e-05,0.2594344741712409,0.25943293145323065,2581
1.3771336506090757,0.007988623490154712,0.0001256744424744407,0.004790649635666455,8.900970877138902e-05,0.25943449568187876,0.2594329526352948,2582
1.3771324617758416,0.007987617819882827,0.00012566127501493368,0.0047909459316186915,8.901011314801272e-05,0.25943451711260374,0.2594329737386946,2583
1.3771312774175266,0.007986615924541272,0.00012564815755140027,0.004791241192199868,8.90105160202059e-05,0.2594345384635501,0.25943299476356185,2584
1.3771300975261425,0.007985617797485512,0.0001256350899907577,0.0047915354185234516,8.901091739051619e-05,0.25943455973485335,0.25943301571002936,2585
1.37712892209369,0.007984623432062288,0.0001256220722398444,0.004791828611710264,8.90113172614714e-05,0.25943458092664806,0.2594330365782295,2586
1.3771277511121627,0.007983632821609648,0.00012560910420543394,0.004792120772888493,8.901171563562768e-05,0.2594346020390702,0.2594330573682956,2587
1.3771265845735439,0.007982645959456948,0.00012559618579421422,0.004792411903193709,8.901211251553391e-05,0.2594346230722554,0.2594330780803607,2588
1.3771254224698055,0.007981662838924854,0.00012558331691280085,0.0047927020037688344,8.90125079037411e-05,0.25943464402633937,0.2594330987145584,2589
1.377124264792913,0.007980683453325211,0.00012557049746773566,0.004792991075764151,8.90129018028077e-05,0.2594346649014582,0.25943311927102203,2590
1.3771231115348204,0.00797970779596105,0.0001255577273654876,0.004793279120337279,8.90132942152995e-05,0.25943468569774847,0.2594331397498857,2591
1.3771219626874727,0.00797873586012663,0.00012554500651244506,0.004793566138653189,8.90136851437761e-05,0.2594347064153463,0.2594331601512831,2592
1.3771208182428052,0.007977767639107413,0.0001255323348149227,0.004793852131884183,8.901407459080974e-05,0.25943472705438847,0.2594331804753485,2593
1.3771196781927435,0.007976803126180022,0.00012551971217915456,0.004794137101209923,8.901446255897371e-05,0.25943474761501195,0.2594332007222165,2594
1.3771185425292036,0.007975842314612246,0.00012550713851129688,0.004794421047817388,8.901484905084559e-05,0.25943476809735383,0.2594332208920216,2595
1.3771174112440914,0.007974885197662917,0.00012549461371743023,0.004794703972900888,8.901523406899677e-05,0.2594347885015509,0.2594332409848982,2596
1.3771162843293046,0.007973931768582035,0.00012548213770355982,0.004794985877662057,8.901561761603004e-05,0.25943480882774156,0.259433261000982,2597
1.3771151617767283,0.00797298202061061,0.00012546971037560997,0.0047952667633098444,8.901599969452843e-05,0.25943482907606324,0.25943328094040835,2598
1.377114043578241,0.007972035946980779,0.0001254573316394242,0.004795546631060522,8.90163803070917e-05,0.2594348492466542,0.2594333008033127,2599
1.3771129297257092,0.007971093540915738,0.00012544500140076244,0.00479582548213767,8.90167594563051e-05,0.259434869339652,0.2594333205898303,2600
1.3771118202109913,0.007970154795629642,0.00012543271956531014,0.004796103317772173,8.90171371447748e-05,0.25943488935519515,0.25943334030009707,2601
1.3771107150259339,0.007969219704327613,0.0001254204860386756,0.004796380139202204,8.90175133751092e-05,0.25943490929342244,0.2594333599342494,2602
1.377109614162375,0.007968288260205795,0.0001254083007263826,0.004796655947673238,8.901788814991671e-05,0.2594349291544726,0.25943337949242357,2603
1.3771085176121427,0.007967360456451312,0.000125396163533871,0.00479693074443806,8.901826147181209e-05,0.2594349489384846,0.25943339897475604,2604
1.377107425367055,0.0079664362862422,0.0001253840743665025,0.00479720453075673,8.901863334342274e-05,0.2594349686455983,0.25943341838138406,2605
1.3771063374189187,0.007965515742747446,0.00012537203312955206,0.004797477307896592,8.901900376736143e-05,0.2594349882759525,0.25943343771244437,2606
1.377105253759533,0.007964598819126844,0.00012536003972821587,0.004797749077132265,8.901937274625568e-05,0.25943500782968704,0.25943345696807385,2607
1.3771041743806856,0.007963685508531097,0.00012534809406761086,0.004798019839745636,8.901974028273515e-05,0.2594350273069417,0.25943347614841,2608
1.3771030992741533,0.007962775804101754,0.00012533619605276412,0.004798289597025864,8.902010637943374e-05,0.2594350467078565,0.2594334952535906,2609
1.377102028431706,0.007961869698971188,0.00012532434558862427,0.004798558350269378,8.902047103899799e-05,0.2594350660325722,0.2594335142837535,2610
1.3771009618450996,0.007960967186262633,0.00012531254258005053,0.0047988261007798705,8.902083426407134e-05,0.2594350852812294,0.25943353323903706,2611
1.377099899506082,0.007960068259090092,0.00012530078693181752,0.004799092849868292,8.90211960572973e-05,0.25943510445396856,0.25943355211957936,2612
1.377098841406391,0.007959172910558273,0.0001252890785486178,0.004799358598852825,8.90215564213299e-05,0.25943512355093085,0.25943357092551894,2613
1.3770977875377541,0.007958281133762657,0.00012527741733505922,0.004799623349058905,8.902191535882219e-05,0.2594351425722573,0.2594335896569943,2614
1.3770967378918875,0.007957392921789428,0.00012526580319566227,0.004799887101819212,8.902227287243877e-05,0.2594351615180896,0.2594336083141449,2615
1.377095692460498,0.007956508267715486,0.00012525423603485978,0.004800149858473658,8.902262896483807e-05,0.25943518038856905,0.2594336268971095,2616
1.377094651235283,0.007955627164608445,0.00012524271575699875,0.0048004116203693966,8.902298363870051e-05,0.25943519918383817,0.2594336454060279,2617
1.3770936142079284,0.00795474960552653,0.00012523124226633737,0.0048006723888608,8.902333689669089e-05,0.2594352179040386,0.2594336638410395,2618
1.37709258137011,0.007953875583518588,0.00012521981546704644,0.004800932165309474,8.902368874148556e-05,0.25943523654931266,0.259433682202284,2619
1.377091552713493,0.007953005091624063,0.00012520843526321417,0.004801190951084223,8.902403917577038e-05,0.2594352551198031,0.25943370048990183,2620
1.3770905282297325,0.00795213812287302,0.00012519710155883682,0.004801448747561074,8.902438820223859e-05,0.25943527361565305,0.25943371870403364,2621
1.3770895079104732,0.007951274670286071,0.00012518581425781708,0.004801705556123266,8.902473582357299e-05,0.25943529203700516,0.2594337368448195,2622
1.3770884917473505,0.007950414726874437,0.00012517457326396676,0.004801961378161242,8.902508204246171e-05,0.2594353103840023,0.2594337549123998,2623
1.377087479731987,0.00794955828563977,0.00012516337848101765,0.004802216215072641,8.90254268616149e-05,0.25943532865678853,0.25943377290691616,2624
1.3770864718559965,0.007948705339574202,0.0001251522298126057,0.0048024700682622904,8.90257702837302e-05,0.25943534685550723,0.2594337908285094,2625
1.3770854681109814,0.007947855881660392,0.00012514112716227653,0.004802722939142215,8.902611231151789e-05,0.25943536498030245,0.25943380867732124,2626
1.377084468488534,0.007947009904871455,0.00012513007043348762,0.004802974829131621,8.902645294769875e-05,0.2594353830313188,0.2594338264534938,2627
1.377083472980236,0.007946167402170941,0.00012511905952959721,0.004803225739656904,8.902679219498527e-05,0.25943540100870044,0.2594338441571687,2628
1.3770824815776583,0.007945328366512799,0.00012510809435387212,0.004803475672151626,8.902713005608995e-05,0.25943541891259153,0.2594338617884876,2629
1.3770814942723617,0.007944492790841334,0.00012509717480948984,0.004803724628056524,8.902746653374005e-05,0.259435436743137,0.2594338793475929,2630
1.3770805110558952,0.007943660668091152,0.00012508630079954283,0.004803972608819484,8.902780163067544e-05,0.2594354545004825,0.2594338968346278,2631
1.377079531919798,0.0079428319911873,0.00012507547222701904,0.004804219615895575,8.90281353496266e-05,0.2594354721847731,0.25943391424973505,2632
1.3770785568555979,0.00794200675304509,0.00012506468899481504,0.004804465650747013,8.902846769333559e-05,0.2594354897961545,0.2594339315930577,2633
1.377077585854813,0.007941184946570175,0.00012505395100572957,0.004804710714843173,8.902879866453616e-05,0.259435507334772,0.25943394886473864,2634
1.3770766189089492,0.007940366564658439,0.00012504325816246892,0.004804954809660582,8.902912826598306e-05,0.259435524800772,0.2594339660649217,2635
1.3770756560095025,0.007939551600195958,0.000125032610367649,0.004805197936682882,8.902945650042793e-05,0.25943554219430065,0.25943398319375066,2636
1.3770746971479582,0.00793874004605904,0.0001250220075237896,0.00480544009740087,8.902978337063399e-05,0.25943555951550484,0.2594340002513698,2637
1.3770737423157902,0.007937931895114226,0.0001250114495333072,0.0048056812933124785,8.903010887935615e-05,0.25943557676453094,0.25943401723792303,2638
1.3770727915044607,0.007937127140218244,0.000125000936298525,0.004805921525922771,8.903043302936507e-05,0.25943559394152615,0.25943403415355526,2639
1.3770718447054229,0.007936325774217944,0.00012499046772166439,0.004806160796743932,8.903075582342204e-05,0.2594356110466372,0.2594340509984103,2640
1.3770709019101173,0.007935527789950278,0.00012498004370485987,0.004806399107295256,8.903107726431248e-05,0.2594356280800121,0.25943406777263406,2641
1.3770699631099739,0.007934733180242293,0.0001249696641501387,0.004806636459103154,8.903139735480722e-05,0.259435645041798,0.2594340844763712,2642
1.3770690282964126,0.007933941937911148,0.00012495932895943538,0.004806872853701153,8.903171609770435e-05,0.2594356619321436,0.25943410110976756,2643
1.3770680974608396,0.007933154055764013,0.0001249490380345807,0.004807108292629877,8.903203349578108e-05,0.2594356787511965,0.2594341176729687,2644
1.377067170594654,0.007932369526598105,0.00012493879127730887,0.004807342777437052,8.903234955183877e-05,0.25943569549910545,0.25943413416612043,2645
1.37706624768924,0.007931588343200673,0.0001249285885892499,0.004807576309677514,8.903266426867041e-05,0.25943571217601885,0.25943415058936903,2646
1.3770653287359724,0.007930810498348902,0.00012491842987193453,0.00480780889091317,8.903297764907222e-05,0.25943572878208526,0.2594341669428603,2647
1.3770644137262142,0.00793003598480992,0.00012490831502680148,0.00480804052271301,8.903328969586353e-05,0.25943574531745445,0.2594341832267418,2648
1.3770635026513178,0.007929264795340788,0.00012489824395517696,0.004808271206653115,8.903360041185214e-05,0.25943576178227556,0.25943419944115986,2649
1.3770625955026243,0.007928496922688492,0.00012488821655829135,0.0048085009443166364,8.903390979986062e-05,0.25943577817669855,0.25943421558626206,2650
1.3770616922714631,0.007927732359589917,0.00012487823273726813,0.004808729737293808,8.903421786270528e-05,0.259435794500873,0.2594342316621955,2651
1.3770607929491514,0.007926971098771766,0.00012486829239312863,0.004808957587181925,8.903452460320562e-05,0.2594358107549487,0.2594342476691075,2652
1.377059897526997,0.007926213132950579,0.00012485839542679533,0.004809184495585345,8.903483002420425e-05,0.25943582693907663,0.25943426360714644,2653
1.3770590059962948,0.007925458454832664,0.00012484854173908439,0.004809410464115468,8.903513412852391e-05,0.2594358430534067,0.2594342794764598,2654
1.3770581183483288,0.007924707057114138,0.0001248387312307108,0.004809635494390759,8.903543691901882e-05,0.2594358590980906,0.25943429527719664,2655
1.3770572345743715,0.007923958932480905,0.00012482896380227676,0.004809859588036731,8.903573839852125e-05,0.25943587507327864,0.259434311009505,2656
1.377056354665684,0.007923214073608563,0.00012481923935428793,0.004810082746685937,8.903603856989285e-05,0.2594358909791229,0.2594343266735341,2657
1.377055478613515,0.00792247247316243,0.00012480955778713685,0.004810304971977974,8.903633743598171e-05,0.2594359068157746,0.259434342269433,2658
1.3770546064091032,0.007921734123797493,0.0001247999190011157,0.0048105262655594744,8.903663499964643e-05,0.2594359225833856,0.2594343577973508,2659
1.3770537380436745,0.007920999018158383,0.0001247903228964058,0.0048107466290840855,8.903693126374776e-05,0.2594359382821078,0.259434373257437,2660
1.377052873508443,0.007920267148879341,0.00012478076937308874,0.004810966064212482,8.903722623116117e-05,0.25943595391209395,0.25943438864984186,2661
1.3770520127946126,0.00791953850858422,0.00012477125833113272,0.0048111845726123625,8.903751990475902e-05,0.25943596947349656,0.25943440397471523,2662
1.377051155893374,0.007918813089886489,0.00012476178967039579,0.004811402155958441,8.903781228741476e-05,0.25943598496646825,0.25943441923220745,2663
1.3770503027959071,0.007918090885389169,0.00012475236329063,0.004811618815932444,8.90381033820166e-05,0.2594360003911624,0.25943443442246905,2664
1.377049453493379,0.007917371887684772,0.00012474297909147942,0.004811834554223102,8.903839319144853e-05,0.2594360157477321,0.25943444954565087,2665
1.3770486079769468,0.007916656089355267,0.00012473363697247956,0.004812049372526135,8.903868171860722e-05,0.2594360310363313,0.25943446460190406,2666
1.3770477662377534,0.007915943482972181,0.00012472433683305257,0.00481226327254427,8.903896896638518e-05,0.2594360462571135,0.2594344795913799,2667
1.3770469282669315,0.007915234061096432,0.00012471507857251412,0.004812476255987224,8.903925493768754e-05,0.25943606141023295,0.25943449451423,2668
1.3770460940556015,0.007914527816278378,0.0001247058620900674,0.004812688324571695,8.903953963542783e-05,0.25943607649584444,0.2594345093706066,2669
1.3770452635948722,0.007913824741057774,0.00012469668728479945,0.004812899480021371,8.903982306250918e-05,0.2594360915141021,0.2594345241606612,2670
1.3770444368758392,0.007913124827963792,0.00012468755405569104,0.004813109724066913,8.904010522185047e-05,0.25943610646516085,0.2594345388845464,2671
1.377043613889588,0.007912428069514827,0.00012467846230160973,0.004813319058445947,8.904038611637377e-05,0.25943612134917593,0.2594345535424146,2672
1.3770427946271906,0.007911734458218671,0.00012466941192131145,0.004813527484903074,8.904066574900749e-05,0.2594361361663028,0.259434568134419,2673
1.3770419790797077,0.007911043986572417,0.00012466040281343386,0.004813735005189861,8.904094412268007e-05,0.2594361509166969,0.25943458266071234,2674
1.3770411672381864,0.00791035664706237,0.00012465143487650588,0.004813941621064831,8.904122124032733e-05,0.2594361656005142,0.25943459712144823,2675
1.377040359093664,0.007909672432164113,0.0001246425080089413,0.004814147334293459,8.904149710490191e-05,0.25943618021791137,0.25943461151678066,2676
1.3770395546371643,0.00790899133434247,0.00012463362210903545,0.004814352146648167,8.90417717193439e-05,0.25943619476904456,0.2594346258468631,2677
1.3770387538596989,0.00790831334605136,0.00012462477707497055,0.004814556059908328,8.904204508659976e-05,0.2594362092540702,0.25943464011184963,2678
1.3770379567522675,0.007907638459733937,0.00012461597280481398,0.004814759075860251,8.904231720962851e-05,0.25943622367314534,0.2594346543118947,2679
1.3770371633058571,0.007906966667822425,0.0001246072091965151,0.0048149611962971794,8.904258809139032e-05,0.2594362380264272,0.25943466844715296,2680
1.3770363735114428,0.007906297962738191,0.00012459848614791166,0.004815162423019281,8.904285773485583e-05,0.2594362523140734,0.25943468251777957,2681
1.377035587359987,0.007905632336891651,0.000124589803556718,0.004815362757833662,8.904312614299577e-05,0.25943626653624174,0.25943469652392964,2682
1.3770348048424408,0.00790496978268232,0.00012458116132053296,0.004815562202554341,8.904339331878296e-05,0.25943628069309,0.2594347104657584,2683
1.377034025949741,0.007904310292498717,0.00012457255933683606,0.004815760759002266,8.904365926520395e-05,0.2594362947847767,0.2594347243434219,2684
1.3770332506728136,0.007903653858718345,0.00012456399750298677,0.004815958429005283,8.904392398523896e-05,0.25943630881146007,0.25943473815707574,2685
1.3770324790025716,0.007903000473707674,0.00012455547571623218,0.004816155214398149,8.9044187481883e-05,0.2594363227732991,0.25943475190687626,2686
1.377031710929915,0.007902350129822093,0.0001245469938736948,0.00481635111702252,8.904444975813526e-05,0.25943633667045296,0.25943476559298023,2687
1.377030946445732,0.007901702819405944,0.00012453855187237667,0.004816546138726959,8.904471081698978e-05,0.2594363505030806,0.259434779215544,2688
1.3770301855408973,0.007901058534792463,0.0001245301496091603,0.004816740281366919,8.904497066145839e-05,0.2594363642713419,0.25943479277472486,2689
1.3770294282062745,0.007900417268303723,0.0001245217869808053,0.004816933546804745,8.904522929455513e-05,0.25943637797539687,0.2594348062706801,2690
1.3770286744327125,0.007899779012250642,0.0001245134638839522,0.004817125936909663,8.904548671929299e-05,0.2594363916154054,0.25943481970356735,2691
1.3770279242110501,0.007899143758932959,0.0001245051802151169,0.004817317453557782,8.904574293869652e-05,0.259436405191528,0.25943483307354415,2692
1.377027177532111,0.007898511500639135,0.00012449693587069405,0.004817508098632083,8.904599795578722e-05,0.2594364187039251,0.2594348463807686,2693
1.3770264343867065,0.007897882229646436,0.0001244887307469572,0.004817697874022418,8.904625177360228e-05,0.25943643215275786,0.2594348596253993,2694
1.377025694765637,0.007897255938220805,0.00012448056474005347,0.004817886781625502,8.904650439517792e-05,0.25943644553818745,0.25943487280759464,2695
1.3770249586596874,0.00789663261861694,0.00012447243774600664,0.004818074823344922,8.904675582355564e-05,0.2594364588603753,0.2594348859275137,2696
1.3770242260596324,0.00789601226307814,0.0001244643496607167,0.004818262001091116,8.904700606178642e-05,0.25943647211948334,0.25943489898531563,2697
1.3770234969562316,0.007895394863836424,0.00012445630037995626,0.0048184483167813775,8.904725511292334e-05,0.2594364853156736,0.2594349119811598,2698
1.3770227713402325,0.007894780413112382,0.00012444828979937117,0.004818633772339849,8.904750298001433e-05,0.2594364984491078,0.2594349249152057,2699
1.3770220492023704,0.007894168903115145,0.00012444031781448872,0.004818818369697512,8.904774966613141e-05,0.25943651151994906,0.25943493778761345,2700
1.3770213305333658,0.007893560326042461,0.00012443238432070328,0.004819002110792189,8.904799517434352e-05,0.2594365245283602,0.25943495059854355,2701
1.3770206153239284,0.007892954674080563,0.00012442448921328445,0.004819184997568537,8.904823950772384e-05,0.2594365374745043,0.2594349633481563,2702
1.3770199035647528,0.00789235193940423,0.00012441663238737236,0.004819367031978044,8.904848266934558e-05,0.25943655035854446,0.2594349760366123,2703
1.3770191952465216,0.007891752114176713,0.0001244088137379795,0.004819548215979031,8.904872466229665e-05,0.25943656318064456,0.2594349886640728,2704
1.3770184903599045,0.007891155190549639,0.00012440103315999217,0.0048197285515366286,8.904896548967025e-05,0.25943657594096875,0.2594350012306992,2705
1.3770177888955568,0.007890561160663164,0.00012439329054816483,0.004819908040622794,8.904920515455543e-05,0.25943658863968094,0.259435013736653,2706
1.3770170908441217,0.007889970016645714,0.00012438558579712302,0.00482008668521629,8.90494436600507e-05,0.25943660127694557,0.25943502618209585,2707
1.3770163961962287,0.007889381750614153,0.00012437791880136307,0.004820264487302694,8.904968100926403e-05,0.25943661385292754,0.25943503856719013,2708
1.3770157049424943,0.007888796354673634,0.00012437028945525347,0.004820441448874377,8.904991720530661e-05,0.25943662636779197,0.25943505089209834,2709
1.377015017073521,0.00788821382091764,0.00012436269765302637,0.004820617571930518,8.905015225129067e-05,0.259436638821704,0.25943506315698295,2710
1.3770143325798982,0.00788763414142792,0.00012435514328878664,0.004820792858477086,8.905038615034318e-05,0.2594366512148295,0.25943507536200733,2711
1.377013651452203,0.007887057308274489,0.0001243476262565024,0.004820967310526851,8.905061890558485e-05,0.25943666354733413,0.2594350875073343,2712
1.377012973680997,0.00788648331351556,0.00012434014645001408,0.00482114093009936,8.905085052014899e-05,0.2594366758193841,0.2594350995931276,2713
1.3770122992568308,0.007885912149197536,0.00012433270376302607,0.004821313719220941,8.905108099717105e-05,0.25943668803114583,0.2594351116195508,2714
1.3770116281702385,0.00788534380735499,0.00012432529808911218,0.004821485679924703,8.9051310339797e-05,0.2594367001827862,0.25943512358676857,2715
1.377010960411744,0.007884778280010617,0.00012431792932170939,0.004821656814250524,8.905153855117182e-05,0.25943671227447207,0.2594351354949447,2716
1.377010295971855,0.007884215559175227,0.0001243105973541232,0.004821827124245051,8.905176563444888e-05,0.25943672430637077,0.259435147344244,2717
1.3770096348410665,0.007883655636847689,0.00012430330207952077,0.0048219966119617,8.905199159278263e-05,0.25943673627864966,0.25943515913483134,2718
1.3770089770098608,0.007883098505014938,0.0001242960433909364,0.004822165279460643,8.905221642934435e-05,0.259436748191477,0.25943517086687207,2719
1.3770083224687042,0.007882544155651936,0.00012428882118126655,0.0048223331288088115,8.905244014729799e-05,0.25943676004502064,0.25943518254053166,2720
1.377007671208052,0.007881992580721633,0.0001242816353432722,0.004822500162079888,8.90526627498212e-05,0.2594367718394492,0.2594351941559758,2721
1.3770070232183438,0.007881443772174897,0.00012427448576957703,0.004822666381354294,8.905288424009162e-05,0.2594367835749312,0.2594352057133706,2722
1.377006378490006,0.007880897721950587,0.0001242673723526667,0.004822831788719203,8.905310462129428e-05,0.2594367952516357,0.25943521721288226,2723
1.3770057370134514,0.007880354421975416,0.00012426029498489283,0.00482299638626852,8.905332389662056e-05,0.259436806869732,0.2594352286546775,2724
1.377005098779079,0.007879813864164002,0.00012425325355846413,0.00482316017610289,8.905354206926707e-05,0.2594368184293896,0.2594352400389231,2725
1.3770044637772725,0.007879276040418784,0.00012424624796545256,0.004823323160329682,8.905375914243675e-05,0.2594368299307785,0.2594352513657866,2726
1.3770038319984035,0.007878740942630054,0.0001242392780977903,0.004823485341062996,8.905397511933471e-05,0.2594368413740687,0.25943526263543515,2727
1.3770032034328297,0.007878208562675872,0.00012423234384726723,0.004823646720423656,8.90541900031776e-05,0.25943685275943085,0.2594352738480366,2728
1.3770025780708923,0.007877678892422071,0.00012422544510553608,0.004823807300539198,8.905440379717683e-05,0.2594368640870353,0.2594352850037589,2729
1.3770019559029216,0.007877151923722193,0.00012421858176410629,0.0048239670835438665,8.90546165045596e-05,0.2594368753570533,0.2594352961027704,2730
1.3770013369192315,0.007876627648417466,0.0001242117537143502,0.004824126071578621,8.905482812855631e-05,0.25943688656965613,0.2594353071452398,2731
1.3770007211101232,0.007876106058336819,0.00012420496084749558,0.004824284266791121,8.905503867240465e-05,0.2594368977250156,0.25943531813133613,2732
1.377000108465883,0.007875587145296807,0.00012419820305462626,0.004824441671335731,8.905524813933721e-05,0.25943690882330317,0.25943532906122824,2733
1.3769994989767829,0.007875070901101615,0.00012419148022668386,0.00482459828737351,8.905545653260539e-05,0.2594369198646913,0.25943533993508583,2734
1.376998892633081,0.007874557317543034,0.00012418479225446944,0.004824754117072214,8.905566385545751e-05,0.2594369308493523,0.25943535075307866,2735
1.3769982894250212,0.007874046386400343,0.00012417813902863476,0.004824909162606278,8.905587011114928e-05,0.2594369417774589,0.25943536151537655,2736
1.376997689342833,0.007873538099440415,0.00012417152043969355,0.004825063426156823,8.905607530294897e-05,0.2594369526491844,0.25943537222215024,2737
1.3769970923767312,0.007873032448417578,0.0001241649363780111,0.004825216909911655,8.905627943411969e-05,0.25943696346470196,0.2594353828735701,2738
1.3769964985169167,0.007872529425073627,0.0001241583867338097,0.004825369616065244,8.905648250793715e-05,0.25943697422418527,0.25943539346980715,2739
1.3769959077535756,0.0078720290211378,0.00012415187139716325,0.0048255215468187415,8.905668452767915e-05,0.2594369849278082,0.25943540401103266,2740
1.376995320076881,0.007871531228326777,0.00012414539025800054,0.0048256727043799645,8.90568854966309e-05,0.259436995575745,0.25943541449741775,2741
1.376994735476988,0.007871036038344579,0.00012413894320610495,0.0048258230909633895,8.905708541808603e-05,0.2594370061681704,0.25943542492913496,2742
1.3769941539440411,0.007870543442882582,0.00012413253013110996,0.004825972708790155,8.90572842953392e-05,0.2594370167052591,0.25943543530635593,2743
1.3769935754681684,0.007870053433619505,0.0001241261509225034,0.00482612156008805,8.905748213168935e-05,0.2594370271871861,0.259435445629253,2744
1.376993000039483,0.007869566002221332,0.00012411980546962368,0.00482626964709152,8.905767893044694e-05,0.25943703761412695,0.25943545589799905,2745
1.3769924276480838,0.007869081140341332,0.00012411349366165978,0.004826416972041655,8.905787469492037e-05,0.25943704798625716,0.25943546611276685,2746
1.3769918582840561,0.007868598839619987,0.0001241072153876539,0.004826563537186187,8.90580694284328e-05,0.25943705830375297,0.25943547627372976,2747
1.376991291937469,0.007868119091684988,0.00012410097053649964,0.0048267093447794856,8.905826313431151e-05,0.25943706856679083,0.25943548638106156,2748
1.3769907285983771,0.007867641888151207,0.0001240947589969352,0.00482685439708256,8.905845581587868e-05,0.25943707877554695,0.25943549643493585,2749
1.3769901682568206,0.007867167220620645,0.0001240885806575548,0.0048269986963630366,8.905864747648053e-05,0.2594370889301988,0.25943550643552726,2750
1.376989610902825,0.007866695080682443,0.0001240824354067941,0.004827142244895188,8.905883811944975e-05,0.2594370990309231,0.25943551638300966,2751
1.3769890565264005,0.007866225459912791,0.00012407632313294183,0.004827285044959895,8.905902774813684e-05,0.2594371090778976,0.25943552627755817,2752
1.376988505117543,0.007865758349874978,0.0001240702437241346,0.004827427098844662,8.905921636589447e-05,0.2594371190713,0.25943553611934767,2753
1.3769879566662326,0.007865293742119297,0.00012406419706835524,0.004827568408843611,8.905940397608471e-05,0.2594371290113087,0.2594355459085538,2754
1.3769874111624352,0.007864831628183022,0.00012405818305343309,0.004827708977257469,8.905959058206341e-05,0.25943713889810166,0.2594355556453517,2755
1.3769868685961009,0.007864371999590402,0.0001240522015670449,0.004827848806393569,8.905977618720533e-05,0.2594371487318578,0.2594355653299177,2756
1.3769863289571656,0.007863914847852638,0.00012404625249671635,0.0048279878985658525,8.905996079489047e-05,0.2594371585127564,0.2594355749624282,2757
1.3769857922355502,0.00786346016446783,0.00012404033572981543,0.004828126256094856,8.9060144408502e-05,0.25943716824097685,0.2594355845430596,2758
1.3769852584211593,0.007863007940920968,0.00012403445115355193,0.0048282638813077145,8.906032703142315e-05,0.25943717791669857,0.2594355940719889,2759
1.3769847275038833,0.007862558168683876,0.00012402859865498386,0.004828400776538156,8.906050866704551e-05,0.2594371875401014,0.259435603549393,2760
1.3769841994735974,0.007862110839215222,0.0001240227781210131,0.004828536944126494,8.906068931877126e-05,0.2594371971113658,0.2594356129754495,2761
1.3769836743201609,0.007861665943960415,0.00012401698943838752,0.004828672386419613,8.906086899000672e-05,0.2594372066306724,0.2594356223503363,2762
1.3769831520334188,0.007861223474351647,0.0001240112324936955,0.004828807105770992,8.906104768416142e-05,0.2594372160982019,0.2594356316742314,2763
1.3769826326031998,0.007860783421807864,0.0001240055071733662,0.004828941104540683,8.906122540465015e-05,0.2594372255141355,0.2594356409473131,2764
1.376982116019318,0.007860345777734676,0.00012399981336367433,0.004829074385095306,8.906140215490243e-05,0.259437234878655,0.2594356501697603,2765
1.3769816022715722,0.0078599105335244,0.00012399415095073574,0.004829206949808052,8.906157793834356e-05,0.25943724419194203,0.25943565934175195,2766
1.376981091349745,0.007859477680555964,0.00012398851982050365,0.004829338801058675,8.906175275839892e-05,0.25943725345417823,0.2594356684634669,2767
1.3769805832436037,0.007859047210194932,0.00012398291985877825,0.004829469941233494,8.906192661852218e-05,0.25943726266554673,0.25943567753508534,2768
1.3769800779429011,0.007858619113793437,0.00012397735095119418,0.004829600372725377,8.90620995221482e-05,0.25943727182622967,0.2594356865567867,2769
1.3769795754373735,0.007858193382690159,0.0001239718129832304,0.0048297300979337505,8.906227147273803e-05,0.25943728093641055,0.2594356955287517,2770
1.3769790757167417,0.007857770008210314,0.00012396630584020384,0.0048298591192645875,8.906244247374546e-05,0.2594372899962725,0.25943570445116054,2771
1.3769785787707116,0.007857348981665582,0.0001239608294072713,0.004829987439130404,8.906261252864103e-05,0.2594372990059996,0.2594357133241944,2772
1.3769780845889723,0.00785693029435416,0.00012395538356942313,0.004830115059950266,8.906278164088695e-05,0.25943730796577535,0.2594357221480342,2773
1.3769775931611985,0.007856513937560648,0.000123949968211493,0.004830241984149776,8.906294981396327e-05,0.2594373168757843,0.2594357309228613,2774
1.3769771044770482,0.007856099902556046,0.00012394458321814957,0.004830368214161063,8.906311705135007e-05,0.259437325736211,0.2594357396488577,2775
1.3769766185261643,0.007855688180597724,0.00012393922847389908,0.004830493752422793,8.906328335653477e-05,0.2594373345472403,0.2594357483262053,2776
1.3769761352981733,0.007855278762929423,0.00012393390386308386,0.0048306186013801575,8.906344873300796e-05,0.25943734330905727,0.2594357569550864,2777
1.376975654782687,0.007854871640781158,0.00012392860926988434,0.004830742763484866,8.906361318427707e-05,0.2594373520218479,0.259435765535684,2778
1.3769751769692995,0.007854466805369283,0.0001239233445783142,0.0048308662411951555,8.906377671384112e-05,0.25943736068579776,0.2594357740681809,2779
1.3769747018475909,0.007854064247896364,0.00012391810967222284,0.004830989036975779,8.906393932521701e-05,0.25943736930109323,0.25943578255276056,2780
1.376974229407124,0.007853663959551234,0.0001239129044352937,0.004831111153297996,8.906410102191639e-05,0.25943737786792054,0.2594357909896064,2781
1.3769737596374467,0.007853265931508898,0.00012390772875104847,0.004831232592639579,8.906426180747507e-05,0.25943738638646713,0.259435799378903,2782
1.3769732925280902,0.007852870154930507,0.000123902582502836,0.004831353357484805,8.906442168540792e-05,0.25943739485691936,0.2594358077208338,2783
1.3769728280685698,0.007852476620963394,0.00012389746557384484,0.0048314734503244515,8.906458065926545e-05,0.25943740327946546,0.2594358160155841,2784
1.3769723662483844,0.00785208532074099,0.00012389237784709136,0.0048315928736558,8.906473873257724e-05,0.25943741165429257,0.25943582426333833,2785
1.376971907057018,0.007851696245382789,0.00012388731920542705,0.00483171162998262,8.906489590889912e-05,0.2594374199815892,0.25943583246428187,2786
1.3769714504839372,0.007851309385994333,0.0001238822895315356,0.004831829721815168,8.906505219178062e-05,0.25943742826154353,0.2594358406186002,2787
1.3769709965185921,0.007850924733667206,0.00012387728870793093,0.004831947151670194,8.90652075847818e-05,0.2594374364943443,0.25943584872647923,2788
1.3769705451504182,0.00785054227947896,0.00012387231661695826,0.004832063922070937,8.906536209147322e-05,0.2594374446801808,0.2594358567881051,2789
1.3769700963688334,0.007850162014493131,0.00012386737314079392,0.004832180035547108,8.90655157154244e-05,0.2594374528192423,0.2594358648036644,2790
1.37696965016324,0.007849783929759166,0.00012386245816144569,0.004832295494634894,8.906566846021748e-05,0.25943746091171865,0.2594358727733439,2791
1.3769692065230232,0.007849408016312414,0.0001238575715607479,0.004832410301876964,8.906582032943043e-05,0.25943746895779957,0.25943588069733053,2792
1.3769687654375526,0.007849034265174134,0.00012385271322036567,0.004832524459822449,8.906597132665801e-05,0.2594374769576756,0.259435888575812,2793
1.3769683268961819,0.00784866266735137,0.0001238478830217948,0.0048326379710269506,8.906612145550127e-05,0.2594374849115377,0.259435896408976,2794
1.3769678908882463,0.007848293213837038,0.0001238430808463547,0.004832750838052538,8.906627071955608e-05,0.2594374928195764,0.25943590419701057,2795
1.3769674574030666,0.00784792589560982,0.00012383830657519744,0.004832863063467737,8.906641912243717e-05,0.2594375006819834,0.2594359119401042,2796
1.376967026429946,0.007847560703634134,0.00012383356008929943,0.004832974649847523,8.906656666775617e-05,0.25943750849895014,0.2594359196384454,2797
1.3769665979581716,0.007847197628860124,0.00012382884126946694,0.004833085599773329,8.90667133591352e-05,0.25943751627066863,0.2594359272922235,2798
1.3769661719770137,0.00784683666222365,0.00012382414999633146,0.004833195915833043,8.906685920020162e-05,0.25943752399733117,0.25943593490162753,2799
1.3769657484757258,0.007846477794646204,0.00012381948615035137,0.004833305600620984,8.90670041945923e-05,0.25943753167913053,0.2594359424668475,2800
1.3769653274435454,0.007846121017034979,0.00012381484961181005,0.004833414656737932,8.906714834595037e-05,0.25943753931625985,0.2594359499880735,2801
1.376964908869693,0.007845766320282749,0.00012381024026081395,0.0048335230867911005,8.906729165791483e-05,0.259437546908912,0.2594359574654955,2802
1.376964492743371,0.007845413695267854,0.00012380565797729794,0.004833630893394137,8.906743413414457e-05,0.259437554457281,0.25943596489930476,2803
1.3769640790537676,0.007845063132854217,0.0001238011026410175,0.0048337380791671205,8.906757577829122e-05,0.25943756196156037,0.25943597228969156,2804
1.3769636677900527,0.007844714623891242,0.00012379657413155666,0.004833844646736568,8.90677165940263e-05,0.25943756942194474,0.2594359796368476,2805
1.3769632589413792,0.007844368159213829,0.00012379207232832135,0.004833950598735413,8.906785658502031e-05,0.25943757683862867,0.25943598694096454,2806
1.376962852496883,0.007844023729642359,0.00012378759711053846,0.004834055937803018,8.906799575494694e-05,0.2594375842118069,0.25943599420223423,2807
1.376962448445685,0.00784368132598266,0.0001237831483572623,0.004834160666585161,8.906813410749561e-05,0.259437591541675,0.25943600142084905,2808
1.3769620467768868,0.00784334093902591,0.0001237787259473649,0.004834264787734044,8.906827164635364e-05,0.25943759882842843,0.25943600859700156,2809
1.3769616474795738,0.007843002559548775,0.00012377432975954088,0.0048343683039082765,8.906840837521785e-05,0.2594376060722631,0.2594360157308848,2810
1.3769612505428148,0.007842666178313158,0.00012376995967230728,0.004834471217772883,8.906854429779238e-05,0.25943761327337544,0.259436022822692,2811
1.3769608559556614,0.007842331786066324,0.0001237656155640018,0.004834573531999291,8.906867941778559e-05,0.25943762043196195,0.25943602987261677,2812
1.3769604637071478,0.00784199937354085,0.0001237612973127833,0.004834675249265336,8.906881373891216e-05,0.25943762754821953,0.2594360368808531,2813
1.3769600737862908,0.007841668931454526,0.0001237570047966303,0.004834776372255254,8.906894726489937e-05,0.25943763462234576,0.2594360438475955,2814
1.376959686182092,0.00784134045051041,0.00012375273789334064,0.004834876903659675,8.906907999946822e-05,0.25943764165453786,0.259436050773038,2815
1.3769593008835326,0.007841013921396762,0.00012374849648053173,0.004834976846175631,8.906921194635543e-05,0.2594376486449939,0.259436057657376,2816
1.3769589178795796,0.007840689334786995,0.0001237442804356411,0.004835076202506535,8.90693431092999e-05,0.2594376555939121,0.2594360645008043,2817
1.3769585371591806,0.007840366681339672,0.0001237400896359244,0.004835174975362195,8.906947349205409e-05,0.25943766250149125,0.259436071303519,2818
1.3769581587112671,0.007840045951698483,0.00012373592395845449,0.004835273167458809,8.906960309836743e-05,0.25943766936793017,0.2594360780657157,2819
1.3769577825247528,0.007839727136492234,0.00012373178328012172,0.004835370781518948,8.906973193200289e-05,0.2594376761934283,0.25943608478759084,2820
1.376957408588534,0.007839410226334744,0.00012372766747763584,0.004835467820271567,8.906985999672672e-05,0.2594376829781852,0.2594360914693411,2821
1.3769570368914905,0.007839095211824897,0.00012372357642752042,0.004835564286452005,8.906998729631031e-05,0.25943768972240083,0.25943609811116314,2822
1.3769566674224833,0.007838782083546573,0.00012371951000611725,0.004835660182801962,8.907011383453458e-05,0.25943769642627557,0.2594361047132544,2823
1.3769563001703569,0.007838470832068622,0.00012371546808958423,0.004835755512069518,8.907023961518361e-05,0.25943770309000996,0.2594361112758124,2824
1.3769559351239373,0.007838161447944851,0.00012371145055389387,0.004835850277009114,8.907036464205194e-05,0.25943770971380514,0.2594361177990352,2825
1.376955572272034,0.00783785392171397,0.00012370745727483597,0.00483594448038156,8.907048891893312e-05,0.25943771629786216,0.2594361242831208,2826
1.3769552116034383,0.007837548243899586,0.0001237034881280123,0.0048360381249540245,8.90706124496343e-05,0.2594377228423828,0.25943613072826793,2827
1.3769548531069247,0.007837244405010173,0.0001236995429888446,0.0048361312135000376,8.907073523797422e-05,0.2594377293475695,0.25943613713467584,2828
1.3769544967712493,0.007836942395539049,0.00012369562173256075,0.004836223748799484,8.90708572877601e-05,0.25943773581362395,0.25943614350254324,2829
1.37695414258515,0.007836642205964278,0.00012369172423421008,0.004836315733638598,8.907097860282116e-05,0.25943774224074917,0.2594361498320702,2830
1.3769537905373488,0.007836343826748794,0.00012368785036865005,0.004836407170809968,8.90710991869898e-05,0.25943774862914826,0.2594361561234564,2831
1.3769534406165478,0.007836047248340224,0.00012368400001055237,0.0048364980631125315,8.907121904410055e-05,0.25943775497902444,0.25943616237690226,2832
1.3769530928114329,0.007835752461170945,0.000123680173034402,0.004836588413351572,8.907133817800158e-05,0.25943776129058166,0.25943616859260854,2833
1.3769527471106715,0.007835459455658,0.000123676369314496,0.004836678224338707,8.90714565925379e-05,0.2594377675640237,0.25943617477077596,2834
1.3769524035029141,0.007835168222203122,0.00012367258872494322,0.0048367674988919005,8.907157429157446e-05,0.2594377737995554,0.25943618091160603,2835
1.3769520619767917,0.007834878751192662,0.0001236688311396612,0.00483685623983545,8.907169127896578e-05,0.25943777999738105,0.2594361870153002,2836
1.376951722520918,0.007834591032997596,0.00012366509643238287,0.004836944449999983,8.907180755858733e-05,0.259437786157706,0.2594361930820606,2837
1.3769513851238895,0.007834305057973497,0.00012366138447664888,0.0048370321322224645,8.907192313431147e-05,0.25943779228073555,0.2594361991120895,2838
1.3769510497742838,0.007834020816460452,0.00012365769514581087,0.004837119289346183,8.907203801002521e-05,0.25943779836667563,0.2594362051055897,2839
1.376950716460662,0.007833738298783107,0.00012365402831303365,0.004837205924220749,8.907215218961984e-05,0.2594378044157325,0.25943621106276404,2840
1.3769503851715648,0.007833457495250594,0.00012365038385128468,0.004837292039702103,8.907226567698764e-05,0.2594378104281124,0.25943621698381597,2841
1.3769500558955168,0.007833178396156527,0.0001236467616333473,0.004837377638652501,8.907237847603353e-05,0.25943781640402236,0.2594362228689492,2842
1.3769497286210235,0.007832900991778979,0.00012364316153180998,0.004837462723940517,8.907249059066872e-05,0.2594378223436696,0.25943622871836775,2843
1.3769494033365721,0.007832625272380418,0.0001236395834190685,0.004837547298441047,8.907260202480547e-05,0.2594378282472614,0.25943623453227604,2844
1.3769490800306328,0.007832351228207725,0.00012363602716732887,0.004837631365035285,8.907271278236658e-05,0.25943783411500576,0.25943624031087864,2845
1.3769487586916562,0.00783207884949212,0.00012363249264860606,0.004837714926610745,8.90728228672832e-05,0.25943783994711095,0.2594362460543808,2846
1.376948439308076,0.007831808126449189,0.00012362897973472074,0.004837797986061247,8.90729322834949e-05,0.25943784574378576,0.259436251762988,2847
1.3769481218683062,0.007831539049278805,0.00012362548829729906,0.00483788054628691,8.907304103493395e-05,0.25943785150523857,0.2594362574369056,2848
1.3769478063607437,0.007831271608165111,0.000123622018207777,0.00483796261019416,8.907314912555985e-05,0.2594378572316792,0.2594362630763402,2849
1.3769474927737662,0.007831005793276545,0.00012361856933739508,0.004838044180695721,8.907325655932899e-05,0.2594378629233174,0.25943626868149827,2850
1.3769471810957337,0.007830741594765751,0.00012361514155720003,0.00483812526071061,8.907336334019465e-05,0.25943786858036255,0.2594362742525862,2851
1.376946871314987,0.007830479002769612,0.0001236117347380434,0.004838205853164147,8.907346947213523e-05,0.25943787420302555,0.2594362797898116,2852
1.3769465634198492,0.007830218007409113,0.00012360834875058216,0.0048382859609879415,8.907357495911975e-05,0.2594378797915167,0.2594362852933816,2853
1.3769462573986255,0.007829958598789443,0.00012360498346528016,0.004838365587119885,8.90736798051382e-05,0.2594378853460475,0.25943629076350433,2854
1.376945953239601,0.007829700766999929,0.0001236016387524017,0.004838444734504163,8.907378401417324e-05,0.25943789086682895,0.2594362962003877,2855
1.3769456509310427,0.007829444502113963,0.000123598314482021,0.004838523406091249,8.907388759022642e-05,0.2594378963540731,0.2594363016042407,2856
1.3769453504612004,0.007829189794188993,0.00012359501052400967,0.004838601604837887,8.90739905372909e-05,0.2594379018079916,0.2594363069752715,2857
1.376945051818303,0.007828936633266545,0.000123591726748049,0.004838679333707112,8.907409285938504e-05,0.25943790722879734,0.25943631231369,2858
1.3769447549905636,0.007828685009372121,0.0001235884630236209,0.004838756595668228,8.907419456052509e-05,0.2594379126167032,0.25943631761970565,2859
1.3769444599661742,0.007828434912515279,0.00012358521922000869,0.004838833393696822,8.907429564472942e-05,0.25943791797192206,0.2594363228935283,2860
1.3769441667333089,0.007828186332689488,0.00012358199520630056,0.004838909730774751,8.907439611603005e-05,0.25943792329466764,0.2594363281353683,2861
1.3769438752801237,0.007827939259872187,0.00012357879085138492,0.004838985609890148,8.907449597846108e-05,0.2594379285851537,0.2594363333454362,2862
1.3769435855947554,0.0078276936840247,0.00012357560602395385,0.004839061034037403,8.907459523606925e-05,0.25943793384359465,0.25943633852394316,2863
1.3769432976653215,0.007827449595092257,0.00012357244059250095,0.004839136006217178,8.907469389290439e-05,0.2594379390702051,0.2594363436711005,2864
1.3769430114799217,0.007827206983003957,0.00012356929442532103,0.004839210529436401,8.90747919530206e-05,0.25943794426519995,0.25943634878711996,2865
1.376942727026636,0.007826965837672733,0.00012356616739050727,0.004839284606708265,8.907488942048454e-05,0.2594379494287946,0.25943635387221364,2866
1.3769424442935259,0.007826726148995324,0.00012356305935595424,0.004839358241052218,8.907498629935974e-05,0.25943795456120444,0.25943635892659356,2867
1.376942163268634,0.00782648790685225,0.00012355997018936225,0.004839431435493965,8.90750825937307e-05,0.2594379596626459,0.259436363950473,2868
1.3769418839399843,0.007826251101107783,0.00012355689975822507,0.004839504193065464,8.907517830767776e-05,0.25943796473333514,0.2594363689440648,2869
1.376941606295581,0.007826015721609968,0.00012355384792983994,0.0048395765168049365,8.907527344529487e-05,0.25943796977348915,0.2594363739075826,2870
1.3769413303234102,0.007825781758190516,0.00012355081457130076,0.004839648409756844,8.907536801067289e-05,0.2594379747833247,0.25943637884124,2871
1.3769410560114381,0.007825549200664845,0.00012354779954950446,0.004839719874971902,8.907546200792674e-05,0.2594379797630598,0.2594363837452516,2872
1.3769407833476126,0.007825318038832027,0.0001235448027311427,0.004839790915507074,8.90755554411557e-05,0.25943798471291174,0.2594363886198315,2873
1.376940512319862,0.0078250882624748,0.00012354182398270695,0.004839861534425571,8.907564831448415e-05,0.259437989633099,0.2594363934651948,2874
1.376940242916096,0.007824859861359456,0.00012353886317048726,0.004839931734796839,8.907574063203862e-05,0.25943799452384025,0.25943639828155685,2875
1.3769399751242046,0.00782463282523593,0.00012353592016057147,0.004840001519696574,8.907583239794565e-05,0.25943799938535417,0.25943640306913307,2876
1.3769397089320596,0.007824407143837659,0.0001235329948188479,0.004840070892206703,8.907592361634749e-05,0.25943800421786023,0.2594364078281395,2877
1.3769394443275123,0.007824182806881654,0.00012353008701099761,0.004840139855415398,8.907601429138956e-05,0.2594380090215781,0.2594364125587926,2878
1.3769391812983949,0.007823959804068435,0.00012352719660250095,0.004840208412417059,8.907610442722045e-05,0.2594380137967276,0.2594364172613089,2879
1.3769389198325221,0.007823738125082013,0.0001235243234586355,0.004840276566312326,8.90761940280055e-05,0.25943801854352944,0.25943642193590555,2880
1.3769386599176876,0.007823517759589869,0.00012352146744447465,0.004840344320208069,8.907628309790799e-05,0.2594380232622042,0.2594364265827999,2881
1.376938401541666,0.007823298697242886,0.00012351862842488578,0.0048404116772173865,8.90763716410996e-05,0.259438027952973,0.25943643120220977,2882
1.3769381446922124,0.007823080927675414,0.00012351580626453716,0.004840478640459604,8.907645966176143e-05,0.2594380326160573,0.2594364357943533,2883
1.3769378893570643,0.007822864440505143,0.00012351300082789007,0.004840545213060272,8.907654716408299e-05,0.25943803725167913,0.259436440359449,2884
1.376937635523937,0.007822649225333192,0.0001235102119791995,0.004840611398151169,8.907663415225379e-05,0.2594380418600605,0.2594364448977156,2885
1.3769373831805287,0.007822435271743958,0.00012350743958251825,0.004840677198870292,8.907672063047073e-05,0.2594380464414237,0.25943644940937216,2886
1.3769371323145172,0.007822222569305216,0.00012350468350169356,0.004840742618361864,8.907680660295163e-05,0.2594380509959923,0.2594364538946386,2887
1.3769368829135606,0.007822011107567993,0.00012350194360036796,0.004840807659776324,8.907689207390907e-05,0.2594380555239895,0.2594364583537349,2888
1.3769366349652985,0.007821800876066631,0.00012349921974197652,0.004840872326270328,8.907697704756097e-05,0.2594380600256388,0.25943646278688104,2889
1.376936388457349,0.007821591864318685,0.00012349651178974807,0.004840936621006746,8.90770615281346e-05,0.25943806450116413,0.2594364671942978,2890
1.376936143377313,0.00782138406182498,0.0001234938196067069,0.004841000547154668,8.907714551986565e-05,0.25943806895078997,0.25943647157620603,2891
1.3769358997127703,0.00782117745806952,0.00012349114305567032,0.004841064107889395,8.90772290269993e-05,0.25943807337474123,0.25943647593282737,2892
1.376935657451282,0.007820972042519482,0.00012348848199925132,0.004841127306392436,8.907731205378906e-05,0.2594380777732433,0.25943648026438365,2893
1.3769354165803882,0.007820767804625227,0.00012348583629985259,0.004841190145851506,8.907739460448325e-05,0.25943808214652125,0.25943648457109675,2894
1.3769351770876113,0.007820564733820267,0.00012348320581966857,0.004841252629460539,8.907747668334799e-05,0.25943808649480116,0.25943648885318904,2895
1.3769349389604522,0.007820362819521157,0.00012348059042069164,0.004841314760419661,8.907755829465572e-05,0.2594380908183094,0.2594364931108836,2896
1.3769347021863934,0.007820162051127627,0.00012347798996470335,0.004841376541935215,8.907763944268623e-05,0.25943809511727267,0.25943649734440377,2897
1.376934466752896,0.007819962418022445,0.00012347540431327555,0.004841437977219739,8.907772013171408e-05,0.25943809939191753,0.25943650155397263,2898
1.3769342326474032,0.007819763909571417,0.00012347283332777594,0.004841499069491982,8.907780036603896e-05,0.2594381036424718,0.2594365057398145,2899
1.3769339998573376,0.00781956651512338,0.00012347027686936265,0.004841559821976879,8.90778801499564e-05,0.259438107869163,0.2594365099021535,2900
1.3769337683701022,0.007819370224010186,0.00012346773479898307,0.004841620237905583,8.907795948777874e-05,0.2594381120722197,0.2594365140412146,2901
1.3769335381730794,0.007819175025546642,0.00012346520697737912,0.004841680320515425,8.907803838380777e-05,0.25943811625186974,0.2594365181572224,2902
1.3769333092536329,0.007818980909030568,0.00012346269326508002,0.004841740073049945,8.907811684236635e-05,0.25943812040834224,0.25943652225040237,2903
1.3769330815991048,0.007818787863742687,0.00012346019352240962,0.004841799498758875,8.907819486778356e-05,0.25943812454186654,0.2594365263209806,2904
1.3769328551968194,0.007818595878946634,0.00012345770760948099,0.004841858600898143,8.907827246439584e-05,0.2594381286526724,0.25943653036918307,2905
1.3769326300340796,0.007818404943888963,0.0001234552353861957,0.004841917382729862,8.907834963653655e-05,0.2594381327409894,0.25943653439523606,2906
1.376932406098169,0.00781821504779911,0.00012345277671224793,0.004841975847522343,8.907842638855889e-05,0.25943813680704825,0.25943653839936676,2907
1.3769321833763513,0.007818026179889338,0.00012345033144712015,0.004842033998550084,8.907850272481717e-05,0.2594381408510796,0.2594365423818022,2908
1.376931961855869,0.007817838329354761,0.0001234478994500866,0.004842091839093771,8.907857864967514e-05,0.2594381448733146,0.2594365463427702,2909
1.3769317415239457,0.007817651485373306,0.00012344548058020632,0.004842149372440282,8.907865416749337e-05,0.2594381488739844,0.2594365502824984,2910
1.376931522367785,0.007817465637105725,0.00012344307469633326,0.00484220660188268,8.907872928265766e-05,0.25943815285332134,0.2594365542012154,2911
1.3769313043745701,0.007817280773695489,0.0001234406816571063,0.004842263530720209,8.907880399954435e-05,0.25943815681155724,0.25943655809914973,2912
1.3769310875314635,0.007817096884268843,0.00012343830132095811,0.004842320162258297,8.907887832254969e-05,0.25943816074892506,0.2594365619765307,2913
1.3769308718256084,0.007816913957934782,0.00012343593354610451,0.004842376499808559,8.90789522560668e-05,0.25943816466565756,0.25943656583358765,2914
1.3769306572441273,0.007816731983784983,0.00012343357819055492,0.0048424325466887895,8.907902580450246e-05,0.2594381685619882,0.2594365696705505,2915
1.376930443774124,0.007816550950893848,0.00012343123511210314,0.004842488306222963,8.907909897226972e-05,0.2594381724381508,0.25943657348764926,2916
1.3769302314026797,0.007816370848318441,0.00012342890416833235,0.004842543781741239,8.907917176378479e-05,0.2594381762943794,0.25943657728511466,2917
1.3769300201168564,0.007816191665098506,0.00012342658521661358,0.004842598976579956,8.907924418347436e-05,0.2594381801309084,0.25943658106317763,2918
1.3769298099036977,0.007816013390256372,0.00012342427811410593,0.004842653894081621,8.907931623577353e-05,0.2594381839479729,0.25943658482206927,2919
1.3769296007502234,0.007815836012797037,0.0001234219827177554,0.004842708537594934,8.907938792511635e-05,0.2594381877458078,0.2594365885620214,2920
1.3769293926434356,0.007815659521708072,0.0001234196988842959,0.0048427629104747585,8.90794592559568e-05,0.25943819152464903,0.25943659228326615,2921
1.3769291855703156,0.00781548390595964,0.00012341742647024948,0.0048428170160821375,8.907953023274781e-05,0.25943819528473255,0.2594365959860359,2922
1.376928979517824,0.007815309154504407,0.0001234151653319237,0.0048428708577842846,8.907960085994649e-05,0.2594381990262945,0.2594365996705633,2923
1.376928774472901,0.007815135256277677,0.0001234129153254135,0.004842924438954592,8.907967114202888e-05,0.259438202749572,0.2594366033370817,2924
1.376928570422467,0.007814962200197213,0.00012341067630660196,0.0048429777629726296,8.907974108346888e-05,0.25943820645480214,0.25943660698582466,2925
1.3769283673534214,0.007814789975163305,0.00012340844813115657,0.004843030833224129,8.907981068874773e-05,0.2594382101422223,0.259436610617026,2926
1.3769281652526435,0.00781461857005874,0.00012340623065453148,0.004843083653100998,8.907987996235932e-05,0.25943821381207055,0.2594366142309202,2927
1.376927964106992,0.007814447973748737,0.00012340402373196843,0.004843136226001316,8.907994890879536e-05,0.2594382174645849,0.2594366178277416,2928
1.376927763903305,0.007814278175081017,0.00012340182721849307,0.004843188555329333,8.908001753256441e-05,0.2594382211000042,0.2594366214077254,2929
1.376927564628401,0.007814109162885713,0.00012339964096891914,0.004843240644495466,8.90800858381813e-05,0.25943822471856764,0.2594366249711072,2930
1.3769273662690769,0.007813940925975373,0.00012339746483784546,0.004843292496916302,8.908015383015876e-05,0.25943822832051433,0.2594366285181225,2931
1.37692716881211,0.00781377345314495,0.00012339529867965316,0.0048433441160146,8.90802215130263e-05,0.2594382319060842,0.2594366320490074,2932
1.3769269722442556,0.007813606733171807,0.00012339314234851477,0.004843395505219283,8.908028889131974e-05,0.25943823547551764,0.259436635563999,2933
1.3769267765522508,0.007813440754815668,0.00012339099569838252,0.004843446667965443,8.90803559695749e-05,0.2594382390290549,0.25943663906333353,2934
1.3769265817228105,0.007813275506818535,0.0001233888585829975,0.004843497607694334,8.908042275234436e-05,0.25943824256693715,0.25943664254724863,2935
1.3769263877426285,0.007813110977904852,0.00012338673085588418,0.004843548327853381,8.908048924417968e-05,0.2594382460894056,0.2594366460159819,2936
1.37692619459838,0.007812947156781314,0.00012338461237035162,0.004843598831896175,8.90805554496471e-05,0.2594382495967021,0.2594366494697714,2937
1.3769260022767171,0.007812784032136953,0.00012338250297949432,0.004843649123282471,8.908062137331285e-05,0.2594382530890686,0.2594366529088556,2938
1.3769258107642732,0.007812621592643072,0.00012338040253619047,0.004843699205478188,8.908068701975575e-05,0.2594382565667477,0.2594366563334733,2939
1.3769256200476612,0.007812459826953257,0.0001233783108931031,0.004843749081955415,8.908075239356198e-05,0.2594382600299823,0.2594366597438636,2940
1.3769254301134715,0.0078122987237033495,0.00012337622790267977,0.004843798756192396,8.908081749932189e-05,0.2594382634790157,0.25943666314026614,2941
1.3769252409482748,0.007812138271511435,0.00012337415341714895,0.004843848231673548,8.908088234162795e-05,0.25943826691409116,0.2594366665229206,2942
1.376925052538622,0.007811978458977813,0.00012337208728852906,0.004843897511889448,8.908094692509466e-05,0.25943827033545314,0.25943666989206754,2943
1.3769248648710415,0.007811819274685016,0.0001233700293686169,0.00484394660033684,8.908101125433019e-05,0.25943827374334577,0.2594366732479476,2944
1.3769246779320425,0.007811660707197758,0.00012336797950899663,0.004843995500518624,8.90810753339564e-05,0.25943827713801393,0.25943667659080166,2945
1.3769244917081123,0.00781150274506295,0.00012336593756103175,0.004844044215943872,8.90811391685972e-05,0.2594382805197026,0.25943667992087127,2946
1.3769243061857181,0.007811345376809645,0.00012336390337587452,0.0048440927501278075,8.908120276289542e-05,0.2594382838886577,0.2594366832383984,2947
1.3769241213513064,0.0078111885909490884,0.00012336187680445679,0.004844141106591828,8.908126612148651e-05,0.25943828724512485,0.259436686543625,2948
1.376923937191302,0.007811032375974662,0.0001233598576974941,0.004844189288863492,8.90813292490238e-05,0.2594382905893506,0.25943668983679385,2949
1.3769237536921104,0.0078108767203618566,0.0001233578459054864,0.004844237300476518,8.908139215016161e-05,0.25943829392158146,0.2594366931181477,2950
1.3769235708401144,0.007810721612568297,0.00012335584127871413,0.004844285144970784,8.908145482956691e-05,0.25943829724206474,0.25943669638793015,2951
1.3769233886216776,0.007810567041033682,0.00012335384366724328,0.004844332825892336,8.90815172919087e-05,0.2594383005510478,0.25943669964638466,2952
1.3769232070231419,0.007810412994179852,0.00012335185292092037,0.004844380346793386,8.90815795418634e-05,0.2594383038487783,0.2594367028937553,2953
1.376923026030829,0.007810259460410698,0.00012334986888937462,0.004844427711232306,8.908164158412308e-05,0.2594383071355049,0.2594367061302867,2954
1.3769228456310376,0.0078101064281121515,0.00012334789142201893,0.00484447492277362,8.908170342337255e-05,0.2594383104114758,0.2594367093562235,2955
1.3769226658100484,0.007809953885652233,0.00012334592036804883,0.004844521984988032,8.908176506432172e-05,0.2594383136769405,0.2594367125718113,2956
1.3769224865541199,0.0078098018213810065,0.00012334395557644007,0.0048445689014524,8.90818265116732e-05,0.2594383169321481,0.2594367157772954,2957
1.376922307849489,0.007809650223630528,0.00012334199689595062,0.004844615675749749,8.90818877701422e-05,0.2594383201773484,0.2594367189729218,2958
1.3769221296823724,0.007809499080714897,0.00012334004417512248,0.004844662311469261,8.908194884445331e-05,0.25943832341279177,0.25943672215893704,2959
1.3769219520389657,0.007809348380930249,0.00012333809726227605,0.004844708812206293,8.908200973932805e-05,0.2594383266387283,0.2594367253355875,2960
1.3769217749054439,0.007809198112554657,0.00012333615600551866,0.004844755181562355,8.908207045951619e-05,0.2594383298554096,0.2594367285031207,2961
1.37692159826796,0.007809048263848226,0.00012333422025273376,0.004844801423145133,8.908213100975392e-05,0.2594383330630866,0.2594367316617841,2962
1.3769214221126471,0.00780889882305302,0.00012333228985158835,0.004844847540568466,8.908219139478998e-05,0.2594383362620109,0.2594367348118252,2963
1.3769212464256173,0.007808749778393047,0.00012333036464953252,0.004844893537452366,8.908225161939094e-05,0.259438339452435,0.2594367379534926,2964
1.37692107119296,0.007808601118074321,0.00012332844449379683,0.004844939417423007,8.908231168832027e-05,0.25943834263461124,0.25943674108703496,2965
1.3769208964007456,0.007808452830284735,0.0001233265292313919,0.004844985184112731,8.908237160635395e-05,0.25943834580879266,0.25943674421270146,2966
1.3769207220350226,0.007808304903194201,0.00012332461870910946,0.004845030841160051,8.908243137826698e-05,0.2594383489752322,0.25943674733074107,2967
1.3769205480818183,0.007808157324954487,0.00012332271277352324,0.004845076392209639,8.90824910088553e-05,0.259438352134184,0.2594367504414041,2968
1.376920374527139,0.007808010083699321,0.00012332081127098567,0.004845121840912339,8.908255050290648e-05,0.2594383552859016,0.25943675354494017,2969
1.3769202013569708,0.007807863167544308,0.00012331891404763413,0.004845167190925162,8.908260986522799e-05,0.2594383584306397,0.25943675664160015,2970
1.376920028557277,0.007807716564586977,0.00012331702094938062,0.00484521244591129,8.908266910062943e-05,0.2594383615686532,0.25943675973163494,2971
1.3769198561140015,0.0078075702629067665,0.00012331513182192342,0.004845257609540073,8.908272821392877e-05,0.2594383647001972,0.2594367628152959,2972
1.3769196840130657,0.007807424250564969,0.00012331324651073885,0.004845302685487034,8.908278720995239e-05,0.2594383678255275,0.25943676589283476,2973
1.3769195122403708,0.007807278515604749,0.0001233113648610811,0.004845347677433859,8.908284609352768e-05,0.25943837094489974,0.2594367689645034,2974
1.3769193407817972,0.007807133046051165,0.00012330948671798885,0.004845392589068414,8.90829048694957e-05,0.25943837405857045,0.2594367720305543,2975
1.3769191696232028,0.0078069878299111455,0.00012330761192627914,0.004845437424084733,8.908296354270484e-05,0.25943837716679646,0.25943677509124047,2976
1.3769189987504256,0.007806842855173442,0.0001233057403305495,0.004845482186183026,8.908302211801188e-05,0.25943838026983507,0.25943677814681515,2977
1.3769188281492815,0.007806698109808679,0.0001233038717751764,0.004845526879069676,8.908308060027361e-05,0.25943838336794356,0.25943678119753194,2978
1.3769186578055663,0.0078065535817693306,0.00012330200610431556,0.00484557150645724,8.908313899436357e-05,0.2594383864613801,0.25943678424364475,2979
1.3769184877050544,0.007806409258989691,0.0001233001431619029,0.004845616072064454,8.908319730515325e-05,0.2594383895504028,0.2594367872854078,2980
1.3769183178334983,0.007806265129385907,0.000123298282791655,0.004845660579616228,8.90832555375267e-05,0.2594383926352704,0.2594367903230759,2981
1.3769181481766293,0.0078061211808559215,0.00012329642483706915,0.0048457050328436545,8.908331369638055e-05,0.2594383957162423,0.2594367933569046,2982
1.3769179787201586,0.007805977401279537,0.00012329456914141783,0.004845749435483997,8.908337178661247e-05,0.2594383987935779,0.2594367963871492,2983
1.3769178094497756,0.0078058337785183365,0.0001232927155477565,0.004845793791280704,8.90834298131233e-05,0.25943840186753686,0.25943679941406544,2984
1.3769176403511478,0.007805690300415751,0.00012329086389891713,0.004845838103983413,8.908348778082542e-05,0.25943840493837944,0.2594368024379097,2985
1.3769174714099233,0.007805546954797004,0.00012328901403751334,0.004845882377347931,8.908354569464587e-05,0.25943840800636664,0.2594368054589386,2986
1.3769173026117272,0.007805403729469107,0.00012328716580593593,0.004845926615136248,8.908360355950855e-05,0.2594384110717593,0.2594368084774093,2987
1.376917133942164,0.007805260612220903,0.00012328531904635498,0.004845970821116558,8.908366138034891e-05,0.2594384141348189,0.2594368114935792,2988
1.3769169653868172,0.007805117590823007,0.00012328347360072013,0.004846014999063218,8.908371916211182e-05,0.25943841719580735,0.2594368145077063,2989
1.3769167969312492,0.007804974653027838,0.00012328162931075822,0.00484605915275678,8.908377690973903e-05,0.2594384202549865,0.2594368175200482,2990
1.3769166285610002,0.007804831786569603,0.00012327978601797525,0.004846103285983993,8.908383462819325e-05,0.2594384233126192,0.259436820530864,2991
1.3769164602615909,0.007804688979164306,0.00012327794356365847,0.004846147402537783,8.908389232244452e-05,0.25943842636896874,0.2594368235404127,2992
1.376916292018519,0.007804546218509723,0.00012327610178886864,0.004846191506217279,8.90839499974545e-05,0.259438429424298,0.2594368265489533,2993
1.3769161238172622,0.007804403492285421,0.00012327426053444974,0.004846235600827795,8.908400765821002e-05,0.25943843247887116,0.25943682955674563,2994
1.376915955643276,0.007804260788152773,0.00012327241964101886,0.004846279690180842,8.908406530969267e-05,0.2594384355329521,0.25943683256405004,2995
1.3769157874819955,0.00780411809375491,0.000123270578948975,0.004846323778094133,8.908412295690189e-05,0.25943843858680565,0.2594368355711269,2996
1.3769156193188345,0.007803975396716745,0.0001232687382984945,0.004846367868391568,8.908418060483498e-05,0.25943844164069657,0.25943683857823696,2997
1.3769154511391846,0.0078038326846449945,0.00012326689752952989,0.004846411964903257,8.908423825850184e-05,0.25943844469489025,0.2594368415856416,2998
1.3769152829284173,0.00780368994512813,0.00012326505648181164,0.004846456071465501,8.908429592291763e-05,0.25943844774965236,0.2594368445936024,2999
1.3769151146718819,0.007803547165736414,0.00012326321499485013,0.0048465001919208136,8.908435360310589e-05,0.259438450805249,0.25943684760238145,3000
