total,pde,bc,diss,ctrl,energy,var,epoch
4.424808511234058,0.06956141628710436,0.1381143706251268,0.0011412708324097785,0.0034263294047004226,0.3085348563225402,0.20224852136744667,1
7.792028438594581,0.400087457036393,0.3558990984640405,0.0014357967839436383,0.0005918102054616101,0.2256728504451999,0.14441128307530035,2
4.313587092772462,0.09045145580020712,0.10060948710142774,0.001005340518050339,0.0029951595340066773,0.19527194929465624,0.12063400749801056,3
4.441653736352198,0.1192809002398326,0.11433408823216759,0.0012350211522389948,0.002457005385642027,0.2004318107488076,0.12051492699159555,4
4.715006922752131,0.12495644326824552,0.1595939045399098,0.0013367348866051992,0.0008805205321305639,0.22032643378138442,0.13264931636099458,5
3.800301226498273,0.07667214513300852,0.12231326382161137,0.001231103510773917,9.947319575732517e-06,0.24684606284531024,0.15153402458131024,6
3.046758670075202,0.07257414945755782,0.07390657454285637,0.0011219044776369556,0.0004828399070029327,0.27197361843217754,0.17049991595593952,7
3.1245231980693124,0.12248430666815553,0.07442435394036094,0.001141156491541012,0.0005553241812908755,0.2735653173390658,0.16954944796181412,8
3.256759111537586,0.14006965665085586,0.08227956533220335,0.0011894873529189809,0.0001659752384584945,0.26288313775671496,0.15734648336698417,9
3.037166492324129,0.12159504488666667,0.0653579095334689,0.0012084139186058175,5.470692097820978e-06,0.2523389510678552,0.1445517907304881,10
2.7095562761988052,0.10191184401220679,0.04026161513560576,0.0012217432781241454,1.261656200128598e-05,0.24644801998861396,0.13517165592750555,11
2.6012069235146233,0.1045272348336365,0.03135401079591611,0.001271663613693639,5.739680617791565e-06,0.2476042369445641,0.13196298882645152,12
2.6541276231810444,0.1221992398660944,0.035867851352659186,0.0013741035536187077,1.389450650074755e-05,0.25372753356802424,0.13654019451768792,13
2.6858722816753726,0.14162072250958738,0.038961603347656366,0.0014607061990580723,8.239548409810881e-05,0.2590771958279035,0.14322403518525167,14
2.567498448483563,0.15580443073969538,0.03235438080376765,0.0014958115490436802,0.00013149582994536227,0.2614671631167156,0.1495579687320525,15
2.4237833499080175,0.1525055762645249,0.025409374567083916,0.0014633703011673297,7.736798940838373e-05,0.25879590753750764,0.15340779563285964,16
2.4737608653987033,0.12110067985096076,0.03149729171999094,0.0013772675422193193,9.452059124008102e-07,0.24902778299109674,0.15258881810895397,17
2.544738066213907,0.11143621757860035,0.03718659852249333,0.0013455592403957958,4.221755691878117e-05,0.24350249610090297,0.15457795115837664,18
2.439674844369267,0.11590328130510122,0.032507234415346954,0.0013560443671163365,3.885141657022712e-05,0.24376690954900965,0.1606724918752103,19
2.351189082326581,0.13944751931675445,0.030083955253989304,0.001445410799459421,1.4844428537698795e-06,0.2512183771393825,0.17201541093455625,20
2.3877372257389777,0.16737685377578027,0.0330006872709515,0.0015911816924145353,8.385115679600011e-05,0.25915702772716126,0.18112724553006582,21
2.3485566253267036,0.1763622226673974,0.02981363601188696,0.0016378999273987823,9.407280523958331e-05,0.2596991136316461,0.1815637436965791,22
2.2818112093085032,0.1567009327864572,0.02485964499510232,0.0015606817827575937,7.372092131150719e-06,0.2527151596879651,0.17364874362124522,23
2.297225929977251,0.13721413372442207,0.024923796598849492,0.0015115571178577238,4.317620477276046e-06,0.24792211153396626,0.1677508634746408,24
2.2622632062674475,0.15016348564799667,0.02216162350197817,0.0015603940277651236,7.465332229791789e-07,0.2491359784591926,0.1687212541794919,25
2.2390070813079612,0.1896255371440672,0.021077373150616554,0.0017438431338170873,4.9183517460009974e-05,0.2570130961393674,0.1784667298483469,26
2.231965219802163,0.1920002525383932,0.022080841091301817,0.0017858604038445787,9.361810855399935e-05,0.2596756451234013,0.1845206995417311,27
2.1829792072293115,0.1670259759447906,0.020745601079687377,0.001695699911412615,1.2154518709993273e-05,0.253486333132389,0.1822623054372913,28
2.198264559338133,0.1454074841876772,0.023060076130115525,0.0016562221941847748,8.431660629591534e-07,0.249081759256535,0.18145282106518215,29
2.185103549319674,0.15078759868539657,0.02308304780941335,0.001684161294153716,4.1121170778834954e-07,0.24935874208949257,0.18489672262437348,30
2.1451845237155505,0.17539845289334374,0.021519503983730866,0.0018157463522429744,2.136463877717029e-05,0.25462218982487417,0.19346058453151235,31
2.167336419021823,0.19012751982925494,0.023162991427588504,0.0019741843714825465,4.7528901066681606e-05,0.2568941207609587,0.1978571291706959,32
2.140009888832335,0.20380240918273523,0.020564186733193157,0.002047783362210428,4.72483268786465e-05,0.25687374183968575,0.19824669984494245,33
2.144205462604434,0.20270905895348337,0.020107915928633875,0.0020154648562306673,2.257632143811106e-05,0.25475145466547994,0.19489137312944385,34
2.142310996464211,0.18545859913537918,0.020870345939716213,0.002004210664887161,1.0549496338560977e-05,0.25324799882059107,0.19366242104707576,35
2.1359457552760146,0.17481515131980271,0.02186135988992863,0.0020731660444035273,3.576451450550039e-06,0.25189115082702307,0.1954516158855418,36
2.1101889335779314,0.18453923930609967,0.020743532163794105,0.0021703505295086424,2.1993651612754752e-06,0.2514830256778881,0.19908994955917558,37
2.0763319415228634,0.20824880490787276,0.018629185875014657,0.0022514995924604957,1.3414224035812858e-05,0.2536625433834718,0.20476367610881682,38
2.0711762140041454,0.21539987670549468,0.01942937626102858,0.0022939407174848788,8.993945184194292e-05,0.25948364127547763,0.2130389971882086,39
2.0542209180023536,0.20030635607926825,0.020141700383610447,0.002297595767186108,5.7386265450881676e-05,0.25757537229784,0.21432888895153301,40
2.036163352662893,0.194960829856755,0.01856202923640695,0.0022815987005852727,3.519944056925964e-08,0.24981238486050092,0.2095697456744996,41
2.0490122000618483,0.2101674698738963,0.01977364693907563,0.002310435810650492,1.806241928147796e-05,0.2542499905036927,0.21469033356728498,42
2.0358760462187337,0.2123460108372087,0.019685122454290077,0.0023693905324539215,6.651225194787108e-05,0.2581555043956748,0.21983505446487522,43
2.0156524704240866,0.20843674516680238,0.01889890567125848,0.0024555239569892012,2.5308842437165e-05,0.25503078944472585,0.21901977587611393,44
2.0045022250193485,0.21393995599749344,0.017269704781316335,0.0025024991873375093,7.688796668437093e-07,0.2508768578373053,0.2162578060575539,45
1.9921811967035779,0.21666868807496759,0.01708786870812199,0.0024949366942933248,2.3908518797860963e-05,0.254889633810201,0.2199547379740369,46
1.9822544609215884,0.20356035730738825,0.017880461397580136,0.0024939534888564615,7.92715460135516e-05,0.2589034569698265,0.22434892275344978,47
1.9704040127419753,0.19640123731237966,0.017108884085459984,0.0025396657459345454,2.3357541087255694e-06,0.25152831741098686,0.2194082879940079,48
1.9568504635616266,0.20145282885319768,0.015642926090220114,0.0025664255146775417,7.651683069076262e-07,0.24912526100640955,0.2185985943889631,49
1.9608597243506,0.20879401418045632,0.017390236116598724,0.0025643997782573446,0.00011920238835411436,0.2609179846287726,0.2305501558515801,50
1.9415056844234075,0.19928401920893213,0.017195494794294726,0.0025826640338310457,0.00014189459533637703,0.2619119517853447,0.23320810482906415,51
1.9427103131397425,0.1907701724635175,0.01641930204834091,0.0026343970916157602,4.07314666657622e-06,0.24798179617813854,0.222072962766942,52
1.933530161122803,0.18593307154422675,0.01531350218194658,0.0026400502170893484,2.4012341806634598e-05,0.24509976104596576,0.22024703229581424,53
1.9106996778276264,0.18677953667346256,0.016792939417149596,0.0026127188219234707,4.8150763936769365e-05,0.25693907514995834,0.23170079431459756,54
1.910350762296055,0.1809186347570428,0.017506629285181707,0.0026349400721132456,0.00017065341987174885,0.2630634382867509,0.23868462653058795,55
1.8920175077490353,0.18069021664634768,0.015841658981430164,0.0027163736418736872,2.5917625300345595e-06,0.2516098951922515,0.22921568535008713,56
1.8865322276602803,0.1840974515603142,0.014101322584849514,0.0027475173021842565,7.1111971481075165e-06,0.2473333172014453,0.22550799516853823,57
1.8702740272153524,0.17383084416467567,0.015972798447956682,0.002732348872108746,6.312999669857149e-05,0.2579454387354363,0.23595103593728642,58
1.8611797631350737,0.17358088500657767,0.015730866381739154,0.0028065905486999855,3.8655865212044305e-05,0.2562173841132782,0.2360275492001044,59
1.857038272246132,0.18326037220120792,0.014120145237256724,0.0028620183639188612,3.8858050832458297e-07,0.2506233622609082,0.23181907965275153,60
1.8339319928686075,0.1690095629117038,0.014737614214940645,0.0028486189929956313,3.104943590986968e-05,0.2555722020700859,0.2375094180590087,61
1.85047589891979,0.16843091228660592,0.015648418665289987,0.0029484523733405914,1.8631668632295484e-06,0.25136497870431357,0.2353124328268288,62
1.829053132410682,0.17029470251196344,0.014591978266689867,0.0029888360015093898,3.989299910029432e-06,0.2519973231861743,0.2371710621724977,63
1.834683709848301,0.1723306169556023,0.015919603866640205,0.00295818056792445,0.000129077761500518,0.26136123943504924,0.24718060159363173,64
1.8428578888519516,0.16787772887395255,0.017085442423113772,0.0029800082522034427,0.0001380527639981196,0.26174958569474344,0.2488315400546877,65
1.8141017407690643,0.16223962534848757,0.0150744056229001,0.0030686972462685785,2.911666842571924e-06,0.25170636070119184,0.2404959949196289,66
1.7953066870304633,0.1671980924804158,0.012530476472337277,0.003138942012581241,7.501761260044726e-06,0.24726106567073164,0.23727480555715558,67
1.7960737013084014,0.17074353388669009,0.014640230525029808,0.0031524101876505527,4.7691717221556574e-05,0.25690591899905846,0.24756771516550677,68
1.7899557290815546,0.16740396565535418,0.0145983738021912,0.003185198489409902,0.00018445189350376227,0.26358130676716207,0.2549811302484417,69
1.76054337465604,0.16869008502589977,0.012662429707742154,0.003250692966990861,2.8149309765533442e-05,0.25530559231052796,0.24754451776984504,70
1.7704506617662124,0.17459730590823824,0.011643276979807157,0.003249072977352228,2.1660537351351474e-06,0.24852824807282778,0.24155696977747254,71
1.7493177220517595,0.1658553505365426,0.012424744632308955,0.0032140927048343254,2.2031056698665646e-05,0.25469372524746237,0.2484373602025128,72
1.762501645375677,0.16150305468265416,0.014058699144841853,0.0032426455048738703,0.00013681914123800279,0.26169697145580867,0.2559863370514918,73
1.7501881874414382,0.16517589773385874,0.01317608386590238,0.0032913531795219857,7.091056418610785e-05,0.2584208410616819,0.2533296118083792,74
1.7528892405316354,0.17443477949558184,0.011676604436047448,0.00332939124088102,4.70840379023674e-08,0.2502169885662941,0.2458164430437413,75
1.741691544491498,0.17223757902543504,0.011390618730721733,0.003326554617016603,9.013122427776573e-07,0.2509493746588032,0.24701935720748586,76
1.7361284683562366,0.16165044669026543,0.012891571372624257,0.003283365477948619,9.516753223318872e-05,0.2597553847814009,0.25616184853923685,77
1.7252342452655895,0.15782386599467116,0.012512517403768733,0.003252758720474421,0.00011805973664160269,0.2608655297450977,0.25769286779787864,78
1.7207375401833305,0.16199088388422056,0.011186392869887698,0.003272025748669239,3.4086296002010743e-06,0.25184624743742573,0.24903904450146533,79
1.7123032735412482,0.16267073709047883,0.010220355213499545,0.0033101300437926354,2.8967737285598384e-08,0.2501701991107074,0.24753672963263,80
1.704266839882534,0.15891508829147039,0.011234432500131394,0.0033186157987263832,8.605635638956213e-05,0.259276656530753,0.2567899088732745,81
1.7012252405255617,0.16315839602956442,0.010789495180131364,0.0033099924066788654,0.0001171303535732203,0.2608226777450509,0.25854861856682926,82
1.7011215448337353,0.16398003423250457,0.009778700541459233,0.0033002544177614763,1.1898854091367869e-06,0.25109081868756306,0.24905085552568457,83
1.6919078366234976,0.15550624504386792,0.009551193113843812,0.003260134332993132,3.6567232139948974e-08,0.250191225605346,0.24832829373238582,84
1.7006777691336505,0.15178830734251286,0.01165670580588641,0.0032211098950279877,9.87447605523243e-05,0.2599370398284562,0.2581620987300864,85
1.6883466424643871,0.15424075332099382,0.01063056978762858,0.0032461548490607425,0.0001437209338394169,0.2619883666043134,0.2603367590674126,86
1.6808370520362244,0.1596036789857543,0.009358606908521722,0.0033146524185358084,1.2574984092787308e-05,0.25354612240239777,0.252028471111125,87
1.6750740817178462,0.15899647501724815,0.008492585189283853,0.0033151868381962987,9.790710472666659e-07,0.2509894801904367,0.24948229268495234,88
1.6739810024834099,0.15108118032434117,0.009994572668966962,0.0032497526162842067,8.737444067244318e-05,0.25934742962917845,0.25784861288200883,89
1.6668688740321296,0.147303352937635,0.009765381935147619,0.003229835076132117,0.0001316440171027466,0.26147362266691504,0.2601146091300733,90
1.6681237041918158,0.15219797766800372,0.008754197698881725,0.003263868719463615,3.72717033980285e-06,0.2519305880813376,0.2506383962802519,91
1.6599402995049923,0.15105421172279454,0.007816705857933258,0.0032691218990928642,1.7528173239062382e-09,0.2500418666612462,0.24869901178737597,92
1.6579139024218799,0.14368344134743172,0.009452872152343597,0.003245808319778588,8.943323224280278e-05,0.2594569145202229,0.2580950924491396,93
1.6508097939901192,0.14396088998542186,0.008888810162795004,0.003257002509356264,0.000153778533991539,0.2624007473158491,0.2611562256127355,94
1.6500051285528183,0.14733604101945905,0.008192300263384656,0.0032771413457160846,1.1965329421672474e-05,0.25345909372837344,0.25226698188033,95
1.642127545712352,0.14089984199995031,0.007440525270601656,0.003254101543757265,2.7347746625425457e-07,0.2505229507302359,0.2492141905161298,96
1.6453680216345445,0.13595261032378458,0.009139527846704881,0.003232599619625272,8.718356064080027e-05,0.25933721375147856,0.25800845864062566,97
1.6373785658223365,0.1378889043360958,0.008411400304354267,0.0032618626056557048,0.00015174383573908216,0.2623184347925815,0.26110175149664216,98
1.63807524574678,0.1416175752515104,0.0078270924154196,0.003301175112889986,1.4612980731153647e-05,0.25382269286382697,0.2525860694997209,99
1.63068685894279,0.1343628908014485,0.00722939473439363,0.003281397539028756,1.114720900522386e-06,0.25105580343839295,0.24968976244253166,100
1.6307356454280026,0.130225731684159,0.008527252997130674,0.0032571452177403977,7.519075319085768e-05,0.25867126018470543,0.25731893470474765,101
1.62513678123359,0.1303397245977878,0.008126580613539604,0.003276079114340881,0.0001426058097672241,0.26194176744737663,0.26073473383606666,102
1.6219525409437443,0.13241558706517015,0.007441196312263294,0.0032990059942133603,1.8797857791505852e-05,0.25433564963892447,0.25308395708044457,103
1.6182875946745696,0.12786104251841682,0.006946850843404089,0.003299547427255102,2.301369517897027e-06,0.2515170265382969,0.2501640162576619,104
1.6168774769594247,0.12555494407794765,0.00795196601734172,0.0033113238498050537,8.159760556667775e-05,0.25903313929742466,0.25779341153161367,105
1.6137340046388482,0.1250455301986877,0.0077282915728375656,0.003316106932257528,0.0001471770654849435,0.2621316555129522,0.2610087898719983,106
1.6095286821877175,0.12434969708423575,0.007187623246105952,0.003316775091443785,2.0502983742029475e-05,0.2545280220562658,0.2533109034483903,107
1.6069726336820669,0.12141514157267005,0.006628625817960497,0.0033359256364372016,2.010103542847268e-06,0.2514177812041522,0.25017383587571457,108
1.6052184283823048,0.12299419992287364,0.007360201781976706,0.003363194288724413,7.068773288609446e-05,0.2584075997101488,0.2572892446342581,109
1.6021483320777437,0.11821426648238473,0.007390132497321095,0.003351596779658818,0.00016161341107740114,0.2627127263432122,0.26168074994908946,110
1.5988146162783956,0.1194375323328206,0.006959524500316944,0.003348891676522426,3.0960911827202165e-05,0.25556425303407404,0.25444670139940845,111
1.5994539713492,0.11596320992938604,0.006585700166719619,0.0033736400169442453,2.630166647032828e-06,0.2516217788526901,0.2505616068572119,112
1.5941608165469126,0.11919445629885973,0.006727657991106019,0.003401515634027345,3.4777000563806315e-05,0.25589720277452,0.25487928247384173,113
1.5989324854528473,0.11155680094836685,0.007665832179707932,0.003378394782149889,0.00015675512609162226,0.26252018874025557,0.2616084179547968,114
1.5813433042564942,0.11493976208381051,0.006373703752741636,0.0033927783190618,9.243262812640102e-05,0.2596141888959184,0.25867560851828436,115
1.5929271860430025,0.11323780026072022,0.006252199604375156,0.0034408421700581064,1.1407687477007245e-06,0.2510680677636277,0.25018711898628404,116
1.583977768910622,0.11463051925109034,0.0056578931507059,0.0034324028042312556,2.3487754087349874e-06,0.25153257150199754,0.25060497613887966,117
1.5827020805566294,0.10541010374830176,0.007042812022941797,0.0033867479855972365,0.00014853798511335611,0.26218761605538,0.2613718635861868,118
1.5794711664705146,0.11328326541127441,0.006353501882569648,0.0034317251980287822,0.00013236010421673915,0.26150478614389416,0.26072733291201816,119
1.5783484966087198,0.10980681635459236,0.006059230950204505,0.0034697920215342975,1.3334260115036623e-05,0.25365161061930713,0.25287691299862824,120
1.5823133676712895,0.11041736470130883,0.005955993232980475,0.0034671725447601334,4.251923852531142e-06,0.2520620193627925,0.2511833390959266,121
1.5650796841718662,0.10359910521233488,0.006090966127532165,0.0034402978594592717,8.059210738306962e-05,0.25897731069881563,0.25824039261917503,122
1.5873793890138583,0.11660203026202577,0.0067296027745415935,0.0034835020960137008,8.657738440502999e-05,0.25930469690022356,0.25862339969928655,123
1.5583230258723777,0.10563274380637644,0.005499129198302958,0.003476536322756925,6.603845952505925e-05,0.2581264050800498,0.2574677873364381,124
1.613604051219715,0.10057622491951544,0.008865497063010052,0.003434556931944251,8.721601315107404e-06,0.2529532357364605,0.2520396159285359,125
1.5824768458075522,0.10125169088455785,0.006737875479014084,0.0034748494050979273,7.633199763971523e-06,0.2527628245988429,0.25195712903534323,126
1.5833205208328012,0.11036525821581375,0.006914361109136895,0.003546769394825488,7.610041641925634e-05,0.25872355526257823,0.25823606087979156,127
1.5699675638134019,0.10455115406805035,0.0063337822692278315,0.0034838305495065733,0.00014237924076400431,0.26193227726647367,0.2613753206496515,128
1.56851718731439,0.09641172569794619,0.00676001729857211,0.003440611472895482,6.361191208956795e-05,0.2579757076231246,0.25721327700313235,129
1.5666065519083334,0.10261860518145113,0.0056113991015656894,0.003556350539846617,6.504116735899039e-06,0.2525503169873369,0.25198694379818787,130
1.5615586449351777,0.10649430203659892,0.005399018033491869,0.003561818011685039,2.235760963412527e-05,0.25472838340599885,0.2542419792129325,131
1.5829307205897825,0.09327727415309481,0.007854335705051355,0.003428329287207416,0.00016570872577001682,0.2628727901315145,0.2622221105611618,132
1.5784611053920632,0.09322628438399444,0.007592115210553035,0.003434427487011192,0.0001552910138684883,0.2624615815155416,0.2618034193753618,133
1.5559709140009481,0.10375655919064657,0.005170934893191197,0.0035802004326703804,1.943459651042711e-05,0.25440846872626166,0.25394850229847066,134
1.5573895177629633,0.10012651210768786,0.005393733500227312,0.0035860468636243763,1.3098007514720123e-05,0.25361911695234074,0.25319442835641875,135
1.552619180435151,0.09367917557642942,0.005966131283719466,0.003467292798336588,8.112710990573067e-05,0.25900705889320874,0.2584409765185273,136
1.5424931409214597,0.09055135002747872,0.005504499552139909,0.0034776501115846266,0.00012085295723365932,0.2609933142060827,0.260521937728291,137
1.566959467873716,0.10398512086972199,0.0058355112370352975,0.0036095669325016426,1.5382974555558357e-05,0.2539221135317018,0.2535424420913597,138
1.5492921445087475,0.09775791911151198,0.004968804051457314,0.003595551822565451,1.097294209335539e-05,0.25331254314588586,0.252923720567939,139
1.5540786772857902,0.08772236531096086,0.006475023802052641,0.0034714414266111887,0.0001044404031769626,0.26021960875850747,0.2597052858922124,140
1.5466244763593597,0.09209030081498508,0.005685566236379472,0.0034944124358769943,0.0001205621919454836,0.26098008160012864,0.26053921174341543,141
1.5458167909768041,0.09507420716121746,0.005362204643018673,0.0035886151094754654,4.233283936560032e-05,0.2565063691384366,0.25622417269193315,142
1.5315959166446373,0.09294556722995628,0.004238276937140899,0.0035674526457209173,1.6538486361870096e-05,0.25406675378672844,0.25369321869303474,143
1.5492653305660693,0.0842512629153591,0.0064037100084309,0.0034835040815276246,0.00010704651513011636,0.2603463285821646,0.2599116760545954,144
1.530012611386681,0.08818084532352462,0.004868568011218195,0.0035171118316250165,0.00011398317250684137,0.2606762902033825,0.2603133528675626,145
1.5497164870497326,0.09491226997059567,0.005415699610665498,0.003634995312853349,2.0393994985005428e-05,0.25451597110099317,0.2542728181391727,146
1.5302397716426994,0.0894164471235517,0.004421443747044826,0.003596148927665378,1.7443791627353556e-05,0.25417657654393566,0.2538853505571883,147
1.5522435386880538,0.0839835539590328,0.006613137054219366,0.003478776575976892,0.00011841943590046196,0.2608820694677282,0.2604762758882601,148
1.5436943517962187,0.08194298086756817,0.006138089081263311,0.0034926331947762565,0.00014518306322969485,0.26204919346801664,0.2617129466112487,149
1.525165867976233,0.0892994861863787,0.004346033022666692,0.003610698228387985,3.680098897135805e-05,0.2560663818682439,0.2558473660241749,150
1.5219132024269209,0.08612208987392628,0.004227998962703157,0.0035726524388871067,2.7320470992896004e-05,0.2552268987930604,0.25492965693650743,151
1.5352918224701413,0.07957845739435726,0.00582065170328253,0.0035188853766917653,0.00010688870953569147,0.2603386996056415,0.2600481801086697,152
1.5200757509185638,0.08324422615208667,0.004573965489737659,0.0035397317854305357,9.997926515551788e-05,0.2599989632040286,0.2597364794250263,153
1.5222078096538505,0.08819697050708862,0.004125418961679132,0.0036203523401908497,2.6754973962872617e-05,0.2551725210451841,0.2549630202628564,154
1.5251367397126456,0.0804320996227459,0.005014317339853648,0.0035872462973074327,4.949929164523162e-05,0.2570355732989737,0.25680208216391776,155
1.5143889331324285,0.08023790664326239,0.004387821442195576,0.003533631621125628,8.096374707838522e-05,0.25899798572339305,0.2587215415739314,156
1.5199553970344912,0.08266124700041867,0.004592253142813852,0.003587532949131666,6.243902667374014e-05,0.2579018369176882,0.2577456667412532,157
1.5248966810791655,0.08481706573165623,0.004610680366486695,0.0036160178924560804,3.422086488966268e-05,0.25584986024531037,0.25565317180528474,158
1.512843144957904,0.07681578662357506,0.004499399599273427,0.003558324858564765,6.65437634108822e-05,0.2581574360807108,0.2579244759711708,159
1.5067320157971207,0.08033225333606063,0.0038837210826609017,0.0035730707054236746,7.592322617983663e-05,0.2587133934939171,0.25851040617079446,160
1.5168854271215606,0.07847588748788602,0.004672902519754988,0.0036063830224198276,6.2217326204393e-05,0.25788779602958856,0.2577588006200247,161
1.5034703539579235,0.08033992550444717,0.0034971822487081796,0.00359838529914345,3.532672164269215e-05,0.2559436286595557,0.25577259562963045,162
1.5083883084334224,0.07308466810787913,0.004487290058716703,0.0035470862435493297,9.978798038374539e-05,0.2599893933941829,0.2597858005461434,163
1.5018720553233775,0.0790576210169867,0.0036179843555202394,0.003592100644546966,6.0661121891582806e-05,0.25778852501386385,0.2576194827677077,164
1.5114536066229665,0.07693890722651045,0.004364113395309446,0.0036369550949623647,4.8964690559603194e-05,0.2569974774425934,0.25688747269860635,165
1.4952775632129507,0.07652144452983302,0.0033038310274796957,0.0036053391383076114,4.904174400088355e-05,0.25700298107957487,0.25685360944350144,166
1.5232098786615549,0.07024758336872915,0.005644919255937785,0.00354114163663939,0.00012507607448362392,0.26118374152435686,0.261026186813448,167
1.4986330966159198,0.0720124196380999,0.003917570858687682,0.003562795365813505,8.417492354384467e-05,0.25917468928868137,0.2590115568615491,168
1.5247806684484413,0.08028482123373218,0.004649871900239965,0.003685967569266509,1.4013883323195358e-05,0.2537435121641575,0.25364994867820667,169
1.5215245819368548,0.07737423645138733,0.00487949440884539,0.0036748761093849482,3.066978433113197e-05,0.25553803072681364,0.2554625711603342,170
1.493083891253223,0.06924513867894087,0.0037272161549555564,0.003565639847081292,0.00011481220635385348,0.2607150457933624,0.26058448245398136,171
1.5080095626872363,0.07467091134763072,0.004168000793222222,0.003597484032560555,3.37808583752744e-05,0.25581213027858757,0.25565619949209806,172
1.493732976696315,0.07090968799551836,0.0034454274154421985,0.003630187224903185,3.0003361362949682e-05,0.2554775324155088,0.2553809691003229,173
1.4894322551765993,0.07175142750830321,0.003334952658703704,0.0036105597117241693,0.00010817838404562548,0.26040088381079346,0.26031085971300433,174
1.4930180047814494,0.06688105312141705,0.0038972174009533106,0.0035802880191068503,8.053296824945782e-05,0.25897401628310635,0.2588693689852022,175
1.4945859292041717,0.07210702055551022,0.0032525126175429082,0.0036170830654100555,1.8000256501502913e-05,0.2542426709160036,0.25411975042886426,176
1.4849835967919227,0.06838168681953175,0.003213966300342594,0.003633905826307434,5.722340704283743e-05,0.25756461545901954,0.25748215154818715,177
1.4899351295356347,0.06889748588423222,0.003507062308372357,0.003589456205564822,0.00013610210017780044,0.2616662804774187,0.2615656313211918,178
1.4889519233111423,0.06567078624895965,0.003689829476919219,0.0035961109021611618,6.697795419901388e-05,0.2581840059994488,0.2581028727317703,179
1.4915598047936574,0.07061596219076363,0.0030447589612685143,0.003644009242303881,1.2451633821386688e-05,0.2535286872660221,0.25343715709423736,180
1.4792947378876864,0.06521524104771764,0.0030992871974033966,0.0036170407062036318,7.817987061026945e-05,0.2588419381704618,0.25877094102225806,181
1.498378462709928,0.06764400191414613,0.00420736182723311,0.00359569880900172,9.670445622792087e-05,0.2598338423938927,0.25972241339083796,182
1.4832240279498823,0.06393292230379272,0.0034439884120048185,0.003607150192495514,7.882690183550922e-05,0.25887845154492095,0.2587936684554666,183
1.4973399035226511,0.06849182021511407,0.0038104399343854875,0.0036732922271705258,2.5769341310395525e-05,0.2550763511807592,0.25502513693394546,184
1.4871471659892435,0.06536849331969538,0.0035701964767580834,0.0036326449576917553,5.8680248974925665e-05,0.2576603034518827,0.2576001087511991,185
1.5067661245546382,0.0603865704083617,0.0052092961780940885,0.0035603162833479775,0.0001307765376213002,0.2614357569763134,0.261336860078099,186
1.511417965180262,0.0626885745667429,0.005406661563887866,0.003593878514612146,8.218142107420933e-05,0.2590653969066009,0.2589676565852208,187
1.4825800628881498,0.06618938518851346,0.0030405316926787385,0.00367881013564399,3.1107064846004575e-05,0.2555773707825466,0.25552973857900524,188
1.502278560087866,0.06128492324641697,0.0049070061178529654,0.00362283800897796,0.00010439904793843511,0.26021758523029953,0.2601840465147093,189
1.4944461563406293,0.062077345179873025,0.004320637208965774,0.0035781836496977556,0.00010640587284662097,0.2603153222366837,0.2602434879492017,190
1.4799634073834818,0.06125072497537646,0.003131338739995603,0.003627674127292487,2.6184605322848648e-05,0.255117089536333,0.2550327000827441,191
1.5066913791729317,0.06724520027412696,0.004799416050751736,0.0036719388716585635,7.692609271316075e-05,0.25877075211787226,0.2587417625466375,192
1.479733738306391,0.06332130546155403,0.003252627961600088,0.003651714304527414,0.00011785193930078274,0.26085596330597993,0.26082427374104694,193
1.4891253131329503,0.05950614003719919,0.0040459210742700945,0.0035764024401772404,4.9497492452482205e-05,0.2570354454338359,0.25694558285818986,194
1.4942145142604395,0.05781908108180401,0.004371801618830222,0.0035990420292728335,3.1466432139451305e-05,0.2556094948203427,0.2555379615882605,195
1.4689160611841894,0.06227174062813572,0.002587084746968342,0.0036668767820660494,6.564340411220128e-05,0.25810206171984645,0.2580595840795237,196
1.4855000408747947,0.056845945568587956,0.003944529775654815,0.0035892155006688148,0.00016516841035351586,0.2628517862709242,0.26281338670483323,197
1.470120560239976,0.057375012303286364,0.0029946792862980583,0.003573847127363214,6.799409260003293e-05,0.25824585305471986,0.25818301650837083,198
1.4779262339112942,0.059068926432193934,0.002996022234393772,0.0036696217161105806,1.6035662451262524e-05,0.2540044553251675,0.25396324290985545,199
1.4683490260791832,0.05924883823320961,0.002782006690819708,0.003647233920176427,9.953267314487656e-05,0.25997660629396974,0.2599360443693136,200
1.4945917247682419,0.05711786518067761,0.004665725966467579,0.003570769017179326,9.896075645594197e-05,0.2599479021133072,0.25987468116218426,201
1.4813885463439327,0.05507629745480892,0.003816745662344887,0.0035735112235893325,4.592794394807508e-05,0.2567770158586265,0.25672860840164924,202
1.4774322037697774,0.060969327153008325,0.0031554722862618574,0.0036717414209097685,4.385537643703618e-05,0.25662233919676697,0.2566055752808525,203
1.4908846183254574,0.0566909840460142,0.0044352031358736305,0.003657551214575586,0.00011870716315458271,0.2608952816923007,0.2608578616537541,204
1.4720207008564605,0.05374530205795379,0.0033824332172856337,0.003596675993052478,0.00010509292784761607,0.2602514841777967,0.2601806932635489,205
1.4761686684753756,0.05688185969927454,0.0030334429751669584,0.0036341409987378564,1.6254535940959432e-05,0.25403169144912646,0.254007389956765,206
1.4849091680158988,0.05678295643973637,0.004044128062879033,0.003624514426702979,7.362407118376766e-05,0.2585804470270358,0.2585679066691293,207
1.462863834554313,0.05331745734181989,0.0027564033777145746,0.0035823694156270395,0.00013642323059051613,0.26168003555604674,0.2616428740332923,208
1.478187766202508,0.05342936738378195,0.0033382862029754773,0.003659207267851598,1.3790351802562601e-05,0.253713536293422,0.25365441785526854,209
1.4603672579707898,0.0562186927456596,0.0022772854334072697,0.0036706866240478406,3.666464422231895e-05,0.25605513370804633,0.25601688498390474,210
1.5117167695703946,0.05002957199063993,0.00510788141059571,0.0035274198359648763,0.00035755120023623537,0.2689090243068286,0.26889896805208174,211
1.519253873492973,0.051967962288286956,0.006059255757401246,0.0034994051443596606,0.00026491661513647124,0.2662762592488714,0.26626150865005316,212
1.4854836012530988,0.05583926684487413,0.0032992311559767672,0.0035958917070462674,3.164987005850607e-06,0.25177904103546,0.25173387557637805,213
1.483872954355032,0.05395586164224541,0.0024909771161836626,0.003679363996083902,1.898027412224839e-06,0.24862231084339578,0.24857042044284752,214
1.487279076634616,0.05526946320249987,0.004301775620393125,0.003671169737307032,0.00010827203306005914,0.2604053848107631,0.26036171027994864,215
1.4898595770576957,0.05470321071858515,0.0035260493898604255,0.0036124748264753565,0.00032785535193933515,0.2681067764093815,0.2680581790561707,216
1.4636667443282239,0.051994287335939686,0.0028434566553911613,0.0035849262225874524,0.00015558583280545496,0.2624734050205008,0.2624322570504618,217
1.5137024314432155,0.05308108920928336,0.004806401124773613,0.0036079525609785243,2.363398174363109e-07,0.24951385206219062,0.24948967665314262,218
1.5223532680463159,0.05242560072379538,0.004062201585791934,0.003617946413065587,2.0606664732319447e-05,0.24546054356422276,0.24543253971206183,219
1.4708901367407519,0.05401706671905505,0.0027297448159400344,0.0036047086095712267,1.0275193764655726e-05,0.2532054943089414,0.2531606216710822,220
1.4823836658837337,0.04964432384981521,0.0032653403428468224,0.0035733607669448837,0.00034340011853139244,0.26853105821401985,0.2684910256415183,221
1.489594621551087,0.04842134233607003,0.00396929536349328,0.003604621938894029,0.000321870226940883,0.26794074209560137,0.26790659160203234,222
1.4605536617433523,0.052728158199317365,0.002495826280894736,0.003663193594539226,3.3831801892412974e-05,0.2558165111443556,0.2557697415867626,223
1.4994631674191303,0.05516365698808811,0.004466858505201187,0.003608330551199121,7.44881915142595e-06,0.25272925248949707,0.2526712534112466,224
1.4887631565161592,0.05207057482995002,0.004479965075096929,0.003539400930365881,4.11088686084965e-05,0.2564116198115996,0.25637005084185394,225
1.4999250042047256,0.047503371266595235,0.005602289406604989,0.003544157684443514,0.00014256564374945347,0.26194008558384124,0.26191503157196094,226
1.4805146540924516,0.051764825085548756,0.0040397956786039,0.003625153071530696,0.0001348945601567285,0.2616144117438951,0.2615758570453355,227
1.5038371916032118,0.054500233223049505,0.0053571317726422854,0.003688411584091539,4.789347383251606e-05,0.25692051109619196,0.256851855345628,228
1.4970416898327354,0.04948563330967329,0.005145723596822157,0.003655581003204228,3.437120400816997e-05,0.2558626959675707,0.25580182005398505,229
1.483190357428138,0.04818469509815403,0.004502773596387808,0.0035774384859977525,7.717467084305486e-05,0.25878491154440697,0.25875104423199335,230
1.4881590700189307,0.047483064559293416,0.004889763555910287,0.0035454404193824476,9.93713358431339e-05,0.2599685172339287,0.259936870538243,231
1.4871944810216162,0.05272214173466568,0.004451962179438788,0.003594818834668165,6.931996803388002e-05,0.2583258613989112,0.25828597231649086,232
1.4837206881645348,0.049938436595448624,0.004366580673891694,0.003625729135443475,5.576810780788977e-05,0.2574678047515913,0.25743513914470023,233
1.471394026874391,0.05069183035223594,0.0035273096143067905,0.0036242041877938983,6.531519568136352e-05,0.2580817817145332,0.25805383479920124,234
1.4737034155684334,0.05198068561132797,0.0036166758288748704,0.0036183194250319893,7.913938500933483e-05,0.25889603198113265,0.25885106247156014,235
1.4694018000537228,0.04777961318446656,0.003617317611809518,0.003606787452488752,9.16572293899069e-05,0.25957377821917277,0.25952839299339026,236
1.4537272870215252,0.046816342561260244,0.0026267242081206045,0.00359623040600284,7.306154244701389e-05,0.2585476044858787,0.2585266123202417,237
1.5117736709918337,0.05366978937421908,0.005947454700255509,0.003598705682775188,4.6468808482423705e-05,0.25681680339179763,0.2568001034896683,238
1.5021651697282867,0.0521622554097282,0.005427502996174488,0.0035969420773022637,5.038616791821731e-05,0.2570983214859724,0.25707891306427844,239
1.4563404281667895,0.04528219390159521,0.0029095929639695846,0.003596853377775986,7.859073513984894e-05,0.2588651415747211,0.25883745953572546,240
1.4715763756479177,0.04896185727793103,0.0036807649991167286,0.0036343072054317084,8.05127286427503e-05,0.2589728885339533,0.25894038941391795,241
1.4527043855762172,0.048960523645061996,0.0024310049405036702,0.003619428632828608,8.555737411661626e-05,0.2592497229210726,0.25923380148537956,242
1.4672612415932926,0.04500911526336394,0.0036550194441912374,0.003573355223904094,7.462997274226443e-05,0.25863886408865566,0.25862895851249695,243
1.4559524072539272,0.04503059738009904,0.0027740166337793387,0.003574077695599474,4.21730689200618e-05,0.2564940795283136,0.25647162799210205,244
1.4625292009825988,0.05037617116431459,0.0029486722527088207,0.003627450741695022,6.220451759867975e-05,0.25788698406228133,0.2578597491046897,245
1.4628935241365493,0.04672687236419099,0.0032210317640816097,0.0036322182963456837,0.00012904624719300336,0.261359852428311,0.2613490059796628,246
1.448933699556066,0.04463736868926618,0.0024684880852309287,0.0036078547491531126,0.00010244606290491469,0.260121564251879,0.2601133326036891,247
1.484804591703056,0.05126251832024491,0.00406338417204611,0.0036039459532126827,2.1025376657489116e-05,0.254585343679321,0.25455322687893894,248
1.4732141252555866,0.04844894032770301,0.003439844816400769,0.0035861447186017674,1.8679156352029843e-05,0.25432193895746225,0.2542870075114667,249
1.4626187544002645,0.0442171597399292,0.0034116530461190944,0.003578072237233899,9.41594991291823e-05,0.2597035817680474,0.25969315921325253,250
1.4625946561537118,0.04502607288405615,0.0032950338875441096,0.0036113079372934367,0.0001380706658737559,0.2617503474788517,0.2617444636206595,251
1.471113425730353,0.05339594054857221,0.0033316805688723126,0.003646980460107293,6.574094319276924e-05,0.25810807888422216,0.25808907942874015,252
1.4561999472488187,0.04782755693326113,0.002619189449392237,0.003619603872661066,4.464123477061261e-05,0.2566814096394857,0.256657111053455,253
1.4941875137592402,0.04495255669734566,0.005466092485431381,0.0035774108755736917,8.905660898222112e-05,0.2594369809251805,0.2594238875470095,254
1.4888627889645787,0.045078244389918504,0.0051023807735369915,0.0035734548737398533,9.658672191178098e-05,0.2598278543900376,0.25981347630287016,255
1.4529439812912774,0.04707086279303917,0.0025197973953705087,0.003610620054438545,5.903145827965191e-05,0.2576831932345641,0.2576564564503806,256
1.454267471528375,0.048460938139037395,0.002549418194281787,0.003628828830222673,7.049987069053167e-05,0.258396420111603,0.2583803520869632,257
1.4682435911459257,0.043092127240959545,0.003852671089983736,0.0035962775192633647,0.00011012573300818697,0.26049408085580567,0.2604889529773472,258
1.4529189230330717,0.04224284007239307,0.002884102065623458,0.003589210632126832,7.579770358994938e-05,0.25870618766108044,0.25869275234034866,259
1.4869511956905481,0.052939640090321045,0.004215587166356033,0.003633349028858186,3.1073031209675976e-05,0.2555743189009668,0.255528684332047,260
1.4838181970990534,0.05202088480483595,0.004183603769033636,0.003636813788209518,4.596994511492542e-05,0.25678011394557093,0.2567361498385146,261
1.4498958052565765,0.04216958518863826,0.0026754629938301197,0.0036013973203356795,0.00011978405251232873,0.26094459010252685,0.2609319279238315,262
1.4498977494924568,0.042269410375943846,0.0026942795070822342,0.0035965181795735413,9.026188033994853e-05,0.25950062526047357,0.25949431599911943,263
1.4697202083338439,0.05010575721794463,0.003207617817977409,0.0036269610071106525,2.6304130669420875e-05,0.2551287552748616,0.25510062364957736,264
1.4547979629821395,0.047169055500642834,0.0025070004119851722,0.0036190677058514408,3.6334732936980335e-05,0.2560278298696115,0.25599046929285746,265
1.47659372903964,0.04245812497892948,0.004395591288643591,0.0035952313608637538,0.00013889304043408345,0.26178528915360516,0.26177195224272026,266
1.4791525861953623,0.04303020187094224,0.004477211894320018,0.003606437065955554,0.00015705453477405848,0.26253214007159426,0.2625244474703954,267
1.4407763661684052,0.04557277785172715,0.0018297005001890738,0.003637980227925052,6.512869358694338e-05,0.2580702350391388,0.25805328251140097,268
1.4367318009932644,0.04280790429371173,0.0016574708114371012,0.0036095238358982242,4.4874859428416967e-05,0.25669887001130914,0.25667480500455736,269
1.4885632329599563,0.04267113279516919,0.005113641756184725,0.0035920048967358173,0.0001615477500673409,0.26271014358956424,0.26270162702486166,270
1.4731663136171174,0.04163585610938695,0.004119436416371014,0.003605838904518695,0.00017197364853137608,0.26311387236979894,0.2631050500991056,271
1.4534321615974275,0.04767497619302538,0.0025008937402226025,0.003652391036328174,5.590930248369802e-05,0.25747725233516283,0.25745298951366785,272
1.4527833406379178,0.04654042684977357,0.0023626196961514996,0.0036430545125683915,3.0348165214801737e-05,0.2555089168821831,0.2554851549383989,273
1.4600266053060649,0.04080351344771561,0.003466023076387369,0.0035940581858143095,8.882159921486528e-05,0.25942452116634396,0.2594147178833835,274
1.4485837710169815,0.040074484827216976,0.002741181137950662,0.0035940965196561473,0.00011034620354434825,0.26050458012222993,0.2604925514023924,275
1.4724773988307405,0.04999774170338382,0.0035795961376642767,0.0036571864205873963,4.83884105201523e-05,0.2569561778672021,0.25692679102991894,276
1.4715444148581063,0.05032199703581815,0.0034877693383067307,0.003668274804602395,4.6759149605895425e-05,0.2568380662183029,0.25681236134047886,277
1.4411004731804329,0.03999250398452187,0.0022570712354792874,0.003621262733202252,0.00010019732567988684,0.26000986142161253,0.26000099188197895,278
1.4370979734194802,0.03942867017048293,0.0020159314711104717,0.003607654736959502,7.549892553417315e-05,0.2586890117697108,0.25867345057237046,279
1.4805494338338945,0.050586712383751994,0.003987781396391322,0.0036620328183568345,3.5296293855483446e-05,0.2559410684102679,0.2559066073546737,280
1.4690149694845698,0.04863700807412622,0.003464426124997171,0.0036621335772467553,5.344038481114333e-05,0.25731029307286263,0.25728284041836363,281
1.4490206616529056,0.03964695142165665,0.002768705282970319,0.003615941980416964,0.00012929714568146999,0.26137089027655575,0.2613640110848431,282
1.4479796737758082,0.0391900635093477,0.00277086687041332,0.0036103791897309214,8.908696575414729e-05,0.25943858918240154,0.2594302910615225,283
1.4585078534026017,0.0459351018625315,0.002725739471796114,0.003647837436878241,2.53514518676517e-05,0.25503502252901133,0.2550047283598449,284
1.4481405031956973,0.044590773231227815,0.002302692520456201,0.0036450471583790727,4.576370905337042e-05,0.25676488795571445,0.25673437266252364,285
1.4640949926277496,0.039719290085212564,0.003688773371678091,0.00361198038824016,0.00015872436149886001,0.2625985856943889,0.26259123066866086,286
1.4628337768640816,0.0398641674582631,0.003642487903950025,0.00361873956096194,0.00014300722341492803,0.26195856276543833,0.261953549437117,287
1.4412888586016919,0.04340859941396036,0.0018782032406215274,0.0036515986470512097,3.840585082254627e-05,0.2561972454221651,0.2561780687973504,288
1.4365514287561123,0.04139581350078845,0.0017599540617713606,0.003629238588061896,4.8502491714538225e-05,0.2569643730309726,0.2569398513512447,289
1.4737295297774673,0.03964409119869421,0.004334091205376431,0.00360576387585165,0.00015921147424520794,0.2626179029258117,0.2626088631456884,290
1.465198023417503,0.039496965870001184,0.003800423254800211,0.003625532673047317,0.00015113919162287507,0.26229386804967725,0.2622849634534717,291
1.4427461657493372,0.04381112892424476,0.00199477754725157,0.00367344720919882,4.538312543676338e-05,0.2567366998921403,0.2567141604411201,292
1.4397094949732552,0.0424143217268436,0.0018897032944791689,0.00364639078837681,4.5970292386215895e-05,0.25678013955506934,0.2567603313896164,293
1.4616903241246284,0.0382674052161765,0.0036948743979144222,0.003591916600333722,0.0001339517879986476,0.26157375427416046,0.2615661457546418,294
1.4498452914762159,0.03783459217021897,0.0029654501775042107,0.003602537440945855,0.00011738590425909027,0.2608344775720424,0.2608238566480448,295
1.4565527606069018,0.045536048607337426,0.0026892751311609446,0.0036748519598564415,3.12857747574095e-05,0.255593368820077,0.25556568567194005,296
1.4554538632236975,0.045987282997716095,0.0026494851808576926,0.0036825805860221028,3.840522510272158e-05,0.25619719493825405,0.25617405487881567,297
1.4419664393625153,0.037629352835216505,0.002431784438784771,0.0036231382134946136,0.0001297827636482073,0.261392223823653,0.2613849988088935,298
1.4359018456552664,0.037070659527303214,0.002105941274794162,0.0036156619080206956,9.624860256965664e-05,0.2598106372152708,0.2597982127582568,299
1.471317332389371,0.04715752542650498,0.003414460874151599,0.003677669956711345,1.956406977494139e-05,0.2544231289575301,0.25439031828472053,300
1.4667596095633528,0.04674809367741651,0.003247150462360743,0.0036797510995133305,2.7415410786589814e-05,0.2552359727641184,0.2552080020022463,301
1.4354229373862495,0.03707452548568341,0.0020472989770912017,0.003625109238355393,0.0001222034856843366,0.2610545685435632,0.2610468773171357,302
1.4322141330631437,0.03686719173827391,0.0018742447911500636,0.0036282643134024958,9.07878568443975e-05,0.25952826620348096,0.25951706505636396,303
1.4708106207875362,0.046967335949012166,0.003410203675418397,0.0036857184835099336,2.0641355623744324e-05,0.25454327586920983,0.25450953879979904,304
1.4602022926733305,0.04522182034117938,0.0029589129904018232,0.0036781837113114848,3.192263158187051e-05,0.2556500116444013,0.25561893926551027,305
1.4413646621301872,0.036592472858382345,0.0024478102253710516,0.0036191843519036626,0.00013541387030468533,0.261636746551536,0.2616285513756524,306
1.4401601138554305,0.036509139998772075,0.002417976855615105,0.0036220389282589707,0.00011089866072123236,0.2605308433053214,0.26052437025543246,307
1.4529525511476464,0.043642146493092865,0.0024782065041590103,0.003674270362470497,2.297899877457036e-05,0.25479364149416395,0.2547692503062053,308
1.4449017382680833,0.042185441350946956,0.0021750382379837362,0.0036671725125117117,3.549407892730499e-05,0.2559576907378031,0.2559309439177751,309
1.451440517057675,0.03653342554413312,0.003060612939825862,0.0036171672998554323,0.0001576627323415551,0.2625563821358525,0.26254767873239987,310
1.4483752411105377,0.03650971249298503,0.0029050430983633135,0.0036271944305097397,0.00014172383869932737,0.26190478217773544,0.2618975357015251,311
1.4421013264169043,0.04178548417053787,0.0019650987857962494,0.003679970084942091,3.0050163178303743e-05,0.25548180291312117,0.2554612680904448,312
1.43610056445973,0.040322078149616726,0.0017552810234506503,0.003662165564210548,4.0791384345938745e-05,0.2563868133169789,0.25636658357651376,313
1.4592634810127136,0.03635860810993149,0.003554884036642796,0.0036062454481328625,0.00016920490056707797,0.2630078784037628,0.2630007639784116,314
1.4535934186143922,0.036203342182848444,0.0032403669363747726,0.003616410605319323,0.0001531892064812994,0.26237696273248406,0.26236882815315177,315
1.438337089148865,0.040764307236318575,0.001813837698474576,0.0036794531707272492,3.329038730527876e-05,0.2557697822580474,0.25574810940725534,316
1.4343094122392377,0.04001792701612205,0.0016769115405729875,0.003669466689015152,4.3800126594271965e-05,0.2566181664072666,0.2566009091547769,317
1.4577152851201123,0.03592462637229988,0.0034787776934432934,0.0036087528840469804,0.0001698166770854403,0.2630313728012608,0.26302577740791144,318
1.449995581474992,0.03561757615723744,0.0030596479607187905,0.0036145769513893393,0.00014638118969000015,0.26209880943275,0.26209074686323697,319
1.441146241766181,0.04077907875606471,0.0019488726399078124,0.0036812476379654347,2.8307329620703316e-05,0.25532046329004376,0.2552969977742474,320
1.4378255594132534,0.040573016479797476,0.0018355208504355178,0.0036798664870447226,3.8272443219428724e-05,0.2561864725991011,0.25616838821541527,321
1.4496217542028875,0.03531354816801944,0.0029963185340411936,0.0036178635130533748,0.0001652457011130132,0.26285479292377023,0.26285008235465024,322
1.442418404161228,0.034977715330368336,0.0026198477049002855,0.0036213716088274463,0.0001378932021530148,0.2617427936264338,0.26173533172650026,323
1.4465188638995894,0.041268173004298234,0.002190338466421835,0.0036864979805598863,2.1803343596247355e-05,0.2546694050580612,0.2546437192848444,324
1.4423929575424848,0.040815240475379995,0.0020439173686621387,0.0036822329789340503,2.9590611379711813e-05,0.2554397253036998,0.2554174857807033,325
1.4431317595497222,0.03472338818348516,0.0026278832264742527,0.0036186514757242517,0.00015776180825543447,0.2625603267575105,0.2625549421861146,326
1.4371237330490065,0.034518950089869826,0.002306430552591431,0.0036258854245358606,0.00013422683607221118,0.2615856305858685,0.26157875045160073,327
1.450906032624004,0.04180773665490272,0.0023883220617895756,0.0036949223860274433,1.8158597952189595e-05,0.2542612906439469,0.2542349772699143,328
1.4461416756847085,0.04101983166542905,0.002202344655919447,0.003688906776702362,2.3261274107721164e-05,0.25482299430931876,0.25479672203473985,329
1.438813722000641,0.03427250736893616,0.0023976371265917937,0.0036206496055341112,0.0001485761989633599,0.2621891836873254,0.2621814320189072,330
1.434029046426808,0.03412582232076584,0.0021268292882756904,0.003627998130071582,0.0001339607799527374,0.26157414273079166,0.2615668312485619,331
1.4526325190578189,0.04197203878191034,0.0024777834246641744,0.0036993446698016428,1.730953285074957e-05,0.2541604726715542,0.25413587771710744,332
1.447190245935786,0.040931503941509496,0.002236700123059018,0.003692189489365673,2.0425920647308618e-05,0.254519504469221,0.25449407112834826,333
1.4367554504660678,0.03388055680001523,0.0023056229200346286,0.003620637135938336,0.00014158948632539024,0.261899138049682,0.26189023747133605,334
1.4324532112305544,0.03373905077719697,0.0020457050469854885,0.0036283936034788786,0.00013462945020386026,0.2616029931571065,0.2615945477911052,335
1.4523964527226445,0.0418102057717502,0.002488477811591227,0.003703516361569673,1.817562721171762e-05,0.2542632883097109,0.25423960986304694,336
1.446506815141156,0.04072261665814118,0.002207951207844336,0.003696758403368048,2.0574691810860368e-05,0.2545359334001791,0.25451272504175804,337
1.4360499695504965,0.03357026502382672,0.002284175536307901,0.003621562627407431,0.00013974465823091289,0.26182136448261845,0.2618128728424362,338
1.4320149363037427,0.03337095387415998,0.0020411653708955696,0.003626552166514532,0.00013449330867712617,0.2615971250177415,0.26158794563101007,339
1.4507324592810953,0.041312877787083487,0.0024306428320981597,0.0037042482542243745,1.934913311397496e-05,0.2543987649532539,0.2543753845138082,340
1.444832166050345,0.04034819466200497,0.002147393508580008,0.003699759650918531,2.228923262563521e-05,0.25472114738444324,0.2546998475914563,341
1.4360746502535116,0.03330656214099047,0.0022966359138677497,0.003623586238783698,0.00014243775537614697,0.26193472896115144,0.2619273780103677,342
1.432183603129665,0.03304755327207142,0.0020743346618066353,0.003625229942506432,0.0001343735302077673,0.2615919597224873,0.26158309306828614,343
1.4482573448728766,0.04055500502334876,0.0023286402412690784,0.0037013885352279053,2.0114492881064976e-05,0.25448491838064696,0.2544619237762353,344
1.4424379395022635,0.039688518444661126,0.002059319117969218,0.0036978545689970734,2.4266679908179963e-05,0.254926122197853,0.254905947558281,345
1.436628265754871,0.03302703641724609,0.002338493730653878,0.0036239961022490642,0.00014747295967501654,0.26214384451790357,0.2621374803117424,346
1.432549107202943,0.03279106125064514,0.0021130261954193327,0.003626898221343344,0.00013563608468230255,0.261646290597538,0.26163828750385276,347
1.445798822758265,0.03985079122475845,0.002220233818925367,0.0037010575281555065,2.065162014595746e-05,0.25454440536769746,0.2545218897400782,348
1.4400072221477282,0.03898578250075177,0.0019674743126155136,0.0036954402940958856,2.6094548891835674e-05,0.25510828238176353,0.2550884721264158,349
1.437431181880498,0.03270693343351781,0.0023961335730331664,0.0036217991141514866,0.00015333270434470696,0.2623827583496048,0.2623770398291887,350
1.4330889531099136,0.032523161826213,0.00216162237907579,0.0036269090103187864,0.00013790951932672694,0.26174348837980976,0.26173665562847276,351
1.443527063172209,0.03921483273547979,0.002113603089397858,0.003701349563959647,2.0789430762315643e-05,0.25455954282382737,0.2545381591439969,352
1.437945754609598,0.03835151996130116,0.0018868315328865067,0.003694239794041326,2.7307453218892294e-05,0.25522565337722397,0.255205865891818,353
1.4379807030356804,0.032394436707712644,0.002435576159662186,0.0036199122277967297,0.00015901402833993754,0.26261007646051115,0.2626043106350608,354
1.4334026083601072,0.032244993943565343,0.0021931663944632796,0.003626742338163772,0.00014105971992166551,0.2618768564831636,0.2618705389524478,355
1.441718445451413,0.038681636703366766,0.0020266716066822113,0.003702587782604729,2.064500066096138e-05,0.25454367699786873,0.25452355494851786,356
1.4363196461361627,0.03782084347069566,0.0018178309147359364,0.0036941035951760896,2.764300367942049e-05,0.25525766142685324,0.25523841462383773,357
1.4381739506605193,0.032066484505771195,0.002455727555918683,0.003617827698893997,0.00016337585164959424,0.2627818563459927,0.26277594090998274,358
1.433356558238075,0.03193347582659821,0.0022016723073936973,0.0036256633864962954,0.00014448820673726773,0.26202032473510045,0.26201402700920357,359
1.440466736103859,0.03824162382856846,0.0019691450843287387,0.003704287896175785,2.0411337794126473e-05,0.25451789085681875,0.2544986503309223,360
1.4351982907433862,0.037411907730897684,0.0017659626966989158,0.003695508903146417,2.7247569642950318e-05,0.2552199204632782,0.25520150322654017,361
1.4379462970867953,0.03175020760605947,0.0024525316928648037,0.003616304676935425,0.00016601403805262266,0.26288464349730417,0.2628787102655797,362
1.4330022200279373,0.031599029793944355,0.0021913145306329965,0.003623672131998072,0.00014768896663815056,0.26215273494478303,0.26214627191503154,363
1.4396252739595419,0.03786279039172197,0.0019349093391450084,0.0037053527438672264,2.018950561333288e-05,0.2544932733739817,0.25447441700200396,364
1.4345239924047528,0.03708423914192339,0.001731880833043703,0.0036977529380629376,2.6313462327916006e-05,0.25512966493329886,0.2551118612668047,365
1.4372675583119876,0.03145823882671329,0.002424462051195236,0.003616201794874565,0.00016666768348351434,0.26290998386844516,0.2629040669237435,366
1.4323597913223578,0.03126889788253504,0.002162824117155621,0.003622170634496691,0.00015030496994792366,0.26225989273802686,0.2622532708530753,367
1.4390232027310705,0.03752476913549881,0.001916529343046688,0.003705663404227842,2.0136240056167146e-05,0.25448734220404096,0.25446874523164115,368
1.434070761439986,0.03677242518408182,0.0017090213156002365,0.003699348241084361,2.5219960025873695e-05,0.25502194783185506,0.2550047079875052,369
1.4363268680927206,0.031178371677578965,0.0023845580602719465,0.003616731793405032,0.00016548799661699696,0.2628642137970805,0.2628584164730379,370
1.4315128997050794,0.030961948007376325,0.002121631889364679,0.0036219090781750194,0.0001520341048534014,0.26233021106280835,0.26232353331016195,371
1.4385837814523215,0.03724024328016734,0.0019101661318071273,0.0037063853566139016,2.0384914964057183e-05,0.254514965665878,0.2544965404940877,372
1.4337129937043476,0.03647278713555655,0.0016948262416378698,0.0037004387866107374,2.4413697858742346e-05,0.2549410219447744,0.25492413751668047,373
1.4353197441845311,0.030893323096837202,0.002344669390897932,0.0036168244412386245,0.00016309797152814535,0.2627709816195994,0.2627653104888655,374
1.4306403025760344,0.030662322497871656,0.002082247900227481,0.0036216291615033536,0.00015243404319190577,0.2623464182333139,0.2623398471473584,375
1.4381373683410765,0.03697846931324987,0.0019051810461425168,0.003707129366020407,2.0850760812682672e-05,0.2545662633315089,0.25454822818909484,376
1.4333324619753762,0.036192595722933166,0.001685347885879816,0.00370153488090082,2.419474283444157e-05,0.2549188151860424,0.25490232342481306,377
1.4343485200706394,0.030618155884437063,0.002305979184710512,0.0036170998642545645,0.0001608151422410684,0.2626812910321098,0.2626757592394552,378
1.429826548160519,0.030378619855774298,0.0020489004194689363,0.0036215685789077433,0.0001517950525682499,0.26232051348638724,0.2623141481974934,379
1.437567178886904,0.03670078675664957,0.0018935748750494724,0.0037076123179677046,2.136103387560535e-05,0.25462179985239575,0.2546043627081684,380
1.4328070758639124,0.03590001231271336,0.0016739265172381968,0.003702062810278562,2.4496539879907114e-05,0.25494939793105253,0.25493339096705836,381
1.4335266186204243,0.030345434114149965,0.0022741309947989135,0.0036170821197459356,0.0001593815943537171,0.26262464234557625,0.2626192212605465,382
1.4291351397877894,0.030110036186453415,0.0020240782445127966,0.003621607270018065,0.00015068824339165723,0.26227551397667964,0.26226932927087776,383
1.4368459552668262,0.03640022474061108,0.001872606609358248,0.00370802425529874,2.1825926826811365e-05,0.254671822645051,0.25465507084782435,384
1.4321251447559606,0.0355934643674228,0.0016577804040968469,0.003702190891347615,2.517172686144262e-05,0.25501714329688147,0.25500178494775294,385
1.4328825859078234,0.03007015774740966,0.0022505579891242506,0.003616619637206679,0.00015908844214570527,0.2626130266845712,0.2626077991587451,386
1.4285876353144986,0.02985133962648985,0.002008035985287428,0.0036214789103097074,0.00014962370686080067,0.2622320769643099,0.2622261250118907,387
1.4360065018266845,0.03607220798707201,0.0018435780691719215,0.0037084162190197663,2.2160833893008866e-05,0.25470752948934033,0.25469149300082294,388
1.4313600738307302,0.03527344530610225,0.001638184872685529,0.003702286201895479,2.5963586881688855e-05,0.25509544766254044,0.255080722203773,389
1.4323473056781586,0.029795133887689212,0.0022313087557746577,0.0036160110440602144,0.00015968075116727163,0.26263648492134073,0.2626314224937686,390
1.4281459361769804,0.029595898584610314,0.001997733509062424,0.003621142098797427,0.00014892067714356976,0.2622033059923764,0.2621975685724762,391
1.4350883524017708,0.035724893025636174,0.0018085277788996745,0.0037085562257244513,2.235634503611371e-05,0.2547282496799676,0.2547129370536632,392
1.4305568497281445,0.03493876480227528,0.001615674201754768,0.0037021481550864556,2.6668594103801564e-05,0.2551641644148692,0.2551500852074683,393
1.4318593844306708,0.029521792502850714,0.0022135479631316167,0.003615308204756745,0.00016073837324769713,0.26267826381046305,0.262673358447865,394
1.4277381195561762,0.029346116190599538,0.001987845819339919,0.003620886325310172,0.00014871584475623727,0.2621949106087842,0.262189371990999,395
1.434189861301742,0.03538195953390267,0.0017733074104056648,0.0037088218518476984,2.2470500747558087e-05,0.25474030597615366,0.2547256981020598,396
1.4297962409264837,0.034602963799949364,0.0015934924941861126,0.0037019808817935753,2.717323137079609e-05,0.25521279496727006,0.2551993361819776,397
1.4313542697267787,0.029246767719165772,0.0021949668679816783,0.0036144273974538232,0.00016171956041940365,0.26271690058227254,0.2627121246735558,398
1.4273134523743012,0.02909601175670595,0.001976073271734385,0.003620515494035908,0.00014877759027607832,0.2621974419562496,0.2621920739947002,399
1.4333734789171766,0.03505617756316418,0.0017418100509535525,0.0037092161922969305,2.254292045884133e-05,0.254747938548343,0.25473401374873655,400
1.4291294358890527,0.034280781164380526,0.0015743117375783832,0.0037019876972443394,2.7485191604931938e-05,0.2552426321256533,0.25522978535010166,401
1.430793282057167,0.028973727619475937,0.0021735346577042456,0.003613526097945779,0.00016239412394274832,0.26274339530669705,0.2627387481953476,402
1.4268470042111747,0.028845957269234623,0.0019613205661873,0.0036200096359975944,0.00014890551583017484,0.26220268477959563,0.2621974919086277,403
1.4326590775114474,0.03475008210890955,0.0017155748436877523,0.003709662841021282,2.2599754996308844e-05,0.25475391996107516,0.25474067974355397,404
1.42856534171969,0.03397813434939134,0.0015589340961045866,0.00370219592747052,2.7649788264428925e-05,0.2552583065966553,0.2552460478267735,405
1.4301660929962887,0.028704611769046817,0.002148732834232785,0.0036127172411989238,0.00016267740030138697,0.262754505098254,0.2627499574766204,406
1.4263239059661075,0.02859576613945848,0.0019430924558714157,0.0036194129990947204,0.00014893057592733992,0.2622037115635916,0.26219866336205816,407
1.432049430228102,0.03446015326995184,0.0016950518707613896,0.003710057153949668,2.2643474391074444e-05,0.2547585159862161,0.2547459372009694,408
1.4280819470850041,0.0336910424100496,0.001546800478890455,0.0037024632015216323,2.7719405294816873e-05,0.2552649221546778,0.2552532551358489,409
1.4294998153032215,0.02844038480057881,0.0021220920300378822,0.003611976513695262,0.00016263846729090478,0.2627529787614857,0.26274854252415625,410
1.4257503580453326,0.028346935863629946,0.0019217939603483531,0.0036188036815275534,0.0001488241872548833,0.2621993519194621,0.26219445023017957,411
1.4315439903440457,0.03418426833968874,0.0016804188575068556,0.003710485241271815,2.2679384032663493e-05,0.25476228768898557,0.25475033511300565,412
1.4276656554962206,0.0334184333146154,0.0015374861927319413,0.0037028222205193312,2.7730038637149223e-05,0.2552659318868695,0.25525481551904844,413
1.4288139725552598,0.028181268408432165,0.0020946700821766816,0.0036112690692016425,0.00016234349125317883,0.26274140852704986,0.26273707771469074,414
1.4251356958118062,0.02809839268282743,0.0018981906682344054,0.003618084500963703,0.0001485610093145786,0.26218856059239887,0.26218380445370587,415
1.4311302754914292,0.03391735405576226,0.001670953453178592,0.003710846116813488,2.2691336968733492e-05,0.2547635424810464,0.2547521765616937,416
1.4273002436336415,0.033158193788541325,0.0015302025644714843,0.003703245137624305,2.7694899837239043e-05,0.2552625944017413,0.25525198497939194,417
1.4281152534804085,0.02792883718850573,0.00206645942084062,0.00361066889117996,0.00016189460860744622,0.2627237812228695,0.26271955869064195,418
1.424475386085537,0.027851413662483636,0.0018717402589503883,0.0036173591664683574,0.0001481942807996711,0.26217350733353667,0.2621689103276337,419
1.4308048723028468,0.03365862088211996,0.0016662814250083602,0.0037111581700127834,2.2665091656351993e-05,0.25476078687365356,0.25474997444073083,420
1.426978785265411,0.03290699232106086,0.0015244611506122537,0.0037036437057416218,2.759277829570725e-05,0.2552528828557,0.2552427271302318,421
1.4273963959544336,0.027681126438820706,0.0020371372742943386,0.003610091355807408,0.00016127992287442552,0.2626996032565756,0.2626954802502997,422
1.423756541069022,0.02760485301045268,0.0018416804243498207,0.0036166443781864527,0.00014771438619207966,0.26215378073654777,0.26214934521835687,423
1.4305724706101244,0.033411633076284586,0.0016662825181655945,0.003711513789443304,2.258711074898241e-05,0.25475258989909527,0.25474229402317944,424
1.4267074325265119,0.032667106335765396,0.0015204181900440616,0.0037040786571393624,2.741534161622507e-05,0.25523596615881206,0.25522622729940975,425
1.426640530717954,0.027436807778467846,0.002005644859316031,0.0036095252951290875,0.00016050447313664784,0.2626690359987115,0.2626650192408495,426
1.422971091895665,0.027358544782446557,0.0018075390683866578,0.003615948928554555,0.00014710053990997176,0.2621285011402882,0.26212423590144784,427
1.4304315569334696,0.03317885808890113,0.0016704246074483575,0.0037119667376290864,2.2439433227622467e-05,0.2547370278896817,0.25472720222379774,428
1.4264979415091683,0.032441143088912085,0.0015185239995765465,0.003704592894592289,2.715099505600456e-05,0.2552106616716118,0.25520128461694674,429
1.4258245593525187,0.027193634791640168,0.001970636059336895,0.0036089495464258475,0.00015954985397073954,0.2626313045237117,0.26262738422090964,430
1.4221156021274235,0.02711173400283263,0.001769253446158206,0.003615257795974616,0.00014630692361036873,0.2620957398951188,0.26209163808619906,431
1.4303729397756695,0.0329617134072342,0.001677786947316933,0.0037125324461536225,2.220864417315352e-05,0.254712604818267,0.25470320151824843,432
1.4263580786356476,0.03223045369204767,0.0015192322322710723,0.0037052247087306645,2.6804261608658384e-05,0.2551772832266217,0.25516823226866286,433
1.4249333217861768,0.026950788852806516,0.0019310684475742357,0.0036084072480130473,0.00015843810905666407,0.26258722006865154,0.2625833964985332,434
1.4211961423118475,0.02686596795415629,0.0017271330690707396,0.003614639934584054,0.00014532455217120883,0.26205506334165063,0.2620511158315906,435
1.4303815173703307,0.03276003466916133,0.0016873400237565948,0.0037132344785873995,2.1895076676107073e-05,0.25467921752818856,0.25467018299977945,436
1.426287222299616,0.032033525198309216,0.00152267365151736,0.0037059423297527224,2.63845270554974e-05,0.25513658710190895,0.25512782495889463,437
1.4239697327691434,0.026706876695754844,0.0018871863735770323,0.003607854044067786,0.00015717670763205118,0.26253701350529907,0.2625332821290811,438
1.4202321530927595,0.026622062539917876,0.0016824040335441381,0.0036141003897537972,0.00014415059150897739,0.26200627300659857,0.2620024632414991,439
1.4304384477768743,0.03257264751181069,0.0016981452086810137,0.003714088775988269,2.1518164750308163e-05,0.25463876758959836,0.25463005379584086,440
1.4262788950786045,0.031848856106027515,0.001528877492708338,0.003706771159027577,2.5924454131130068e-05,0.2550916062427421,0.25508311408593326,441
1.4229502461639312,0.026462677396864486,0.0018398630939319275,0.003607324171812586,0.00015581465282512983,0.2624825739663392,0.26247894146651374,442
1.4192495066488144,0.026381574277712247,0.0016365820089470427,0.003613664096594816,0.0001428148897289619,0.2619505183874576,0.26194683489947385,443
1.4305245186699644,0.03239586326451545,0.0017095195289887556,0.0037150584501233963,2.110428500259769e-05,0.25459394003036584,0.25458550388294154,444
1.4263197822200764,0.031672858263255374,0.0015375070064636478,0.003707668273071671,2.5451360603241384e-05,0.2550449341525179,0.25503668725042605,445
1.4219007700735053,0.026218781466138704,0.0017906914160994549,0.003606816740731012,0.0001543768888427719,0.26242484965071095,0.2624213122631654,446
1.418271769197445,0.026145164609228173,0.001591089978239308,0.003613332063024547,0.00014134679972166336,0.2618889360214303,0.26188536417566693,447
1.4306274288279488,0.03222571181647491,0.0017213666132295745,0.0037161027589211306,2.0685021242276522e-05,0.25454807885180947,0.2545398956872547,448
1.426395198284708,0.03150206593125733,0.0015482275775646028,0.003708618463420572,2.4998059325528797e-05,0.2549998059287865,0.25499179977646286,449
1.4208481873868557,0.025977251963394656,0.0017411895229011206,0.0036063881303115414,0.00015290457805463472,0.2623654590717302,0.26236202029720507,450
1.4173138322455103,0.025913746428065054,0.0015467286953740743,0.0036131422326885283,0.00013978859039847258,0.2618232225048196,0.261819754033047,451
1.4307435919323752,0.032058747750261005,0.0017340491208846232,0.0037171816658957144,2.0284376360886952e-05,0.25450381797599403,0.2544958713771746,452
1.426490944455116,0.031332757420256284,0.0015605610933418358,0.003709560995613679,2.4580716593876507e-05,0.2549578943709882,0.25495011718139704,453
1.4198171993891437,0.02573905040152033,0.0016929112805517186,0.0036060239379089617,0.00015140424498665713,0.26230464322874325,0.2623012955433002,454
1.416384705183252,0.025687052201431634,0.0015040399846518366,0.0036130769846001855,0.00013816371247769526,0.2617543061248929,0.26175093414470474,455
1.4308687768477346,0.031892113034939315,0.0017478375981772982,0.0037182771716366245,1.9923895047364162e-05,0.2544636190526706,0.2544559084505281,456
1.426590457810296,0.031162955002780726,0.0015739067637123394,0.0037105057044650273,2.4225483351257337e-05,0.25492193898288645,0.25491439209012523,457
1.4188273377743694,0.025505770615298146,0.0016468833668827048,0.0036057655506035687,0.00014993182577001526,0.26224466519632184,0.2622414078880349,458
1.415489478047848,0.025464824849706788,0.0014632734504724455,0.003613125653097033,0.00013651097679648086,0.261683791199627,0.2616805186883591,459
1.4309893796716646,0.031721777922038716,0.0017622693509502531,0.003719335051023665,1.961254685398863e-05,0.25442860552025,0.2544211308365942,460
1.4266704913927315,0.030989091094032646,0.0015871206278667298,0.0037113849633353875,2.3942540882669696e-05,0.2548931115747211,0.25488578249621463,461
1.4178924833891178,0.025277132250053805,0.0016039359696059293,0.0036055658415426245,0.00014852707093888324,0.26218716829041444,0.26218399268332904,462
1.4146308597209365,0.025246040364801207,0.001424609363036046,0.0036132483880250083,0.0001348566739266142,0.2616127806285409,0.2616096148998779,463
1.431082725765243,0.03154508435636059,0.001776180143534651,0.0037203415994045436,1.9358549238923293e-05,0.25439983513769815,0.2543926038451684,464
1.4267071302243424,0.03080941313311798,0.0015990300721631955,0.003712194606901766,2.375173399499042e-05,0.25487357507328967,0.25486646314168515,465
1.4170159354386813,0.025052966716301597,0.0015640999078156029,0.0036054169336895664,0.00014726465908006454,0.2621352651013509,0.26213217560018853,466
1.413809791440271,0.025030409441502584,0.001388082252533509,0.003613439356065404,0.00013322112623976817,0.2615421456514709,0.26153909979104556,467
1.431122161305177,0.03135978937317725,0.0017879103972998065,0.003721260489049758,1.9158244797707396e-05,0.25437701322795664,0.2543700160183828,468
1.4266809120058561,0.03062124737164408,0.0016085765824410707,0.003712854748701232,2.3655748967968225e-05,0.25486371760775317,0.25485679996741395,469
1.416194290544855,0.024831174597099062,0.0015272257793084965,0.003605225637267927,0.00014617303761318648,0.26209020420064055,0.2620871976939777,470
1.4130312762349455,0.024817877568964964,0.0013540547060663004,0.0036136868279020235,0.00013159334920807554,0.2614714144379878,0.26146849815356904,471
1.4310821731085206,0.031164653164216065,0.0017960067126251773,0.003722089523531938,1.9019990304928375e-05,0.25436119138595503,0.25435441976346196,472
1.426577745945618,0.03042291226404651,0.0016153356962126605,0.0037133568002448536,2.3682913077647797e-05,0.2548665093319183,0.254859775703448,473
1.415427866591509,0.024611409794179098,0.0014931842449225562,0.00360498700610216,0.0001453231355973981,0.2620550045871994,0.26205209050078887,474
1.412307945213611,0.024609597812105824,0.0013232799010511093,0.0036140171480749483,0.00012997860092158606,0.2614008158007042,0.2613980381599925,475
1.4309398877759412,0.030955432251615834,0.001799450778895366,0.0037227434939533614,1.8956117893008035e-05,0.2543538624108954,0.25434729349563256,476
1.4263795810370297,0.030208690668272822,0.0016187913880416124,0.0037135637080047902,2.385683169147301e-05,0.2548843455745343,0.2548777632012589,477
1.414733698029611,0.024393140576066705,0.0014630740232987175,0.0036046212137633244,0.00014474819952125438,0.26203113458994015,0.2620283069596149,478
1.4116589344027097,0.02440611820432437,0.0012969525146560186,0.003614416239836842,0.00012839822461699425,0.2613312940398259,0.2613286605517765,479
1.4306702158854292,0.030726256624796625,0.0017975605865312295,0.003723158937899082,1.90014658419791e-05,0.25435906708390443,0.25435269450966796,480
1.4260563470521204,0.029972637790475345,0.0016180680684896817,0.0037134218018619104,2.4235687350818912e-05,0.2549229754570604,0.25491653339322257,481
1.4141434640526276,0.024178676317962642,0.0014385728462994552,0.0036041573592182534,0.0001445576142084941,0.2620232114764939,0.26202047522558397,482
1.4111058528792852,0.02420778083542218,0.0012763344921009,0.003614864641187014,0.00012693312247523799,0.2612664600685059,0.26126398091617953,483
1.4302306099734592,0.0304675471128702,0.0017884866920978364,0.0037231995517087633,1.9177894860012475e-05,0.2543792573411496,0.25437306362598466,484
1.4255549160356906,0.029704567104268345,0.0016106187048632137,0.0037127410503297415,2.485449990721129e-05,0.2549854287586136,0.2549790868708238,485
1.4136996473435022,0.023968221901064544,0.0014222431293625434,0.003603470207058157,0.00014484568218505313,0.2620351851745228,0.2620325277977771,486
1.4106773951867484,0.02401366233919348,0.0012631693716799054,0.0036152555633844354,0.00012571341849941634,0.2612121995388691,0.2612098874242502,487
1.4295558540866509,0.030170688369641232,0.0017687806769661736,0.0037228387040060666,1.9508312018519197e-05,0.25441682148365985,0.2544108098278983,488
1.4248099594138404,0.029396724940958508,0.0015930320064242239,0.0037115059316657237,2.576595705827439e-05,0.25507601783470807,0.25506976274173004,489
1.413445219755014,0.023763128561860435,0.0014162585184990504,0.0036025223468513397,0.00014582355113512007,0.2620757422602141,0.2620731715137757,490
1.4104125426499554,0.023823406460621782,0.0012596932442484714,0.0036154693643878104,0.0001249631085765104,0.2611786899311373,0.2611765587947574,491
1.4285769115019105,0.02982638532534378,0.0017339624745224657,0.0037220126792504317,1.9969132422292056e-05,0.25446868352227947,0.2544628414767336,492
1.4237644764001631,0.02903918244998298,0.001561497446760941,0.0037095837538558174,2.6947042061586163e-05,0.25519105404148196,0.25518484063872676,493
1.4134269807542845,0.023561940147720905,0.0014233360311780511,0.0036010884258156923,0.0001476376140449706,0.2621506219612401,0.26214812600390536,494
1.410359796106174,0.02363605989177201,0.0012686655427302071,0.00361530099930737,0.0001249885340383538,0.26117982710234616,0.26117788069625725,495
1.427259116981609,0.02943227784826455,0.0016812304556150424,0.0037208544593091562,2.0526494442515403e-05,0.25453061744605693,0.25452497128885776,496
1.4224046904134575,0.028630603271628894,0.0015142120616654124,0.0037071543914286697,2.8347200165261466e-05,0.25532420887693763,0.25531804529315955,497
1.4136844623343152,0.023367060430275557,0.0014452406025774666,0.003599148020147878,0.00015047223213191855,0.2622667123603645,0.2622642966650524,498
1.4105569096822528,0.023450718023911767,0.001291893227522713,0.003614543635355801,0.0001261788481475703,0.26123293586501634,0.2612311644834122,499
1.4256301653195087,0.028992916250098647,0.0016108106735793664,0.0037194563025518003,2.1100691401011846e-05,0.25459354888958546,0.2545881197829999,500
1.4207767399224493,0.02817597743357461,0.0014516287724293472,0.003704318336813322,2.978308756456735e-05,0.2554573883465049,0.25545126194864914,501
1.414228116233781,0.02317874136324372,0.001482535495002845,0.0035965591094487227,0.0001542633990243644,0.26242028176106985,0.2624179174933849,502
1.4110032818127636,0.02326510620276435,0.0013286791405507422,0.003612981916311934,0.00012882625022747984,0.2613501652070567,0.2613485422239457,503
1.4237970101199822,0.02852943922618199,0.001527971080877928,0.0037181064184826774,2.1661113692488263e-05,0.2546541501579223,0.2546490017896708,504
1.4190032699012765,0.027698995935597652,0.0013786734454315334,0.003701545743611815,3.108652034113258e-05,0.25557552870507655,0.25556949289726844,505
1.4149948436265145,0.022999747964364887,0.0015311324145752126,0.003593518975928456,0.00015880765894381242,0.2626018910860161,0.26259956286012054,506
1.411632282039823,0.023077912605811716,0.001374175833731057,0.0036106156308094843,0.0001329172528319431,0.2615289744917726,0.2615274612235773,507
1.4219274911712734,0.028070179260866877,0.0014418846886947827,0.0037168956222536995,2.2197968537334394e-05,0.2547114720138545,0.25470663090062745,508
1.417252227068964,0.027227532987186918,0.0013031387223520576,0.0036990332867827803,3.207266889246593e-05,0.25566327369040787,0.25565734123877104,509
1.4158483696855881,0.022827786523679037,0.0015838252651138177,0.0035901466434079495,0.00016350579892857896,0.2627869386065852,0.2627846009094489,510
1.4123163671149424,0.022888188308343188,0.0014204182229555578,0.0036076522238072286,0.00013796280804996824,0.26174575702328157,0.2617443105319824,511
1.4202044538820255,0.027647281410392393,0.0013634337465681223,0.0037160059874296885,2.27681891430564e-05,0.25477160236640234,0.2547671014240129,512
1.4156915539343902,0.02679337053990608,0.0012341898981854222,0.003697166615830651,3.271027149171285e-05,0.25571928942192235,0.2557135189336969,513
1.4166077250317721,0.02266241892249953,0.0016308716209000509,0.0035868924644060452,0.00016770330263458978,0.2629500309897154,0.2629476657093235,514
1.4129004882540943,0.022696915765582765,0.0014586726321839634,0.0036045205175685717,0.0001431464465844974,0.2619643824155072,0.2619629649751424,515
1.4187635183244924,0.027279664029801646,0.0013002950602136816,0.0037153958002113384,2.3367348898206064e-05,0.2548339785785837,0.2548297943217811,516
1.4144274024004526,0.0264133718068052,0.001177820589095931,0.003695934774143906,3.2978706382838285e-05,0.2557427089759832,0.25573710758832163,517
1.417122561698151,0.0224997361447805,0.0016652060104078033,0.003583980100802848,0.00017071953283918792,0.2630659684998544,0.2630635495481112,518
1.4132610013840194,0.022505397659013632,0.0014829656108182102,0.0036016165811841153,0.0001476430220507931,0.2621508444994903,0.2621494338052868,519
1.4176675932942169,0.02697622693286383,0.001255889611076753,0.0037151745878890134,2.3983484361269162e-05,0.2548972935751565,0.2548934159394488,520
1.413496542563307,0.026096961956339343,0.0011367829158073852,0.0036955033222822674,3.2964594695549226e-05,0.2557414801833281,0.2557360950817216,521
1.417309982814167,0.0223392029327022,0.0016827438641651897,0.0035817186572781805,0.00017226512033393884,0.26312498077461216,0.26312251564834005,522
1.4133384333219556,0.02231560971572426,0.00149121729116178,0.0035992194155013623,0.00015091033108023203,0.2622845566090206,0.26228314227118443,523
1.4169070215787032,0.02673092040515488,0.00122909871222017,0.003715260560680663,2.4550486784902667e-05,0.25495484477909275,0.25495123624484173,524
1.412869597461697,0.02583899154322166,0.001110070746683437,0.003695699532978767,3.27336916453423e-05,0.2557213365261399,0.2557161786971784,525
1.417175248226485,0.022179051714575237,0.0016841834448904345,0.003580098591931416,0.00017233309317682828,0.2631275699646518,0.26312506558468823,526
1.4131449365038335,0.022129402194164812,0.0014850535192674449,0.0035974256300913094,0.00015279140424287165,0.2623608820171892,0.2623594695739305,527
1.4164276789705685,0.02653398364541435,0.001216822642732269,0.0037156925250785384,2.505252244315929e-05,0.25500524948860287,0.2550019004275567,528
1.4124863568903159,0.02563175967719101,0.0010954210864872478,0.0036964978446978546,3.2419928029721974e-05,0.255693850018197,0.2556889583486855,529
1.416776847348752,0.02202016997201414,0.0016722168688207422,0.003579133652042741,0.0001712419763492378,0.26308594575677424,0.26308342746099955,530
1.4127372578789665,0.021948232936116332,0.0014681106054318352,0.0035961991174401197,0.00015339438442661362,0.26238524866228424,0.26238384492705774,531
1.4161519215907419,0.026369766354823083,0.0012146778407572199,0.0037163216269777166,2.546537663588985e-05,0.25504632308080744,0.25504320814037423,532
1.4122698530465518,0.02546112925787464,0.0010894835641640588,0.0036976234853512376,3.211351913794266e-05,0.2556668791356392,0.25566226095962713,533
1.4162032328997778,0.021862337739272517,0.0016511765973071676,0.0035786593402313775,0.00016940008821277302,0.26301537891160964,0.2630128691632661,534
1.4121913974163265,0.02177343648564121,0.0014445570748960008,0.0035954635212604486,0.00015301141451065154,0.26236977827249347,0.26236839833246933,535
1.4160026798955987,0.026225486659791474,0.0012187184362177851,0.0037171145129470127,2.5811236630515245e-05,0.2550804760240075,0.25507758718538764,536
1.4121508337323818,0.02531503978735727,0.0010893477133090306,0.003698949022920341,3.1906449512909706e-05,0.2556485794243252,0.25564424806000013,537
1.4155363816158404,0.021706187329683234,0.001624846285943225,0.003578568018384207,0.00016723722787287482,0.26293202334798677,0.26292954871440494,538
1.4115770267707415,0.021605133931831284,0.0014180648570154928,0.0035950951745260537,0.00015194842127826472,0.26232673603506884,0.2623253895791953,539
1.4159123982991892,0.026088030634745626,0.0012253515957179398,0.003717921795182666,2.6090357359793534e-05,0.2551078720970472,0.2551051859599454,540
1.4120696597422637,0.025180591920083397,0.001092162077178742,0.003700244244725286,3.1824106504383884e-05,0.2556412858910344,0.25563722731304334,541
1.4148443852161725,0.02155158569205981,0.0015965454426258635,0.003578703269892919,0.00016508938896286497,0.26284871156820266,0.2628462944885979,542
1.4109484789367248,0.02144337954442246,0.0013912231706165639,0.0035950130077539028,0.00015052658886335164,0.2622689277796942,0.2622676290458673,543
1.4158320914198872,0.02594940734101818,0.001232130922332369,0.0037187181349835315,2.6323816396510597e-05,0.2551306740684349,0.25512817417727796,544
1.4119863678585374,0.025048974374551985,0.0010958895388476038,0.0037014335970328863,3.1869486757768026e-05,0.2556453066132645,0.2556415022258666,545
1.41416978982456,0.021398539344836397,0.0015683827041521243,0.003578969081026622,0.00016317032487505418,0.26277381403007943,0.26277147217128355,546
1.4103398355542731,0.02128701289953729,0.0013656479210644448,0.0035951118116027145,0.00014897804318545393,0.26220565619643016,0.2622044130165894,547
1.415729032848801,0.0258034132894097,0.0012373193580803084,0.0037194226940552226,2.651305893224665e-05,0.2551490833098957,0.2551467424801722,548
1.4118749262967596,0.024913204165336666,0.0010989256814338511,0.003702424539978214,3.200918559708466e-05,0.2556576660909853,0.25565408130668854,549
1.4135372347249964,0.02124689034179496,0.0015417050642647701,0.003579281850808676,0.0001615829321972301,0.26271152753201715,0.26270927353576007,550
1.4097697535358593,0.021135270684033515,0.0013420611807649482,0.003595340771124892,0.00014749520987526296,0.26214476059357544,0.26214358199930277,551
1.4155862917363067,0.025648110827065092,0.0012401155490735082,0.003720042848676749,2.667355460443424e-05,0.2551646446735893,0.2551624380769782,552
1.4117246401097119,0.024769852116146334,0.0011004333538869628,0.003703221111832992,3.220819689607192e-05,0.25567522659424907,0.2556718227885339,553
1.4129545609866931,0.02109642360794225,0.0015170842161968852,0.003579597935068073,0.00016033114557505098,0.2626621935530559,0.26266003214910927,554
1.4092448931987434,0.020986851843167835,0.0013207264318711208,0.003595636722384787,0.0001461760171010061,0.26209032741909855,0.2620892160683516,555
1.4153968461027362,0.025482728680411598,0.001240200355865972,0.0037205539667485555,2.6813035334050934e-05,0.25517813048638704,0.25517602823155805,556
1.411532078276845,0.024617204278504317,0.0010999745208686246,0.00370382216549477,3.2434100535238014e-05,0.2556950944272451,0.2556918287000665,557
1.4124225297898445,0.020947188334487454,0.0014947219025758683,0.003579900377380307,0.0001593800117317688,0.26262457966554803,0.26262251230266215,558
1.4087656372132558,0.020841145348882213,0.0013015662813371486,0.0035959800921628263,0.0001450806341229956,0.2620449422631657,0.2620438998358538,559
1.4151611643880777,0.025308360451526492,0.0012377153469588132,0.0037209714889054604,2.694660351754161e-05,0.25519101180094417,0.25518898508623766,560
1.4113001613470655,0.024455320217158034,0.0010975339247706081,0.0037042586800842456,3.2665846593686125e-05,0.2557154043246026,0.2557122332324587,561
1.4119362943761273,0.020799135007654474,0.0014745460408801295,0.003580187045125365,0.00015866162617665105,0.2625960956719394,0.26259411837384977,562
1.4083284651146588,0.020697430416691955,0.00128441885366314,0.0035963447469098755,0.00014420963238004694,0.26200873150586884,0.2620077555664546,563
1.4148823696525255,0.02512612017173153,0.0012329273598956044,0.003721291752600463,2.708545929173756e-05,0.25520436925013373,0.2552023889528382,564
1.4110327238328177,0.0242850629914113,0.0010932477818294305,0.003704554718985278,3.2896894580134536e-05,0.25573558145091974,0.2557324648690669,565
1.411490334198902,0.020652447883828605,0.0014563690381444237,0.0035804730841297837,0.00015812161651068514,0.26257464180446843,0.2625727512461509,566
1.4079286923552923,0.020555537396063802,0.0012690489839819823,0.0035967305098329426,0.00014354687277263922,0.26198110482270476,0.2619801925021765,567
1.4145656997927474,0.024937475803931384,0.00122620064895495,0.0037215230603593716,2.7239318308366933e-05,0.255219130033671,0.25521716826994556,568
1.4107355479364316,0.02410770166917828,0.0010874046056227266,0.0037047329494756644,3.3125824949371264e-05,0.2557555038831862,0.2557524038189685,569
1.4110779610731765,0.020507100842862145,0.0014399361883217295,0.0035807701904152175,0.00015770409319528866,0.2625580290330644,0.2625562204833233,570
1.4075612695152677,0.020415317199040713,0.0012552508093833952,0.003597133962397828,0.00014305327956077026,0.2619604882659852,0.26195963534553085,571
1.414216518442027,0.02474358943959031,0.0012178896186448142,0.0037216667335421188,2.7414805674970013e-05,0.25523591497973086,0.25523394597221605,572
1.4104139330809538,0.02392473466994911,0.001080326273236517,0.0037048140137605286,3.335981202161871e-05,0.25577579535835704,0.2557726800179276,573
1.410693405336432,0.02036323106327732,0.0014249682449540228,0.0035810999257235555,0.00015737519182917333,0.26254492693598386,0.26254319831471906,574
1.4072211480815475,0.020276871422521978,0.0012427943137669312,0.0035975635914159993,0.0001426902009326273,0.26194530037013,0.26194450283909226,575
1.4138414742850667,0.024545500660170496,0.0012083776322169813,0.0037217250870865857,2.7613169307073703e-05,0.2552548234325307,0.2552528222727051,576
1.4100741435440851,0.02373757700931404,0.0010723598770380149,0.0037048109384122127,3.360150786058781e-05,0.25579668076234907,0.25579352074728495,577
1.4103308571599373,0.020220824532029776,0.0014111869400282265,0.0035814759023723164,0.00015710207793024695,0.262534036777122,0.26253238609527824,578
1.4069033960347157,0.020140260220148122,0.0012314562277960881,0.003598023891372019,0.0001424186812355283,0.26193392983201796,0.261933183670831,579
1.4134469965017562,0.024344112870237036,0.001198027516230979,0.0037217020779972475,2.783441080781782e-05,0.25527583271226617,0.2552737764844198,580
1.4097219254409348,0.023547776048883164,0.001063826294795987,0.0037047420582647698,3.385548113322995e-05,0.25581854630756085,0.25581531731753615,581
1.4099850010053274,0.020079926922019483,0.001398298039097756,0.0035819160696349086,0.0001568656035713465,0.2625245999365787,0.2625230271950158,582
1.4066029746385083,0.020005568516033405,0.0012209844390350046,0.0035985216198406314,0.00014220621881824594,0.26192502489801367,0.2619243262808908,583
1.4130403318370577,0.024140273453274318,0.001187200725431587,0.0037216008809604828,2.807336370980483e-05,0.2552984303062138,0.2552962957803238,584
1.4093637409773683,0.02335671485695041,0.0010550342696851892,0.0037046206535569694,3.411869767202352e-05,0.25584112126838876,0.2558378002682055,585
1.409650500118275,0.019940477885089024,0.001386015604251693,0.0035824307280695714,0.00015664539414304252,0.2625158057728235,0.26251431102653505,586
1.4063151993976137,0.019872846792419453,0.0012111325896755187,0.003599060748473809,0.00014202728285428166,0.26191751999596735,0.26191686532945035,587
1.4126283770437646,0.023934864537833996,0.001176242264796729,0.0037214293040882386,2.8325496948758254e-05,0.2553221703231631,0.2553199349281707,588
1.4090056491370329,0.023165818734033384,0.0010462648054787589,0.0037044662999651226,3.438817844354141e-05,0.2558641434535268,0.25586071046648956,589
1.4093224386590621,0.019802449507886257,0.0013740601989244126,0.0035830316928701475,0.00015642701776593895,0.26250707870631423,0.2625056627715195,590
1.4060352908961322,0.019742106125744015,0.0012016372522987186,0.0035996440975352207,0.00014186101236853658,0.26191054206862713,0.2619099277237069,591
1.4122184635292845,0.023728758761576856,0.0011654933523303393,0.003721194555980911,2.858314269488586e-05,0.25534632048187217,0.2553439604255872,592
1.408653779836235,0.02297635129331782,0.0010377698764937565,0.003704296175146086,3.46558289889784e-05,0.2558869201615937,0.2558833559056748,593
1.4089962877314193,0.01966579236238974,0.0013621812754853826,0.003583725555873376,0.00015619530761929216,0.26249781211329776,0.2624964755651535,594
1.405758990644021,0.019613346789113084,0.0011922530800192288,0.003600272104812134,0.00014169290580752633,0.2619034829275942,0.26190290533060817,595
1.411817016659212,0.02352287841578483,0.001155254396868581,0.003720907210095359,2.884039351293091e-05,0.2553703252706825,0.25536781619323035,596
1.4083133473788858,0.022789496781194168,0.001029758848676288,0.0037041299289814434,3.491470608020379e-05,0.2559088667340027,0.2559051537364008,597
1.4086681655316993,0.019530475727929465,0.0013501597250094406,0.003584517195917358,0.00015593825725857013,0.262487524064384,0.2624862673640403,598
1.4054823221451325,0.019486566084693152,0.001182748634862233,0.00360094393564871,0.00014151021657795828,0.2618958066804214,0.2618952620018709,599
1.4114301283009654,0.02331812646042696,0.0011457970005284573,0.0037205786001480844,2.9090396459428845e-05,0.2553935513772865,0.25539086753729245,600
1.407988971499258,0.022606227939312135,0.001022408623648995,0.003703985647802881,3.515682260844003e-05,0.2559293188992025,0.2559254408717306,601
1.408335117658883,0.019396528152777873,0.0013378282020887703,0.0035854079963282682,0.0001556456164151686,0.26247580123339453,0.26247462429194235,602
1.4052022331010814,0.019361786901077684,0.0011729406618260943,0.0036016566650929004,0.0001413045187524143,0.2618871577238806,0.2618866418820055,603
1.4110625953859284,0.023115342893561156,0.0011373361411898468,0.0037202204641960633,2.9328388527483272e-05,0.2554155690862072,0.25541268403596795,604
1.4076839497357332,0.02242732442692551,0.0010158425288092272,0.003703879758282465,3.537644342611238e-05,0.25594780996889716,0.2559437526064435,605
1.4079952338863637,0.019264051781517588,0.0013250749059130185,0.003586396764821302,0.0001553098741905979,0.26246233823127096,0.26246124026713646,606
1.4049161843489426,0.019239054554696607,0.0011626754340103873,0.0036024067199925043,0.00014106847315679917,0.26187722497710636,0.2618767335693547,607
1.410718466987197,0.022915322195336353,0.0011300462069616492,0.0037198468666846136,2.9550018652931545e-05,0.25543599288565866,0.255432880092554,608
1.4074006017220535,0.02225339266441607,0.001010141623788111,0.003703828153353461,3.5569025873349745e-05,0.2559639773535242,0.2559597288641996,609
1.4076476438580265,0.01913324169665545,0.001311839783935178,0.003587479165386107,0.00015492697522602605,0.2624469665069858,0.2624459458419085,610
1.4046226110388638,0.019118424949646814,0.0011518544952957097,0.003603187723427019,0.00014079804546737986,0.26186583521996576,0.26186536351564405,611
1.4104003795801776,0.0227187651520101,0.0011240301214103417,0.0037194709534044265,2.975234862744441e-05,0.25545457135139366,0.2554512052717202,612
1.407140007924856,0.022084845057439913,0.0010053332054386589,0.0037038430770179086,3.573184282037854e-05,0.2559776117990698,0.2559731635449435,613
1.407292307491876,0.019004363421532708,0.0012981044509097278,0.0035886473046970037,0.00015449560564837882,0.26242962612665316,0.26242868011216675,614
1.4043204152966533,0.018999967515006835,0.0011404051321663345,0.003603993833201982,0.0001404908308480006,0.26185288280748614,0.26185242594633834,615
1.4101102523350308,0.02252636594254463,0.001119349770168694,0.00371911016112949,2.993295693656623e-05,0.2554711019855753,0.2554674598629145,616
1.4069024791420177,0.02192199160091908,0.0010014105342657956,0.003703937171842839,3.586342115139103e-05,0.25598860761374387,0.25598395490384385,617
1.4069298671322565,0.018877738410807716,0.0012838806251096453,0.00358988985965575,0.00015401810412186894,0.2624104030604114,0.26240952797956624,618
1.4040092273310751,0.018883718381136578,0.001128298614812851,0.0036048163126658774,0.00014014694860398617,0.26183836764946866,0.2618379206745113,619
1.409848747080541,0.022338757627065903,0.0011159910805794548,0.0037187810627660038,3.0089740338963355e-05,0.2554854115924845,0.25548147492853923,620
1.4066874143738997,0.02176500511738955,0.0009983214982340971,0.003704118890867846,3.596310617067834e-05,0.2559969247261141,0.2559920671822994,621
1.4065612815981097,0.018753685478185747,0.0012691926814842563,0.003591191370554793,0.00015349959543221886,0.2623894953663262,0.2623886866045676,622
1.4036889814413254,0.018769705931966772,0.0011155222613043812,0.003605648714072634,0.00013976833434229153,0.26182236585215884,0.26182192406344335,623
1.4096157441684685,0.02215661559684366,0.0011138876979808823,0.003718505678395287,3.0220819200218394e-05,0.2554973465599522,0.2554931031584342,624
1.4064936675761586,0.021613968283745226,0.000995991338608479,0.0037043962932909063,3.603126103403404e-05,0.2560026045208754,0.25599754630277627,625
1.4061878079215648,0.018632481604717824,0.0012540774183401409,0.003592532173718122,0.0001529486084372816,0.2623672393215819,0.2623664913688576,626
1.4033603221181914,0.01865791217901563,0.0011021099675661825,0.003606482979616738,0.00013935842857251557,0.261805017093275,0.2618045761061336,627
1.4094097757543882,0.021980540789208632,0.0011128888545489854,0.0037183041391321645,3.032437218143304e-05,0.25550675695681524,0.2555022021626258,628
1.4063193247138135,0.021468800836727916,0.0009943118606198361,0.00370477178148103,3.606919382020504e-05,0.2560057633836345,0.25600051308316585,629
1.405810884475582,0.018514334783541683,0.0012385800880845266,0.003593889769096065,0.00015237657934970693,0.26234409086768673,0.2623433976740988,630
1.4030243759160086,0.018548327869519078,0.0010881232945281075,0.003607315547414398,0.00013892227512818248,0.2617865293928358,0.26178608551209276,631
1.4092282493035064,0.02181107887193928,0.0011127806200529275,0.003718198994007475,3.0399397628551e-05,0.255513564874793,0.25550870269249887,632
1.4061617542149256,0.021329252306931633,0.0009931512082564,0.0037052440762887474,3.607988445828687e-05,0.2560066533492692,0.25600122323836855,633
1.4054324092862849,0.018399354775741145,0.0012227754254128395,0.003595238563335145,0.00015179778415959523,0.26232062434130654,0.26231997938731905,634
1.4026832737359742,0.0184409210092005,0.0010736896931163736,0.003608142824528738,0.00013846605568815825,0.2617671600519479,0.26176671037994176,635
1.4090669349011589,0.021648559852164403,0.0011132657204093535,0.0037182067893597984,3.044608061609204e-05,0.2555177967175397,0.25551263997863316,636
1.4060173776926244,0.021194838500347295,0.0009923454847045533,0.0037058043620575506,3.6068279956050944e-05,0.2560056873008883,0.2560000926892305,637
1.4050547938234226,0.018287577281801037,0.0012067713685953204,0.0035965538459738237,0.00015122890581270444,0.2622975162456776,0.2622969129948625,638
1.402339982161213,0.01833569169837746,0.0010589860936404214,0.003608966569122928,0.00013799777774716024,0.2617472455387278,0.2617467883259124,639
1.4089202650399502,0.021493041004097848,0.0011139964895890268,0.0037183393223960666,3.0466718153004823e-05,0.25551966648929125,0.25551423615302804,640
1.4058816505038243,0.021064836127142536,0.000991700348688643,0.003706437035284815,3.604158772108483e-05,0.2560034646431111,0.2559977222930341,641
1.4046813074184719,0.01817895581783993,0.001190735804433433,0.0035978118287180133,0.00015068800443216175,0.262275504243499,0.26227493629517973,642
1.401998552756406,0.01823262784269887,0.0010442591609110168,0.003609788730403424,0.0001375270756201773,0.2617271938510531,0.2617267286408886,643
1.4087813228525115,0.021344197332267625,0.001114583427926522,0.003718596932450934,3.046593239157903e-05,0.2555195953104896,0.25551391887360747,644
1.405749176517162,0.020938312649886513,0.00099099479115135,0.0037071195586488646,3.600898230327956e-05,0.2560007484785883,0.2559948755513635,645
1.4043158547053074,0.01807340801104067,0.0011748818721594647,0.0035989950213000587,0.0001501934620138926,0.2622553442225787,0.2622548058066379,646
1.4016636440824495,0.01813173431404784,0.0010297908995817472,0.0036106147640905272,0.0001370655264545932,0.26170749872750765,0.26170702654662753,647
1.4086425762400698,0.021201317507807047,0.001114644146910726,0.00371896929938218,3.045064694077768e-05,0.2555182104835515,0.2555123190691496,648
1.4056140443644836,0.020814185824193518,0.0009899923472751451,0.0037078239088580876,3.598072857640767e-05,0.25599839383305295,0.25599240592033234,649
1.4039629196653987,0.017970806769495896,0.0011594703095645174,0.003600091988109125,0.00014976202789777494,0.26223772968723263,0.26223721587233784,650
1.4013402481833017,0.018032985862471925,0.001015885355260975,0.0036114484243765367,0.00013662596365077737,0.2616887109490644,0.26168823421281556,651
1.40849655605137,0.021063344193922154,0.0011138385458866547,0.003719433653821153,3.042933892551722e-05,0.2555162794459234,0.2555102044963359,652
1.4054705018434692,0.020691358127101354,0.0009884669128415015,0.0037085206505363517,3.596693028849698e-05,0.2559972435575435,0.2559911536842778,653
1.4036268729844226,0.017871020403220476,0.001144765153305147,0.0036011018270460495,0.0001494071221690789,0.262223220613614,0.2622227277215144,654
1.4010329151645613,0.017936343123756887,0.0010028176646285545,0.003612293031104475,0.00013622172284492038,0.2616714062068339,0.2616709284164256,655
1.4083368247858778,0.02092900282779862,0.0011119134589733667,0.003719958402462792,3.0410922489427598e-05,0.2555146099127162,0.2555083792059986,656
1.4053135650249646,0.02056883506725846,0.0009862222163427568,0.003709181870711366,3.597599739543347e-05,0.2559979994494359,0.25599181667527965,657
1.4033115863950165,0.017773895898571604,0.0011310135968738738,0.0036020317414613154,0.0001491370831468172,0.2622121694692965,0.2622116951486907,658
1.4007453132956085,0.017841724219186644,0.0009908092378628091,0.0036131471398884027,0.0001358654832542056,0.2616561350049751,0.26165566013301833,659
1.4081587244042362,0.020796977758531975,0.001108727856518814,0.003720507281554243,3.040346536849812e-05,0.25551393374719883,0.2555075685229285,660
1.405139767628039,0.02044588128532845,0.000983120537213992,0.0037097873464199634,3.601336494501414e-05,0.25600111364206796,0.2559948432008589,661
1.403019729929505,0.01767928969286332,0.001118398884747799,0.003602897816294232,0.00014895435508469128,0.26220468578393935,0.2622042290872523,662
1.4004796839770493,0.017749019514825288,0.0009799925098391265,0.003614005352739096,0.00013556827384725466,0.26164337897035284,0.2616429107118839,663
1.4079598377089257,0.020666112570308513,0.001104258441236257,0.0037210459214625743,3.0413045835389624e-05,0.25551480242940666,0.2555083154793517,664
1.4049474064553902,0.020322105008236044,0.0009790861304210573,0.0037103267293147513,3.608065649123168e-05,0.25600671761374144,0.2560003612071621,665
1.402752614228583,0.017587049711475764,0.0011070300389868142,0.0036037189121324005,0.00014885566045912514,0.2622006418052136,0.26220020286136386,666
1.4002367479777595,0.01765807773594035,0.0009704072350772822,0.0036148564994815937,0.0001353386468788018,0.26163351395231904,0.2616330550243813,667
1.4077401169413941,0.020535594120584245,0.0010985879563625352,0.0037215483308217613,3.044295082157575e-05,0.2555175131011694,0.2555109093004352,668
1.4047367657417418,0.020197513494072943,0.0009741152183992288,0.0037108031141043878,3.617547542061916e-05,0.2560146051757883,0.25600816276158306,669
1.4025099241409025,0.017497034639976303,0.0010969197882103108,0.0036045139772228267,0.0001488330025951094,0.2621997132177404,0.26219929284538634,670
1.4000156458286275,0.017568721578810332,0.0009619968740132731,0.0036156866968621824,0.00013518195312967038,0.2616267774180841,0.2616263291407504,671
1.4075015939934012,0.02040507636724222,0.0010918750232670983,0.003722001769334966,3.0493407171129106e-05,0.2555220835896543,0.25551536182685974,672
1.4045097716094084,0.02007246104933731,0.0009682618160000199,0.0037112304952408304,3.629198923104944e-05,0.25602428329604854,0.2560177546061087,673
1.4022899601263414,0.017409089218475674,0.0010879976919549125,0.0036052954598483795,0.00014887528409655683,0.26220144598383965,0.26220104507104175,674
1.3998142191796297,0.017480749344841038,0.0009546287526935495,0.0036164811526128984,0.00013509961162977915,0.2616232358502174,0.26162279812540007,675
1.4072479556288067,0.020274702328370683,0.001084326986973357,0.003722408757765127,3.056178121482905e-05,0.25552827108731374,0.25552142779995896,676
1.404269752531069,0.01994754563880362,0.0009616384655969365,0.003711631643155771,3.642199633317414e-05,0.2560350639046471,0.2560284503606923,677
1.4020897469925138,0.01732305287130794,0.0010801131326878466,0.003606068878904434,0.00014896967550623148,0.26220531341286374,0.2622049324705168,678
1.3996292966951946,0.0173939653607777,0.0009481122228693143,0.003617229260428201,0.00013508859034877733,0.2616227617350085,0.26162233338804874,679
1.4069838369249148,0.020145012238687643,0.0010761681400818645,0.0037227847841602205,3.064343903680153e-05,0.2555356516361492,0.2555286840440748,680
1.4040207815420342,0.019823438199461894,0.0009543977261100558,0.0037120308626739755,3.655656663588045e-05,0.2560462026624883,0.25603950799859665,681
1.4019055472249984,0.0172387391074067,0.0010730677848591417,0.0036068313920822,0.00014910279206945874,0.26221076541701865,0.2622104042254667,682
1.3994572023111078,0.01730819608628631,0.0009422318154866144,0.0036179265496425277,0.00013514128595888228,0.26162502842830426,0.261624607763972,683
1.4067142229242935,0.020016749532203757,0.0010676244683962383,0.0037231531178053144,3.073285325041521e-05,0.2555437219672721,0.25553663077630695,684
1.4037672687427427,0.019700739022354634,0.0009467269935437709,0.003712450042918761,3.668753076791914e-05,0.2560570232596482,0.25605025370504003,685
1.4017332129648357,0.017155957896434815,0.0010666362384687896,0.003607577042253266,0.00014926125890849084,0.26221725251062983,0.26221691012647,686
1.3992941718670204,0.017223316624604287,0.0009367715187032907,0.0036185767963086146,0.00013524633235497172,0.26162954566416813,0.2616291310264712,687
1.4064437629639428,0.019890643379259856,0.001058905624108437,0.0037235374846393316,3.082491367387603e-05,0.2555520188827017,0.25554480902445176,688
1.4035133053009092,0.019579869720554383,0.0009388217930963885,0.0037129032053629363,3.6808747793136784e-05,0.25606702132789533,0.25606018447667933,689
1.4015687852937415,0.01707451371800415,0.0010606050526004412,0.0036082992919529554,0.00014943212436927978,0.26222424330456817,0.26222391821049895,690
1.3991367986594891,0.017139249384340662,0.0009315416210344701,0.0036191896743773895,0.00013538995433085281,0.2616357189004742,0.26163530906420146,691
1.4061764397178274,0.01976722129973942,0.0010502037974726235,0.003723956436588507,3.0915789923491314e-05,0.25556019693207815,0.2555528770080728,692
1.4032624006181103,0.019461069329282422,0.0009308716719352232,0.0037133975052996847,3.691655566535016e-05,0.25607589957663474,0.2560690033690695,693
1.401408786994837,0.016994236411427787,0.001054789303703103,0.0036089966315411724,0.00014960320724248286,0.26223123899049,0.26223092944283743,694
1.3989822310513784,0.017055962085947125,0.0009263877582541746,0.003619778211766036,0.00013555785394918406,0.2616429315015242,0.261642525791,695
1.4059152345904171,0.019646738969353227,0.0010416796830796245,0.0037244197798284593,3.100334524580452e-05,0.25556806476666755,0.25556064503970294,696
1.4030171183690119,0.01934443014866828,0.0009230322345688635,0.0037139333081419763,3.7009686561316565e-05,0.2560835587086274,0.2560766101749959,697
1.401250541442684,0.016914973298962372,0.0010490525053334892,0.003609671957671649,0.00014976372433740955,0.2622377989988972,0.2622375032889194,698
1.39882832503088,0.016973451270657483,0.0009211986296237945,0.003620354519069063,0.00013573675539813444,0.2616506118035979,0.2616502099532218,699
1.4056621805345884,0.0195291849280272,0.001033463230631788,0.00372492946990785,3.1086919093558334e-05,0.25557556446412005,0.25556805502997887,700
1.4027791087620518,0.01922998721367768,0.0009154166340285244,0.003714509067563241,3.708870499410614e-05,0.2560900496709063,0.2560830547110701,701
1.4010921641988403,0.01683660497506171,0.0010433022939091091,0.0036103328795263167,0.0001499051798125916,0.2622435770840303,0.26224329374879396,702
1.3986735873417249,0.01689173179574277,0.0009158999281070928,0.0036209273881628685,0.00013591565762911627,0.2616582870795463,0.261657888950813,703
1.4054182350291318,0.019414402736821514,0.00102563182122375,0.0037254823509309345,3.116682347739189e-05,0.2555827254524463,0.2555751348175182,704
1.4025490444771178,0.01911775037214022,0.0009080845463665521,0.0037151220398037007,3.715545111339516e-05,0.2560955271399113,0.2560884906001802,705
1.4009325646263566,0.016759024735200887,0.0010374890471355445,0.0036109865779726095,0.00015002228366700623,0.2622483584070277,0.26224808623204293,706
1.3985172041354206,0.01681083225244742,0.0009104554747346076,0.003621501591849231,0.00013608626236395874,0.26166560167175096,0.261665206993281,707
1.4051835328971745,0.019302153253759672,0.0010182178207748635,0.0037260743019642568,3.1243803996041935e-05,0.2555896157288352,0.25558195094055963,708
1.4023268105329096,0.019007741883060078,0.0009010489484545049,0.0037157709430932955,3.721260365734106e-05,0.256100213410803,0.25609313996716776,709
1.4007713135593418,0.01668215190354956,0.0010315943094721402,0.0036116382022595857,0.00015011353752730427,0.2622520829872844,0.262251820951124,710
1.3983589079478485,0.01673078806422539,0.0009048585240925301,0.0036220787014660384,0.00013624306268098194,0.2616723203640485,0.2616719286413162,711
1.4049572601987195,0.019192258981993126,0.0010111869780416926,0.003726702962546306,3.1318671380251944e-05,0.2555963087281039,0.2555885761475727,712
1.402111607210406,0.01889993035917887,0.0008942858633811486,0.0037164532017572327,3.726349908625611e-05,0.25610438359592974,0.2560972782998497,713
1.400608549453399,0.016605914256774955,0.00102562575085634,0.003612287488218595,0.00015018118638301538,0.2622548433846792,0.26225459053328687,714
1.3981990433390754,0.01665165353889152,0.0008991364384082468,0.0036226601216612503,0.0001363828539488492,0.261678306981273,0.26167791759459036,715
1.4047381124825886,0.019084511037251856,0.001004475429000882,0.003727367581645627,3.139230909316548e-05,0.2556028839978323,0.2555950907505629,716
1.4019021198615418,0.018794248258376382,0.0008877437292507083,0.003717165203081632,3.731203239592547e-05,0.25610835758579387,0.2561012263515436,717
1.4004449250567066,0.016530271734150934,0.0010196141617583234,0.003612931259308134,0.00015023049048636648,0.26225685483663597,0.2622566102529555,718
1.3980383568059034,0.01657348570929177,0.0008933382386101823,0.003623247416221027,0.00013650451179059674,0.261683514530765,0.26168312697352464,719
1.4045240603194005,0.018978798399015746,0.0009979662084500468,0.00372806826488305,3.1465774220344415e-05,0.25560943617668874,0.25560159068568,720
1.401696723851613,0.01869048370906268,0.0008813635846640779,0.00371789890537746,3.736259196398493e-05,0.256112494741428,0.25610534411290997,721
1.400281496704932,0.016455201752094504,0.0010136105041619898,0.0036135642320340136,0.00015026856499124436,0.2622584079305285,0.2622581707584547,722
1.3978781110219303,0.016496367579622955,0.0008875416868075641,0.003623844883290146,0.00013660853776079052,0.26168796550990764,0.2616875795746299,723
1.404313114680711,0.018874826126286586,0.0009915623518013234,0.003728801523615937,3.15406419966267e-05,0.25561610558987513,0.2556082176898001,724
1.4014934801683374,0.0185884227590926,0.0008750669625386438,0.0037186447161701016,3.741977490421194e-05,0.25611717049821336,0.2561100073191468,725
1.400119737457538,0.016380728147196884,0.001007688308433834,0.003614183463826397,0.00015030322530875962,0.2622598215855191,0.26225959113633845,726
1.3977196970218748,0.01642036308827753,0.0008818296784671635,0.0036244552459601103,0.00013669734981933208,0.2616917641876379,0.2616913800565043,727
1.4041027526027516,0.018772429029785723,0.0009851262527828695,0.0037295619548817134,3.161890173987173e-05,0.25562306871199986,0.25561514847971356,728
1.4012904962250665,0.018487699947432205,0.0008687874077768678,0.0037193899328379935,3.7488083969362616e-05,0.25612275133982776,0.25611558231432324,729
1.3999613348747935,0.016306897308043605,0.0010019342904510468,0.003614787997747284,0.00015034214440500716,0.2622614087447164,0.2622611845652715,730
1.3975648343225189,0.016345557862800154,0.000876301705851098,0.0036250821625143054,0.00013677490130003739,0.2616950802177684,0.26169469832715264,731
1.40389106496806,0.018671141509593345,0.0009785855941774233,0.003730338371849178,3.17030233593216e-05,0.2556305437889534,0.255622600925476,732
1.4010856286044624,0.018388125235048094,0.0008624249643397396,0.0037201250265251366,3.757144083075008e-05,0.2561295547008531,0.25612238622291844,733
1.3998081598687178,0.016233793811658008,0.0009964457906871515,0.003615379539728278,0.00015039266014695192,0.2622634685202414,0.2622632504150021,734
1.397415021843282,0.016271983908789592,0.000871041499320354,0.0036257236617048,0.0001368470028565405,0.26169816237092564,0.2616977832715176,735
1.403675576838925,0.018570841558241742,0.0009718052435236183,0.0037311221459868193,3.179531410755559e-05,0.2556387333779454,0.25563077625230374,736
1.4008771545849172,0.01828932666173197,0.0008559138859866635,0.0037208396217408395,3.7673071952133796e-05,0.2561378393553541,0.25613067767621656,737
1.3996620404884903,0.016161511900306874,0.0009913178632477398,0.0036159597580807342,0.0001504616733733652,0.26226628197023716,0.2622660699235907,738
1.3972719256682682,0.016199697931143623,0.0008661401803738843,0.003626378967347837,0.00013692027159429532,0.2617012935863645,0.2617009177450431,739
1.403454859224129,0.018471064957670088,0.0009647416559626369,0.00373190151538047,3.1898004208615036e-05,0.2556478318148308,0.2556398680709827,740
1.4006630847482116,0.018191254715652548,0.0008491412730504541,0.0037215291697403545,3.7795278616229216e-05,0.2561477864810214,0.2561406377737855,741
1.3995246656035019,0.016090146204240267,0.000986636648749138,0.0036165287572506636,0.00015055591611934252,0.2622701229056331,0.262269917009487,742
1.3971368029613935,0.0161286904724631,0.000861664001158102,0.0036270424412374377,0.00013700212352203779,0.26170479062273383,0.26170441844488773,743
1.4032268122728542,0.01837185339904856,0.0009572658159302355,0.0037326717421895294,3.201264959318996e-05,0.25565797221566083,0.2556500087213698,744
1.4004421907295903,0.018093540353939373,0.0008420611411017165,0.0037221860714076677,3.79397757140895e-05,0.2561595272313782,0.25615239790474553,745
1.399397593959811,0.016019800471572726,0.0009824807772092648,0.00361708632845542,0.0001506814687031661,0.26227523803040764,0.2622750383983239,746
1.3970109598212919,0.0160589829024186,0.0008576813327076896,0.003627712152791498,0.0001370995558299923,0.26170895195267246,0.2617085837913669,747
1.4029905523525317,0.01827285245732609,0.0009493543273936697,0.0037334246724321156,3.214062769880069e-05,0.2556692704732444,0.25566131423600147,748
1.4002129820450901,0.017996187064987623,0.0008345785313900443,0.0037228078106242516,3.810751314632697e-05,0.25617312831118283,0.25616602478066985,749
1.3992819921193909,0.015950534926046346,0.0009789074338423993,0.0036176301160852865,0.00015084374548016133,0.2622818461755618,0.26228165296658656,750
1.3968953132268804,0.01599054974600628,0.0008542383214135598,0.003628383920170971,0.00013721928325454626,0.2617140634817533,0.2617136997439987,751
1.4027447518153837,0.018174102800662385,0.0009409218873309186,0.0037341572668873483,3.228275098808793e-05,0.25568179117779666,0.25567384897443785,752
1.3999748072534355,0.01789887387362213,0.0008266722946929459,0.003723388341539725,3.8299022207054765e-05,0.2561886203799437,0.25618154923341563,753
1.399178945034396,0.015882436241181873,0.0009759703987213237,0.003618160885468953,0.0001510468007596647,0.2622901098758174,0.2622899232754569,754
1.3967905943701302,0.015923375127830493,0.0008513699905044018,0.003629055354068365,0.00013736717084425877,0.2617203741768025,0.26172001530848943,755
1.4024889871617137,0.01807540303684993,0.0009319572764591082,0.0037348640837090246,3.243961994814311e-05,0.2556955789826973,0.25568765751767286,756
1.3997269768432987,0.017801582597672904,0.0008182923527352823,0.0037239261863427956,3.851409974944041e-05,0.2562059729091771,0.2561989407223379,757
1.399088975482746,0.01581552340782091,0.0009736938244285485,0.003618677757658227,0.0001512934869824343,0.2623001417464367,0.2622999619982938,758
1.396697251970965,0.015857440216402476,0.0008490949108999926,0.003629723912606922,0.0001375481034704005,0.2617280903590653,0.26172773678416894,759
1.4022229989109771,0.017976686543284343,0.0009224464275112338,0.0037355421658165893,3.2611372668354573e-05,0.2557106368005989,0.25570274245499414,760
1.3994693757770857,0.01770421020021373,0.0008094284545392931,0.0037244200812907875,3.875204106318909e-05,0.2562251137389761,0.25621812717408776,761
1.3990123923921591,0.015749833138010497,0.0009720903766180485,0.0036191820532305136,0.00015158523979516377,0.26231199576815895,0.2623118231047749,762
1.3966153426228318,0.01579271221000013,0.0008474090970128453,0.003630386586841816,0.00013776578529885365,0.2617373670513814,0.26173701911975467,763
1.4019468541027214,0.01787796242831076,0.0009123875279674438,0.00373619088009374,3.279769762970169e-05,0.255726927416137,0.2557190663038193,764
1.3992022569398586,0.01760671910590058,0.000800086585167733,0.003724870340536204,3.9011642101213735e-05,0.25624593004293306,0.2562389958633687,765
1.3989490155775905,0.015685371137924918,0.0009711460478754192,0.0036196742935359944,0.0001519221253083149,0.262325669365528,0.2623255039637734,766
1.3965446755849698,0.015729180023156316,0.0008462946070717013,0.0036310426078109037,0.00013802220302945497,0.2617482851101535,0.2617479430582925,767
1.4016611649403894,0.01777921091047617,0.0009018139543511028,0.0037368103782677194,3.299795915769136e-05,0.25574438501126895,0.2557365631999145,768
1.398926172170262,0.01750917785149534,0.0007902828611673298,0.0037252788765870038,3.929133465386381e-05,0.2562682800395215,0.25626140494467775,769
1.3988982179001188,0.015622124640677203,0.0009708227265826647,0.003620154982835717,0.00015230266867622333,0.26234109673717143,0.26234093868292235,770
1.3964847143661758,0.015666834178143848,0.0008457148029481044,0.0036316926719524556,0.000138317460911748,0.26176084439620506,0.26176050836715786,771
1.4013667815036073,0.017680514575815126,0.0008907654434281993,0.0037374026680722697,3.321123174706171e-05,0.2557629186830166,0.2557551422182597,772
1.3986421173610817,0.017411622011972865,0.0007800642926808518,0.003725647014394872,3.958939748301842e-05,0.2562920106073511,0.25628520121201337,773
1.39885906345682,0.015560096119549111,0.0009710658673469561,0.0036206266593890265,0.00015272366215775921,0.2623581415333277,0.2623579908186483,774
1.3964345957957265,0.01560566868425617,0.0008456156587018083,0.003632339128963808,0.00013864975615386456,0.2617749631062634,0.2617746331739222,775
1.401064893552691,0.017581983450761236,0.0008793014857638262,0.0037379698533927842,3.34364608320648e-05,0.2557824268981168,0.2557747017452794,776
1.3983513826392544,0.01731413475169215,0.0007694934707393138,0.0037259764224565743,3.9903944444340565e-05,0.25631695689745787,0.25631021966265877,777
1.3988302035945535,0.015499280195775086,0.0009717997362814368,0.0036210933793207087,0.00015318001346190232,0.2623765913506871,0.26237644789351683,778
1.3963931527469478,0.015545690021519974,0.000845927200148137,0.003632986424942423,0.000139015224485993,0.2617904717668969,0.2617901479174548,779
1.4007570690131024,0.017483723904610612,0.0008675062742477674,0.003738513658950612,3.367248570155734e-05,0.25580279981574044,0.25579513182560804,780
1.3980554939682261,0.017216858093831333,0.0007586441365394613,0.003726269752705673,4.023292953267004e-05,0.2563429432862568,0.2563362845721325,781
1.3988099159135197,0.015439670499313054,0.0009729293113106435,0.0036215608780739887,0.00015366489040629085,0.2623961643425009,0.2623960279988736,782
1.396358887993034,0.015486907735466257,0.0008465622386663695,0.0036336402758573305,0.0001394080753271248,0.26180711968801557,0.26180680179183935,783
1.4004451095242922,0.017385882128572124,0.0008554757411703859,0.0037390361040590815,3.39179814906337e-05,0.25582391461910575,0.2558163095291833,784
1.3977562098369125,0.017119948070910652,0.0007476042576269311,0.003726530122289634,4.0574168987392454e-05,0.2563697856311961,0.2563632117884546,785
1.3987961480407023,0.015381269573614536,0.0009743423179524012,0.003622036629184617,0.00015416985851710114,0.26241651555457896,0.26241638610557355,786
1.3963299643280978,0.01542932981086163,0.0008474161754342802,0.0036343077243360953,0.00013982061431946718,0.2618245767078347,0.2618242644978366,787
1.4001310078189546,0.017288636029235773,0.0008433150114506392,0.00373953976832305,3.4171416831217805e-05,0.25584563228669216,0.25583809583520634,788
1.3974554534918604,0.01702357727583139,0.0007364716893562028,0.0037267610871142393,4.092537477785856e-05,0.2563972943325955,0.2563908117815981,789
1.3987865069251513,0.015324079130907643,0.000975908619817294,0.0036225293078667804,0.00015468512080030582,0.26243724731603846,0.26243712445931083,790
1.396304241652439,0.015372965871910527,0.0008483693761210616,0.003634997491245744,0.0001402432838890716,0.26184243572450666,0.2618421287890075,791
1.3998169206844209,0.017192168340622076,0.0008311382189939714,0.0037400273543291506,3.4431019891468467e-05,0.2558677951473674,0.25586033321207513,792
1.3971552461414223,0.016927940730175315,0.0007253493338936827,0.0037269665533775235,4.128414407261756e-05,0.25642527385195507,0.2564188891064378,793
1.3987782663783743,0.015268090370177059,0.0009774809205360697,0.0036230485953911663,0.0001551997122950107,0.2624579176548495,0.2624578010052285,794
1.396279310698423,0.015317827057160623,0.0008492891248399871,0.003635719971641193,0.0001406648579617518,0.26186022166579326,0.26185991944592996,795
1.3995050963530684,0.017096654182022133,0.0008190646291066403,0.0037405015197591474,3.469477954697444e-05,0.2558902274613952,0.25588284617682616,796
1.3968576510253186,0.016833247163482723,0.0007143422068281978,0.0037271507513344532,4.164797786952086e-05,0.25645352445331393,0.25644724417341186,797
1.3987684266765765,0.015213280430944866,0.0009788980637086663,0.0036236050782308712,0.0001557018241405891,0.26247805370002025,0.26247794279681813,798
1.3962525575780846,0.01526392534040055,0.0008500331582931719,0.0036364867455180427,0.00014107281068331343,0.26187740757418526,0.2618771093580695,799
1.3991977776618538,0.017002252846834088,0.0008072128937725011,0.0037409647077176413,3.49604502943909e-05,0.2559127362781026,0.25590544216340577,800
1.396564706870678,0.016739716610766384,0.0007035533811253008,0.0037273182352659806,4.201430458146528e-05,0.2564818442268744,0.2564756752998596,801
1.3987537810402881,0.015159606530977967,0.0009799884190421764,0.0036242097243282625,0.00015617926816949347,0.26249717040651577,0.2624970647173756,802
1.396221263794994,0.015211276338194645,0.0008504549550424856,0.0036373103371873266,0.00014145379152548393,0.2618934348077199,0.26189313971773115,803
1.3988971173589966,0.016909091108716582,0.000795697006251038,0.003741419050017744,3.522559561857347e-05,0.2559351154680068,0.25592791560558564,804
1.3962783413787903,0.01664758705194969,0.0006930781963954516,0.003727473957340265,4.238054050169875e-05,0.25651003383260784,0.25650398342442693,805
1.3987310026185886,0.0151069946037703,0.000980574483519555,0.003624872925563276,0.00015662007395089253,0.26251479420329765,0.2625146931253903,806
1.3961827706636574,0.015159908480214306,0.0008504125031676437,0.003638204254342395,0.00014179420441646308,0.26190773716608085,0.2619074441498058,807
1.3986050937488927,0.01681723062965103,0.0007846242404561255,0.003741865746226477,3.54877411207178e-05,0.25595715881278297,0.25595006110020163,808
1.396000241985375,0.01655713807966758,0.0006829950061474237,0.003727623307212521,4.27442394993695e-05,0.25653790788397707,0.25653198341131855,809
1.3986967659782228,0.015055314862686074,0.0009804800291496067,0.0036256030011688947,0.00015701325048993092,0.26253049282709706,0.26253039569445,810
1.3961347540437503,0.015109882733670406,0.00084978319163912,0.0036391834609031206,0.00014208093709339883,0.26191977084903056,0.2619194786674997,811
1.3983234239999704,0.016726591684522212,0.0007740975654179554,0.003742303415516084,3.574474195838786e-05,0.2559786906558533,0.25597170413691483,812
1.3957316121985246,0.016468766161377792,0.0006733458525290453,0.0037277728506614092,4.310341228071507e-05,0.25656531890167683,0.25655952790368114,813
1.3986479104537077,0.015004318077580346,0.0009795410388197634,0.003626403096223706,0.00015735002747123858,0.26254392392639714,0.26254383004261633,814
1.3960757906176169,0.015061348038620182,0.0008484946982514532,0.003640266167277627,0.000142302441700324,0.2619290587097358,0.2619287659050997,815
1.3980534630332884,0.016636754663748518,0.0007642299307957831,0.003742723760075246,3.599572477348451e-05,0.2559996437205458,0.2559927792119299,816
1.3954726277500198,0.01638322752211429,0.0006640885944979131,0.0037279328930198466,4.3457289828850014e-05,0.25659221433426205,0.25658656417481285,817
1.3985816717892334,0.01495344705483033,0.0009776262630375118,0.0036272624097145444,0.00015762609017639336,0.2625549229458565,0.2625548316754876,818
1.396006920505924,0.015014718883020703,0.0008466123160258176,0.003641480534863813,0.0001424504617768529,0.26193526127811423,0.2619349660576449,819
1.397796058604141,0.01654636437202424,0.0007552003131287853,0.0037430987232146213,3.624424548223734e-05,0.25602031938374015,0.2560135912309369,820
1.3952212532673527,0.016302458612851844,0.0006549784261799538,0.003728125916279882,4.3808830724201476e-05,0.2566188239683649,0.25661332111903484,821
1.398496347589332,0.014901290849866921,0.0009747083975676199,0.003628130390038571,0.00015784448099419397,0.2625636173530633,0.26256352838039815,822
1.39593780881737,0.014971368607386779,0.0008446941041670605,0.003642889352474715,0.0001425233558895416,0.26193831461679334,0.2619380144595211,823
1.3975509995599749,0.01645110072960273,0.0007474762725059808,0.0037433318291556807,3.6513433102470975e-05,0.25604263461599913,0.25603606698512693,824
1.394972523332451,0.01623266040167197,0.0006453832326651222,0.0037284130241222566,4.417611853068583e-05,0.2566465117566048,0.2566411600329973,825
1.398396801963453,0.014844380887604697,0.0009713710672628109,0.003628845645827647,0.0001579971446519576,0.2625696915098167,0.2625696055058679,826
1.3959228423209262,0.014937209680431612,0.0008459335190091305,0.003644682744662236,0.00014253519966408494,0.261938810646965,0.26193850095418353,827
1.3973111121879171,0.016336002470927872,0.0007427780896833604,0.003743020427404775,3.695071025987407e-05,0.2560787095883809,0.25607236568363556,828
1.3947491556486575,0.016197816165556177,0.00063587901026547,0.0037289593850874407,4.466808770411787e-05,0.25668341886343493,0.2566782183271944,829
1.3983590678947557,0.014780753786836805,0.0009740228528026484,0.00362908202254421,0.00015771065413759764,0.26255829025534916,0.26255820913318983,830
1.3963449657475402,0.01494737688830454,0.0008733206133724944,0.0036475149780588467,0.000142558437092221,0.26193978379587424,0.26193945426352777,831
1.396937681988214,0.016146092175257504,0.0007446319911981537,0.0037400274485268697,3.873417008245198e-05,0.25622367817953756,0.25621782866490955,832
1.394990701352455,0.016294676282123624,0.0006548698706384102,0.003729662144024759,4.623650159250268e-05,0.25679974275928896,0.2567947543316818,833
1.3991406220213236,0.01479095157113412,0.0010410531916940423,0.0036303560408374675,0.00015273749036744225,0.2623587009983834,0.262358609709602,834
1.398897158985975,0.015155605117642468,0.001030507541629118,0.003653130937731667,0.00014220244977629888,0.2619248668661876,0.2619245032046376,835
1.3939752610369984,0.015708893710122938,0.0006348455241125379,0.0037276588172248377,4.7750508387351594e-05,0.25691017426606244,0.2569057163432139,836
1.3954845873205035,0.01640392769648778,0.0007402531649979588,0.003718966724820148,5.932369858299348e-05,0.2577021879088343,0.2576985009487659,837
1.4093122549113557,0.01554435980800261,0.0017061925396746301,0.003637688298286079,0.00013946198051315584,0.26180940220812027,0.2618092951133037,838
1.3959885560646803,0.014910977235136187,0.000855556985075474,0.00365432102356693,0.0001412112136234006,0.2618832324568444,0.2618829974614179,839
1.3948908389013994,0.01613636363435452,0.000663272503119521,0.0037371418856422677,4.699731303630411e-05,0.2568554586306318,0.2568512898458967,840
1.4173362230412208,0.016617558278177482,0.0021696515012352277,0.0037087587562452573,5.5708332583154595e-05,0.2574638014833699,0.25746136014805,841
1.3871026546668552,0.014849878596988355,0.00033649947941456835,0.00367936908501882,9.715120865358469e-05,0.2598565312688382,0.2598555041097791,842
1.416549496904782,0.019066630560580087,0.001969445415004963,0.0037459578062141795,5.988946976887931e-05,0.25773882870781356,0.2577372067294201,843
1.3925558074865636,0.015585682725927669,0.0005789527184158648,0.003757659608610091,5.3976068306256064e-05,0.2573468407023874,0.2573439929553645,844
1.4041783161661916,0.015438667397805377,0.0013078196908473593,0.0035841948291521625,0.00016089704695159898,0.26268451997324294,0.26268444343276515,845
1.3917255463501144,0.014832699674850588,0.0006088082114644261,0.0036312384817363858,0.00012746742177690255,0.2612901471105076,0.26129011215827774,846
1.4285659437973883,0.02082168088386336,0.0021878979746941868,0.003877394579150792,1.2573778837598364e-05,0.2535459524584515,0.25353418589753335,847
1.433378052434006,0.020905588366890705,0.002425781316299068,0.003886176601685276,9.654259838556763e-06,0.2531071304830272,0.2530925380757913,848
1.3866010596762621,0.014688981553418502,0.00031189769241707116,0.0036861241216075095,8.471392911233878e-05,0.25920401700956375,0.2592026476604787,849
1.4849488998028044,0.02083166567310398,0.006048634015275355,0.0036231979543195824,0.00022787539156381433,0.26509554210897424,0.26509442190410076,850
1.4771422579007853,0.02312907145605142,0.0051549957246095615,0.003604601763124737,0.0002688779596721071,0.2663974985797257,0.2663963701697946,851
1.4157892316343603,0.018685304925567244,0.0018843990519062668,0.0036352599746382916,0.00015492750121013702,0.2624469876359759,0.2624463024435191,852
1.4214243848616512,0.015593568152717759,0.0023201331488669047,0.0037194892568243243,2.853754175963279e-05,0.2553420540768166,0.2553361159587364,853
1.4470417371609217,0.02103845827410034,0.0032597997574445744,0.003813505479784622,7.421208054150783e-06,0.2527241894306657,0.25272055301094865,854
1.4145249074231259,0.019753114348588924,0.001548088120399171,0.00383111209485781,2.550850051272491e-05,0.2550505940752277,0.25504980916982173,855
1.4334792845463582,0.02156535313809009,0.002825469193628515,0.003699097577866139,0.00016861155131891052,0.26298505107109366,0.26298385072245367,856
1.448047963016557,0.01917436466557248,0.003264056893526774,0.003560248261307318,0.00030491423047953036,0.26746179344968696,0.2674589253154299,857
1.4207596639428874,0.01738181897470694,0.002032874314035821,0.003531713146995618,0.00022096617592706926,0.26486493107710457,0.2648603257865012,858
1.4074144701904316,0.018095327962882258,0.001279213320866868,0.003702036987360554,3.4574370444468325e-05,0.255879997486774,0.2558740244928199,859
1.4354123772685987,0.017743959315569692,0.0025914573369946008,0.003846046042000921,4.667723796280216e-06,0.25216049156357534,0.25215523526810085,860
1.415345858712565,0.020540717667052424,0.0015349887247852762,0.003813557415419176,2.4349075326527493e-05,0.2549344782223177,0.25493184536175006,861
1.4367501020168576,0.0158889925785569,0.003390666686824394,0.003619164738170524,0.00017714683867260132,0.2633096520868354,0.2633085446917735,862
1.43763774379983,0.014013647525821906,0.0029746652273355805,0.0035399100098394767,0.0002950729081841192,0.2671776863454925,0.26717538364943205,863
1.4152560122579882,0.018465786386010357,0.0017638715337831333,0.00361908488162052,0.00018249271333190385,0.26350898639172843,0.2635029790242467,864
1.4067592985521629,0.016291107716868772,0.0013309303112566569,0.003738294307346401,3.1921429285824e-05,0.25564990524573855,0.2556433034954193,865
1.4373256390676747,0.020570680510173515,0.0028274818913004533,0.0037417932802005526,1.417609329146592e-05,0.2537651153091859,0.2537616525892234,866
1.4230951986451785,0.017929583957949937,0.0023536936576536434,0.003711206919382102,3.6584487344973026e-05,0.25604851116763233,0.25604634731905107,867
1.413603887509511,0.020114400113270023,0.001732104569021591,0.0036952062273687683,0.00011766191475772767,0.260847207694044,0.2608449493928732,868
1.4116187975057812,0.01858528690214701,0.0014791702396243689,0.0036603807554106303,0.0001911201753084916,0.2638246220674741,0.26382301288667437,869
1.4137200761205495,0.016116152620496045,0.0019787997855989182,0.0036530142970281573,0.00013221867014549606,0.2614986377517294,0.2614966561762792,870
1.3990446311990758,0.016041274173108747,0.0009273353185793246,0.0037112176932598733,4.381661445720284e-05,0.25661941194194793,0.25661370665736416,871
1.4434704454819218,0.01953397681046192,0.0036273259480883203,0.003758830128070579,3.9561072696401236e-05,0.25628975935123127,0.25628493100195027,872
1.4232349123338912,0.01974478047982162,0.0024047078693887414,0.0037155595576617998,7.384254507216008e-05,0.2585931685117982,0.25859196170138643,873
1.4191918448656062,0.01492536712236274,0.0024142584167411783,0.003625731236189467,0.00013620640193416153,0.2616707498445542,0.2616707487221178,874
1.4194124040623146,0.01576492656699959,0.002385658870960455,0.00364525352532863,0.00013057622125755306,0.26142699528561875,0.26142617772477955,875
1.4036281424190533,0.01612175206712763,0.001337955264569704,0.0037336964898788457,7.393155611730749e-05,0.2585983461268611,0.2585922620639893,876
1.3948593751566316,0.015253301250499523,0.0007629882413193637,0.0037323154473571396,5.597028590678282e-05,0.2574813291537522,0.25747840800895394,877
1.4398582634805317,0.017004114478772057,0.0037046973257564256,0.0036244823357766947,0.00010626011573731051,0.2603082547376998,0.2603082281796653,878
1.4283810061873479,0.015129318214132824,0.0030216398227662336,0.0035987944971241016,0.00013266063786011506,0.2615178399823975,0.26151771318360273,879
1.4039536588066641,0.017263919523722273,0.0012976369571845697,0.0036875058766591604,0.00010008056451166169,0.2600040274145797,0.26000272763329046,880
1.4019930735356532,0.016470398631886665,0.0011804298242462535,0.0037551189061981382,6.2640461974133e-05,0.2579145727600505,0.2579114032082758,881
1.4179969078842476,0.017698004255046855,0.0021894244172606997,0.0037099417738898164,7.228555264324122e-05,0.258502091074744,0.2585015436478029,882
1.4060892204163935,0.015574609011594725,0.001554633721925342,0.0036753294072276476,8.999473987836534e-05,0.259486555743702,0.25948641509617965,883
1.4193907722847852,0.018808829037342028,0.002225713138609489,0.003710251281740262,9.298529631629888e-05,0.25964288838037125,0.2596418264756235,884
1.4147644839839528,0.018585465576266537,0.0019319282980973394,0.003706145219518493,9.565047239789886e-05,0.2597801059502389,0.2597792139903869,885
1.4038228424352805,0.015310466443819368,0.0014213257312345644,0.003668766088943186,9.469558697650381e-05,0.2597311657562958,0.25973109454069165,886
1.3963721188780047,0.015399286215915492,0.0009018599670506441,0.0037019246202288614,7.2747062460536e-05,0.2585291888512646,0.25852856089102566,887
1.4301812908173919,0.01929643968738415,0.0028867391734143178,0.0037638127108317746,6.84753054810834e-05,0.25827498069369853,0.25827271180619943,888
1.4220136606237528,0.019208224906923754,0.002373033792127871,0.0037427010723127736,8.801865796318808e-05,0.2593818259397192,0.2593809068693298,889
1.4012096581087041,0.014583203599495812,0.0012778017244352788,0.003665097686822024,0.00011595132539774835,0.26076806971549443,0.2607679738275975,890
1.3984794134931733,0.01508170615886388,0.0010792708115081383,0.0036870121417474813,8.725670450913307e-05,0.2593411297233864,0.25934099189425913,891
1.4209396370913883,0.017945663221408878,0.0023218072884713756,0.003763630629907208,5.593653612741873e-05,0.257479073213134,0.25747562754741393,892
1.414928959499696,0.017510692880294634,0.001974906218309618,0.0037504522889067397,6.30612485417775e-05,0.25794111129136077,0.2579386097227697,893
1.403161998473557,0.014962176966844083,0.0013967450374936553,0.0036693007647172903,0.00010322382006699079,0.260159912404494,0.26015989556371255,894
1.401898140495767,0.014786043468700216,0.001320338727329623,0.003678633775117238,0.00010769546500192681,0.2603776425551243,0.2603775993233004,895
1.41282894945698,0.017824114789059525,0.00183661517759661,0.003760490778628387,7.262694404930792e-05,0.25852214433398707,0.2585203474525656,896
1.4090233325311416,0.01674842999017121,0.0016438459768985197,0.003754902024258615,6.750537869253494e-05,0.2582161656928603,0.2582138609827966,897
1.405636198465894,0.015542564641097396,0.0015268041554737772,0.0036784816992586804,9.392429501047365e-05,0.2596914547417028,0.25969139508820327,898
1.4053458194304347,0.015312739514487887,0.0015215646110894286,0.0036783224725226438,9.863333028037884e-05,0.25993143143159025,0.2599314076461816,899
1.405494584674213,0.017468272675414082,0.0013775592818368661,0.0037484126251457425,7.643658811495135e-05,0.2587428020745612,0.2587412290358075,900
1.4038540018422254,0.016731308519354535,0.0013190916682571067,0.003744086179557221,7.766660689940172e-05,0.2588128659866925,0.2588117203766818,901
1.4065906805646293,0.015487997704429346,0.001592666122155861,0.0036821540503541,9.908324838827238e-05,0.259954056880904,0.25995404820878526,902
1.4057397848780282,0.01578486254640861,0.0015175533507182089,0.0036961596612593104,9.272639931043565e-05,0.25962945477742305,0.25962939986650574,903
1.4026744029778513,0.0168498867172124,0.0012216411509431025,0.0037587057283353102,7.11185047741956e-05,0.2584331788060135,0.25843089356739046,904
1.4017329387565822,0.016581058183234652,0.001191506373126369,0.0037355757875240873,8.102321068967689e-05,0.2590012893903972,0.25900019268802216,905
1.40603741593994,0.014954699929802648,0.00158651057274605,0.003668380780260947,0.00010615729286669123,0.26030326612617044,0.26030309008078706,906
1.4041549289059434,0.015396394088572308,0.0014377982356298168,0.003696008376651435,9.21824448137784e-05,0.25960116892955115,0.2596011688165771,907
1.4036374180240816,0.0168247899980175,0.0012727492684395034,0.003776920695575055,6.485555077575764e-05,0.2580532944051337,0.2580504464826103,908
1.4034403807461855,0.01648849589452262,0.001307333862788602,0.003753496888628112,7.756167380088603e-05,0.25880691057073285,0.2588049717672301,909
1.4025354590756423,0.014623263719965739,0.0013678099595970928,0.0036667012185072445,0.00011282321183021052,0.26062182714179677,0.2606216767492285,910
1.401948599711473,0.014939100406882446,0.0013204910571244983,0.0036846929615427927,9.722284968572286e-05,0.2598601647899882,0.25986011542019216,911
1.4040531484785599,0.017022471213906657,0.0012747580420713802,0.003774260793314698,6.062513966182847e-05,0.2577862147197357,0.25778371563843344,912
1.4042401072825204,0.016575299546781642,0.00134023832393046,0.0037641913444978977,6.91716127618907e-05,0.25831694732229865,0.2583145081818399,913
1.4004711971663972,0.014646000931020375,0.0012296320454994259,0.0036803997949133678,0.00011206238804432597,0.26058595239193555,0.2605859337171774,914
1.4013349120176894,0.01497285826843879,0.0012727917757290783,0.003692654891490778,0.00010496928879151242,0.2602454521028363,0.2602454353458987,915
1.4020598949512642,0.016854925268494775,0.0011637037075691353,0.0037708242647051453,6.410777977649259e-05,0.2580067334023616,0.2580045457172531,916
1.4021451896761872,0.01634793790715585,0.001211213258588921,0.003753985108282237,6.713424308728987e-05,0.25819354887013496,0.25819162551671276,917
1.4013526230825593,0.01463934521890438,0.0012940202611312814,0.0036753746164867583,0.00010743310579814143,0.26036499424978815,0.2603649467128994,918
1.402346851928544,0.015196894394425151,0.0013252757841964225,0.0036957547823869698,0.0001050124064639593,0.26024755612153255,0.26024755249894954,919
1.3999657292190975,0.016639311247974617,0.0010484555080365401,0.003776210367137476,6.806156249291725e-05,0.25824994318119326,0.25824741411496505,920
1.4011062571909036,0.016272667685204037,0.0011563703511514932,0.003755862911408054,7.147556120221289e-05,0.25845432204273133,0.25845237966062057,921
1.4002995037359791,0.014372823451522325,0.0012421488527169684,0.0036742179896416412,0.0001068363060202281,0.26033616495709255,0.2603360749885751,922
1.4009267323083516,0.015041902173550932,0.001244749570227985,0.003696688250959965,9.911159255777004e-05,0.25995548052872236,0.2599554780124896,923
1.4003431138916655,0.016638543759598584,0.0010671298014880114,0.00377876994318968,6.547994250162555e-05,0.2580919677768529,0.25808883239574465,924
1.4014646716887593,0.016363427448185093,0.001178190059210191,0.0037581882298076096,7.376127431175858e-05,0.2585884384093826,0.25858601334084613,925
1.3988591749867427,0.014183827449813674,0.0011546989405861715,0.003675401121085717,0.0001106260969978436,0.26051789413323045,0.260517756142717,926
1.4000198188804518,0.014915972975382722,0.0011933179420868258,0.003700113163138078,9.745893631640028e-05,0.2598721292696358,0.25987208141778506,927
1.3995411383804977,0.016465130025655982,0.0010161851446815868,0.003781661184859666,6.229923330839103e-05,0.25789298633651364,0.25788975876848413,928
1.4003236411641349,0.01614156209353033,0.0011168924954119707,0.003756491784162753,7.383605749092693e-05,0.25859279101869276,0.2585897820241732,929
1.3991045498177266,0.014121986133379075,0.0011695886542179347,0.003671922771849965,0.00011497410575351867,0.2607225979013259,0.260722496053992,930
1.4002275456541005,0.014830251066534562,0.0012119635016564336,0.0036981566769289844,9.964539994082092e-05,0.2599822542514615,0.2599821464873474,931
1.3985034370952971,0.01633040929410532,0.000948541170524701,0.0037844854774153015,5.9958715196585126e-05,0.25774330131123574,0.25774031269087394,932
1.3997211915408263,0.016057913901407737,0.0010789945661882992,0.0037604104258128364,7.199264240129313e-05,0.2584848478125004,0.2584816699429245,933
1.3982959521628031,0.014021873507748623,0.001117775794210269,0.0036732311685749855,0.00011804763666450156,0.2608649729251619,0.2608649114940496,934
1.399200865725203,0.014770378894557595,0.001146046892607992,0.003698064071960703,0.00010220891728839355,0.2601098425946398,0.26010977088664866,935
1.3985936317265584,0.016293367370728916,0.0009492387530005029,0.003784565975874364,5.777742828594866e-05,0.2576011465112803,0.2575978094290663,936
1.399599582512101,0.016098075508631935,0.0010602730714935336,0.0037621455454311245,6.820671229706922e-05,0.2582587355144156,0.2582552913804484,937
1.3977684048171342,0.01393232233976278,0.0010868257110180778,0.003675490474247911,0.00011913346004897461,0.2609148275318016,0.26091474925052455,938
1.3989152767432005,0.014760743307851168,0.0011241952642104063,0.0037006022195962087,0.0001065369170364999,0.2603216722015621,0.26032157006431866,939
1.3977982432862852,0.016142542654749712,0.0009078547858910494,0.0037852257802376177,5.823009724658553e-05,0.2576308647771131,0.2576272739767507,940
1.398711462847579,0.01592185768109304,0.0010082901893008742,0.0037599820648995526,6.636682887896402e-05,0.25814658387785727,0.2581427312952844,941
1.3977134245677278,0.01385186435114257,0.0010896137743013517,0.0036737100580359625,0.00011845948753047187,0.2608839095701164,0.2608838209818534,942
1.3985450503055847,0.014671801976349083,0.0011039272504597653,0.0037006610678948404,0.00010808405956811882,0.26039634837662334,0.2603962168748522,943
1.3976330979459917,0.016105462979483325,0.0009006688457361164,0.0037875098053717425,5.864143401466544e-05,0.2576577695195576,0.2576537238919406,944
1.3986112219609603,0.015889064347687835,0.0010020664184389964,0.003763139342017981,6.576558039658991e-05,0.2581095980416165,0.25810504353035424,945
1.39709384988245,0.01377441486441697,0.0010541606542517304,0.003675467558429727,0.00011802230904871518,0.2608638072998703,0.2608637278639507,946
1.3980279542025944,0.01458975535466207,0.0010751349036585596,0.003700687601623206,0.00010786237748126134,0.2603856813681752,0.26038549596030575,947
1.3972706597897624,0.01602580151899563,0.000880688758511904,0.003786175654278173,5.835028735594554e-05,0.25763873597893955,0.2576343429875845,948
1.3980970515954565,0.015814607733300113,0.0009729783206056108,0.003762874864783447,6.592657688215788e-05,0.2581195182666312,0.25811422700285125,949
1.396955540016417,0.013759894035935574,0.0010444059306904802,0.003678223936560922,0.00011895919725013444,0.2609068417633215,0.26090677131265577,950
1.3978446473043604,0.014566708833292209,0.001063984260924894,0.0037031065364598608,0.00010829538209619818,0.26040650671917326,0.2604062561952462,951
1.3968234628201683,0.01592661331888551,0.0008561833967202985,0.003785062399102293,5.800379694297824e-05,0.2576160223833034,0.2576114328792804,952
1.3977237237514,0.015739414770433748,0.0009528753324527669,0.0037607034556947764,6.588766353196669e-05,0.2581171216285064,0.2581113099105711,953
1.3965369640330627,0.013710290882134593,0.0010188954526404131,0.003679769321773698,0.00011951479819207683,0.26093228238713567,0.26093221536070493,954
1.39731723766885,0.014551299044745596,0.0010301254926907365,0.0037068337301653883,0.00010801159140013185,0.260392862521949,0.26039259682083404,955
1.3966968096704935,0.01587724719742119,0.0008485143563488023,0.0037856979502467266,5.736323996785423e-05,0.25757385238619385,0.2575687155240855,956
1.3974417983922316,0.015697130341872097,0.0009367363282410692,0.0037596696047755987,6.588038203287575e-05,0.2581166730889494,0.2581102897849223,957
1.3963628981885918,0.01367604234577162,0.001007867693279079,0.003681036749024949,0.00012052577539728795,0.2609784231744494,0.26097831741410865,958
1.3971770358716207,0.014557544910803195,0.0010200919329678866,0.003708552037563303,0.00010825139633715842,0.26040439312680747,0.26040405248776866,959
1.3963129108537649,0.01577565405898331,0.0008274631545300077,0.0037843445935112625,5.681384679224421e-05,0.25753749605586923,0.25753177915628184,960
1.39711442480605,0.01563074190759007,0.0009191428817406449,0.003758171859509749,6.587126069360342e-05,0.25811611118046096,0.25810904675784874,961
1.396098811253733,0.013652462035497578,0.0009901017067897163,0.003683959493822355,0.00012151622235306958,0.26102343967884206,0.26102327713867596,962
1.3968494521836523,0.014546019090480566,0.000998815039168473,0.003712003796886506,0.00010841992437475456,0.2604124888655285,0.26041206884738216,963
1.396189074230612,0.015706845789400386,0.0008211618852815355,0.003782567020588308,5.6193763116020694e-05,0.2574962499368698,0.2574896497205655,964
1.3969640114859923,0.015544390887777438,0.0009136950806370926,0.0037557263916045145,6.550248819259273e-05,0.2580933607477112,0.25808542181815547,965
1.3958894809220501,0.013657548724591202,0.0009748882294085867,0.0036870742910103172,0.00012201912398858632,0.26104622668555133,0.2610459752109018,966
1.396723216495816,0.014552203036384504,0.0009896138122485571,0.0037156724594892675,0.00010873936152686785,0.2604278167190869,0.2604272967161381,967
1.3959113503155622,0.015635709647535165,0.0008068780039167679,0.003780160492265014,5.6129233998861775e-05,0.2574919446073007,0.2574843204092023,968
1.3967389045982082,0.01543978081213973,0.0009059202472216998,0.003752879444946182,6.56850053964689e-05,0.2581046286402567,0.25809580660073184,969
1.395732560974742,0.013705161928168029,0.0009609466966268744,0.0036914079556355063,0.00012216384103839111,0.261052775264086,0.26105238950089055,970
1.3965505118957369,0.014578530358182856,0.0009767992435559167,0.0037197313240888044,0.00010827968993658201,0.2604057527328196,0.2604051818451031,971
1.3958191464676015,0.015589721491441194,0.0008034750792221371,0.003775998725055608,5.613747617365803e-05,0.25749249465623153,0.2574834480631934,972
1.3966438199308913,0.015340219947807533,0.0009073835948855783,0.003749505329886119,6.620665713354213e-05,0.25813674733130765,0.2581272033802107,973
1.3956128898584,0.013810540376401014,0.0009461273043043384,0.003698066718749153,0.00012201366016133673,0.2610459793663277,0.26104535538508683,974
1.3964008673263009,0.01462286605016692,0.0009648977448450463,0.0037251332080728778,0.00010723975691770486,0.26035566303612206,0.26035511956588564,975
1.3957610946218777,0.015542797196715885,0.0008036985422144866,0.0037697419453247122,5.650158972133681e-05,0.25751675393513296,0.257505848229375,976
1.3963870082496197,0.0151656827828357,0.0009048654450089384,0.003744489257452411,6.742799564930011e-05,0.25821145514810256,0.25820169165640827,977
1.3957651500556891,0.014014494886086717,0.000943570428072784,0.003706896466161616,0.00012142702484120033,0.26101939312490485,0.26101832596232477,978
1.3961128076527236,0.014650566399022555,0.0009455665827207656,0.003731464356159843,0.00010537581562923798,0.2602652723114995,0.26026487206239823,979
1.3961360670836531,0.0155389465269843,0.0008314474396627612,0.0037619127102251713,5.73036503678545e-05,0.2575699174610992,0.2575566948594167,980
1.3960551415001536,0.014942160377801503,0.0009016749479038036,0.003740222281948705,6.912174725839027e-05,0.25831394895692716,0.25830474484151444,981
1.3963762011459786,0.01433332685395671,0.0009651176213607593,0.003717999993619997,0.00012010269986951778,0.26095913773385104,0.2609574296660341,982
1.3957060525222673,0.014617153314012893,0.0009223735771347545,0.003735677999066163,0.00010328615528139161,0.26016297964582197,0.2601627929092479,983
1.397057515623206,0.015528998632669024,0.0008977042591515941,0.0037525307294139884,5.856552055723878e-05,0.2576528112845698,0.257637676459024,984
1.3956842449162108,0.01472969786299039,0.0008939325165051954,0.0037396712871407534,7.029637036619804e-05,0.2583842930749228,0.25837635823692734,985
1.3974952990368128,0.014686813442284858,0.00101865944359618,0.0037299690384348288,0.00011846998165798379,0.2608843916530959,0.26088216990383517,986
1.3956032286280635,0.014539240033613008,0.0009207658178565828,0.0037355412550091126,0.00010325640746287303,0.2601615160021954,0.26016144985489537,987
1.3978910917907994,0.015402910449415594,0.0009659874668420438,0.0037443164614086697,5.980004350567431e-05,0.25773304878464337,0.25771783735785886,988
1.3957192889822958,0.014650266083868787,0.0008998103859178276,0.0037436667989924973,6.933649130699516e-05,0.25832685362588986,0.25832001449170444,989
1.3977295535199092,0.014810447569538074,0.0010281424458360117,0.003738098872082227,0.000117125107269807,0.26082243536685745,0.26082036046862567,990
1.395434532761652,0.014418233868824007,0.0009161956892314175,0.0037321430350505586,0.00010506433314019689,0.26025008942108296,0.26025006711038184,991
1.3979297374559405,0.015163773183096179,0.0009854372061801446,0.0037409558985869846,5.993275115870049e-05,0.2577416245813589,0.25772823344795437,992
1.3957215847347446,0.014649828755838612,0.0008956887268116017,0.0037496620316567705,6.735900247535273e-05,0.2582072530407776,0.2582012730229963,993
1.3971786298368838,0.014712164227853706,0.0009969200428739786,0.003739928647266147,0.00011788600852095601,0.2608575323403136,0.2608559860780476,994
1.3951703304176215,0.014296872742907602,0.0009046665447883705,0.0037278728964513495,0.00010729532709223619,0.2603583457700656,0.2603583290075292,995
1.397348140266544,0.014926384250536101,0.0009568693914492829,0.003743445756759147,5.8147528481760345e-05,0.2576254526738916,0.25761453694818714,996
1.3956005783205774,0.014681304756357925,0.0008815975338030346,0.0037550232986851445,6.574182424476237e-05,0.2581081332157755,0.25810264145762846,997
1.3962626867574615,0.014488865457051678,0.0009450457610172292,0.0037361008029512485,0.00012142190810536939,0.2610191609528752,0.26101816953671836,998
1.3948310252252039,0.014209751096215875,0.0008870272753019254,0.0037255025178744173,0.00010812750249938596,0.2603984375027879,0.26039840565862216,999
1.3965494249543895,0.0147711291933174,0.0009014859745953114,0.0037501601494393144,5.4808919514850446e-05,0.2574033046347459,0.25739444523044036,1000
1.3953096478883624,0.014689326633840677,0.0008616936031963367,0.0037573181997425783,6.575035489009615e-05,0.2581086592535447,0.2581032129776516,1001
1.3955734120285095,0.014259720845951684,0.0009038171314257257,0.003729374943787879,0.00012709107157444683,0.26127346759317854,0.2612728476045705,1002
1.394746265827644,0.014204489172575567,0.0008828891138584484,0.00372696374416328,0.00010693236424986841,0.2603408106186057,0.2603407238946055,1003
1.3956200130049585,0.014682861335104817,0.0008307992830939055,0.0037573343563126766,5.145563717562819e-05,0.25717325847684497,0.2571655975968375,1004
1.3948764345055238,0.014640471754454442,0.0008415524628822212,0.003755254630125263,6.802182495518762e-05,0.2582475344773567,0.25824171036883903,1005
1.3952470472017393,0.014104293894176357,0.0008809969183405937,0.003724011784658317,0.00013245816207138646,0.26150904696625166,0.2615085747296223,1006
1.394840243599886,0.014268939374403896,0.0008874683974509619,0.0037320938344723945,0.0001038397584579268,0.26019017951058404,0.2601899976642688,1007
1.3949303183360215,0.014644096467586243,0.0007771286094195684,0.003761580735077984,4.9364758191780284e-05,0.2570260058491137,0.25701851111433427,1008
1.3946762987568548,0.01456578436960913,0.0008408102631800001,0.0037502360421940726,7.172505338513031e-05,0.2584690644929136,0.25846253507757344,1009
1.3948502545876136,0.014036564509133648,0.00085447097349276,0.003723719108441089,0.00013444973044553967,0.26159524602781414,0.2615947522602717,1010
1.3946235401827112,0.014329470949914701,0.0008720032610869014,0.0037393296283823175,9.871723726474478e-05,0.25993565484830994,0.2599354165422946,1011
1.394811289755645,0.014644879895045117,0.0007693034741225774,0.0037606619096002113,4.944271573653913e-05,0.2570315514459143,0.2570231326688656,1012
1.3945855652482868,0.014467036641652652,0.0008485062786873103,0.003745138848617691,7.610949507716619e-05,0.2587240756001519,0.2587170126191091,1013
1.3947247710338484,0.014101695261734765,0.0008466140952881113,0.003729383170510876,0.00013230468315250378,0.2615023772826535,0.26150164666481884,1014
1.3943708286404277,0.014351734798096687,0.0008549401096788602,0.003745398586474825,9.346802857421533e-05,0.259667886458488,0.25966767812395564,1015
1.3948441256355286,0.014627207489738924,0.0007851478581207555,0.0037547426201412983,5.2081379420190814e-05,0.2572167429925272,0.2572068727087384,1016
1.3941213714367537,0.014306112879836689,0.0008342722171263755,0.0037426004206398134,8.10232640014754e-05,0.259001292351739,0.25899461666535684,1017
1.3951128030935698,0.014297110308031642,0.0008712016585797962,0.0037391651224208677,0.00012671096096440306,0.2612565963312363,0.2612554032956497,1018
1.3939965078439494,0.014282553055113034,0.000834147517794729,0.003747663872980247,8.910816317430492e-05,0.259439712028145,0.2594396230129332,1019
1.3952141438187884,0.014617889126901836,0.0008286647595597959,0.003747568410345249,5.643091592779509e-05,0.25751205137946986,0.2575010308116405,1020
1.393691759505892,0.01414626135614496,0.0008195657830564238,0.0037447455534567846,8.471719779236142e-05,0.2592041945759725,0.2591988077491216,1021
1.3953650386590977,0.014458050725208636,0.0008897490288775906,0.0037475397587183315,0.00011986005263800036,0.26094806159272044,0.26094654885924323,1022
1.3934121742230787,0.014114656328059092,0.0008049790510938981,0.0037458659942671588,8.566025105741351e-05,0.2592552823326689,0.2592552814892468,1023
1.3954730940190878,0.014570853825694396,0.0008659246222732933,0.0037444997697510534,6.114945254800709e-05,0.25781981154171935,0.25780931848105276,1024
1.3931366366494922,0.013979667471090945,0.0007957554129989056,0.0037497491858460063,8.801931282807045e-05,0.2593818608403701,0.2593782544111758,1025
1.3955654443380878,0.014494482514497115,0.0009102904102301409,0.0037502734151980415,0.00011347161149921964,0.2606523054546525,0.2606509470264266,1026
1.393031976004342,0.013957028217136106,0.0007881286191492455,0.0037432767118193724,8.271762171766875e-05,0.2590949228538602,0.2590948869553425,1027
1.395440907855094,0.01443950316512084,0.0008862290094457869,0.003747119598102826,6.566451034574632e-05,0.2581033641375509,0.25809528097575296,1028
1.3928194541013998,0.013854611821546403,0.0007840491337482202,0.003753700826259679,9.146570223757578e-05,0.25956377029406164,0.2595614492998892,1029
1.395394279268805,0.014374407578385618,0.0009143002514356054,0.003748784166421654,0.00010714539662641539,0.2603511060581184,0.2603502970429848,1030
1.39275199590384,0.013863708154388426,0.0007725995469038457,0.0037432427356996222,7.949852741476944e-05,0.2589161946712019,0.2589161412354357,1031
1.3952692627317786,0.014233045731496754,0.000901553556602615,0.0037516426730931263,7.10472131476592e-05,0.2584289508924693,0.2584237539435593,1032
1.392741429202499,0.013785054497141104,0.000783498893731265,0.0037551231089654694,9.490561943703708e-05,0.2597419515209755,0.25974016565464564,1033
1.3949308776400153,0.014211403652409344,0.0008998662061819693,0.003747815593606471,9.967558861822558e-05,0.2599837662541861,0.2599834157328869,1034
1.3924912865169736,0.013811972516014308,0.0007556064552987708,0.003744949323012111,7.69935372031789e-05,0.2587745961276391,0.25877458997747965,1035
1.394959854859074,0.014015829233546393,0.0009069169886139775,0.0037544123633292867,7.789685769563992e-05,0.25882591965155133,0.25882275003300953,1036
1.3927039952976483,0.0137720623090206,0.0007814190670167561,0.003756349323026514,9.68747529171707e-05,0.2598424972906865,0.25984074280668534,1037
1.394263882226127,0.014068493342858117,0.0008666930456610459,0.0037485345735054614,9.188261229043992e-05,0.25958554183603827,0.2595853921773971,1038
1.392119735245299,0.013743802783558839,0.0007346902565076711,0.0037457244743369727,7.64951877301658e-05,0.25874615273878554,0.25874612715822376,1039
1.3945887803061097,0.013872623185904358,0.0008983872659034662,0.0037565424064010706,8.472693782147551e-05,0.25920472366893627,0.25920248883082914,1040
1.3925570903567386,0.013791980250946387,0.0007703224831843972,0.0037589008300816765,9.656364923429083e-05,0.25982668047889473,0.25982470556427506,1041
1.3936104266510478,0.013932738617776164,0.0008303993913522465,0.0037485645843546335,8.586778957535842e-05,0.25926648744537856,0.25926637247264056,1042
1.3916479972902904,0.013658511049013356,0.0007105800975800963,0.0037456625610960224,7.775586197275446e-05,0.2588179284399883,0.25881779327388194,1043
1.3942567691655814,0.013832290569034235,0.0008810635870418447,0.003760177632094839,8.95071808965366e-05,0.2594608234787748,0.259458731263717,1044
1.3922019285687064,0.013786494714596113,0.0007472725520997466,0.003761319404333752,9.509204076558023e-05,0.25975151479338365,0.25974929338577285,1045
1.3933307893517146,0.013809808086361258,0.0008174938001295667,0.003747068822122663,8.233510974841065e-05,0.2590738696127072,0.2590736752817849,1046
1.3913743498296136,0.013609660727689854,0.0006972806029979116,0.0037467585255613264,7.918268662739099e-05,0.25889846540856293,0.2588982298936975,1047
1.3939596915285946,0.013834152023743811,0.0008614266132706431,0.0037639890938380863,9.224751692520174e-05,0.25960455709156866,0.2596021642807095,1048
1.3919362452852586,0.013740575441515588,0.0007327548270366153,0.0037624965409553137,9.380124071645186e-05,0.2596851040632743,0.2596827767645513,1049
1.3930733193507971,0.013705356655490747,0.00080538212053559,0.00374636282314788,8.033293735164275e-05,0.258962864349729,0.25896251948774124,1050
1.3911657294851372,0.013584490310205016,0.0006862637967023279,0.003748651450106475,8.031104742157227e-05,0.2589616431206321,0.25896140205175366,1051
1.3937339621002276,0.013817819090465911,0.0008472911194229623,0.0037663025148953386,9.412885067272495e-05,0.2597020024053143,0.2596992115549362,1052
1.3919088893386289,0.013682557600271997,0.0007348608458997538,0.0037637654831443336,9.255497884527652e-05,0.2596205498203209,0.2596183132980698,1053
1.3924818410300837,0.013605436121031553,0.0007713177776100879,0.003746997093828452,7.916122975127266e-05,0.2588972596765112,0.25889682204913567,1054
1.3906904192801446,0.013538121331552855,0.0006592277343938908,0.003750075455690072,8.192495496655616e-05,0.2590512405208654,0.25905108720286496,1055
1.3937084013351324,0.013783900478695545,0.0008476676329271734,0.0037682514755163535,9.505744208224663e-05,0.25974974061615214,0.25974677011624786,1056
1.3919778008162234,0.013619365547596077,0.0007435949818040734,0.003765527938366178,9.093615668885087e-05,0.25953604512829354,0.259534008072435,1057
1.3917993801962345,0.01351584618291364,0.0007316878943969332,0.0037476752989584047,7.905990910571664e-05,0.258891563929125,0.25889117598171213,1058
1.3900876647140719,0.01348079537967082,0.000624484957444931,0.003751391608792896,8.394614038668971e-05,0.2591622126359679,0.2591621419525638,1059
1.3938186820654936,0.013723754133489552,0.0008591668062989369,0.0037703748981520943,9.437863718164354e-05,0.2597148668123471,0.2597120704144279,1060
1.3920332385826801,0.013557032023462475,0.0007511305761540147,0.003767108710622249,8.92489541125295e-05,0.25944716645944854,0.2594452335509286,1061
1.3912822867346513,0.013457006124288459,0.000702468577963423,0.0037485280084147395,8.024911056762736e-05,0.25895818679017285,0.2589579413728571,1062
1.3896322236464804,0.01342677584815624,0.000598760726780099,0.00375260040458761,8.558071191627168e-05,0.25925098437552846,0.2592509321235873,1063
1.3938798858298562,0.01364252198657658,0.0008688048537997714,0.0037720465014882787,9.209238566091752e-05,0.25959647777368955,0.2595939154655243,1064
1.3921174492653923,0.013527758578578223,0.0007582975706899162,0.0037688037265121684,8.811860014395142e-05,0.2593871508001071,0.259385055931999,1065
1.3907268159753101,0.013405626031149632,0.000671171846042858,0.003749671661843171,8.273023228860113e-05,0.2590956161027498,0.259095469451802,1066
1.389132351272825,0.01335158844309708,0.0005706056870178413,0.003753521598663512,8.587986676851465e-05,0.2592671390821825,0.25926706809338057,1067
1.394001073553649,0.013608398803529953,0.0008786818302870556,0.003773923676114855,8.928650626598595e-05,0.2594491537327946,0.2594464404876068,1068
1.392269399197582,0.01352471797945828,0.0007686923549295029,0.003770486738684579,8.855757449575266e-05,0.2594105034135137,0.2594080938955975,1069
1.3900933280386802,0.013337310947341127,0.0006352297142873248,0.003750645420152725,8.520987275124023e-05,0.2592309193881888,0.25923076239144277,1070
1.3885585969953202,0.013268908701154032,0.000536737743073007,0.0037550974348361486,8.405384599792656e-05,0.25916808845932054,0.2591680250295207,1071
1.3942256516259466,0.013610639992216917,0.0008933538841335907,0.0037751459674040615,8.917986310328452e-05,0.25944350904607416,0.2594403372114548,1072
1.3924833809605648,0.01350796958171342,0.0007844990943921161,0.003772211661485576,9.037399583409331e-05,0.2595065238564942,0.2595040292510442,1073
1.3894684268690247,0.013262636639467406,0.0005983094313835694,0.003752431181568894,8.48554932357373e-05,0.2592117041439539,0.2592114849290002,1074
1.3880099787402667,0.013180920144803113,0.0005052654240050344,0.00375568905783113,8.300749732102956e-05,0.25911084503880016,0.25911083198403184,1075
1.3944831819244194,0.013593369315123803,0.0009120532001057932,0.0037775932528263984,9.120274916518407e-05,0.2595500130452887,0.2595468344559479,1076
1.3927498674495085,0.013476973955742788,0.0008045158511442566,0.0037747451346125268,9.132688217571814e-05,0.2595565099369863,0.2595542431124707,1077
1.3888346500271362,0.013158735716650143,0.0005617986517294238,0.003752649074077889,8.313959070355187e-05,0.2591180913958762,0.2591179344222411,1078
1.3874612871137515,0.013122154353127602,0.0004732785495262017,0.0037574706317118796,8.391523750238763e-05,0.25916052604943557,0.2591605257158808,1079
1.394792351911715,0.013556726785213304,0.0009352692328682658,0.0037805763140630957,9.2333314460711e-05,0.259609022554907,0.2596061993446256,1080
1.3930620743083282,0.013455642397375954,0.0008266900711105748,0.003776203118888217,9.069799228195307e-05,0.25952354935315364,0.25952137652216656,1081
1.3882128240324356,0.013069440118428935,0.0005258119087483027,0.003752987127744791,8.250785838611057e-05,0.2590833836419096,0.2590833171626106,1082
1.3869379889614768,0.013086653028001593,0.00044184375981155144,0.0037609207622825926,8.564930591635231e-05,0.259254691022198,0.2592546894064471,1083
1.395119722720214,0.013547814209592307,0.0009575492114186099,0.0037810061908811945,9.09713681396558e-05,0.25953789117885373,0.25953495707218155,1084
1.3933826127522484,0.013466446628238793,0.0008469957448061571,0.0037766455074697584,8.92407707697508e-05,0.25944673333855417,0.2594444183792231,1085
1.3876403650398037,0.013024162382869301,0.0004918897071962303,0.003755737462743656,8.413421984211292e-05,0.25917247075994865,0.25917239788417673,1086
1.386461410812906,0.013015238129663468,0.00041488903988423723,0.003762587268106449,8.576191876051711e-05,0.2592607731189419,0.25926076880572213,1087
1.3954152890670988,0.013584905367177009,0.00097441972611292,0.0037834306261520633,8.914335504590008e-05,0.25944157587725164,0.2594387099920301,1088
1.393663326975179,0.01347111130954266,0.0008656109018279827,0.0037770129283904363,8.991229214081855e-05,0.2594822092436741,0.2594800959336133,1089
1.3871515595363908,0.012942950478611374,0.0004656892426537509,0.003756147609637568,8.569214688376934e-05,0.25925700528701207,0.25925695504080815,1090
1.3861007958565597,0.013017770082284318,0.00038839683926038786,0.0037692082956952947,8.249638423601358e-05,0.25908275201885494,0.2590827078602553,1091
1.3955772760719671,0.013449190712959812,0.0009940856602480702,0.0037741048084884926,9.747594326100335e-05,0.25987299059358426,0.259870620180229,1092
1.3937554354407773,0.01346566636012822,0.0008722980074159074,0.0037772005675566463,9.023500253059171e-05,0.25949921062670955,0.2594975614059234,1093
1.3868451408215419,0.012992611029013923,0.00043603054567790684,0.0037658751416445894,7.88061582378673e-05,0.25887728326898873,0.2588772743478414,1094
1.3864775571661418,0.012783760557436644,0.00043231814345317995,0.0037538836083334296,9.786373831704594e-05,0.2598926102883438,0.259892535264512,1095
1.392031242344646,0.013587923547921366,0.0007274351639479901,0.003810031765917568,7.004241759905757e-05,0.2583691348178326,0.25836770126036035,1096
1.3899038850293561,0.013105116268801523,0.0006397136994927415,0.00376878867898713,9.030187422856358e-05,0.25950272983034683,0.25950150321205795,1097
1.389587044261769,0.012794954043487681,0.0006375553182431376,0.0037387193024618183,0.00010081256800566785,0.2600405462005644,0.2600405325529558,1098
1.391332781228482,0.013717437758604014,0.0006663037274124649,0.0037964474262060072,6.721567017954103e-05,0.2581985163401399,0.25819851284409023,1099
1.3849232871204167,0.012663424747462777,0.0003367001563529204,0.0037767882485283052,8.864323656846696e-05,0.2594150537209549,0.2594139006082769,1100
1.3836842351781522,0.012320250969639089,0.0002744126948299592,0.0037418531209952566,0.00010280791999289922,0.2601394240464091,0.2601394209365031,1101
1.4071534678547981,0.015463002894545594,0.0011853379899607382,0.003917247724772363,1.5589308449205667e-05,0.2539483298303467,0.2539453865144215,1102
1.4014393696262517,0.015270688077321026,0.0009615826431805118,0.0039006222918083156,2.4616148752635836e-05,0.25496146639136413,0.2549555907826056,1103
1.3919221495971876,0.012068535230315732,0.0007273645505082181,0.003705809956454621,0.00015696780321924726,0.2625286792288432,0.2625267268395255,1104
1.3956157290771987,0.01207096455427954,0.000914911536931471,0.0036700022725298124,0.0001739794259199502,0.26319012607672687,0.26318983506831006,1105
1.3928731845461737,0.014027025201287747,0.0006671714896297155,0.0038017615103090223,4.64693231754602e-05,0.25681684114348136,0.2568164704788555,1106
1.3891602254174356,0.01337811973495728,0.0003913149773965058,0.0038275821671855067,3.62202600242709e-05,0.25601832701207494,0.25601582775891946,1107
1.396427383900513,0.012786015497088512,0.000974030405312155,0.0037174605358534464,0.00015836560975174927,0.2625843398615799,0.26257723788889586,1108
1.3931024391087752,0.012541664559968208,0.0007263743147981417,0.00372797773885366,0.00017096034005730025,0.2630751803068753,0.2630727406818912,1109
1.3906614727302313,0.013682592743070515,0.0005501787654821914,0.0038395914615177726,4.782105133696498e-05,0.2569152766638049,0.256915271520164,1110
1.389395149805494,0.01354660817141112,0.00045411178213254166,0.0037883068404170055,4.423022035565429e-05,0.256650580452536,0.2566504162199253,1111
1.3936387831449029,0.011906003083085594,0.0008563261664266929,0.0036719508919771915,0.00015579034535054376,0.26248160027202216,0.2624789689317206,1112
1.3884292291105738,0.012548249310908581,0.0005097956334642868,0.003740145462449828,0.0001406545033225989,0.2618597851296977,0.2618576285701489,1113
1.3994704660003792,0.01477372923412462,0.0008778002737363829,0.0039024357934528686,2.5625386899005847e-05,0.2550621523978448,0.25506197123958513,1114
1.3946745409342822,0.014036335890787316,0.0006180787002115145,0.003862870337590568,2.6497769169112768e-05,0.255147598388483,0.2551474873035434,1115
1.3923165916075242,0.012000687532377416,0.000801277615876727,0.003675067433632546,0.00014243837666243016,0.26193475498962715,0.2619337976200415,1116
1.3898229817464207,0.011798608227479267,0.0005992323702767742,0.003689582868932527,0.00015899751252644286,0.26260942157779027,0.2626087531449743,1117
1.3940546973444858,0.014301920274978279,0.0006722514324051394,0.0038723350108985782,3.818863560248886e-05,0.25617969542958946,0.2561795543771299,1118
1.3900049476684992,0.013738670778650638,0.0004326069865954775,0.003855656961834345,3.728888070874202e-05,0.2561064622089015,0.25610553874360015,1119
1.3966009183652175,0.01188418532226066,0.0010080750846976944,0.003662134041077974,0.0001697497617305524,0.26302880507685,0.2630264803878916,1120
1.3948149781423471,0.01191287090291069,0.000861770453198112,0.003659572459728559,0.0001767091074810292,0.26329319778988597,0.26329275470050634,1121
1.3915470302681083,0.013646071422192402,0.000591276262188225,0.003840991373029676,4.431738845181079e-05,0.2566571306470439,0.256656863054841,1122
1.3905972945545735,0.013819520644095714,0.0004524222350460311,0.0038573298368156923,3.553206089844307e-05,0.25596087752754937,0.2559607339070523,1123
1.393505068416148,0.011998352228623915,0.0008585585524769594,0.0036909327775048713,0.00014997273196508865,0.2622463354504557,0.26224204210602053,1124
1.3903847851213038,0.011888040879210957,0.0006314707214985865,0.003688657943765663,0.00015865450038298428,0.2625958128115253,0.2625936676725275,1125
1.3946379571928467,0.013967631656748516,0.0007243272760334028,0.0038615207901967607,3.7046873688535883e-05,0.25608661430423646,0.2560859844240167,1126
1.3931377595179302,0.013895416781853952,0.0005852697921293722,0.0038610261439841116,3.208953964869239e-05,0.25566476298256974,0.25566393528787607,1127
1.390921917256384,0.011743084451219864,0.0007334660576730637,0.003692094798015156,0.00013930289502983757,0.26180266474275354,0.26180119672174273,1128
1.3897574215914046,0.011931247531897735,0.0006090297015336042,0.003696559785075078,0.00015146179771513855,0.26230698166550753,0.2623038632112043,1129
1.3940013725479306,0.014056932369344015,0.0006767703558450604,0.0038710676411427307,3.713900063636036e-05,0.25609417760131425,0.25609403474516645,1130
1.3909396282272906,0.01366624475149645,0.0004927345617658807,0.003858440819170474,3.6430655037541185e-05,0.25603578122843607,0.2560346816593083,1131
1.394867316790289,0.011799109943516769,0.0009318377767406939,0.0036680925489206103,0.00016012437505039066,0.2626540260411614,0.26265328281532113,1132
1.3936802427026216,0.011828420202330112,0.0008144808451799388,0.00366508105967165,0.00017045338325432806,0.26305577968772176,0.26305327691220554,1133
1.3908048332627683,0.013644294103835877,0.0005467728791489335,0.0038497256777412715,4.510890325797306e-05,0.2567163161969917,0.2567163161969084,1134
1.3904253330885594,0.013777297168491145,0.0004636868091087551,0.003862687710665511,3.7997220110229165e-05,0.2561641885200105,0.2561635446535924,1135
1.3929888097879222,0.011737093972789997,0.0008314899489673963,0.003679849319815534,0.000153630148700118,0.26239476295457553,0.26239416629894047,1136
1.3913524465533216,0.011961620848071189,0.0006900922685708715,0.003674979067491801,0.00015899802056694535,0.26260944172304806,0.2626076547984699,1137
1.3935633507852319,0.013913907300492828,0.0006568036873098947,0.0038649821464496366,3.70982262861776e-05,0.2560908313296444,0.25609071502352276,1138
1.393565224012461,0.014169140116843554,0.0005885405647040162,0.003881126686872217,3.138455611824374e-05,0.25560219208151985,0.25560138687878153,1139
1.3901483981706857,0.011711009097086517,0.0006899479809903684,0.003702117971701775,0.00013702411897366,0.26170573017686893,0.26170523917726835,1140
1.3904821194948904,0.011856843268683605,0.0006503915461094204,0.0036812612915508914,0.00015541326143345268,0.26246648552854623,0.26246414745576874,1141
1.391682615892847,0.013680684581354022,0.0005840875555858918,0.0038520183771267803,4.2148244337067753e-05,0.25649216792274104,0.25649211515385967,1142
1.3905132206528181,0.013612543968214002,0.00048215970211331596,0.0038621274406512875,3.82227818307136e-05,0.25618245758826647,0.25618135880277293,1143
1.392694712360822,0.011697078527877,0.0008166085294635294,0.003686582451766931,0.0001529504953676283,0.2623673156087984,0.2623666852784653,1144
1.3922432536186127,0.011813255123291429,0.0007482851104165182,0.0036769511272244475,0.000162236742885668,0.2627372188049695,0.2627341521748243,1145
1.3903903323521831,0.013554571874855455,0.0005231088277221599,0.003845617968509182,4.477412547192404e-05,0.256691347059593,0.2566913268950623,1146
1.3903132410326127,0.013566298781907196,0.0004782126049033503,0.0038570609556694458,3.905131189135579e-05,0.2562491048872103,0.2562479722609807,1147
1.3912752263115353,0.011674724142978914,0.0007410917985793111,0.0036911326192410753,0.00014702154618843508,0.26212524417026045,0.26212509998585687,1148
1.389978986598765,0.011869561289982771,0.0006272383394506741,0.0036906736952019253,0.00015176164627756243,0.26231915769350983,0.2623168621629645,1149
1.3924836743655613,0.013899312355128573,0.0005981651816546834,0.0038653337022491806,3.8679152649729825e-05,0.25621925659944417,0.2562192347152653,1150
1.3917152232694818,0.013836231529377635,0.0005270899352868761,0.0038676323980909593,3.5698117384516945e-05,0.2559747901540152,0.2559741788923787,1151
1.390298147405161,0.011603237208158704,0.0006964359740675044,0.0036931526458757764,0.00014127871357870605,0.2618860722519555,0.26188595556990085,1152
1.3901953775587883,0.011854549872821057,0.0006448270941124742,0.0036862475920718557,0.00015108914040053314,0.26229183226376496,0.2622900291926117,1153
1.390717943898035,0.013668307260131659,0.0005283779677397419,0.003856197343780528,4.333959152236888e-05,0.25658328121246304,0.25658322273192863,1154
1.3898204800481424,0.013578350155262344,0.0004647829658891417,0.0038606522628202044,4.186795456591213e-05,0.2564705451521423,0.2564702124277692,1155
1.3915086288788574,0.011652665239781111,0.0007494603496371959,0.0036889123050022304,0.0001499897147198741,0.2622470288119149,0.2622466512348656,1156
1.390852729614332,0.01181398211219591,0.0006895955170861285,0.0036830263971432534,0.00015166879395226186,0.26231538850188096,0.26231347361465257,1157
1.3901158747303863,0.013581370553390868,0.0004956809764469604,0.0038487436513058174,4.359410525642652e-05,0.25660258322601287,0.256602521231855,1158
1.3899156531868335,0.013530725395450579,0.0004774204406246117,0.0038572736084656017,4.233234730570799e-05,0.2565063313246182,0.25650598720207324,1159
1.3900787439227054,0.011683975027640325,0.0006669079016726337,0.003699804003658095,0.00014478780237185224,0.2620327803259202,0.2620324934333162,1160
1.3892068713574697,0.011847032940080597,0.0006029993735466976,0.003700040304022036,0.00014276420751566514,0.2619483976965811,0.26194645160200386,1161
1.3910234484724322,0.013732416889720855,0.0005267435556402957,0.0038579351921738682,4.070089698750849e-05,0.2563797254633337,0.25637968058063215,1162
1.3901355792328447,0.013497890726842363,0.0004934313013892283,0.0038536388078595834,4.220422313074089e-05,0.2564964777480371,0.2564961360542579,1163
1.3899293202682432,0.011644982308464362,0.000661682834344052,0.0036963843125398573,0.00014402010372834904,0.2620008376261138,0.26200061638636746,1164
1.3893454518735038,0.011840673509527107,0.0006148812862922768,0.003701333232456462,0.0001419460122146922,0.2619141097953096,0.26191232465358616,1165
1.3902057280400324,0.013638090932100503,0.0004948551854662287,0.0038575852433089843,4.3125628394605825e-05,0.25656701061325515,0.2565669127905625,1166
1.3892045643686066,0.013355634799953936,0.0004647122129179111,0.0038504274975303195,4.603163456362437e-05,0.2567846617132783,0.25678442983191085,1167
1.3905671610776016,0.011670798485678459,0.0006941487381442581,0.0036933876758067654,0.00014701023808985332,0.26212477785734045,0.26212453503374217,1168
1.3897754125604262,0.011807360654151425,0.0006463713451435897,0.003697527992993658,0.0001417462074979025,0.2619057216286079,0.261904185841119,1169
1.3896490815226714,0.013529956545441701,0.00047250437686973735,0.0038525922854165326,4.432066349327941e-05,0.2566573766224602,0.25665724565374315,1170
1.3889973607381871,0.013332068786441815,0.0004603806538967109,0.003850766316186817,4.7426550032030714e-05,0.2568866936937859,0.2568865681074403,1171
1.3901614524030224,0.0117108734176406,0.000668989059910861,0.003700145319361418,0.0001453811870793512,0.26205741212198336,0.26205715313036154,1172
1.389294302622522,0.011805629976140215,0.0006216043394027482,0.003702471469637907,0.00013897923049984242,0.26178894526664037,0.26178758821118947,1173
1.3898610771745328,0.013504560526859116,0.0004873406375177354,0.0038513903192117956,4.415952152812997e-05,0.2566452630894593,0.25664514760688595,1174
1.3892567523454162,0.013348859630187226,0.0004726233829154472,0.00385075542155688,4.671975384881771e-05,0.25683518499009483,0.25683511184123703,1175
1.3894661088509297,0.011705710097823379,0.0006349230447971043,0.003706294839278974,0.00014094645776040643,0.2618720873379708,0.26187181971148876,1176
1.3887002603410672,0.011781724652497477,0.0005902589593431442,0.003707894438160001,0.00013628838379094188,0.26167426159510493,0.2616729611702802,1177
1.390052255798744,0.01348072397589942,0.0005055508165401788,0.0038518415667837935,4.479115556369242e-05,0.25669261948445393,0.2566925014821659,1178
1.389331414149612,0.01333371787322912,0.00047907160020625207,0.003851160069482355,4.680091031725569e-05,0.25684111908369206,0.2568410633258832,1179
1.3890885195697453,0.011695304311632276,0.0006187612949920729,0.0037099981504620555,0.0001376792372305341,0.2617336796117217,0.26173345129372905,1180
1.3883755568496865,0.011734451650136667,0.0005762218278882257,0.0037097584479679757,0.00013442068435622263,0.2615939934602458,0.26159274849168934,1181
1.3900118934384373,0.013429522380733193,0.0005114639565831683,0.0038504532955575318,4.566163239837647e-05,0.2567573391507587,0.256757168832615,1182
1.3892112506463998,0.013308411202970416,0.00047600572316123786,0.0038513976911019716,4.7383964616205445e-05,0.2568836011372105,0.2568835734900428,1183
1.3889291589451729,0.0116974892814907,0.0006118300365493975,0.003713250412256121,0.00013611186701805627,0.2616666990626336,0.2616665229660084,1184
1.3882185657678605,0.011701811225337705,0.0005695928064269123,0.003710834378258713,0.00013372140836965998,0.2615637973161786,0.2615626957074974,1185
1.3898406539831514,0.013364388501036332,0.0005092986236811501,0.0038482694074684493,4.65122364065455e-05,0.25681998800633443,0.2568197344852813,1186
1.3890130157811307,0.013278365023477375,0.000467174023855028,0.0038507113016883815,4.78173688447806e-05,0.2569150104009163,0.2569150088395595,1187
1.388830509782668,0.011686270766131717,0.0006087047222740853,0.0037155545689678566,0.0001349796759244045,0.261618075396743,0.2616179152897192,1188
1.3881146081214641,0.011677662493243623,0.0005648463707956352,0.0037120416628310835,0.00013348777152570837,0.2615536908183363,0.2615527418461195,1189
1.3896130443983274,0.013298552939874931,0.0005038592787138508,0.003846871164707179,4.7469861227834696e-05,0.25688983753276046,0.2568895089084658,1190
1.3887801510571285,0.013242102441678163,0.00045736034567244333,0.0038501228411371396,4.8430835500401905e-05,0.2569592266452819,0.25695921938539135,1191
1.3887537264765262,0.01166502397021578,0.0006068848518942014,0.003716997767855921,0.00013417530374603255,0.2615834063964808,0.26158323519224913,1192
1.3880234054075635,0.011643102193628093,0.0005624082005981766,0.0037126789645614547,0.00013291120609711495,0.26152871224799695,0.2615278392874457,1193
1.3893730552520223,0.013237923107525964,0.0004957581236911875,0.00384537999820065,4.818295123464321e-05,0.2569413940411594,0.256940992985607,1194
1.3885296485209841,0.013196502711401735,0.0004479486971219548,0.0038493987244348493,4.924424299795387e-05,0.2570174242424093,0.2570173969585785,1195
1.3886934876028245,0.011648517498288507,0.0006041617409722944,0.0037185057975667635,0.0001340915433693345,0.26157979029902245,0.26157962760158465,1196
1.387924530191373,0.01161360754374788,0.0005591360818521892,0.003713962294495077,0.00013231628642303676,0.26150288165735164,0.26150204744042116,1197
1.3891615276209488,0.01318670615830137,0.00048687326060103904,0.0038441342496421905,4.852594898531769e-05,0.25696605691803603,0.2569655522499072,1198
1.3882921938408512,0.01314366674098141,0.00043885433660006246,0.0038478518908873975,4.9876358834049464e-05,0.25706231964966536,0.25706226478214805,1199
1.3886436072619321,0.011624351532192443,0.0006021061032238286,0.0037193748500154084,0.00013423954293975853,0.26158617896201153,0.2615860426885317,1200
1.3878232184058594,0.011594819265184589,0.0005545377547059411,0.0037159578167939417,0.0001319169117298354,0.26148550877104865,0.26148472896987424,1201
1.3889948182421787,0.013148635797116085,0.00047969784267863863,0.003844228740366708,4.8798377115120574e-05,0.2569855835200161,0.2569849541480486,1202
1.3881001684166148,0.013096381795572161,0.0004318018584158476,0.0038467258686387174,5.039961953947118e-05,0.2570992689440161,0.25709916993501525,1203
1.3885821706483112,0.011590169544753268,0.0006003165228533581,0.003719635919721647,0.00013422969945916182,0.2615857541601383,0.26158563859567907,1204
1.3877221409514637,0.01157105265803171,0.0005506361872800549,0.003717424299411847,0.0001313583577795274,0.2614611673829295,0.26146045027743253,1205
1.3888629123012515,0.01311614849906016,0.0004740839106752904,0.0038447693930295135,4.899908015030013e-05,0.25699993429614165,0.25699918622942647,1206
1.387958647530912,0.013056707432861582,0.00042748053139430176,0.0038465734425690993,5.090829188073885e-05,0.25713500468680567,0.25713484719824375,1207
1.388486887807245,0.011561008740521603,0.0005960480580561915,0.003720419509065518,0.00013416976268651495,0.2615831672130948,0.26158306107772633,1208
1.3876080707884608,0.011544299284187478,0.000546351927737689,0.0037186034615462682,0.00013066212866503176,0.26143075363504226,0.26143008643949656,1209
1.3887551556743083,0.013083835721960533,0.0004693473838153362,0.003844814296498161,4.906043822558744e-05,0.257004315685746,0.2570034705587125,1210
1.3878505854882772,0.013018987371787388,0.0004245675962403492,0.0038464512508620164,5.128144126135679e-05,0.2571611061478906,0.25716089001809,1211
1.3883595986719701,0.011538471298050546,0.0005893843674724484,0.0037218686407572152,0.00013403087399801742,0.26157717037958833,0.2615770683247811,1212
1.3874708889167588,0.011523963533483846,0.000539873958568609,0.003720382795008431,0.00013005738937250808,0.26140427066376926,0.26140363466629857,1213
1.3886731316371603,0.013053162635147324,0.0004661791005432049,0.0038448523807245545,4.9113605117354725e-05,0.2570081099532866,0.25700718751024176,1214
1.387760904675719,0.01297925744217781,0.0004222700956153408,0.003845942478996814,5.150129166471309e-05,0.2571764400411843,0.25717617491383077,1215
1.3882201478952687,0.01151395227311096,0.0005826725902046932,0.0037232087120441276,0.0001336193164565043,0.2615593821831664,0.26155928377840804,1216
1.387319348221355,0.011505655110411883,0.000532297894030731,0.003722476825849264,0.00012944536401202815,0.26137740585599495,0.26137678649476537,1217
1.388616206326044,0.013025420359017052,0.00046488676937297426,0.0038453822347428216,4.924399349164938e-05,0.25701740646475957,0.25701641516735063,1218
1.3876861736916013,0.012941214590595607,0.00042086918548332275,0.0038456825620872817,5.1725369044656214e-05,0.2571920351114727,0.2571917292223571,1219
1.3880846052269176,0.011488751191348387,0.0005765626126294108,0.0037243544666259085,0.0001330758299986715,0.26153584977358285,0.26153575718141747,1220
1.3871735644376348,0.011484383787685506,0.0005254494625682709,0.0037242243604999276,0.00012875583140425673,0.2613470626773741,0.26134645872060086,1221
1.388569871677886,0.012997644051931382,0.00046432669250096503,0.003845943756909006,4.9379623871563435e-05,0.25702706367350997,0.2570260053462474,1222
1.3876240957843178,0.012906941044531398,0.00042008602341613103,0.0038458009268608723,5.195731391648921e-05,0.25720814219591215,0.2572077924407621,1223
1.3879531887053878,0.011466791164155509,0.0005704431801427769,0.0037256529503028827,0.00013255655070047834,0.26151332057663984,0.2615132322802595,1224
1.3870399476839799,0.011462755893005171,0.0005193034760408054,0.003725741687478957,0.0001281211413540995,0.2613190609749263,0.2613184785903139,1225
1.3885208051109361,0.012967467218956237,0.00046374406096670064,0.0038462899811453257,4.9515037919515e-05,0.25703669225698517,0.257035580213906,1226
1.3875658520494945,0.012874131200146546,0.0004192567658117004,0.0038459593971159056,5.2147233069689505e-05,0.2572213041114254,0.2572209074822364,1227
1.3878263162146884,0.011446334282223625,0.0005645167573224612,0.003727020810890125,0.0001320358329305962,0.26149068461540026,0.2614905968825888,1228
1.3869166638040336,0.011442001813500996,0.0005135600253576577,0.0037272171531273534,0.00012758980690604193,0.2612955658072556,0.26129500840711717,1229
1.3884647130412193,0.01293582097770439,0.00046301116108268245,0.003846593237521483,4.9693358140527475e-05,0.257049351611356,0.2570482095686463,1230
1.3875040632736872,0.012841941758523405,0.00041811763843284237,0.0038461047368574808,5.23311451818243e-05,0.2572340268994402,0.25723358982211286,1231
1.3877077057222602,0.011425854743428344,0.0005591436516312631,0.0037282795568305263,0.000131509118314578,0.2614677425116968,0.26146765235785707,1232
1.3868026299629455,0.011420374687520222,0.000508405224063256,0.0037285599114779255,0.0001270942304697666,0.2612736076953993,0.2612730692572125,1233
1.388401707073472,0.012903351684831364,0.0004619773249052049,0.0038469012646244584,4.989301362742029e-05,0.2570634986817738,0.2570623418943704,1234
1.3874357980977576,0.01280998436599183,0.0004166682719505854,0.003846313435110412,5.254586038502649e-05,0.25724885234951206,0.25724838709491743,1235
1.3876004229075454,0.011406156694788411,0.0005542813128230443,0.003729472856461987,0.00013106458658207045,0.2614483442725169,0.26144825222084583,1236
1.3866978901362768,0.011398524635555678,0.0005037928209820448,0.0037297959118996206,0.00012663837364858117,0.2612533716569116,0.2612528452056145,1237
1.388333765388442,0.01287061470737787,0.0004605223793270933,0.0038471883786986285,5.007210843206443e-05,0.25707616481097384,0.2570749937229309,1238
1.387362425325594,0.01277787360878845,0.00041486654195884034,0.0038464996848666397,5.2757070259132025e-05,0.25726340624357,0.25726291935052575,1239
1.3875046204239834,0.011386252967802345,0.0005499953028956668,0.0037305602110731186,0.0001307094249248254,0.26143282226420167,0.26143273007355117,1240
1.386602929890414,0.011377610474728133,0.0004996092766309758,0.003731002302175785,0.00012625886889034636,0.2612364971806318,0.2612359818308828,1241
1.3882622614695954,0.012838613833454046,0.00045874732715776834,0.003847566537778087,5.0245745612741895e-05,0.257088423351687,0.257087237329042,1242
1.3872868445585826,0.012746002420480488,0.0004128610325131843,0.00384669222469001,5.2960859660148705e-05,0.25727742122321834,0.25727691394859564,1243
1.3874178550597447,0.011364933837207818,0.0005462930188506759,0.003731472663673055,0.00013040417794169397,0.26141946487107404,0.26141937283483185,1244
1.3865172871534686,0.011356509474747853,0.0004959775483651995,0.0037320984080046857,0.00012591795451546035,0.26122131696885265,0.26122081373997297,1245
1.3881876855311555,0.012807350753333927,0.00045669398399556985,0.0038480425566232443,5.041542973438752e-05,0.2571003823653651,0.2570991857730176,1246
1.3872113272689528,0.012714771455738561,0.000410850966038257,0.0038469904926237567,5.317389732721766e-05,0.25729204342603756,0.25729151739568423,1247
1.3873365715067199,0.011343333073572284,0.0005428523272158182,0.003732300603023123,0.00013015391669851596,0.26140850194804366,0.26140840912550317,1248
1.3864389650723417,0.011334802939006107,0.0004928362577014313,0.003733060500814249,0.00012559384240938548,0.2612068658602388,0.2612063737879022,1249
1.3881101298676823,0.012776421491496048,0.0004543259377658372,0.0038485101828697236,5.056665099866338e-05,0.2571110232033557,0.25710982345944045,1250
1.3871359877949567,0.012683730171029655,0.0004088319588679284,0.0038473527350432976,5.338663784337393e-05,0.2573066160322939,0.257306075746524,1251
1.3872586691241235,0.011322464531504794,0.0005394654840643604,0.0037331423073214847,0.00012995937215875823,0.2613999724630702,0.2613998777103786,1252
1.3863653325066798,0.01131364567993355,0.0004898938083253482,0.0037340042912652554,0.0001253066740710659,0.2611940463672019,0.2611935619843359,1253
1.3880308486716706,0.012745690055728407,0.00045176586403637144,0.003848960174306944,5.070528755608711e-05,0.25712076453452065,0.257119568090815,1254
1.3870604370673738,0.012652243138271612,0.00040674915571403306,0.0038476869692456277,5.3582571530720235e-05,0.2573200117165699,0.2573194629884793,1255
1.3871838555945701,0.011301686316356247,0.0005362407086086441,0.003733961579676864,0.00012978164278717148,0.2613921746294187,0.26139207703497375,1256
1.3862947075354297,0.011293328943909135,0.0004870217865522488,0.003734980205732485,0.0001250554200308849,0.26118281807197474,0.26118233723656903,1257
1.3879518003183189,0.01271542396907418,0.0004492167993393373,0.0038494639446167815,5.084989259336877e-05,0.2571309110633473,0.2571297229788003,1258
1.386985158292643,0.012620610658215528,0.00040465965581128145,0.0038480197198530147,5.3771676185237825e-05,0.2573329173038592,0.25733236616238564,1259
1.3871124759952325,0.01128068719458913,0.0005332626930268365,0.003734721141746807,0.00012960185502431225,0.2613842810499527,0.26138418037247957,1260
1.3862269023253786,0.011273115956064856,0.0004843009163191615,0.0037359299924792193,0.00012481796371840013,0.2611721960114563,0.2611717161694424,1261
1.3878743581528228,0.012685557539038123,0.00044676706006830465,0.0038500207236759777,5.099903515259973e-05,0.2571413608753934,0.2571401851776789,1262
1.3869117159288176,0.012589285543021607,0.00040265674365907436,0.0038484103496338076,5.3958408862893975e-05,0.2573456387647974,0.25734508938913214,1263
1.3870436105560882,0.011259994576395491,0.0005304290302057676,0.0037354644102403686,0.00012942271769197556,0.2613764105803182,0.26137630666462885,1264
1.3861618700717429,0.01125283466628272,0.0004817442448158746,0.003736834725748575,0.00012459239812818195,0.2611620964934094,0.2611616172538639,1265
1.3877984155643237,0.012655941083725742,0.0004444040452886501,0.0038505907961583754,5.1149471150146825e-05,0.2571518858457156,0.2571507276808235,1266
1.3868405002568223,0.01255846468208987,0.00040073205043745526,0.0038488501897989327,5.413780586495939e-05,0.25735783975531945,0.2573572949508856,1267
1.386976445172637,0.011239763434146028,0.0005276806135989655,0.0037362158320887323,0.00012924153953225862,0.26136844490386696,0.2613683370996649,1268
1.3860992319233765,0.011232709211422177,0.00047930250259242755,0.0037377171302223023,0.00012438373717855883,0.2611527457237471,0.2611522670830916,1269
1.3877236143246328,0.012626562132020538,0.00044211917547065313,0.0038511729996187575,5.1304227339967715e-05,0.25716269693201993,0.2571615619847706,1270
1.386771177898477,0.012528170213527296,0.0003988588750976319,0.003849322573207451,5.430901226597641e-05,0.25736946485614637,0.25736892696957103,1271
1.3869105429447295,0.0112197369627815,0.0005250197440151362,0.0037369646948972922,0.00012905147147246316,0.2613600823708485,0.26135996960969893,1272
1.3860383493135697,0.01121261362161986,0.00047695356946562354,0.003738581760524129,0.0001241857642893711,0.2611438666668877,0.2611433881548576,1273
1.3876499676057301,0.012597485283367751,0.00043991381349661534,0.0038517781086126056,5.146438907881138e-05,0.25717386848769974,0.25717276257581967,1274
1.38670334779829,0.01249839243143936,0.0003970352803895377,0.0038498326408652455,5.4477552765045684e-05,0.2573808910549503,0.2573803630842906,1275
1.3868458416402543,0.011199951066922098,0.0005224304081435241,0.003737710819357012,0.00012885692617495086,0.26135151647027616,0.26135139776070304,1276
1.3859787371695915,0.011192481866753862,0.0004746823126499138,0.0037394271694716485,0.00012399170492469135,0.2611351562595543,0.2611346767282997,1277
1.387577687950246,0.012568848519094728,0.00043776948706377545,0.0038523982172066866,5.1625131596503376e-05,0.25718506308925004,0.2571839907783208,1278
1.38663677975752,0.012469070321476974,0.00039525157785815786,0.003850367691173065,5.4643723831931085e-05,0.2573921393271455,0.25739162450874886,1279
1.3867824509215076,0.011180424264059748,0.0005199080422312072,0.0037384538758840334,0.00012866298550204207,0.26134297075293955,0.2613428454880329,1280
1.3859201535888375,0.011172511813544447,0.0004724577116244129,0.003740269127297962,0.00012380250088353027,0.26112665721964734,0.261126175511116,1281
1.3875070721370044,0.012540761754200588,0.000435693618260862,0.0038530421000967027,5.178547558646896e-05,0.25719621258624764,0.2571951769047906,1282
1.3865715151831288,0.012440157367567999,0.00039351111212969505,0.0038509183309864458,5.48069035175354e-05,0.2574031684782622,0.2574026693612924,1283
1.386720460879,0.011160949872533504,0.000517476031977276,0.0037391826805964292,0.00012846796442161367,0.2613343709318874,0.26133423868501365,1284
1.385862633917118,0.011152729116729475,0.00047028480796963007,0.003741110174528465,0.00012361590187582664,0.2611182688344826,0.26111778421013826,1285
1.3874381826308921,0.012513258122378594,0.0004336939387907215,0.003853719616437315,5.1946702398387026e-05,0.2572074060797479,0.2572064092796591,1286
1.3865076535915513,0.012411636543703183,0.00039183277172203865,0.0038514907000349987,5.4969777969472075e-05,0.2574141606382295,0.2574136789230544,1287
1.3866597948360326,0.011141473188857784,0.0005151345829260842,0.003739895775319228,0.00012827102881768823,0.26132568005983253,0.2613255402892873,1288
1.3858061804122717,0.011133003411282818,0.00046818167256807005,0.0037419430011698305,0.00012342699583822752,0.2611097702873744,0.2611092823418153,1289
1.3873709848992577,0.012486279665627011,0.00043176944501294406,0.0038544250058377087,5.210826238447771e-05,0.2572186052935784,0.2572176496598235,1290
1.3864452682627673,0.012383484831308184,0.0003902314724878555,0.003852089481763551,5.513442965597574e-05,0.25742525620136947,0.2574247932769613,1291
1.3866002356979121,0.011122139380107502,0.0005128558167721261,0.003740604975321199,0.0001280739220104994,0.26131697494962763,0.2613168269681398,1292
1.3857506511754292,0.01111336054154739,0.00046613948240387413,0.003742769981015516,0.00012323446115835183,0.26110110179929685,0.26110061017333225,1293
1.3873054092867037,0.012459710909921392,0.00042991745171776566,0.003855146477773076,5.22688995310763e-05,0.2572297233371047,0.2572288111281026,1294
1.386384276043201,0.012355639930468279,0.00038870090855153583,0.0038527059372572272,5.5299683762578025e-05,0.25743637571418887,0.2574359328511618,1295
1.38654162248232,0.011102997943751162,0.0005106266286929639,0.00374131688466327,0.00012787616485905034,0.26130823438291984,0.26130807740199824,1296
1.3856958127159624,0.011093888957624738,0.0004641330743972759,0.0037436008770764945,0.00012304023868769,0.2610923504582072,0.26109185470852253,1297
1.3872414690512695,0.01243346822813675,0.0004281489009236994,0.0038558834208622527,5.242959113032822e-05,0.2572408280693805,0.2572399612467849,1298
1.3863245489886034,0.012328034276527374,0.0003872330187820461,0.0038533348231932847,5.5464556310159014e-05,0.2574474530082545,0.25744703132914243,1299
1.386483890660962,0.011084002830346542,0.0005084511416123608,0.003742031419195071,0.0001276751218525185,0.26129934165571245,0.26129917484582593,1300
1.3856414686859124,0.01107456749458248,0.00046215097471070596,0.003744438393234969,0.00012284416967802485,0.2610835089063899,0.2610830085044547,1301
1.3871791974062293,0.012407512429264229,0.00042647205606805716,0.003856637098290536,5.259112463273011e-05,0.2572519738439083,0.25725115380779207,1302
1.3862659727894144,0.01230066411664658,0.00038582155277822364,0.0038539771069512853,5.562933003060507e-05,0.25745850722535046,0.2574581076025336,1303
1.3864270253978646,0.011065150944203012,0.0005063290538362985,0.003742749797681523,0.000127470514752004,0.26129028408641713,0.2612901066756783,1304
1.3855874960207717,0.011055346841679907,0.0004601884405974391,0.003745281788512447,0.00012264614329909952,0.26107457192396616,0.26107406645559533,1305
1.3871186195121588,0.012381819562020804,0.0004248882193971745,0.00385740599782317,5.2753105090952414e-05,0.2572631332832981,0.25726236086571685,1306
1.386208509224521,0.01227354360553843,0.0003844609751221063,0.0038546331402266568,5.5793508825581156e-05,0.2574695052597599,0.2574691282328236,1307
1.3863709664703077,0.011046448153541123,0.0005042550231522242,0.0037434735904983227,0.00012726276042849296,0.2612810797545489,0.2612808910451409,1308
1.3855338311668526,0.011036218581693088,0.0004582403105987895,0.00374613112938379,0.0001224469758747476,0.261065576165512,0.2610650653788707,1309
1.387059680532753,0.012356366282877838,0.0004233936133300687,0.003858188696331484,5.29151937078705e-05,0.257274283037377,0.25727355849464845,1310
1.3861521329062607,0.012246668920975808,0.00038314678390721524,0.003855302144711774,5.5956329205524214e-05,0.257480396326768,0.2574800420495527,1311
1.386315599153779,0.01102786465644997,0.0005022235172323561,0.0037442033352363254,0.00012705175129057228,0.26127172352795136,0.2612715228608127,1312
1.38548042460913,0.011017176116234055,0.00045630265596573156,0.003746986676107365,0.0001222472650063908,0.26105654851237,0.26105603230562185,1313
1.3870022486859317,0.012331141182682376,0.00042198105704429516,0.003858984362160666,5.307760375838349e-05,0.25728543778769564,0.2572847609150203,1314
1.386096778573316,0.012220025274108736,0.0003818757996774246,0.003855983761466136,5.6117827433739796e-05,0.2574911833133184,0.25749085161805707,1315
1.3862607961576028,0.011009373210840761,0.00050022811861423,0.0037449399079485623,0.00012683730616660523,0.26126220698471686,0.26126199367290087,1316
1.3854272202433278,0.010998198805105079,0.00045437426610853555,0.0037478482876527413,0.00012204634892606324,0.2610474589352513,0.2610469372031761,1317
1.3869461598734636,0.01230611903329703,0.0004206406494400866,0.003859790572413174,5.324021231861541e-05,0.2572965890879654,0.25729595928835824,1318
1.3860423432215363,0.012193585483940315,0.0003806450170035398,0.0038566767319227475,5.6278505986623916e-05,0.25750190015840146,0.25750159070400913,1319
1.386206446386423,0.010990976213842325,0.0004982596399488145,0.0037456856438890878,0.0001266201800343357,0.261252563265067,0.2612523366256872,1320
1.3853741543866351,0.010979292733284698,0.0004524508018703155,0.0037487178828384633,0.00012184401359694884,0.26103829758599345,0.2610377701501341,1321
1.3868912653976775,0.012281267859140885,0.00041936329125899063,0.003860604865622783,5.3402738578152747e-05,0.25730771774072814,0.2573071340446229,1322
1.385988721793363,0.01216731224343934,0.00037944995251629936,0.0038573781221299514,5.643835735431417e-05,0.25751254666237183,0.2575122590027416,1323
1.3861524650057953,0.010972670290317435,0.0004963121051994267,0.003746441748828201,0.00012640061007919334,0.26124280259006594,0.26124256200481505,1324
1.3853211846119915,0.010960479188993512,0.0004505275510044837,0.0037495976486466255,0.00012164049033326045,0.2610290747723125,0.26102854144000126,1325
1.3868374216468953,0.01225655201483254,0.0004181427075530718,0.0038614259618909574,5.35654043736789e-05,0.2573188390044924,0.25731830014315626,1326
1.3859358188550914,0.01214117328330235,0.00037828688550339037,0.0038580857880977436,5.6597491898316655e-05,0.25752313045867986,0.25752286405597896,1327
1.386098786532491,0.010954438331165736,0.0004943826016860954,0.0037472085042465682,0.00012617840654837996,0.2612329162085533,0.26123266113652105,1328
1.3852683004524113,0.010941760165159988,0.00044860366684451667,0.003750487999959959,0.00012143576571534506,0.2610197897309951,0.2610192503215012,1329
1.386784471590186,0.0122319341283738,0.0004169723670360931,0.003862252308710984,5.3728555070337524e-05,0.2573299764713359,0.25732948091963,1330
1.3858835438051968,0.012115152798361955,0.00037715218780028174,0.00385879873626291,5.6756250516004876e-05,0.25753367443655517,0.257533428649413,1331
1.3860453549419571,0.010936272927072607,0.0004924677788587855,0.0037479865859165948,0.00012595358770740408,0.2612229046020807,0.26122263456911426,1332
1.3852155122009275,0.010923125841747115,0.00044668070128211807,0.0037513885637746,0.00012122969725805202,0.26101043583415534,0.26100989018436893,1333
1.386732250447416,0.01220737599189719,0.00041584425955620797,0.0038630819355230557,5.389230614349756e-05,0.25734113793246643,0.2573406839462803,1334
1.3858318139256747,0.012089243524316036,0.00037604195940410664,0.0038595163413012138,5.691492401902918e-05,0.2575441980368379,0.2575439721163967,1335
1.3859921160579722,0.010918175453070937,0.0004905629802080225,0.0037487771141487447,0.0001257266005935226,0.2612127873694957,0.2612125019524284,1336
1.3851628431335505,0.010904573870348324,0.00044475990086329165,0.003752299301500084,0.00012102252790559949,0.26100102394805136,0.26100047190992837,1337
1.3866805879770598,0.012182845204102883,0.0004147492381706457,0.0038639130188861228,5.405668262217932e-05,0.2573523249807241,0.25735191065451357,1338
1.3857805479608571,0.012063437115386839,0.0003749515763453754,0.0038602375155288456,5.7073573231128066e-05,0.25755470537023967,0.25755449848794304,1339
1.3859390248975758,0.010900141854161322,0.0004886647793153049,0.0037495804541844073,0.00012549777095610025,0.2612025787636642,0.2612022775870977,1340
1.3851103278553198,0.010886106368051372,0.0004428428806883552,0.0037532201109297656,0.00012081455618580204,0.2609915675035821,0.26099100893012916,1341
1.3866293169432462,0.012158320744540155,0.0004136780705415892,0.0038647442918601,5.422181838998156e-05,0.25736354659046723,0.2573631699122773,1342
1.385729669547496,0.012037724645871337,0.00037387738534876044,0.00386096138027268,5.723241871295677e-05,0.2575652110818507,0.2575650223681274,1343
1.385886046073419,0.010882164880679163,0.0004867705210128695,0.003750396638778224,0.00012526747454778077,0.26119229532079014,0.26119197806041283,1344
1.3850580068342437,0.010867724397565847,0.0004409321220211085,0.003754150681398188,0.00012060584625514151,0.260982069306608,0.2609815040240471,1345
1.3865782825389585,0.012133788258190255,0.00041262150970693633,0.003865574484128114,5.438775453188022e-05,0.2573748053894242,0.25737446427217603,1346
1.3856791066982521,0.012012096153043814,0.0003728163713573367,0.0038616869696618517,5.739175930902496e-05,0.2575757349022405,0.25757556346689303,1347
1.3858331617354196,0.010864241302452431,0.00048487818229268014,0.0037512257185136344,0.0001250362346461005,0.2611819602327186,0.2611816266098049,1348
1.3850059263389838,0.010849431145973325,0.0004390303242373774,0.0037550910057242664,0.00012039647589811098,0.2609725327932119,0.26097196058007444,1349
1.3865273503747637,0.012109236203087853,0.00041157136206573883,0.003866402480769876,5.4554502666677305e-05,0.25738610199406137,0.25738579430801006,1350
1.3856287933421856,0.011986538092393743,0.0003717659802054446,0.003862413067661264,5.755185435379303e-05,0.25758629384836845,0.2575861387928241,1351
1.3857803779650393,0.01084637035119448,0.000482987266290187,0.0037520674608555863,0.00012480453616108141,0.26117159505894666,0.261171244832721,1352
1.3849541416064446,0.01083123239042575,0.0004371404325447711,0.0037560411133536593,0.00012018663160060656,0.2609629663686708,0.26096238695802043,1353
1.386476410186895,0.012084654805268439,0.00041052126499203836,0.0038672274030643883,5.472215385159967e-05,0.25739744238582496,0.25739716600090656,1354
1.385578674760768,0.011961036906087389,0.00037072416715394933,0.0038631385284008004,5.7712902211508314e-05,0.25759690082938486,0.2575967612575294,1355
1.3857277201141474,0.010828552236615552,0.0004810989223439867,0.00375292136322315,0.0001245726501349432,0.2611612118578111,0.261160844820119,1356
1.3849027153516666,0.010813133145151439,0.0004352659619860597,0.0037570007035297483,0.00011997649617054796,0.26095337829943566,0.26095279140018585,1357
1.3864253724004747,0.012060036500515263,0.00040946656537604913,0.003868048457343083,5.48909142225817e-05,0.25740884027514305,0.2574085931028857,1358
1.3855287065097377,0.011935583354632559,0.00036968946360856823,0.0038638625964664422,5.787515514458651e-05,0.25760757222407954,0.2576074472488438,1359
1.3856752250328155,0.010810790157376203,0.00047921501180165293,0.0037537870712550663,0.00012434077502268448,0.26115081947762964,0.2611504354385394,1360
1.3848517106814462,0.01079513513815882,0.00043341077326985723,0.0037579692412635533,0.00011976619850742231,0.2609437744177876,0.260943179724355,1361
1.3863741628843456,0.01203537389334831,0.0004084035367836541,0.003868864633211442,5.506097148855059e-05,0.2574203080453948,0.25742008806298905,1362
1.3854788443026833,0.011910169570815561,0.0003686602035008302,0.0038645845110725913,5.803884012008517e-05,0.25761832265791396,0.2576182114036786,1363
1.3856229429594573,0.010793091566396193,0.0004773379697637529,0.003754664361428177,0.00012410913052546136,0.2611404277532535,0.2611400265266751,1364
1.3848011867456458,0.010777239784680781,0.0004315783566682733,0.0037589463561337882,0.00011955594832561732,0.26093416427193306,0.2609335614682062,1365
1.3863227242170861,0.012010662211810222,0.00040732934939657526,0.0038696749967063464,5.523250752058079e-05,0.2574318576090087,0.2574316628689464,1366
1.3854290422190456,0.011884787035603491,0.0003676344081516439,0.0038653033692293585,5.820412210535648e-05,0.2576291626083966,0.2576290642098876,1367
1.3855709380093544,0.01077546471795036,0.0004754711733716099,0.0037555528340123797,0.00012387790241116456,0.261130045031857,0.261129626422614,1368
1.3847511995401691,0.010759449475132408,0.0004297718417459503,0.0037599317428505,0.00011934601344708118,0.2609245601031383,0.2609239488669306,1369
1.3862710145640458,0.011985900281491577,0.0004062420397664229,0.0038704788146280643,5.54057255292084e-05,0.257443502235454,0.25744333087115884,1370
1.3853792559982445,0.011859426420556915,0.0003666101572943419,0.0038660182979915947,5.8371141097117436e-05,0.2576401008564755,0.25764001446033724,1371
1.3855192813355137,0.010757916655654383,0.00047361867035125766,0.00375645198376746,0.00012364721524068877,0.26111967693958277,0.2611192407378963,1372
1.3847018001311155,0.010741765976079282,0.0004279941386156932,0.0037609250805526145,0.0001191366279783454,0.2609149726512871,0.2609143526589027,1373
1.3862190031040398,0.011961088966621358,0.00040514026934155054,0.003871275409978877,5.55808411047916e-05,0.25745525593824864,0.25745510616336714,1374
1.3853294405522087,0.01183407713728766,0.0003655856350683425,0.003866728444197073,5.854006227705151e-05,0.2576511477751414,0.25765107253967623,1375
1.3854680485262283,0.010740454492774084,0.00047178480030529376,0.0037573613422398617,0.00012341719542311867,0.26110932920671265,0.26110887518343795,1376
1.3846530334263316,0.010724189981738868,0.0004262478871483572,0.0037619260933573467,0.0001189279901278823,0.2609054110480936,0.26090478197757533,1377
1.3861666665755572,0.011936228921911046,0.00040402310311890143,0.0038720640502545147,5.575804771621962e-05,0.2574671311570254,0.2574670012603224,1378
1.385279547489722,0.011808726752876914,0.0003645588734603331,0.00386743287968023,5.871104022648974e-05,0.2576623129815017,0.25766224807497284,1379
1.3854173188516545,0.010723086420396178,0.0004699740628044561,0.003758280524325889,0.0001231879795049192,0.26109900804148367,0.2610985359463294,1380
1.384604938927067,0.010706722253402459,0.0004245353280231801,0.0037629346375781937,0.00011872032577502721,0.2608958857269626,0.2608952472665277,1381
1.3861139857653642,0.011911318617155449,0.00040288998499683266,0.003872844003714552,5.593753571053208e-05,0.2574791400381683,0.2574790283769483,1382
1.385229524766266,0.011783360827937062,0.0003635276642139734,0.003868130622486541,5.8884197322366604e-05,0.25767360393311817,0.2576735485304752,1383
1.385367172585206,0.010705820418029624,0.0004681910866414104,0.003759209167906816,0.00012295968019832766,0.26108871860037614,0.2610882281572758,1384
1.384557551914106,0.010689363220884578,0.00042285840216299135,0.0037639505901589944,0.00011851389356609599,0.26088640866246054,0.2608857605193895,1385
1.3860609404252002,0.01188635421766335,0.00040174046850191384,0.0038736145317680914,5.6119507828480984e-05,0.2574912954706433,0.2574912004653836,1386
1.385179316190101,0.011757964220520454,0.0003624895084333059,0.0038688207347180076,5.905964233557812e-05,0.2576850271525596,0.2576849804354654,1387
1.3853176869671058,0.010688663508262307,0.0004664403809483422,0.003760146971751959,0.0001227324028100565,0.26107846572455123,0.26107795663373795,1388
1.3845109033003837,0.010672111935267455,0.00042121886059406607,0.003764973778381265,0.00011830895446031828,0.26087699197665964,0.26087633388480064,1389
1.3860075050070355,0.011861328960421308,0.00040057385309068364,0.003874374817179871,5.63041489735308e-05,0.2575036090632129,0.2575035291900448,1390
1.385128860635485,0.01173252124457312,0.00036144157235559727,0.0038695023110380433,5.923747535728928e-05,0.2576965885532026,0.2576965497104752,1391
1.3852689332700858,0.010671621701452565,0.00046472604788813036,0.0037610937320498405,0.0001225062983712962,0.2610682563383442,0.2610677282811816,1392
1.3844650195887873,0.01065496635519671,0.0004196182162663588,0.0037660040335394484,0.0001181057878149225,0.26086764867921863,0.26086698040351486,1393
1.3859536460418314,0.011836233442636465,0.0003993889051161132,0.003875123971684306,5.649160378502869e-05,0.25751608966052353,0.2575160234438578,1394
1.3850780916584162,0.011707015380898005,0.0003603806300549412,0.0038701744184557164,5.941777258147933e-05,0.2577082924556272,0.2577082606850877,1395
1.3852209761560736,0.010654699740869014,0.00046305173806848515,0.003762049293980569,0.00012228157608800612,0.2610581000216134,0.2610575526689316,1396
1.3844199243784399,0.010637924213640062,0.00041805776734492024,0.00376704122663656,0.00011790470377323052,0.2608583932408635,0.2608577145793765,1397
1.3858993211843709,0.011811055788688995,0.0003981837985654422,0.003875861099615372,5.6681979186597624e-05,0.2575287435330603,0.2575286895397853,1398
1.3850269391796803,0.011681428851159224,0.00035930321201348093,0.0038708361005444962,5.960058770080596e-05,0.25772014168916646,0.2577201162004141,1399
1.385173873003908,0.010637900414151021,0.00046142067139696253,0.003763013495601216,0.00012205849395461827,0.26104800859678423,0.26104744161628524,1400
1.384375640304938,0.010620983246832867,0.00041653872949740046,0.0037680852282742285,0.00011770603187812948,0.2608492410738323,0.26084855185574524,1401
1.385844478601634,0.011785781912844939,0.0003969560926427588,0.0038765853193926288,5.687535217903289e-05,0.25754157491370555,0.25754153175051525,1402
1.3849753310428072,0.01165574325288609,0.00035820571895547334,0.0038714864246395028,5.978596639772622e-05,0.2577321385397396,0.25773211855858724,1403
1.385127673777709,0.010621224572684265,0.00045983563375649576,0.003763986173387968,0.00012183735655600588,0.2610379960389559,0.2610374091038163,1404
1.3843321902654047,0.010604140968384147,0.00041506236591812935,0.0037691358742716467,0.00011751009977384598,0.2608402075521572,0.26083950763408265,1405
1.3857890577289935,0.011760395175435704,0.00039570278665400523,0.003877295750842306,5.707176364103599e-05,0.25755458560352823,0.25755455191720267,1406
1.3849231946272946,0.011629939805236144,0.0003570845323417318,0.0038721245091448172,5.9973951767581614e-05,0.2577442851037124,0.2577442698773042,1407
1.3850824213968151,0.01060467167598951,0.00045829894627941414,0.0037649671918681543,0.0001216185272105181,0.26102807903537684,0.2610274718325687,1408
1.384289598142404,0.010587394708709546,0.0004136300197789236,0.003770192979362011,0.00011731724152707208,0.2608313083940525,0.2608305976567272,1409
1.3857329906057674,0.011734876683080209,0.0003944203804256769,0.003877991521140538,5.727121441994182e-05,0.2575677747336943,0.2575677492143241,1410
1.3848704575814903,0.011603999714260644,0.0003559360055379201,0.003872749506822557,6.016457420178991e-05,0.2577565826368182,0.2577565714391185,1411
1.3850381536315681,0.010588240054985314,0.000456812587782961,0.0037659564094760997,0.00012140242172162609,0.26101827671288147,0.26101764895019736,1412
1.38424788992923,0.010570741830069338,0.0004122431626559669,0.0037712563365041116,0.00011712780557894396,0.26082256002889076,0.2608218383737753,1413
1.3856762037124954,0.011709205966428942,0.0003931049789260453,0.0038786718048623384,5.7473670891876494e-05,0.25758113915529035,0.2575811205415197,1414
1.3848170490206797,0.011577904498341127,0.00035475652717005166,0.003873360616796646,6.035785245839789e-05,0.25776903162938586,0.25776902376662225,1415
1.3849949045424061,0.010571926808216161,0.0004553783080459752,0.003766953642105698,0.00012118950347246329,0.2610086104242299,0.2610079618348152,1416
1.3842070942266378,0.010554179761230223,0.00041090343177515773,0.0037723257042272134,0.00011694215063423355,0.26081397940788836,0.26081324675364426,1417
1.3856186202278915,0.011683361869156902,0.00039175239429065014,0.003879335857616506,5.7679066330458935e-05,0.2575946735499598,0.25759466063578057,1418
1.384762900609106,0.011551636301448774,0.00035354258537224296,0.0038739571036679075,6.055379715553166e-05,0.25778163203676013,0.257781626852889,1419
1.3849527058582163,0.010555727932392768,0.0004539977186957254,0.0037679586476497603,0.0001209802799893702,0.2609991035993562,0.26099843394522976,1420
1.384167242187897,0.010537705914921407,0.0004096126478884165,0.003773400801984106,0.000116760634898886,0.26080558350571065,0.26080483978436453,1421
1.3855601626627705,0.0116573232219108,0.000390358273343716,0.0038799830272540354,5.788729856175082e-05,0.2576083702960457,0.25760836193802233,1422
1.3847079475534645,0.011525177888893403,0.00035229084588226826,0.0038745382993611082,6.0752414024262435e-05,0.2577943834922502,0.25779438037386737,1423
1.384911588081376,0.01053963869969543,0.00045267234064986855,0.003768971132269,0.00012077530425007187,0.2609897818108492,0.26098909088485356,1424
1.3841283667533086,0.010521317768068535,0.0004083727603369559,0.0037744813346290377,0.00011658361479035136,0.26079738925807305,0.2607966344123897,1425
1.3855007557838885,0.011631069365560106,0.0003889182550567477,0.003880612763129089,5.80982276516332e-05,0.2576222193389874,0.2576222144634189,1426
1.3846521293343361,0.011498512591301009,0.000350998183353333,0.0038751035849264627,6.095369716234398e-05,0.25780728487775,0.25780728325827706,1427
1.3848715815092645,0.010523653921527017,0.000451403675797423,0.0037699907454057436,0.00012057516275385461,0.2609806722359724,0.2609799598615578,1428
1.384090501524909,0.010505012937389804,0.0004071857654309606,0.0037755670174309044,0.00011641144551555581,0.2607894135853417,0.2607886475670962,1429
1.3854403295880453,0.01160458059188101,0.00038742816100793495,0.0038812246392389144,5.831168019617306e-05,0.25763620849611724,0.25763620610541665,1430
1.384595390627969,0.011471624382184928,0.00034966173237485913,0.0038756523924211406,6.115762693120877e-05,0.2578203341956216,0.2578203335586563,1431
1.3848327164021672,0.010507768043756706,0.00045019323119506645,0.0037710170772166716,0.00012038046408097303,0.26097180313717727,0.260971069166161,1432
1.3840536791492137,0.010488789044330456,0.0004060536140135076,0.0037766575816645153,0.00011624447643407961,0.2607816731741451,0.26078089594409043,1433
1.3853788219943293,0.01157783856639163,0.0003858841452258428,0.003881818365832509,5.852744740279917e-05,0.2576503233528263,0.25765032253076015,1434
1.3845376823721318,0.011444498133712106,0.00034827892665697933,0.00387618421764048,6.136416471267093e-05,0.25783352824164635,0.2578335281235816,1435
1.3847950220933618,0.010491975195465053,0.0004490424699897131,0.0037720496729638803,0.00012019183059701717,0.26096320348242324,0.2609624477925331,1436
1.3840179292210002,0.010472643484612063,0.00040497809395041175,0.0037777527849458072,0.00011608304590109893,0.26077418423367166,0.2607733957634406,1437
1.3853161811632122,0.011550826686517437,0.0003842828111143633,0.0038823937941485386,5.8745279588012316e-05,0.25766454692646684,0.2576645468419632,1438
1.384478962967459,0.011417119844921246,0.0003468475495103404,0.003876698628355048,6.15732474907445e-05,0.2578468622704075,0.2578468622623493,1439
1.3847585251542402,0.01047626916610043,0.0004479526943140601,0.0037730880556546597,0.00012000989564244535,0.26095490281300776,0.26095412530584283,1440
1.3839832758163928,0.010456573273791724,0.00040396068099220845,0.003778852434316195,0.0001159274771234898,0.26076696229785773,0.2607661625737365,1441
1.3852523676207702,0.011523530442491364,0.0003826213019609296,0.0038829509220256807,5.8964876600432406e-05,0.25767885906892635,0.2576788589784861,1442
1.3844191997051634,0.011389476815053187,0.00034536579126005404,0.0038771952636860504,6.178477829564082e-05,0.2578603294012173,0.25786032915031837,1443
1.384723246979092,0.010460643275315967,0.0004469249011343911,0.0037741317444311873,0.0001198352979118362,0.26094693098141375,0.26094613158170926,1444
1.3839497349959304,0.01044057498628793,0.00040300238222426256,0.0037799564132014146,0.00011577807318657083,0.2607600219882011,0.2607592110161901,1445
1.3851873563053783,0.011495937699116034,0.0003808974006801225,0.003883489906986423,5.918588034128763e-05,0.25769323601232197,0.2576932352611927,1446
1.3843583706878622,0.011361557853109605,0.0003438323490982417,0.003877673842037491,6.199861997333966e-05,0.2578739202417436,0.2578739194520275,1447
1.384689200730571,0.010445090161288665,0.0004459596005534946,0.003775180275391725,0.00011966867571342963,0.26093931788154223,0.2609384965378244,1448
1.3839173122887227,0.010424644676885964,0.0004021035860403536,0.0037810647005643784,0.00011563510731686,0.26075337655422054,0.2607525543660928,1449
1.385121138463051,0.011468038885564302,0.0003791096181628587,0.00388401107196895,5.9407864715321966e-05,0.257707649753026,0.25770764777537664,1450
1.3842964669607625,0.011333353574098011,0.0003422465364318273,0.0038781341720487555,6.221458898309382e-05,0.2578876225177866,0.2578876209504941,1451
1.3846563879863376,0.010429601555362654,0.00044505661258062695,0.0037762332287409263,0.00011951066253397748,0.260932093236612,0.2609312499239904,1452
1.3838860001850801,0.010408777747287082,0.00040126391626916694,0.003782177390729104,0.00011549881285067747,0.2607470373987754,0.2607462040587058,1453
1.385053723535223,0.01143982709726863,0.0003772572865114964,0.0038845149094055885,5.9630324917413745e-05,0.2577220673991758,0.25772206371750933,1454
1.3842334948212,0.011304856734162884,0.00034060840457391154,0.003878576163797365,6.243244982257051e-05,0.25790142074709166,0.257901418220543,1455
1.3846247952637734,0.010414168057923992,0.00044421485256048235,0.003777290256170047,0.00011936188425548472,0.2609252864610263,0.2609244211861826,1456
1.3838557756809489,0.01039296882600791,0.0004004820888844358,0.0037832947138620233,0.00011536937296737103,0.26074101359124785,0.26074016920301096,1457
1.384985141059349,0.011411298246425667,0.00037534064681062497,0.0038850020860880614,5.985266529097244e-05,0.2577364504322701,0.25773644465628187,1458
1.3841694781731615,0.011276062598253204,0.00033891886510998,0.003878999837203768,6.265190906512535e-05,0.25791529589245565,0.25791529228137505,1459
1.3845943906640634,0.0103987788993972,0.00044343212487092567,0.003778351103680254,0.00011922295665954683,0.2609189265342133,0.26091803934294594,1460
1.3838265979367523,0.010377211705078824,0.0003997557727642404,0.003784417058181897,0.00011524691008307566,0.2607353113640488,0.26073445607863277,1461
1.384915442689084,0.01138245124229202,0.0003733609477718609,0.0038854734535816162,6.007418811534509e-05,0.25775075403527586,0.2577507458603143,1462
1.3841044609989959,0.01124696929662283,0.00033717982835532916,0.0038794053312221455,6.28726115976935e-05,0.2579292251574598,0.25792922039170163,1463
1.3845651206046192,0.010383421667489161,0.0004427049251732796,0.0037794156298306563,0.00011909448247456747,0.2609130418525069,0.2609121328395368,1464
1.3837984059876849,0.010361499286879787,0.0003990814579497363,0.0037855449894395495,0.00011513147178351108,0.2607299334473011,0.26072906747082497,1465
1.3848447042772476,0.011353288190326633,0.00037132054744390094,0.0038859300578652847,6.029408204816821e-05,0.257764926403268,0.25776491560844705,1466
1.3840385097425265,0.011217578167534813,0.00033539434350293235,0.00387979291241451,6.309413895180295e-05,0.25794318191607135,0.2579431759786296,1467
1.3845369067499467,0.010368082060732859,0.00044202825322932793,0.003780483824376721,0.0001189770488339571,0.2609076600989377,0.26090672941999427,1468
1.3837711164078754,0.010345823526982111,0.00039845432320692706,0.0037866792717289846,0.00011502301511892334,0.26072487832653235,0.2607240019283529,1469
1.3847730280817212,0.011323814530492029,0.0003692230293187862,0.0038863731472606627,6.05114109358963e-05,0.25777890808120885,0.2577788945271822,1470
1.3839717155555535,0.011187894048079869,0.00033356673676851554,0.003880162980525041,6.331600886073574e-05,0.2579571357196378,0.2579571286438634,1471
1.384509643109419,0.010352743691579704,0.00044139543503467053,0.0037815558265818124,0.00011887122363218952,0.260902808061788,0.2609018559475667,1472
1.3837446208675066,0.010330175394466005,0.00039786809743090114,0.0037878208903844397,0.00011492138932805736,0.2607201394267079,0.26071925294788256,1473
1.3847005449867003,0.011294039150220836,0.00036707332322728135,0.00388680418001732,6.0725103163459165e-05,0.2577926313375816,0.25779261496390954,1474
1.383904196269801,0.011157925551920673,0.0003317027351318914,0.0038805160716206583,6.353767595807021e-05,0.25797105237456575,0.2579710442405139,1475
1.3844831933180797,0.010337387925227589,0.0004407979560928837,0.0037826319418762084,0.00011877755093587467,0.26089851140917303,0.2608975381810019,1476
1.3837187836173412,0.010314544856882211,0.00039731491642322676,0.0037889710757580473,0.00011482631721541565,0.2607157042332931,0.2607148080954213,1477
1.384627416601307,0.011263974452137879,0.00036487782399595155,0.003887224831448599,6.093394203934773e-05,0.2578060196028032,0.2578060004248609,1478
1.383836098058656,0.011127685311527306,0.00032980957618970757,0.0038808528583774413,6.375853423052535e-05,0.2579848941276967,0.25798488505758066,1479
1.3844573880429305,0.010321993724554716,0.000440225304326635,0.0037837126549538536,0.0001186965452412805,0.26089479441023466,0.26089380049718597,1480
1.3836934389821327,0.010298920890254696,0.0003967851826084142,0.0037901313260408397,0.00011473737367689457,0.2607115532803088,0.2607106479947522,1481
1.3845538370053385,0.01123363637610145,0.00036264449082892304,0.0038876369992970716,6.113655699197195e-05,0.2578189869543293,0.2578189650596881,1482
1.383767596644539,0.011097190173605368,0.00032789609740555296,0.0038811741475849215,6.397792215959998e-05,0.25799862001595275,0.25799861016868114,1483
1.3844320226268707,0.01030653752982074,0.00043966482650629335,0.0037847986407926375,0.0001186286856835826,0.2608916796539185,0.2608906656112132,1484
1.3836683890435792,0.010283291541390743,0.00039626743711443683,0.003791303429975374,0.00011465396187474657,0.2607076590286928,0.26070674520586495,1485
1.3844800339292123,0.011203044319798858,0.00036038291899549176,0.003888042805207068,6.133141656454872e-05,0.25783143770737843,0.25783141325163655,1486
1.3836988979021774,0.011066461299925844,0.00032597279888724314,0.0038814808719959907,6.419513111365162e-05,0.25801218641281215,0.2580121759776357,1487
1.3844068552124758,0.010290993209924576,0.00043910161283717284,0.0037858907718799073,0.00011857440963647729,0.26088918773997755,0.26088815426826567,1488
1.3836434018165735,0.0102676440747232,0.00039574826213891975,0.003792489488124322,0.00011457528714431659,0.2607039846386435,0.26070306299696855,1489
1.3844062690626064,0.011172220921472192,0.000358104369314875,0.003888444590442384,6.151682474908563e-05,0.25784326620414516,0.257843239406168,1490
1.3836302375890581,0.011035524154229991,0.0003240518657177915,0.003881774075061637,6.440941821149816e-05,0.2580255478449448,0.25802553703425657,1491
1.3843816057694633,0.010275332126578572,0.0004385184344426744,0.0037869901197513356,0.00011853410621655638,0.2608873369662446,0.26088628493111893,1492
1.3836182103399808,0.010251965233238536,0.0003952122378950067,0.003793691929993489,0.0001145003298105752,0.26070048269054136,0.2606995540643816,1493
1.3843328371385109,0.011141191659618185,0.00035582173973611165,0.0038888449031203457,6.169092277808246e-05,0.25785435692963354,0.2578543280661842,1494
1.3835618798903688,0.01100440833769275,0.0003221471340146638,0.003882054886222669,6.462002489567827e-05,0.25803865815268184,0.25803864719406944,1495
1.3843559565450083,0.010259523348232038,0.0004378957655071438,0.003788097947687056,0.00011850810997634148,0.26088614302571583,0.26088507347649387,1496
1.3835925131875813,0.010236241639113521,0.00039464198481827645,0.003794913523633335,0.00011442781770891923,0.26069709389081536,0.2606961592365541,1497
1.3842600633593862,0.01110998423820962,0.00035354945658617445,0.003889246474205428,6.185169846978029e-05,0.25786458507931476,0.2578645544790317,1498
1.3834941143718642,0.01097314722375402,0.0003202739804152255,0.00388232448472929,6.48262028758345e-05,0.2580514720937127,0.2580514612213932,1499
1.3843295545676653,0.010243534068812859,0.00043721192615777684,0.0037892156926293266,0.00011849669627136152,0.2608856187821989,0.2608845329687117,1500
1.3835659769552764,0.01022046036588295,0.00039401832265517476,0.003796157375099151,0.0001143562005308304,0.2606937458605874,0.2606928062597807,1501
1.3841882987236733,0.011078627720627702,0.0003513032645689365,0.0038896521781770403,6.199700583073415e-05,0.25787381774177776,0.257873785778462,1502
1.3834272509084138,0.010941777322724847,0.00031844911318086155,0.0038825840476218133,6.502724872342686e-05,0.25806394746531913,0.2580639369111513,1503
1.3843020168779914,0.010227330284140902,0.0004364433865175972,0.0037903449334493627,0.00011850007890525996,0.26088577415277664,0.2608846735385205,1504
1.3835382412927444,0.010204609709024526,0.00039332057926195455,0.0037974269149597477,0.00011428362797696531,0.2606903520978949,0.26068940875628094,1505
1.3841179128085876,0.011047151372732919,0.00034909989537259954,0.0038900649746814392,6.212459785047489e-05,0.25788191587435916,0.2578818829595156,1506
1.383361612164377,0.010910337321642215,0.00031669024301590385,0.0038828346791194924,6.522254852864492e-05,0.25807604782852633,0.25807603781285055,1507
1.3842729390929647,0.010210877774115144,0.00043556526731976827,0.003791487344743177,0.00011851841124443886,0.2608866161521585,0.26088550242189534,1508
1.3835089269724279,0.010188680170139556,0.00039252707621832884,0.0037987258693811922,0.00011420793464542875,0.2606868112477684,0.26068586548882766,1509
1.384049283614843,0.011015583186342931,0.000346956597848054,0.0038904878269485606,6.223217543619613e-05,0.2578887372523235,0.2578887038269084,1510
1.383297523285599,0.01087886676831531,0.000315015614009218,0.003883077318627748,6.541163336290322e-05,0.25808774587650374,0.2580877365991187,1511
1.3842419077150043,0.010194143408588255,0.00043455206243860696,0.003792644635988214,0.00011855179132399933,0.2608881491229685,0.26088702418275705,1512
1.3834776473327424,0.010172665643706252,0.00039161581022038156,0.003800058213766628,0.00011412663410710287,0.2606830067914938,0.26068206004333605,1513
1.3839827841678758,0.010983948082893574,0.00034489051573222227,0.003890923593868255,6.231745475506683e-05,0.25789414053301984,0.25789410705836324,1514
1.3832352986169116,0.01084740440515146,0.0003134433828792899,0.0038833126267181265,6.559424618602519e-05,0.2580990274839653,0.25809901911559036,1515
1.3842085162728943,0.010177096765536754,0.0004333785884314931,0.0037938184790083733,0.00011860027185483748,0.26089037519348335,0.26088924116131834,1516
1.3834440231760101,0.01015656477586338,0.0003905653331668948,0.0038014281090772662,0.00011403692469946848,0.26067880726951603,0.26067786104401136,1517
1.3839187657419665,0.010952265841324388,0.00034291790659582064,0.0038913748933172227,6.237825439583486e-05,0.25789799052897855,0.25789795747689653,1518
1.383175225487108,0.010815986195364611,0.00031199084581240693,0.0038835408485685626,6.577042012929011e-05,0.2581098964314774,0.25810988910605187,1519
1.3841723849778989,0.0101597120075043,0.00043202114442173313,0.0037950104286073754,0.00011866387455496722,0.26089329493564584,0.2608921541213442,1520
1.3834077008769445,0.010140382439215737,0.0003893558156725788,0.003802839823262677,0.00011393570824725847,0.2606740670902547,0.2606731229536188,1521
1.3838575378110316,0.0109205488335014,0.00034105320860324217,0.0038918439365377426,6.241260283852365e-05,0.25790016473489785,0.25790013257705113,1522
1.3831175453851505,0.010784643134574518,0.0003106735280086598,0.003883761656898334,6.594056816979269e-05,0.2581203798045284,0.2581203736126643,1523
1.3841331831127746,0.010141969932848268,0.00043045883840648323,0.0037962218450599276,0.00011874260706215205,0.26089690814231964,0.26089576301599515,1524
1.3833683730759072,0.010124131245569276,0.0003879702564027327,0.003804297642618918,0.00011381962176072521,0.2606686279230614,0.2606676874574832,1525
1.3837993451006814,0.010888799701624902,0.0003393079761041723,0.0038923323344402867,6.241886564272124e-05,0.257900561096702,0.25790053029328014,1526
1.3830624331218442,0.01075339899432962,0.0003095041644522352,0.003883973977324507,6.61055838423724e-05,0.25813053404410635,0.25813052902793543,1527
1.3840906529364558,0.01012386008833316,0.0004286750132081618,0.0037974538297681363,0.00011883647812198883,0.26090121452508797,0.2609000676743852,1528
1.383325800956246,0.010107832994415504,0.0003863957790216227,0.003805805780308904,0.0001136850802542724,0.26066232058485733,0.2606613853412457,1529
1.3837443423957667,0.010857009164136216,0.0003376897207689096,0.0038928408793482408,6.239589085127059e-05,0.25789910696542784,0.2578990779532294,1530
1.3830099748216684,0.010722268193351921,0.0003084916143151589,0.003884175801407013,6.626695303920882e-05,0.2581404516483552,0.2581404477979114,1531
1.384044633521276,0.01010538282039334,0.00042665868519056917,0.003798707188372747,0.00011894550454873101,0.2609062140336934,0.2609050681107795,1532
1.3832798367887875,0.010091519945693649,0.00038462494059755164,0.003807368291147101,0.00011352832717506453,0.2606549672535895,0.26065403869602516,1533
1.3836925680049765,0.010825154193183814,0.0003362007079241243,0.0038933693071270454,6.23431701690617e-05,0.25789576913093726,0.25789574231086465,1534
1.3829601457710132,0.010691254017197565,0.00030763976059231646,0.003884363992724636,6.642687697058253e-05,0.25815026852137907,0.2581502657725659,1535
1.3839950827172491,0.01008655114883399,0.0004244058989510979,0.0037999824367519236,0.0001190697003649041,0.26091190635796074,0.2609107640179073,1536
1.3832304451923572,0.010075235809038506,0.00038265696206009304,0.0038089890034551537,0.00011334548721104783,0.2606463837621536,0.26064546320514026,1537
1.3836439170677777,0.010793196854412376,0.00033483677391551764,0.0038939160476119,6.226101288799652e-05,0.257890564801584,0.2578905405254872,1538
1.382912789354685,0.01066034741842025,0.0003069464574409314,0.0038845340929811066,6.658840645934255e-05,0.25816017196260854,0.2581601701967442,1539
1.383942095278818,0.010067392378125192,0.00042192089396473785,0.0038012798663544867,0.00011920903556336667,0.2609182890401091,0.2609171528725612,1540
1.3831777213478273,0.010059036357752226,0.000380498778268233,0.0038106714795606584,0.00011313261478295844,0.2606363816583911,0.260635470198461,1541
1.3835981163068873,0.010761084150277649,0.0003335862516944274,0.0038944779738954677,6.215072829206883e-05,0.25788357332001605,0.2578835518767379,1542
1.3828675986628538,0.01062952663928345,0.0003064026026423771,0.0038846801372763376,6.675558609733682e-05,0.2581704091756372,0.25817040822058934,1543
1.383885914927405,0.010047949395471427,0.0004192169664457617,0.003802599685945702,0.00011936334829530323,0.2609253534631747,0.26092422591902076,1544
1.3831219040205875,0.010042989593368067,0.00037816578071643504,0.0038124190185630695,0.00011288572977309485,0.2606247696338836,0.2606238680775992,1545
1.3835547026765116,0.010728749278159021,0.0003324291340356121,0.0038950501671537008,6.201480976511296e-05,0.2578749482388847,0.2578749298393533,1546
1.3828241031602135,0.01059875793667425,0.000305991448430913,0.003884794494567759,6.69336025160004e-05,0.2581812958946612,0.2581812955277021,1547
1.383826937422294,0.010028281628284692,0.00041631687030158125,0.0038039422586700175,0.0001195321898928538,0.260933077786829,0.26093196110104006,1548
1.383063380410963,0.01002717540183832,0.0003756820729247035,0.0038142347190726553,0.00011260082853963414,0.2606113537562195,0.26061046254722364,1549
1.3835130099697641,0.010696114822624172,0.00033133668163996756,0.003895625722613477,6.185710838056666e-05,0.25786492901306596,0.25786491377446014,1550
1.382781664401753,0.010567997775049003,0.0003056883354917183,0.0038848677619472472,6.712892178602935e-05,0.2581932241386422,0.2581932240913803,1551
1.3837657002255237,0.010008465627176989,0.000413252515264076,0.003805308457640206,0.00011971457577648226,0.2609414156203154,0.2609403117314496,1552
1.3830026782409826,0.010011684652872417,0.0003730799574631664,0.003816121629272142,0.00011227385108547372,0.260595935592739,0.26059505474142475,1553
1.3834721701826231,0.010663098536805266,0.0003302718186581612,0.003896195635796297,6.168297514377811e-05,0.25785385097539915,0.2578538389048972,1554
1.3827394874074777,0.010537197000885958,0.00030546115704877593,0.0038848887628569534,6.734938562773933e-05,0.258206667144934,0.2582066671109999,1555
1.3837028519252847,0.009988595203271245,0.0004100635787395115,0.0038067001703017316,0.00011990860673610616,0.26095027884284716,0.2609491893092512,1556
1.3829404380752035,0.009996617703372668,0.00037039822341032136,0.003818083025976943,0.00011190057249724686,0.2605783066932873,0.2605774357140238,1557
1.3834311401109591,0.010629622463588203,0.00032919084556104,0.003896748820609264,6.149934039124046e-05,0.2578421515154478,0.25784214249499193,1558
1.382696657612519,0.010506307667839039,0.00030527201715844246,0.0038848447267023235,6.760421509018957e-05,0.2582221782448564,0.2582221778913874,1559
1.3836390918227806,0.009968781001657082,0.0004067944841942399,0.003808120988411611,0.0001201109169485283,0.26095951262367667,0.2609584385364751,1560
1.382877356424737,0.009982082293313807,0.0003676786481933864,0.0038201228794277594,0.00011147637043049852,0.26055823708914033,0.26055737495180126,1561
1.383388766908864,0.01059562602866261,0.00032804717828809646,0.0038972723115178964,6.131469219257499e-05,0.2578303698630764,0.2578303636379814,1562
1.3826522156208174,0.01047529316272205,0.0003050806635927697,0.003884721749136482,6.790385013725266e-05,0.2582403792471738,0.25824037823144314,1563
1.3835750691896092,0.009949149401213657,0.00040348913765718647,0.0038095771150825726,0.00012031590689220192,0.26096886078370046,0.2609678026773599,1564
1.382814090161219,0.009968190897437315,0.00036496011407472737,0.0038222465583157054,0.00011099581113645865,0.26053545495631103,0.2605346000606639,1565
1.3833439054291263,0.01056108307107172,0.00032679781123565264,0.003897751667105682,6.113892532543881e-05,0.257819138400453,0.25781913457645295,1566
1.382605279326762,0.01044414170831776,0.00030485016071727885,0.003884505620172927,6.825955093843723e-05,0.25826193384979795,0.25826193184233454,1567
1.383511237428341,0.009929840808219861,0.00040018312467423803,0.003811078481791779,0.00012051475200409782,0.2609779211148604,0.26097687887699106,1568
1.3827511200758134,0.009955057744255036,0.00036227015728458405,0.003824461775347552,0.00011045202235346383,0.2605096157091239,0.26050876589131416,1569
1.3832955884909204,0.010526021098148635,0.0003254126629676961,0.0038981714921329513,6.098307735960081e-05,0.25780916623972117,0.2578091642946984,1570
1.3825552088636297,0.010412881655574146,0.0003045546022857274,0.0038841830161206814,6.868273193029723e-05,0.2582875045659292,0.25828750128076605,1571
1.3834476779739993,0.009911007898950913,0.0003968941640635706,0.0038126399685613002,0.00012069427243008308,0.26098609450305627,0.26098506728488907,1572
1.3826885928479935,0.009942795920555688,0.0003596150245623414,0.0038267796162743343,0.0001098359288999553,0.26048026378007516,0.26047941635803273,1573
1.3832432213026555,0.010490538044367934,0.0003238854836201552,0.003898515812820366,6.0859063253626134e-05,0.2578012219077287,0.25780122122494553,1574
1.3825017782669864,0.010381593879787536,0.0003041871308457914,0.00388374283866278,6.91841279033578e-05,0.258317699676194,0.25831769490690654,1575
1.3833839478003536,0.009892815249870986,0.0003936138080023249,0.0038142824539490064,0.00012083592498488496,0.26099253951482027,0.2609915256404619,1576
1.3826261996296683,0.009931515156910644,0.00035697162697975705,0.003829215209046659,0.00010913565572294158,0.2604468012196529,0.26044595307677404,1577
1.3831867233910036,0.010454808057921853,0.00032224251355929306,0.0038987678238234904,6.077964861160152e-05,0.2577961303613781,0.2577961302889977,1578
1.3824452727185748,0.01035041281180708,0.0003037642796668505,0.0038831771752705865,6.977310388716964e-05,0.2583530296232666,0.2583530232798288,1579
1.3833190541192846,0.009875442903997007,0.00039030618747054396,0.0038160332649061195,0.00012091538112394174,0.26099615301475665,0.26099514987945505,1580
1.382563192423028,0.009921320837963186,0.0003542873979775433,0.0038317872728417237,0.0001083367010423629,0.26040849177558223,0.2604076394696161,1581
1.383126500256616,0.010419066009848875,0.0003205427354234922,0.0038989084546384306,6.0758977338005986e-05,0.2577948045092873,0.2577948044447455,1582
1.3823864017093908,0.010319506351456911,0.0003033211063603612,0.003882481157316654,7.045760555968908e-05,0.25839390288004865,0.2583938950168371,1583
1.383251677879459,0.009859097016952895,0.00038692064167319463,0.003817925669174773,0.00012090317567888052,0.26099559801369987,0.2609946019511418,1584
1.3824986389120728,0.00991231414958974,0.00035149421189358335,0.0038345157797370195,0.00010742358063347974,0.260364534752389,0.2603636746250001,1585
1.3830631545526404,0.010383565797732391,0.00031886450312364775,0.0038989135887493704,6.081382240538537e-05,0.2577983217685208,0.2577983212556217,1586
1.3823259684501936,0.010289031910572035,0.0003028938141210459,0.0038816513620291673,7.124510617624988e-05,0.25844068161798855,0.2584406724401255,1587
1.3831806770190702,0.00984402926106918,0.00038341994587408747,0.0038199976088555657,0.00012076643041801959,0.26098937807239425,0.2609883841679915,1588
1.382431900585137,0.009904591544037394,0.00034853590035958644,0.0038374177427354214,0.00010638308537138372,0.26031421763253926,0.2603133458980926,1589
1.3829970121100568,0.010348524694566655,0.0003172813638035129,0.0038987508085665604,6.096522213586946e-05,0.2578080229338719,0.2578080217486304,1590
1.3822644151374284,0.010259084830985806,0.0003024952551722127,0.0038806837707421405,7.214408493323985e-05,0.2584937674169499,0.25849375725500484,1591
1.383105662401793,0.009830561510391139,0.00037981217583015614,0.003822290747597214,0.00012047065160387407,0.2609759123358322,0.26097491418280977,1592
1.3823630805030445,0.00989823852634916,0.0003453948175517064,0.0038405026656293715,0.00010520795740774836,0.26025709302910666,0.2602562058526503,1593
1.382927803087068,0.01031408906702663,0.00031584361011514775,0.0038983777521611617,6.123950404850245e-05,0.2578255673307756,0.2578255655263439,1594
1.3822015935510197,0.010229676790736759,0.00030210040457294895,0.0038795741518411826,7.31642511419945e-05,0.2585536104156078,0.2585535996698944,1595
1.3830272080479944,0.00981910458914551,0.00037616048244506074,0.0038248510213984652,0.00011997998490789626,0.2609535375522201,0.26095252699749455,1596
1.382293025633584,0.00989330927638362,0.00034209290381031083,0.0038437699757178385,0.00010389879815166345,0.2601930759906744,0.26019216961722125,1597
1.3828549282133862,0.010280360583954878,0.0003145876971609665,0.0038977441133926398,6.166764536918752e-05,0.25785287497475845,0.25785287286183783,1598
1.3821370999523723,0.010200776459613287,0.00030165944226433195,0.0038783238340956605,7.431332836328459e-05,0.25862051787094514,0.2586205069405808,1599
1.382946405349091,0.009810156578049657,0.00037255263757433074,0.0038277299731150492,0.00011925564966239567,0.26092042351112793,0.2609193904913803,1600
1.3822227340477786,0.009889784052819183,0.0003386580130442068,0.0038472086034952334,0.00010246347839846353,0.260122424531626,0.2601214955529374,1601
1.3827783057980214,0.010247479501090579,0.0003135738955937429,0.0038967970502592573,6.228308415932828e-05,0.2578919632639368,0.2578919613153437,1602
1.3820710106689993,0.010172390962459012,0.00030113219894908785,0.0038769499884091776,7.559046316855184e-05,0.25869427761050634,0.25869426682628033,1603
1.3828641435362954,0.009804275573773611,0.00036905078046815885,0.0038309831576194358,0.00011825546998934597,0.26087453309293535,0.2608734656576369,1604
1.3821526911986444,0.00988750602985721,0.000335087262254414,0.0038507946139281764,0.00010091717697394446,0.26004575417646403,0.26004479995710866,1605
1.3826990486788513,0.010215696279750396,0.0003129117790327618,0.0038954876389512352,6.311931078733813e-05,0.2579447662512712,0.25794476492666235,1606
1.3820042509753736,0.010144607125127741,0.0003005070859902149,0.0038754944742242347,7.697984710606583e-05,0.25877381599454113,0.2587738055635575,1607
1.3827809942922074,0.009802036094613817,0.00036567242491499093,0.0038346617294400887,0.00011693882288461364,0.26081382554347043,0.2608127100885218,1608
1.382082921555171,0.009886116213557523,0.0003313569290859684,0.003854482741630429,9.928734596875499e-05,0.2599643035867418,0.25996332274065226,1609
1.3826191883627856,0.010185361140516304,0.00031272786709740034,0.00389377818202428,6.420736064497179e-05,0.25801294955961734,0.25801294905836114,1610
1.3819380945967197,0.010117540589490916,0.0002997791131676194,0.003874026305362534,7.844784784689006e-05,0.2588570789680848,0.2588570689270402,1611
1.3826979091860572,0.009803968271107572,0.00036241827716225526,0.003838797587333797,0.00011527773661312904,0.2607367470219396,0.2607355687337032,1612
1.3820136831480856,0.009885013997418299,0.00032747666255921023,0.0038581958470294024,9.762185485105831e-05,0.2598803772625876,0.2598793700175959,1613
1.3825407891845067,0.010156853419988902,0.00031309161399974,0.0038916544776659693,6.557043957105033e-05,0.25809755762999254,0.2580975576247965,1614
1.3818734164675324,0.010091255238180939,0.00029891877691200274,0.0038726396391370135,7.994216443614297e-05,0.25894103821914116,0.2589410283975612,1615
1.3826167009881358,0.00981043910785675,0.00035929239027140264,0.00384338576787847,0.00011327034868089071,0.2606428543483828,0.260641597989157,1616
1.3819457711357974,0.009883360350128658,0.0003235225046901649,0.0038618231938454656,9.599194243930685e-05,0.25979754777683206,0.2597965161717283,1617
1.382465538526309,0.010130529836196035,0.00031396757017647874,0.0038891448859654522,6.721334457211784e-05,0.2581983745079203,0.2581983739725476,1618
1.3818106318358312,0.010065749298296879,0.0002978815789033305,0.0038714498873290825,8.139088219043929e-05,0.25902168954190063,0.2590216795437981,1619
1.3825394581783832,0.009821434824467628,0.0003562719754574462,0.0038483666732931185,0.00011095345152907337,0.2605334444285368,0.2605320956958263,1620
1.3818799794782728,0.009880132291273118,0.00031961285878594474,0.003865232624501568,9.448511454923582e-05,0.2597203453924866,0.25971929335762806,1621
1.382394933791221,0.010106690710018747,0.00031521891297364225,0.003886339294326873,6.910904894255492e-05,0.25831318524649577,0.2583131824958483,1622
1.3817501097720994,0.010040990134164901,0.0002966460364266036,0.003870582871613666,8.270595339295606e-05,0.25909428135659746,0.25909427055888806,1623
1.3824675363036683,0.00983630154415708,0.0003532735886063619,0.003853612240708379,0.00010841212102594463,0.2604121141477581,0.26041066161565357,1624
1.3818165138572989,0.009874249248116326,0.00031586746674844437,0.0038682921618132513,9.319122994143561e-05,0.25965356048002164,0.25965249379659955,1625
1.3823302136419315,0.010085492659270053,0.00031662962783099056,0.003883396889757756,7.118806461780034e-05,0.25843730197502734,0.258437294958329,1626
1.3816922305648522,0.010016913625645107,0.0002952280618521054,0.0038701522153982387,8.379718977970379e-05,0.2591540804988652,0.2591540680549583,1627
1.3824011370516538,0.009853600410740055,0.0003501778784862289,0.003858925939351228,0.00010578104061459235,0.26028499103619407,0.2602834282726897,1628
1.3817549581048456,0.009864775676317118,0.0003123828355116059,0.0038708958937537577,9.218580337872298e-05,0.2596013438319187,0.2596002699082081,1629
1.3822719197849682,0.010066821593525592,0.0003179389328978126,0.003880535107481823,7.333597110089259e-05,0.2585636423968363,0.25856362916719733,1630
1.3816371056413483,0.009993393043772366,0.0002936641114946245,0.0038702315367964636,8.459401349767758e-05,0.2591975003940026,0.2591974852481556,1631
1.3823394645002798,0.009871197516445135,0.0003468957684573488,0.0038640648091971975,0.00010323134473532636,0.2601602827094194,0.26015860996940937,1632
1.381694446413274,0.009851137486973567,0.0003092076082475818,0.003872989385838316,9.15127303991171e-05,0.25956622864033246,0.25956515614457126,1633
1.3822198083040729,0.010050233084774136,0.0003189098141933212,0.003877998518008479,7.54032862957388e-05,0.2586835065668046,0.2586834857492474,1634
1.3815845132703102,0.009970245902992524,0.00029199445701253834,0.003870833358911119,8.50657302717095e-05,0.25922310849289487,0.2592230894362309,1635
1.382281011498917,0.009886586923023395,0.00034341766465777386,0.0038687806815420837,0.00010094360715446257,0.2600470695804529,0.2600452945735982,1636
1.3816337068234692,0.00983326163757704,0.00030631213191623774,0.0038745862835154405,9.117077126723063e-05,0.2595483386652983,0.2595472771233697,1637
1.3821732728385936,0.010035009463185777,0.0003194075466822288,0.003876014325275291,7.722871583376196e-05,0.2587879870182973,0.25878795809242006,1638
1.3815340795607283,0.009947288651048295,0.00029025841256026736,0.003871901720294816,8.523309477905391e-05,0.2592321771418801,0.25923215293055946,1639
1.382223903793028,0.009897356121467861,0.0003398165760360867,0.003872868734546809,9.907452884323408e-05,0.2599536188817552,0.2599517563295773,1640
1.3815711892025269,0.009811603709436987,0.00030358219059282065,0.0038757693876103447,9.110868383062735e-05,0.25954508689487044,0.2595440462370033,1641
1.3821316384226814,0.010020272610870948,0.00031942468471928345,0.0038747467835049676,7.867174687363746e-05,0.2588697095146142,0.25886967284963947,1642
1.3814852955307029,0.009924383375497498,0.00028848800288744397,0.0038733200362466376,8.516805698224853e-05,0.2592286541262661,0.2592286236230524,1643
1.382166412817477,0.009901674359198505,0.00033621411498161775,0.003876210003045459,9.772608785481128e-05,0.25988565060351676,0.2598837205467787,1644
1.3815056011929159,0.009787086492923518,0.00030086321097875786,0.003876676241512103,9.123089033762165e-05,0.2595514862894537,0.2595504761823236,1645
1.3820937181547082,0.010005070380836121,0.0003190190870205317,0.0038742619010552243,7.964693351209934e-05,0.2589245130686273,0.25892446979475553,1646
1.381437116085147,0.009901423029250414,0.00028668611493117544,0.0038749332282694404,8.498142866262657e-05,0.25921853723009386,0.25921849945738,1647
1.3821076152617575,0.009898687865247457,0.0003327392079688487,0.003878797088239738,9.69237003361431e-05,0.25984498351121743,0.259843008605502,1648
1.3814368338296932,0.009760965445761525,0.0002980466608203575,0.003877472631047875,9.141361881405576e-05,0.2595610469517755,0.25956007583507024,1649
1.3820567458610107,0.009988430510706617,0.00031819920867399965,0.003874510053641019,8.015050554790762e-05,0.25895268147249234,0.25895263331449886,1650
1.3813873659730944,0.009878259667661428,0.0002847934744781451,0.003876580667788663,8.480074658304215e-05,0.25920873208335665,0.25920868605568187,1651
1.3820478983633833,0.009888704558706336,0.0003295037300399659,0.0038807357957965287,9.660791734134411e-05,0.2598289326654192,0.2598269350526997,1652
1.381366690630849,0.009734591030991674,0.0002951485067639233,0.003878316824321856,9.153080960628753e-05,0.2595671735432304,0.25956624766495245,1653
1.3820157469997782,0.009969467444751781,0.000316849300267618,0.003875333104439524,8.026850624724707e-05,0.25895926929203755,0.25895921841959746,1654
1.381332739362363,0.009854662494615357,0.0002826805901044507,0.003878132575168982,8.47429563156524e-05,0.2592055937513912,0.25920553804892954,1655
1.381988676754132,0.009873050791072093,0.00032658351701775654,0.0038822198899044844,9.664261962786375e-05,0.2598306978199853,0.25982869657335933,1656
1.3812984582616101,0.009709046816702645,0.0002923077456315008,0.003879319643330211,9.148533042665626e-05,0.2595647964132362,0.25956391954718616,1657
1.3819647691131134,0.00994761804049119,0.000314788068162304,0.003876501681435396,8.015741680900524e-05,0.25895306745249946,0.2589530163214531,1658
1.3812702741561456,0.00983041992998406,0.00028021566742238667,0.0038795199722390307,8.48874819716044e-05,0.25921344028968574,0.2592133725169137,1659
1.3819308086799205,0.00985355312362653,0.0003239666132370117,0.0038834818302340237,9.684078976284854e-05,0.2598407718072745,0.2598387821415193,1660
1.3812348770492684,0.009684758081910542,0.00028967175280863436,0.0038805129873371734,9.123368177635e-05,0.2595516324142185,0.2595508068587185,1661
1.381900158974353,0.009922923118435178,0.0003119569704090565,0.003877779003410104,7.999908200668134e-05,0.25894422059246536,0.2589441717605616,1662
1.381200053790094,0.00980558371288718,0.00027740558418927746,0.0038807495943982365,8.525556296795323e-05,0.25923339390299976,0.25923331030376373,1663
1.381872307732405,0.009831774817589045,0.00032147021922883,0.003884728224997037,9.700672279193069e-05,0.259849199093933,0.25984723403130655,1664
1.3811756399277053,0.009661298805994045,0.0002872390123454851,0.00388184334731309,9.079037645372037e-05,0.25952839842018166,0.2595276270871427,1665
1.381823511753542,0.009896092847400473,0.00030857910188796206,0.003878990730928733,7.994823503278481e-05,0.25894137769210007,0.25894133366779765,1666
1.3811268210551517,0.009780634496333462,0.00027449028593282034,0.003881896839063751,8.580538150105947e-05,0.2592631194260389,0.2592630148371066,1667
1.3818076418855842,0.00980836916784861,0.0003187308826399424,0.003886077482604011,9.698767443497187e-05,0.2598482320461579,0.25984630580726426,1668
1.381117083562775,0.009637633084525138,0.0002848262661127247,0.003883197721896951,9.021035440668255e-05,0.2594979131606202,0.25949720139542987,1669
1.3817406324777013,0.009868119413827344,0.00030507341643256096,0.0038800720738975843,8.009635645342919e-05,0.2589496567785267,0.25894961996123733,1670
1.3810576603778661,0.00975628163355962,0.00027182903629479184,0.0038830727643085526,8.645483029765432e-05,0.2592981089635288,0.2592979769518406,1671
1.381730887563122,0.009782978957335917,0.00031539789883619246,0.0038875276958884406,9.671490269791798e-05,0.2598343735284927,0.2598325045604501,1672
1.3810557052945789,0.009612800166339464,0.0002822631963039375,0.0038844532182003566,8.956265093558295e-05,0.25946375458978005,0.2594631099378253,1673
1.381656093675236,0.009839570905491351,0.00030171829077707774,0.003881073777937385,8.046296688663702e-05,0.2589701152103324,0.2589700877941258,1674
1.3809966217028924,0.009732969548324132,0.0002696129416480146,0.003884374730250475,8.712814925214092e-05,0.2593342460462611,0.25933407878078585,1675
1.3816408207423987,0.0097547063674159,0.00031143220221094075,0.0038889767355718896,9.620619167737054e-05,0.25980847550220576,0.2598066876395861,1676
1.3809924419172428,0.009586609729445061,0.00027963153940175424,0.003885530961156628,8.890494295322214e-05,0.25942894177271353,0.2594283715067184,1677
1.3815688744539674,0.009810192688580943,0.00029840645457495946,0.003882123717724851,8.101333132173058e-05,0.2590007405985136,0.25900072406160424,1678
1.3809419487458048,0.009710643900484641,0.00026771271218445467,0.003885845957818401,8.779469865872256e-05,0.2593698825317462,0.2593696703130879,1679
1.381541973872321,0.009722651277210139,0.0003071598565165639,0.0038902846684013967,9.552268737335637e-05,0.2597735708609165,0.25977189301433445,1680
1.380932168992225,0.00955974360164509,0.0002772166078722054,0.0038864283516389297,8.82615445442228e-05,0.2593947615480236,0.25939427005842075,1681
1.3814746970691132,0.00977933997341753,0.0002948225377966642,0.003883356377879679,8.169781425011772e-05,0.259038684320747,0.25903867816487197,1682
1.3808896097070598,0.009689112367818197,0.0002658781706642672,0.0038874641052966193,8.846866561911058e-05,0.2594057783101193,0.25940550963935255,1683
1.3814398215155734,0.009686218330145926,0.0003029543827527078,0.003891343807158229,9.471021134410333e-05,0.25973191714638505,0.2597303818999598,1684
1.3808785558084076,0.00953322995719731,0.0002751899462459065,0.0038872074725602255,8.761937134503449e-05,0.25936052195900605,0.25936010978525603,1685
1.3813724636745608,0.00974685491554484,0.0002908611044521254,0.0038848466257949683,8.249583445375385e-05,0.25908272175362396,0.25908272158004064,1686
1.3808386900836633,0.009668496965723222,0.0002640465186042257,0.0038891622634090184,8.917546249013382e-05,0.25944327604648587,0.25944293918059,1687
1.3813365469177392,0.009645459124145038,0.00029893504394652346,0.0038921245362525288,9.376620004869972e-05,0.2596832948962995,0.25968193498996134,1688
1.380831009680854,0.00950790773116976,0.00027344478319625293,0.0038879483011712004,8.695641856488854e-05,0.2593250425502991,0.25932470635088845,1689
1.381266720529431,0.009713461689402752,0.00028677186161716857,0.0038865885934984408,8.343396668112839e-05,0.2591342195441717,0.2591342148509098,1690
1.380791511863961,0.009649102176537477,0.0002623477364829931,0.003890873504341945,8.991364289861556e-05,0.25948228046930777,0.25948186609763213,1691
1.3812333322150712,0.009601506310861417,0.00029507530355233887,0.0038926725208475927,9.265364022329015e-05,0.25962567609175013,0.25962451857366026,1692
1.3807873284115293,0.009484268322193918,0.00027180313888654857,0.003888704665365657,8.628583910571013e-05,0.2592890171226944,0.25928874926580814,1693
1.3811642066224072,0.009680484956472583,0.00028291021711325103,0.0038885272779668723,8.455770310475837e-05,0.25919552625491105,0.2591954984885602,1694
1.3807491109793528,0.009630879074190248,0.00026084296551089276,0.0038925676893670916,9.063364169585792e-05,0.25952017025561297,0.2595196743998056,1695
1.3811353467902487,0.009556603304805488,0.0002915215423624199,0.0038930565121462414,9.135220649049873e-05,0.2595578348223067,0.2595568947845975,1696
1.3807470703367812,0.009462424148321527,0.00027026179086189425,0.003889492502220138,8.567302829257342e-05,0.25925597257410443,0.2592557610204053,1697
1.381070481941229,0.009649473978067851,0.000279492558141401,0.00389061267933539,8.587230207222342e-05,0.25926673092693553,0.2592666531332612,1698
1.3807087109148395,0.00961314103947211,0.00025938900883829924,0.0038942431404767153,9.1246275072641e-05,0.25955229161367266,0.2595517187232223,1699
1.3810516959136878,0.009513530347101997,0.00028864263403818424,0.0038933147022341364,8.990855627135032e-05,0.25948201224800677,0.25948128803307435,1700
1.3807106577598487,0.009442066558712974,0.000268928366521711,0.0038903149206408086,8.520321889916953e-05,0.2592305589700283,0.2592303886646112,1701
1.3809892775996162,0.009621865913717019,0.00027657924838698524,0.003892825665913908,8.730348148869035e-05,0.2593436332060227,0.2593434734474093,1702
1.3806649859915214,0.009594693559727314,0.0002577221500408211,0.003895881978839982,9.166356610437829e-05,0.25957410915460954,0.2595734747250959,1703
1.3809904247597973,0.009474802642993043,0.0002867906394018344,0.0038934575815059245,8.844120523333964e-05,0.2594043184353434,0.25940378968135386,1704
1.380677303026122,0.009422671085152715,0.0002678347918297458,0.0038911992175149164,8.492937003202888e-05,0.25921571321342135,0.25921556833628473,1705
1.380920909061737,0.00959831572484273,0.00027407097601128065,0.003895143772040013,8.871750349013103e-05,0.2594189969471346,0.2594187265840557,1706
1.3806118141933417,0.009574203859321471,0.0002555421233248211,0.003897423781143265,9.184368723371335e-05,0.25958351121633993,0.259582841447982,1707
1.3809544481540335,0.009441960069617401,0.00028610228697926315,0.0038935245372542313,8.708877974376697e-05,0.25933213693340207,0.25933176747484793,1708
1.3806461625882591,0.00940391611750621,0.00026695930101666417,0.0038921982597480294,8.485044144088562e-05,0.25921142993464563,0.25921129564508466,1709
1.380859296891342,0.009577927529618495,0.00027160872123757265,0.003897484854336476,8.99806400947333e-05,0.2594858125690282,0.25948541729503916,1710
1.3805434708725282,0.009550717191224864,0.0002525431006786665,0.0038987960204520974,9.179661686492377e-05,0.2595810551018624,0.2595803820384334,1711
1.3809412380634025,0.009415156759919174,0.0002864849750483647,0.00389362369641852,8.595223044078681e-05,0.2592710425757186,0.25927078840532,1712
1.3806191222583302,0.009385900754734985,0.0002664040436321967,0.003893342935267806,8.493198908866644e-05,0.25921585530966423,0.25921571874201693,1713
1.3807921924077013,0.009558280574887664,0.0002685794896231383,0.003899706933938413,9.099855722534137e-05,0.25953931639192984,0.2595388045186191,1714
1.3804562920677945,0.009524084576229129,0.0002484906720232965,0.003899975168207228,9.155402816159893e-05,0.25956838691533735,0.2595677405481686,1715
1.3809451976812228,0.009393311824639292,0.00028773119478483567,0.0038938966924702205,8.508899354247436e-05,0.25922436954715466,0.2592241881716059,1716
1.3806011086566377,0.00936893489599627,0.0002664503668682518,0.003894600022181147,8.513415547250462e-05,0.25922681719080337,0.25922666833649044,1717
1.3807071062999605,0.009536638931890353,0.0002643941269426859,0.003901681383368463,9.170946064206513e-05,0.2595765056592718,0.25957590796686486,1718
1.3803510120594396,0.009495027370246083,0.00024337695569849702,0.0039010129885538106,9.115564039254593e-05,0.2595475463021944,0.25954694697029146,1719
1.380959823384735,0.00937478676568512,0.0002896067756147844,0.0038944394390787156,8.454501651863772e-05,0.2591948364052134,0.2591946928053115,1720
1.380596256245652,0.00935311238222636,0.00026733800616567463,0.0038958928776405945,8.54141269740308e-05,0.259241976356496,0.2592418090891713,1721
1.3805996871732165,0.00951152251931759,0.0002589131703444284,0.0039033639803972672,9.206882591469856e-05,0.2595952501746801,0.2595946106499809,1722
1.3802346141683348,0.009464887871463986,0.00023757143100072036,0.0039020025502455847,9.06752909263099e-05,0.259522357424835,0.2595218114225995,1723
1.3809776536445417,0.009358120300118409,0.00029178212813074124,0.0038952639705782492,8.435650496178593e-05,0.2591845797378969,0.2591844472884941,1724
1.3806029392528942,0.00933806893748993,0.0002689465344062849,0.0038971620412954,8.571348183293955e-05,0.2592581575830691,0.2592579702881372,1725
1.3804772300364334,0.009483332517049525,0.0002526245257016656,0.003904792941251887,9.206891751901381e-05,0.25959525494809876,0.25959461771999565,1726
1.3801184128037605,0.009435170683193484,0.00023173923081407934,0.0039030283060394423,9.023847761448857e-05,0.2594993935392997,0.2594988931281231,1727
1.3809913211107423,0.009342438638927754,0.00029382329087223333,0.003896327009837284,8.449268285878664e-05,0.25919199014679556,0.2591918492217017,1728
1.3806145964079206,0.009323118887451695,0.00027084422663412435,0.0038983864486381997,8.595697463680343e-05,0.25927129843316477,0.259271094235906,1729
1.3803522896940739,0.009453605357349501,0.0002462649386735063,0.0039060372983569765,9.178236252776261e-05,0.259580311191593,0.25957970920984047,1730
1.3800109291405145,0.009406874508731277,0.00022641042614822058,0.003904151275256736,8.997166863216226e-05,0.2594853396687816,0.2594848669920292,1731
1.3809989438644077,0.00932742408121532,0.00029552699546814217,0.003897557277060056,8.480960449646533e-05,0.2592092130226456,0.25920905148954404,1732
1.3806273728012626,0.009307614332092599,0.0002727851358980973,0.0038995462987860092,8.607367833965929e-05,0.2592775901148768,0.2592773770619844,1733
1.380232232479737,0.00942377468827184,0.000240223593071787,0.0039071723590911964,9.137087665432909e-05,0.259558811466617,0.25955825914439135,1734
1.3799122944170907,0.009380044542645209,0.00022160872721537614,0.003905414064262569,8.991463623441676e-05,0.2594823328476919,0.25948186619341584,1735
1.381006903063284,0.009312754432350164,0.00029720831449089505,0.003898834432637598,8.510538759857813e-05,0.2592252581318128,0.2592250746813222,1736
1.3806438770253608,0.009291234855794138,0.00027495518761299015,0.003900603797148898,8.60368346026365e-05,0.25927560427156293,0.2592753938330158,1737
1.3801169938379092,0.009394610985774236,0.00023445186443685437,0.003908306186029129,9.10146503370051e-05,0.2595401598695727,0.25953965147649904,1738
1.3798175971458047,0.009354081325492874,0.0002170371538227692,0.003906811058957702,9.000302185207458e-05,0.25948699224475674,0.25948651306654646,1739
1.3810231631215097,0.00929754743271257,0.0002993741993578969,0.0038999929428603823,8.522997272625892e-05,0.2592320080549282,0.259231813887002,1740
1.3806672221219312,0.009274060451123872,0.000277572500020713,0.003901553379002222,8.58788928728188e-05,0.2592670865363834,0.2592668892347456,1741
1.3800056835286778,0.009366490747223604,0.0002288825255191426,0.003909577716813545,9.082987692997442e-05,0.25953047097104726,0.25952998573729663,1742
1.379724095076322,0.009328301994885008,0.00021253769313095238,0.003908241504034594,9.012960343990142e-05,0.2594936612242012,0.2594931611068007,1743
1.3810489679282059,0.009280883798891972,0.0003021455504981269,0.003900934115179015,8.513207877106036e-05,0.2592267046539412,0.2592265176552563,1744
1.380695025871175,0.009256460192565614,0.00028048654324883257,0.0039024765299026914,8.567025045264336e-05,0.25925582251626744,0.25925564316574945,1745
1.3799002378229974,0.009339639832245157,0.00022364108885810575,0.003911061672742512,9.085665378970458e-05,0.2595318756700717,0.2595313879864522,1746
1.379632213636968,0.009302013448848933,0.0002081656865223867,0.003909544745314537,9.017549368529251e-05,0.25949607780535167,0.2594955630805598,1747
1.381079601888751,0.00926295475585106,0.00030522567556916393,0.003901744606739752,8.487190466910781e-05,0.259212594893357,0.2592124271275475,1748
1.380722511690464,0.009238948639360273,0.0002834008197592887,0.0039035162034368976,8.551776704248252e-05,0.2592475816861752,0.25924741733583145,1749
1.3798009440133487,0.00931371712065447,0.00021876437197372104,0.0039126841633008395,9.104440124727529e-05,0.25954171898806894,0.25954121206328795,1750
1.3795416313570297,0.009274577247972341,0.00020392221495871046,0.0039106138317918015,9.0020525557198e-05,0.25948791471068317,0.2594874027539323,1751
1.3811101473247318,0.00924485953586396,0.00030833193220461397,0.0039026365646999605,8.465444207593785e-05,0.2592007848619527,0.2592006341422098,1752
1.380747771531776,0.00922201711737263,0.0002862300473643099,0.00390480429533827,8.555137237721458e-05,0.25924939848731876,0.25924924057581583,1753
1.379704164511707,0.00928764519562722,0.00021406064636241066,0.003914295013876441,9.120650358605696e-05,0.2595502096095351,0.25954968725022687,1754
1.3794521973779297,0.009245914264376947,0.00019979314380380152,0.003911420246694235,8.965887308430682e-05,0.25946883694464673,0.25946834200853136,1755
1.3811358745059334,0.009227511606414886,0.00031123300076419535,0.0039038352881179614,8.470476580266426e-05,0.25920351920749146,0.25920337287236195,1756
1.3807693387001707,0.009205858118140656,0.0002888902239098273,0.003906446699632395,8.582300172447063e-05,0.25926407047277117,0.2592639110376502,1757
1.3796088992779707,0.009260616210894112,0.00020950266251207856,0.003915766253017673,9.115789117674073e-05,0.2595476641738564,0.2595471481385232,1758
1.3793680821802323,0.009216790398753515,0.00019602461688516864,0.003912000940222757,8.924295735210843e-05,0.2594468490700396,0.25944636754093076,1759
1.3811524209004358,0.009211020723991315,0.0003136254859342657,0.0039054927086448967,8.501959132154133e-05,0.2592206068846655,0.25922045507167285,1760
1.3807848048315485,0.009190037921778691,0.0002911936032205435,0.00390851009227783,8.624971096041006e-05,0.2592870722491219,0.2592869120854113,1761
1.3795196325516748,0.009233011453713491,0.00020536722697236452,0.003917058973247802,9.09475488133565e-05,0.25953664242872493,0.2595361500525094,1762
1.379294471932375,0.009187952580602577,0.00019292719227540005,0.003912425161441352,8.8854673738943e-05,0.2594262757088334,0.2594257871232899,1763
1.3811588952784026,0.009194045685783553,0.0003154399777553376,0.003907545513593297,8.545371755379852e-05,0.2592441179976133,0.25924396726379456,1764
1.3807912592751446,0.009173724478244771,0.00029295622877818745,0.003911041713000483,8.676317422614409e-05,0.2593146752077646,0.2593145262732758,1765
1.3794433354657014,0.009206154754700161,0.00020204133049066053,0.003918347769990872,9.074086965542514e-05,0.25952580021076577,0.2595253221552253,1766
1.3792338110501627,0.009158937526956923,0.00019067852029270113,0.003912468284857421,8.843111388011177e-05,0.259403781892415,0.25940327061342383,1767
1.3811478813208677,0.009176301427347853,0.00031613132913527187,0.00391017912043902,8.589773286932696e-05,0.25926810298115677,0.25926796873641955,1768
1.380778148740216,0.009157560203327886,0.00029345251663588645,0.003914355817809042,8.744382694010845e-05,0.2593511404085335,0.25935101238425534,1769
1.379386686541645,0.00918061581165864,0.00019995338612290882,0.003919557709132106,9.06917965215999e-05,0.2595232240612935,0.2595227363361179,1770
1.379191126457472,0.009129330401818138,0.00018953148977984778,0.003911974097844276,8.76789681548649e-05,0.25936370483061405,0.25936317313080526,1771
1.381099280073866,0.009158326144334428,0.0003145024184284875,0.003913554432675615,8.673115263858156e-05,0.25931295617076455,0.25931283938065275,1772
1.3807248708924367,0.009142295192492822,0.00029133526350095607,0.003918703598677262,8.861898857624537e-05,0.2594137659082986,0.2594136566070587,1773
1.3793593232487948,0.009156645070763367,0.0001996777092641501,0.003920595048916496,9.043763633715265e-05,0.2595098704689997,0.259509364834893,1774
1.3791771300478957,0.00909976754416126,0.00019021310033721708,0.003910727977597542,8.684700700139206e-05,0.25931917415876493,0.25931861747017126,1775
1.3809846710454874,0.00914158447784376,0.0003083652119250862,0.003917983912909896,8.765473019381389e-05,0.2593624104905635,0.2593623089575652,1776
1.3806136011271934,0.00912823335662971,0.0002852010091845223,0.003924009001752863,9.0002255040106e-05,0.25948695183080983,0.25948685363386553,1777
1.3793696605340489,0.00913262326472545,0.0002019268716564192,0.003920698301686365,9.023755100045588e-05,0.25949934476690134,0.25949881985342416,1778
1.3792089163799006,0.009075979547019395,0.0001933344834378448,0.003909989367017122,8.570194782973127e-05,0.2592575346518245,0.25925695584809316,1779
1.3808009811222033,0.009118051369507867,0.00029808005210457786,0.003921032840613205,8.882924228858806e-05,0.259424926646324,0.25942480816764774,1780
1.3804285703412758,0.009108263893895258,0.0002744281923460394,0.003928473032123731,9.170933830143968e-05,0.2595764992717297,0.2595764237687435,1781
1.379443083853004,0.009119413165395282,0.00020746951930890228,0.003921737638198782,8.9238388206549e-05,0.25944660723257557,0.2594460737420503,1782
1.3792867787880758,0.00904600851515152,0.00020035243430312043,0.003907956104231745,8.544618078281421e-05,0.25924371033637544,0.2592430026705649,1783
1.3805186934643296,0.009098513225799122,0.0002805859455195205,0.003924800493365323,8.888775385130117e-05,0.25942803022117034,0.2594279807142828,1784
1.3802058828565669,0.009088616578467847,0.000260868569917306,0.003932455575634526,9.165474548322042e-05,0.2595736484938199,0.2595735492274979,1785
1.3795455272274353,0.009089286572933902,0.00021643609665679983,0.003919955076909142,8.987466024694243e-05,0.25948022469390586,0.2594795701195606,1786
1.3794367153809286,0.00906310566495544,0.00020880547979492076,0.0039106083979147605,8.47194935063805e-05,0.2592043192853345,0.2592037939817392,1787
1.3802935106280891,0.009052717897260306,0.0002681320474905972,0.003922424345548821,8.76047557233649e-05,0.25935974122096145,0.2593594619724806,1788
1.3799335148224197,0.00906177146642019,0.0002445066080780683,0.003933630211944098,9.386171831472521e-05,0.2596882257568001,0.2596881928194707,1789
1.3796538870641957,0.009105343154827576,0.00022227845257702855,0.003923917016055135,8.86445539843643e-05,0.2594151236839653,0.25941457843932436,1790
1.3794649393242797,0.0089844783389122,0.00021532147369764424,0.0039079482817922975,8.399122802672562e-05,0.2591646728270422,0.25916364553230964,1791
1.3800549960642658,0.009055630334873705,0.0002528469801193998,0.003925792960298814,9.014100842704593e-05,0.259494261868468,0.25949425756890954,1792
1.37988551661505,0.009035263718698896,0.0002429878805896888,0.003935154057380694,9.109766588598645e-05,0.2595445097247573,0.25954435344308363,1793
1.3796034537435382,0.009057805874240623,0.00022215780819399988,0.003922729797805134,8.911008862924569e-05,0.2594398140145474,0.25943900024708794,1794
1.3794811005079481,0.009040057344977214,0.0002145407843886726,0.00391213996850436,8.689534990270445e-05,0.2593217675310375,0.25932146330133016,1795
1.380341612071709,0.009032273193672601,0.0002701508174635242,0.003926335997969597,8.338117476031118e-05,0.259131329298646,0.25913059548298617,1796
1.3800443619220841,0.009026582098124585,0.0002539811500260844,0.003935204105681119,9.56345031908048e-05,0.2597792895033742,0.25977928945021406,1797
1.379258074040478,0.00908075099217504,0.00019809132094467585,0.003928647620908834,9.103001289686928e-05,0.25954096498771845,0.25954062251459886,1798
1.3794140748228616,0.008850605567820441,0.00021675869646936775,0.003907450404130675,7.965298115959608e-05,0.2589248518844626,0.25892295286144124,1799
1.3798536579631893,0.009094770961669073,0.0002370381468218018,0.003928237908292819,9.246550550107563e-05,0.25961589858001194,0.259615829498604,1800
1.3792978182184952,0.00895872044730383,0.00020900902710573087,0.003934957781995401,9.2444697410301e-05,0.259614816556248,0.2596146681455679,1801
1.3799838396525181,0.009031605350230254,0.00024543030391612484,0.003924920052470167,8.268027851386865e-05,0.25909286965230827,0.25909070303665566,1802
1.3800047239524933,0.009047494505335619,0.0002503129488993952,0.0039124497515993515,9.206122981303519e-05,0.25959485434037616,0.2595948357151505,1803
1.3795308530256822,0.008972175902950952,0.00021885694279705925,0.00392920579281912,8.192068826161314e-05,0.25905100482054966,0.2590500929614219,1804
1.3792957564494428,0.008921461227597554,0.0002105092723044396,0.003932159106543867,9.768053791550177e-05,0.25988334649374906,0.2598833457968302,1805
1.379870899469082,0.009240613260749115,0.0002240250117422367,0.003938471253303218,8.262138232634094e-05,0.25908963048348727,0.2590880516815062,1806
1.379979017736764,0.008820588551033268,0.00026310132635441643,0.0039068738026493445,8.891156880188912e-05,0.25942929312312907,0.25942884942329547,1807
1.3786872053776924,0.008897843756746227,0.00017092688059905012,0.003922058002406295,8.659356674846514e-05,0.259305566438883,0.25930528470107217,1808
1.3790507189121461,0.009025551581246946,0.00018747437878976822,0.003952259300419504,8.922307566825985e-05,0.25944579671961343,0.259445305707642,1809
1.3808929129949647,0.008660903787918957,0.00033107362221110955,0.00389500686705296,0.00010374456577636117,0.2601855076346916,0.26018543913168257,1810
1.380191329488889,0.008932920625653606,0.0002664977555358481,0.0039043527838825143,8.304027425451645e-05,0.2591126436479496,0.25911164129173886,1811
1.3802037774405633,0.009180049458619681,0.00023753488917848246,0.003954865556653991,7.285043510098078e-05,0.2585352466338695,0.25853309830507115,1812
1.3809864903835085,0.008993703199027448,0.0003175046915995771,0.003941854269305069,9.968752332295276e-05,0.2599843639418319,0.25998428748164265,1813
1.3794327247853753,0.00884653515428793,0.00022163023320883484,0.003924875799537326,0.0001032584371465837,0.26016161587281195,0.2601616158072889,1814
1.3810978791925024,0.009370761523618385,0.00028085354536776025,0.0039399478740884545,7.118862223894734e-05,0.2584373350199543,0.2584331342876567,1815
1.38092881629099,0.0091214383047245,0.00029565210736395137,0.00391898836823338,7.637891014081127e-05,0.25873950285432823,0.25873794798435984,1816
1.3798315599183624,0.008691685172631344,0.0002599710949549957,0.003902084484703042,0.00010113640252185516,0.26005665961051955,0.26005649683925935,1817
1.3808350086481607,0.009157985235438516,0.00029634990349999314,0.003951950299152545,8.640927427154184e-05,0.2592956588938892,0.25929447657998517,1818
1.3801138459269564,0.0090945222052076,0.00025150931615987597,0.0039620206194919145,8.47840193814001e-05,0.2592078238135512,0.259206468907128,1819
1.3815341621999475,0.00874088710195531,0.00036767398274002066,0.003906337945823715,0.00010463581374339168,0.26022916486050507,0.26022877976511705,1820
1.3816414270631303,0.008905464621114155,0.00036889723674148376,0.003899025766096942,9.168468975289546e-05,0.2595752122562842,0.2595751200247178,1821
1.3818840813468718,0.009453949017928235,0.0003198532823029251,0.003936804072250072,6.772567409832255e-05,0.2582295609906193,0.25822368244986926,1822
1.3796968281633928,0.009041988592922509,0.00022157643221670627,0.003942441451291441,7.87335475262987e-05,0.2588731926343509,0.2588708500604405,1823
1.3857537416846657,0.009062047707461229,0.0006016352947360866,0.00391493632650083,0.00012331613421213633,0.2611047797912492,0.2611013874406397,1824
1.3853666021680784,0.009061123416822024,0.0005723094994657869,0.003922266344588048,0.00012517867773144482,0.26118832774508527,0.26118474841368333,1825
1.3791876020506908,0.009127154954461467,0.00018732789220158414,0.003955106005198131,8.448530235143863e-05,0.2591915886739692,0.2591898967247249,1826
1.3807894941782537,0.009083968459334754,0.00028148664356524174,0.003919550761353849,7.252550347855278e-05,0.2585161906671089,0.25851001829178494,1827
1.3804828590679936,0.008616717364981565,0.00031061916175304535,0.0038912084012996855,9.592582811797992e-05,0.25979417317173736,0.25979416891741713,1828
1.3795441311155319,0.008910397181122577,0.0002286761588368089,0.003932873807434734,9.321156650475199e-05,0.25965461374187243,0.2596545600564027,1829
1.383971912357432,0.009680927334470957,0.00045120041694931857,0.0039693827525981015,7.169330398199456e-05,0.2584671898515384,0.2584573628679188,1830
1.3829977755862823,0.00952265530992053,0.0004105002105866796,0.003954071340701729,8.117430791462594e-05,0.259009678568885,0.25900092104682754,1831
1.382235190462508,0.008723969201776016,0.00040563210747213087,0.00390986275052762,0.00011369839016940211,0.2606629447231711,0.26066220814118696,1832
1.3840580668783773,0.009124895281705896,0.0005080486996986021,0.003911704843313331,0.00010657101514929773,0.2603233238421207,0.26032066883045846,1833
1.3804313759914975,0.009295438357309983,0.00024108735939308725,0.003940568932396415,7.068442531071745e-05,0.2584074030063223,0.2584057094763505,1834
1.3818965229353593,0.009307173976492236,0.00033412763941824533,0.003930978716412465,6.968134107116004e-05,0.2583475350296456,0.2583388134092879,1835
1.3805860831779595,0.008759307517141162,0.0003039824850468978,0.003908732968826779,0.00010359698272140199,0.2601782602993538,0.2601776427999286,1836
1.380742098047485,0.008880916370076914,0.000299236601128386,0.0039380418657852115,0.0001108223694670175,0.2605272204055495,0.26052677506598176,1837
1.3813629914453347,0.009478193628985103,0.00029899048017301366,0.003976705900196924,7.534557386345868e-05,0.2586801828243107,0.25867815161578345,1838
1.3810494365331478,0.009324766278849404,0.0002759475404952779,0.003947569125377372,6.9057367818304e-05,0.25831007628233965,0.2583047167397339,1839
1.380321677963778,0.008548733133273338,0.00030424996953589485,0.003883518979194271,9.621904512064916e-05,0.25980913070157846,0.2598086970319942,1840
1.380134214395003,0.008628542404600308,0.0002845286110443355,0.003903956045472085,0.00010089515381669715,0.2600446579741023,0.2600446405046508,1841
1.3804003272560301,0.009296634881399372,0.00024803060008365616,0.003977249464270014,7.605544891615681e-05,0.2587209775206772,0.2587192111228262,1842
1.379959612586866,0.009193382323608716,0.00023067340710553999,0.003971198322404829,8.037717960453978e-05,0.25896533209672346,0.2589628281718101,1843
1.380894633216966,0.008544959752083393,0.00033326982016792237,0.003897589940787221,0.0001097594973412859,0.26047661669344097,0.26047660298362757,1844
1.380504848523574,0.008529386116658337,0.00031498948054796503,0.0038900798194265304,0.00010234956623545606,0.2601167962436463,0.26011676659491545,1845
1.380226285619281,0.009247296989171554,0.00022854551913410086,0.003950126849793633,6.978602848685686e-05,0.25835380323486595,0.25835134967994466,1846
1.3797530587777829,0.009141173031993063,0.00021302862103245328,0.003960479231276172,7.450911869738936e-05,0.2586318664666102,0.2586303974874904,1847
1.3808010027600854,0.008634640125934824,0.00031992272665757476,0.003911471731498295,0.00011069469801153539,0.26052115478507637,0.26052110796513467,1848
1.379964237991262,0.00866485393461066,0.0002647960738729464,0.0039129212660537465,0.0001082554690286389,0.26040458884476647,0.26040449571741076,1849
1.3810907022035845,0.009324620759980619,0.0002837596344819072,0.003965695902985012,7.13226920968709e-05,0.2584452763185624,0.25844159299462716,1850
1.3803711314861553,0.00927932131174307,0.00023473436633738112,0.003962046120994715,6.913123125709193e-05,0.25831451930403027,0.2583125073720604,1851
1.3805999288221729,0.008599832419721537,0.0003171535464553397,0.0039041044606842887,0.00010140101583957087,0.26006980714013783,0.26006964061437376,1852
1.379814505741908,0.008542725268789365,0.00026648013383451024,0.003902524902521374,0.00010447441930129331,0.2602212728806785,0.260221263488254,1853
1.3811564794154265,0.009324357220932784,0.00029291040109096444,0.003965071155411382,7.402867078122718e-05,0.2586039915609691,0.25859991340902694,1854
1.3803199507044195,0.009240586707087023,0.00024318468912069724,0.0039737462235082685,7.409193941547924e-05,0.2586076674782126,0.25860507531386145,1855
1.3807202160180367,0.008650867924875124,0.00031941494830018487,0.003917411687318273,0.00010464709400800225,0.26022971622323915,0.26022952176633024,1856
1.3801129347726842,0.008523593713944079,0.0002884256084036402,0.003903453630859359,0.00010346537048799343,0.26017179288463904,0.26017178735302404,1857
1.3807209528917108,0.009245783713298775,0.00026713375397206855,0.003947890079596814,7.282836712775256e-05,0.2585339537805025,0.2585299387743832,1858
1.3800534024291378,0.009167595536097667,0.00023050597866488702,0.003955590299097302,7.420974468339529e-05,0.25861450780273576,0.2586118070755458,1859
1.3807807760396618,0.00865244775247794,0.0003225533439377764,0.003918487772653674,0.00010557138098747176,0.26027479347663357,0.26027454890473234,1860
1.380254816167508,0.00863491905227211,0.00028976537535175173,0.003920802307392096,0.0001042957579279961,0.26021252945787654,0.26021250518195815,1861
1.380494313113382,0.009210060941318456,0.0002572972807473136,0.003958764884613113,7.459757097445956e-05,0.25863698853620054,0.2586327946314786,1862
1.379979010003942,0.009119780922339149,0.00023200344560494996,0.003949040032030614,7.64247227166035e-05,0.25874212346724773,0.2587390047329642,1863
1.380785951581423,0.008572096032455111,0.0003287400852776647,0.0039062387925884734,0.00010506186344385656,0.2602499689484338,0.2602497600383407,1864
1.3803005506038777,0.008602050442298934,0.0002973629095941188,0.003915641824523304,0.00010084385411269693,0.2600421040680077,0.26004204274216103,1865
1.3803931323324465,0.009198722456903192,0.0002483210633742088,0.003963512836188889,7.279022130055713e-05,0.2585317185432102,0.2585277983094486,1866
1.3800372845409776,0.009144315992267078,0.0002364730948441014,0.003956673984070382,7.818775184307394e-05,0.2588423838326027,0.25883897691706836,1867
1.3805598474902505,0.008561794300785103,0.000311023683947707,0.0039089471293589605,0.0001086026554288084,0.26042125978127445,0.2604211585051939,1868
1.3801440909046496,0.008571729374393686,0.0002887353005590038,0.003914063638800084,0.00010124130144593339,0.2600618736548385,0.26006184257197984,1869
1.3803939418072904,0.009183969796051662,0.0002435947393321705,0.003961167848179812,6.981454900335063e-05,0.25835551009833335,0.25835161090279385,1870
1.3800547964142786,0.009146748860075368,0.00023336786871776773,0.003955450332542778,7.520290975329203e-05,0.25867196112498736,0.25866853260243755,1871
1.3803094703818493,0.008541841346297055,0.00029470425924461294,0.003909101511766684,0.00010949781746021601,0.26046412048192374,0.2604640479928704,1872
1.3798898733049123,0.00857620347554963,0.0002698764467019859,0.0039172717429076815,0.00010363138926210964,0.2601799503565641,0.26017993857653693,1873
1.3804904505868003,0.009180684066707351,0.0002493705611638335,0.003966784486317507,6.943914627175088e-05,0.25833301543690823,0.258328887216874,1874
1.3800800725385762,0.009127349738285379,0.00023228684120573157,0.003958934535148196,7.278029835849342e-05,0.2585311369909581,0.25852752949213603,1875
1.3801623095875526,0.00850981134449067,0.0002885255107290463,0.003906620021435075,0.00010810248501852009,0.26039723448896485,0.26039718220977104,1876
1.3797258955283915,0.008531643309105132,0.0002614511560368374,0.003912890461414532,0.00010425591218835252,0.2602105784453356,0.2602105709203956,1877
1.3805721998083456,0.009194818387057602,0.00025374783855259755,0.0039679244225773675,6.938181112574043e-05,0.2583295744864753,0.25832543434108957,1878
1.3801449188250516,0.009134325201324867,0.00023410359468610547,0.003965550092945037,7.168872339517487e-05,0.25846691935683663,0.25846326408504816,1879
1.3800210748907993,0.008530725346111783,0.0002785072287261766,0.003911740159786262,0.00010729682508634871,0.26035841807837223,0.2603583840366633,1880
1.379601758579724,0.008514740392713846,0.0002539118414469405,0.003912003471716317,0.00010474751638377431,0.2602346234119177,0.2602346218259091,1881
1.3806303143438183,0.00919242243729793,0.0002575296502132697,0.003964543432147409,6.926604964270405e-05,0.25832262276224893,0.25831843234278634,1882
1.380192209539484,0.009134464159792563,0.0002347107664768393,0.003964746342394993,7.039718829133272e-05,0.25839030322999906,0.25838666618773953,1883
1.3798971781876679,0.008531991948266551,0.000271588740736207,0.003914973537206556,0.00010574805780746136,0.26028338746753527,0.2602833551702612,1884
1.379490540514349,0.008525835901902581,0.00024545533632561645,0.003915509033942214,0.00010509822145848239,0.2602517423620808,0.26025174187639233,1885
1.380691145309836,0.00919129014244254,0.00026329979529415913,0.0039654850647019265,7.00546872172143e-05,0.2583698678136046,0.25836554631872877,1886
1.3802369603200244,0.009121554298315763,0.00023810023309754063,0.003964317408021958,7.019714694845322e-05,0.258378373765144,0.2583745610117717,1887
1.3798018182477108,0.008520350435773311,0.00026743167652869303,0.00391535141943397,0.0001040277316022646,0.26019939859022406,0.2601993762498567,1888
1.3794232758107596,0.008515327338198212,0.0002424432374904009,0.003916458423446838,0.00010414191689108627,0.26020499470313857,0.26020499297195493,1889
1.3807015561842462,0.009195374208710048,0.00026503943526165046,0.003966157912001698,7.068859111448439e-05,0.25840765074884087,0.2584034223540507,1890
1.3802689938013002,0.009125046940721887,0.00024175409040216622,0.003965458670005856,7.107803127603322e-05,0.25843077880601983,0.25842688942876313,1891
1.3797052590752672,0.008522531772182755,0.000261122081268029,0.00391750745246146,0.00010366428062545362,0.2601815657256364,0.26018155620919114,1892
1.3793693311437,0.008514487254234832,0.0002398061070355546,0.0039179605833132135,0.00010291862550240827,0.2601448817392027,0.2601448810039029,1893
1.3806721412846363,0.009183029866983402,0.0002635344194884154,0.003965279433339155,7.04913247837549e-05,0.25839591119437044,0.25839179352878466,1894
1.3802696802539862,0.009121810083478777,0.00024286496670619217,0.003963994518486361,7.150364770609596e-05,0.2584559829532761,0.25845216318545294,1895
1.3796104064426487,0.008509587908487432,0.00025560236324607705,0.003918286362389409,0.00010374051163635564,0.2601853086176294,0.2601853025122457,1896
1.3792993611619837,0.008519856143525009,0.0002352374704346755,0.003920906284751488,0.00010223852474718839,0.2601113067774244,0.2601113066596357,1897
1.3806648286875753,0.009171533185656547,0.00026332789189315216,0.003966861281603755,7.025426846090266e-05,0.25838178193828154,0.2583776815145751,1898
1.3802789887117415,0.00911095079907665,0.00024438590907182835,0.003963693773623961,7.159887048971034e-05,0.2584616115775726,0.25845776564948514,1899
1.379513628574424,0.008493091020960323,0.00025039632019349466,0.003917842196090804,0.00010354902504905678,0.26017590413914443,0.26017590203631563,1900
1.3792212870277991,0.00851184991187788,0.00023103236004531368,0.003922104212277943,0.00010149943628977281,0.26007469286329726,0.26007469285818907,1901
1.3806737136604366,0.009169780767891631,0.0002634186138629512,0.0039686384216615946,6.99480418652453e-05,0.25836349459647373,0.25835948312989754,1902
1.3803006793981965,0.00910996634754186,0.00024606405500162104,0.003965145495558607,7.168588481570327e-05,0.2584667517275342,0.25846292794906855,1903
1.3794113188876145,0.008486680544197657,0.00024398047188250711,0.003918694989048749,0.00010357624339268215,0.26017724144317517,0.2601772414231247,1904
1.379137383275851,0.008504549163950194,0.00022627373927908107,0.003922848111907152,0.00010090728521012107,0.2600452618288485,0.26004526091359365,1905
1.3806869757136104,0.009163490943114066,0.0002635516429280603,0.003969344217206889,6.93913485075621e-05,0.25833014696794493,0.25832619182884475,1906
1.3803186187033145,0.009107711677995683,0.00024674089027036796,0.0039659237337412315,7.132812900520794e-05,0.2584455982029225,0.25844184938605314,1907
1.3793134449032796,0.00847749853728656,0.00023817000275560478,0.003919649882757691,0.00010343370033870654,0.26017023600211453,0.2601702357351406,1908
1.3790514854559874,0.008498982339381777,0.00022103139350688008,0.003924090585486754,0.00010069907247273034,0.2600348927484418,0.26003488891645365,1909
1.380707346494122,0.009155589404479976,0.0002646904201914631,0.003970522463696523,6.905137703729936e-05,0.25830971582169326,0.2583057515171911,1910
1.38033566424156,0.009099615052507297,0.0002475257976297811,0.003966933984926405,7.087447881826845e-05,0.2584186981664785,0.2584149593667764,1911
1.3792241810430137,0.008469130236792606,0.00023310995402995896,0.003920452369886191,0.00010296794440163906,0.26014731217621884,0.2601473106426134,1912
1.3789710265924167,0.008489992363387626,0.00021638850291858913,0.00392491004480198,0.00010047230319956967,0.2600235873418437,0.2600235804984842,1913
1.3807291742690841,0.009152886812269204,0.0002659564413875083,0.0039716144085243975,6.888320617238554e-05,0.2582995907231854,0.2582956464995205,1914
1.3803544914800279,0.009095139504402118,0.000248515028033832,0.00396829733984986,7.059372304507888e-05,0.25840200708432687,0.2583982792672327,1915
1.3791397325234989,0.008464472634929119,0.0002280992995294868,0.00392172031657041,0.0001025146482140073,0.2601249517635398,0.26012494724827795,1916
1.3788954419324555,0.008481824643606029,0.0002120650195645915,0.003925656740952226,0.00010014481811619347,0.26000723828617034,0.2600072262028265,1917
1.380752052201628,0.00914871748415192,0.00026729451020574246,0.00397224949391609,6.867313521417354e-05,0.25828692555862387,0.25828300050927744,1918
1.380376046239396,0.00909224427281474,0.0002495735478755374,0.0039692787615652125,7.03095795903188e-05,0.25838508077422745,0.25838139236943836,1919
1.3790574467439747,0.00845895642819217,0.0002232746624585853,0.00392307934767605,0.00010206450156698534,0.2601026977370891,0.2601026907002789,1920
1.3788223196678389,0.008476065144933938,0.00020773154356273912,0.003926787333442592,9.98270970403086e-05,0.2599913511118521,0.2599913326001036,1921
1.3807790890841853,0.009142628924567959,0.0002690974169142402,0.003972995185582173,6.849704694766989e-05,0.2582762942762851,0.25827234298906715,1922
1.3804022046712208,0.009086565009916255,0.000251140762505335,0.003970100162810795,7.00437403875702e-05,0.25836921384525274,0.258365513092471,1923
1.378977089068032,0.008452496112806226,0.00021866576823393073,0.003924271231290951,0.0001015543086182692,0.26007741577083476,0.26007740506156163,1924
1.3787518502467808,0.008470397332563571,0.00020360140764940447,0.003927983071228224,9.942736166071792e-05,0.2599713269759204,0.2599713034620019,1925
1.3808113838308713,0.009139235804459765,0.0002711088550623197,0.003973832471543962,6.833825595985586e-05,0.2582666955889192,0.2582627266377357,1926
1.3804347702346653,0.00908259057464573,0.0002531803498912517,0.0039710007019638765,6.98594190401797e-05,0.25835819472375343,0.2583544637887025,1927
1.3788980799421735,0.008446925334363834,0.00021403244923440967,0.003925560209187028,0.0001011078785208902,0.2600552413457306,0.2600552249710799,1928
1.3786848719983456,0.008464903449975225,0.00019971140636653142,0.003929267573335481,9.896024669455006e-05,0.25994787649172174,0.25994784785744,1929
1.3808473403300046,0.009135787004303581,0.00027324818472723966,0.003974532389677432,6.812851780051681e-05,0.25825400010906935,0.25825001270340325,1930
1.3804723435907653,0.009079620452113826,0.0002554592529290968,0.0039716766218073395,6.966359257190585e-05,0.25834647186372217,0.25834271068693054,1931
1.3788217989956342,0.008441081676441522,0.00020957380461532316,0.00392678034637707,0.00010068389449524348,0.26003413645986756,0.2600341142065897,1932
1.3786230814640374,0.008461138613595168,0.00019604214088728107,0.003930754980912892,9.847977937844175e-05,0.2599236978681559,0.2599236644858428,1933
1.3808850043005267,0.009130916677835043,0.00027563317237630893,0.0039752395432835165,6.794096940771575e-05,0.2582426312187138,0.2582385891334997,1934
1.3805131864677804,0.009075415184295294,0.00025813482845837875,0.003972228224747536,6.95192778075151e-05,0.2583378221261619,0.25833399145988944,1935
1.3787509350093494,0.008434192785665586,0.0002055030130777299,0.003927944305279911,0.00010031854776254295,0.2600159147242048,0.26001588629235317,1936
1.3785706252658134,0.008458456792494398,0.00019291255834561678,0.003932350244104876,9.798718458144603e-05,0.2598988476390662,0.25989881379119134,1937
1.3809175249194905,0.009124695704855456,0.00027782609291277085,0.0039756981939412265,6.778370423593066e-05,0.25823308594853295,0.25822896235154064,1938
1.380550983836826,0.009069180544024441,0.00026089239712233814,0.003972418210486041,6.945141128251862e-05,0.25833375133313435,0.25832979798060907,1939
1.3786912204885717,0.00842685563760301,0.00020214348866715598,0.003929000011425909,0.0001000566712358143,0.2600028331604508,0.26000279743521965,1940
1.3785352662197705,0.008456714079879642,0.00019082896448909412,0.003934128279861055,9.753922103803514e-05,0.25987619466383866,0.2598761659649377,1941
1.380929335625676,0.009114817134038656,0.00027914296915247357,0.003975689336495869,6.773984772466527e-05,0.25823042208666513,0.25822619717490414,1942
1.3805696688298146,0.009059121169474885,0.00026302270315372634,0.003971897117303881,6.956975521222934e-05,0.25834084859065487,0.2583367352605192,1943
1.3786560264477052,0.008418298843353838,0.0002003759768782309,0.003929755910833789,0.00010003386741494395,0.26000169322739625,0.26000165379759727,1944
1.3785347033495159,0.008457279321224798,0.00019084629508475778,0.003936087777301107,9.725380335768226e-05,0.25986173429766196,0.2598617173479089,1945
1.380879573119326,0.009094608220113364,0.00027762636132075565,0.00397500849060169,6.794558421536375e-05,0.25824291114930664,0.2582385715639555,1946
1.3805295018142099,0.009037925432395863,0.00026274276582276214,0.00397028568698681,7.005849110105469e-05,0.25837009504731306,0.2583657850969596,1947
1.3786730807408358,0.008405970045018574,0.00020209475081263718,0.003929875950101882,0.00010048784488067642,0.26002436256729955,0.2600243278056727,1948
1.3786042048205807,0.008459447360593902,0.0001952846840631419,0.003937790749432079,9.740010628861332e-05,0.25986914921807414,0.2598691467025629,1949
1.3806735885118677,0.009053420786464702,0.0002680579355676838,0.003973737869020926,6.855850843070321e-05,0.2582800065477452,0.2582757083381776,1950
1.3803402871970045,0.008994839482042691,0.00025519932117071313,0.003967621180281084,7.115276648475342e-05,0.2584352099253518,0.2584308261695807,1951
1.3787944300020498,0.008389129441152256,0.00021049702789082707,0.003929048041046816,0.00010187128385236425,0.26009313052785726,0.26009311356064674,1952
1.378786932226861,0.008457606396899249,0.0002071344493247998,0.0039382074377223636,9.859777818507629e-05,0.25992964139257185,0.25992963627856125,1953
1.3802321331147176,0.008982874075688102,0.00024560358876867775,0.0039727447557568385,6.953961910044743e-05,0.25833904185745865,0.2583351895934445,1954
1.3799433083192627,0.008922501655410892,0.00023633236402408823,0.003964941115374565,7.258947996548342e-05,0.25851994600719297,0.25851582721836563,1955
1.3790453869237338,0.008368808769256483,0.00022699079257074161,0.003927008663450533,0.00010413241517001001,0.2602045291498437,0.26020452739884786,1956
1.3790644055063588,0.008442577267242991,0.00022532440108613007,0.003936295902736194,0.0001011850948490336,0.2600590802188388,0.26005904423816,1957
1.3796871015407994,0.008902315260247873,0.00021771003585270587,0.003972538491289027,7.0935584803076e-05,0.2584223265671117,0.2584192306250256,1958
1.3794741217715782,0.008842507931712925,0.00021288439972911156,0.00396359327185546,7.395253550754624e-05,0.25859956600693,0.25859598706415676,1959
1.3793339041971355,0.008348034377117489,0.000245607747443716,0.003924543056246256,0.00010648950654082204,0.2603193752979927,0.2603193743867492,1960
1.3793095208673165,0.008413823992755812,0.00024154543706586163,0.003932901123990758,0.00010415608315062641,0.2602056887641465,0.2602056278917354,1961
1.3792824601150404,0.008840754140548364,0.0001979667063645113,0.003972246717694165,7.250239426275634e-05,0.2585148337777526,0.2585123536793891,1962
1.3791328942252452,0.008782094853929563,0.00019568742871805883,0.003963503464726576,7.482207193201629e-05,0.2586499752561505,0.2586468760822362,1963
1.3795196917168215,0.008330997546362177,0.00025781751611518805,0.003923012967319737,0.00010785172706510018,0.2603851686103356,0.2603851652710929,1964
1.3794162446827118,0.008383734700000988,0.00024904283852173956,0.003930209375917042,0.00010609632507400417,0.26030030703785106,0.2603002495299903,1965
1.3790859535664597,0.008807139907097692,0.00018922095850310868,0.0039719365042320915,7.366559119233289e-05,0.258582866140884,0.25858069791833266,1966
1.3789647648770504,0.008750581261745693,0.00018702782100620148,0.003964563297607512,7.506053552438801e-05,0.25866374835301603,0.2586609648206371,1967
1.3795497351233772,0.008319622446065811,0.0002604445849012333,0.003923080631128926,0.00010798438989388725,0.26039155377669226,0.2603915511434302,1968
1.3793818042514157,0.008360711225512458,0.00024775177907112146,0.003929201254051851,0.00010668163561490662,0.26032868024555444,0.2603286412343286,1969
1.3790373021282103,0.008794174038124065,0.00018769303989747276,0.00397209890715705,7.416296882072331e-05,0.25861179242787025,0.2586097264661266,1970
1.3789162106975075,0.00873963741117206,0.00018421456100170647,0.003966338101402848,7.483490748532837e-05,0.25865071716595384,0.2586481284790309,1971
1.3794646764549328,0.008311330129097294,0.0002560829181562881,0.003924226579504909,0.00010721902533246611,0.26035466200957164,0.2603546615583948,1972
1.3792618850048393,0.008344099753043385,0.00024124286188556798,0.0039294554228302605,0.0001062772215750506,0.26030908441982364,0.26030906552421756,1973
1.3790657357238152,0.008792950938936341,0.00018972558480613764,0.003972832529939201,7.419639104490255e-05,0.2586137327010363,0.2586116797260934,1974
1.3789280050597967,0.008740091473339673,0.00018450818795799138,0.003968388214332551,7.452366937593182e-05,0.2586327092720612,0.25863026073091905,1975
1.379331565809626,0.008304573977966885,0.00024868488829660884,0.003925917190461993,0.00010611743783136818,0.2603013318474539,0.2603013316002644,1976
1.3791145158320535,0.008331665986842773,0.0002330603047324193,0.00393041120043808,0.00010535812358269725,0.26026441053264615,0.2602644051743522,1977
1.3791250280803324,0.008796110047632208,0.00019309681122866657,0.003973867852799655,7.397565745021806e-05,0.25860091026869936,0.25859883694298397,1978
1.3789638768561536,0.008744536964012646,0.00018622018599960733,0.00397029589251832,7.427324908501424e-05,0.2586181929129612,0.2586158458152845,1979
1.3791948441405921,0.008298713429556603,0.00024088771926446977,0.003927729219635959,0.0001050442524503247,0.2602491098369724,0.2602491072218946,1980
1.3789750515581136,0.008322043159297176,0.00022527713536691442,0.0039317018164796,0.00010429427931166044,0.2602124570653521,0.26021245687655553,1981
1.379187540313661,0.008799398952204322,0.00019652484631306168,0.0039750230049845885,7.367030073543531e-05,0.2585831404937491,0.2585810410292949,1982
1.3790026677322091,0.00874907879859295,0.00018828610801468362,0.003971930819790796,7.413094271353877e-05,0.2586099327937876,0.25860766309042793,1983
1.3790754529227105,0.008293129591928992,0.00023397548681188007,0.003929419938188779,0.00010420373210336637,0.26020802292823475,0.26020801668768767,1984
1.378858553881135,0.008314015751413347,0.00021878438170958738,0.003933052337813055,0.00010331555802025691,0.2601644261038318,0.2601644248252792,1985
1.379238104740347,0.008800065733287631,0.00019929946794034875,0.0039761366395442595,7.335186819807263e-05,0.2585645705203514,0.2585624466366902,1986
1.3790332676547823,0.008750880087999876,0.00019007724651486153,0.003973269137069847,7.404642546208221e-05,0.25860502326911916,0.25860280937637553,1987
1.3789786348243929,0.008287224171602346,0.0002283572183087151,0.003930884275150325,0.00010361854124538569,0.26017931929184784,0.2601793093792078,1988
1.3787672326615426,0.008306499274409952,0.00021374060993484387,0.003934314375107893,0.00010253631801400851,0.2601260218256731,0.26012601635839944,1989
1.3792702031502804,0.008797523427424847,0.00020112713801979064,0.003977142725089952,7.307822730870577e-05,0.25854858042652146,0.258546440582783,1990
1.3790508737728346,0.00874935248828352,0.00019127155189673547,0.003974372889033008,7.399272112573271e-05,0.2586019021806652,0.25859973065660624,1991
1.3789023284958501,0.00828095098686689,0.0002239630126074778,0.003932139911590416,0.0001032384829969987,0.2601606339859774,0.2601606209620445,1992
1.3786969044343451,0.008298965706314774,0.00020992157159446123,0.003935442822832563,0.00010197299101172019,0.26009816770566424,0.2600981573104795,1993
1.3792848835050247,0.008791950079888733,0.00020209872147930938,0.003978015274364683,7.286551669751213e-05,0.25853613007735426,0.2585339840355599,1994
1.3790569321831037,0.008744713563149993,0.00019189644153506485,0.00397528913561727,7.393603367967619e-05,0.2585986064963851,0.2585964681427573,1995
1.3788403503757578,0.008274234917424302,0.00022047146004349093,0.003933230704526232,0.00010296310392029668,0.2601470736628989,0.2601470579671736,1996
1.3786407929751938,0.008291332645449472,0.0002069355813941486,0.003936461478152066,0.00010157532056755101,0.2600784582435783,0.26007844326105256,1997
1.3792871317968762,0.00878439908195151,0.00020249073120275245,0.003978799119036272,7.271957117372645e-05,0.25852757709866797,0.25852543437131964,1998
1.3790553916654122,0.008738085056419702,0.00019214742494793132,0.003976108241288024,7.38800010762327e-05,0.25859534764138326,0.25859323847762455,1999
1.378786520199011,0.008267232293348286,0.0002175083976344583,0.0039342412432066595,0.00010273023572741349,0.2601355925197994,0.2601355744991227,2000
1.3785924805587535,0.008283678497097569,0.00020440359312625048,0.003937420099258758,0.00010127426319368868,0.26006351147431594,0.2600634924807023,2001
1.3792832505017236,0.008775890515756566,0.00020261173160730336,0.003979526755485874,7.261518756753475e-05,0.25852145454529535,0.2585193194072874,2002
1.3790510954023203,0.008730399756597323,0.00019226339961561786,0.003976877681037417,7.38120011908638e-05,0.25859139110917806,0.2585893049139031,2003
1.3787356803716042,0.008260145870557335,0.00021475370023103557,0.003935231642452751,0.00010248721237200801,0.26012359681002795,0.2601235762876355,2004
1.3785471468397903,0.008276153351183046,0.00020203575340954155,0.003938377821958029,0.00010100775151459557,0.26005026126598685,0.26005023857018555,2005
1.379278135837466,0.008767325637958541,0.00020269589550652508,0.003980244431710916,7.253429350930317e-05,0.2585167067290886,0.25851458043175074,2006
1.3790473422533467,0.00872261672559059,0.00019241137948807364,0.0039776416518540565,7.373870789643525e-05,0.258587124541803,0.25858505599561643,2007
1.3786849621380042,0.008253200503342707,0.00021200801891713237,0.003936248611586678,0.00010222253589311684,0.26011051610419156,0.2601104927300413,2008
1.378502031391702,0.008268965678759331,0.0001996576862598016,0.003939379793217355,0.00010073675477806193,0.26003677013675525,0.260036743749515,2009
1.3792750152973654,0.008759052823635418,0.00020289145544199257,0.0039809774594059795,7.245304784800519e-05,0.25851193561112895,0.2585098155170692,2010
1.3790462682682143,0.008715031686905675,0.0001927004453325483,0.00397840915346425,7.365239299008205e-05,0.25858209723727726,0.25858003938499025,2011
1.3786329881425352,0.008246368553949945,0.00020918637809553322,0.003937295973657297,0.0001019265121664231,0.26009586609293245,0.2600958392695394,2012
1.378455983545009,0.008262155531000964,0.00019720146373328076,0.003940438660645496,0.00010043951606425069,0.2600219517093354,0.26002192139357316,2013
1.3792752225419262,0.00875130927311434,0.0002032529549743491,0.003981742660510676,7.236155050592284e-05,0.2585065592636461,0.2585044410725272,2014
1.3790484589582255,0.008707911205637407,0.00019316184564944634,0.003979198361534592,7.355906651112134e-05,0.2585766582368147,0.25857460491333306,2015
1.3785797981077053,0.008239731216844726,0.00020627527217686466,0.003938387393092837,0.00010161353642931228,0.26008035398333373,0.260080323257007,2016
1.3784090157657443,0.008255726199881476,0.00019466652194502138,0.003941559036729951,0.00010011528835202082,0.26000576275713255,0.2600057283572762,2017
1.3792790711820802,0.008743998009268967,0.00020378838103934195,0.003982528951388594,7.224957582040654e-05,0.2584999750482226,0.2584978531394049,2018
1.3790539914692748,0.008701126854780103,0.00019379407955232359,0.003979991852132877,7.34501011791482e-05,0.2585703034473202,0.25856824723768973,2019
1.378525852893636,0.00823325072403195,0.00020330643461706873,0.003939509969827324,0.00010128440666800678,0.26006401543460694,0.26006398030173944,2020
1.3783616921410788,0.008249666117500368,0.0001920867727011499,0.003942737575355534,9.976955033213402e-05,0.2599884708705654,0.25998843232919927,2021
1.3792859798736317,0.008737030456805697,0.00020447267012839438,0.00398333265406665,7.21217165638472e-05,0.2584924505629322,0.2584903194064747,2022
1.3790621787078854,0.00869462179533682,0.00019456670184043754,0.003980787855396161,7.33323944365665e-05,0.25856343356584066,0.2585613679810961,2023
1.3784721154384827,0.008226935385445522,0.00020033451391244999,0.0039406635919538,0.00010095300533103414,0.2600475372769169,0.2600474975223845,2024
1.3783149079275567,0.008243948576723127,0.00018951684222940637,0.003943967588143768,9.941370925836124e-05,0.2599706423693943,0.2599705999086891,2025
1.3792951331720273,0.008730135842634894,0.0002052714117859113,0.0039841307950424796,7.197950344819953e-05,0.25848407351737357,0.25848192616563836,2026
1.3790723849617244,0.00868808176202818,0.00019545192447883037,0.003981562279869971,7.320273385315307e-05,0.2585558596209354,0.25855377608991753,2027
1.3784194150708635,0.008220709927029153,0.00019741966442346696,0.0039418355827386745,0.00010061936192383677,0.260030920292966,0.2600308757205755,2028
1.3782696163332113,0.008238519909287938,0.00018701913558566034,0.0039452395407939345,9.905680195301925e-05,0.259952728367288,0.25995268252379145,2029
1.3793052364131173,0.008723113904061162,0.00020613257903912636,0.003984900230341824,7.183436569399309e-05,0.25847551565947424,0.2584733452162341,2030
1.3790834267628298,0.008681340529972626,0.00019640377452444441,0.003982296926067058,7.307382394179623e-05,0.25854832287304336,0.2585462130724093,2031
1.3783688594912196,0.008214583418301459,0.00019462702132478553,0.003943027651319991,0.00010029853025817016,0.26001491538946636,0.26001486619743447,2032
1.3782268796137505,0.008233372662924761,0.00018465948949001847,0.003946552420982322,9.871166202398123e-05,0.25993537427699537,0.259935326029185,2033
1.3793149472940789,0.00871559071800959,0.00020700303353101264,0.00398560199390812,7.169259575462e-05,0.25846714802956816,0.25846494563932604,2034
1.3790942000188888,0.008673979418120002,0.00019738027732660597,0.003982943702622144,7.29480855521621e-05,0.25854096514172503,0.25853881791070615,2035
1.3783214775174895,0.00820843454856126,0.0001920329529340811,0.003944218172591428,9.999284355963014e-05,0.25999964217157945,0.25999958869399364,2036
1.3781878811736685,0.008228489371148333,0.00018251464805331077,0.00394790146443502,9.838874739410875e-05,0.2599191102118138,0.2599190609929452,2037
1.3793223333078448,0.00870724676734932,0.00020780899513657406,0.003986203641348852,7.157178854363825e-05,0.2584600111432337,0.2584577673986172,2038
1.3791029110299562,0.008665714458638977,0.00019831987968480408,0.00398346827491214,7.284747807399742e-05,0.25853507340765136,0.2585328772504902,2039
1.3782787374214618,0.008202226755614741,0.00018972758647563858,0.003945401822623083,9.97251173235258e-05,0.2599862464081118,0.2599861896378918,2040
1.3781541404794997,0.008223864945597336,0.0001806819526311116,0.00394928231482367,9.810336947725652e-05,0.2599047145076098,0.2599046663372669,2041
1.3793250113395823,0.008697510238318783,0.0002084529451710873,0.0039866488436207746,7.148379218300968e-05,0.25845480882001537,0.25845251220210136,2042
1.3791074997950779,0.008655924783592082,0.00019914799109717131,0.003983801781332066,7.278389053970189e-05,0.258531347521916,0.2585290876600511,2043
1.3782423145663252,0.008195775637922117,0.0001878306399900693,0.0039465485984006825,9.950883524894439e-05,0.2599754115328113,0.2599753528232112,2044
1.3781276524765738,0.008219467176983117,0.00017929204627590228,0.003950683376724334,9.787405677924047e-05,0.2598931317983357,0.2598930871765301,2045
1.3793191679791965,0.008685811447804781,0.00020877368071828547,0.003986889468412104,7.145641355312821e-05,0.2584531895491068,0.25845083010985564,2046
1.3791043986448208,0.008644080919916022,0.0001997269276049638,0.0039838883124684275,7.27929932924013e-05,0.2585318809938021,0.25852954429511105,2047
1.3782148304582273,0.008188987616803986,0.0001865070328139847,0.003947637987328278,9.93835913392736e-05,0.25996913192506116,0.2599690736461846,2048
1.3781112026374998,0.008215238254303873,0.0001785264870972092,0.003952081840810653,9.773089601081336e-05,0.2598858937891732,0.2598858555512505,2049
1.3792994396677916,0.008671234386505923,0.000208524396482608,0.003986869336147902,7.151464262430097e-05,0.25845663305484523,0.25845420480175246,2050
1.3790888238990366,0.0086292131568705,0.00019984865738798322,0.003983651785950817,7.290055464068567e-05,0.2585381821625382,0.2585357579470337,2051
1.37819958101988,0.008181585744095242,0.00018598361002883737,0.003948614220007999,9.937905247978496e-05,0.25996890427678915,0.2599688493528707,2052
1.3781083966460395,0.0082110080520713,0.00017862577427011657,0.00395342634578119,9.771272269920121e-05,0.25988497459274434,0.25988494530912815,2053
1.379257799906788,0.008652922768651995,0.00020731175123094497,0.003986587471016503,7.170186359761e-05,0.2584676952943295,0.2584652074864389,2054
1.3790534679150501,0.008610539611590478,0.00019916620427599258,0.003983084217036506,7.31568366249076e-05,0.25855317699015445,0.25855066965728424,2055
1.3782009744388632,0.008173439033913822,0.00018653634399729197,0.003949436580670446,9.95515081520865e-05,0.25997755020794616,0.2599775024074529,2056
1.3781232565050772,0.008206442483683714,0.00017986208393919046,0.003954632284070233,9.787039610363792e-05,0.25989294678564673,0.25989292789585383,2057
1.3791852638632267,0.00862991404255767,0.00020464629612957407,0.003986098786895614,7.20435981725276e-05,0.2584878500324009,0.25848533521022915,2058
1.3789906920734745,0.008587110129491208,0.0001972553291242657,0.003982230459107636,7.357869082100447e-05,0.25857780221391263,0.25857523703130475,2059
1.3782228513387835,0.00816430323367728,0.00018842002233391688,0.003950035767030786,9.992351028145946e-05,0.2599961747824585,0.2599961371231305,2060
1.378158516712771,0.008200990533021759,0.0001824314466804062,0.003955585947464836,9.824739140991005e-05,0.25991198221396256,0.25991197298771757,2061
1.3790757556375772,0.008602164233455424,0.00020015184262675334,0.003985566743666892,7.255980828433381e-05,0.2585182045223353,0.2585157249414205,2062
1.3788957378276188,0.008559083581557157,0.0001937867022852793,0.003981272633601367,7.417448318988708e-05,0.25861246092530393,0.2586098920707344,2063
1.3782664729301544,0.008154252382028944,0.00019169347259431128,0.0039503919006709815,0.00010050450273943336,0.26002519340159747,0.2600251672872109,2064
1.3782128351768703,0.008194042533219034,0.00018626410458539338,0.00395619271008824,9.885227015182324e-05,0.2599424478953537,0.25994244529445076,2065
1.3789344162359038,0.0085708027016987,0.00019401433257245179,0.003985152289598041,7.32188613653382e-05,0.2585568020524807,0.2585544304613176,2066
1.3787743830128194,0.008527648620598273,0.00018893612282595097,0.003980400346997832,7.488016381466172e-05,0.25865333252652767,0.25865082285709384,2067
1.3783264479360318,0.008143323818944524,0.00019601749868134464,0.0039505076789749195,0.00010121493002151527,0.2600605631065818,0.2600605469758625,2068
1.378278269056417,0.008185232248644323,0.00019086046582683473,0.003956445483920345,9.961641386430351e-05,0.2599808022655648,0.2599808021929524,2069
1.3787797063101235,0.008538756950739287,0.0001871467232019219,0.003984966764212995,7.396720309585766e-05,0.25860041877444684,0.2585982114795484,2070
1.3786433558426456,0.008495821159219678,0.00018348264496210342,0.003979785934006547,7.562275343981946e-05,0.2586961343963752,0.25869373430087034,2071
1.3783906067633847,0.008131956553927167,0.00020060439273590777,0.0039504986364732745,0.00010194400201284674,0.2600967322442881,0.2600967230329523,2072
1.3783412330276767,0.008174834102661711,0.00019534783168219345,0.0039564750670205255,0.00010040103770162919,0.26002003182138805,0.2600200311649646,2073
1.378636459083832,0.008509187936960207,0.00018080190008194858,0.003985005201269849,7.470236469497076e-05,0.2586430529730513,0.2586410250542323,2074
1.3785241658262208,0.008466625996306636,0.00017848145891663638,0.003979474806444807,7.628864067843158e-05,0.25873433687685743,0.2587320612402969,2075
1.3784426797652054,0.008120579760335398,0.0002044449253545976,0.003950515019341297,0.00010253549396011183,0.26012598113567825,0.2601259756041913,2076
1.3783869546312182,0.00816374224259939,0.0001987760481339788,0.0039565045578127695,0.00010104063751966241,0.260051897209963,0.2600518949143751,2077
1.378523364027324,0.00848464952677322,0.00017590328081535392,0.003985258408835658,7.532702284616161e-05,0.25867911417404804,0.25867724433268374,2078
1.3784320402447754,0.008442627089591207,0.00017468256659476823,0.003979500790448937,7.680223445781957e-05,0.2587636884048795,0.25876152415421777,2079
1.3784691363683745,0.008109768861388941,0.00020668497723627587,0.003950728149814089,0.0001028891193540102,0.26014342739679297,0.26014342325199974,2080
1.37840505289193,0.008153007825753407,0.0002004731212301778,0.0039567442456027255,0.00010141757388867718,0.2600706292697466,0.26007062594277397,2081
1.3784479191639463,0.008466009785132548,0.00017278298867444788,0.003985710479133284,7.575516789059984e-05,0.2587037444752589,0.258701989559494,2082
1.3783724213738366,0.00842459721233375,0.0001723372235036566,0.003979848223553293,7.710410259503601e-05,0.25878089417969696,0.25877881062964786,2083
1.3784637629507233,0.008099654469993596,0.00020695388524675332,0.003951201980969036,0.00010295375545739258,0.2601466130042193,0.2601466084751938,2084
1.378393076095451,0.008143218633047282,0.0002002765475698451,0.00395729014278455,0.00010149793764820626,0.26007461848648405,0.26007461536196036,2085
1.3784069398836623,0.008452924766982974,0.000171258608951534,0.003986364102901247,7.597388042586345e-05,0.2587162996980292,0.2587146159840329,2086
1.3783412980148664,0.008412092768346566,0.00017125167317566878,0.003980494775248405,7.721287863630537e-05,0.2587870859012704,0.25878505351812287,2087
1.378430517340688,0.008090210059591756,0.00020549113312237044,0.003951917131651414,0.00010277242216881244,0.2601376734100489,0.2601376667906471,2088
1.3783571526457494,0.008134393590245176,0.00019856787700164592,0.003958107405361866,0.00010133251788699515,0.2600664054104231,0.2600664033873069,2089
1.3783906655036897,0.008443788428044038,0.00017086093815492964,0.003987167134396976,7.602318935836712e-05,0.25871912778656025,0.258717481353589,2090
1.378329263212785,0.008403286935729474,0.0001710043729608692,0.003981339778332453,7.718518355027237e-05,0.25878550986285215,0.25878350662686295,2091
1.3783807645035906,0.008081260549236406,0.0002029972429975173,0.0039527829810104475,0.00010243550566491735,0.26012104271628755,0.2601210321712507,2092
1.378308996494073,0.008126272740268949,0.00019607727742104833,0.0039590902889646475,0.00010102564470512004,0.260051151411909,0.26005115056570477,2093
1.3783861576364287,0.008436536928092774,0.00017100078531926343,0.003988039307072773,7.599187089750981e-05,0.25871733163860994,0.25871570493453333,2094
1.378324671960866,0.008395985529153376,0.00017109594267982319,0.003982255638060611,7.711667350183306e-05,0.25878160996069816,0.2587796266100446,2095
1.3783281143141262,0.008072720926684845,0.0002002981431639455,0.0039537098426561555,0.00010206308273358488,0.2601026275163239,0.2601026118593515,2096
1.3782607790936052,0.008118522747899837,0.00019356808186096113,0.00396011973528874,0.00010068900374419381,0.2600343910499937,0.26003439088103814,2097
1.3783813504093207,0.00842902803074205,0.00017113732900654277,0.003988875432868913,7.596090886367816e-05,0.25871555556827436,0.25871394454096636,2098
1.378317469054023,0.008388050926480402,0.0001711023020140465,0.003983103526641357,7.708323034339196e-05,0.2587797055954851,0.25877774197030373,2099
1.3782828174761688,0.008064417193419444,0.00019802793402666434,0.00395461984835885,0.00010174934414070511,0.26008708799112534,0.26008706740873255,2100
1.3782208853733633,0.008110829794550039,0.00019157147179231835,0.003961107001829966,0.00010041004360232277,0.2600204812061259,0.26002048120576027,2101
1.3783678734805984,0.008419883426230578,0.00017089584191085872,0.003989612292692126,7.599136906965462e-05,0.2587173028552216,0.25871571393470866,2102
1.378301416023459,0.008378255975727321,0.00017075811959033673,0.003983807028194,7.713459567879058e-05,0.25878263033941373,0.2587806930953015,2103
1.3782495007300735,0.008056179097985765,0.00019647865131411515,0.003955469609211727,0.0001015461214194186,0.260077009547451,0.26007698555352116,2104
1.3781922264695141,0.008102933218431483,0.0001902821361526845,0.003962002769566401,0.00010022702530645131,0.2600113448300641,0.26001134478507787,2105
1.378343117174947,0.008408635542684445,0.00017015584840869523,0.003990232267295946,7.609852945069898e-05,0.2587234471082651,0.2587218902037599,2106
1.3782755036694532,0.008366343663995954,0.00017001435851866182,0.0039843548742598475,7.72723437031546e-05,0.2587904689125868,0.2587885657892547,2107
1.3782272885410245,0.00804787566819682,0.00019560714534480093,0.003956249705305975,0.00010145011564553934,0.2600722448166007,0.26007221924823415,2108
1.3781730301889492,0.00809476757232649,0.00018959298219361446,0.003962810554592515,0.00010013388651671941,0.2600066920866348,0.2600066919934205,2109
1.3783096450365182,0.008395786067443895,0.00016903008602352505,0.003990770158783684,7.62670508198951e-05,0.25873310087081874,0.2587315843955094,2110
1.378242931229799,0.008352983078902046,0.00016900030582012214,0.003984798498610139,7.746939367162831e-05,0.2588016699365307,0.25879980649332235,2111
1.3782118112144504,0.008039524196540866,0.00019514657685212362,0.003956985916057182,0.00010142211395711109,0.2600708546785817,0.2600708288004892,2112
1.3781588118552222,0.008086456414440515,0.00018921904640387675,0.003963570453890588,0.00010009085095751445,0.26000454151660707,0.2600045414100061,2113
1.378272992476094,0.00838225670387111,0.0001677667030515255,0.00399127267462917,7.64578824753524e-05,0.2587440198121546,0.2587425459326706,2114
1.378208903540821,0.008339176206614361,0.00016793317244047113,0.003985205373461458,7.768036564917869e-05,0.25881364655799055,0.25881182293767285,2115
1.3781976433562637,0.008031221496401448,0.00019476135352956343,0.003957720091378637,0.00010140855166325639,0.2600701813123328,0.2600701554672328,2116
1.378144801836866,0.008078241287536205,0.00018885017771908707,0.0039643395663537615,0.00010005220150889554,0.26000260973490896,0.26000260962018645,2117
1.3782384250943414,0.00836896392076906,0.00016660386885024235,0.003991782460571278,7.663567675453765e-05,0.2587541805301546,0.25875274523549147,2118
1.3781778260540007,0.008325818402096929,0.0001669987315812665,0.003985634035449196,7.786871633236348e-05,0.2588243252621582,0.25882253699538854,2119
1.3781806597869664,0.008023087757430051,0.00019419348790491363,0.003958490528582725,0.00010136759520462913,0.26006814755576363,0.2600681214080808,2120
1.3781278115716589,0.00807031524790285,0.00018827854611040739,0.003965159666330623,9.998341206196583e-05,0.2599991705687005,0.2599991704215775,2121
1.3782089079880293,0.008356394504517056,0.00016567626167138773,0.003992316584130173,7.677838494898152e-05,0.2587623275988165,0.25876092276620377,2122
1.378151773089188,0.008313320596337612,0.00016628498862902911,0.003986109454606713,7.801568327234318e-05,0.25883264871215556,0.25883088866573006,2123
1.378159321691065,0.008015188211615606,0.00019334632642924575,0.003959315774388734,0.00010128147797757989,0.26006386993047803,0.26006384288375084,2124
1.3781071398101434,0.008062760497389633,0.00018745629846063057,0.00396604597780317,9.98748926015983e-05,0.25999374267237246,0.2599937424539277,2125
1.378184484646536,0.00834456696718949,0.00016498827524176398,0.003992871422822406,7.688694254276176e-05,0.2587685199744747,0.2587671372939927,2126
1.378130256735748,0.00830160083543668,0.00016577332609551254,0.003986624760182645,7.812654654296586e-05,0.25883892225008037,0.2588371837718294,2127
1.3781346385270636,0.008007533364564012,0.00019228156645357825,0.00396019317818979,0.0001011573026796002,0.260057698677113,0.26005767029365123,2128
1.3780841492457554,0.008055533008870025,0.00018647140657518163,0.003966985948158255,9.973671192627072e-05,0.25998682691981145,0.2599868265922301,2129
1.378163195087204,0.008333127713829932,0.0001644547918976439,0.003993425614586171,7.697635779382124e-05,0.2587736171442468,0.2587722504742478,2130
1.3781112414085592,0.008290240042525493,0.00016538133495990737,0.0039871495841263295,7.822049525876968e-05,0.2588442351426661,0.2588425136588812,2131
1.3781089762804175,0.00800009552884326,0.0001911455093034493,0.003961107839264231,0.00010101663740616212,0.2600507033289299,0.260050673587515,2132
1.3780610763170518,0.008048538060158176,0.0001854683588346587,0.003967956093193316,9.958985889828503e-05,0.25997947187471787,0.25997947142908395,2133
1.3781424837712801,0.008321634882104405,0.00016396392488022437,0.00399395657619143,7.706723606517824e-05,0.25877879468179876,0.2587774410982068,2134
1.3780924773366496,0.008278779705677392,0.00016501788536214568,0.003987651272733015,7.8319737286361e-05,0.2588498439131072,0.258848137415349,2135
1.3780845405132909,0.007992838975083265,0.00019007501455794404,0.003962043910272206,0.00010088096911021948,0.26004395186717955,0.26004392118328706,2136
1.3780396788989557,0.008041680563299345,0.0001845625481882706,0.003968935354466817,9.945105282697707e-05,0.25997251486972955,0.25997251433659696,2137
1.378120595818154,0.008309774028439259,0.0001634379975711682,0.003994449278054613,7.717294452979647e-05,0.2587848132894101,0.25878347208501945,2138
1.3780726340865195,0.008266947236655888,0.00016462879139169718,0.003988109970605336,7.843754608398132e-05,0.25885649739366423,0.25885480544506817,2139
1.3780623593594463,0.007985744416036679,0.0001891338076755423,0.00396299340130747,0.00010076151698174987,0.2600380036352728,0.2600379726584132,2140
1.3780205360720286,0.008034923890782007,0.00018379234641020738,0.003969916759415179,9.932654714230669e-05,0.259966270473066,0.2599662699074502,2141
1.3780971744962471,0.008297484188658813,0.00016286066671370868,0.003994902831059732,7.729625539978917e-05,0.258791828899597,0.2587905000719642,2142
1.3780516695951874,0.00825474192500014,0.0001642120698624932,0.003988525307734359,7.857502748847806e-05,0.2588642556082549,0.25886257808224866,2143
1.3780421236242026,0.00797881565992288,0.00018830266259738443,0.003963957770489113,0.00010065598554787853,0.2600327456634701,0.2600327149926469,2144
1.3780030899878595,0.008028285815877213,0.00018312244303197225,0.0039709062900164325,9.921041668563427e-05,0.25996044259486667,0.25996044204411817,2145
1.3780730534213588,0.008284901035632501,0.0001622684208964184,0.0039953249879643785,7.743014321452263e-05,0.25879943993754845,0.2587981226108613,2146
1.378030467986962,0.008242354034385195,0.00016380340705969922,0.0039889101197185485,7.872406844264806e-05,0.258872658476615,0.25887099447903467,2147
1.3780227678480035,0.00797207780314738,0.00018751466435694772,0.003964945279911784,0.00010055423143272714,0.260027673281112,0.26002764329856004,2148
1.3779862953059931,0.008021821057457636,0.0001824844951487098,0.003971917080302998,9.909195259071703e-05,0.25995449409014426,0.2599544935791956,2149
1.3780494403651795,0.00827222455308017,0.00016171533224487895,0.003995725299134769,7.756506145190154e-05,0.2588071028977696,0.2588057948084663,2150
1.3780100741370391,0.008230004738496974,0.0001634451955242975,0.003989279507023403,7.887459891159472e-05,0.2588811372532798,0.25887948486489754,2151
1.378003266892402,0.00796555621141282,0.00018670557664193142,0.0039659644245691175,0.00010044556506019677,0.2600222534921143,0.2600222243605906,2152
1.3779693117582084,0.008015571247499959,0.0001818235977805338,0.003972959333479558,9.896217928463628e-05,0.25994797362705774,0.2599479731610253,2153
1.378027162123078,0.008259582410825961,0.00016123956298131487,0.003996108150469839,7.769465035460552e-05,0.25881445689504495,0.25881315472431926,2154
1.3779910678638916,0.008217817935920572,0.00016316078441766722,0.003989641935991866,7.902070478713776e-05,0.2588893590762854,0.2588877157657111,2155
1.377983202846612,0.00795927011371143,0.00018584868279382957,0.003967020115990897,0.00010032509607684647,0.2600162416143405,0.26001621340250314,2156
1.3779519107058127,0.00800954701672015,0.0001811244074124452,0.003974035733726484,9.88189822147845e-05,0.2599407737231457,0.2599407733014889,2157
1.3780063292736733,0.008246981159129127,0.0001608481077213271,0.0039964716815715975,7.781881883441774e-05,0.25882149753921735,0.2588201978229991,2158
1.3779733861325731,0.008205782534406575,0.0001629470624834674,0.003989996784443832,7.916251084234409e-05,0.2588973316697954,0.2588956949749758,2159
1.3779628114861693,0.007953226952879823,0.00018495832534311265,0.003968112459979501,0.00010019396944302697,0.26000969377368893,0.2600096665782777,2160
1.3779343974540683,0.008003724677515376,0.0001804069967563992,0.003975141585143013,9.866586405771221e-05,0.2599330692163959,0.2599330688422762,2161
1.3779865225545203,0.008234339045828697,0.00016052432825552123,0.00399681010041399,7.794195200564026e-05,0.25882847393413155,0.258827173771071,2162
1.377956561263614,0.008193808194180736,0.00016278394288448954,0.003990338193571118,7.93042220866562e-05,0.25890529180244287,0.2589036598273796,2163
1.3779426560441717,0.00794743283339279,0.000184069053862791,0.003969239560450801,0.00010005671471464084,0.26000283533377616,0.26000280934155456,2164
1.377917264503188,0.007998070927695063,0.00017970374803715736,0.003976269856469603,9.850859972461716e-05,0.25992514985905085,0.259925149541852,2165
1.377967214460644,0.008221562423092195,0.0001602461726107491,0.0039971178638477396,7.806937076138034e-05,0.25883568733949885,0.25883438462888264,2166
1.377940117743042,0.008181807418031328,0.00016265049272925485,0.003990660582431537,7.945011242042623e-05,0.25891347925450137,0.25891185073673006,2167
1.3779232003236894,0.007941892637831372,0.0001832095686927231,0.0039703997553335495,9.991676830608528e-05,0.25999583754900435,0.25999581300461444,2168
1.3779008317810042,0.007992558113019617,0.00017903617014710575,0.003977415391861909,9.835102850899666e-05,0.2599172087055278,0.2599172084553131,2169
1.3779481236459252,0.00820860581338441,0.00016000184153843868,0.003997392372104221,7.820427399159067e-05,0.25884331804197896,0.2588420112313338,2170
1.3779238378570862,0.008169754243224716,0.00016253590966830954,0.003990962643336591,7.960204259526427e-05,0.2589219976796267,0.2589203717628579,2171
1.3779045919171216,0.007936613099616437,0.00018238892422954442,0.003971593146301373,9.977464226496013e-05,0.25998872575782117,0.2599887028951777,2172
1.3778851149654214,0.00798717305613166,0.00017840593950728666,0.003978576717284699,9.819375523019765e-05,0.2599092762213089,0.25990927604232733,2173
1.3779293037628881,0.008195485190341687,0.00015979398986671193,0.003997634055936071,7.834698773213648e-05,0.2588513833795705,0.25885007105514435,2174
1.37790778923236,0.008157684502052492,0.0001624409665601477,0.003991247121114039,7.97589901072088e-05,0.2589307888849311,0.25892916478965927,2175
1.3778866958713907,0.00793159634856393,0.0001815989913918138,0.003972820784446922,9.962809219605484e-05,0.2599813872881506,0.25998136626955604,2176
1.3778699106196297,0.007981909247940256,0.00017780062748154837,0.003979754648858611,9.80349423450974e-05,0.2599012596342636,0.2599012595216697,2177
1.377911002149894,0.008182253225847362,0.00015963363420155107,0.003997844906438115,7.84961744441929e-05,0.2588598066821005,0.25885848730196215,2178
1.377892165116314,0.008145662311861,0.00016237166405782004,0.003991518582298788,7.991874345143886e-05,0.2589397283768266,0.2589381052407935,2179
1.3778692916794328,0.007926839385955314,0.00018082644923535907,0.003974083615891342,9.947432180654619e-05,0.25997368145704214,0.25997366236130537,2180
1.3778549856507625,0.007976758431710026,0.0001772059525573933,0.003980950009028768,9.787251479856794e-05,0.25989305386615114,0.25989305380763755,2181
1.377893448583974,0.008168963758176823,0.0001595306010494923,0.003998026838201206,7.86504921029627e-05,0.258868511267567,0.2588671831587318,2182
1.3778771070474092,0.008133739664444167,0.00016233192385504578,0.003991780723281342,8.007949445493509e-05,0.2589487146817258,0.2589470915760174,2183
1.3778522437476968,0.007922331657710509,0.00018006353725396836,0.003975381326707254,9.931158164063019e-05,0.2599655196372608,0.25996550247993816,2184
1.377840213377903,0.007971704519017549,0.00017661471822790604,0.003982162049725088,9.770563342373862e-05,0.2598846159977886,0.2598846159768436,2185
1.3778767230242401,0.008155652874442311,0.000159487259991621,0.003998181299052713,7.880964440458305e-05,0.25887747962006014,0.2588761411744832,2186
1.3778626134805565,0.00812193980092488,0.00016231964090636052,0.003992035543458332,8.024082492245126e-05,0.25895772431605546,0.2589561004080529,2187
1.3778355642499025,0.00791805801538783,0.00017931175796878862,0.003976712285946562,9.91399106242437e-05,0.25995690266218585,0.2599568874273231,2188
1.3778256006951233,0.007966725465559406,0.00017602846098312757,0.003983388414167086,9.753499639928717e-05,0.2598759807816382,0.25987598077966045,2189
1.3778607534092215,0.008142339842381965,0.0001594980753270741,0.003998309596342294,7.897423812010448e-05,0.25888674508018006,0.2588853949585775,2190
1.3778485648801695,0.008110261354826547,0.00016232760846885623,0.003992283688259408,8.040335446581881e-05,0.25896679175992277,0.25896516644775014,2191
1.3778193614538388,0.00791399893494117,0.00017857876943759934,0.003978073809552623,9.896055290639542e-05,0.25994789188252443,0.25994787854019347,2192
1.3778112280205248,0.007961798183191343,0.00017545345033350904,0.0039846260871035785,9.736210767085875e-05,0.2598672239090262,0.25986722390546113,2193
1.3778453923670009,0.008129041195912125,0.00015955295717154724,0.003998413671640486,7.914514569030616e-05,0.258896355753358,0.25889499299491026,2194
1.3778348005561505,0.008098694938696667,0.00016234677671058404,0.003992525585676319,8.056808549354111e-05,0.25897597267673766,0.25897434565679817,2195
1.3778037531672764,0.007910131660984072,0.00017787294867740972,0.003979462728631581,9.877517046762663e-05,0.2599385698401544,0.2599385583489142,2196
1.3777971720103461,0.007956903152433614,0.0001748955716090787,0.003985872421061264,9.718835881984767e-05,0.25985841563436274,0.25985841560590556,2197
1.3778305032871532,0.008115782725071753,0.00015964132341640225,0.003998496362863285,7.93227794155361e-05,0.25890633366854937,0.2589049576585434,2198
1.3778211908013975,0.008087234839697473,0.00016236953020044823,0.003992762015155189,8.073570348443079e-05,0.25898530486318805,0.2589836760927369,2199
1.37778880290599,0.007906429469214325,0.00017719949993846802,0.003980875661185679,9.858516200840895e-05,0.25992900609368375,0.25992899639328454,2200
1.3777834605779353,0.007952026760853262,0.00017435733448334373,0.003987125713285205,9.701448160638257e-05,0.2598495929665333,0.2598495928866625,2201
1.3778160033162707,0.0081026044350361,0.00015975442620377015,0.003998561335373333,7.95068860050438e-05,0.2589166633896903,0.2589152737581278,2202
1.3778076642391648,0.008075882718373192,0.00016239116725341333,0.003992994217589457,8.090646273857821e-05,0.25899480198440067,0.25899317161148283,2203
1.377774507884951,0.007902862838928257,0.00017655962560435908,0.003982309245881148,9.839151203723144e-05,0.25991924957026646,0.2599192415754636,2204
1.3777700708555993,0.007947161264509698,0.00017383772765656904,0.003988385225761674,9.684045751414731e-05,0.25984075492602815,0.2598407547654501,2205
1.3778018643374912,0.008089556620406195,0.0001598858401837163,0.003998612534480331,7.969664577123799e-05,0.25892729778663387,0.2589258942846431,2206
1.3777942000566386,0.00806464294148227,0.000162409853201918,0.0039932234440405966,8.108031914728721e-05,0.2590044610692305,0.25900282935622243,2207
1.3777608217148092,0.007899401615909364,0.00017595184142033465,0.003983760289678692,9.819486978726394e-05,0.2599093324592156,0.25990932605836936,2208
1.3777569527323947,0.007942304525191103,0.00017333369528907725,0.003989650997251662,9.666574766732296e-05,0.25983187406689706,0.2598318737946597,2209
1.3777880903258284,0.008076693031499842,0.0001600308714334514,0.003998653694026324,7.989104584507219e-05,0.2589381791123848,0.258936761525033,2210
1.3777808038056498,0.008053516675310717,0.00016242573689872848,0.0039934505841844724,8.125725091441629e-05,0.25901428038805185,0.25901264766984833,2211
1.377747686329622,0.007896018706398228,0.00017537378547312132,0.003985226025695801,9.799568987146745e-05,0.2598992772398528,0.25989927229779763,2212
1.3777440521343454,0.007937459238146097,0.0001728416494154301,0.003990923602034269,9.648951215363168e-05,0.2598229075203644,0.2598229071052332,2213
1.3777746998005593,0.008064063773217828,0.00016018618826236535,0.003998687838901168,8.008916288706385e-05,0.25894925487887477,0.25894782296612173,2214
1.377767490414232,0.008042497559863753,0.00016244025142950235,0.003993675925872827,8.143741021157434e-05,0.2590242678490598,0.25902263451174884,2215
1.3777350519186038,0.007892693807343929,0.00017482329106348435,0.003986704400344718,9.77942170256906e-05,0.2598890958649257,0.25988909222664436,2216
1.3777313211213196,0.007932632603083955,0.00017235810748403074,0.003992204031511473,9.631075762862292e-05,0.25981380444214286,0.2598138038539297,2217
1.3777617220017704,0.008051711086133536,0.00016035008220158096,0.003998717002288989,8.029038786070347e-05,0.2589604903805932,0.25895904384487617,2218
1.377754279845238,0.008031571309412162,0.00016245586123701388,0.003993899230489164,8.162114619682087e-05,0.2590344422183564,0.2590328086917676,2219
1.377722879953444,0.007889416265206277,0.0001742984389882001,0.003988194350080909,9.759032550042054e-05,0.25987878157975064,0.2598787790724335,2220
1.3777187126674915,0.007927834796833289,0.00017187943323985117,0.003993493554135399,9.612834615102802e-05,0.2598045064205715,0.25980450563166857,2221
1.3777492059429421,0.008039666601163708,0.00016052331244947453,0.003998741978439023,8.049450834472022e-05,0.25897187317925974,0.2589704116371947,2222
1.3777412019011552,0.008020717380857936,0.00016247613888708168,0.003994119922075582,8.180887786931914e-05,0.2590448260275872,0.2590431927731858,2223
1.3777111363228194,0.00788618664007395,0.000173797038396369,0.003989695967831161,9.738331116729903e-05,0.25986829829136204,0.2598682967247375,2224
1.3777061701626545,0.007923076795107469,0.00017140126171889637,0.003994793528998223,9.59410334027809e-05,0.2597949493823491,0.25979494836962147,2225
1.377737228516188,0.008027949419156376,0.0001607098261131284,0.003998762223013326,8.07017937743633e-05,0.2589834177112257,0.25898194067820546,2226
1.3777282989585213,0.008009911321382325,0.00016250566635217568,0.0039943373641566,8.20009614173632e-05,0.2590554382233751,0.25905380572034853,2227
1.3776997841838723,0.00788301658231229,0.0001733161620293846,0.003991210490960844,9.717174785211689e-05,0.2598575731218245,0.25985757228816614,2228
1.3776936197211795,0.00791836678007132,0.00017091819530384378,0.003996105045305343,9.574756313564302e-05,0.2597850683766463,0.2597850671238138,2229
1.377725892500942,0.008016563202587913,0.00016091684488510596,0.003998775859344706,8.09130628110468e-05,0.25899516885950713,0.25899367575737203,2230
1.377715619814012,0.007999126231088503,0.00016254944289588387,0.003994551142828915,8.219758602490858e-05,0.2590662884371119,0.2590646571752158,2231
1.3776887822807573,0.007879927364849893,0.00017285207183609526,0.0039927401041413325,9.695350255914936e-05,0.2598464969689301,0.2598464966446835,2232
1.3776809698485293,0.007913706261566514,0.00017042398928999555,0.003997428474555541,9.554688976052104e-05,0.2597748089372898,0.2597748074373601,2233
1.3777153112210114,0.008005492934488021,0.0001611540751451657,0.003998779935173231,8.112974742904693e-05,0.25900720530625604,0.25900569551446606,2234
1.3777032055332579,0.007988333763195379,0.00016261183465619207,0.003994761404146955,8.239870528977583e-05,0.25907737325936175,0.2590757437494807,2235
1.3776780844006187,0.00787694637334442,0.00017240031432826165,0.003994287518897094,9.672588232013767e-05,0.25983493173947525,0.2598349316895506,2236
1.3776681132514639,0.007909085722766534,0.00016991192711012467,0.003998762962820729,9.533842019080246e-05,0.25976413950078564,0.25976413775824675,2237
1.3777055873768684,0.007994702546233178,0.00016143235075318885,0.0039987709330377924,8.135384066463412e-05,0.2590196363931499,0.2590181093429928,2238
1.3776910752798583,0.007977505858035295,0.00016269546644179467,0.003994969248987912,8.260394965580313e-05,0.2590886715011493,0.25908704430316104,2239
1.3776676320549714,0.007874101229630922,0.00017195549777944283,0.003995855341370243,9.648588988120565e-05,0.2598227231398022,0.2598227231251002,2240
1.3776549241925966,0.00790448036851153,0.00016937492170379716,0.004000105985128961,9.512221749743017e-05,0.2597530619549673,0.25975305998764403,2241
1.3776823626262924,0.007981931326860552,0.00016103233006769003,0.003998779884339268,8.167494478280602e-05,0.25903741914391526,0.2590358985776732,2242
1.377655063936165,0.007962380236861601,0.00016162552341499544,0.00399514678239892,8.299166731499666e-05,0.25910997625216425,0.25910839192521246,2243
1.3776831145075454,0.007873992986247474,0.00017301329840234715,0.003997563647765687,9.639551110517457e-05,0.25981812156703993,0.2598181204821229,2244
1.3776619023750345,0.007901260060118027,0.0001700606894451479,0.00400144652316106,9.506032420989235e-05,0.25974988842038166,0.2597498847659292,2245
1.3776687997818535,0.007970623487879185,0.00016112095997057347,0.0039987607522725494,8.194466984205513e-05,0.2590523295257108,0.25905080153071314,2246
1.3776525680251785,0.007953042911375987,0.0001621839376355913,0.003995384079920559,8.312723091402003e-05,0.25911741360880486,0.2591158182049919,2247
1.3776447155492555,0.007868785011449747,0.0001709090707638797,0.003999067603128924,9.594333570925919e-05,0.25979506690682913,0.2597950663549782,2248
1.3776094786036914,0.007893825917067722,0.00016713738025332447,0.00400280066025108,9.453791335460654e-05,0.25972306090460234,0.2597230595857209,2249
1.377607477583766,0.007951868619357448,0.00015880407058524115,0.0039988895808853045,8.25320817464685e-05,0.259084716932655,0.25908326461120573,2250
1.377519745377202,0.007920339542108364,0.00015637758489372056,0.003995641486644603,8.42459900181666e-05,0.25917856143511425,0.25917718353013425,2251
1.3775578874145578,0.00786007376932596,0.00016586774555704326,0.004000532625337109,9.510795333495972e-05,0.25975233066169107,0.25975233032362854,2252
1.3774095844257435,0.007875267153504686,0.00015516487462804545,0.004003956350510562,9.270578907810383e-05,0.2596283845518396,0.2596283731780209,2253
1.3775002384153487,0.007924582899123574,0.00015431152468550128,0.003999005755640952,8.35470301494332e-05,0.25914040645427944,0.25913912096939373,2254
1.3773336983272004,0.007876158052010366,0.000148089763697143,0.003996261075430015,8.603539385051175e-05,0.25927552660771946,0.25927451621803815,2255
1.377441710434234,0.00785051970184144,0.0001589117470659275,0.004002086889514559,9.389913069991875e-05,0.25969015638160287,0.2596901496577491,2256
1.377280491536746,0.007860514604841136,0.00014745373551681274,0.004004759240298287,9.129103768884046e-05,0.2595546343566272,0.2595545848641558,2257
1.3773865133370538,0.007894592144001965,0.0001496079937855395,0.003999168357158937,8.475088625564445e-05,0.2592060244544344,0.259204943022162,2258
1.3772421536678645,0.007850206458507465,0.0001442740628789792,0.0039973168193206295,8.707641165196755e-05,0.259331474248583,0.2593306869320362,2259
1.3773366367392046,0.007841261272070322,0.00015256741037512764,0.004003521567045052,9.266789637826988e-05,0.2596264165907294,0.2596263946274788,2260
1.377213618934908,0.007847726967526777,0.0001437333416238927,0.004005260795276236,9.052770664143713e-05,0.2595146049125246,0.2595145210283314,2261
1.3772927716385803,0.007867299242139305,0.00014588264864455968,0.003999567523985965,8.586898674074154e-05,0.2592665520416572,0.25926566052047517,2262
1.377191618185021,0.007833996033637117,0.00014224376004614688,0.003998657113168213,8.761872467488356e-05,0.2593604874165229,0.25935983849848443,2263
1.3772547662702066,0.007831941575418775,0.00014767566341969025,0.004004703384080176,9.161268772691562e-05,0.25957145170425655,0.25957140736704476,2264
1.3771740711538858,0.007834965100285219,0.00014187423769473732,0.004005594449230123,9.016062805291145e-05,0.25949529504822844,0.259495187254709,2265
1.3772221293865234,0.00784427344177436,0.0001432084471532757,0.004000248723523132,8.678914610399026e-05,0.25931606924104744,0.2593153345511893,2266
1.3771596208556751,0.007822662092502972,0.00014098038648148911,0.0040000904626250125,8.786997157741623e-05,0.25937389841940994,0.25937333485640435,2267
1.3771941889403807,0.007822262521034335,0.00014417773845691855,0.004005603635005316,9.078638777688655e-05,0.25952818911319914,0.2595281165426217,2268
1.3771473702778212,0.007822303412831723,0.00014090168553634506,0.0040058941169323565,9.00046181297182e-05,0.2594870763741902,0.2594869517041113,2269
1.3771702876694774,0.007825453495517413,0.00014134342252963405,0.004001175596958795,8.749780313175963e-05,0.25935402603865093,0.25935341256849737,2270
1.377136696662126,0.007813560400610434,0.0001401081535805549,0.004001478875067249,8.797924017139463e-05,0.2593797249517987,0.25937921310642026,2271
1.3771498062402237,0.007812326365319709,0.00014176610451724388,0.004006258471276386,9.017051291531406e-05,0.259495815547667,0.25949570999070753,2272
1.377127159988306,0.007810189637543435,0.00014034337634143875,0.004006234164551883,8.993777449680019e-05,0.2594835528414619,0.25948341482423287,2273
1.377132212316171,0.007810097033282922,0.00014005138951888617,0.004002271164709529,8.802377952423587e-05,0.2593820988869355,0.2593815779693704,2274
1.3771184337953022,0.007805249589733637,0.00013947089388657643,0.0040027644788482005,8.803978189582534e-05,0.2593829516622343,0.25938247255614105,2275
1.3771170482041553,0.00780239565767703,0.00014013943332123806,0.004006751359513524,8.972481270415848e-05,0.2594723182328382,0.2594721769683402,2276
1.3771102798707944,0.007798862177705044,0.00013995895072442516,0.004006649246391346,8.989166757016193e-05,0.2594811216409327,0.2594809718718738,2277
1.3771039285119073,0.007797255095022015,0.00013916939974917004,0.004003455532692529,8.840587712458788e-05,0.25940243995591505,0.2594019904923685,2278
1.3771025181967684,0.0077969581816480955,0.00013898561297103702,0.0040039385081769045,8.809790618353632e-05,0.2593860484861062,0.2593855926865289,2279
1.3770925285809752,0.0077926668004988115,0.00013906608962498376,0.0040071634393864936,8.940673050907358e-05,0.2594555132335095,0.2594553357659462,2280
1.37709502189215,0.007788313489773864,0.00013962826934754366,0.0040071382267934915,8.983557648058368e-05,0.2594781631385297,0.25947800209284433,2281
1.3770825703502036,0.007786116731618115,0.00013858701793002448,0.004004657703986343,8.868069645271303e-05,0.2594170428719802,0.2594166497710329,2282
1.37708770005338,0.0077883667410631515,0.00013859787022947866,0.004005011383024137,8.817037411126195e-05,0.2593899080991915,0.25938947270060037,2283
1.3770738171630317,0.007783252063549483,0.00013837682800308285,0.00400755275646406,8.918016091274096e-05,0.2594435248140057,0.2594433132779098,2284
1.3770804969562878,0.007778423014952353,0.00013929808634300533,0.00400768529213738,8.976124681588702e-05,0.2594742412263931,0.259474069098371,2285
1.3770660610935999,0.007776073078537281,0.00013822382864242148,0.0040058359999835935,8.88789356951748e-05,0.25942756255323585,0.2594272150138969,2286
1.377073380475098,0.007779412027225044,0.00013827352565168614,0.004006011852926849,8.82599426613175e-05,0.2593946762935887,0.25939426214863537,2287
1.3770591211912642,0.0077741871361984224,0.00013794738101772545,0.004007959350279496,8.901807520801353e-05,0.2594349390675305,0.2594346976324255,2288
1.3770663413902222,0.007769079523652579,0.00013895146557763976,0.00400826914964211,8.966992463272119e-05,0.2594694205014204,0.25946923690635504,2289
1.3770528358862417,0.00776676058883811,0.0001380101930449445,0.004006968605942054,8.902273098293548e-05,0.2594351857948286,0.2594348747179789,2290
1.3770593845941281,0.007770211183523136,0.00013799194763823764,0.004006973756331103,8.836406869657743e-05,0.2594002164175394,0.25939982504689624,2291
1.3770470621140851,0.007765453280919504,0.0001376846031416492,0.004008411191001897,8.890305477484441e-05,0.2594288416454432,0.25942857534403685,2292
1.3770525281245904,0.007760180872274488,0.0001385940429940737,0.004008869636763751,8.956626424633054e-05,0.2594639454904564,0.2594637492957565,2293
1.3770416727539523,0.007757933576161462,0.00013788682339707474,0.004008039996911707,8.912544311598176e-05,0.2594406272628455,0.2594403442811927,2294
1.3770457955326323,0.007760902763531322,0.00013774715524141122,0.004007920466239615,8.847749435158778e-05,0.2594062476233399,0.25940588005988974,2295
1.3770365557784994,0.007756966587129313,0.00013752013240787023,0.004008926858417379,8.882489973062151e-05,0.2594246962672874,0.2594244107021961,2296
1.3770392149670536,0.007751638090373067,0.00013824354437299034,0.004009476436901479,8.945669875910501e-05,0.25945815514564574,0.2594579449689419,2297
1.3770316152263005,0.007749418284526214,0.00013780492403415442,0.004009039870200814,8.919518298076593e-05,0.2594443201439154,0.2594440574864199,2298
1.3770328122107225,0.007751606083937253,0.00013754188781271172,0.004008857889608935,8.859387555791542e-05,0.2594124319683021,0.25941208814901023,2299
1.3770267701619572,0.007748616578903036,0.00013740445157820635,0.004009509537498365,8.87765855372144e-05,0.25942213274886394,0.25942183367286586,2300
1.3770266102539273,0.007743390915278503,0.00013791921263874946,0.0040100846204000565,8.934686537717058e-05,0.25945234708298265,0.25945212161222686,2301
1.377021957152023,0.0077411171985273695,0.0001377260407946326,0.004009964511114791,8.923733955439686e-05,0.2594465517282444,0.2594463021075032,2302
1.3770206235609213,0.007742431808336979,0.00013737943867696083,0.00400978403312314,8.870827230805048e-05,0.25941850690439044,0.259418185494367,2303
1.3770171286480557,0.007740304811112605,0.00013730475272870476,0.004010155768191353,8.875386475946088e-05,0.2594209269586098,0.25942062016237943,2304
1.3770148586309119,0.007735380944175534,0.0001376359753631343,0.004010694983265838,8.92412439802337e-05,0.2594467583847706,0.2594465171174891,2305
1.377012254982892,0.007732974796970067,0.00013762566041132217,0.004010815291933806,8.925508085398048e-05,0.25944749071732703,0.2594472477913268,2306
1.3770093106199273,0.007733469831419285,0.00013725787281632361,0.004010692649916245,8.881665752625982e-05,0.25942425899083105,0.2594239578229078,2307
1.3770073215254972,0.007731985741406378,0.00013720292377105174,0.004010859935336493,8.875458841457364e-05,0.2594209653653208,0.25942065662739666,2308
1.3770039652879151,0.007727553066977573,0.00013739945085253585,0.004011314207765576,8.914412303003375e-05,0.2594416165475004,0.25944136030682624,2309
1.3770023289010416,0.0077249617499580365,0.00013749455709257145,0.004011597405488363,8.925010799413118e-05,0.2594472275294994,0.25944698600396454,2310
1.376998798741339,0.007724760166835176,0.00013716813577070868,0.004011572808176598,8.891426889620109e-05,0.2594294362979025,0.25942915237582326,2311
1.3769972885410813,0.007723653663307379,0.0001370946045178085,0.004011612765539847,8.877680575747549e-05,0.25942214443518435,0.2594218389146416,2312
1.376993780705655,0.00771984413876094,0.0001372057951967329,0.004011953977033244,8.906050919760553e-05,0.2594371875682115,0.2594369185482446,2313
1.3769922209878367,0.007717068136038269,0.00013733709173062902,0.00401232363661211,8.922496382985581e-05,0.25944589666627027,0.2594456523459589,2314
1.376988876982578,0.007716294619297047,0.00013709533425235415,0.004012413488978911,8.899589111243337e-05,0.2594337633589376,0.2594334930018707,2315
1.3769871504166562,0.007715323733573051,0.00013698543048210794,0.004012398705037034,8.881700466977582e-05,0.2594242774083627,0.25942397914886534,2316
1.376984053170945,0.007712180806239838,0.00013704507021899007,0.0040126233401437126,8.899524036502953e-05,0.25943372886853494,0.25943345055202893,2317
1.3769821020990372,0.0077092997324418626,0.00013716565573480583,0.004013011976821117,8.918418029009758e-05,0.2594437376228958,0.2594434876267944,2318
1.37697927816524,0.007708058270041209,0.00013702167664483232,0.004013208537208358,8.905725882687891e-05,0.2594370153558675,0.25943675446038716,2319
1.3769770975121782,0.0077070417777027845,0.00013688297340815975,0.0040131987579401585,8.88699563961748e-05,0.2594270863153031,0.259426797769187,2320
1.3769745267658693,0.007704501709840554,0.0001369058000045648,0.004013324361056155,8.895183461933742e-05,0.25943142802651525,0.2594311446697155,2321
1.3769721526858003,0.007701650443271477,0.0001369944725614101,0.004013680470872976,8.9133713969444e-05,0.2594410652984419,0.2594408081443466,2322
1.3769697820719502,0.007700031731584592,0.00013693321646477248,0.004013957983788407,8.9095456137592e-05,0.2594390389414173,0.2594387832346848,2323
1.3769672757110638,0.007698863894569029,0.00013679069064049675,0.004013995481404756,8.892897636946111e-05,0.25943021613588263,0.2594299378833648,2324
1.376965035597015,0.007696780955842831,0.00013677947849844195,0.00401405423925521,8.893225530854878e-05,0.2594303899870869,0.2594301059275709,2325
1.3769624672432024,0.007694095433238447,0.0001368338100225945,0.004014345723385138,8.908103889166274e-05,0.25943827520745516,0.2594380109532081,2326
1.3769602872426587,0.007692191555313599,0.00013682479199722563,0.004014667297487383,8.910959966312568e-05,0.2594397881153724,0.25943953368016714,2327
1.3769577211157544,0.007690828422446833,0.00013670562819531498,0.004014773945788906,8.89859045113621e-05,0.25943323404307145,0.25943296497827467,2328
1.376955542835414,0.007689028149655337,0.0001366627877640153,0.004014805271760378,8.893581305866136e-05,0.25943057861738406,0.2594302975750218,2329
1.3769530267891354,0.007686598653250142,0.00013668754426898977,0.0040150214312805795,8.903474403550144e-05,0.2594358223825749,0.2594355525657301,2330
1.3769508121429168,0.007684518803336831,0.00013669989435633357,0.004015347615737542,8.910231316525903e-05,0.25943940216143263,0.2594391459589417,2331
1.3769483719284605,0.007682955787749871,0.00013661968156823993,0.004015524022576203,8.903239403392716e-05,0.2594356978562228,0.2594354356035277,2332
1.3769461054429701,0.007681279357645008,0.0001365554973481525,0.0040155649283275755,8.895796205888905e-05,0.25943175286247944,0.25943147725975985,2333
1.3769437450573705,0.007679121619537107,0.00013655495770264082,0.004015714482644464,8.900239284407296e-05,0.2594341079516864,0.2594338351232808,2334
1.3769414314993456,0.007676988269927247,0.00013656720685005557,0.00401601256611395,8.907996502744267e-05,0.259438218318488,0.25943795857124374,2335
1.3769391377967397,0.00767525126872291,0.00013652466580591974,0.004016242341729115,8.906212644675122e-05,0.2594372732527331,0.25943701479426845,2336
1.3769367954471237,0.00767358505967588,0.00013645631008665993,0.004016319453411431,8.899077983144219e-05,0.25943349245144354,0.2594332230913666,2337
1.376934545764009,0.007671645125511084,0.00013643373851871036,0.00401642435318165,8.898850886680408e-05,0.2594333720835555,0.25943309913655677,2338
1.3769321984930498,0.0076695644921652125,0.00013643546647454307,0.004016674468718327,8.905165945513549e-05,0.2594367186805126,0.259436455101551,2339
1.3769299688337417,0.007667704874230671,0.00013641738876659347,0.004016931619089339,8.907268904410834e-05,0.25943783285739414,0.25943757530323314,2340
1.3769276382162847,0.007665987975141327,0.00013636088416786815,0.0040170572369619024,8.902452996945074e-05,0.259435281128268,0.2594350173224015,2341
1.3769254098502048,0.007664177755735854,0.00013632201898654628,0.004017145173456218,8.89930907655826e-05,0.2594336149362576,0.2594333443549778,2342
1.3769231099986503,0.00766221018218544,0.00013631000897135784,0.004017342651298087,8.902720314229373e-05,0.25943542278556153,0.2594351564373802,2343
1.3769208732975906,0.007660296933671301,0.0001363006484147904,0.004017599504737519,8.906662788837765e-05,0.2594375117424233,0.2594372529796335,2344
1.376918608711575,0.007658512345289837,0.00013626310854887566,0.004017770986655893,8.905005549987711e-05,0.2594366336953321,0.259436373713356,2345
1.3769163633507175,0.007656748576707766,0.00013621789855188763,0.00401786761314409,8.90110531570183e-05,0.25943456693001954,0.2594343001756503,2346
1.3769141301882055,0.007654898478376602,0.00013619263440459484,0.004018021801074445,8.901424296210252e-05,0.2594347359773394,0.25943446875544673,2347
1.3769118827761686,0.007653001867224754,0.00013618054228238326,0.004018256540827427,8.90511834652993e-05,0.2594366934603864,0.2594364325646569,2348
1.3769096722827001,0.007651165538004839,0.0001361586240463195,0.004018459250975812,8.906194106635473e-05,0.25943726343101403,0.2594370051756106,2349
1.3769074322136599,0.007649392996855481,0.00013611794897323677,0.004018581266734175,8.903371339449707e-05,0.25943576776921184,0.259435505049116,2350
1.3769052348840465,0.007647622396392924,0.0001360830296552047,0.004018710464076511,8.90154624516768e-05,0.25943480060476515,0.25943453451995774,2351
1.3769030104738853,0.007645789954969845,0.00013606282001383198,0.0040189124108671115,8.903565875488811e-05,0.25943587085302083,0.2594356081509077,2352
1.3769008195122814,0.007643939586474193,0.00013604752087252882,0.004019126267510022,8.90604662180396e-05,0.25943718529107274,0.2594369269919017,2353
1.376898615310914,0.007642137312790302,0.00013601756639740922,0.004019278176923244,8.905217566692355e-05,0.25943674603170624,0.25943648647624973,2354
1.376896428209213,0.007640394859369943,0.00013597959997385824,0.004019402332625695,8.902778119517666e-05,0.2594354534175723,0.259435189886687,2355
1.3768942444081298,0.00763863621496285,0.0001359507036287523,0.004019572829558574,8.90276221930384e-05,0.259435444991787,0.25943518169753804,2356
1.3768920626957901,0.0076368157995656836,0.00013593356154903663,0.004019779658325607,8.905101010551045e-05,0.25943668427497235,0.2594364249850946,2357
1.3768898962530074,0.007634993110830422,0.00013591321394366743,0.00401995516438986,8.906090238325374e-05,0.25943720839990586,0.2594369505646238,2358
1.3768877236735908,0.007633240189889463,0.0001358793943954841,0.004020089392915607,8.904421646062735e-05,0.2594363243087882,0.259436063748482,2359
1.3768855704037954,0.007631530986808735,0.00013584481373875285,0.004020238594860916,8.903005271435157e-05,0.25943557378829457,0.259435311373554,2360
1.3768834107900392,0.007629770145426143,0.0001358213330771208,0.004020427343581332,8.90412694243954e-05,0.25943616815367315,0.25943590792771354,2361
1.3768812674127953,0.007627956435367662,0.00013580461590246174,0.004020613860703323,8.905965349566431e-05,0.2594371422313995,0.25943688475628385,2362
1.376879122995326,0.0076261805502475955,0.00013577872121501124,0.004020764728691517,8.905731440037676e-05,0.2594370183003095,0.25943676017935813,2363
1.376876988218839,0.007624483359538824,0.00013574376322445279,0.0040209062435381075,8.90405744693911e-05,0.2594361313295964,0.2594358708766404,2364
1.3768748591118802,0.007622783081324514,0.0001357137846600547,0.0040210750164568375,8.903753966268158e-05,0.25943597052044365,0.2594357101830739,2365
1.3768727336379465,0.007621011166415941,0.0001356945845783395,0.00402125947770026,8.905296605543408e-05,0.259436787909847,0.2594365300482277,2366
1.3768706183788004,0.007619225680929892,0.0001356750764258012,0.004021424721863297,8.906271392994885e-05,0.2594373043783672,0.25943704764158343,2367
1.3768685039371191,0.007617513476073803,0.00013564474937063486,0.004021569850342736,8.905327045162487e-05,0.2594368040380006,0.25943654584339515,2368
1.3768664006054925,0.007615849798105493,0.00013561138012246448,0.004021724339485214,8.904178695097668e-05,0.25943619557613007,0.2594359361808601,2369
1.3768642988229878,0.007614137577941182,0.00013558666811780702,0.00402189830460274,8.90472115062792e-05,0.2594364830051391,0.25943622481244194,2370
1.3768622061076548,0.007612370580708463,0.00013556872029014854,0.004022070037228081,8.906095047526962e-05,0.2594372109479056,0.2594369546048544,2371
1.3768601176878001,0.007610638568957439,0.00013554481477336374,0.004022223898350438,8.906230424533526e-05,0.25943728267274724,0.2594370262829026,2372
1.3768580353253885,0.0076089800953642785,0.00013551261493028298,0.004022372983986005,8.905127748816642e-05,0.2594366984421548,0.25943644071007366,2373
1.3768559599411063,0.007607321242517494,0.00013548302624185146,0.004022534833785811,8.904686406574284e-05,0.2594364645956917,0.25943620671779893,2374
1.376853888542566,0.007605599522470512,0.00013546219164191424,0.004022704506790254,8.905633692813167e-05,0.259436966510915,0.2594367100998707,2375
1.3768518252929056,0.007603864440809795,0.00013544250318697445,0.004022865661435215,8.906511702325857e-05,0.2594374316963493,0.2594371763047357,2376
1.3768497657097685,0.00760219138301353,0.00013541490787112354,0.004023016590351723,8.906093805769442e-05,0.25943721029000066,0.2594369543085782,2377
1.3768477137530277,0.007600561092239431,0.00013538365773757015,0.004023170202434776,8.90523501465968e-05,0.2594367552763965,0.2594364984638836,2378
1.3768456665179185,0.007598894718000286,0.00013535827427231574,0.004023332683973992,8.90538368430382e-05,0.25943683404765805,0.25943657774354767,2379
1.3768436255217835,0.007597183466257046,0.00013533872207017875,0.004023495774770384,8.906327667196839e-05,0.25943733419308485,0.2594370791457367,2380
1.3768415906026426,0.007595497308774704,0.00013531600798422872,0.0040236512061506535,8.906670391389523e-05,0.2594375157702594,0.2594372610883377,2381
1.37683956074831,0.007593869375373492,0.00013528681163570692,0.004023802430404776,8.906054882252943e-05,0.2594371896676145,0.259436934319555,2382
1.3768375377104107,0.007592246810919741,0.00013525824701523417,0.004023957590965587,8.905601921051001e-05,0.25943694967722675,0.259436694030232,2383
1.3768355194180035,0.007590579608685565,0.00013523584411270187,0.004024117314219637,8.906077823615853e-05,0.2594372018223708,0.2594369469488328,2384
1.3768335077896734,0.0075888989279878204,0.00013521545176394808,0.004024275266125784,8.906779644829278e-05,0.2594375736526023,0.2594373196712132,2385
1.3768315013491006,0.007587261416054064,0.00013519022604443638,0.004024428087714902,8.906737620561178e-05,0.2594375513882369,0.2594372973938711,2386
1.3768295008964508,0.0075856596399641344,0.00013516148172740454,0.0040245793708981415,8.906191395989826e-05,0.25943726199487427,0.2594370074945816,2387
1.3768275062996154,0.007584038953739194,0.00013513582125159276,0.004024733603952666,8.906105207201469e-05,0.25943721633067796,0.25943696191948845,2388
1.3768255170901154,0.007582385973820353,0.00013511463485162985,0.004024890080871437,8.906657415142395e-05,0.2594375088954355,0.25943725526940936,2389
1.3768235340978128,0.007580745340447898,0.0001350925721429791,0.004025044683551481,8.907062158499098e-05,0.2594377233263638,0.2594374702566131,2390
1.3768215563281347,0.007579145620523822,0.00013506619385696323,0.00402519577969294,8.90683758281009e-05,0.2594376043479318,0.2594373511128859,2391
1.3768195846719133,0.007577557604831467,0.00013503904656845476,0.004025346020953096,8.906481508929655e-05,0.2594374156997187,0.25943716218222707,2392
1.3768176184725074,0.007575944310378034,0.00013501550075414236,0.004025498375015215,8.906627652718868e-05,0.2594374931272658,0.2594372399185808,2393
1.3768156580278623,0.007574317941952757,0.00013499421775102098,0.004025652181635256,8.907101559259876e-05,0.259437744200422,0.2594374916693331,2394
1.3768137033589187,0.007572716093258257,0.00013497074456581465,0.004025804303682105,8.907270982651325e-05,0.2594378339584098,0.25943758174312403,2395
1.3768117541556353,0.007571142407813877,0.00013494446808578694,0.004025953502367944,8.907021394867543e-05,0.2594377017302241,0.2594374493353831,2396
1.376809810859978,0.007569565015763026,0.00013491910289637426,0.004026102060139874,8.906859125977662e-05,0.2594376157613974,0.2594373632807969,2397
1.3768078729891953,0.0075679680893899854,0.00013489665422786708,0.004026252520028983,8.907101953361595e-05,0.2594377444092122,0.2594374923279094,2398
1.376805940918205,0.007566373614820251,0.00013487473948967663,0.0040264041083337265,8.90744447150399e-05,0.2594379258693338,0.2594376743280665,2399
1.3768040144104912,0.007564804105718866,0.00013485057382314023,0.004026553870271859,8.907476418609848e-05,0.25943794279417387,0.25943769142461104,2400
1.3768020935017538,0.007563249319981322,0.00013482510409040455,0.004026700921683651,8.907284043619152e-05,0.25943784087788047,0.2594375893785608,2401
1.3768001782937804,0.007561685450592182,0.00013480114452849804,0.004026847711608025,8.907261994151658e-05,0.2594378291964581,0.2594375777516033,2402
1.3767982685665345,0.007560111751509164,0.0001347790483071846,0.004026996446422123,8.907510786413877e-05,0.25943796100141014,0.25943770996770743,2403
1.3767963645498227,0.007558548636580996,0.00013475655372952695,0.004027145881711835,8.907733747843019e-05,0.2594380791201616,0.25943782850361824,2404
1.3767944660288713,0.007557005033532961,0.00013473236174309027,0.004027293181605609,8.90771030650048e-05,0.25943806670166114,0.2594378161851437,2405
1.3767925731195068,0.00755546706340931,0.00013470788118410428,0.0040274380886268675,8.907596163750641e-05,0.25943800623211843,0.25943775565356436,2406
1.376790685782944,0.007553921251536277,0.00013468482229958166,0.004027583250247521,8.907652403174478e-05,0.2594380360261945,0.2594377855882202,2407
1.3767888039544096,0.007552373845194986,0.00013466273195043445,0.0040277302817247,8.907865620183419e-05,0.25943814898175666,0.25943789892867103,2408
1.376786927733266,0.0075508389662998585,0.0001346399597027919,0.004027877436851778,8.908005673441801e-05,0.2594382231767647,0.25943797344803554,2409
1.3767850569855569,0.007549317239971881,0.00013461614573663256,0.004028022262933737,8.907976225871866e-05,0.25943820757658564,0.2594379579221641,2410
1.376783191804941,0.007547797016695597,0.00013459253901500952,0.004028165198855596,8.907928486180716e-05,0.2594381822858963,0.25943793263219783,2411
1.3767813321241733,0.007546272742395426,0.00013456999393782586,0.004028308822739648,8.908016706147673e-05,0.2594382290214572,0.2594379795537337,2412
1.3767794779394038,0.007544751785943742,0.00013454785656169272,0.004028454020431438,8.908186186825384e-05,0.2594383188051821,0.25943806968310174,2413
1.3767776292790948,0.007543241955919169,0.00013452511176771173,0.0040285987850542555,8.908279141174706e-05,0.25943836804811865,0.25943811918717435,2414
1.3767757860706427,0.007541740522615916,0.00013450183067140347,0.004028741261542927,8.908264791273533e-05,0.25943836044621815,0.2594381116586974,2415
1.3767739483699282,0.007540239863127366,0.00013447889538452094,0.004028882408868656,8.908261848327421e-05,0.2594383588871834,0.2594381101495907,2416
1.3767721161196005,0.007538738825029891,0.00013445665538734897,0.004029024461741612,8.908355690527783e-05,0.25943840860025025,0.2594381600672347,2417
1.3767702893303966,0.007537243099479707,0.0001344345571430499,0.004029167656326262,8.908488835116954e-05,0.25943847913337575,0.2594382309066837,2418
1.3767684680011054,0.007535756132346894,0.00013441204611450462,0.004029310023032201,8.908559688755965e-05,0.25943851666775875,0.25943826866220104,2419
1.3767666520931954,0.007534274892890434,0.00013438930207849297,0.004029450336475981,8.90856450223128e-05,0.2594385192176693,0.25943827129574015,2420
1.3767648416345557,0.007532795283815346,0.00013436686579753351,0.0040295898003036585,8.908587260900844e-05,0.25943853127393285,0.25943828343685077,2421
1.3767630365836534,0.007531317816058356,0.00013434485815184795,0.004029730169443366,8.908675457381639e-05,0.2594385779953241,0.25943833036582903,2422
1.3767612369494941,0.007529845901533324,0.00013432291064876097,0.004029871238507125,8.908783390382385e-05,0.2594386351716667,0.25943838781458217,2423
1.3767594427212677,0.0075283806842951495,0.0001343007352059841,0.004030011285846219,8.908846128585526e-05,0.25943866840639374,0.25943842124661576,2424
1.3767576538767232,0.007526920099419366,0.00013427847282804076,0.004030149605357446,8.908866852108816e-05,0.2594386793843783,0.2594384323216964,2425
1.376755870427064,0.0075254623465416445,0.00013425642720410043,0.004030287405063435,8.908902450365647e-05,0.2594386982420065,0.25943845128709764,2426
1.3767540923432133,0.00752400808316332,0.0001342346513535249,0.004030425963957242,8.908982194192865e-05,0.2594387404849338,0.25943849373243,2427
1.3767523196288523,0.007522558883174874,0.00013421293994482953,0.004030564857196863,8.909074242884493e-05,0.25943878924591735,0.25943854273843797,2428
1.3767505522715393,0.007521115010585403,0.0001341911316267023,0.0040307026997283574,8.909135187732462e-05,0.259438821530113,0.2594385752062909,2429
1.3767487902560804,0.0075196755431795525,0.00013416929033621352,0.00403083914032939,8.909166980586509e-05,0.25943883837163584,0.2594385921577361,2430
1.3767470335846186,0.0075182398772565655,0.0001341475822440593,0.004030975242529298,8.909208188086693e-05,0.25943886020030316,0.25943861410819496,2431
1.3767452822362405,0.007516808245756135,0.0001341260624826849,0.004031111894347856,8.909280245823482e-05,0.2594388983710089,0.2594386524724808,2432
1.3767435362098461,0.007515381068456792,0.00013410463662714785,0.004031248620529873,8.909362604231025e-05,0.2594389419980372,0.25943869632303923,2433
1.3767417954938626,0.00751395846251181,0.00013408319246259128,0.004031384368620049,8.90942389768726e-05,0.25943897446637465,0.2594387289673659,2434
1.3767400600759514,0.00751254037209984,0.0001340617276005159,0.004031518990427998,8.909462753247862e-05,0.259438995048864,0.2594387496705398,2435
1.3767383299535085,0.0075111266835602665,0.00013404033795722436,0.004031653343560299,8.909506075925453e-05,0.2594390179976126,0.259438772749095,2436
1.3767366051106074,0.007509717153256549,0.00013401909884506666,0.004031788032720466,8.909572089314265e-05,0.2594390529659041,0.2594388079010723,2437
1.376734885542756,0.00750831160411377,0.00013399798048091582,0.0040319226327278045,8.909648294402813e-05,0.25943909333273213,0.25943884847456833,2438
1.3767331712396382,0.007506910267451941,0.00013397688647787863,0.004032056372648904,8.909710255192327e-05,0.2594391261540422,0.2594388814673795,2439
1.376731462190076,0.007505513602147421,0.00013395577153311946,0.004032189197073001,8.909753540341882e-05,0.25943914908259313,0.2594389045250195,2440
1.3767297583889326,0.007504121633587552,0.00013393469749047298,0.0040323217542258104,8.909797537361908e-05,0.2594391723881715,0.25943892796463125,2441
1.376728059823286,0.007502733789027779,0.00013391375558065682,0.0040324544600779605,8.90985891493106e-05,0.25943920490027156,0.25943896065075395,2442
1.3767263664864717,0.007501349640646834,0.0001338929503379144,0.004032586984001254,8.90993073284401e-05,0.2594392429425479,0.25943899888622085,2443
1.3767246783691571,0.0074999695518143195,0.0001338721921795622,0.004032718774108558,8.909993073416774e-05,0.25943927596450955,0.25943903207669217,2444
1.3767229954607392,0.007498594220430949,0.00013385141340673483,0.004032849801942689,8.910039302328941e-05,0.2594393004520086,0.2594390566996151,2445
1.3767213177546376,0.007497223684598773,0.00013383065739578094,0.004032980531581478,8.910083545466268e-05,0.2594393238875813,0.2594390802713054,2446
1.3767196452397636,0.007495857216049862,0.00013381002117362624,0.0040331112582066165,8.910141258893171e-05,0.2594393544582737,0.2594391110072481,2447
1.376717977908156,0.0074944943114101485,0.00013378952707867648,0.00403324175362454,8.910209458077816e-05,0.25943939058312443,0.2594391473142178,2448
1.3767163157510818,0.007493135396236746,0.00013376909353966248,0.004033371629630207,8.910271764794042e-05,0.259439423586636,0.2594391804837681,2449
1.376714658758361,0.0074917812343710645,0.0001337486443126229,0.004033500853724525,8.910320167232578e-05,0.2594394492250515,0.2594392062622589,2450
1.3767130069225053,0.007490431860294845,0.00013372820922324821,0.004033629740492057,8.910364670923439e-05,0.2594394727982676,0.25943922997258584,2451
1.37671136023357,0.007489086524871391,0.00013370788192488588,0.004033758506603632,8.910419365777662e-05,0.25943950176957326,0.25943925910148447,2452
1.3767097186828843,0.007487744721460111,0.00013368769460498053,0.004033887014436768,8.91048422645624e-05,0.259439536125497,0.2594392936300903,2453
1.3767080822619928,0.007486406859526072,0.00013366757754396108,0.004034014996772511,8.910546086666498e-05,0.2594395688919921,0.25943932656006596,2454
1.376706450961115,0.007485073675026212,0.00013364745425003117,0.00403414240842638,8.910596242876698e-05,0.2594395954589573,0.25943935327036827,2455
1.3767048247721538,0.0074837452199933985,0.00013362734176920396,0.004034269448786882,8.910641188858963e-05,0.25943961926608217,0.25943937721513144,2456
1.3767032036858724,0.007482420810206741,0.00013360732391511326,0.004034396279675842,8.910693348477167e-05,0.25943964689407245,0.25943940499423873,2457
1.3767015876932804,0.007481099959015742,0.00013358743889317875,0.0040345228341391644,8.910754959579658e-05,0.25943967952823593,0.2594394377927968,2458
1.3766999767859769,0.007479783001836829,0.00013356763211812205,0.004034648934912328,8.910815972361266e-05,0.2594397118453697,0.2594394702704461,2459
1.376698370954566,0.0074784705998469534,0.0001335478318091345,0.004034774527178912,8.910867584301008e-05,0.25943973918299706,0.25943949775348346,2460
1.376696770190549,0.007477162844838669,0.00013352804233922766,0.004034899725057669,8.910913205377177e-05,0.25943976334733937,0.25943952205586124,2461
1.3766951744850968,0.007475859165324366,0.00013350833363423223,0.004035024647805271,8.91096327815065e-05,0.2594397898695631,0.2594395487239129,2462
1.3766935838291534,0.0074745591029433825,0.00013348874734406502,0.0040351492778872185,8.911021695263993e-05,0.2594398208114688,0.2594395798228195,2463
1.376691998214248,0.00747326288775591,0.0001334692456649672,0.004035273505565588,8.911081451730146e-05,0.2594398524626872,0.259439611631041,2464
1.3766904176313188,0.007471971082739795,0.00013344976483921513,0.00403539727410303,8.911134206250539e-05,0.25943988040509547,0.2594396397198344,2465
1.3766888420716397,0.007470683828076044,0.0001334302975733811,0.004035520637230843,8.911180727134547e-05,0.2594399050456742,0.2594396644988205,2466
1.3766872715265743,0.007469400686252084,0.0001334108977365826,0.004035643678119667,8.911229204342553e-05,0.25943993072238486,0.2594396903172157,2467
1.3766857059871502,0.007468121235521209,0.00013339160778076434,0.0040357664091937445,8.911284546452212e-05,0.25943996003511255,0.2594397197803576,2468
1.3766841454447882,0.007466845592936327,0.00013337240651565852,0.004035888771225982,8.911342627302187e-05,0.2594399907983547,0.2594397506965443,2469
1.3766825898906756,0.007465574211264455,0.00013335324068961465,0.004036010713851743,8.911396109965997e-05,0.25944001912602194,0.2594397791705097,2470
1.3766810393160054,0.00746430727233343,0.00013333409367922376,0.004036132251079319,8.911443680649275e-05,0.25944004432227374,0.2594398045054735,2471
1.376679493712195,0.007463044475637822,0.0001333150026734963,0.004036253434592361,8.911491116112652e-05,0.2594400694468381,0.25943982976865515,2472
1.376677953070416,0.007461785448081406,0.00013329600790062656,0.0040363742904102875,8.911543644304937e-05,0.2594400972687282,0.2594398577352221,2473
1.376676417382006,0.0074605302041073395,0.00013327710291936013,0.004036494795550164,8.911599676946645e-05,0.2594401269466817,0.2594398875616462,2474
1.3766748866383023,0.007459279081198841,0.00013325824675750031,0.004036614912269673,8.911653352306914e-05,0.2594401553760025,0.25943991613614137,2475
1.3766733608305248,0.0074580322843956475,0.0001332394169432847,0.004036734631910038,8.911701971447865e-05,0.2594401811272072,0.2594399420261374,2476
1.3766718399500768,0.007456789640274749,0.00013322063480116736,0.00403685397976466,8.91174892607853e-05,0.2594402059967347,0.25943996703214445,2477
1.3766703239882665,0.00745555083871332,0.0001332019352069696,0.004036972983097571,8.911799069563202e-05,0.25944023255516685,0.2594399937304481,2478
1.3766688129364075,0.007454315814859461,0.0001331833231682144,0.004037091642488557,8.911852810560426e-05,0.25944026101893397,0.25944002233802554,2479
1.3766673067859023,0.007453084792495569,0.0001331647708000934,0.004037209935751524,8.911906069677229e-05,0.2594402892273898,0.2594400506895622,2480
1.376665805528053,0.0074518579746760275,0.00013314625390863669,0.0040373278450353016,8.911955539631204e-05,0.2594403154288568,0.2594400770294594,2481
1.376664309154242,0.007450635294259247,0.00013312778021521606,0.00403744537559185,8.912002492508161e-05,0.25944034029710167,0.2594401020327358,2482
1.376662817655869,0.007449416516076728,0.00013310937663616989,0.004037562548008263,8.912050820682222e-05,0.25944036589369407,0.25944012776538056,2483
1.376661331024281,0.0074482015272233255,0.0001330910553347553,0.004037679375289233,8.912102225945895e-05,0.25944039311996375,0.25944015513091145,2484
1.3766598492508981,0.007446990448046474,0.0001330728009822535,0.004037795850312892,8.912154473485918e-05,0.259440420792256,0.25944018294338567,2485
1.3766583723271093,0.007445783454391059,0.0001330545916636166,0.004037911955763209,8.91220439761115e-05,0.25944044723390325,0.25944020952246966,2486
1.3766569002443048,0.007444580556261671,0.00013303642502148066,0.00403802768411578,8.912251651911266e-05,0.259440472261445,0.259440234683968,2487
1.3766554329939291,0.007443381598035392,0.00013301831859557873,0.004038143045632339,8.91229880052074e-05,0.25944049723294316,0.2594402597886478,2488
1.3766539705673901,0.007442186451810479,0.00013300028710987053,0.004038258056563307,8.912348064850871e-05,0.25944052332492795,0.2594402860157586,2489
1.376652512956121,0.007440995154079996,0.0001329823257664211,0.004038372721521131,8.912398830733745e-05,0.25944055021210827,0.25944031303968684,2490
1.3766510601515718,0.007439807834727764,0.00013296441797775062,0.004038487029610388,8.912448664587801e-05,0.25944057660558284,0.25944033956886653,2491
1.3766496121451717,0.007438624547678989,0.00013294655559871596,0.004038600967890189,8.912496271712558e-05,0.2594406018196472,0.2594403649158244,2492
1.376648168928385,0.007437445210955429,0.00013292874701472952,0.004038714536430492,8.912542824004209e-05,0.2594406264749773,0.25944038970223815,2493
1.376646730492679,0.007436269709945387,0.00013291100547907657,0.004038827748128014,8.912590360269187e-05,0.25944065165137936,0.2594404150102695,2494
1.3766452968295146,0.007435098023914465,0.00013289333346328067,0.004038940614195099,8.912639407638139e-05,0.25944067762802975,0.2594404411200472,2495
1.3766438679303776,0.0074339302289824355,0.00013287572114973077,0.004039053132256088,8.912688573762017e-05,0.2594407036675038,0.25944046729279996,2496
1.3766424437867473,0.007432766391447508,0.00013285815885865442,0.004039165290290135,8.912736318570082e-05,0.25944072895414866,0.2594404927109682,2497
1.3766410243901106,0.0074316064869815734,0.00013284064767305344,0.004039277081198972,8.912782672023149e-05,0.2594407535038381,0.2594405173901177,2498
1.376639609731976,0.007430450432535318,0.00013282319671064876,0.004039388511066207,8.912829011360641e-05,0.25944077804598786,0.2594405420611183,2499
1.3766381998038435,0.007429298179101422,0.00013280581189860688,0.0040394995921578655,8.912876389355528e-05,0.25944080313816337,0.25944056728297143,2500
1.3766367945972278,0.007428149753438474,0.0001327884897894855,0.004039610329385197,8.912924426956179e-05,0.259440828579609,0.25944059285477833,2501
1.3766353941036495,0.007427005210126773,0.00013277122248251625,0.004039720715813065,8.912971902753558e-05,0.25944085372344766,0.2594406181282713,2502
1.37663399831463,0.007425864560083335,0.0001327540067075031,0.004039830741706041,8.913018179060066e-05,0.25944087823195494,0.2594406427647324,2503
1.3766326072217043,0.007424727757428785,0.0001327368466143964,0.004039940406134207,8.913063815291327e-05,0.2594409024014081,0.25944066706087443,2504
1.3766312208164144,0.00742359475016856,0.00013271974816133557,0.0040400497179990955,8.913109816812822e-05,0.2594409267642604,0.2594406915503903,2505
1.376629839090303,0.007422465529851876,0.00013270271236357278,0.004040158686043338,8.913156505072345e-05,0.2594409514907515,0.25944071640414607,2506
1.3766284620349247,0.0074213401266821286,0.00013268573479979778,0.0040402673097245465,8.913203264034865e-05,0.25944097625462265,0.25944074129529404,2507
1.3766270896418369,0.007420218563879976,0.0001326688109734595,0.0040403755810258435,8.913249313724543e-05,0.25944100064279446,0.2594407658097151,2508
1.3766257219026024,0.007419100826622593,0.0001326519409685884,0.004040483494399184,8.913294553978126e-05,0.25944102460222307,0.2594407898940327,2509
1.376624358808794,0.007417986876333457,0.00013263512859162016,0.004040591053248534,8.913339581081338e-05,0.25944104844870597,0.25944081386469575,2510
1.376623000351989,0.007416876687842343,0.00013261837673691357,0.004040698266076851,8.913384973482558e-05,0.2594410724885908,0.25944083802889156,2511
1.3766216465237693,0.007415770266472356,0.0001326016843984833,0.004040805137340632,8.913430692535112e-05,0.25944109670140875,0.2594408623662743,2512
1.3766202973157247,0.00741466763042208,0.00013258504818221427,0.004040911663452214,8.913476204614367e-05,0.25944112080455195,0.2594408865935931,2513
1.376618952719448,0.007413568782624628,0.00013256846605553152,0.004041017837873295,8.913521097798662e-05,0.25944114457986883,0.2594409104920483,2514
1.3766176127265388,0.0074124737030922564,0.00013255193912520052,0.0040411236589969176,8.913565489080256e-05,0.25944116808932044,0.25944093412362734,2515
1.3766162773286053,0.007411382366169699,0.00013253546993169954,0.004041229132028762,8.91360983419931e-05,0.2594411915742661,0.2594409577302901,2516
1.3766149465172575,0.007410294760683957,0.00013251905954843145,0.004041334263351816,8.913654418339588e-05,0.25944121518573726,0.2594409814635571,2517
1.3766136202841122,0.007409210891902978,0.00013250270661587345,0.0040414390541101885,8.913699090175236e-05,0.2594412388435921,0.2594410052431708,2518
1.376612298620792,0.007408130766511011,0.00013248640897496345,0.004041543499976136,8.913743473791559e-05,0.25944126234874954,0.25944102886951736,2519
1.3766109815189236,0.007407054378784669,0.00013247016584529394,0.004041647596789775,8.913787377242298e-05,0.2594412855995581,0.2594410522405919,2520
1.3766096689701393,0.00740598171161818,0.00013245397828896645,0.004041751345512204,8.913830960204069e-05,0.2594413086805824,0.2594410754411296,2521
1.3766083609660777,0.007404912748675808,0.00013243784777706814,0.004041854751286803,8.913874527637666e-05,0.2594413317533268,0.2594410986330981,2522
1.3766070574983817,0.0074038474836003905,0.00013242177457948546,0.004041957818159432,8.913918207717307e-05,0.25944135488567044,0.2594411218846292,2523
1.3766057585586984,0.007402785917779655,0.00013240575758497998,0.004042060545450449,8.913961849201988e-05,0.25944137799751815,0.25944114511543714,2524
1.3766044641386808,0.007401728051001212,0.00013238979549416377,0.004042162929439286,8.914005208205735e-05,0.25944140095971235,0.25944116819597435,2525
1.3766031742299851,0.0074006738753904485,0.00013237388800662624,0.00404226496807526,8.91404820009203e-05,0.25944142372743223,0.25944119108124863,2526
1.376601888824275,0.00739962337781504,0.00013235803585991146,0.004042366663489861,8.914090961178069e-05,0.25944144637287003,0.25944121384364904,2527
1.3766006079132167,0.007398576546821806,0.00013234223986885056,0.004042468019911622,8.914133686992711e-05,0.25944146899957454,0.25944123658705254,2528
1.376599331488481,0.00739753337667864,0.00013232650004113203,0.004042569039611529,8.914176435205828e-05,0.25944149163808655,0.2594412593421173,2529
1.3765980595417446,0.0073964938653232875,0.000132310815593817,0.004042669721274689,8.914219088371494e-05,0.2594415142262094,0.25944128204646083,2530
1.376596792064687,0.007395458009330795,0.0001322951857116525,0.00404277006222867,8.914261490119797e-05,0.25944153668113396,0.259441304617005,2531
1.3765955290489926,0.007394425801097246,0.00013227961022057254,0.004042870061840164,8.914303600413092e-05,0.2594415589816582,0.25944132703247313,2532
1.3765942704863503,0.007393397230337297,0.00013226408956279245,0.004042969722480604,8.914345519093683e-05,0.259441581180657,0.2594413493459132,2533
1.376593016368453,0.007392372287689678,0.00013224862420400076,0.0040430690473312126,8.914387373211808e-05,0.2594416033454132,0.259441371624832,2534
1.3765917666869976,0.007391350966828435,0.00013223321410500244,0.004043168037593362,8.914429193278185e-05,0.2594416254920846,0.25944139388543763,2535
1.376590521433686,0.007390333263536984,0.00013221785873273844,0.00404326669199309,8.914470896779933e-05,0.2594416475769751,0.2594414160838818,2536
1.3765892806002213,0.007389319173131466,0.0001322025575221318,0.0040433650088329415,8.914512380321704e-05,0.25944166954533027,0.25944143816522863,2537
1.3765880441783134,0.007388308688736162,0.00013218731030453643,0.004043462988252261,8.914553619728331e-05,0.25944169138434864,0.25944146011664593,2538
1.3765868121596752,0.007387301801707825,0.00013217211731873882,0.004043560632409084,8.914594683372972e-05,0.2594417131302391,0.2594414819744776,2539
1.3765855845360218,0.007386298503487409,0.0001321569788506311,0.004043657943630718,8.914635657388446e-05,0.25944173482861516,0.2594415037844899,2540
1.3765843612990734,0.00738529878711749,0.00013214189487494106,0.004043754922596702,8.914676563455419e-05,0.25944175649095835,0.25944152555818645,2541
1.3765831424405544,0.007384302647218984,0.00013212686502159712,0.004043851568350342,8.914717346446585e-05,0.25944177808807567,0.2594415472662605,2542
1.3765819279521903,0.007383310078644629,0.00013211188885766268,0.004043947879921991,8.914757934793275e-05,0.25944179958206764,0.25944156887068864,2543
1.3765807178257117,0.007382321075077196,0.00013209696619450575,0.004044043857786052,8.914798308955778e-05,0.25944182096258755,0.25944159036111025,2544
1.3765795120528523,0.007381335628751711,0.00013208209714124508,0.0040441395037437424,8.914838513889153e-05,0.25944184225344247,0.2594416117614306,2545
1.3765783106253489,0.007380353731446241,0.00013206728188378398,0.004044234819526678,8.914878610624212e-05,0.25944186348695225,0.2594416331040755,2546
1.3765771135349418,0.007379375375806617,0.00013205252041676238,0.00404432980562608,8.914918618551878e-05,0.25944188467338586,0.2594416543993274,2547
1.3765759207733734,0.0073784005558380624,0.000132037812474368,0.004044424461454864,8.914958502409587e-05,0.25944190579407017,0.2594416756284334,2548
1.3765747323323898,0.007377429266171476,0.00013202315770308168,0.004044518786530171,8.914998210807542e-05,0.259441926821792,0.25944169676409357,2549
1.3765735482037398,0.007376461500805977,0.00013200855589795148,0.00404461278142003,8.915037725285955e-05,0.2594419477467766,0.25944171779652253,2550
1.3765723683791762,0.007375497252472734,0.00013199400708347353,0.00404470644757622,8.915077073980126e-05,0.25944196858392365,0.25944173874068793,2551
1.3765711928504525,0.007374536513173881,0.0001319795113797561,0.004044799786345799,8.91511630132015e-05,0.2594419893567617,0.25944175962019395,2552
1.3765700216093266,0.007373579275367758,0.0001319650687934996,0.004044892798198659,8.915155426122788e-05,0.2594420100752556,0.2594417804450186,2553
1.376568854647559,0.007372625532695934,0.00013195067912912485,0.004044985482875543,8.915194427378026e-05,0.2594420307282798,0.2594418012039833,2554
1.376567691956911,0.007371675279599722,0.00013193634209046948,0.004045077840204843,8.915233267666969e-05,0.2594420512960198,0.25944182187721165,2555
1.3765665335291486,0.007370728510217286,0.00013192205746536371,0.004045169870739681,8.915271929009505e-05,0.2594420717689549,0.2594418424551706,2556
1.3765653793560386,0.007369785217605484,0.00013190782521934892,0.004045261575642079,8.915310427436381e-05,0.2594420921555746,0.2594418629463943,2557
1.376564229429351,0.00736884539399274,0.0001318936454210147,0.004045352956015676,8.915348795351446e-05,0.2594421124730388,0.2594418833680974,2558
1.3765630837408587,0.007367909031787699,0.0001318795180800219,0.0040454440123747016,8.915387050941536e-05,0.2594421327309785,0.25944190372992626,2559
1.3765619422823345,0.007366976124378191,0.00013186544305124223,0.004045534744722326,8.915425183482763e-05,0.2594421529237154,0.25944192402617045,2560
1.3765608050455556,0.007366046665991751,0.0001318514200863606,0.004045625153089042,8.915463166104838e-05,0.2594421730370211,0.2594419442425566,2561
1.3765596720223006,0.007365120650790757,0.000131837448974553,0.0040457152379792475,8.915500981736592e-05,0.25944219306185623,0.25944196437003103,2562
1.3765585432043497,0.007364198072075303,0.00013182352963821958,0.004045805000330581,8.915538637671741e-05,0.25944221300208364,0.2594419844124829,2563
1.376557418583485,0.007363278922322124,0.00013180966210115186,0.004045894441086053,8.915576156912819e-05,0.25944223286988455,0.2594420043821333,2564
1.3765562981514907,0.007362363193978273,0.00013179584636807353,0.0040459835608164215,8.915613556383461e-05,0.25944225267422105,0.2594420242879617,2565
1.3765551819001531,0.007361450880238206,0.00013178208233099623,0.004046072359726273,8.915650832734739e-05,0.2594422724133202,0.2594420441281782,2566
1.3765540698212597,0.007360541975093881,0.00013176836978415755,0.0040461608379875865,8.91568796756645e-05,0.25944229207743885,0.2594420638930081,2567
1.3765529619065995,0.007359636472656103,0.00013175470852522106,0.004046248996059368,8.915724945451451e-05,0.25944231165840836,0.2594420835742672,2568
1.3765518581479639,0.007358734366411538,0.0001317410984451397,0.0040463368347110834,8.915761767524713e-05,0.25944233115683024,0.25944210317256977,2569
1.3765507585371441,0.007357835649094792,0.00013172753952746602,0.004046424354769251,8.915798449100155e-05,0.25944235058081416,0.25944212269605366,2570
1.376549663065935,0.007356940313250246,0.00013171403176543778,0.004046511556848154,8.915835005066531e-05,0.2594423699382446,0.259442142152621,2571
1.3765485717261308,0.007356048351928832,0.00013170057507740646,0.004046598441303072,8.9158714371205e-05,0.2594423892300204,0.2594421615431649,2572
1.3765474845095276,0.007355159758881678,0.00013168716929572475,0.004046685008416067,8.915907733843547e-05,0.25944240845009553,0.2594421808616188,2573
1.3765464014079238,0.0073542745281131375,0.00013167381423249952,0.0040467712586204525,8.915943882217854e-05,0.2594424275915772,0.2594422001010743,2574
1.3765453224131172,0.007353392653240538,0.00013166050975750893,0.004046857192564332,8.915979879361416e-05,0.2594424466529398,0.2594422192600097,2575
1.376544247516908,0.0073525141272469344,0.0001316472558187253,0.004046942810981234,8.91601573426689e-05,0.25944246563894563,0.2594422383432052,2576
1.3765431767110965,0.007351638942817044,0.00013163405239253475,0.004047028114506295,8.916051459075448e-05,0.25944248455602414,0.2594422573571067,2577
1.3765421099874842,0.007350767092912588,0.00013162089941355046,0.004047113103602576,8.916087058526536e-05,0.2594425034066854,0.259442276304226,2578
1.3765410473378739,0.007349898571058878,0.0001316077967470718,0.00404719777864411,8.916122526873082e-05,0.2594425221878866,0.25944229518150846,2579
1.3765399887540681,0.007349033371113277,0.00013159474422421466,0.004047282140062658,8.916157854115098e-05,0.259442540894333,0.2594423139836465,2580
1.3765389342278715,0.00734817148676152,0.00013158174170348089,0.004047366188425426,8.916193035238711e-05,0.2594425595233701,0.25944233270798317,2581
1.3765378837510884,0.007347312911205631,0.00013156878910305337,0.004047449924389003,8.916228074230723e-05,0.2594425780771094,0.25944235135663996,2582
1.3765368373155233,0.007346457637299942,0.0001315558863787255,0.004047533348586391,8.916262980011133e-05,0.2594425965602747,0.259442369934354,2583
1.3765357949129826,0.007345605657978003,0.0001315430334715948,0.004047616461550677,8.91629775859831e-05,0.25944261497605314,0.25944238844431833,2584
1.376534756535272,0.007344756966574947,0.00013153023027325027,0.004047699263732644,8.91633240855958e-05,0.25944263332368656,0.25944240688577036,2585
1.3765337221741976,0.007343911556775843,0.00013151747663645756,0.004047781755583499,8.916366923225358e-05,0.2594426515996437,0.25944242525516936,2586
1.3765326918215663,0.007343069422267986,0.00013150477241786573,0.0040478639376253355,8.916401297081912e-05,0.2594426698010054,0.2594424435495912,2587
1.3765316654691848,0.007342230556422382,0.00013149211751328803,0.00404794581045419,8.916435530506571e-05,0.25944268792797187,0.2594424617692395,2588
1.3765306431088609,0.007341394952273857,0.0001314795118565219,0.004048027374683756,8.916469629082459e-05,0.2594427059834999,0.25944247991708036,2589
1.376529624732401,0.0073405626027890645,0.00013146695538626717,0.0040481086308842285,8.916503598637018e-05,0.2594427239706755,0.2594424979962073,2590
1.3765286103316121,0.007339733501167826,0.00013145444801217844,0.004048189579565648,8.916537440615189e-05,0.2594427418902643,0.2594425160073865,2591
1.3765275998983024,0.0073389076409194585,0.00013144198960858046,0.004048270221211818,8.916571151579629e-05,0.25944275974044645,0.25944253394879285,2592
1.3765265934242774,0.0073380850156715026,0.00013142958003824006,0.0040483505563300055,8.916604726794576e-05,0.2594427775187148,0.2594425518179142,2593
1.3765255909013447,0.007337265618897404,0.0001314172191833648,0.004048430585475088,8.916638164490468e-05,0.25944279522413277,0.2594425696138132,2594
1.3765245923213114,0.007336449443798934,0.00013140490695735997,0.00404851030923358,8.916671467233763e-05,0.2594428128580597,0.2594425873378541,2595
1.3765235976759829,0.00733563648342591,0.00013139264328963503,0.004048589728186444,8.916704639595413e-05,0.2594428304229163,0.2594426049924644,2596
1.3765226069571652,0.00733482673090995,0.00013138042809882376,0.004048668842882583,8.916737684453504e-05,0.259442847920227,0.259442622579172,2597
1.3765216201566641,0.007334020179607264,0.00013136826127757697,0.004048747653841391,8.916770601067077e-05,0.2594428653495997,0.25944264009758355,2598
1.3765206372662842,0.007333216823042026,0.00013135614270014346,0.004048826161577623,8.916803386294498e-05,0.2594428827093714,0.2594426575460323,2599
1.3765196582778294,0.007332416654717367,0.000131344072244117,0.004048904366626308,8.916836037610148e-05,0.2594428999982051,0.2594426749231791,2600
1.3765186831831038,0.007331619667962395,0.00013133204980716524,0.004048982269549168,8.916868555290687e-05,0.2594429172162477,0.2594426922291721,2601
1.3765177119739107,0.007330825855935998,0.00013132007530577955,0.004049059870920917,8.916900942118299e-05,0.25944293436497273,0.2594427094654893,2602
1.3765167446420514,0.007330035211767852,0.00013130814865899222,0.004049137171308749,8.916933201113382e-05,0.2594429514459799,0.25944272663373485,2603
1.3765157811793278,0.007329247728707662,0.00013129626977180912,0.004049214171261044,8.916965333338511e-05,0.25944296845983217,0.25944274373447307,2604
1.37651482157754,0.0073284634001614755,0.0001312844385316265,0.004049290871311881,8.916997337495941e-05,0.25944298540584276,0.25944276076701606,2605
1.3765138658284874,0.007327682219598324,0.00013127265481902503,0.004049367271995637,8.917029211431393e-05,0.25944300228287137,0.2594427777302212,2606
1.3765129139239685,0.007326904180415852,0.00013126091852278074,0.00404944337385968,8.917060954144531e-05,0.2594430190903887,0.25944279462355846,2607
1.37651196585578,0.007326129275876616,0.00013124922954672001,0.004049519177466567,8.91709256665893e-05,0.2594430358289371,0.2594428114475724,2608
1.3765110216157184,0.007325357499157548,0.00013123758780397867,0.004049594683385769,8.91712405122416e-05,0.259443052499708,0.25944282820345793,2609
1.3765100811955784,0.007324588843460672,0.00013122599320460084,0.004049669892182257,8.917155409651373e-05,0.25944306910366083,0.259442844892177,2610
1.376509144587153,0.007323823302091048,0.00013121444564692992,0.004049744804410314,8.91718664218292e-05,0.2594430856409242,0.2594428615138593,2611
1.3765082117822351,0.007323060868444408,0.00013120294501904581,0.0040498194206160625,8.917217747695938e-05,0.259443102110904,0.2594428780679096,2612
1.3765072827726144,0.00732230153592468,0.00013119149120798283,0.0040498937413458525,8.917248724936719e-05,0.25944311851293667,0.25944289455366354,2613
1.3765063575500813,0.007321545297863542,0.000131180084108666,0.004049967767153983,8.917279573706026e-05,0.2594431348469171,0.25944291097101596,2614
1.3765054361064215,0.007320792147504076,0.00013116872362574903,0.004050041498604601,8.917310295107684e-05,0.25944315111343014,0.25944292732055385,2615
1.3765045184334224,0.007320042078053559,0.00013115740966777666,0.004050114936267157,8.917340890775387e-05,0.2594431673133411,0.25944294360314485,2616
1.3765036045228676,0.0073192950827563824,0.00013114614213906347,0.004050188080709227,8.917371361796417e-05,0.25944318344722606,0.2594429598193671,2617
1.3765026943665393,0.007318551154929044,0.0001311349209357138,0.004050260932491892,8.91740170816699e-05,0.2594431995150833,0.2594429759692197,2618
1.376501787956219,0.007317810287934925,0.0001311237459482947,0.004050333492170572,8.917431929133921e-05,0.25944321551651445,0.2594429920523036,2619
1.3765008852836844,0.0073170724751254945,0.00013111261706833693,0.004050405760300214,8.91746202404761e-05,0.2594432314511758,0.2594430080682749,2620
1.3764999863407128,0.007316337709796231,0.00013110153419332402,0.004050477737440901,8.917491993046015e-05,0.2594432473191408,0.25944302401720754,2621
1.3764990911190784,0.0073156059851888985,0.00013109049722660065,0.004050549424159986,8.917521837064631e-05,0.2594432631209051,0.25944303989959877,2622
1.376498199610554,0.007314877294532259,0.0001310795060729447,0.004050620821029573,8.917551557267827e-05,0.2594432788570855,0.2594430557160674,2623
1.3764973118069106,0.007314151631086252,0.00013106856063358743,0.004050691928621456,8.917581154374095e-05,0.2594432945280628,0.25944307146699574,2624
1.3764964276999154,0.007313428988156188,0.0001310576608044402,0.004050762747503246,8.917610628390682e-05,0.25944331013384114,0.2594430871523887,2625
1.3764955472813352,0.007312709359070158,0.00013104680647842712,0.004050833278238233,8.917639978896459e-05,0.25944332567419787,0.2594431027720234,2626
1.3764946705429326,0.007311992737141274,0.00013103599754968082,0.004050903521388849,8.91766920560124e-05,0.25944334114897966,0.25944311832574685,2627
1.3764937974764697,0.007311279115644073,0.00013102523391630858,0.004050973477521024,8.917698308739475e-05,0.25944335655831097,0.259443133813684,2628
1.376492928073705,0.007310568487820749,0.00013101451547991433,0.004051043147206368,8.917727289042672e-05,0.25944337190257943,0.2594431492362238,2629
1.376492062326394,0.0073098608469084865,0.0001310038421426461,0.00405111253102081,8.917756147361869e-05,0.259443387182236,0.25944316459381883,2630
1.3764912002262908,0.007309156186165336,0.00013099321380419704,0.004051181629540898,8.917784884245956e-05,0.2594434023975715,0.25944317988676135,2631
1.3764903417651462,0.007308454498876025,0.00013098263036093776,0.004051250443340536,8.91781349979342e-05,0.25944341754863853,0.25944319511510444,2632
1.3764894869347086,0.00730775577833635,0.0001309720917074938,0.00405131897299036,8.917841993835196e-05,0.2594434326353478,0.2594432102787593,2633
1.3764886357267225,0.0073070600178300185,0.00013096159773931564,0.004051387219060014,8.917870366279698e-05,0.25944344765765115,0.25944322537767806,2634
1.3764877881329312,0.007306367210615604,0.0001309511483543242,0.004051455182121532,8.917898617366856e-05,0.2594434626156759,0.25944324041198874,2635
1.3764869441450738,0.007305677349931344,0.00013094074345256006,0.004051522862751385,8.917926747653439e-05,0.2594434775097172,0.2594432553819874,2636
1.3764861037548872,0.007304990429011823,0.00013093038293440009,0.00405159026152988,8.9179547577865e-05,0.2594434923401179,0.2594432702880184,2637
1.3764852669541046,0.00730430644110322,0.00013092006669873765,0.004051657379038564,8.917982648241986e-05,0.25944350710713027,0.25944328513033516,2638
1.376484433734456,0.007303625379466518,0.0001309097946424222,0.004051724215857542,8.918010419214136e-05,0.2594435218108575,0.2594432999090418,2639
1.3764836040876698,0.007302947237368252,0.00013089956666114227,0.004051790772564624,8.918038070710151e-05,0.2594435364513037,0.25944331462414266,2640
1.376482778005469,0.007302272008066692,0.00013088938265096254,0.004051857049736647,8.918065602758517e-05,0.2594435510284842,0.2594433292756539,2641
1.3764819554795749,0.00730159968480403,0.00013087924250935237,0.004051923047952007,8.918093015576756e-05,0.2594435655425145,0.25944334386369133,2642
1.3764811365017042,0.007300930260808725,0.00013086914613511178,0.0040519887677924376,8.918120309591248e-05,0.25944357999362067,0.2594433583884822,2643
1.3764803210635714,0.007300263729304898,0.00013085909342737046,0.004052054209843009,8.918147485315608e-05,0.25944359438207487,0.25944337285029967,2644
1.376479509156887,0.007299600083521417,0.0001308490842844826,0.004052119374690443,8.918174543185761e-05,0.25944360870810823,0.259443387249376,2645
1.3764787007733572,0.007298939316694506,0.00013083911860356886,0.004052184262921038,8.918201483468319e-05,0.2594436229718622,0.2594434015858536,2646
1.376477895904686,0.007298281422062879,0.00013082919628092313,0.004052248875119661,8.918228306296219e-05,0.2594436371734074,0.2594434158598037,2647
1.3764770945425726,0.007297626392860082,0.0001308193172128521,0.004052313211870389,8.918255011777443e-05,0.25944365131280134,0.2594434300712844,2648
1.3764762966787132,0.007296974222309235,0.00013080948129638107,0.0040523772737581865,8.918281600116228e-05,0.2594436653901524,0.25944344422040466,2649
1.3764755023047992,0.007296324903623596,0.00013079968842934,0.00405244106137045,8.918308071648188e-05,0.25944367940563856,0.25944345830734344,2650
1.3764747114125193,0.007295678430011249,0.00013078993850988973,0.004052504575297371,8.918334426789145e-05,0.25944369335948025,0.25944347233232207,2651
1.3764739239935582,0.0072950347946805095,0.00013078023143589068,0.004052567816131015,8.918360665944337e-05,0.2594437072518923,0.25944348629555636,2652
1.3764731400395955,0.007294393990842082,0.0001307705671044938,0.00405263078446384,8.918386789425485e-05,0.25944372108304004,0.25944350019721263,2653
1.3764723595423074,0.007293756011707202,0.00013076094541225933,0.004052693480887687,8.918412797451631e-05,0.2594437348530397,0.2594435140374079,2654
1.3764715824933669,0.007293120850483511,0.00013075136625556518,0.004052755905993846,8.918438690196627e-05,0.25944374856198354,0.2594435278162351,2655
1.3764708088844413,0.007292488500371794,0.00013074182953104577,0.004052818060374096,8.918464467863061e-05,0.25944376220997917,0.2594435415338024,2656
1.3764700387071942,0.00729185895456534,0.0001307323351357855,0.004052879944621877,8.918490130731842e-05,0.25944377579717554,0.25944355519025963,2657
1.3764692719532863,0.007291232206251935,0.0001307228829671502,0.0040529415593328795,8.918515679151092e-05,0.2594437893237572,0.2594435687857921,2658
1.3764685086143713,0.007290608248616828,0.00013071347292244146,0.00405300290510472,8.918541113485711e-05,0.2594438027899177,0.2594435823205945,2659
1.3764677486821006,0.0072899870748443585,0.00013070410489863133,0.004053063982535974,8.918566434068836e-05,0.25944381619583357,0.2594435957948441,2660
1.3764669921481212,0.007289368678117661,0.00013069477879229096,0.004053124792225304,8.918591641174996e-05,0.25944382954165046,0.25944360920868736,2661
1.376466239004073,0.0072887530516168204,0.00013068549449974542,0.0040531853347711986,8.91861673503228e-05,0.2594438428274894,0.2594436225622463,2662
1.3764654892415944,0.007288140188516935,0.00013067625191731744,0.0040532456107724305,8.918641715861753e-05,0.25944385605346765,0.25944363585563873,2663
1.3764647428523178,0.007287530081987189,0.00013066705094150145,0.004053305620828881,8.918666583916776e-05,0.2594438692197196,0.25944364908899975,2664
1.376463999827871,0.007286922725191429,0.00013065789146897054,0.004053365365542158,8.91869133949538e-05,0.25944388232640336,0.2594436622624882,2665
1.3764632601598767,0.007286318111289377,0.00013064877339644847,0.004053424845515652,8.918715982926846e-05,0.25944389537369345,0.2594436753762797,2666
1.3764625238399533,0.007285716233437783,0.00013063969662053705,0.004053484061354055,8.918740514541922e-05,0.25944390836176523,0.2594436884305504,2667
1.3764617908597137,0.007285117084790652,0.0001306306610376066,0.004053543013662713,8.918764934643582e-05,0.25944392129077937,0.2594437014254618,2668
1.3764610612107664,0.007284520658498666,0.00013062166654381592,0.004053601703047214,8.91878924350219e-05,0.25944393416087924,0.2594437143611581,2669
1.376460334884715,0.007283926947708296,0.00013061271303519242,0.004053660130113456,8.918813441364107e-05,0.2594439469721955,0.2594437272377707,2670
1.3764596118731578,0.007283335945561012,0.00013060380040776543,0.004053718295468107,8.91883752848083e-05,0.2594439597248616,0.25944374005543375,2671
1.3764588921676875,0.007282747645193196,0.00013059492855762274,0.004053776199719101,8.918861505125256e-05,0.25944397241902223,0.2594437528142927,2672
1.3764581757598922,0.007282162039736532,0.00013058609738089032,0.004053833843475915,8.918885371593556e-05,0.2594439850548344,0.2594437655145055,2673
1.3764574626413542,0.007281579122318483,0.00013057730677366874,0.004053891227349436,8.918909128198683e-05,0.25944399763246406,0.2594437781562389,2674
1.3764567528036509,0.007280998886062564,0.00013056855663196604,0.004053948351951575,8.918932775252124e-05,0.25944401015207635,0.2594437907396589,2675
1.3764560462383546,0.007280421324088302,0.00013055984685163781,0.004054005217894892,8.918956313048493e-05,0.2594440226138275,0.2594438032649225,2676
1.3764553429370319,0.007279846429510941,0.00013055117732839987,0.004054061825792443,8.91897974186311e-05,0.25944403501786345,0.25944381573217645,2677
1.376454642891243,0.007279274195441103,0.00013054254795786757,0.004054118176257934,8.919003061957672e-05,0.259444047364323,0.2594438281415604,2678
1.3764539460925445,0.007278704614984532,0.00013053395863562087,0.004054174269906022,8.919026273600692e-05,0.2594440596533486,0.25944384049321745,2679
1.3764532525324848,0.007278137681242087,0.00013052540925720775,0.004054230107352626,8.919049377065196e-05,0.25944407188508495,0.25944385278729326,2680
1.3764525622026098,0.007277573387309804,0.00013051689971819148,0.004054285689214992,8.919072372649694e-05,0.2594440840596903,0.2594438650239466,2681
1.3764518750944572,0.007277011726278926,0.00013050842991407617,0.004054341016111584,8.91909526065563e-05,0.25944409617732456,0.2594438772033384,2682
1.3764511911995592,0.007276452691236118,0.0001304999997402865,0.004054396088661821,8.919118041384878e-05,0.2594441082381477,0.25944388932562945,2683
1.3764505105094431,0.007275896275263237,0.0001304916090921414,0.004054450907485866,8.919140715129244e-05,0.2594441202423144,0.2594439013909753,2684
1.3764498330156294,0.0072753424714373585,0.00013048325786484713,0.004054505473204585,8.919163282169738e-05,0.2594441321899737,0.2594439133995257,2685
1.376449158709634,0.007274791272830642,0.0001304749459535154,0.004054559786439662,8.919185742781508e-05,0.2594441440812715,0.2594439253514273,2686
1.3764484875829646,0.0072742426725103055,0.0001304666732531772,0.0040546138478138065,8.919208097236446e-05,0.2594441559163519,0.2594439372468251,2687
1.3764478196271246,0.007273696663538431,0.00013045843965882336,0.004054667657950911,8.919230345817044e-05,0.2594441676953647,0.25944394908586954,2688
1.3764471548336108,0.007273153238971978,0.0001304502450654,0.004054721217476084,8.91925248881324e-05,0.25944417941846365,0.2594439608687153,2689
1.3764464931939133,0.007272612391862723,0.00013044208936780052,0.004054774527015559,8.919274526521998e-05,0.25944419108580613,0.25944397259552054,2690
1.3764458346995165,0.00727207411525717,0.0001304339724608485,0.004054827587196535,8.919296459240078e-05,0.2594442026975495,0.2594439842664434,2691
1.3764451793418986,0.007271538402196585,0.0001304258942392846,0.0040548803986470575,8.919318287261832e-05,0.2594442142538497,0.25944399588164074,2692
1.3764445271125307,0.007271005245717021,0.0001304178545977378,0.004054932961996014,8.91934001087312e-05,0.2594442257548584,0.2594440074412648,2693
1.376443878002878,0.007270474638849311,0.00013040985343073863,0.0040549852778732,8.919361630353204e-05,0.2594442372007236,0.2594440189454646,2694
1.3764432320043993,0.007269946574619003,0.0001304018906327313,0.004055037346909449,8.919383145982811e-05,0.25944424859159415,0.25944403039438957,2695
1.376442589108546,0.007269421046046295,0.00013039396609808648,0.004055089169736726,8.919404558044982e-05,0.25944425992762005,0.2594440417881907,2696
1.3764419493067643,0.007268898046145871,0.0001303860797211126,0.004055140746988148,8.919425866828106e-05,0.2594442712089542,0.25944405312702157,2697
1.3764413125904928,0.0072683775679268,0.00013037823139606347,0.004055192079297919,8.919447072625194e-05,0.2594442824357519,0.2594440644110383,2698
1.376440678951163,0.0072678596043924395,0.00013037042101711737,0.004055243167301251,8.919468175731141e-05,0.2594442936081695,0.2594440756403981,2699
1.3764400483802008,0.007267344148540515,0.0001303626484783836,0.004055294011634285,8.919489176442423e-05,0.25944430472636415,0.2594440868152589,2700
1.3764394208690236,0.007266831193363093,0.00013035491367386037,0.004055344612934091,8.91951007504765e-05,0.2594443157904888,0.2594440979357745,2701
1.3764387964090439,0.0072663207318467106,0.00013034721649744297,0.004055394971838704,8.919530871831666e-05,0.2594443268006945,0.25944410900209663,2702
1.3764381749916659,0.0072658127569722565,0.00013033955684293533,0.004055445088987203,8.91955156708047e-05,0.2594443377571328,0.2594441200143777,2703
1.3764375566082867,0.007265307261714854,0.00013033193460404693,0.004055494965019759,8.919572161077019e-05,0.25944434865995375,0.2594441309727686,2704
1.3764369412502977,0.007264804239043839,0.00013032434967441656,0.004055544600577662,8.919592654110674e-05,0.25944435950931066,0.25944414187742326,2705
1.3764363289090815,0.007264303681922495,0.00013031680194761628,0.004055593996303279,8.919613046472894e-05,0.25944437030535805,0.25944415272849713,2706
1.3764357195760142,0.007263805583308067,0.00013030929131714272,0.004055643152840034,8.919633338458917e-05,0.2594443810482524,0.2594441635261476,2707
1.376435113242465,0.007263309936151776,0.00013030181767640948,0.004055692070832339,8.91965353036325e-05,0.2594443917381498,0.2594441742705313,2708
1.3764345098997957,0.007262816733398796,0.00013029438091873659,0.004055740750925598,8.919673622478198e-05,0.2594444023752052,0.25944418496180416,2709
1.3764339095393594,0.007262325967988312,0.00013028698093733938,0.004055789193766218,8.919693615094185e-05,0.25944441295957255,0.259444195600121,2710
1.3764333121525036,0.007261837632853481,0.00013027961762533043,0.004055837400001653,8.919713508499542e-05,0.2594444234914046,0.25944420618563524,2711
1.3764327177305684,0.007261351720921434,0.00013027229087571868,0.004055885370280437,8.919733302980499e-05,0.25944443397085315,0.2594442167184994,2712
1.3764321262648844,0.007260868225113031,0.00013026500058143682,0.004055933105252201,8.919752998827703e-05,0.2594444443980722,0.2594442271988684,2713
1.376431537746776,0.007260387138342839,0.0001302577466353288,0.004055980605567674,8.919772596332005e-05,0.25944445477321587,0.2594442376268973,2714
1.3764309521675606,0.007259908453519003,0.00013025052893016268,0.004056027871878659,8.919792095788249e-05,0.2594444650964405,0.25944424800274285,2715
1.3764303695185462,0.007259432163543288,0.00013024334735861514,0.004056074904837997,8.919811497490542e-05,0.2594444753679019,0.259444258326562,2716
1.3764297897910338,0.00725895826131097,0.00013023620181327555,0.004056121705099568,8.919830801734573e-05,0.2594444855877568,0.25944426859851216,2717
1.3764292129763174,0.007258486739710992,0.00013022909218662638,0.004056168273318291,8.919850008812673e-05,0.25944449575616013,0.25944427881874915,2718
1.376428639065682,0.007258017591625821,0.00013022201837104358,0.004056214610150137,8.919869119017182e-05,0.25944450587326684,0.2594442889874286,2719
1.3764280680504053,0.0072575508099315175,0.0001302149802588038,0.004056260716252163,8.919888132639286e-05,0.25944451593923124,0.25944429910470557,2720
1.3764274999217567,0.007257086387497572,0.0001302079777420798,0.004056306592282524,8.919907049970171e-05,0.25944452595420764,0.2594443091707353,2721
1.3764269346709972,0.007256624317186825,0.0001302010107129495,0.004056352238900472,8.919925871300925e-05,0.2594445359183503,0.2594443191856729,2722
1.3764263722893808,0.007256164591855401,0.00013019407906340852,0.004056397656766355,8.919944596926728e-05,0.2594445458318157,0.25944432914967547,2723
1.376425812768153,0.007255707204352614,0.0001301871826853544,0.004056442846541602,8.919963227142341e-05,0.25944455569476,0.25944433906290004,2724
1.3764252560985497,0.007255252147520963,0.00013018032147059692,0.004056487808888707,8.919981762245151e-05,0.2594445655073408,0.2594443489255051,2725
1.3764247022718001,0.007254799414196184,0.00013017349531083624,0.004056532544471241,8.920000202530345e-05,0.25944457526971454,0.2594443587376479,2726
1.3764241512791249,0.00725434899720717,0.00013016670409767028,0.0040565770539538505,8.92001854829322e-05,0.2594445849820377,0.25944436849948566,2727
1.3764236031117363,0.007253900889376013,0.00013015994772258232,0.004056621338002267,8.920036799827497e-05,0.25944459464446595,0.2594443782111747,2728
1.3764230577608376,0.007253455083517831,0.0001301532260769525,0.0040566653972833305,8.920054957426905e-05,0.25944460425715493,0.2594443878728717,2729
1.3764225152176235,0.007253011572440855,0.00013014653905205588,0.004056709232464988,8.920073021385072e-05,0.25944461382026024,0.259444397484733,2730
1.3764219754732816,0.007252570348946159,0.00013013988653907312,0.004056752844216287,8.920090991998242e-05,0.25944462333393886,0.25944440704691635,2731
1.3764214385189888,0.007252131405827748,0.00013013326842908424,0.004056796233207397,8.920108869562986e-05,0.25944463279834795,0.2594444165595797,2732
1.3764209043459155,0.007251694735872467,0.00013012668461306247,0.004056839400109583,8.920126654375872e-05,0.25944464221364466,0.25944442602288104,2733
1.3764203729452216,0.007251260331859927,0.0001301201349818824,0.004056882345595203,8.9201443467341e-05,0.2594446515799865,0.25944443543697865,2734
1.3764198443080589,0.0072508281865625804,0.00013011361942630973,0.004056925070337724,8.920161946936028e-05,0.2594446608975315,0.25944444480203144,2735
1.3764193184255706,0.007250398292745635,0.00013010713783699986,0.00405696757501171,8.920179455278862e-05,0.2594446701664372,0.2594444541181978,2736
1.3764187952888916,0.007249970643166992,0.00013010069010449592,0.004057009860292838,8.920196872059705e-05,0.259444679386861,0.25944446338563565,2737
1.376418274889146,0.007249545230577279,0.0001300942761192241,0.0040570519268579115,8.920214197573778e-05,0.25944468855895936,0.2594444726045026,2738
1.3764177572174507,0.007249122047719761,0.00013008789577150868,0.004057093775384856,8.920231432119238e-05,0.25944469768289025,0.25944448177495727,2739
1.376417242264913,0.007248701087330147,0.0001300815489515649,0.004057135406552717,8.92024857599414e-05,0.2594447067588116,0.2594444908971583,2740
1.3764167300226302,0.007248282342136698,0.00013007523554950002,0.004057176821041671,8.920265629496124e-05,0.2594447157868811,0.2594444999712645,2741
1.3764162204816925,0.007247865804860117,0.00013006895545531204,0.004057218019533019,8.920282592925239e-05,0.2594447247672578,0.2594445089974353,2742
1.376415713633179,0.007247451468213527,0.00013006270855889148,0.004057259002709185,8.920299466581649e-05,0.2594447337001006,0.25944451797583085,2743
1.3764152094681599,0.0072470393249024455,0.00013005649475000684,0.004057299771253718,8.920316250762997e-05,0.2594447425855674,0.2594445269066095,2744
1.3764147079776972,0.0072466293676247285,0.00013005031391832465,0.004057340325851293,8.920332945771441e-05,0.2594447514238181,0.25944453578993226,2745
1.3764142091528422,0.007246221589070558,0.00013004416595338241,0.004057380667187724,8.920349551905474e-05,0.259444760215011,0.25944454462595795,2746
1.3764137129846379,0.0072458159819223916,0.0001300380507446057,0.004057420795949958,8.920366069464004e-05,0.2594447689593044,0.25944455341484585,2747
1.3764132194641163,0.007245412538854899,0.000130031968181309,0.004057460712826087,8.920382498748252e-05,0.2594447776568579,0.25944456215675643,2748
1.3764127285823016,0.007245011252534892,0.00013002591815268369,0.004057500418505348,8.92039884005787e-05,0.2594447863078303,0.25944457085184913,2749
1.3764122403302075,0.007244612115621276,0.00013001990054781272,0.004057539913678122,8.920415093693559e-05,0.25944479491238087,0.25944457950028416,2750
1.376411754698838,0.0072442151207650725,0.0001300139152556632,0.0040575791990359366,8.920431259957597e-05,0.2594448034706698,0.25944458810222254,2751
1.3764112716791876,0.007243820260609242,0.00013000796216508466,0.004057618275271465,8.920447339152262e-05,0.2594448119828572,0.25944459665782504,2752
1.3764107912622419,0.0072434275277888085,0.00013000204116480344,0.0040576571430785266,8.920463331578575e-05,0.25944482044910255,0.2594446051672521,2753
1.3764103134389747,0.0072430369149307176,0.0001299961521434315,0.004057695803152101,8.920479237540293e-05,0.2594448288695668,0.2594446136306655,2754
1.376409838200352,0.007242648414653877,0.0001299902949894543,0.0040577342561883166,8.920495057338754e-05,0.25944483724440964,0.2594446220482256,2755
1.3764093655373284,0.007242262019568999,0.0001299844695912388,0.00405777250288446,8.920510791276982e-05,0.25944484557379155,0.2594446304200939,2756
1.3764088954408493,0.007241877722278647,0.00012997867583702956,0.004057810543938981,8.920526439658003e-05,0.2594448538578731,0.25944463874643164,2757
1.376408427901851,0.007241495515377121,0.00012997291361494843,0.004057848380051483,8.920542002784318e-05,0.2594448620968145,0.2594446470273999,2758
1.376407962911257,0.007241115391450499,0.0001299671828129977,0.004057886011922746,8.920557480960006e-05,0.2594448702907769,0.25944465526316063,2759
1.3764075004599836,0.007240737343076489,0.0001299614833190568,0.004057923440254714,8.920572874489357e-05,0.2594448784399215,0.25944466345387585,2760
1.3764070405389357,0.007240361362824467,0.00012995581502088033,0.004057960665750499,8.920588183676768e-05,0.2594448865444095,0.2594446715997076,2761
1.376406583139007,0.007239987443255388,0.00012995017780610143,0.0040579976891143826,8.920603408827583e-05,0.25944489460440273,0.2594446797008185,2762
1.3764061282510838,0.007239615576921784,0.00012994457156222347,0.004058034511051823,8.920618550246517e-05,0.2594449026200626,0.2594446877573707,2763
1.3764056758660383,0.007239245756367682,0.00012993899617662634,0.004058071132269448,8.920633608238709e-05,0.2594449105915507,0.25944469576952683,2764
1.3764052259747348,0.007238877974128648,0.00012993345153656206,0.004058107553475071,8.92064858311066e-05,0.2594449185190295,0.2594447037374501,2765
1.3764047785680273,0.007238512222731601,0.0001299279375291538,0.004058143775377679,8.92066347516741e-05,0.25944492640266054,0.25944471166130273,2766
1.3764043336367577,0.007238148494694873,0.00012992245404139843,0.00405817979868744,8.920678284715045e-05,0.25944493424260595,0.2594447195412479,2767
1.3764038911717589,0.007237786782528179,0.0001299170009601632,0.004058215624115714,8.920693012060182e-05,0.2594449420390282,0.2594447273774488,2768
1.376403451163852,0.007237427078732464,0.00012991157817218913,0.004058251252375046,8.92070765751017e-05,0.25944494979209004,0.25944473517006894,2769
1.3764030136038488,0.007237069375799989,0.00012990618556408645,0.004058286684179169,8.920722221372468e-05,0.2594449575019544,0.25944474291927216,2770
1.3764025784825493,0.007236713666214204,0.0001299008230223346,0.0040583219202430095,8.920736703954534e-05,0.2594449651687841,0.2594447506252221,2771
1.3764021457907425,0.007236359942449738,0.00012989549043328149,0.004058356961282689,8.920751105564041e-05,0.2594449727927422,0.2594447582880827,2772
1.3764017155192085,0.007236008196972337,0.00012989018768314574,0.004058391808015522,8.920765426510551e-05,0.2594449803739926,0.25944476590801846,2773
1.3764012876587144,0.007235658422238891,0.00012988491465801115,0.004058426461160025,8.920779667102055e-05,0.2594449879126985,0.2594447734851937,2774
1.3764008622000172,0.007235310610697306,0.00012987967124382518,0.00405846092143591,8.920793827647067e-05,0.25944499540902327,0.2594447810197725,2775
1.3764004391338633,0.007234964754786454,0.00012987445732640953,0.0040584951895640915,8.920807908455786e-05,0.25944500286313127,0.25944478851192004,2776
1.3764000184509881,0.007234620846936272,0.00012986927279144467,0.004058529266266694,8.920821909837363e-05,0.25944501027518624,0.25944479596180087,2777
1.3763996001421155,0.007234278879567546,0.00012986411752447967,0.0040585631522670465,8.920835832102205e-05,0.2594450176453526,0.25944480336958026,2778
1.3763991841979577,0.00723393884509196,0.00012985899141092482,0.004058596848289685,8.920849675559996e-05,0.2594450249737944,0.25944481073542325,2779
1.3763987706092178,0.007233600735912037,0.00012985389433605961,0.004058630355060363,8.920863440522299e-05,0.25944503226067667,0.25944481805949543,2780
1.3763983593665854,0.007233264544421113,0.00012984882618501998,0.004058663673306046,8.920877127299217e-05,0.25944503950616365,0.25944482534196206,2781
1.3763979504607404,0.007232930263003286,0.00012984378684281102,0.004058696803754911,8.920890736202954e-05,0.25944504671042073,0.2594448325829893,2782
1.3763975438823504,0.007232597884033307,0.00012983877619429838,0.004058729747136357,8.920904267545711e-05,0.2594450538736133,0.25944483978274346,2783
1.3763971396220724,0.0072322673998766905,0.00012983379412420616,0.0040587625041810065,8.920917721639379e-05,0.2594450609959065,0.2594448469413905,2784
1.376396737670552,0.007231938802889542,0.00012982884051711984,0.004058795075620693,8.920931098796584e-05,0.2594450680774659,0.2594448540590967,2785
1.3763963380184223,0.0072316120854185656,0.00012982391525748828,0.004058827462188496,8.920944399331213e-05,0.2594450751184579,0.2594448611360294,2786
1.3763959406563058,0.007231287239801053,0.00012981901822961127,0.0040588596646187,8.920957623554639e-05,0.25944508211904727,0.2594448681723543,2787
1.376395545574814,0.007230964258364748,0.00012981414931765347,0.004058891683646831,8.920970771781066e-05,0.2594450890794005,0.2594448751682385,2788
1.376395152764545,0.007230643133427911,0.0001298093084056383,0.004058923520009647,8.920983844324806e-05,0.25944509599968407,0.25944488212384953,2789
1.376394762216087,0.007230323857299202,0.0001298044953774465,0.004058955174445131,8.920996841500385e-05,0.25944510288006456,0.2594448890393547,2790
1.3763943739200153,0.007230006422277699,0.00012979971011681588,0.004058986647692509,8.921009763623058e-05,0.25944510972070894,0.2594448959149219,2791
1.376393987866894,0.007229690820652789,0.00012979495250733513,0.0040590179404922395,8.921022611006308e-05,0.25944511652178326,0.259444902750718,2792
1.3763936040472757,0.0072293770447042025,0.00012979022243246106,0.0040590490535860274,8.921035383968334e-05,0.25944512328345604,0.25944490954691235,2793
1.3763932224517001,0.0072290650867019605,0.00012978551977548908,0.004059079987716819,8.92104808282272e-05,0.25944513000589337,0.259444916303672,2794
1.3763928430706964,0.007228754938906253,0.00012978084441958278,0.004059110743628802,8.921060707887462e-05,0.25944513668926367,0.259444923021166,2795
1.3763924658947806,0.007228446593567518,0.00012977619624775054,0.004059141322067414,8.921073259478457e-05,0.25944514333373425,0.2594449296995627,2796
1.3763920909144574,0.007228140042926301,0.00012977157514285683,0.004059171723779336,8.921085737911815e-05,0.25944514993947254,0.25944493633903026,2797
1.3763917181202183,0.007227835279213271,0.0001297669809876191,0.004059201949512506,8.921098143505534e-05,0.25944515650664696,0.2594449429397381,2798
1.376391347502545,0.0072275322946491775,0.00012976241366461115,0.004059232000016108,8.921110476578663e-05,0.2594451630354265,0.25944494950185587,2799
1.3763909790519049,0.007227231081444762,0.0001297578730562513,0.004059261876040589,8.921122737448367e-05,0.25944516952597907,0.25944495602555256,2800
1.3763906127587542,0.007226931631800797,0.00012975335904481095,0.004059291578337644,8.921134926433277e-05,0.2594451759784735,0.25944496251099763,2801
1.3763902486135364,0.00722663393790798,0.00012974887151241324,0.0040593211076602395,8.921147043852449e-05,0.25944518239307873,0.259444968958361,2802
1.3763898866066835,0.007226337991946933,0.00012974441034103271,0.004059350464762596,8.921159090026826e-05,0.25944518876996475,0.25944497536781347,2803
1.3763895267286133,0.007226043786088148,0.00012973997541248283,0.004059379650400199,8.921171065273369e-05,0.2594451951092994,0.25944498173952385,2804
1.3763891689697338,0.007225751312491947,0.00012973556660843928,0.0040594086653297995,8.921182969914806e-05,0.25944520141125366,0.2594449880736638,2805
1.3763888133204387,0.007225460563308442,0.00012973118381041514,0.00405943751030942,8.921194804270515e-05,0.2594452076759966,0.25944499437040336,2806
1.3763884597711096,0.00722517153067749,0.00012972682689977439,0.004059466186098345,8.92120656866155e-05,0.2594452139036983,0.25944500062991344,2807
1.3763881083121159,0.007224884206728701,0.00012972249575772884,0.004059494693457142,8.921218263409703e-05,0.25944522009452914,0.2594450068523653,2808
1.3763877589338138,0.007224598583581318,0.0001297181902653339,0.004059523033147642,8.921229888836871e-05,0.2594452262486596,0.25944501303793044,2809
1.376387411626548,0.007224314653344257,0.00012971391030349,0.0040595512059329614,8.921241445264638e-05,0.25944523236626005,0.25944501918677976,2810
1.3763870663806494,0.007224032408115996,0.00012970965575294553,0.004059579212577492,8.92125293301648e-05,0.2594452384475017,0.25944502529908553,2811
1.3763867231864366,0.007223751839984591,0.0001297054264942912,0.004059607053846897,8.921264352414506e-05,0.25944524449255524,0.25944503137501923,2812
1.376386382034215,0.007223472941027609,0.0001297012224079624,0.004059634730508139,8.921275703783243e-05,0.25944525050159245,0.25944503741475367,2813
1.3763860429142778,0.007223195703312131,0.00012969704337423586,0.004059662243329452,8.921286987445961e-05,0.25944525647478456,0.25944504341846086,2814
1.3763857058169056,0.00722292011889466,0.0001296928892732313,0.004059689593080366,8.921298203727188e-05,0.2594452624123034,0.25944504938631346,2815
1.376385370732365,0.007222646179821114,0.00012968875998491098,0.0040597167805316945,8.921309352951665e-05,0.259445268314321,0.2594450553184844,2816
1.3763850376509104,0.0072223738781267794,0.00012968465538907607,0.004059743806455543,8.921320435444237e-05,0.2594452741810094,0.2594450612151465,2817
1.3763847065627828,0.007222103205836277,0.0001296805753653726,0.004059770671625314,8.921331451531012e-05,0.2594452800125412,0.2594450670764734,2818
1.3763843774582107,0.007221834154963494,0.00012967651979328536,0.004059797376815697,8.921342401537991e-05,0.2594452858090891,0.2594450729026386,2819
1.3763840503274087,0.007221566717511622,0.0001296724885521337,0.0040598239228026856,8.921353285790343e-05,0.2594452915708253,0.25944507869381517,2820
1.3763837251605788,0.007221300885473032,0.0001296684815210828,0.0040598503103635684,8.921364104616064e-05,0.2594452972979235,0.2594450844501777,2821
1.3763834019479104,0.007221036650829292,0.00012966449857913415,0.004059876540276939,8.921374858342318e-05,0.2594453029905569,0.2594450901719002,2822
1.3763830806795778,0.007220774005551089,0.00012966053960512325,0.0040599026133226876,8.921385547295635e-05,0.2594453086488985,0.25944509585915665,2823
1.3763827613457438,0.007220512941598264,0.0001296566044777324,0.004059928530282022,8.921396171806329e-05,0.2594453142731231,0.25944510151212274,2824
1.376382443936557,0.007220253450919689,0.000129652693075471,0.004059954291937442,8.921406732201877e-05,0.25944531986340424,0.2594451071309728,2825
1.3763821284421534,0.007219995525453269,0.00012964880527668843,0.004059979899072769,8.921417228811442e-05,0.25944532541991616,0.2594451127158819,2826
1.3763818148526545,0.007219739157125929,0.00012964494095956688,0.0040600053524731325,8.921427661963553e-05,0.25944533094283284,0.25944511826702504,2827
1.3763815031581688,0.00721948433785352,0.0001296411000021285,0.004060030652924973,8.921438031988948e-05,0.2594453364323294,0.25944512378457824,2828
1.3763811933487908,0.007219231059540858,0.00012963728228222634,0.004060055801216049,8.921448339217732e-05,0.2594453418885807,0.2594451292687172,2829
1.3763808854146038,0.007218979314081615,0.00012963348767754725,0.004060080798135436,8.921458583980645e-05,0.25944534731176183,0.2594451347196177,2830
1.3763805793456738,0.007218729093358303,0.00012962971606561265,0.004060105644473528,8.921468766608742e-05,0.2594453527020481,0.25944514013745634,2831
1.376380275132056,0.007218480389242279,0.00012962596732378037,0.004060130341022039,8.921478887434756e-05,0.2594453580596157,0.2594451455224099,2832
1.3763799727637904,0.007218233193593619,0.00012962224132923164,0.004060154888574012,8.92148894678901e-05,0.2594453633846396,0.2594451508746543,2833
1.376379672230904,0.007217987498261203,0.0001296185379589859,0.004060179287923807,8.921498945004766e-05,0.2594453686772962,0.2594451561943669,2834
1.37637937352341,0.007217743295082581,0.00012961485708989486,0.004060203539867121,8.921508882415703e-05,0.2594453739377622,0.25944516148172525,2835
1.3763790766313075,0.007217500575883969,0.00012961119859863617,0.004060227645200971,8.921518759354459e-05,0.25944537916621374,0.2594451667369064,2836
1.3763787815445818,0.007217259332480227,0.00012960756236171818,0.004060251604723713,8.921528576154924e-05,0.25944538436282766,0.259445171960088,2837
1.376378488253204,0.007217019556674808,0.0001296039482554851,0.0040602754192350324,8.92153833315257e-05,0.25944538952778157,0.25944517715144866,2838
1.376378196747132,0.007216781240259736,0.00012960035615610171,0.0040602990895359506,8.921548030680975e-05,0.2594453946612521,0.25944518231116587,2839
1.3763779070163087,0.007216544375015538,0.0001295967859395637,0.004060322616428827,8.92155766907551e-05,0.25944539976341685,0.25944518743941813,2840
1.3763776190506638,0.007216308952711265,0.00012959323748169805,0.0040603460007173605,8.921567248672378e-05,0.25944540483445383,0.25944519253638443,2841
1.3763773328401128,0.0072160749651043864,0.00012958971065815737,0.004060369243206591,8.921576769808103e-05,0.25944540987454123,0.2594451976022437,2842
1.3763770483745568,0.007215842403940831,0.00012958620534441522,0.004060392344702902,8.921586232817845e-05,0.25944541488385653,0.25944520263717447,2843
1.3763767656438826,0.00721561126095487,0.00012958272141578355,0.004060415306014017,8.921595638040435e-05,0.25944541986257913,0.25944520764135687,2844
1.376376484637963,0.007215381527869167,0.00012957925874738693,0.004060438127949014,8.921604985811455e-05,0.2594454248108867,0.2594452126149698,2845
1.3763762053466564,0.007215153196394668,0.0001295758172141848,0.004060460811318313,8.921614276470477e-05,0.2594454297289591,0.2594452175581936,2846
1.3763759277598075,0.007214926258230623,0.00012957239669095905,0.00406048335693369,8.921623510355913e-05,0.2594454346169755,0.25944522247120866,2847
1.3763756518672456,0.0072147007050644895,0.00012956899705231432,0.004060505765608269,8.921632687806393e-05,0.25944543947511517,0.2594452273541951,2848
1.376375377658787,0.007214476528572011,0.0001295656181726782,0.0040605280381565325,8.921641809161278e-05,0.2594454443035578,0.25944523220733345,2849
1.3763751051242317,0.007214253720417062,0.00012956225992630428,0.004060550175394319,8.92165087476119e-05,0.2594454491024838,0.25944523703080513,2850
1.3763748342533673,0.007214032272251646,0.00012955892218726448,0.004060572178138826,8.921659884945286e-05,0.2594454538720727,0.2594452418247904,2851
1.3763745650359653,0.007213812175715932,0.00012955560482945692,0.0040605940472086075,8.921668840055133e-05,0.25944545861250534,0.2594452465894712,2852
1.3763742974617834,0.007213593422438122,0.00012955230772660153,0.004060615783423584,8.921677740432826e-05,0.2594454633239629,0.25944525132502955,2853
1.3763740315205648,0.007213376004034482,0.00012954903075223508,0.004060637387605039,8.921686586418991e-05,0.2594454680066257,0.2594452560316467,2854
1.376373767202037,0.0072131599121092954,0.00012954577377971918,0.004060658860575618,8.921695378356457e-05,0.2594454726606753,0.2594452607095052,2855
1.3763735044959144,0.007212945138254773,0.000129542536682234,0.004060680203159343,8.921704116588478e-05,0.2594454772862934,0.25944526535878754,2856
1.3763732433918958,0.007212731674051153,0.00012953931933277606,0.004060701416181593,8.921712801456417e-05,0.2594454818836608,0.25944526997967554,2857
1.376372983879665,0.007212519511066513,0.0001295361216041679,0.0040607225004691315,8.921721433306042e-05,0.2594454864529605,0.25944527457235317,2858
1.3763727259488923,0.007212308640856847,0.00012953294336904645,0.004060743456850084,8.921730012481241e-05,0.25944549099437464,0.25944527913700327,2859
1.3763724695892314,0.007212099054965976,0.00012952978449986391,0.004060764286153959,8.92173853932558e-05,0.2594454955080851,0.25944528367380876,2860
1.3763722147903215,0.0072118907449255365,0.00012952664486889765,0.004060784989211636,8.921747014185464e-05,0.2594454999942753,0.25944528818295415,2861
1.3763719615417886,0.0072116837022549694,0.00012952352434823452,0.004060805566855378,8.921755437405408e-05,0.25944550445312764,0.2594452926646226,2862
1.3763717098332418,0.007211477918461413,0.0001295204228097857,0.004060826019918826,8.92176380933339e-05,0.25944550888482637,0.2594452971189993,2863
1.3763714596542755,0.00721127338503978,0.00012951734012527126,0.004060846349237003,8.921772130314873e-05,0.2594455132895544,0.2594453015462681,2864
1.3763712109944704,0.007211070093472633,0.00012951427616623025,0.0040608665556463195,8.921780400697207e-05,0.25944551766749563,0.25944530594661386,2865
1.376370963843391,0.007210868035230206,0.00012951123080401673,0.004060886639984569,8.921788620828477e-05,0.25944552201883436,0.2594453103202217,2866
1.376370718190586,0.007210667201770343,0.0001295082039097981,0.004060906603090937,8.921796791056247e-05,0.2594455263437546,0.2594453146672768,2867
1.3763704740255907,0.007210467584538476,0.00012950519535455694,0.004060926445805996,8.921804911728921e-05,0.25944553064244086,0.2594453189879644,2868
1.3763702313379236,0.007210269174967591,0.00012950220500909052,0.004060946168971706,8.921812983196263e-05,0.25944553491507827,0.2594453232824707,2869
1.3763699901170898,0.007210071964478214,0.00012949923274400995,0.0040609657734314245,8.921821005808463e-05,0.25944553916185226,0.25944532755098193,2870
1.3763697503525767,0.007209875944478343,0.0001294962784297352,0.004060985260029897,8.921828979914555e-05,0.2594455433829476,0.259445331793684,2871
1.3763695120338584,0.007209681106363478,0.0001294933419365024,0.004061004629613281,8.921836905865566e-05,0.2594455475785502,0.2594453360107636,2872
1.376369275150393,0.007209487441516499,0.00012949042313435745,0.0040610238830291155,8.921844784012738e-05,0.259445551748846,0.2594453402024076,2873
1.3763690396916235,0.007209294941307746,0.00012948752189316206,0.004061043021126345,8.921852614708673e-05,0.25944555589402163,0.2594453443688037,2874
1.3763688056469767,0.007209103597094913,0.00012948463808258096,0.004061062044755322,8.921860398304402e-05,0.259445560014263,0.2594453485101387,2875
1.3763685730058646,0.007208913400223003,0.00012948177157209411,0.004061080954767798,8.921868135152429e-05,0.2594455641097567,0.25944535262660007,2876
1.3763683417576835,0.007208724342024384,0.00012947892223099286,0.0040610997520169265,8.921875825607242e-05,0.2594455681806905,0.2594453567183765,2877
1.3763681118918143,0.007208536413818669,0.00012947608992837308,0.004061118437357276,8.92188347002093e-05,0.2594455722272507,0.25944536078565544,2878
1.376367883397622,0.007208349606912738,0.00012947327453314542,0.004061137011644813,8.921891068748614e-05,0.25944557624962533,0.2594453648286258,2879
1.3763676562644567,0.007208163912600669,0.00012947047591402723,0.00406115547573692,8.921898622145003e-05,0.25944558024800224,0.2594453688474763,2880
1.3763674304816522,0.0072079793221637625,0.00012946769393954463,0.004061173830492391,8.921906130565959e-05,0.2594455842225698,0.25944537284239627,2881
1.376367206038527,0.00720779582687048,0.00012946492847802738,0.004061192076771435,8.921913594365873e-05,0.25944558817351565,0.2594453768135743,2882
1.3763669829243832,0.007207613417976421,0.00012946217939761704,0.00406121021543568,8.92192101390208e-05,0.25944559210102897,0.25944538076120066,2883
1.376366761128508,0.007207432086724248,0.00012945944656626122,0.00406122824734816,8.921928389530859e-05,0.2594455960052984,0.25944538468546485,2884
1.3763665406401728,0.007207251824343752,0.00012945672985171288,0.0040612461733733375,8.921935721609966e-05,0.2594455998865133,0.25944538858655714,2885
1.3763663214486326,0.007207072622051772,0.00012945402912153178,0.004061263994377094,8.921943010496944e-05,0.259445603744863,0.2594453924646679,2886
1.3763661035431263,0.007206894471052093,0.00012945134424308428,0.004061281711226727,8.921950256550175e-05,0.2594456075805372,0.2594453963199879,2887
1.376365886912879,0.007206717362535598,0.00012944867508353936,0.004061299324790965,8.921957460128569e-05,0.25944561139372596,0.25944540015270795,2888
1.3763656715470967,0.007206541287680058,0.00012944602150987428,0.004061316835939954,8.921964621592505e-05,0.25944561518462006,0.2594454039630199,2889
1.3763654574349717,0.0072063662376501934,0.00012944338338886582,0.004061334245545277,8.921971741300367e-05,0.25944561895340923,0.25944540775111447,2890
1.3763652445656802,0.007206192203597639,0.00012944076058709833,0.004061351554479933,8.921978819613164e-05,0.2594456227002846,0.25944541151718364,2891
1.376365032928381,0.0072060191766609326,0.00012943815297095717,0.004061368763618362,8.921985856891593e-05,0.2594456264254371,0.2594454152614195,2892
1.3763648225122185,0.0072058471479654095,0.000129435560406636,0.004061385873836429,8.921992853498234e-05,0.25944563012905875,0.25944541898401485,2893
1.3763646133063192,0.007205676108623251,0.0001294329827601281,0.004061402886011435,8.921999809794837e-05,0.259445633811341,0.25944542268516235,2894
1.3763644052997956,0.007205506049733464,0.00012943041989722388,0.0040614198010221125,8.922006726143144e-05,0.2594456374724754,0.25944542636505424,2895
1.3763641984817425,0.007205336962381817,0.00012942787168352253,0.004061436619748637,8.922013602906792e-05,0.25944564111265445,0.25944543002388426,2896
1.376363992841239,0.007205168837640779,0.00012942533798442258,0.0040614533430726124,8.92202044044973e-05,0.2594456447320708,0.25944543366184586,2897
1.376363788367348,0.007205001666569574,0.00012942281866512386,0.004061469971877092,8.922027239136225e-05,0.2594456483309174,0.25944543727913294,2898
1.3763635850491158,0.007204835440214105,0.00012942031359062503,0.004061486507046555,8.922033999329493e-05,0.2594456519093864,0.25944544087593885,2899
1.376363382875573,0.007204670149606958,0.00012941782262572714,0.004061502949466945,8.922040721396423e-05,0.2594456554676721,0.2594454444524587,2900
1.3763631818357334,0.0072045057857673366,0.00012941534563503103,0.004061519300025634,8.922047405702332e-05,0.25944565900596794,0.25944544800888697,2901
1.3763629819185947,0.007204342339701056,0.00012941288248293544,0.004061535559611442,8.922054052613481e-05,0.25944566252446777,0.2594454515454185,2902
1.3763627831131384,0.007204179802400532,0.00012941043303363867,0.004061551729114638,8.922060662496448e-05,0.25944566602336566,0.2594454550622483,2903
1.3763625854083288,0.007204018164844728,0.00012940799715114226,0.004061567809426936,8.922067235719697e-05,0.2594456695028567,0.2594454585595725,2904
1.3763623887931147,0.007203857417999143,0.00012940557469923712,0.004061583801441507,8.922073772649804e-05,0.2594456729631349,0.25944546203758617,2905
1.376362193256428,0.007203697552815812,0.00012940316554152007,0.004061599706052966,8.922080273656498e-05,0.2594456764043961,0.25944546549648595,2906
1.376361998787184,0.00720353856023322,0.0001294007695413823,0.0040616155241573835,8.922086739108242e-05,0.25944567982683525,0.259445468936468,2907
1.3763618053742819,0.00720338043117635,0.000129398386562012,0.0040616312566522875,8.922093169374662e-05,0.2594456832306481,0.25944547235772886,2908
1.3763616130066036,0.007203223156556563,0.0001293960164663955,0.004061646904436655,8.922099564826216e-05,0.25944568661603074,0.2594454757604657,2909
1.376361421673015,0.00720306672727171,0.00012939365911731541,0.004061662468410929,8.922105925833158e-05,0.2594456899831792,0.2594454791448757,2910
1.3763612313623657,0.007202911134205964,0.0001293913143773468,0.004061677949477004,8.922112252766474e-05,0.25944569333228984,0.25944548251115596,2911
1.3763610420634873,0.007202756368229906,0.00012938898210886838,0.004061693348538235,8.922118545998829e-05,0.25944569666356,0.25944548585950494,2912
1.376360853765196,0.007202602420200423,0.00012938666217404603,0.004061708666499445,8.922124805901424e-05,0.25944569997718614,0.2594454891901202,2913
1.3763606664562908,0.007202449280960727,0.00012938435443484746,0.0040617239042669085,8.922131032848496e-05,0.2594457032733664,0.2594454925032007,2914
1.376360480125554,0.00720229694134037,0.00012938205875303037,0.004061739062748378,8.922137227212191e-05,0.2594457065522978,0.2594454957989447,2915
1.3763602947617517,0.007202145392155092,0.00012937977499015047,0.004061754142853059,8.922143389367693e-05,0.25944570981417897,0.25944549907755154,2916
1.3763601103536316,0.007201994624206946,0.0001293775030075517,0.0040617691454916316,8.922149519688196e-05,0.25944571305920744,0.25944550233922004,2917
1.3763599268899263,0.007201844628284188,0.0001293752426663808,0.004061784071576241,8.92215561855025e-05,0.25944571628758256,0.25944550558415047,2918
1.376359744359351,0.007201695395161265,0.0001293729938275689,0.004061798922020505,8.922161686328202e-05,0.2594457194995025,0.2594455088125419,2919
1.3763595627506038,0.007201546915598838,0.00012937075635184445,0.00406181369773951,8.92216772339892e-05,0.2594457226951668,0.259445512024595,2920
1.3763593820523659,0.007201399180343666,0.00012936853009973314,0.004061828399649815,8.922173730140006e-05,0.2594457258747753,0.2594455152205106,2921
1.376359202253302,0.00720125218012871,0.0001293663149315424,0.00406184302866945,8.922179706927275e-05,0.25944572903852703,0.2594455184004887,2922
1.3763590233420586,0.0072011059056729925,0.00012936411070738006,0.0040618575857179285,8.922185654139275e-05,0.2594457321866223,0.2594455215647308,2923
1.3763588453072673,0.007200960347681668,0.00012936191728714358,0.004061872071716232,8.922191572154551e-05,0.2594457353192616,0.2594455247134381,2924
1.3763586681375408,0.007200815496845937,0.00012935973453051975,0.004061886487586825,8.922197461351862e-05,0.2594457384366453,0.2594455278468123,2925
1.376358491821476,0.007200671343843046,0.00012935756229698995,0.004061900834253645,8.92220332211112e-05,0.25944574153897465,0.25944553096505546,2926
1.3763583163476514,0.0072005278793363025,0.00012935540044582689,0.004061915112642114,8.922209154812967e-05,0.2594457446264511,0.2594455340683703,2927
1.3763581417046296,0.0072003850939750084,0.00012935324883608617,0.004061929323679137,8.922214959836479e-05,0.2594457476992753,0.25944553715695834,2928
1.3763579678809563,0.007200242978394428,0.00012935110732662322,0.004061943468293095,8.92222073756419e-05,0.2594457507576498,0.25944554023102306,2929
1.3763577948651589,0.0072001015232158105,0.00012934897577607818,0.004061957547413859,8.922226488377586e-05,0.25944575380177654,0.2594455432907676,2930
1.3763576226457488,0.007199960719046381,0.00012934685404288304,0.004061971561972779,8.922232212659311e-05,0.25944575683185805,0.2594455463363954,2931
1.3763574512112193,0.007199820556479238,0.00012934474198525775,0.0040619855129026975,8.922237910792107e-05,0.259445759848097,0.25944554936811015,2932
1.3763572805500461,0.007199681026093433,0.00012934263946121023,0.004061999401137942,8.922243583158829e-05,0.259445762850696,0.2594455523861157,2933
1.3763571106506898,0.0071995421184538975,0.00012934054632854185,0.004062013227614327,8.922249230145055e-05,0.2594457658398592,0.25944555539061703,2934
1.376356941501591,0.007199403824111426,0.0001293384624448366,0.0040620269932691595,8.922254852134161e-05,0.2594457688157895,0.25944555838181826,2935
1.3763567730911752,0.007199266133602663,0.00012933638766747223,0.004062040699041236,8.922260449512568e-05,0.25944577177869155,0.25944556135992497,2936
1.37635660540785,0.007199129037450104,0.0001293343218536105,0.0040620543458708466,8.922266022665436e-05,0.2594457747287692,0.259445564325142,2937
1.3763564384400047,0.007198992526162034,0.00012933226486020027,0.004062067934699773,8.922271571978663e-05,0.2594457776662267,0.25944556727767465,2938
1.3763562721760123,0.007198856590232538,0.00012933021654398187,0.004062081466471295,8.922277097840134e-05,0.2594457805912694,0.25944557021772946,2939
1.3763561066042282,0.00719872122014152,0.00012932817676147826,0.004062094942130183,8.92228260063617e-05,0.2594457835041018,0.2594455731455119,2940
1.3763559417129907,0.007198586406354596,0.00012932614536900657,0.004062108362622706,8.922288080757071e-05,0.25944578640493055,0.25944557606122953,2941
1.3763557774906197,0.007198452139323155,0.00012932412222266103,0.0040621217288966316,8.92229353858947e-05,0.2594457892939603,0.25944557896508824,2942
1.3763556139254183,0.007198318409484278,0.00012932210717832646,0.004062135041901227,8.922298974522726e-05,0.2594457921713971,0.25944558185729516,2943
1.3763554510056728,0.007198185207260792,0.00012932010009167918,0.004062148302587255,8.922304388948086e-05,0.2594457950374482,0.25944558473805834,2944
1.376355288719651,0.007198052523061195,0.00012931810081817256,0.004062161511906987,8.922309782254702e-05,0.2594457978923195,0.2594455876075849,2945
1.3763551270556038,0.00719792034727968,0.00012931610921305132,0.00406217467081419,8.922315154834136e-05,0.25944580073621826,0.25944559046608323,2946
1.3763549660017633,0.007197788670296093,0.00012931412513134518,0.004062187780264136,8.922320507078165e-05,0.25944580356935193,0.2594455933137619,2947
1.376354805546347,0.0071976574824758775,0.00012931214842786814,0.004062200841213601,8.922325839378664e-05,0.25944580639192794,0.259445596150829,2948
1.3763546456775515,0.007197526774170207,0.00012931017895721598,0.00406221385462087,8.922331152127935e-05,0.25944580920415394,0.2594455989774937,2949
1.3763544863835584,0.007197396535715757,0.0001293082165737762,0.00406222682144573,8.922336445720688e-05,0.2594458120062389,0.25944560179396564,2950
1.3763543276525299,0.007197266757434887,0.00012930626113171316,0.004062239742649476,8.922341720549014e-05,0.25944581479839035,0.2594456046004537,2951
1.3763541694726116,0.007197137429635512,0.0001293043124849809,0.004062252619194915,8.92234697700836e-05,0.25944581758081764,0.2594456073971682,2952
1.376354011831931,0.007197008542611077,0.00012930237048731891,0.004062265452046357,8.922352215494173e-05,0.2594458203537301,0.2594456101843196,2953
1.3763538547185985,0.007196880086640606,0.00012930043499224443,0.0040622782421696245,8.922357436401166e-05,0.25944582311733666,0.2594456129621178,2954
1.3763536981207065,0.007196752051988689,0.00012929850585306275,0.0040622909905320545,8.922362640126152e-05,0.2594458258718474,0.259445615730774,2955
1.376353542026329,0.007196624428905419,0.00012929658292286077,0.004062303698102497,8.922367827065628e-05,0.2594458286174722,0.2594456184904992,2956
1.3763533864235242,0.007196497207626382,0.0001292946660545125,0.004062316365851304,8.922372997617141e-05,0.25944583135442145,0.25944562124150483,2957
1.3763532313003308,0.00719637037837269,0.0001292927551006684,0.004062328994750352,8.922378152178027e-05,0.25944583408290556,0.25944562398400234,2958
1.3763530766447705,0.007196243931350919,0.00012929084991377023,0.004062341585773033,8.922383291148144e-05,0.25944583680313615,0.2594456267182045,2959
1.3763529224448476,0.007196117856753138,0.00012928895034603573,0.004062354139894244,8.922388414925877e-05,0.25944583951532413,0.2594456294443231,2960
1.3763527686885473,0.007195992144756846,0.0001292870562494696,0.004062366658090411,8.9223935239115e-05,0.25944584221968137,0.2594456321625714,2961
1.3763526153638388,0.007195866785525017,0.00012928516747585546,0.00406237914133947,8.922398618504767e-05,0.2594458449164195,0.25944563487316186,2962
1.3763524624586723,0.007195741769206044,0.00012928328387676175,0.0040623915906208815,8.922403699107212e-05,0.259445847605751,0.25944563757630823,2963
1.3763523099609805,0.007195617085933756,0.00012928140530353772,0.004062404006915621,8.922408766120266e-05,0.25944585028788847,0.25944564027222405,2964
1.3763521578586788,0.0071954927258273795,0.00012927953160731415,0.004062416391206182,8.922413819945465e-05,0.2594458529630444,0.25944564296112294,2965
1.3763520061396637,0.0071953686789915546,0.00012927766263900388,0.004062428744476586,8.922418860986022e-05,0.25944585563143224,0.2594456456432195,2966
1.3763518547918148,0.007195244935516303,0.0001292757982493029,0.004062441067712368,8.922423889645046e-05,0.2594458582932654,0.25944564831872824,2967
1.3763517038029933,0.0071951214854770115,0.00012927393828868764,0.004062453361900594,8.922428906326803e-05,0.2594458609487578,0.25944565098786415,2968
1.3763515531610433,0.007194998318934469,0.00012927208260741434,0.004062465628029847,8.922433911435347e-05,0.25944586359812344,0.2594456536508422,2969
1.3763514028537904,0.0071948754259347535,0.00012927023105552152,0.004062477867090235,8.922438905375152e-05,0.25944586624157634,0.25944565630787764,2970
1.376351252869042,0.007194752796509386,0.00012926838348283136,0.0040624900800733926,8.922443888553105e-05,0.2594458688793319,0.259445658959187,2971
1.3763511031945879,0.007194630420675147,0.00012926653973894137,0.0040625022679724836,8.922448861374416e-05,0.25944587151160464,0.2594456616049858,2972
1.3763509538182008,0.007194508288434159,0.00012926469967323672,0.004062514431782187,8.922453824246813e-05,0.25944587413861037,0.2594456642454909,2973
1.3763508047276343,0.007194386389773902,0.00012926286313487704,0.004062526572498719,8.922458777577078e-05,0.2594458767605644,0.25944566688091897,2974
1.376350655910624,0.007194264714667117,0.0001292610299728049,0.0040625386911198194,8.922463721772939e-05,0.2594458793776826,0.2594456695114868,2975
1.3763505073548894,0.007194143253071891,0.0001292592000357474,0.004062550788644757,8.922468657244641e-05,0.2594458819901821,0.25944567213741254,2976
1.3763503590481294,0.0071940219949315565,0.000129257373172205,0.004062562866074331,8.922473584400124e-05,0.25944588459827883,0.25944567475891345,2977
1.3763502109780268,0.007193900930174785,0.00012925554923046145,0.0040625749244108675,8.922478503649317e-05,0.2594458872021898,0.2594456773762076,2978
1.3763500631322465,0.00719378004871549,0.0001292537280585827,0.004062586964658228,8.922483415403413e-05,0.2594458898021327,0.25944567998951357,2979
1.376349915498434,0.007193659340452848,0.0001292519095044108,0.004062598987821803,8.922488320072974e-05,0.2594458923983248,0.25944568259904993,2980
1.3763497680642174,0.007193538795271359,0.00012925009341556865,0.004062610994908514,8.922493218069189e-05,0.25944589499098375,0.2594456852050356,2981
1.3763496208172081,0.0071934184030407015,0.0001292482796394608,0.0040626229869268156,8.92249810980493e-05,0.25944589758032816,0.25944568780768995,2982
1.3763494737449975,0.007193298153615862,0.0001292464680232715,0.0040626349648866964,8.922502995693065e-05,0.25944590016657654,0.2594456904072328,2983
1.37634932683516,0.0071931780368370305,0.00012924465841396166,0.004062646929799675,8.922507876146468e-05,0.25944590274994744,0.25944569300388387,2984
1.3763491800752523,0.007193058042529668,0.00012924285065827443,0.004062658882678809,8.92251275157916e-05,0.25944590533066003,0.25944569559786346,2985
1.3763490334528123,0.00719293816050444,0.00012924104460273263,0.00406267082453869,8.922517622406113e-05,0.25944590790893396,0.25944569818939217,2986
1.3763488869553602,0.007192818380557267,0.00012923924009363834,0.0040626827563954365,8.922522489042714e-05,0.2594459104849891,0.25944570077869117,2987
1.3763487405703987,0.007192698692469255,0.0001292374369770705,0.004062694679266716,8.922527351904143e-05,0.25944591305904524,0.2594457033659812,2988
1.376348594285411,0.007192579086006751,0.00012923563509889327,0.004062706594171726,8.922532211408097e-05,0.25944591563132346,0.2594457059514847,2989
1.3763484480878636,0.0071924595509213285,0.00012923383430474283,0.004062718502131197,8.922537067970282e-05,0.2594459182020438,0.25944570853542276,2990
1.376348301965205,0.007192340076949733,0.00012923203444004027,0.004062730404167403,8.922541922008816e-05,0.25944592077142764,0.2594457111180178,2991
1.3763481559048647,0.007192220653813944,0.00012923023534998213,0.004062742301304151,8.922546773942023e-05,0.25944592333969635,0.2594457136994924,2992
1.3763480098942549,0.007192101271221159,0.00012922843687954687,0.004062754194566797,8.922551624188759e-05,0.25944592590707166,0.2594457162800693,2993
1.3763478639207685,0.007191981918863725,0.00012922663887348837,0.004062766084982224,8.922556473168087e-05,0.2594459284737754,0.25944571885997175,2994
1.3763477179717822,0.00719186258641922,0.00012922484117634564,0.004062777973578861,8.922561321300639e-05,0.2594459310400302,0.2594457214394233,2995
1.3763475720346539,0.007191743263550403,0.00012922304363242857,0.004062789861386674,8.922566169005901e-05,0.25944593360605817,0.2594457240186472,2996
1.3763474260967223,0.007191623939905225,0.0001292212460858379,0.0040628017494371655,8.922571016707134e-05,0.2594459361720833,0.25944572659786863,2997
1.3763472801453096,0.007191504605116829,0.00012921944838044242,0.004062813638763385,8.922575864825075e-05,0.2594459387383283,0.25944572917731146,2998
1.3763471341677191,0.007191385248803556,0.0001292176503598926,0.004062825530399923,8.922580713781415e-05,0.25944594130501636,0.25944573175720004,2999
1.376346988151236,0.007191265860568914,0.00012921585186762192,0.004062837425382906,8.922585564000775e-05,0.2594459438723723,0.25944573433776036,3000
