total,pde,bc,diss,ctrl,energy,var,epoch
3.1270981697913216,0.099596562747156,0.08117358446672847,0.0014547873021565642,1.8737025040803831e-06,0.24863116746675118,0.163734112358247,1
8.363988213898594,0.7499981428251307,0.38690216958646506,0.0027287676183560873,4.747963663221666e-05,0.2568905469037092,0.16515254619144468,2
5.638326533368229,0.395858211850877,0.22553133623376276,0.0023220244138098646,2.745308339049971e-09,0.25005239569008086,0.15575892377555828,3
2.7624358011096266,0.11205116905408938,0.049156460786083093,0.0017577850606123773,1.404520084349094e-05,0.24625230726399683,0.14804953970062718,4
3.676354841917702,0.2882925706789747,0.09911144472941166,0.0018054759582947777,0.0002902821651179426,0.26703766900482406,0.15829307399725318,5
4.9690126167518205,0.41220363412055294,0.1764470767475043,0.002033951896990453,0.000512351082505967,0.2726351735691593,0.16404871165580284,6
4.646253951954961,0.3436108209872473,0.1627384973362369,0.0020227748006641077,0.00034737391802717484,0.2686379697936008,0.16661829119360286,7
3.4319935622609554,0.2115459427368344,0.09460485773119959,0.0018872443908694767,0.00010802375078582649,0.26039344749281135,0.16868285541120323,8
2.503375254729187,0.14718155188267484,0.04013131878390676,0.0018290615072145493,9.211727094064836e-06,0.2530350827161817,0.17336643516143638,9
2.633326884445861,0.17298575069174385,0.051514305618022484,0.0019394805356369243,2.155635915543105e-05,0.25464288263425117,0.18576513214416243,10
3.1158869440472996,0.181526256150573,0.08500456899724324,0.002047320944070575,4.122975927459508e-06,0.25203051124780423,0.1904400751043801,11
3.2369141188101445,0.1580837404138714,0.09465344313956217,0.0020479617290510435,4.245519609140559e-06,0.2479395341281301,0.19049492546419042,12
2.972498226437132,0.14355099751573508,0.07791271293280137,0.0019686453622395975,1.0507943298514349e-05,0.2467584042049456,0.1904988718704144,13
2.586805912311252,0.16280985771998582,0.05233315744519772,0.0018818233695138773,4.695466553192811e-06,0.2521669025250788,0.19436509478008224,14
2.3665394590071718,0.1855320315374702,0.03661195552888019,0.0018483964933739103,9.342717458505201e-05,0.2596657733568014,0.19926883784893912,15
2.3005582800233664,0.17591377747138823,0.03239854461731427,0.0018703494382346637,3.501031257081006e-05,0.2559169512902178,0.19561205867924897,16
2.352542299525169,0.16681077984270126,0.036168649721964964,0.0019251663935966282,1.8203752495943438e-06,0.2513492128259079,0.19343898581244565,17
2.4281929549271086,0.1890777913591556,0.041640090557540005,0.002005265384501246,2.556205623122493e-05,0.2550558932179413,0.20001735821995337,18
2.3843898656732576,0.2080105272855247,0.038607107055157394,0.002068143864781101,4.72888749441101e-05,0.2568766906971384,0.2043828196101855,19
2.1986843581392215,0.20347716995808826,0.026113125397378634,0.002080476149546515,6.011808220850795e-06,0.25245189890102565,0.20144204383664796,20
2.075617493105202,0.19814735090851784,0.018053035230767234,0.0020429960815034837,5.996029227503636e-06,0.2524486790780957,0.20080458525193526,21
2.1860754989688562,0.20074622127003863,0.025587281426542947,0.00198947774892871,0.0003428600802771127,0.2685164813146859,0.21590972878620718,22
2.2179239835998565,0.2112113429735643,0.02788872225408775,0.002003283825856393,2.8654446588261018e-05,0.25535298482981794,0.205440376045071,23
2.175280740072549,0.2083259458127888,0.022330562490107342,0.0020369018364356016,5.086137943204726e-05,0.2428682835563907,0.19754816415848206,24
2.076691341619692,0.19809857395198358,0.021437893708687705,0.0020585991940425537,6.012217261386918e-06,0.25245198231261706,0.2110275944505743,25
2.073634264033319,0.19466961382999606,0.023073766820701787,0.002072445909282477,0.00017602861270609815,0.2632675774995324,0.22366776698699425,26
2.0556996170061637,0.2021809315275421,0.02039092745162171,0.0021052029117650454,8.4494883075182e-06,0.25290680035563473,0.2131185837370545,27
2.0618182662190145,0.2072253064525762,0.018353249350020796,0.0021223061535368746,3.855607063975971e-06,0.24803643002060635,0.20629141854622074,28
2.027266176031835,0.20642532568114452,0.01800542276206624,0.002116615159343832,5.640649302287608e-05,0.2575104256219522,0.21450569362078137,29
1.9942316301091463,0.2101393247889177,0.016390480656174825,0.002130017085122245,0.00013075398546765922,0.26143477089703415,0.2204634945308633,30
2.010118779400981,0.21244546129036743,0.015282065727303387,0.002166149403584061,1.7755130938473418e-05,0.24578631622704392,0.20912339050003825,31
1.996567624613673,0.20074186045051337,0.017135100599820163,0.0021457133440482526,2.76695285379067e-06,0.24833658398054165,0.2147705265604847,32
1.9662730686181633,0.19119132071957684,0.01852866261008139,0.002118001999664535,0.00012115700742209238,0.2610071343873913,0.22926926807963757,33
1.9423715286112733,0.19410425580342616,0.01619166336939508,0.0021907656695573843,1.6053107501430243e-05,0.25400663293819514,0.22265827691553455,34
1.9387859495148783,0.19913003505103868,0.014260667556657287,0.0022965885080165464,2.237875986433998e-06,0.24850404679670987,0.21757112782839783,35
1.9248686574001528,0.1995092180096326,0.015413098468529058,0.0023240797333049837,6.268373748038086e-05,0.25791730620099923,0.22728421238919955,36
1.898182592406171,0.19298140039827183,0.014092902507486245,0.0023106522984199284,7.308578231018061e-05,0.25854902230142024,0.22783835856393955,37
1.8981780002495583,0.1904010804978589,0.01263873020941949,0.002321009014158855,1.107130427070422e-06,0.24894779734505637,0.21917076250062403,38
1.8913374530147622,0.1843100685894486,0.014755674991922464,0.002305917966230672,2.6778798738081376e-05,0.2551748235465648,0.2275773396081084,39
1.86472579516132,0.1828691990877299,0.014217288123899652,0.0023057690080811578,0.00010841311060340804,0.26041216166813635,0.23531226504635025,40
1.8602044867567622,0.18869158644414546,0.011906685761972284,0.0023526384531056517,1.1809166794528234e-06,0.24891330009687457,0.22478670947769094,41
1.8489841047820241,0.1829273779282045,0.012582958219546787,0.0023700165961694276,2.9088509569695916e-06,0.2517055353871936,0.22840021397051777,42
1.843612559765964,0.1736482387299831,0.014140050485762484,0.002393818787374188,0.00018431078929855956,0.26357611097842676,0.24149098796380059,43
1.8171465822645407,0.1701286550840879,0.01289200970291713,0.0024420771516014414,8.025939631308362e-05,0.2589587608692879,0.23751941785711475,44
1.8280055540002746,0.17066008493402818,0.0107882105639517,0.0024380362046548506,1.6254383955780063e-05,0.2459683273997285,0.22487873009611897,45
1.8135181028518097,0.16637993280783742,0.011514124143143616,0.0024017897932349865,9.405033711098335e-07,0.24903020446943192,0.22897057193631903,46
1.7927125982811094,0.1644776652996323,0.012502416697503137,0.002408255244859897,0.00014005888460489357,0.261834647633322,0.24350749455081985,47
1.7740831603417921,0.17272097156549363,0.01111785602461339,0.002509990278587191,0.00010274100723045998,0.26013612387604157,0.24317795738511838,48
1.7840702940932252,0.17481147649110898,0.009523880552578853,0.0025668118546083446,6.193971828259248e-06,0.247511230860795,0.23106025642006273,49
1.757199873698651,0.16570225178329975,0.009096231483821101,0.0025448544222944174,1.2650090657512125e-06,0.24887527378186902,0.23346648697492733,50
1.7695767120225623,0.1545027372976603,0.012603740114068417,0.0025251216166804267,0.0002343074437275589,0.2653071043547615,0.25181267036910404,51
1.7671858646217962,0.1529425544155468,0.012543732634959294,0.0025660592337429155,0.00028170191433796247,0.2667839779056683,0.25419388557181855,52
1.7304633601135186,0.15704814162684128,0.009857170649312522,0.00262686890281157,1.5294535005156645e-05,0.25391082280411126,0.2411324579506551,53
1.7280840702294236,0.15143039602994723,0.008596983220980717,0.0025970394607968926,2.937592949663348e-06,0.24828605923391053,0.23526939519344547,54
1.7125993918907578,0.15348029978296193,0.009647569614399637,0.0026277141965113555,5.491807312770798e-05,0.25741067292003283,0.2457768584807217,55
1.7179401062097008,0.16535972365894133,0.009713404549435839,0.0027497027130061976,0.00014795588435953302,0.2621637117838073,0.2522864100572826,56
1.6930828501082529,0.16022969129198833,0.00824641247759253,0.002728837709915716,3.331591922399899e-05,0.2557719943887706,0.24600633423567966,57
1.7338369087010035,0.1402156285943334,0.011639566209240962,0.002609338473973842,5.447673141101862e-06,0.2523340250943599,0.24223448712984796,58
1.7197284602693725,0.13762760955421677,0.01107795000462259,0.0026147012982051378,5.700421831068634e-06,0.25238755561842413,0.24299803235848738,59
1.6799208619389634,0.1450653668265943,0.009025451767013887,0.002754506549942197,4.144020514221693e-05,0.25643740670939913,0.24880442232543126,60
1.7063307728184363,0.14653182426072145,0.011176053685162248,0.002868246823791141,0.00012141175200400043,0.26101870010500333,0.2546738312551932,61
1.6665132913561314,0.14452264626016773,0.008641268931493515,0.0028450833351590095,7.262482579498009e-05,0.2585220200536598,0.25214674224366024,62
1.681747703898766,0.1386532138496311,0.008653034105605719,0.0027422265070771567,5.065464394437425e-07,0.2507117207594582,0.24338721079239975,63
1.6725623363943711,0.13694344471217323,0.00902363208781041,0.0027663268351581357,1.601231172364141e-05,0.2540015386695172,0.2473467551291864,64
1.6590074468976126,0.14463040158313348,0.008434066811822875,0.0028801542227884598,0.00014235687145841647,0.2619313398852944,0.25684317492566083,65
1.656111987929911,0.13987512686924056,0.00855861096361064,0.0029382182422571053,4.49181110447601e-05,0.25670209751083645,0.2518889753076782,66
1.6419860824154306,0.1324790849345641,0.007201261069159048,0.0028575696651837847,3.2367953488499465e-06,0.25179910959889884,0.24641493778759738,67
1.6448679640024384,0.12644354899135787,0.008825780756683495,0.0028297379625077555,0.0001143833181148459,0.2606950137033501,0.25587694499997576,68
1.6277450272561134,0.13115022439880242,0.007584769774956499,0.0028942524489669035,9.457672366100898e-05,0.25972505648626315,0.25568672650012286,69
1.6552324503021287,0.13119005969801506,0.007514101325611304,0.0029287620556047956,3.637382038406453e-06,0.24809280781293377,0.2440217458499692,70
1.6401281963196401,0.12973918102231108,0.006853837666250506,0.002886669221721158,1.3576579700717227e-06,0.2488348141907525,0.24482626811614633,71
1.6292701327623407,0.12750244406053504,0.00797813008226736,0.0028551637125916658,0.00013942131224836958,0.26180768022298917,0.25817762831732477,72
1.6369297357616435,0.12428594497581875,0.008621368668494174,0.00294987729250452,0.0001875620942791521,0.26369533111243215,0.26035693666600856,73
1.613191602941189,0.1261845768822514,0.006875494497618748,0.0030255346422624818,3.014764699695543e-05,0.2554906872973204,0.25214941242992706,74
1.6503533449518275,0.12478688880268882,0.00917096210359717,0.00294247504468406,1.1923201426124894e-05,0.2534529989032904,0.25019611005658404,75
1.6300980833495544,0.11864512582878722,0.00857972546873095,0.0029001126587812356,2.882680983840061e-05,0.2553690604241711,0.25236310579643884,76
1.6300538388434584,0.11635484161593192,0.009045195159236439,0.0029352254128936113,6.921931093548218e-05,0.2583198143570324,0.2556184013187331,77
1.614401334164316,0.1209166473962476,0.007740665376066759,0.0029686045974437287,7.207144244600085e-05,0.2584894901169623,0.25593006387359535,78
1.618481856733391,0.12114451629809175,0.007935103161910954,0.002989796923106055,4.99024470808308e-05,0.25706416641089597,0.254559648171878,79
1.6052925890175398,0.11589351393679792,0.007330302463119515,0.003005925410806679,3.6621640262871306e-05,0.25605158163316594,0.2535968834588646,80
1.6014488063702859,0.11569638022080413,0.007070665530399581,0.0030036840907832246,3.4001838237629375e-05,0.2558311095202911,0.2534011801922132,81
1.6019108612015691,0.11979881324000613,0.0070443883510138555,0.002997900226468808,6.442585565199574e-05,0.2580265718493013,0.2557767584164702,82
1.5912285030380846,0.11356441187410883,0.006860537704327981,0.003024974094202,9.33288131752504e-05,0.25966068388755426,0.25769519195082835,83
1.5924749634808393,0.1101500479949184,0.00687589627675801,0.0030422999725653876,2.565891269416273e-05,0.2550654627324819,0.2531072209109858,84
1.5895138716417034,0.1123302096976791,0.0063072742372881135,0.003003203815636438,1.3309023439179684e-05,0.25364815342867864,0.2516282890486421,85
1.5778966424449787,0.11001035713539008,0.006255591122861455,0.0030073058045017665,8.92112166685745e-05,0.25944516895923914,0.25766406418189985,86
1.6053654867751006,0.11056831273493518,0.008092505022206632,0.0031018032008098967,7.68442455814061e-05,0.2587660849631638,0.25719401934414066,87
1.5919798746033482,0.11037715231261001,0.0069513241375442686,0.00312006359796287,2.7413471036186e-05,0.25523578752779236,0.2536668254459196,88
1.5913780810893936,0.11099928755805467,0.006833919497870473,0.0030556094643311277,2.550924663522257e-05,0.2550506679395128,0.2534332438229029,89
1.5757935176183084,0.10433872681591964,0.006567115890403298,0.003018523757003083,8.729865138858484e-05,0.25934337473232155,0.25785027875162575,90
1.589899903219714,0.10131631276175716,0.007722854707256009,0.003085104883295219,7.620350339762997e-05,0.2587294618045805,0.25733290726356983,91
1.5644837764402777,0.10390884677375337,0.005489726076821858,0.0031391435005404763,2.0313765726794326e-05,0.2545070795119228,0.2530802009770419,92
1.5834624501122978,0.10861043019877133,0.006802032250510913,0.0031096575695357532,6.377912853770006e-05,0.2579861836028043,0.2566738190494852,93
1.5632645331929256,0.10188376585362963,0.00594514426206929,0.0030853829336828704,0.0001286817358460763,0.261343797241051,0.2601878470650267,94
1.5773109187029377,0.0990271079004524,0.006673838509305087,0.0031284616261454488,1.7826357651045195e-05,0.25422212714766446,0.2529675476772331,95
1.560448207310726,0.09791473496095793,0.0050904126076452266,0.003138167468009518,2.274654631888274e-06,0.25150819582014017,0.2501722957273175,96
1.572727332444267,0.10154839617561934,0.006598956318207836,0.0031269560616890065,0.000132088679805523,0.2614929839382783,0.26036809110433595,97
1.5609932256166785,0.09699763173875572,0.005838510071091815,0.003141104976969432,0.00021832841819124666,0.2647759405179923,0.26378177874161585,98
1.558559144951349,0.09586358669035541,0.005630964307306255,0.003189552788180333,1.6176646868137e-05,0.2540220202471068,0.2528709924134271,99
1.5573348097079853,0.09511985538680164,0.004765558768125818,0.0031863206133510673,2.7196168293363953e-08,0.2501649126080485,0.24892416438563691,100
1.544942258019206,0.09450114335340928,0.00528412782527299,0.003160904165223955,0.00010561766284344859,0.2602770454335596,0.2592568031495628,101
1.5505676654059655,0.090278033938524,0.0058350884085804034,0.0031839943723835484,0.00016518268864319224,0.26285234175717376,0.26194892354067334,102
1.540256239565735,0.09143254026828472,0.0045405732286996105,0.0032235218943018535,8.808960699024636e-06,0.2529679893360699,0.2518726101777448,103
1.5350590776500916,0.0913995708090869,0.004679910118018554,0.003212579473268515,3.943944080321269e-05,0.2562800828659511,0.25526539455439534,104
1.5496916109106489,0.08651822588205738,0.0058877741791202795,0.003200754690869572,0.0002082170844383705,0.2644297291879775,0.26366095976526743,105
1.5279002088264424,0.08669467123768072,0.0047006369306757875,0.0032372165857610657,7.421431205117199e-05,0.258614772896088,0.2577590473193838,106
1.5958190287221978,0.09684874782099556,0.006432112670343408,0.0033041696317383,6.400226506407584e-06,0.24747013310500185,0.24632981435962942,107
1.600055808893242,0.09656678213717337,0.006654171490431187,0.003313164690510128,7.669059163254019e-06,0.2472306933786137,0.24609992719810664,108
1.523738180304976,0.08496181264755583,0.004412118001033247,0.003269904978736241,4.168948997900634e-05,0.25645673988782314,0.2556023590908418,109
1.6202726538503385,0.08573534398388956,0.00957810361885579,0.0032737301994875978,0.00039723346530399605,0.26993071662795887,0.2694715432831898,110
1.677382918681136,0.0875369425104987,0.012789396802552797,0.0033090986573744772,0.00046435000108544243,0.27154878189330994,0.2711707872273502,111
1.5822691457042524,0.08338412524048405,0.008490114624205913,0.003341930357242581,0.0001695714733194602,0.2630219611932865,0.2625037257046125,112
1.554029531716554,0.08445243169143912,0.005200837168770579,0.0033574592514038605,1.424898802945363e-07,0.24962252168235177,0.24872475989976597,113
1.5919625689977308,0.08525935850368752,0.007041753452737826,0.0033279145414061868,5.266717797448895e-06,0.24770506692963631,0.24662218804535607,114
1.5793046424109778,0.08012463041263848,0.008199095841991851,0.0032900195201495345,2.1311729682549846e-05,0.2546164628973436,0.25364841815248573,115
1.5473392804792656,0.07866291019109437,0.006351882284648908,0.003308608915405746,0.00019053301060427478,0.26380336953806116,0.2631149923940243,116
1.5412796036974161,0.08231112100087,0.005788624816581843,0.0034093478591354295,0.00017788056218224173,0.26333718719154237,0.2627819746712992,117
1.5606539147754612,0.08262095592797247,0.006965318766324422,0.003453267823063236,2.789895949007638e-05,0.2552819465625919,0.254656426368476,118
1.5286471133084791,0.07783315812557441,0.004498838923368678,0.0033850961535164697,2.6400268925942146e-06,0.2516248159565299,0.2509067392172801,119
1.5474575130904569,0.0712507074931644,0.007085735432745665,0.0032655648696410626,8.337995540175683e-05,0.2591312625305462,0.25843264010986305,120
1.5610905035107603,0.07206087177962675,0.007771026246617868,0.003284095560451161,0.00017553759016883237,0.2632490599730257,0.2625718292058971,121
1.5128709410886607,0.07697482275199387,0.004399207540500738,0.0034176378254437622,0.00010963878241339304,0.26047085394862296,0.2597987834384084,122
1.5532448147164584,0.08119598095869701,0.005796686597440501,0.0035404651263244284,8.617597818278867e-07,0.2509283101754413,0.25037659899386244,123
1.5768778828722263,0.08023266176207794,0.007369190867913167,0.003498354239884669,2.790870665736787e-07,0.25052828691690565,0.2500944563546205,124
1.526521189536982,0.07141478724344485,0.005678349519613349,0.003341886748847454,5.1499492287796264e-05,0.25717631467313107,0.256788341195998,125
1.5356226425355874,0.0711575015383664,0.006233357135176702,0.0032785248703643545,0.00015520047742034483,0.2624579483632075,0.2618983194449509,126
1.5698134407010462,0.07768510432139371,0.008131301772466865,0.00338946953878725,0.00011847364530280775,0.2608845599498927,0.2601926295030478,127
1.5297644811244442,0.07789947174433874,0.005393827635033536,0.003542287651851799,5.028169336608509e-05,0.2570909585646854,0.25646498543467433,128
1.5339711466721517,0.07810288926867258,0.00577471965631424,0.003559142728715814,5.633836394083703e-05,0.25750588861766793,0.2572155808368531,129
1.5769313647234797,0.07491043975607739,0.008910464821522197,0.0034568606380952667,6.502398934311561e-05,0.2580637453669567,0.2578892403181893,130
1.5450332994959002,0.06859624885998247,0.007133775024300438,0.0033170750727333225,5.0141802734819276e-05,0.2570810876802098,0.2568468865228512,131
1.5177652354397468,0.06839852367438877,0.0051390386623401925,0.0032991689643885077,3.295365343271381e-05,0.2557405272782832,0.2552365233251646,132
1.5479952892991016,0.07229515606713871,0.007038387505609558,0.0034542101225012445,6.233326628867297e-05,0.2578951419422752,0.2572971023011575,133
1.5367517663552923,0.07730013159523517,0.006026598622479952,0.0036338515922199905,0.00011367329335463661,0.26066176783439954,0.26023382364195197,134
1.5123438033748655,0.07477997447697143,0.004634002151614167,0.003611955295585078,9.200758107918126e-05,0.2595920582295554,0.2593672579610499,135
1.523748243227321,0.06716430458339039,0.0058133261997888805,0.003390599036110055,4.84393889600837e-05,0.256959841159113,0.25677229919682437,136
1.5237535338474202,0.059947589118735635,0.006075840819347436,0.003234013115473882,2.5878333842899636e-05,0.2550870751756682,0.25477608582072664,137
1.5014058518027484,0.06390727698231533,0.004349377393624967,0.0033497483529648297,3.113333888879455e-05,0.25557972570013926,0.25515018394177974,138
1.512945828191181,0.07388262178172957,0.004692564838560671,0.0036499388197284953,0.00011957438046739216,0.2609350071087033,0.2606398454271531,139
1.5136927883539522,0.0746247177098148,0.004615451098768894,0.003702707231772162,0.00016100654635847961,0.2626888355004894,0.26250426396057897,140
1.4870527526384778,0.0645945398900313,0.0034905717374488082,0.0034744530313768904,4.2907412552818284e-05,0.2565503749932976,0.25630594596666056,141
1.5165966687531784,0.06256222903680046,0.005326970557615329,0.003275600467011166,1.975664419224251e-05,0.2544448446758287,0.254093205787919,142
1.5062769007996724,0.06064174034513966,0.005080447976741535,0.003284919630975511,5.381304965398957e-05,0.25733573783978064,0.25703564961711045,143
1.4997636486867825,0.06700277085279219,0.004326377539460397,0.0035805629947031933,0.00010340199415323174,0.26016867710930147,0.2600076442519402,144
1.5128661275064126,0.07368824398632583,0.004749616149689448,0.0037893443833760566,7.73788625550384e-05,0.2587965255956564,0.25864286611343734,145
1.5014912849009991,0.0681458726658096,0.004292016190239481,0.0036221598473722763,5.9111874546336334e-05,0.2576884247116257,0.25743177872555073,146
1.4914893392210293,0.05912760215075889,0.0042710762598693695,0.003360217283557935,8.860194871968822e-05,0.2594128608148473,0.259124721428288,147
1.501443499264883,0.05824280793800123,0.004910270310941513,0.0033889015522100088,4.65606541807928e-05,0.25682353677947095,0.25663407895436896,148
1.4939259108581435,0.06218417344572157,0.003859419008103981,0.0035452922934667923,1.756149602219298e-05,0.2541906438672587,0.25405607996103247,149
1.4924357786569684,0.06549135265911732,0.003946966463448788,0.003621209218013205,9.214904725446056e-05,0.2595994295275532,0.2594561419332595,150
1.4909268466018286,0.0620903547043799,0.0038329829692395137,0.0035909791420243036,0.00018770719711600522,0.26370062761759494,0.26351138442552374,151
1.494361060811493,0.06001647722746891,0.0042507020828807945,0.003552273497133155,3.913902494992842e-05,0.2562561190006208,0.2559897954116926,152
1.4802172406927114,0.059140903440691846,0.002763944121229375,0.0035374253097226896,4.751712164511173e-06,0.25217984223385803,0.2519487332725755,153
1.4989121328037662,0.061643462419795854,0.004566034076710626,0.003537159218519008,0.00014703975737823555,0.26212599510878326,0.2620469716544858,154
1.4911585946571377,0.05906999039106634,0.003885412424246436,0.003555079357879365,0.00023047951325027611,0.26518155174052627,0.26512033034209337,155
1.4821265743911338,0.057498769230857304,0.003468638283465131,0.003609950757562051,2.4492687733618662e-05,0.2549490087627341,0.25472813174288234,156
1.485872856519614,0.05780349779157574,0.003064875263728716,0.003634705309628655,2.436299564070263e-06,0.2515608650050758,0.25120974755648895,157
1.478933975683624,0.05859380476013746,0.003393880641793627,0.0036040173600865983,0.00015317315866201638,0.2623763144215884,0.2621980179249476,158
1.4773056154785873,0.05641342322192578,0.0031914175822336946,0.0035938793365494523,0.00021867260560101868,0.2647875828180612,0.2647036208364756,159
1.4794307489218905,0.05562098441663794,0.0027765781634086495,0.0036315839396790913,1.8975109697953804e-06,0.2513775017131733,0.2511663465453946,160
1.4724891728392586,0.05405637910531999,0.002448350044151536,0.003613097180031037,2.634207065861145e-06,0.2516230240496866,0.2513170884920737,161
1.4823640881780802,0.053852766498869754,0.003182355516780701,0.003592629002290662,0.00030777654602946194,0.26754356138386565,0.26738159469195183,162
1.4757865020293386,0.0549570168960671,0.0028331279985980137,0.0036734925226282367,0.00028191147956567784,0.26679021975930267,0.2666537987800309,163
1.4760922048958496,0.0565819836866792,0.002303976050410353,0.003766291185905205,4.184787960508646e-07,0.2506468993708846,0.25039427426974964,164
1.469821462439872,0.05305183614438454,0.0021787650039786504,0.003667194395792867,7.772904042722479e-07,0.25088164074558306,0.2506270672542154,165
1.4778262751491473,0.04981691574504297,0.0034541111954517114,0.0035319113432421426,0.0002569435528328385,0.2660294589064272,0.2658906901163101,166
1.4695223755464246,0.05087138242297557,0.0029271009361826372,0.0036111454888126553,0.00023822338033313957,0.26543448672075426,0.26528330712223613,167
1.4739885971290223,0.05521963770519518,0.0023456374270617313,0.0038228075966545067,1.081394326914344e-06,0.25103990111400765,0.2507705616091625,168
1.4691326958147155,0.054206103075502055,0.002299448560156973,0.003805832942725773,3.7489462541008673e-06,0.2519362195779665,0.25169568682351656,169
1.469816031835841,0.049587381451480006,0.0030112510379808246,0.0036012307568891,0.0002436216871390529,0.26560838515475105,0.2654860049058385,170
1.467639801191319,0.04884727493320301,0.003110229848216049,0.0035830008647136855,0.0002033443590665999,0.2642598863623312,0.2641260264894978,171
1.4670556996523583,0.05161963878772849,0.002101129941648848,0.00377746444203528,8.277611277387163e-07,0.2509098137873976,0.250673350945537,172
1.4654578523554926,0.05260577029968123,0.0021869157132285207,0.0038398035121361036,4.097170400597414e-06,0.2520241468327662,0.2518109595133179,173
1.4641824723505459,0.04941889258795345,0.0026267975713619262,0.0036924093446075996,0.00024812056410068966,0.2657518431969306,0.26564604179457507,174
1.4626820863072623,0.0477287808642985,0.002709303346105701,0.003648230383344623,0.0002346726721904674,0.2653190297405047,0.26520968158728775,175
1.459676049007294,0.049476048962746474,0.0019694348639099596,0.0037756517088624254,3.3059268196802894e-06,0.25181822078408544,0.25161673266694534,176
1.4569923610317954,0.04968673330009545,0.0018529159487111371,0.0038088955367023463,4.615656293612131e-06,0.25214840785085424,0.2519718261646855,177
1.4603694250267556,0.04694715900261755,0.002531950436552296,0.003694120232639606,0.00025039879021642456,0.26582399412968877,0.26574550542415315,178
1.4556854196035993,0.0466088092497491,0.0023720170458457436,0.003713904611691544,0.00022455157291776995,0.2649850449755004,0.26489067227787105,179
1.4599636222310657,0.04923223514014053,0.001859972203322491,0.003859952942051118,1.3693386500641742e-06,0.2511701874422776,0.250974288189557,180
1.4556874402548317,0.04792650476063402,0.001768301452477309,0.003827907465165459,2.560741406526723e-06,0.251600231672767,0.2514345300945697,181
1.4564702209137912,0.04468516157680358,0.0025934440810932618,0.003675150474128134,0.00021761020090471826,0.26475161689119936,0.26468485675245146,182
1.4514277520890857,0.04534265327550942,0.0022764068409030077,0.003731329452198513,0.0002032289931356802,0.26425584066744856,0.2641747444211411,183
1.4584294196339627,0.04853416717881635,0.001951816415915877,0.003923475982022102,3.25584834927916e-06,0.25180439694892204,0.2516262560103806,184
1.4522665517195499,0.0468779919433774,0.0017759467604596426,0.0038817171505585147,5.655123016467172e-06,0.25237805025524424,0.25221739230978846,185
1.4558032493211528,0.04327626298801104,0.0026264745278107068,0.003676583678168418,0.0002212327525687385,0.26487389500328473,0.26481144071798896,186
1.45214166398948,0.04309294419425666,0.002424732101904534,0.0037056865932397196,0.00021495533914979453,0.26466135529716794,0.2645991662187613,187
1.4505877077520057,0.04664490749357955,0.0017503346500575077,0.00393040920299069,7.442567640443332e-06,0.25272810697012477,0.2525761888528085,188
1.446705587830569,0.045505754788407064,0.0017157256213463908,0.0039072395697445075,1.2589102880585377e-05,0.25354811258003257,0.2533989312220777,189
1.4539817527861334,0.04110794361225011,0.002525346950962763,0.0036893444551162617,0.0002459070318935484,0.2656814231463075,0.26562615860817296,190
1.4505527818979902,0.04150460634476972,0.0024135780120194427,0.0037135881280217996,0.00021775687937201335,0.2647565876601609,0.2647034258336703,191
1.4462808144849504,0.0450186411880179,0.0015807337165913604,0.0039415120592683215,7.570012570306694e-06,0.2527513655828164,0.2526172771283881,192
1.444386238161536,0.0438186811979729,0.001691304378027984,0.003921506573211351,1.322018749543975e-05,0.2536359575761331,0.2534985120354809,193
1.4483461212619888,0.04060212798851758,0.0023171454354035687,0.0037263301361530085,0.0002194033995510639,0.2648122719240184,0.2647530999357249,194
1.4435607566650805,0.04030055262532826,0.0021162331195125326,0.0037596112162747385,0.00019863213549599611,0.2640936913367647,0.2640438288166973,195
1.4471712043737592,0.04386303039125393,0.0016493661532683806,0.003979591881368652,5.7122098701776784e-06,0.2523900229852823,0.2522673351984244,196
1.4435608633766674,0.0427015543534813,0.0015256916464200148,0.003947413047921367,6.810230679054838e-06,0.25260964186796864,0.25247220259108377,197
1.4424825709650537,0.03872072147275801,0.002170036582671857,0.0037381775183205367,0.0001935214482265228,0.2639111986624634,0.2638543582895866,198
1.4376299903642822,0.0393779486495401,0.00186256073516302,0.0038038858037092852,0.0001795548743351381,0.26339980874248353,0.26335550427186677,199
1.4482670492425818,0.04313524601897406,0.001671177619670364,0.004026928010814677,3.639271807550521e-06,0.25190768755501275,0.25178627822342237,200
1.4434841753534233,0.04136914561784707,0.0015206960657389024,0.003971688704827368,4.681838824230961e-06,0.25216375572194066,0.2520294549285208,201
1.4390807633768645,0.03756256970310284,0.0020969473285258,0.003744940982659062,0.00017456976519017014,0.26321248520113344,0.263157969422747,202
1.434807929392294,0.0382955708740347,0.0017626505938785125,0.003830343554016464,0.0001758880264111686,0.26326227832656096,0.26322621943851726,203
1.444797799267272,0.041800317039333436,0.0016404439223494716,0.0040499591799292274,5.955732276768293e-06,0.2524404369028451,0.25232513379724997,204
1.438347150686993,0.03970781558087183,0.0014387646864946558,0.003973853410314815,8.527121879522303e-06,0.25292012360689103,0.2527907252708808,205
1.4404284067549793,0.03594312513707131,0.002197855300016159,0.003737344605502502,0.0001992742485478689,0.2641164531149956,0.2640772507485165,206
1.4365919154368092,0.03662373849517561,0.001901755996145729,0.003816141710267465,0.00019877173642222679,0.2640986430702471,0.264071718851534,207
1.4378464479672615,0.04024650450467776,0.001504766145719909,0.004056146723921208,1.334169251025776e-05,0.25365262816479556,0.25354936410468026,208
1.4335762194179567,0.03812073953444193,0.001430938501824003,0.003974385004198709,1.691525249543253e-05,0.25411281564082716,0.2539928903730578,209
1.444112671259806,0.03532315142525691,0.0024468828987355973,0.003739889567682871,0.0002080455466156257,0.264423784060212,0.26439052839139543,210
1.4436711909979598,0.03493651240639333,0.0023606321158219385,0.0037984773546542202,0.00022603656647046997,0.26503451251189974,0.26501583698487463,211
1.4260007551029819,0.037746762500950375,0.0012530021385848953,0.0040063030658015865,4.286773202856699e-05,0.25654734541845525,0.2564749991405743,212
1.429450121734084,0.0351957323048144,0.001718580696649772,0.003846418496004802,5.7721893253062106e-05,0.2575974925635411,0.25748911921612205,213
1.4422484263706907,0.035920976308553655,0.0025456453261666462,0.0038977598794771476,0.00013613172624372537,0.26166755013889914,0.2616468054053628,214
1.4317696893582257,0.037017445441793834,0.001801322896456948,0.0039910569617244524,0.00012433514008021636,0.261150566805334,0.2611385648526511,215
1.4473644004903214,0.03662482067668087,0.0025838260853239484,0.003906709509850275,2.6258440504968573e-05,0.2551242990257174,0.25497892530143107,216
1.45183369198798,0.033675552194498026,0.00299680342692846,0.003862816448444677,2.0840767120694245e-05,0.25456516890385167,0.2543906750190315,217
1.4250888474972714,0.034941471472431186,0.0015196027255183434,0.003943407723932142,8.69541729501407e-05,0.25932492214177366,0.2592911036535948,218
1.46771068280588,0.04149112191512363,0.003863499595711581,0.004013681091104268,0.00014078639861684827,0.2618653444373456,0.2618594706014226,219
1.4382064787090683,0.03702830311489933,0.0021838695260587727,0.003984596452513644,0.00014433978203743606,0.2620141492431814,0.2620051515700348,220
1.475806614163357,0.03725230880397741,0.004696745967036576,0.0039062539897666265,6.309935085692647e-05,0.2579435099834347,0.2578630336094744,221
1.4893968898219787,0.03705625131165593,0.00524279236694274,0.003885889009414647,1.881278320980487e-05,0.25433737054098504,0.2541625525371114,222
1.4497971579103728,0.035151816724475905,0.002650270291634586,0.003931813041457025,1.4354817595159855e-05,0.2537887752104288,0.25363395871973754,223
1.4436643434071907,0.03772173682733027,0.0025752879290460075,0.0039965593031968194,8.60387704367026e-05,0.25927570862180904,0.25925470670542966,224
1.464850611579586,0.03452202471389873,0.003891383118909596,0.0039886716028488005,0.00020780105285430082,0.2644153062005044,0.26441484817698696,225
1.44477797711247,0.033958375141473235,0.0027668704416847325,0.003960622733367096,0.000163812330607829,0.26279891911873143,0.2627915621625281,226
1.440991758443104,0.03469603957842197,0.0024411371076328075,0.003952792806318516,4.2477443523101783e-05,0.25651747217279075,0.2563979536591472,227
1.4412795960359017,0.033474413449919596,0.002291745092063906,0.003945706504005928,1.97684712227077e-05,0.25444617489789906,0.2542804842513872,228
1.443954015385842,0.032700369173894336,0.002914639110748651,0.003959516396537575,7.666479830274246e-05,0.2587558436659606,0.2587114899942437,229
1.4364911198426773,0.032861501424737115,0.002348311593338777,0.003998505647282265,0.00014420325268891214,0.26200846587574417,0.26200215879123345,230
1.4632565014650227,0.03828865184719432,0.0038370534726294807,0.0040136320463768135,8.770154784300747e-05,0.2593649104556855,0.259315550108464,231
1.4511292505335733,0.0354116629413047,0.003133928963315658,0.003969413717018039,5.4409410398688286e-05,0.25737627347640313,0.25726022164570783,232
1.4471004913484788,0.032161227129523864,0.003104567799428284,0.003926901093357968,5.9651196893425604e-05,0.2577234187309394,0.25761656558604323,233
1.4431564140670954,0.03186504566714722,0.002907659534745907,0.003972540709849645,7.272090826400962e-05,0.25852765549632545,0.2584708506010325,234
1.4368672721302296,0.03551725319622151,0.002259676445419719,0.004046854547966666,7.84848656263303e-05,0.25885916845004825,0.25882731128577496,235
1.4329297925711766,0.03390925650571853,0.0021126063148427607,0.0040158100132329805,9.570482457987114e-05,0.2597828842669159,0.25975193918353057,236
1.4475767869283196,0.03250571243482439,0.003176301158184682,0.003929936864329504,9.859000720669871e-05,0.2599292500827957,0.2598760381567953,237
1.4411393646343484,0.03071120662795768,0.0028340114626273566,0.003931735518927951,6.857923161910749e-05,0.2582812578524707,0.25819393696094967,238
1.448802509257863,0.03642004628091023,0.0028713941783359725,0.004035015765333157,4.493025658642001e-05,0.25670300354963504,0.25661901761045214,239
1.447415984802184,0.03665357033190684,0.0028566757736804113,0.004077511091389506,6.402718377799643e-05,0.25800169880575347,0.25796232543882164,240
1.4331098762650556,0.032143963290707143,0.002226049394546753,0.0040130954378093725,0.00011844058574119068,0.2608830411990946,0.2608721776696844,241
1.4286914588875435,0.030385188787205024,0.0020624222292468094,0.00395205330075146,0.0001032305258803604,0.26016024241248015,0.2601323679418948,242
1.4443059230534758,0.03475817532841499,0.0026899687836526532,0.003984923283770714,4.624961839208972e-05,0.2568007071979383,0.2567151950520566,243
1.4376844731489449,0.033884358598438906,0.0022787798583401566,0.004013828540483412,4.1802676548667326e-05,0.25646549894042736,0.25637958114051645,244
1.4354545873462847,0.03212607062177419,0.002401148492772987,0.004013767482794716,9.241079745084942e-05,0.25961305349256153,0.25958606778644283,245
1.4319683796276639,0.03159829968309842,0.0021831648937533023,0.004023651069140479,0.00012047794953826425,0.2609762447830879,0.26096625988872235,246
1.4406217525589449,0.035006492300345686,0.002542322458735657,0.004034388254883996,7.715988678926803e-05,0.2587840700583083,0.25875195654335,247
1.4325258220266868,0.03310986572639791,0.002077338401676359,0.003995122225680742,5.838564892893201e-05,0.2576410502503865,0.2575818317298148,248
1.4401990573011882,0.030940668093534393,0.0027801687575082544,0.00396463465975558,7.635256945495788e-05,0.25873799573443235,0.258689761367237,249
1.4338474392804146,0.03135549089246846,0.0023392704773311803,0.004009523428364634,8.245744525524481e-05,0.2590806081985319,0.2590460254994608,250
1.434500652062008,0.034009277594056,0.0021928751825500995,0.004080221524097669,7.207812907519957e-05,0.2584898839258967,0.25845923391895825,251
1.4290770649252929,0.03296458877222277,0.0019192518750751615,0.004044334987027602,8.647401197503072e-05,0.2592991403890376,0.2592751963515864,252
1.439699074632862,0.03017166166739986,0.0028112037220572087,0.003958617962921818,0.00010363033300603266,0.26017989847719675,0.26015600794098276,253
1.4348188618108313,0.030142422287839036,0.002475627562205776,0.003967180909041892,7.573093606258718e-05,0.2587023523292606,0.25866121086819244,254
1.4332287545899287,0.032916216358140585,0.0020790007874156523,0.004059737431943298,4.5808209539161514e-05,0.25676817623434567,0.2567116390441901,255
1.4295876626732769,0.03292701254682453,0.0019331193900403668,0.004077021645789919,6.993137665886374e-05,0.2583624982307241,0.2583312915266486,256
1.4352171867572185,0.02993321869138622,0.0024935018288655283,0.004004868702553846,0.0001295740531153666,0.2613830599188165,0.26137355616145613,257
1.4298371774239964,0.029508526107139013,0.002195107265429758,0.003989766120429887,0.00010847743599054674,0.2604152501645686,0.26039763030479196,258
1.4335718613024475,0.03253533184766674,0.0021263155357927168,0.004048986786048372,4.558624572666315e-05,0.25675175871359923,0.2566964414980163,259
1.4294199157050373,0.031984047087508995,0.0018846570802693648,0.004054084286857091,4.531146995827045e-05,0.2567313794989044,0.25667618398141523,260
1.4319112098864422,0.029450414646201958,0.002339547629720414,0.004008365149231537,0.00010573025065451031,0.26028252160972737,0.26026380331432525,261
1.426513303676014,0.029196603915980127,0.0019784077881170445,0.004023190875564987,0.00012070360003696848,0.26098651901363523,0.2609733404507896,262
1.4364372010384077,0.03313528404918286,0.0023548620788065096,0.0040848966073793735,6.255299569257833e-05,0.257909045182105,0.257869168777116,263
1.4313722675056615,0.03208450386598084,0.0020386529884427735,0.0040640182281643875,5.085163196326233e-05,0.25713103302216883,0.2570786166870682,264
1.4294286380499033,0.02871343635095394,0.0022256698204971585,0.00399349312623161,8.863435238515033e-05,0.2594145819017708,0.25938491524995844,265
1.4243408226241152,0.028488629611062785,0.0019027425347080524,0.004014790820665252,9.837210294382947e-05,0.259918271167085,0.25989583286394013,266
1.4371248680119355,0.03306778087219774,0.00241026294666966,0.004104449067134648,6.406465195437435e-05,0.25800403972718616,0.2579669626515723,267
1.4326828550507675,0.032266917948658505,0.002174930144197524,0.004095878188197006,6.690653638748866e-05,0.25817964158062495,0.25814221594439035,268
1.4259938050018877,0.028333091644319002,0.002020701558711354,0.004006890306442037,0.000102736942372419,0.2601359233606228,0.2601125385219303,269
1.422338945767149,0.027833580396462644,0.0018112462783713976,0.004009526116187318,8.697557757190218e-05,0.25932606978163375,0.2592973919866917,270
1.4370275900285925,0.03264058160618755,0.002372974276829037,0.004102633184395765,4.943451783098564e-05,0.2570309684845678,0.2569845606634496,271
1.4329989812437454,0.032075168018564235,0.0021944704453307783,0.00410680638032259,6.172163653285992e-05,0.2578563118912668,0.2578194165440779,272
1.4239131424260059,0.028049227285683022,0.0018877948578358826,0.004024034120003716,0.00011638825042520179,0.26078833863137424,0.2607726074231865,273
1.42097964982413,0.027518073205626874,0.001743614212378575,0.004022543772820002,9.768514744402208e-05,0.25988357968774584,0.25986118663485364,274
1.43535398875746,0.031966565313946885,0.0022724930792581972,0.00410539066980732,4.370727465281725e-05,0.25661114775608723,0.2565601140015042,275
1.4305988218194483,0.031274304319576014,0.0020383433671480643,0.004102900592064588,4.994954065465089e-05,0.2570674988966855,0.25702209622953437,276
1.424152743619239,0.027751222872416704,0.0019274084275673073,0.004023285240588795,0.00011371441009624651,0.2606636958928997,0.26064792901957096,277
1.4211310778860244,0.027279811915168446,0.0017600555071347014,0.004031736621899683,0.00011167272043053009,0.2605675314255757,0.26055203643223207,278
1.4325950545585149,0.03146953670321655,0.0021508060732544423,0.004118715476051423,4.8461720055848e-05,0.2569614452562559,0.2569165206149815,279
1.427636811260308,0.03055477245291872,0.0018751703204307206,0.004110125589482859,4.749392400007893e-05,0.25689158356258407,0.2568432951876524,280
1.425626490350868,0.02756197501817836,0.0020436398040015427,0.004021771417123979,0.00010853208257253287,0.2604178732269371,0.260398842152012,281
1.422373993950553,0.026994650043698713,0.0018578023884599593,0.004029130707465072,0.00011494586558559946,0.26072128096757097,0.2607064975176604,282
1.4293567315585332,0.03089964676826119,0.002002066097280866,0.004125286203047972,5.418670445034667e-05,0.2573611618954039,0.2573234695899884,283
1.4247894962268859,0.03003158308805161,0.0017422009921999175,0.004121270101544127,5.1487957236276454e-05,0.25717551093903956,0.2571334333619948,284
1.42674306074307,0.027436893067075575,0.002126246390370988,0.004026098949689437,0.00010862413676789579,0.260422290380137,0.2604030279109089,285
1.4233899887783923,0.026737109982201746,0.001946693022554679,0.004026640672535828,0.00011146405960711308,0.2605576540768825,0.260540562299839,286
1.4266019109440835,0.030239383144645665,0.0018646616193138958,0.004125384508677168,5.46489635154653e-05,0.25739249372779344,0.2573558818936548,287
1.4229019825101463,0.029619239541662828,0.0016620084954498062,0.004129120753737891,5.525834685560095e-05,0.25743359582272274,0.2573975917883219,288
1.4266365245129207,0.027246678935573854,0.002126844873166209,0.004035111416550528,0.00011354929644600114,0.2606559512220168,0.2606403154253182,289
1.4231969269709992,0.026515876094017524,0.0019501638838667712,0.004032478498029309,0.00011018419647199316,0.2604968660309634,0.26048017631057846,290
1.4254146210853027,0.029736944429611875,0.0018045551989098148,0.004127876693025618,5.151013094794374e-05,0.25717705586908335,0.2571386571953689,291
1.422219014596036,0.029274845685837974,0.0016374594764985966,0.004132733617697598,5.4740429504384994e-05,0.2573986775510482,0.2573633423696121,292
1.4253865446297465,0.0269167491642034,0.002059463144776542,0.0040422821722406275,0.00011817449111856591,0.26087080912897315,0.26085797671949507,293
1.4218203220208123,0.026242389436716057,0.0018743651916940788,0.004042290514479132,0.00011256551974627957,0.260609689898686,0.26059557118138355,294
1.4254155027037945,0.029464112920475422,0.0018078900956060553,0.004136546621534801,4.857323607872471e-05,0.256969450199171,0.25693028792102734,295
1.4222328632298187,0.02900372420758871,0.0016408214165315577,0.004137425172455229,5.141333948096031e-05,0.2571703095805523,0.2571318814248161,296
1.4236941164199173,0.026526841371860187,0.001970186133669275,0.00404618885280087,0.0001196415771187321,0.2609380792243763,0.26092502260859685,297
1.4202425877578704,0.025923036361443087,0.0017858519174770112,0.004050509879213927,0.00011618992630755667,0.260779143115645,0.26076657783468143,298
1.4254900393861543,0.029261550679137025,0.0018198978705626998,0.004148589194098835,4.7327801293113604e-05,0.256879520426099,0.25684153882856187,299
1.4220831794381614,0.028721449526878877,0.0016340861823470265,0.004145245797280161,4.840559246238762e-05,0.2569574127707351,0.2569173146676027,300
1.42255068815339,0.02615206788434014,0.0019195013763233174,0.004047449308559606,0.00011910089751730978,0.2609133357648938,0.260899011428766,301
1.4193266635347268,0.025576592869931025,0.001743410080226129,0.00405325022297781,0.00011907901135390682,0.2609123329931737,0.26089981841528187,302
1.4248749372586211,0.028984636633983832,0.0017987103688401793,0.004158942749312476,4.750577697009372e-05,0.256892443468763,0.2568560483630511,303
1.4213287135397419,0.02842151188669768,0.001598343116776977,0.004155997779153062,4.735146743123627e-05,0.2568812402538522,0.2568423272109291,304
1.422166008405364,0.025872192525481848,0.0019119827788944936,0.004050245224516338,0.00011939326690266246,0.2609267226057342,0.2609122239609767,305
1.419139237752626,0.02525919979307028,0.001749204174172337,0.004052676034278674,0.00012073622274229976,0.2609880035831037,0.26097506461429615,306
1.423615807732218,0.028590083943164157,0.0017426496751397342,0.004164307786308248,4.776577277501407e-05,0.256911278664257,0.2568755539297735,307
1.4202189155219136,0.02809218010101905,0.001547963343287131,0.00416599135590162,4.7557151447715146e-05,0.25689616933142706,0.2568593843416633,308
1.422035687373598,0.025650393250169806,0.0019147291771411106,0.004056134084505829,0.00012154713574499399,0.26102484175600693,0.26101159839470994,309
1.4190639933572406,0.024987220139536456,0.0017602228221506038,0.004053980926047671,0.0001219772844098841,0.2610443326828688,0.2610316580634508,310
1.4223923852767513,0.02817125614285989,0.001685078691072578,0.0041670963112725645,4.7066883525755304e-05,0.25686053084868476,0.2568245393338056,311
1.4192528897534287,0.027759109834012214,0.0015048146578989928,0.00417301108740425,4.7353438552811943e-05,0.2568813834766573,0.25684534260821656,312
1.4216079132264077,0.02542247678761207,0.0018965116317187108,0.004063498863097641,0.00012440046363554924,0.26115349557921413,0.2611415224585565,313
1.4185806661233638,0.024745995436920857,0.0017408851501045939,0.004059761699057532,0.00012385773601426402,0.26112913905089985,0.2611174026112994,314
1.421667877375248,0.02783094912878793,0.0016520084857073662,0.004171686178836033,4.577322990488612e-05,0.2567655916152903,0.2567294373945538,315
1.4186723378760933,0.02744979237961637,0.0014794796931305635,0.004177171784554082,4.6094614753087767e-05,0.2567893014922809,0.25675280228851094,316
1.4208282589356465,0.025137006524584664,0.001860076348047008,0.0040685570465978736,0.00012627492974973023,0.2612372118316658,0.2612258360137758,317
1.4177803233985002,0.02450129479280998,0.0017000270892377875,0.004067317811600511,0.00012595799259914153,0.26122310084598466,0.26121226138507125,318
1.421319287732284,0.027576871512912653,0.0016387598459351065,0.004180205911565891,4.46127370584498e-05,0.25667927668677154,0.25664321562719733,319
1.4183220333228157,0.02717793460824027,0.0014655647565720257,0.004182375800349573,4.467367055935178e-05,0.2566838365150078,0.2566464716426749,320
1.4200253052466445,0.024820162154958626,0.0018252648454622092,0.004071103976176278,0.00012746705689250956,0.2612901309510789,0.2612787388980871,321
1.4170516311750998,0.024231969333900788,0.0016661536972300047,0.004072601473302055,0.00012762952441748227,0.26129732377235787,0.2612869388962649,322
1.4209142196231463,0.027330939863631023,0.0016219506943924292,0.004189693326649023,4.360946012191645e-05,0.2566037459159114,0.2565679805971171,323
1.4178646527885568,0.026909840848480207,0.0014468159360307568,0.004189783940385323,4.370127816907236e-05,0.2566106942274675,0.25657306463346885,324
1.4194745013213965,0.02452363787544386,0.0018045748969632805,0.004073186730905404,0.00012926298000736042,0.26136938784664154,0.2613579786678681,325
1.416599750256859,0.023954594228015668,0.0016510756470102953,0.004075253289043925,0.00012929816451189,0.2613709350764082,0.26136068616576413,326
1.4202453431388573,0.027051683594583927,0.0015897176844110077,0.004197703668759989,4.263583493033138e-05,0.2565296121577266,0.256494045617289,327
1.4172277654249492,0.026635622566589776,0.0014183114199285735,0.004198124439292887,4.301660731401433e-05,0.2565587046978816,0.2565213899529535,328
1.4190969811831782,0.02425321816120322,0.0017917667000836267,0.004076206455428172,0.0001318987449921637,0.26148471788909783,0.2614736024447357,329
1.4162845179941568,0.023681510870050257,0.001643932615157054,0.004077141928299334,0.00013131032772970914,0.2614590718528906,0.2614489216350387,330
1.41949630037604,0.02675353274434832,0.0015521612208333484,0.004203846341592924,4.152418645153774e-05,0.2564439263226342,0.2564082651055295,331
1.416582762170371,0.026359950585877017,0.0013882162808137224,0.004205545572688926,4.21724990005863e-05,0.25649403564823803,0.2564571249828875,332
1.418687660526852,0.023993100439987265,0.0017754412819664897,0.0040799300592866995,0.00013473587576764336,0.26160757837654536,0.2615970345704342,333
1.4158746352049856,0.023417317806180848,0.0016291928187988462,0.00408001963979063,0.00013356198289871552,0.26155690195937975,0.2615470048240071,334
1.4189219273745217,0.026478914541254908,0.0015231334463292213,0.004209918268390464,4.0251363431958185e-05,0.25634439622280625,0.2563083012611376,335
1.4160804175111108,0.02609683803074067,0.0013643324786364792,0.004212178222460947,4.101543561135545e-05,0.2564043294427563,0.2563673500266152,336
1.4181643212248907,0.023727179889697546,0.001752427928561809,0.004083669975557862,0.00013721629930171938,0.2617139361148044,0.2617039202974692,337
1.415346396988283,0.0231569804147152,0.001606166620172018,0.0040837959923612785,0.00013579023433728382,0.26165290669049074,0.26164336629543056,338
1.4185023628404103,0.02623079705413906,0.0015020496781614045,0.004216674540857202,3.895836528618687e-05,0.25624166366333423,0.2562050075312948,339
1.4156728594984644,0.02583988774239885,0.001345211855168353,0.004218440448723056,3.9763495657492445e-05,0.25630583029088894,0.25626833660383835,340
1.4176237632049062,0.023455236406547415,0.0017290798490779934,0.004086871647259969,0.00013941877482370459,0.26180757277444033,0.2617979051680575,341
1.414832892530133,0.022898867277503634,0.0015840506198826583,0.004087712328826461,0.00013790312008973962,0.2617432159177007,0.26173402507777793,342
1.4180852663693475,0.025993265869086464,0.0014807986966332083,0.004223908174019078,3.7770499731251395e-05,0.2561457708817732,0.2561085835670183,343
1.415243099305181,0.025581317078861774,0.0013256473125434205,0.004224625055921824,3.869457297972254e-05,0.25622049620044274,0.25618230459264013,344
1.4171790096246055,0.02318439888054189,0.0017113710871234254,0.004089434509252301,0.00014178713978042767,0.26190744052180936,0.26189795735336646,345
1.4144189226040425,0.02264318132561299,0.0015683829086322247,0.004091109859937404,0.00013994456448415094,0.2618298167561527,0.2618208670570411,346
1.417599025139974,0.025751848020434197,0.0014553761978312642,0.00423093934077572,3.6652205012763216e-05,0.2560541064586579,0.25601644317555644,347
1.4147551068519733,0.02531916941457177,0.001303776012070097,0.0042306027324827316,3.783142521285888e-05,0.25615072558425905,0.25611197527020907,348
1.4168177985752093,0.022914941214523425,0.0016980579748160905,0.0040915482764299635,0.00014446743852346937,0.26201946082499,0.2620101361552391,349
1.4140561408242076,0.02238968542110483,0.0015559793984485301,0.004094136934039779,0.00014191282131163508,0.26191271678970146,0.26190389001249886,350
1.4171077210661667,0.025512469321249537,0.0014289622093701057,0.004237880379994355,3.5519338800273586e-05,0.2559598102990174,0.25592160022475985,351
1.41427642974128,0.02506216262251055,0.001282816483525116,0.004236515236480425,3.70676859113566e-05,0.2560883237357549,0.25604918830191953,352
1.4164523157672835,0.02264124911786135,0.001684146645529927,0.004093440456021743,0.00014726543214576955,0.2621352969533411,0.26212618806024424,353
1.4136650873600012,0.02213433988321686,0.00154234679787122,0.004096979650361477,0.0001436238525372582,0.261984316940788,0.26197555088944463,354
1.4166895620439126,0.025279654295699214,0.0014055279490615903,0.004244808729051193,3.427277468865039e-05,0.2558542954049698,0.2558153757742535,355
1.4138589144351388,0.02481310443698682,0.0012654324686560223,0.004242412409641253,3.632659004094392e-05,0.25602715439000395,0.2559876832521942,356
1.4160495161707933,0.02236256609319315,0.0016676612706817424,0.004095363370790119,0.00015011151691632566,0.2622520005271109,0.26224316596409236,357
1.4132308371556173,0.021880315160711653,0.0015263600840352528,0.004099915555111084,0.00014507097121659718,0.26204454113765224,0.2620358132660097,358
1.4163369741151426,0.025051017361346205,0.0013847743540597738,0.004251718772211471,3.293544885912022e-05,0.2557389414406422,0.2556991365677903,359
1.4134706896654854,0.02456630419414038,0.0012499874435716453,0.004248065397967131,3.562279608829897e-05,0.2559684835668953,0.2559286244906313,360
1.415654331371796,0.02207881455732483,0.0016514432159898118,0.004097169339204818,0.0001530532442694891,0.26237146896166696,0.26236293763239527,361
1.4127984524804469,0.021631435772998024,0.0015104585859661269,0.004102877116004333,0.0001463827227150757,0.2620988727869614,0.26209018848499344,362
1.415992778542236,0.024817733903490364,0.001364394772572036,0.004258381024192762,3.161394902508942e-05,0.2556226283022346,0.2555818572977046,363
1.4130663567819195,0.024316471259740454,0.001234242892433507,0.004253198422679282,3.5004312723189004e-05,0.25591644426350735,0.2558761347275269,364
1.4153007346459487,0.0217909976875,0.001637756519203498,0.004098790676968602,0.00015605938571417846,0.2624923731017841,0.2624841264856077,365
1.412387168710496,0.02139175388273749,0.0014954854932040104,0.004105931576860765,0.0001476237172784836,0.2621500500936615,0.26214139662578595,366
1.4156490519930807,0.02457841315967314,0.0013448355605707907,0.004264792205751786,3.0393451147119217e-05,0.25551302558919503,0.2554712709404407,367
1.412650879404183,0.024067074523113744,0.0012184033014537,0.0042578073701161285,3.4477067895180216e-05,0.255871717627337,0.2558309155211819,368
1.4149714736891377,0.02149944500657501,0.0016261566356302506,0.0041002702373558915,0.0001589001605885618,0.262605560701078,0.26259753242005196,369
1.4119746868563852,0.02116343266757972,0.0014800599864011317,0.004109052429670099,0.0001487082558422144,0.2621945994539474,0.26218592467009627,370
1.4153340092666602,0.02433514474341074,0.0013284165645404153,0.0042709728083833,2.931646628215094e-05,0.255414468236323,0.2553717551886695,371
1.4122587558222748,0.02382742848663031,0.0012038749591322321,0.004262144121655174,3.400476839357477e-05,0.2558313607668858,0.25579006338047716,372
1.414623462091981,0.02120868987129328,0.0016145164533994238,0.004101829354846348,0.00016127699877526753,0.2626994881304432,0.26269158883903077,373
1.4115380976194738,0.02094868961718177,0.0014627010985667477,0.00411218911253859,0.00014957646505738814,0.262230145749638,0.26222139209490347,374
1.4150599790882905,0.024090029292664464,0.0013165019148948971,0.004276840461141063,2.8427278797886555e-05,0.25533172381110336,0.25528816987450154,375
1.4119135716562774,0.02360466431100138,0.0011914131846106901,0.004266432744726637,3.3545598090541785e-05,0.2557918561869699,0.2557501293915181,376
1.4142227184837752,0.020926773998025016,0.0016009265081524378,0.004103658638294929,0.00016296141679733898,0.26276563421054117,0.262757785795516,377
1.411066088292574,0.020748960080956197,0.0014426250154360137,0.004115217171906307,0.00015021578036669936,0.2622562547446885,0.26224739441544714,378
1.414819842864448,0.023847354599604336,0.0013087708055406714,0.004282230959076518,2.7744489057932864e-05,0.25526730377498136,0.2552231298381687,379
1.4116221088438605,0.023402984766209077,0.0011809545393179277,0.004270818377547556,3.307216180374968e-05,0.2557508400954773,0.2557088110007502,380
1.4137382213692902,0.020663944934408936,0.0015830291918564224,0.004105942346044595,0.00016387336110626905,0.2628013031018826,0.2627934487872911,381
1.4105387427181477,0.020565036853095842,0.0014185445352590921,0.004118178565687405,0.00015060286868502805,0.2622720360448064,0.262263072861186,382
1.4146129621537382,0.023615778581975246,0.0013042919970224936,0.004287157313969066,2.7224553855807858e-05,0.2552177153866235,0.2551732064867256,383
1.4113901078735869,0.023222418277103953,0.0011726320312736979,0.004275325570793658,3.2558060804482484e-05,0.25570596712262544,0.25566380896689594,384
1.4131444059441531,0.02042739868774874,0.001558569517970519,0.004108712824410354,0.00016405534870198948,0.2628084092963174,0.2628005209530166,385
1.4099323477471817,0.020395438505651134,0.0013892261304747286,0.0041212582774569975,0.00015065909935288468,0.26227432683909324,0.2622652813857212,386
1.414456089885743,0.02340648896328673,0.001302462475509027,0.004291884343004093,2.6776665983718096e-05,0.25517461747221165,0.25513003278448837,387
1.4112232567006542,0.02305978932134202,0.0011669783017486095,0.004279971524066925,3.199995967338597e-05,0.2556568506850885,0.25561473155372416,388
1.4124454721685247,0.020219778286465796,0.0015271017472941744,0.004111873132723961,0.0001636738804552819,0.262793509309618,0.26278558353771075,389
1.4092484276773745,0.02023548550906782,0.0013552440704902567,0.004124584294602512,0.00015033124206190835,0.26226096415710887,0.2622518613694228,390
1.4143564964112478,0.023225796303614252,0.0013024952566805174,0.004296665692804464,2.632853552134136e-05,0.2551311339410837,0.2550866640704014,391
1.4111123613907097,0.02290778236157226,0.0011641104940879794,0.004284737534032859,3.142622901706463e-05,0.25560591018631806,0.2555639601700169,392
1.411688308809967,0.020038753614549692,0.0014910816164576488,0.004115248953760833,0.00016296755899658852,0.26276587478383634,0.26275792345185245,393
1.4085342843724178,0.020077602946226486,0.0013199409152548532,0.00412810059232059,0.00014972264392637422,0.26223612046060246,0.26222699215175954,394
1.4142903352227014,0.02307000253653891,0.001303068079260475,0.004301547774019082,2.588330867139815e-05,0.25508756411963507,0.25504334174793036,395
1.4110340135409523,0.02275785770138291,0.0011633963238035453,0.004289602864014044,3.0874844216980695e-05,0.25555651367468674,0.2555148121306987,396
1.4109321649617423,0.019878093098222235,0.001454218868265169,0.0041187378814845944,0.00016212510498082245,0.2627328357006922,0.2627248760922426,397
1.4078447682407331,0.019914208152832055,0.001286886035062074,0.004131649290003063,0.0001490311176134271,0.2622078301763019,0.2621987167420761,398
1.4142300312335094,0.022927128100199503,0.0013036280737582567,0.004306431853768262,2.548075556172618e-05,0.25504784662620866,0.2550039551298014,399
1.4109760370221878,0.022604278505574855,0.0011644546737770343,0.004294585222585652,3.0350895952360783e-05,0.25550916472365465,0.2554677314320808,400
1.410194669129277,0.01972716176971748,0.001418303596950919,0.004122377076150766,0.00016117045817279593,0.26269529275648246,0.26268733081703494,401
1.4071866117603589,0.01974247726915742,0.0012565148686019432,0.004135217162171717,0.00014832285977458195,0.26217878728669575,0.2621697141094688,402
1.414179773687886,0.0227849459169458,0.0013052705468658316,0.004311329116591201,2.512052095741157e-05,0.2550120376053469,0.25496848780773473,403
1.410940827753655,0.022446274649265133,0.0011673686753731873,0.00429969508036401,2.9842028437236686e-05,0.2554627857762534,0.2554215956624368,404
1.4094681943639993,0.019573658632474518,0.0013836699362946804,0.004126182328197576,0.0001600929626021946,0.2626527847765697,0.26264481876081,405
1.4065402811445298,0.019566895695545018,0.0012274113848475968,0.004138902284283117,0.00014753007604028043,0.2621461959493613,0.2621371597799413,406
1.4141499615879363,0.022635268458966715,0.0013089091672021892,0.0043163108137837525,2.4777015628223484e-05,0.25497765161780367,0.254934389766226,407
1.4109125917805176,0.022286012365712843,0.0011712254221411477,0.004304827302812301,2.9374063902789487e-05,0.25541978448859265,0.25537881154056635,408
1.4087725253483725,0.019410174265534614,0.0013517403796917812,0.004130022725437897,0.00015900879723440784,0.2626098690411284,0.2626019045342064,409
1.4059140456523667,0.019396257545700707,0.0011994935905078096,0.004142690926039247,0.00014666547796087363,0.2621105523392153,0.26210153646539597,410
1.4141207877882873,0.022475651596531847,0.0013135769572325824,0.00432131635332385,2.4464115903707196e-05,0.2549461212989278,0.2549030957640446,411
1.4108653497287293,0.022128122244628397,0.0011744291947676992,0.004309844907624082,2.8985058422627987e-05,0.25538377733776463,0.255343023427219,412
1.4081272374980407,0.01923972856593337,0.001323342858974462,0.004133797520790607,0.00015800334080005754,0.2625699379791651,0.26256198446471357,413
1.4053226446414044,0.019237110841827706,0.001173097487906083,0.004146491646907453,0.00014580214553962232,0.26207485592210616,0.2620658488237182,414
1.4140734006492908,0.02231308854073624,0.0013178712712228252,0.004326226600214438,2.4204050353432636e-05,0.2549197612089849,0.25487696116884206,415
1.4108007639019526,0.021978477979123664,0.001176627587018568,0.004314741036597192,2.8664900744439833e-05,0.25535396121992304,0.25531343756926705,416
1.407508429390387,0.019073220740915036,0.001296406727502709,0.004137584147153249,0.0001569999693158357,0.26252996286171015,0.2625220170519604,417
1.4047498924349702,0.019089085031077913,0.0011472700068023184,0.004150327838838603,0.0001449039584325023,0.2620376060091906,0.26202860225486585,418
1.4140140263634995,0.022159579340644258,0.0013212361828361845,0.004331044540279691,2.398158328779417e-05,0.2548970994770164,0.254854554083633,419
1.4107324097550675,0.0218372675158482,0.0011784715102365118,0.004319551474917591,2.838916904470705e-05,0.2553281487446117,0.25528788013334786,420
1.4068973867576786,0.018919254314176612,0.0012692143409218184,0.00414142092665653,0.000155966135864826,0.262488640272857,0.2624807018477028,421
1.4041903019392168,0.018945218656045745,0.0011221643123766765,0.004154228501885121,0.0001439510300302776,0.26199795941109477,0.2619889714043424,422
1.4139498564161843,0.022018266088087015,0.0013237377169381405,0.0043358013995135085,2.37802117468792e-05,0.2548764958471098,0.25483425320784925,423
1.4106629511050734,0.021697577053102643,0.0011805401104042438,0.004324286601031594,2.8150949278280267e-05,0.25530574681626256,0.25526576973961196,424
1.4063036894547825,0.018776038254881288,0.0012423788475074392,0.004145268104835266,0.00015494833631307306,0.2624478245614675,0.26243990905174625,425
1.4036540031885043,0.018798404755076846,0.0010987874733017042,0.0041581399649325435,0.0001429953488356337,0.2619580662665681,0.2619491221902122,426
1.4138788377412308,0.021879493702434208,0.0013259121182898224,0.004340516221867365,2.3601674467880265e-05,0.25485815545941876,0.25481625944200753,427
1.410594939095117,0.02155396208823364,0.0011832724515997374,0.004328967162404829,2.7941272302170344e-05,0.25528595046346164,0.2552462880394543,428
1.4057296003039967,0.018633512009696374,0.0012167068578688624,0.004149106871417873,0.00015395199751414826,0.2624077394199809,0.26239986415100713,429
1.403139354437164,0.018649765893383945,0.0010769464402927084,0.004162082567306099,0.00014203904761315178,0.2619180135766474,0.2619091322790523,430
1.4138080077363684,0.021734527097920262,0.0013286811386420403,0.004345202072787767,2.3436966162336402e-05,0.2548411740479285,0.25479961762315706,431
1.4105194461666968,0.021407838619973092,0.0011860812751965418,0.004333573711672694,2.7768849582706834e-05,0.25526961569592194,0.2552302705967449,432
1.40518426063824,0.018485402979867553,0.0011930895220348028,0.004152899861084768,0.0001530218530795165,0.26237020020369584,0.262362376688804,433
1.4026429685335449,0.01850598249023599,0.0010559804845568677,0.0041660423186657605,0.00014107562751994557,0.2618775261531998,0.2618687021925091,434
1.4137213108126088,0.021585273383341156,0.0013310506104530005,0.00434985785589744,2.3300650590182185e-05,0.2548270747446235,0.25478584679957844,435
1.410432962669037,0.021265637712470736,0.001188344558070938,0.004338069395595882,2.763697437546946e-05,0.2552570880129088,0.2552180401782757,436
1.4046621951794713,0.018337113285915696,0.001170842548004467,0.004156646778118101,0.00015214487449227438,0.2623347020431089,0.26232692281156206,437
1.4021714458194594,0.018369292634077296,0.0010360939342388034,0.00417005011366195,0.0001401383307526693,0.26183800366416016,0.2618292336670884,438
1.4136320462481635,0.021442338021229423,0.0013330126121316468,0.004354389050422712,2.3179335678454552e-05,0.2548144922555192,0.2547735462676902,439
1.4103282929425052,0.021127761943242236,0.001189628850162927,0.00434246868022627,2.7551165186842796e-05,0.2552489203829781,0.25521015795592833,440
1.4041634399036955,0.018196434343768688,0.0011494307723038115,0.004160398817914742,0.00015132889970113434,0.2623015811870318,0.262293842202491,441
1.4017099767489625,0.01823380778294968,0.0010168258734152477,0.00417403921065906,0.00013917440307318295,0.2617972201417615,0.26178848868970034,442
1.413494742777011,0.02130169645890763,0.001332395857189186,0.004358948120751426,2.31134067325531e-05,0.25480764045375204,0.25476703733163375,443
1.4102246130570917,0.020989617854171364,0.0011912944737979118,0.00434672231864514,2.749197156424207e-05,0.2552432787036588,0.2552047713637513,444
1.4036786238401748,0.018059594171238192,0.0011285670870355808,0.004164067624552138,0.0001505465861909884,0.26226974271087167,0.2622620375211017,445
1.4012982244481706,0.018097743481655597,0.0010005945914906274,0.004178143746045723,0.00013832648572019462,0.2617612280702397,0.2617525830093655,446
1.4134238592177553,0.02116264469085187,0.0013354056354367857,0.004363155340967564,2.300078419462041e-05,0.25479591328055673,0.25475548710279533,447
1.4100753979358966,0.020846058931021327,0.0011911740911657695,0.004350938263355593,2.7508381404289006e-05,0.2552448433155137,0.25520664546981753,448
1.403239154077053,0.01792111874402546,0.0011103983119782634,0.004167799374658496,0.00014990815436241093,0.26224369855731555,0.2622360641536293,449
1.4008461193228436,0.017964178619076576,0.0009819931800774339,0.004182018988419973,0.0001372612974473447,0.2617158566672414,0.26170721699342336,450
1.4131264020512029,0.02100604930131396,0.0013277351197106277,0.00436790475474554,2.311410717840032e-05,0.25480771330035396,0.25476789604046235,451
1.409997492875201,0.020711008567421894,0.0011947170136563513,0.004354745288972107,2.748280672816762e-05,0.2552424046703939,0.25520436740357677,452
1.4027638421795403,0.017781575854630673,0.0010902771367700174,0.004171231185598819,0.00014913477846434495,0.2622120751088562,0.262204451716788,453
1.400574483345087,0.017839235634405207,0.0009735660794429048,0.004186679214592192,0.00013672797370023509,0.26169307374902917,0.2616846722682209,454
1.413413109005283,0.020889650363644787,0.0013501731625595503,0.004370565798843002,2.2806775339792567e-05,0.254775643971214,0.25473532003938876,455
1.4097531001894088,0.02056774851411426,0.0011903691183827387,0.0043593228938603465,2.7679619393751577e-05,0.2552611424038655,0.2552236382493083,456
1.4022746649710494,0.017654335189898396,0.0010688061419438194,0.004176026691820586,0.00014822401681151995,0.26217472861346486,0.26216720917623243,457
1.3998273099474718,0.017714728186682835,0.0009389751502926118,0.004190638655337627,0.00013376065540032995,0.26156549417017405,0.2615566135747207,458
1.4125742649665718,0.020660773027999072,0.0013299427643779964,0.004377355281905564,2.4251899902028203e-05,0.2549246218029437,0.25488716167159015,459
1.4106605644936934,0.020509406142977575,0.0012439679101581608,0.004363609568242435,2.6776411162398964e-05,0.2551745928499157,0.2551362989446154,460
1.4006884941806965,0.01753063064243599,0.0009874070308827053,0.004182309011369098,0.0001423521159966394,0.26193114059914807,0.26192282023282926,461
1.4012475621606144,0.01766787079777634,0.0010407442616160896,0.004204757218282837,0.00013212898848116998,0.2614947374254991,0.2614869937075592,462
1.4161053417318552,0.0202361043307275,0.0016609840257548916,0.004347092985143213,2.997860483498456e-05,0.2554752721242861,0.2554367256135278,463
1.4104425044098905,0.02036783392835342,0.0012491879902986466,0.004373012595643612,2.7617005131019304e-05,0.2552551884010965,0.25521882099084353,464
1.4003667789637042,0.017632081729539253,0.000999525356375617,0.004219170770897578,0.0001247005821527398,0.2611669414860444,0.26115817201862623,465
1.42941090379667,0.01800363872035052,0.002880045360911478,0.004172653437935873,0.000138563811800167,0.26177131308733936,0.2617610035581498,466
1.4025018225126968,0.017907970037453192,0.0011542620993666305,0.0042363015177014325,9.579248158150378e-05,0.259787363362086,0.2597727408000825,467
1.4711739321918684,0.020802680206366723,0.005430001509246089,0.0043784512902426765,4.664650310572433e-05,0.2568298245296438,0.2568117521393306,468
1.495490654331591,0.022018917868089304,0.0068665848634460475,0.004415885340812583,3.282588580831935e-05,0.25572938790869665,0.2557062130706894,469
1.4023333485406901,0.01938659635674906,0.0009237270228204136,0.00434203381882562,4.507075054862226e-05,0.2567134752958972,0.25668681592939513,470
1.5100063028013415,0.01935630456386383,0.008100350878458734,0.0041346394198554836,0.0001601296891442319,0.26265423601582616,0.2626454805964978,471
1.5777266018739153,0.02080347832054092,0.012060058870511686,0.004047606895155116,0.00026074937385189617,0.2661477358738585,0.26614671610926116,472
1.4759795423061002,0.01891825800881933,0.00540235081285932,0.004072988805977539,0.00026082472064330766,0.26615006875042047,0.26615005821890925,473
1.4503132678254278,0.01862993913673784,0.00426800206386897,0.004239372049402434,0.00012265125394686347,0.2610748026594998,0.26107191290787424,474
1.4605033567090673,0.021121559394498193,0.00449860231714739,0.004399326434043365,2.439852080272172e-05,0.25493948588445414,0.254910616004965,475
1.4526317367752148,0.02338085021564377,0.003390121311580933,0.004432314985555387,5.6540044571779624e-06,0.2523778150594985,0.25231265076730175,476
1.4552255238516874,0.020956608345005998,0.004279115389420145,0.004304225091727575,3.6506103304170454e-05,0.2560420280787307,0.2559930929473537,477
1.4067436823140054,0.017218639603358402,0.0014126749529194053,0.0041781598441666895,0.00014173872370329502,0.2619054073304232,0.2618937351879911,478
1.4747768338199554,0.019181587120037844,0.005732491231688768,0.0042168045680571,0.00016952761113456504,0.2630202769223456,0.26301886084566817,479
1.475005145876629,0.01958871134298849,0.005843082624088686,0.004264019035268898,0.00012629277710566128,0.26123800592212254,0.26123452344849507,480
1.3924115064196438,0.01787199026675347,0.00045419500001114545,0.004285434911729324,6.727113596401171e-05,0.25820189831465934,0.2581803714768611,481
1.4390730607841415,0.02172346051974143,0.0030361925075593978,0.00414183369769152,0.00020414643702899429,0.26428798225884237,0.26426360404158317,482
1.4240624415553227,0.020742232802062638,0.0020427229871874206,0.004152972413128607,0.00021722674451335534,0.26473861406351884,0.26472489063994703,483
1.4065414534582823,0.018268273375578247,0.0013783190528516302,0.004308516621813588,6.914185419433317e-05,0.25831515809797584,0.25831040166521757,484
1.4272460738038186,0.020665462882299358,0.0021474424986803074,0.004377355552809505,1.4250813475281337e-05,0.2537750249635309,0.2537668496059913,485
1.418035358137548,0.018993205002318388,0.0018008369510166395,0.004338834530245147,2.3446421847112305e-05,0.254842150539493,0.2548289829253461,486
1.3989075068353511,0.018172882587796334,0.0008931620361465034,0.004263103464865259,0.00010473916074661848,0.2602342151993506,0.26022343954530286,487
1.4017871071744707,0.018467448280276643,0.0008840079923782746,0.004235375664152072,0.00017743472002696844,0.2633204624554468,0.2633164330289803,488
1.3992227552647991,0.01838231392713142,0.0008449058108315463,0.004337695984601722,5.665351464343976e-05,0.25752685290433125,0.2575199470422739,489
1.4050661070869608,0.018427037822392776,0.0010766072893509465,0.004342149080072513,3.250788619121359e-05,0.2557015687482669,0.25568466141124757,490
1.3961233390993797,0.017737923841262472,0.0007389502020402669,0.004221571397334198,9.619806773132466e-05,0.25980806136457785,0.25978810467089336,491
1.4011031879917448,0.017784825097982317,0.0010202860177356554,0.0043213560126066745,0.00013411231140499793,0.26158068700056253,0.26158035154667736,492
1.3965698203734145,0.017975733524833032,0.0007410964258876998,0.004343741762984513,7.388414834352746e-05,0.2585955888886991,0.2585872042752469,493
1.4007797160112991,0.01769917180345875,0.0009813990012391997,0.004270684313430511,5.5752839389748684e-05,0.25746678239871423,0.2574230849049827,494
1.3952746876434332,0.017223944299450587,0.0007118584286008355,0.004233816997534652,0.00010579474962147275,0.2602856574715218,0.2602687189608368,495
1.4087136323918004,0.01849696639211625,0.0015326590170090227,0.004395694569867103,9.196303009955397e-05,0.25958973566369553,0.2595897155190684,496
1.3948456331912837,0.01802285755854467,0.0006134278279381329,0.004369065474488908,6.843524682045526e-05,0.25827255987107106,0.258268748803801,497
1.4400921447979025,0.02012532332504111,0.0034614440892645755,0.004029695864588051,0.00012003256520990598,0.26095593744094525,0.26083284947305496,498
1.432787566443135,0.019739540832500065,0.0029981463937675708,0.004060894216760767,0.00012476196129891247,0.2611696894002883,0.26107209190708186,499
1.3989078678916238,0.018587010668762914,0.000864703015714453,0.004418107375192599,7.850139239613155e-05,0.25886010115044583,0.25886003770562277,500
1.4187709337146446,0.019284565624655334,0.0021146533294064485,0.0044545384133990755,6.452391834520262e-05,0.2580326781552109,0.2580304153825245,501
1.3930171590042135,0.017588969912831806,0.0005304960593148474,0.004312054305072695,7.328264339834393e-05,0.2585605282195869,0.25855746908991944,502
1.488140601341688,0.020564278718569227,0.006605583480052942,0.004103993176227729,0.00014278842436716692,0.2619494110468745,0.26190645872652135,503
1.5267566562792387,0.026662686548461174,0.008648801400258114,0.004044948745657211,0.00017862212736879582,0.2633649589362929,0.2632968292121968,504
1.4417115717474636,0.024442334514999532,0.0032464794100409197,0.004154052380069302,0.00014532014210436617,0.2620548804267967,0.2620189421653644,505
1.4442005896671204,0.01997821977021664,0.003748279303703044,0.004531566417539568,5.969451201057711e-05,0.25772622236352133,0.2577225912422236,506
1.4977466276034492,0.028780564041231253,0.006551692317666238,0.004733083047029909,3.190293386603408e-05,0.2556482682183156,0.2556074117089964,507
1.4731252958086138,0.030362275648710545,0.004897167797952031,0.004533992459917074,4.240535652425823e-05,0.25651193953628704,0.256497408367824,508
1.4317874291108645,0.020271826602669154,0.0029434307656584593,0.0041385328850156635,7.924028889740935e-05,0.25890170146081126,0.25889109660565024,509
1.4429088433138386,0.016888652804172635,0.003893980349617895,0.0039385331244168546,0.00011002067850812888,0.2604890742445713,0.2604230587690313,510
1.4452419887264896,0.024388350447722116,0.003569533576793769,0.004156852372221374,9.665188569160673e-05,0.259831169090785,0.2598083840661287,511
1.420992138262951,0.02557636426206819,0.0018734480685682188,0.004509898293920018,8.267536764743466e-05,0.25909259960888165,0.25908681487371327,512
1.4212571526738749,0.020464859629772573,0.0022242778354291124,0.00449935127505306,0.00010831269795859254,0.2604073386587827,0.26038889337800497,513
1.4247732603799885,0.025395214550665776,0.0021396177791981373,0.004322190943499203,0.00010344552360428406,0.2601708172535094,0.2601707844270762,514
1.4240906659004635,0.018570912849939863,0.0024415400321987444,0.0042093305329869496,4.780151476841117e-05,0.2569138639535654,0.2568752265628489,515
1.4150020590969712,0.01808962988260264,0.0017907587155102126,0.004223590534593426,3.6756576538860095e-05,0.2560627202260091,0.2560128569192998,516
1.42392059524911,0.020127920555243657,0.002425600668126924,0.004336968783250833,0.00011162459431159393,0.2605652541053963,0.2605643886881894,517
1.4325313953120808,0.020015146978994272,0.002794339998295141,0.004417890359559077,0.00018420385160646712,0.26357217195611915,0.26353280311743815,518
1.4127294095796579,0.01883910391781957,0.0017475703938502922,0.0043957213047883525,0.00012224275246487906,0.26105634444402304,0.26104911235198663,519
1.4064043857116826,0.018505397964559984,0.0012089482978210795,0.004296210764032144,3.9271003835481334e-05,0.25626665810743504,0.25621591274938144,520
1.4270966037300725,0.02027886559003967,0.002522928158227534,0.00426384780960906,4.976247530626485e-05,0.25705425228541373,0.2569568660395086,521
1.4061212886271086,0.01846483422902025,0.0013509732741183236,0.004304215124347517,9.56886120208791e-05,0.25978205561325834,0.25973914980766094,522
1.4227257545834426,0.020787235274687493,0.0022782522573536737,0.004394377488449254,0.00012631832803049374,0.2612391426732867,0.2612389875890294,523
1.4350823051096344,0.02280732569231803,0.002988472617622857,0.00440702619372341,0.00011317189434702343,0.26063822797025066,0.26063572740656116,524
1.4025259065325673,0.017722004850094793,0.0011633313861123622,0.004323699376226988,7.853397152615354e-05,0.2588619394900977,0.25885956566234153,525
1.4088412752060424,0.017413832840597672,0.0015696137661744326,0.004227045384685162,6.98618529393269e-05,0.2583583403220572,0.2582729697742725,526
1.4158498190713875,0.018089026286550874,0.002003118908789501,0.004292424769741187,7.96775351017823e-05,0.25892622737228793,0.25882515660507194,527
1.3989865070928642,0.018339761886164894,0.0008881545557291728,0.004414424567025041,8.860201644240618e-05,0.2594128644121971,0.2593901828111416,528
1.4231710191920723,0.018372904701790305,0.0025046067182535165,0.004361893557592174,9.005635111877686e-05,0.2594898024804933,0.2594897217023194,529
1.4271249594769138,0.019097974012728943,0.002719810949871751,0.004267722200425316,8.865419569074323e-05,0.25941563570295406,0.25941552910375654,530
1.4079434318283017,0.019396525558683608,0.0014170141779535521,0.004218272830254883,8.433332059881885e-05,0.2591833175159535,0.25917475914205834,531
1.4003480708503369,0.01681738733274889,0.0010713366815265127,0.004322710895411138,8.340461967555355e-05,0.2591326129708618,0.25908420078486966,532
1.422090856432609,0.022683306625334347,0.0021348019475061738,0.00444300612702614,8.386750024957919e-05,0.25915792008316185,0.25912921028321123,533
1.4142284870125994,0.02177275519802529,0.0016754428848907816,0.004434365488120615,8.235834733266316e-05,0.25907514998954084,0.2590668091559499,534
1.4101982114551386,0.018235753288718574,0.001641742902410998,0.004294969495026673,8.008033141545556e-05,0.25894876144589046,0.25894382892511003,535
1.4154832846697034,0.019820231469122263,0.001889154626518688,0.004215452179352253,8.177595461185698e-05,0.259043005839424,0.25903337240707325,536
1.408358904567007,0.01811581923341082,0.001529947563536208,0.004256164233938487,8.792393211363909e-05,0.25937677621113137,0.2593608787587943,537
1.4010484972341815,0.017461257305644524,0.0010876270643065363,0.004387244064872442,9.510449621339316e-05,0.25975215341416413,0.2597407991181518,538
1.4074211089305657,0.01833077089999181,0.00145552640365897,0.004415774038259194,8.922770638797224e-05,0.25944604183708564,0.25944004181613234,539
1.403859024347361,0.018368009431027125,0.001199216332806207,0.004329114344426846,7.290316420976486e-05,0.25853833497877454,0.25852978715994607,540
1.4063712366903791,0.0173357934020341,0.0014247904719431074,0.0042566722695364335,6.874491484172514e-05,0.25829125532363617,0.25827238693057203,541
1.4030169624994284,0.0174671016404065,0.0012142793947159608,0.004279540099089374,8.406390409173378e-05,0.2591686369811294,0.2591501905566341,542
1.413230813809567,0.01975165029993135,0.0017388373090944174,0.004383016427122018,0.00011007439519896857,0.2604916345341881,0.26048735431725134,543
1.408540497105787,0.017919824509654673,0.0015474795765953284,0.004418641448813724,0.00011136310599528537,0.2605528719311515,0.260551874042447,544
1.402890741871073,0.01829677312631767,0.0011483693192487353,0.004351329505800252,7.865201392259395e-05,0.258868597066199,0.25886228171550024,545
1.4025568435552425,0.017690937472953083,0.0011064581599188124,0.004265373839566162,5.5902524239626225e-05,0.25747679906374554,0.25745402943682133,546
1.4041293859965625,0.017824412752029,0.0012541331119530583,0.004280862107183595,7.496821275498181e-05,0.2586584186058992,0.258638497667841,547
1.4027355684373701,0.01893189548947737,0.0010908628691640057,0.004355422151247361,0.00011204416014012422,0.260585091409153,0.2605781397167096,548
1.4038355467510828,0.017514296551700385,0.001260410819766888,0.004392248448854887,0.0001113687799079239,0.26055314076035774,0.26055010383716914,549
1.4012488355846011,0.017143981542061235,0.0011144709326448177,0.004359064761084087,7.774008384772679e-05,0.25881703373293574,0.2588101603502582,550
1.401923210245583,0.016790186419987002,0.0011439132553372736,0.004297302315638332,6.092876611043138e-05,0.25780568806130705,0.25778935081385385,551
1.3982166777669411,0.01650668317387564,0.0009526718189627793,0.004290145432242012,7.811543333980815e-05,0.25883829357624016,0.258820383088211,552
1.4045528986652207,0.017568636875844066,0.0013111430864009808,0.004362452476235479,0.00010307328024325153,0.26015250118164246,0.26014326605414584,553
1.4026639516857535,0.017808701292246286,0.0011708707015571564,0.004402190009144662,0.00010187660919535672,0.2600933943346803,0.26008800972161106,554
1.4014296268402282,0.01778332082616145,0.001087426251105002,0.004350409011227708,8.13122151757228e-05,0.25901732860528676,0.25900871822325167,555
1.3995205514256999,0.01651580848604857,0.0010339804747248153,0.004286035744746169,7.406693922370375e-05,0.25860621515090715,0.25859141362979365,556
1.4036749454995525,0.017266004212786387,0.0012709214387348808,0.00431718385311076,8.211578285018506e-05,0.2590617759214287,0.25904727468680844,557
1.4006831569578595,0.01734870929462793,0.0010702604537252132,0.004384893334196706,8.761022994113247e-05,0.25936003365064103,0.25934973306484227,558
1.4003886315308116,0.017575662739619295,0.001035917464177773,0.004390522351198824,8.735023599335822e-05,0.25934613481570634,0.25933796272879744,559
1.398566191716573,0.017362792972849664,0.0009288621183048056,0.004323464846457696,8.864702126093796e-05,0.25941525471035903,0.25940533556526124,560
1.4020473086890974,0.016468743665142872,0.0012187193102334208,0.004294413643423893,8.591189500476134e-05,0.2592688669752436,0.2592560107853829,561
1.3990003423388044,0.01671259591008071,0.0009935827944565151,0.004341818980502644,7.901621484330076e-05,0.25888910652671576,0.2588769832573577,562
1.4016295453795022,0.017038967143868457,0.0011496460592105863,0.004398229038321258,8.058692746441633e-05,0.25897702219360164,0.2589689252193722,563
1.3990849933034126,0.016780302168797043,0.0010033456552863717,0.004380392811176165,9.075935052562045e-05,0.2595267702043043,0.2595198337872069,564
1.3998903832903256,0.016478196432373166,0.0010765248631474935,0.004321357436819709,9.111680561030229e-05,0.2595455123283301,0.2595350768483211,565
1.3979112550879744,0.016326908167760522,0.0009468522916944349,0.004317366538711516,7.925014041383138e-05,0.2589022547938054,0.2588894112852537,566
1.4014638035692668,0.017297289279510533,0.001120463195359069,0.00436964182269588,7.969280749145838e-05,0.25892708280971216,0.258918705693085,567
1.3998981478866046,0.01675951161002454,0.0010593414436267494,0.004389548016438505,9.14532786343685e-05,0.2595631207581191,0.2595575293568194,568
1.3985690734288592,0.016643060881698184,0.0009779102828339418,0.004361713720543406,9.14886713640421e-05,0.25956497105923704,0.2595567099420117,569
1.3965895360374663,0.016254938201876276,0.0008596618167946801,0.004341441677922978,7.623673720953792e-05,0.25873136514008765,0.25871870144206416,570
1.4012851264604997,0.017357571350252527,0.0011043337728565237,0.0043522939006082105,7.962636416730215e-05,0.258923360587094,0.2589142681542565,571
1.399000757987329,0.016952166427508426,0.0009866135342013363,0.0043627393153122815,9.525520241834758e-05,0.2597598771722982,0.2597544003950969,572
1.3984007410999018,0.016596061929777358,0.0009700749491535201,0.004370387208386499,9.350838661704716e-05,0.2596699734548264,0.25966268153308375,573
1.396631849893766,0.01647730808933145,0.0008452572100047104,0.0043761551522631436,7.4651589036461e-05,0.25864011510550994,0.2586278241938155,574
1.4005357857011749,0.01687288509248425,0.0010844089550962124,0.004361316684510967,7.792812943528506e-05,0.258827691059121,0.25881760036804785,575
1.3983201358841142,0.01652467848742103,0.0009697836318188914,0.0043476793413665706,9.449367255242788e-05,0.25972078559337813,0.2597148222400336,576
1.3983822941535948,0.016350080682143588,0.0009854748180903948,0.004366367671101935,9.243346196786823e-05,0.2596142322609696,0.2596077088880973,577
1.3967974190986754,0.01644387078053693,0.0008614751528768632,0.004392760880453138,7.639289260326812e-05,0.2587403027752629,0.25872958033235866,578
1.3989800821002505,0.016731226712054577,0.0009939772022680466,0.004372827771579413,8.164314902808382e-05,0.2590356598557097,0.259025042771193,579
1.397036714870831,0.016110799413178497,0.0009113040086389141,0.004344690102988571,9.499646507291129e-05,0.2597466130051886,0.2597389145575298,580
1.398461423704464,0.01625467578612104,0.000994440076060596,0.004369168038539761,8.498293261271776e-05,0.2592186188017901,0.25921079195303093,581
1.396565798431153,0.016291819856662917,0.0008526186286255393,0.0044038863662646515,7.387886227407084e-05,0.25859528139586313,0.258585883191212,582
1.3985496536426298,0.016811754954791733,0.0009650245076164969,0.004379370866302549,8.970686080497512e-05,0.25947137058745856,0.25946311356172364,583
1.3963683418401274,0.016033463880824068,0.0008697704676064706,0.004343428947016588,0.00010082168578221555,0.2600410002381344,0.2600333808811888,584
1.3986907727137117,0.01632913142216192,0.0009965552226597991,0.00437390756582417,7.713098711573955e-05,0.25878242489952175,0.2587722200686814,585
1.396576290452798,0.016304629019445335,0.000840340912019995,0.004412047065610077,6.79432063655005e-05,0.25824276691199627,0.25823221823273407,586
1.3983017747889372,0.016627992232872056,0.0009610101947963052,0.0043838346437575955,9.638466605591031e-05,0.2598175692539401,0.25981095892562717,587
1.3965301875055622,0.016035800051150708,0.0008759530352396624,0.00434872063632012,0.00010709096736128338,0.26034847657200244,0.2603423267457161,588
1.39794423471139,0.01611243622701858,0.0009536671058536396,0.004380281850176538,7.243936154390251e-05,0.25851113162534234,0.25850025736417254,589
1.3962031608872216,0.016204243416147634,0.000815021682056592,0.004413577238269669,6.517305037753966e-05,0.2580729827435428,0.25806157674239516,590
1.3979997371039081,0.016351502311581348,0.0009563680422902376,0.004382064320295858,0.00010281607594010952,0.26013982622829945,0.2601338853740756,591
1.396319076233453,0.015867871698075405,0.0008720391902669908,0.004357419204212198,0.0001081834572734781,0.26040112769239365,0.26039528991860966,592
1.3972782974042273,0.01598199576347628,0.000905223079062991,0.0043925399188106335,6.664384273440826e-05,0.25816356801493123,0.25815159319455155,593
1.3954119529593305,0.015970039663778662,0.0007810964576712189,0.004413130897714364,6.640921434999894e-05,0.25814918488868666,0.2581378058997676,594
1.398138008631932,0.016209162244307095,0.0009654937742241982,0.004376643110111134,0.00011274973411398122,0.2606183677707066,0.26061370355885405,595
1.3961743924223875,0.015754110162802377,0.0008714485829535447,0.004366006641416895,0.00010673257376763308,0.26033114581097533,0.26032559287529383,596
1.3970366623063117,0.01600388549084608,0.000865834743422974,0.0044065698831852245,5.9435856860258585e-05,0.2577094654069046,0.25769551626306547,597
1.3950389693336898,0.015840366085003065,0.0007695575426369561,0.004412605096773742,6.845769781690215e-05,0.2582739167156131,0.25826171991689084,598
1.3982687490066072,0.016119636367778765,0.0009660033732585098,0.004372488730404581,0.00012210251143644952,0.2610500005174864,0.26104610441482495,599
1.3962545231136863,0.015762122276811234,0.0008778752608353646,0.0043742295861094625,0.00010503549139873259,0.2602486824225718,0.2602436719768942,600
1.3966106591666465,0.015921699924202275,0.0008251946569853205,0.004416794890577141,5.482219368521635e-05,0.2574042010835212,0.2573895425784748,601
1.394754947991252,0.015757941392512166,0.0007624233293769,0.0044114130084713776,7.15475070074617e-05,0.2584585759444165,0.25844580038966924,602
1.3980033360852835,0.015979750174517342,0.0009495864590256676,0.004373750356755835,0.00012636650760631957,0.2612412858519975,0.261237302794947,603
1.3960369132331878,0.015790262267937113,0.0008643574066955888,0.0043843997218085155,0.00010085904760390695,0.26004286052894826,0.2600376851505519,604
1.396248132611187,0.015776637511455874,0.0008051040621226049,0.004421368434792174,5.3511353493878974e-05,0.25731514548685663,0.2573005404195798,605
1.3944423921099933,0.015607162460784318,0.0007598034174900629,0.004408288798772683,7.641178751903402e-05,0.25874138361582616,0.25872901059287945,606
1.3975915716474208,0.015859474365038435,0.0009317244667605825,0.004381167189293607,0.0001255273671508697,0.26120389964034263,0.2611997124032905,607
1.3955166796848126,0.01570882729753333,0.0008371826381887181,0.004396889617138752,9.451960579269388e-05,0.25972211940847745,0.2597164422180974,608
1.3962211387881904,0.015690017984812274,0.0008143226454292254,0.004422120078738154,5.4725360883191415e-05,0.2573976591488924,0.25738327702598873,609
1.3943950122699653,0.015466303041751731,0.0007716116969059578,0.004406381243880606,8.097702411053451e-05,0.25899872347116715,0.25898699753200277,610
1.396991977380023,0.015822361247359168,0.0009009576292154122,0.004390736861616819,0.00012188047909520573,0.2610399492342676,0.2610357449440254,611
1.3949376190402754,0.015567919927470947,0.0008075260668621996,0.004406254387634244,8.903430846037027e-05,0.25943579930161564,0.2594300475513762,612
1.396289961136049,0.015601193544888179,0.0008356554136080037,0.004420298419337098,5.741498075816777e-05,0.2575772673674728,0.257563561147972,613
1.3944697658281044,0.015388680329837541,0.0007841461853810236,0.004408582211992212,8.366414895734614e-05,0.2591468108626639,0.25913549096682026,614
1.3963963199266904,0.01582529836336442,0.0008682979169429106,0.004401812120168412,0.00011749111301714811,0.26083933176063673,0.2608351769056544,615
1.3944893016545812,0.015453421947013126,0.0007842915534571501,0.004411561641275741,8.635525722213841e-05,0.2592927529409825,0.2592873317021959,616
1.3961828336632902,0.015483133709915733,0.000847682267467771,0.004417591759796571,6.0574442601165936e-05,0.2577829584735604,0.2577700188623739,617
1.3943677604404279,0.015317556070386842,0.0007829853851441601,0.004413284570539463,8.488334386396865e-05,0.25921321571786793,0.2592022407271347,618
1.3960544653404667,0.015771036592517565,0.0008551822726653218,0.004412282362529571,0.00011328334715189376,0.26064346499744767,0.26063957166340507,619
1.3943215144431975,0.015348158107959331,0.0007797255288715831,0.004415047976023381,8.543297622580231e-05,0.2592429960632796,0.25923800536780484,620
1.3958050790547645,0.015354593770056239,0.0008397514990554933,0.004417535782474981,6.336770104243433e-05,0.25796038322208387,0.25794766522458784,621
1.3941069366265155,0.01524090703401012,0.0007715960576709802,0.004418817373924905,8.642893566765474e-05,0.2592967163916974,0.25928590975946103,622
1.395846630138181,0.01562893860425659,0.0008549456779296029,0.004419129382544351,0.00010996425250654525,0.26048638414833947,0.26048289323862395,623
1.3942650117987854,0.015211621957398556,0.0007839038683984153,0.0044182340252285,8.357852963027179e-05,0.25914212938161957,0.2591374137369356,624
1.39536623867441,0.015226029106005512,0.0008251785379754697,0.0044201340484379134,6.562059532371093e-05,0.25810065400592513,0.2580876168513528,625
1.3938626544689172,0.015158766678294114,0.0007620123907889202,0.004423622164915599,8.974857056492199e-05,0.25947357221774986,0.25946295363856076,626
1.395557729668508,0.015454935872710292,0.0008507431392480135,0.0044248227021589604,0.00010669378494116421,0.26032926836427267,0.2603261369371462,627
1.3940703023546515,0.015078135304335667,0.0007762985240784298,0.004422914797067094,7.974701810871048e-05,0.2589301185943251,0.25892527814892113,628
1.3951153124087232,0.015114731448627737,0.0008234342279162511,0.004422080762484265,6.881810200111505e-05,0.2582956676645774,0.2582820537235175,629
1.3937153082079798,0.015060913435388724,0.0007590625302043213,0.004426186504795686,9.43381797217229e-05,0.2597127843444464,0.2597026343912002,630
1.3952509507578341,0.015302015978946927,0.0008447884508249809,0.004432297517613271,0.00010110890796582405,0.2600552925350695,0.2600523909536087,631
1.3937934462014006,0.014983869140839177,0.0007587243298318514,0.004428952718943101,7.562575487069622e-05,0.2586963069673682,0.25869105453763663,632
1.39503296441248,0.015018759509892864,0.0008358487936531097,0.004421609416888961,7.499659727342908e-05,0.2586600575791059,0.25864605492779125,633
1.3935967196905616,0.014968026868221272,0.0007565496839435545,0.0044288724273072455,9.803520620829057e-05,0.25990127295898313,0.2598916567727947,634
1.3950761400929244,0.015186230449660752,0.0008433588391094943,0.004442024043287644,9.251746184373888e-05,0.25961859978602597,0.25961579531052,635
1.3935772614452373,0.014901435346470603,0.0007466928520216439,0.0044324643704735395,7.370369354426368e-05,0.25858508552923404,0.2585795892976694,636
1.3949678736914874,0.014920593848738015,0.000847705894344331,0.004419324824463647,8.344213578582852e-05,0.25913466670359836,0.259120807107366,637
1.3934121847532845,0.014899244183897648,0.0007487382816304495,0.00443549704388982,9.849589631985784e-05,0.2599245098780674,0.25991532201851086,638
1.3950135090660052,0.015091037603179251,0.0008425342650879749,0.004451795398063752,8.400079350340435e-05,0.25916519467896915,0.2591624240095073,639
1.3933888812070796,0.01480923627300288,0.0007422927332295467,0.004431671313627449,7.493980525688691e-05,0.2586567779951254,0.25865132218961345,640
1.3948377013309166,0.01482280627377081,0.0008488800902531257,0.004418636410462526,9.062094778137173e-05,0.2595195035470014,0.25950609054971663,641
1.3931152926292187,0.014839417558201095,0.0007339017535058967,0.004445313619710465,9.56380388936613e-05,0.25977947027674103,0.25977069743081826,642
1.3949620594111463,0.014983894346157317,0.0008416334484057191,0.004457732002685347,7.899669800108403e-05,0.2588880086634231,0.2588853282139406,643
1.3931699974782261,0.014721864472967984,0.0007379503412330472,0.00442922864946873,7.810256070366142e-05,0.25883756531538304,0.25883213918671727,644
1.394602255537396,0.014743329232839643,0.0008386548970228972,0.0044225803284937346,9.385730483722514e-05,0.2596879979787996,0.2596748462844025,645
1.3927295931545234,0.014768119054841752,0.0007133338716799447,0.004455254271722908,9.189754087444295e-05,0.25958632050760055,0.25957808437807556,646
1.3948395920239285,0.014864183970048666,0.0008402097552767111,0.004458657870424296,7.794598024664212e-05,0.2588287020703296,0.2588261267501167,647
1.3929305974248396,0.01464881079568,0.0007300671314808414,0.00442747650671537,8.107123618546178e-05,0.2590039566961121,0.2589983033333091,648
1.3942561889132732,0.014671758785390026,0.0008203778222938762,0.004430276982399221,9.367408127220901e-05,0.2596785371452616,0.25966551861780557,649
1.3923561226128922,0.014690871018650447,0.0006932983801132992,0.004464063360805332,8.931584739305138e-05,0.25945070618488647,0.25944307966966945,650
1.3945777587374688,0.014766123276149262,0.0008306708688122505,0.004457218741535686,7.910818928217156e-05,0.25889427845764745,0.2588916358878656,651
1.3926875535272112,0.0145778211626887,0.0007201430334290154,0.00442626830257001,8.297395148898517e-05,0.25910900386919367,0.2591028797312912,652
1.393869310240736,0.014596377250564646,0.0007996803555446959,0.004439268251715817,9.195846856283494e-05,0.2595894978264159,0.25957681878649386,653
1.3920934852826456,0.014622551688035156,0.0006800220195685315,0.0044727527914006394,8.795250245050731e-05,0.2593782995500521,0.25937120505715333,654
1.3942083345785172,0.014694038035350103,0.0008129654140157842,0.004454657612236837,8.119566926685318e-05,0.2590108639578485,0.2590079412104406,655
1.392473642107607,0.014489299236594843,0.0007124066125720072,0.004424881076551201,8.39835342610397e-05,0.25916425306618274,0.25915760765601115,656
1.3935077147747539,0.01453215479554958,0.0007796083051829557,0.004450271371035742,8.952730663504166e-05,0.25946188705465467,0.25944981068076545,657
1.39192931738735,0.01456228920405525,0.000673102061069454,0.004481419038354051,8.77528202514605e-05,0.25936764753027464,0.25936098639282545,658
1.393841137211986,0.014609324221109892,0.0007960973531995631,0.004449669899135051,8.363349753936429e-05,0.25914513518431326,0.25914183081216485,659
1.3923130766129916,0.014386185757839561,0.0007081487022696654,0.004424434931688112,8.355714847109478e-05,0.2591409599315988,0.2591338389027833,660
1.3931750988463358,0.01448842602504778,0.0007597975006299539,0.004464078450310065,8.738617672141138e-05,0.25934805737687844,0.25933675999691624,661
1.3917788257831434,0.014493642551320473,0.000668245538585991,0.004488321842727548,8.932331739219404e-05,0.25945110138513994,0.25944489134952686,662
1.3935547996107926,0.014498218875546793,0.0007850035814673578,0.004443165286201323,8.464711379834364e-05,0.2592003866113519,0.25919657560243226,663
1.3921951260107395,0.014289581896050509,0.0007049834637123742,0.004426448567098824,8.159099471314455e-05,0.2590327733677506,0.25902521253555233,664
1.3928703527874233,0.014448425380658644,0.0007425088070577083,0.004478094357995497,8.770699764917226e-05,0.2593652014206408,0.25935498752560976,665
1.3915993112131835,0.0144114088173458,0.0006622400850396599,0.00449286141829875,9.157039496640909e-05,0.25956924213124577,0.2595634481969096,666
1.3933653059713635,0.014380982129924882,0.0007785518024118383,0.004438025268733313,8.264757387154761e-05,0.25909107110694596,0.25908651788692183,667
1.392092167458153,0.014205268699375119,0.0007022166121020551,0.00443023631577981,8.011764152548298e-05,0.2589508458553079,0.25894302368769206,668
1.392611845265058,0.014400309200967477,0.0007296015088494076,0.004490422956933069,9.077364604956891e-05,0.2595275204565285,0.25951862788101493,669
1.3913830336588033,0.01432235512787673,0.0006538153476966638,0.0044962757689840545,9.185773622320936e-05,0.2595842441654629,0.2595786315523361,670
1.393263725063366,0.014263327662482065,0.0007764248287604305,0.0044342524885295515,7.95277844603997e-05,0.2589178351891252,0.25891243123185714,671
1.3919851726758843,0.014136235223991558,0.0007003812536232239,0.004434967106773584,8.080247165980692e-05,0.2589890195049186,0.2589812566500727,672
1.3923801420606097,0.014348563729180995,0.0007179686537567517,0.004501895586381258,9.36849157236328e-05,0.25967909684441853,0.25967135153789467,673
1.3911119117641624,0.014222452634025046,0.0006421069307201843,0.004497975075659173,8.992411723948238e-05,0.2594828327645004,0.2594771403831578,674
1.3932074390457874,0.014155367182958945,0.0007780456849287194,0.004431450111827626,7.8111797392691e-05,0.2588380878810233,0.2588319967482022,675
1.3918678304608565,0.014090879592933363,0.0006974285269287458,0.004441710230429226,8.281093671407946e-05,0.259100051467661,0.2590925758047781,676
1.3921244616022896,0.01428772577364964,0.0007050777786959943,0.004511642094697453,9.437147878423739e-05,0.2597144983804743,0.25970752229736377,677
1.390810245627596,0.014107850636947066,0.000628870089850182,0.004497015949731515,8.760292732605967e-05,0.2593596435469552,0.25935371240564464,678
1.3931323437791445,0.014085098325124504,0.0007783358681001369,0.004432045864390275,7.870788757607915e-05,0.2588717465910653,0.2588652411790143,679
1.3917582934503427,0.01405617161259767,0.0006939760196332011,0.004450448992763071,8.485165604342196e-05,0.25921149586350783,0.2592044343735659,680
1.3918325390206123,0.01420654375994025,0.0006912096465168903,0.004517345085802076,9.320671559643916e-05,0.2596543625163156,0.25964780740404375,681
1.3905395700584093,0.013993141240341407,0.0006175717576286692,0.004495291445072919,8.585634583088337e-05,0.25926586994463463,0.25925960345215826,682
1.3930169763975928,0.014043667042870972,0.0007754983127329857,0.0044370200387939245,8.065793677949818e-05,0.2589809763823038,0.25897441410194505,683
1.391665302886123,0.014010911782703896,0.0006916860322486004,0.004459749072789791,8.627073779389564e-05,0.2592882042286922,0.259281604217208,684
1.3915446311759514,0.014108927486428786,0.000678428281240203,0.004519268582553679,9.098394839783622e-05,0.2595385506445076,0.2595320553860709,685
1.3903196299799785,0.013886099878532135,0.0006096571779619965,0.004494176336724108,8.528716496486917e-05,0.25923510503269287,0.25922856765121666,686
1.3928802072595088,0.014004479029885072,0.0007709204679193259,0.004445771474374768,8.275141825130205e-05,0.2590967806531378,0.25909047737333196,687
1.391568981617743,0.013958576097952789,0.0006890057259350366,0.004468865973529563,8.666920198913742e-05,0.25930962953017667,0.2593033673900396,688
1.3913002774524443,0.01399943376633505,0.0006690584810010203,0.004517856643647251,8.927248611639507e-05,0.2594484118303763,0.2594417374783202,689
1.3901352952572223,0.013788958383026477,0.0006038853509427501,0.0044948217932633565,8.539808972227803e-05,0.25924110868469136,0.2592344869250042,690
1.3927408581274052,0.013967628798968547,0.0007649524719743375,0.004457551897892528,8.382705199313162e-05,0.25915571144112415,0.2591497390636102,691
1.3914523146335733,0.013900761719296339,0.0006852500456247714,0.004476045827348848,8.699504120906656e-05,0.2593271132302051,0.259321012770733,692
1.3911029019768049,0.01388504879750007,0.0006632550886598932,0.004514384238931967,8.850623450161101e-05,0.2594077752152999,0.25940088111468296,693
1.3899588334836994,0.013707309017554091,0.0005972267128581646,0.004499042801618551,8.484341216131392e-05,0.2592110483747136,0.2592044703224618,694
1.392610538398285,0.013929127519462374,0.0007596693800979504,0.004468923865004348,8.504241668006438e-05,0.25922184453783864,0.25921614782224994,695
1.3913200983533973,0.013834831411067543,0.0006811585303428772,0.004480165554680754,8.780842383950589e-05,0.25937061491256075,0.2593645310648511,696
1.3909210480778975,0.013780167657911532,0.0006575492159766325,0.004512497974287267,8.709673102816126e-05,0.25933256293995177,0.2593255045837503,697
1.3897732763831974,0.013634075568003919,0.0005895374411205854,0.004505465055747509,8.449481446047144e-05,0.2591921060949312,0.2591857002836364,698
1.3924881134069795,0.013889390700773337,0.0007550830989101402,0.004477648895504567,8.677293492262099e-05,0.25931519913488815,0.2593095985423737,699
1.3911951626539991,0.013764277479930377,0.0006776083043380703,0.004482485914938341,8.809879273077773e-05,0.2593860957128498,0.25937991714486686,700
1.3907279875641425,0.013685488420900685,0.0006501833086901901,0.004513324154038067,8.547452073239033e-05,0.25924524314079356,0.2592382507719517,701
1.3895843938384933,0.013566357399791082,0.0005817535300575435,0.004512727084627482,8.492302685163619e-05,0.25921536905672454,0.2592091355607101,702
1.3923828392956048,0.013840392110292374,0.0007518199138663041,0.004483168585348701,8.807161581489274e-05,0.2593846478791105,0.25937893428773096,703
1.3910907962868206,0.013686865556259302,0.0006756305353400954,0.0044841510340805244,8.76656124244227e-05,0.2593629916385962,0.25935676376409555,704
1.390532392221293,0.013604231521652363,0.0006420710410248386,0.004517157286322375,8.458020674721725e-05,0.2591967497925744,0.2591900307498073,705
1.3893925327286538,0.013496865711680784,0.0005740712968667985,0.0045192772622584506,8.575727463219355e-05,0.25926052237361336,0.2592543247614175,706
1.3922978888653872,0.013775530183494205,0.000750500318593519,0.004486190835175654,8.829306606716386e-05,0.25939643900992093,0.25939053850250643,707
1.3909928429445686,0.013612782767634037,0.0006738043790225162,0.004486562217836856,8.705348525828995e-05,0.25933024572336066,0.2593241305622603,708
1.390343623206838,0.013532653855374931,0.0006344364300497004,0.004522695781937228,8.476683176501797e-05,0.25920689045036477,0.2592004700110626,709
1.3891949813064666,0.013419965094413495,0.0005661784995717256,0.004524280407556707,8.61414985148396e-05,0.2592812444486092,0.2592748991817401,710
1.39221129313504,0.01370824448901288,0.0007490461003409391,0.004488700510812661,8.789417041690651e-05,0.2593751890869948,0.25936922783792604,711
1.3908882925161483,0.013546720330543396,0.0006712876930523458,0.004489955157556898,8.702264036450973e-05,0.25932859262506996,0.2593227660456105,712
1.3901519041806527,0.013461336879511038,0.0006266559451727333,0.004528164535087173,8.515350282768605e-05,0.2592278655618559,0.25922154530819586,713
1.3890028416989182,0.013340414016654282,0.0005584682684854479,0.004528476708289114,8.590083063754068e-05,0.25926827009951375,0.2592616789196425,714
1.3921054356870965,0.013643808049420397,0.0007463884997331241,0.004491427916423099,8.804954409424162e-05,0.2593834718571668,0.25937772734294945,715
1.3907817679267263,0.013484740868589477,0.0006684570819437336,0.0044939593350687545,8.718914572359445e-05,0.2593375128232091,0.259331995147611,716
1.3899581703744863,0.013388363402184493,0.0006184272952438136,0.004533042197117835,8.497078951109412e-05,0.25921796015998627,0.25921144371823307,717
1.3888278192226666,0.013260785732478464,0.0005521745894136872,0.004532216016205411,8.610087156760009e-05,0.25927905553208946,0.2592723570251612,718
1.3919919742004772,0.01358535074387715,0.0007427713286662152,0.0044951082902739,8.799163547915277e-05,0.259380385678593,0.2593749645958276,719
1.3906814467388982,0.013420747132944921,0.000666040951725683,0.004497842623048453,8.712840227870412e-05,0.2593342595999203,0.2593289170290814,720
1.3897778148483066,0.013314812279367075,0.0006113445922886578,0.004537065480780256,8.517865744918104e-05,0.2592292284319536,0.25922241902639687,721
1.3886656064253697,0.013186401381330495,0.0005463029365848387,0.004536890970003484,8.607016413371882e-05,0.25927740072076866,0.25927076138431093,722
1.3918885178804272,0.013516931196384351,0.0007404734913252292,0.004497978567472231,8.793854500173597e-05,0.2593775553851596,0.2593723953047181,723
1.3905867606878752,0.013359788638858039,0.0006637982427340552,0.004501550080574966,8.715004616448864e-05,0.2593354189067491,0.25933011026888075,724
1.3896110248757938,0.013249271793899264,0.0006046650606640506,0.004541736866157846,8.542135711006031e-05,0.2592423675056806,0.2592353369033438,725
1.388500475077563,0.013105461839184273,0.0005407008305626038,0.004541091576272933,8.601320215222977e-05,0.2592743302805232,0.2592679035684461,726
1.3917968528645996,0.013453172803503577,0.0007384588313662965,0.0045008655260582115,8.757147878101717e-05,0.2593579633885273,0.25935279136059713,727
1.3905360768816049,0.013308685333352369,0.000664042059898647,0.004505662945688619,8.766887099341494e-05,0.2593631656502176,0.2593579151891049,728
1.3893991832971797,0.013184112970904376,0.0005949658518379676,0.00454579448973134,8.560782902936128e-05,0.2592524498933721,0.2592453677890087,729
1.3883109995952985,0.013015110997782355,0.0005337208015625042,0.004546104299518248,8.529387506990366e-05,0.25923546831892696,0.2592292246344106,730
1.3918306485854637,0.013354505621720174,0.0007475946687069505,0.0045011908942966415,8.855985012113712e-05,0.2594106243215388,0.25940525673166204,731
1.3908682476759047,0.01330411296217585,0.0006866266859705495,0.004512070232639186,8.788795412669796e-05,0.2593748575523417,0.2593698887227208,732
1.3886976842804362,0.013078111722876049,0.0005548924896155161,0.004547890130057968,8.503775743562151e-05,0.25922159191439426,0.25921438546071157,733
1.3878188739822441,0.012843619938425218,0.00051293040084096,0.004548447276718191,8.612235952040498e-05,0.2592802133337766,0.25927448983132106,734
1.3935149228718866,0.013222376111584364,0.0008680115013723199,0.004502427776068415,8.74677438123012e-05,0.25935241914224877,0.25934598433591,735
1.3932346026513682,0.013481051219193066,0.0008329698083349637,0.0045172624598547794,8.861070797934776e-05,0.25941332608483036,0.2594089388398148,736
1.3857800217028278,0.012681364953726189,0.00038793595299260015,0.004545394805157333,8.65199214981074e-05,0.25930160854358575,0.25929550318830885,737
1.392367972431598,0.01284784891668225,0.0008125751695549843,0.004527791232985539,8.221273906470457e-05,0.25906712407903987,0.2590585556710967,738
1.3921486909908365,0.012870023469165855,0.0008018377679666704,0.00454240610073945,8.978523289028118e-05,0.2594755069991152,0.2594722617720012,739
1.3852155780069697,0.012559968510780223,0.0003597786340282408,0.004527139576537823,9.033134746824218e-05,0.25950428048135377,0.2594983749430643,740
1.3950394583957366,0.013249203843542588,0.0009297665608110382,0.004603223991234752,6.336810774673434e-05,0.25796040876756554,0.2579527786179078,741
1.3902518912251502,0.013022569595254744,0.0006639497921730431,0.004545623772195579,8.831637088972978e-05,0.25939767901610444,0.2593911641169335,742
1.3894481462002588,0.012853570534406748,0.0006183455932428934,0.004509446885966111,0.00010442327057591,0.26021877050216463,0.2602148366497606,743
1.3894175048751816,0.013279977861262015,0.0005577168223608352,0.004570832447189335,6.506404795465453e-05,0.25806622885583186,0.2580584488919259,744
1.391127049556603,0.012794418698890166,0.0007309090459919148,0.004509216949541468,0.00010765782185352363,0.2603758287309267,0.26037031416512435,745
1.3915215591875754,0.012843693670421284,0.0007588299077431367,0.004578068334377538,8.449285034059742e-05,0.25919199925699504,0.25918672660664016,746
1.3863178550924191,0.012855635968586618,0.0003896667830666108,0.004575007825443015,6.94336797186426e-05,0.25833268742475335,0.25832405854165186,747
1.3965888289616832,0.011609781150489485,0.0010008427738263175,0.004411528759591014,0.00017588731832135246,0.2632622516309016,0.2632617879629508,748
1.385060250099337,0.012498450676135314,0.0003314741551186577,0.004555172858109458,7.03172552529545e-05,0.2583855384593331,0.25837657121587776,749
1.4020808811125336,0.013024173908288056,0.0014028097553616817,0.00460427414504984,0.00013365595275892053,0.26156096677440605,0.26156004924304727,750
1.3859168053881679,0.012673042161414155,0.0003668356798371085,0.004576735083460356,0.00012478846655247734,0.2611708758185058,0.2611675857220947,751
1.4470398792259487,0.015784406188950297,0.0027697871998109283,0.004461015647579551,5.238577249041233e-07,0.2492762198366188,0.249219569173753,752
1.4568422425382015,0.01791144939116671,0.0026164885220115374,0.004398387204358876,7.945704354284285e-06,0.24718118742122072,0.24711168667043817,753
1.4062492990282485,0.013574000571972533,0.001444560658842689,0.004419884541704883,2.9195661639699017e-05,0.2554033009947345,0.25538427230167005,754
1.4169972522453522,0.013404265835797197,0.0013323688838200083,0.00463097824467663,0.000342839615800275,0.26851592870477403,0.2685158803386527,755
1.431985450888936,0.01807938699216508,0.0020104567460308004,0.004804091102917528,0.0003441463301706469,0.2685511813685988,0.26855031802714735,756
1.4118018510644603,0.017166559329275997,0.0017858163337045254,0.004722968279608114,6.537611898321119e-05,0.25808555001117495,0.2580568356972158,757
1.4062253166693057,0.012122141821803038,0.001139448475061,0.004394888835307751,7.976317796607209e-06,0.2528242375602288,0.25277993294325407,758
1.4136961682572051,0.013647633446815787,0.002138233912564268,0.004288601884666014,6.148719928052721e-05,0.2578413773841416,0.2578178522327918,759
1.4028279240383703,0.014452754994720209,0.001272359132573373,0.0046216276435281705,0.00016177686183897234,0.26271915334599644,0.2627003122244043,760
1.4043842417313144,0.014707317075685957,0.0014838334429381618,0.004874591243623358,0.00010331427219700202,0.26016436285248623,0.2601358512222383,761
1.4010366616979593,0.013722379314594756,0.0013126145849560865,0.0043886738115603225,7.017741879674125e-05,0.25837719635658263,0.25835805363528125,762
1.405531202200917,0.011877984614335525,0.0017452078674104624,0.004239963471120738,7.415818953937189e-05,0.2586115149386953,0.2586006931113638,763
1.3903810511450767,0.013399298420533643,0.0006351064394760555,0.004608248669589827,7.530275895001024e-05,0.2586777162289401,0.25866982163886265,764
1.4151797569541371,0.014450958418809418,0.002186010504114505,0.004689207957611279,0.00012930219024639102,0.26137111209365166,0.2613533373697156,765
1.4071091143650831,0.014208177775003779,0.0016671362055510036,0.004590502012050484,0.00012755299175221414,0.26129393606109996,0.2612723200994177,766
1.4028916218638252,0.013486026922264027,0.0014450557683176968,0.004441222571727823,6.547701755874153e-05,0.2580917870435857,0.2580889362381661,767
1.4110926098663994,0.014108007255316428,0.0019014851197838444,0.004407492102952781,5.186944254937728e-05,0.25720204433125604,0.25719854533401604,768
1.400317270875011,0.012112029982788564,0.0013965745157579633,0.004498401176548043,8.674194458592334e-05,0.25931353555777414,0.2593123713614158,769
1.3994611924607865,0.013808016879273903,0.0012126448422661697,0.00463367614912283,0.00011192602668615596,0.2605795097564186,0.2605696741200333,770
1.4000113107084589,0.01323487653763891,0.0012980045557508088,0.004634626954004536,8.720483344441839e-05,0.25933835282287077,0.2593252460984805,771
1.394002719315554,0.013734380600542708,0.0008664901607905327,0.004484268969627996,8.46293817618313e-05,0.25919942290373865,0.25919892129956945,772
1.396259259015091,0.011410906973230616,0.0011728335324015624,0.0043781455953186815,8.981090339314444e-05,0.25947686147377624,0.2594702308179004,773
1.396777916262516,0.012993944363740883,0.0010436561561634387,0.004586247417243738,5.762139828354618e-05,0.25759087598920877,0.2575827221875025,774
1.395839728906281,0.01332823125457973,0.0010052147076459127,0.0047095725554631065,7.944690217129459e-05,0.25891329917434025,0.2588912878364412,775
1.4100129287957273,0.011800316122405846,0.0018968448488537353,0.004377218910259053,0.00017190792149807482,0.2631113661186802,0.2631062064699999,776
1.4167378374767727,0.01211345442196803,0.0024471816167423895,0.0042530071960502425,0.00012971938757705282,0.2613894419343993,0.26137519128961845,777
1.4007518839564872,0.01266829388302576,0.0011342620074529697,0.004458634164074239,2.8469798447428228e-05,0.25533570974167713,0.25533166482885467,778
1.4005533644586259,0.013408172524522588,0.001139838307418769,0.004703442585736579,3.665910764588372e-05,0.2560546765104243,0.2560148871842158,779
1.4084971001875948,0.012969618362574925,0.0016161141037997358,0.004596165617601848,0.0001966111250503239,0.26402180890792354,0.2640091245513798,780
1.3962603987309505,0.011604478508597136,0.0007955195302996403,0.004438044086931419,0.00021827601278068333,0.2647741670756995,0.26477263827186287,781
1.4092331042341173,0.013215673957095294,0.0015529298615127754,0.004480184548207858,2.0297645292918864e-05,0.2545052908111374,0.2544936900027108,782
1.4099268162312995,0.013344715997231762,0.0010406996311230587,0.0045236804505453,2.2979481065619838e-06,0.25151589844863104,0.25149665410374317,783
1.3932900147462615,0.012144290291996184,0.0009186477665420608,0.004491583223094507,8.030074341886995e-05,0.25896106820746667,0.2589501008009616,784
1.4006263112639192,0.012066326361604228,0.0007837303373371858,0.004499458549390604,0.00026921754177673446,0.2664078500047,0.2663955389815039,785
1.3949710129724027,0.012876617534301124,0.0009429340113341115,0.004610593648553259,0.0001287575028553469,0.2613471363284023,0.26132077026311323,786
1.3968627535789813,0.012564504139826226,0.0006312951996330105,0.004578273470837903,1.3029969110743704e-05,0.2536097048509184,0.25359079693166875,787
1.3954627519847174,0.011490558160342565,0.0009598281584267522,0.004391289544628927,3.947859277495025e-05,0.256283199246797,0.25627645674726185,788
1.3997550558876948,0.011789132590770957,0.0011218170245331305,0.004432923742019113,0.00019452273263499554,0.26394714066161934,0.2639355425814014,789
1.3982003048054106,0.012858445055112118,0.0009380977619794109,0.004637235909702148,0.00019587384318118644,0.26399549367407904,0.26397479745573016,790
1.4031266573699084,0.01290867957283273,0.0013580211709087247,0.004667188345863457,3.7497980988680815e-05,0.2561235595031551,0.25610858870921266,791
1.399159279668599,0.011755709526423866,0.0008702384021330172,0.004484528282676122,1.4313133012879038e-05,0.2537832701480173,0.25377618924178286,792
1.4065099470532596,0.011725285847721902,0.001834716260050274,0.004332687639534173,9.922038173295616e-05,0.2599609428134568,0.25995631694351445,793
1.40004134523107,0.012128453566219192,0.001121383391399596,0.004433336857224898,0.00019418198710722924,0.2639349197022168,0.26392984107224665,794
1.402341005695347,0.013296478662869532,0.0014391583805805062,0.0046881807753672965,0.0001117379427712557,0.2605706169531989,0.2605622373010407,795
1.3991833650117598,0.013140466039708712,0.001139554737377937,0.004685862127303671,4.613768481827803e-05,0.2567924726586331,0.25678228567052463,796
1.4001951816437974,0.011810404176705312,0.0013744171528518906,0.0044249604207406285,6.473949070948844e-05,0.25804608542767776,0.2580406555448651,797
1.4001848109835617,0.011685148749358647,0.0014127278581802473,0.0043399692526808475,0.00010508107661997715,0.2602509061365314,0.26024964007593465,798
1.3990354940949494,0.012744680348794677,0.0012699563138139254,0.004546294254068486,9.447544134833741e-05,0.2597198478047929,0.2597183333239797,799
1.4002155607788427,0.013183565608026854,0.0013098137834618069,0.004682786339788813,7.863258246979611e-05,0.25886750147842086,0.25886133090220764,800
1.394901744675624,0.012443392988502805,0.001012490528666429,0.00456967239871442,9.165308297661368e-05,0.25957356166620416,0.25956440486029647,801
1.3934158497923705,0.011661722092773474,0.0009656858784795224,0.004438827305911013,0.00010022172301840322,0.2600110800125862,0.26000848520451675,802
1.39784736397318,0.012311019194716496,0.0012037096437475,0.004499158332478572,7.285130666237849e-05,0.2585352976903198,0.2585350098435765,803
1.3947746429527081,0.012829821822006515,0.0009513514089040143,0.004558242871959246,6.693917778361781e-05,0.2581816366201157,0.2581801881404655,804
1.3960393518271546,0.012073415339409671,0.0011123569614976767,0.004523090274370782,9.957185735473606e-05,0.25997856990528884,0.259972734463651,805
1.3937110394250667,0.012186694485142261,0.000939208361655383,0.004532850200515174,0.00011162553842643968,0.2605652987854788,0.2605598099284718,806
1.3978997250058662,0.01241038308098701,0.0012052941288009022,0.004592248072687938,7.631997660444626e-05,0.2587361305281255,0.25873394846049497,807
1.3934551716014238,0.012641643822502676,0.0008758926760848693,0.004545476032775117,6.691993887774229e-05,0.258180460798619,0.2581788781477998,808
1.4005867235112628,0.0119425097896553,0.001425985464642313,0.004436861198358602,9.812150116787718e-05,0.2599056297713915,0.2599030080284436,809
1.3955193663048997,0.011739557044616796,0.0010966631686096732,0.004477460766797199,0.00010560834710859623,0.26027659219335847,0.2602733797796784,810
1.3981601649517428,0.012586467396640466,0.0012076036879032847,0.0046373495313193165,7.453002586783888e-05,0.2586330774274206,0.258629062684788,811
1.3943109253599746,0.01258988630513013,0.000946594655617915,0.004630375282135959,7.235517030902577e-05,0.25850618423907135,0.25850034502517427,812
1.3988009623603763,0.012000303324133512,0.0012954773318954833,0.0044510581609456135,0.00010804224620334834,0.2603943372180889,0.2603897062009048,813
1.395848835688591,0.011556397261235687,0.0011307934314162557,0.004424500048729693,0.00010625423833920777,0.2603079696516437,0.260306139802063,814
1.3974607639631897,0.012277592312944747,0.0011573120695284956,0.004596811084567688,6.332038339545111e-05,0.2579574105961331,0.25795546144917264,815
1.3959621680168097,0.012605776880498482,0.0010322542895396403,0.004655325480798464,6.266241944528154e-05,0.25791595979305615,0.2579096113235585,816
1.3959230172529076,0.0119671528798782,0.0010968728654725838,0.004511502484846713,0.00011436995866885822,0.2606943891208829,0.2606852431833907,817
1.3938786841400552,0.011633584739389254,0.0009707643323644099,0.004453939904018563,0.0001228508464666519,0.2610838101060354,0.26107982647597183,818
1.3972659298880576,0.012111222004247035,0.001154555061914806,0.0045742312010532225,6.295045900553901e-05,0.25793413253012193,0.2579327601409352,819
1.395337310497943,0.012340398696190902,0.0009609849175741811,0.004617006054288771,5.034342918573106e-05,0.25709531036570854,0.2570919444063215,820
1.3944269361863626,0.011866183204320205,0.0010165731245481953,0.004516018402153186,0.00010223974140006856,0.26011136694023457,0.2601031873038508,821
1.3924544986121667,0.011685687543638714,0.0008512028711540355,0.004494557539897776,0.00013282490018920576,0.26152496855480334,0.2615187496849634,822
1.3973780711653936,0.012225084848946447,0.0011777164075091413,0.004602637041527766,7.314162666886789e-05,0.2585522878032061,0.25854966920667843,823
1.3947954575454038,0.012199875630735392,0.0009382457183057305,0.004606679352319062,5.1140407486738594e-05,0.25715125216215584,0.257148287071568,824
1.394948924100786,0.01176043976211291,0.0010621261091468019,0.004492755276141078,9.042228484185516e-05,0.2595090632999184,0.2595032551851147,825
1.3925835185447255,0.011668988954130472,0.0008821180297341319,0.004494914288933811,0.0001225466098930167,0.2610700772306708,0.26106470372311835,826
1.3969449231417037,0.012362507168666935,0.0011513894886341434,0.004626207261396414,8.260511758758317e-05,0.25908873575298474,0.2590853237150087,827
1.3941693887060223,0.012295195955698912,0.0009377669244800524,0.004627042985436276,6.390831525116076e-05,0.2579942676494574,0.2579902632573748,828
1.3952127571476698,0.01170920387753095,0.0010832886416510916,0.004489626301408244,9.10154696096726e-05,0.25954020280757556,0.25953461914318027,829
1.3932709338874278,0.011618471721258966,0.0009550295501256742,0.004479996259775755,0.00010511314097755123,0.26025246999398444,0.2602483751310341,830
1.3954890894988392,0.012248963406573731,0.001057349005824775,0.00461703486765438,7.7976259114723e-05,0.2588304167010806,0.2588277691594135,831
1.3935123662831905,0.012310317796768746,0.0009147771772087293,0.0046324254568991825,7.371306188655213e-05,0.2585856311291921,0.2585813772473325,832
1.394967259285291,0.011695308543633487,0.001064900440543303,0.004502828381140491,0.0001014396165454969,0.2600717236134386,0.26006496062980433,833
1.3931475198972951,0.011594928524969749,0.0009515831866703183,0.004489797206878107,0.0001001626996074176,0.26000813167416464,0.2600034772350908,834
1.394691211931453,0.012152120718225265,0.0009974569131792413,0.004609978304117275,6.994849670063464e-05,0.25836352178813654,0.2583614400614295,835
1.3926509543842387,0.012159905853235564,0.0008677699669967942,0.004617011118329535,7.375458317567545e-05,0.2585880488573177,0.2585848489486083,836
1.39478823847625,0.011664739521657398,0.0010493811555932846,0.004503806067701567,0.00010821925253046436,0.2604028482893131,0.2603958923552919,837
1.3925182921300128,0.011612997761413654,0.0009068718145754727,0.004510120475062444,0.00010211229450083213,0.26010506281528384,0.2600990657618054,838
1.3947083338356296,0.012193043135875648,0.0009896336151948085,0.004624217168148103,6.722348608394648e-05,0.25819899299206595,0.2581966931918089,839
1.392358731662425,0.012077581516850696,0.0008521331268287151,0.00460876900006084,7.265845281190376e-05,0.25852399277404103,0.2585216839091109,840
1.3946992096194548,0.011605273602228943,0.0010464754128779149,0.00449292669139433,0.00010937033137389849,0.26045802712627475,0.260452054575935,841
1.3921601644014534,0.011616930392023434,0.000883053282950124,0.004516827646019947,0.00010129986424235886,0.26006478336788025,0.26005813605874145,842
1.3949926554324463,0.012229513907729255,0.001003915643060294,0.004641847913776484,6.640025447696446e-05,0.258148635129699,0.2581457320439844,843
1.3925501578786648,0.012070623809206907,0.0008681039026028416,0.00461667631490145,7.426574607546452e-05,0.25861775760134065,0.2586155561521565,844
1.3943273079477747,0.011548385895183795,0.0010241509568915544,0.004487836016474104,0.00011072647010307177,0.2605226645913985,0.26051747010807863,845
1.391903238192471,0.011600558670304207,0.0008686284873188456,0.004512997653326109,9.822293419676574e-05,0.25991074841759015,0.25990437854506093,846
1.39503344256466,0.01219831090757974,0.001003839990415732,0.0046471456812654304,6.457171343878753e-05,0.2580356526454786,0.2580325379620813,847
1.3928096663789076,0.012045665169297554,0.0008898320402561067,0.004626529492723894,7.612839488109989e-05,0.2587251587309974,0.2587227728038346,848
1.3936493419472216,0.011513511916385461,0.0009780934888896124,0.004494952689150813,0.00011324959624845135,0.2606418793569769,0.2606366133847381,849
1.3915291167677135,0.011593350757801288,0.0008448864285290521,0.00451524449258735,9.593808389595328e-05,0.25979479881855433,0.2597884630712578,850
1.394926105356224,0.012149013431718937,0.0009951300050169334,0.004643199029807447,6.285218869668695e-05,0.25792793722835183,0.25792503085632684,851
1.3928564605372802,0.01197432785211744,0.0008987049431464591,0.004625126744315712,7.682207469200856e-05,0.2587648202886316,0.2587625244278586,852
1.3930645156942574,0.011494387753014356,0.0009387248998172851,0.004504796406990376,0.00011436019178878194,0.26069393247541717,0.260688170355633,853
1.3911061346742168,0.011612370454268824,0.0008154161087810548,0.004528169945892028,9.478256239849603e-05,0.2597356336413454,0.25972858356085116,854
1.3947547547492618,0.012108619597757803,0.0009872644675701027,0.0046411892504109944,6.312632295965658e-05,0.25794520754666966,0.2579424936683512,855
1.3926637460985951,0.011882750854738028,0.000893184375231789,0.004616043989497071,7.764775531340194e-05,0.2588117963726701,0.25880988695660784,856
1.3927581438028411,0.011474881550758643,0.0009219105417313103,0.004509103647027339,0.00011256736133814773,0.2606097766865353,0.26060379590769484,857
1.39086702941119,0.011641495643871588,0.000797429387802532,0.00454233960684093,9.332815400628407e-05,0.25966064977143277,0.2596528175551373,858
1.3944436120546002,0.012065871692498415,0.0009765798018776899,0.00464322125619216,6.573052246820217e-05,0.2581074362450902,0.25810481394042445,859
1.3923230710857901,0.011797891911749831,0.0008790480007593836,0.00460877909205308,8.006801091682804e-05,0.2589480730281345,0.2589464396713433,860
1.3927056758124177,0.011461698158663757,0.0009239480913737174,0.004510944218525728,0.0001085016817606819,0.26041641405478305,0.2604101807215085,861
1.3908575790856683,0.01165817771238345,0.0007953761705813778,0.00455090460613596,9.057472024040423e-05,0.2595170751935878,0.25950876430337,862
1.3939895604916182,0.012012120005430244,0.0009594051293976615,0.004644477533479138,6.975638036289059e-05,0.25835202851784467,0.2583496006330772,863
1.3919229770501682,0.011729491759197682,0.0008605045620739288,0.0046065573779099705,8.413234583681626e-05,0.2591723686055902,0.25917087036710645,864
1.39273844250316,0.011467997482767852,0.0009298825650839171,0.004516166036156566,0.0001036720368905103,0.2601819466159723,0.26017509670149946,865
1.3909502995182537,0.011658070099961343,0.0008003609267684583,0.004555077381581144,8.695683261016836e-05,0.25932506475099065,0.25931642176321795,866
1.393472591044207,0.011936151002091446,0.000938036850263703,0.00464128178853377,7.396981497880248e-05,0.25860057061937186,0.25859852164175157,867
1.391553720876496,0.011674940943516966,0.0008416804000547522,0.004606719903805974,8.826571362635574e-05,0.259394983428743,0.2593936087688747,868
1.3926935765127533,0.011489800826253166,0.0009280292064165266,0.0045261247957848584,9.886401147540437e-05,0.2599430383422475,0.25993525468128575,869
1.3909640942784485,0.011647168586774474,0.0008001925686844869,0.004558979644059158,8.399458616909328e-05,0.25916485603646305,0.25915582506353974,870
1.3930647007375008,0.011841599912996447,0.000923415544544219,0.0046346965540418035,7.823829291087441e-05,0.25884524125792363,0.2588436398158127,871
1.3912835806932833,0.011624068882385822,0.0008277233129309558,0.004607043027127414,9.085511693310964e-05,0.2595317950530375,0.25953056037188704,872
1.3925318482623295,0.011518598711198173,0.0009163239418048295,0.00453840024621819,9.391693889083334e-05,0.25969107521851076,0.25968222928971724,873
1.3908148433810545,0.011629275131819244,0.0007902686541802291,0.0045639021819799935,8.262737923569231e-05,0.259089960353912,0.25908049740550193,874
1.392865242112498,0.01175197085492114,0.0009209741886398611,0.0046280052451174915,8.29784691181448e-05,0.25910925184184436,0.25910804100241347,875
1.3911395462710323,0.01158349093475692,0.0008209375430904501,0.0046078978271248995,9.160208895144565e-05,0.2595708980222049,0.259569781748927,876
1.3922706188165748,0.011540323857932952,0.000896659050113131,0.004549771969050915,8.887125089464945e-05,0.259427154973514,0.25941732577143556,877
1.3905322449768063,0.01159949749752993,0.0007733672403076825,0.004568092965785522,8.269430018151588e-05,0.2590936406450616,0.259083837956015,878
1.3928376049721833,0.011678061964387912,0.0009269545643221413,0.004623703137314815,8.781271995522599e-05,0.2593708441431509,0.2593699003149651,879
1.3911064944548168,0.011562362787983496,0.0008200959712634891,0.0046109448935565695,9.112437348780238e-05,0.2595459087303306,0.25954483975801995,880
1.3919168725523605,0.011544765080390033,0.0008705123932456734,0.004558679376118786,8.45466857357496e-05,0.25919492717403186,0.2591843401826955,881
1.3901541105545534,0.011553886532546138,0.0007519893023456661,0.0045699162879277435,8.376752762139762e-05,0.2591524601950185,0.2591425529506078,882
1.3929173309653031,0.011620657085079153,0.0009370150245669297,0.004622517163753222,9.162707958061099e-05,0.2595722034861682,0.2595714100385255,883
1.391163120168717,0.011553979440420335,0.0008242066387806472,0.004616521033101513,8.993677921439139e-05,0.25948350036718465,0.25948240120497224,884
1.3914655335106625,0.011528079414466796,0.0008392427417090369,0.004564811812594417,8.175995957560337e-05,0.25904212140902805,0.2590310901949302,885
1.3897028592350626,0.011496564611823747,0.0007268838608845334,0.00456966625083264,8.547779075221464e-05,0.25924541998787587,0.2592357059807263,886
1.3930595345356978,0.011586218829563039,0.0009488237543432761,0.004624498450226363,9.352911309231408e-05,0.25967104508790617,0.2596703280710497,887
1.391287979150622,0.01155113351752014,0.000832277249422067,0.004623515905659,8.845131560019023e-05,0.25940485595850304,0.2594036860776249,888
1.390944865334895,0.011490889668483615,0.0008060637801493929,0.004568393601199196,8.080986235209512e-05,0.2589894305910939,0.2589782391984754,889
1.3892267760763657,0.011438144238115141,0.0007000256685925851,0.004569109152062121,8.727184909265345e-05,0.25934194032803964,0.25933257145395616,890
1.3932185622776319,0.011574248931388427,0.0009602268541176796,0.0046291860260783075,9.336308193139732e-05,0.25966245734435073,0.25966177875715324,891
1.3914444080628035,0.011546892527663602,0.0008424529170770867,0.00463000528363375,8.713134842139853e-05,0.2593344174119973,0.2593332119537976,892
1.3904168146331393,0.011438043084964569,0.0007750432893612637,0.004569736665857909,8.148055565153662e-05,0.259026658055534,0.25901556275836934,893
1.388781125947204,0.011390454183854651,0.0006740145009781739,0.004570253115663874,8.847625744521427e-05,0.2594061818739175,0.25939708612553297,894
1.3933608474628643,0.011574116016269788,0.0009696922906374253,0.0046355175621402706,9.185489197573418e-05,0.2595840957828965,0.2595834325505288,895
1.3915999499423866,0.01153255073339588,0.000853425218477843,0.0046344325325237265,8.638452876243146e-05,0.25929432777356337,0.2592931616343053,896
1.3899237900886627,0.011377065252301748,0.0007475785234156225,0.004569535202993248,8.296345840758655e-05,0.25910842787793736,0.25909759507609204,897
1.3883804622679112,0.011358448542563312,0.0006495124338975318,0.004573918965332276,8.867283526501428e-05,0.2594166254712086,0.2594076249828951,898
1.3934903283853008,0.01157194824504884,0.000978275326605973,0.0046417557008527986,9.037754855146805e-05,0.2595067107114642,0.2595060696796217,899
1.391747635057329,0.01150405640258055,0.00086522823014365,0.004636586807623956,8.645963324067393e-05,0.2592983672352018,0.2592973090500486,900
1.3894741411148348,0.011319931177002534,0.0007223122998685176,0.004569552212820007,8.40915608712821e-05,0.2591701450845274,0.2591595662245088,901
1.3880131285166413,0.011338500262983968,0.000626124028711385,0.00457952750667903,8.807633531840747e-05,0.2593848993238291,0.25937585860196316,902
1.3936218078709717,0.011555475028710023,0.0009880911518625993,0.0046460454430202695,9.011725333967639e-05,0.2594930107626441,0.2594924299050094,903
1.391885460682849,0.011464146820854828,0.0008774238120663942,0.0046371527767899365,8.713954783273246e-05,0.2593348566048297,0.25933392835278196,904
1.3890753035953964,0.011276069964795812,0.0006985571698293295,0.0045713362627731085,8.395215883504169e-05,0.25916254106866876,0.2591520136544245,905
1.3876856281205723,0.011321193316391701,0.0006051997042349764,0.004585376073087053,8.752744644659531e-05,0.2593556104261879,0.25934650899823564,906
1.3937323282317147,0.011522319289926518,0.0009978595682371616,0.004647906179339217,9.123403291822816e-05,0.2595516507954504,0.2595511617162135,907
1.3919847061484703,0.011422245580507294,0.0008870887184188927,0.004637549737274678,8.77012255343742e-05,0.259364893247356,0.25936406127149986,908
1.3887469192252238,0.011246727326422378,0.0006775620377904739,0.004575076913404366,8.264316405496978e-05,0.25909082856812127,0.25908010690589767,909
1.3874146735246415,0.011297340896820393,0.0005888902432585604,0.00458970844044957,8.796338471807766e-05,0.2593788797155139,0.2593698169974202,910
1.3937767035885478,0.011481340277556217,0.0010036483162182168,0.004648758829984506,9.256524235392891e-05,0.25962108322144284,0.2596206714741201,911
1.3920095126441958,0.011386099797311346,0.0008909745607720086,0.004639035058134681,8.726336526927185e-05,0.2593414862452006,0.25934067652992887,912
1.3884964849548045,0.011222038310142197,0.0006612461596407174,0.004579252239075642,8.130566590242108e-05,0.25901696544866515,0.2590059442264202,913
1.38721192125288,0.011266387058069437,0.0005779559576815905,0.0045923911556519795,8.956287082581763e-05,0.25946376620726747,0.25945485966193815,914
1.3937051604374453,0.011444990402038262,0.0010013043738792606,0.004650611001269037,9.266157067193477e-05,0.2596260880253577,0.2596257063880614,915
1.391920255837947,0.011354091519282114,0.0008863506398218001,0.004641495488080172,8.565988882967617e-05,0.2592552627639455,0.2592544094354541,916
1.3883418818720725,0.011191254661190815,0.0006527624411432868,0.004581913684608735,8.112503046848192e-05,0.2590069434587146,0.25899573133631215,917
1.3871096120557862,0.01123841956799986,0.0005733492774232794,0.004594944982799246,9.144889483912906e-05,0.2595628915521995,0.2595541431608555,918
1.3934680970299884,0.011414302137857234,0.000987468044464836,0.0046536209859485995,9.138942036686138e-05,0.2595597813974411,0.2595593910835654,919
1.3916801143753186,0.011316208594594666,0.0008716119788104753,0.004643317764801485,8.373308313445488e-05,0.2591505782950836,0.2591496640814171,920
1.3883182809341177,0.011155584882822082,0.000654435462070564,0.004582945873155375,8.209606707737262e-05,0.25906068800242965,0.25904942500891714,921
1.387140054659858,0.011222041569176664,0.0005765263803757608,0.0045986332430886165,9.267920187660695e-05,0.2596270037850105,0.2596182846504442,922
1.393051416207788,0.011378490294947039,0.0009618516892271283,0.004656134912616956,8.999449521941618e-05,0.2594865428486576,0.25948614167661915,923
1.3912875902440982,0.011265932131866191,0.0008477126863708572,0.00464332977758246,8.236114433465816e-05,0.25907530409047863,0.2590743557430909,924
1.3884346648764547,0.011126141320230517,0.0006649754086271991,0.004584169211443743,8.312330795860181e-05,0.259117198470945,0.259105849382888,925
1.3872958081651527,0.01121346398381546,0.0005874248948252355,0.004602947892351331,9.338804390901388e-05,0.25966374895726363,0.2596549287746263,926
1.392489271170126,0.011331868132847773,0.0009273379419194772,0.004657244480515625,8.93747748872657e-05,0.25945382329469224,0.2594534285614098,927
1.3907738731637223,0.011208417159224094,0.0008164590951804317,0.004642321581580871,8.141541397692375e-05,0.2590230490399268,0.2590220782506401,928
1.3886696845396687,0.011108251257693642,0.0006820747020820782,0.004586646668714768,8.353658450317298e-05,0.25913983503697813,0.2591282272979432,929
1.3875438665054145,0.011203524788012781,0.0006044977963769139,0.004606596226353448,9.426711762845515e-05,0.2597091254821665,0.2597001385946955,930
1.3918429512878827,0.01128040341441041,0.0008876654128989486,0.004657719371226043,8.931144076391618e-05,0.2594504730444521,0.25945008777030637,931
1.390195946501943,0.011153448305549518,0.000780507198569302,0.0046417974674617555,8.031437149345924e-05,0.25896182857978545,0.25896081007534494,932
1.3889728507590053,0.011095851273336349,0.0007031797796944466,0.004589627749880897,8.377098908668268e-05,0.2591526492933294,0.2591406765795963,933
1.3878345783127435,0.011189074941007798,0.0006245857135820947,0.004609284333813478,9.550480272432305e-05,0.25977265586851,0.25976347105638775,934
1.3911901659283614,0.011231991563292038,0.0008473335056081436,0.004658622971833067,8.917605835976773e-05,0.25944330759637574,0.25944291732616354,935
1.38963009150954,0.011103947495353999,0.0007446212799217593,0.004642119118196303,7.899213799039617e-05,0.2588877521337173,0.25888666046093023,936
1.3892728695141756,0.011081315238414446,0.0007245321417582839,0.004592213403824252,8.445803495828302e-05,0.25919010527460284,0.2591778075230404,937
1.3881090789858428,0.011173040955829034,0.0006435737804163692,0.0046117727442467355,9.678231115890411e-05,0.25983780011785684,0.2598283997943314,938
1.3906095843215214,0.011188794633045307,0.0008113405953931153,0.004660165314260105,8.86386429194215e-05,0.25941480976543985,0.25941440113956243,939
1.3891496980828917,0.011057075837733923,0.000714260349659141,0.004642661621758713,7.780105035454671e-05,0.2588204903692792,0.25881933470324514,940
1.389500827088986,0.01106382088771084,0.000741556210456625,0.004594645494376622,8.56425770412623e-05,0.2592543274764438,0.2592418190368703,941
1.388311461103457,0.011158377086370708,0.0006576304545238487,0.004614835700110651,9.784731238214954e-05,0.2598917800411326,0.2598821808693763,942
1.3901596029621675,0.011147474886859573,0.0007837865322374109,0.004661731152882395,8.777730846717885e-05,0.259368954502354,0.2593685291208529,943
1.3888004370773115,0.011010935855199012,0.0006928488618490559,0.004643018092661409,7.689012674076005e-05,0.2587687015424611,0.2587675175490148,944
1.3896098217371746,0.011046928616430335,0.0007505767931905202,0.004597817726998349,8.696090496416843e-05,0.25932528310370084,0.25931266824320787,945
1.3884031558914516,0.01114443191466127,0.00066425231007185,0.0046186086945938605,9.879140656348201e-05,0.25993938662913774,0.2599296663023453,946
1.3898634892090496,0.011103992690694927,0.0007665116230450791,0.004662606914307398,8.676552469411155e-05,0.25931480137706175,0.25931437522876594,947
1.3885888510236892,0.010967041410557382,0.0006804829758460574,0.004643431481767802,7.604195213844877e-05,0.2587202036752847,0.25871902435747085,948
1.3895900881021472,0.011032676939496663,0.0007507036866370557,0.004602143229526186,8.824443294886425e-05,0.25939385080512056,0.2593812181585292,949
1.3883783837158472,0.011128288164972694,0.0006631554304255456,0.004622711270104,9.987561951179892e-05,0.25999377904057314,0.25998405733579055,950
1.3897069598735887,0.011057834998591648,0.000758505746176664,0.0046626942565093235,8.551015494768845e-05,0.25924717010483145,0.2592467558559095,951
1.388490257162609,0.010926981487477968,0.0006750649265156559,0.004644225720913424,7.502453957408298e-05,0.25866167071494195,0.2586605117469194,952
1.3894666092951584,0.011019472900142846,0.0007437819294127677,0.004607240092306657,8.97189198000743e-05,0.25947200716849783,0.2594594625101157,953
1.3882631045414224,0.011108493335890094,0.0006561047906274408,0.004626838861382702,0.00010115149429526948,0.2600574099198188,0.26004779127167954,954
1.3896503780969198,0.01101110797207765,0.0007567141264609742,0.004662384648683644,8.374721197947505e-05,0.25915135028176034,0.2591509461432578,955
1.3884646547927009,0.010889517182375219,0.0006740764678595784,0.004645256218256202,7.391091822686035e-05,0.2585971459349519,0.2585960173062356,956
1.389284555807551,0.011005979535814326,0.0007328760897603831,0.004612641531511407,9.163233574555082e-05,0.25957247803578315,0.2595601369320634,957
1.388099081032635,0.011086596903522521,0.000645901316430594,0.004631056367022584,0.00010234620400460218,0.2601166300715506,0.26010715045766325,958
1.3896491207354207,0.010964068536606876,0.0007579100638592332,0.004661789013769456,8.148403557986515e-05,0.25902685081187593,0.2590264471297841,959
1.3884720328386808,0.010852088079604858,0.0006754009187963981,0.004646154890122171,7.293450452714373e-05,0.25854017005258934,0.25853908416909854,960
1.3890887406646202,0.010993680101943367,0.0007206874424269772,0.004618387964749435,9.389508038344192e-05,0.25968994738806367,0.25967788446270035,961
1.3879208098596612,0.011063887664995466,0.0006349490629428197,0.004635398781731933,0.00010320691778581986,0.26015908055809284,0.2601497189931195,962
1.389671295217707,0.010914700985737096,0.000760174943964587,0.004660615268490529,7.905834840372486e-05,0.2588914761656164,0.2588910673423857,963
1.3884835098019328,0.010814243882669652,0.0006773350475098646,0.004646915349297576,7.217768155515789e-05,0.2584957449087857,0.25849471169802035,964
1.388905168489302,0.010984458503949352,0.000708720415397542,0.0046246922982677244,9.622998646232941e-05,0.25980968839782026,0.2597979247739271,965
1.3877411746979869,0.011038776488511082,0.0006242464041956524,0.004639510275983071,0.00010376253419307335,0.26018638965448865,0.2601771186259802,966
1.389703647772294,0.010862849512406804,0.0007628439467293183,0.004658829059369564,7.67168335937042e-05,0.2587588146226361,0.25875839868868705,967
1.388487538817092,0.010777758288196082,0.0006789022490732613,0.004647883573060561,7.156803946336711e-05,0.25845978956377563,0.2584588113523433,968
1.3887350272394907,0.010976802793450863,0.0006971765819316013,0.004631345224596907,9.852614408868945e-05,0.2599260336534131,0.25991457670728496,969
1.3875553023078118,0.011009121556158161,0.0006135896035654848,0.004643035270323145,0.00010408712715372938,0.26020230989304527,0.2601931102932231,970
1.3897462745622313,0.010811228705684196,0.0007657861636751134,0.004656895436983217,7.446716088678876e-05,0.25862943572238584,0.25862900918121845,971
1.3884888633604544,0.01074366163523472,0.0006803904056297677,0.004649244592924041,7.111164509569366e-05,0.25843277208844717,0.25843185196187907,972
1.3885624106496801,0.010966882578905235,0.0006852920853903605,0.0046378561318081235,0.00010077424281078261,0.2600386374977276,0.2600275057667122,973
1.3873519966750243,0.010974954441442659,0.0006023388092643021,0.004646019134621442,0.00010405507780740972,0.2602007390814298,0.2601915792437632,974
1.389805685651182,0.010762008482608868,0.0007694590274121211,0.004655218919469641,7.2379932812391e-05,0.2585076396733989,0.25850720136513833,975
1.388500547737716,0.010711473010652731,0.0006829353488045236,0.0046509010021313305,7.09128865401884e-05,0.25842097895379085,0.25842012730384,976
1.3883680894308466,0.010952362531749908,0.0006721185465895843,0.004644003696435274,0.00010276186034660952,0.26013715247722996,0.26012634633345677,977
1.3871218074639164,0.01093694306749425,0.0005898922943605228,0.0046486002523549235,0.0001035623744380349,0.2601765600493504,0.2601673994431106,978
1.3898875865862006,0.010715468459260625,0.0007747870803486659,0.0046538867870550785,7.068894611415173e-05,0.25840767186051833,0.25840723035418234,979
1.388533290576789,0.010681084183787467,0.0006872624293022967,0.004652830165174688,7.096545546075678e-05,0.25842409968250357,0.258423327924912,980
1.3881392513638606,0.010932489917320584,0.0006571967537468766,0.004649754554588292,0.00010417959077231135,0.2602068403912431,0.2601963251864598,981
1.3868621913324406,0.010894781403951231,0.0005759665293319839,0.004650696857192087,0.00010274954446350256,0.2601365449963734,0.2601273629985328,982
1.3899893356139303,0.01067241259676068,0.0007820259466009766,0.004653100831219566,6.952221496988082e-05,0.25833799825916753,0.2583375685417171,983
1.3885902401038874,0.010652984575897277,0.0006933003077787718,0.0046551363841449995,7.114521267647609e-05,0.2584347621588564,0.2584340753040992,984
1.387872616146659,0.010905831764017616,0.0006406258540783527,0.004654860904023495,0.00010494611500641824,0.2602443211100794,0.2602340510033751,985
1.386581206866072,0.010849215032774508,0.0005608909196811909,0.004652330366574135,0.00010179647177316104,0.26008942375823124,0.2600802176571247,986
1.390099264039583,0.01063442534502265,0.0007904140980792708,0.0046532237385071605,6.884372332189685e-05,0.2582972117799835,0.2582968082341112,987
1.3886679397421127,0.01062663891882933,0.0007007316542470951,0.004657748146883556,7.13929080293662e-05,0.25844943240871043,0.2584488314762232,988
1.3875754807591976,0.010871510022168667,0.0006229921886868532,0.004659064348039152,0.00010512523968815464,0.2602530600158272,0.26024298891954234,989
1.3862949492684908,0.010802999895459795,0.0005454826149563794,0.0046538178147195386,0.0001007811678850503,0.260038982412827,0.2600297472321232,990
1.3902046316125323,0.010601390595647964,0.0007992241351793899,0.004654302739377787,6.865387577722125e-05,0.2582857634396126,0.25828539976537884,991
1.3887587986647374,0.010600775268796941,0.0007091019402051341,0.004660470878474834,7.16939358140178e-05,0.2584672271620654,0.25846671057337073,992
1.3872637378912431,0.01083122050271273,0.000605256723974163,0.004662470450245886,0.00010471734034959952,0.260233149092513,0.2602232135186854,993
1.3860191028209714,0.010758232313601856,0.0005305488187797734,0.004655373822568428,9.987738432437498e-05,0.2599938673357402,0.2599846064331485,994
1.3902984547027992,0.010571958665604552,0.0008080004691203778,0.004656135899698097,6.890187737650929e-05,0.2583007154737715,0.2583004025058712,995
1.388855388975648,0.010574828314730354,0.0007177388825711326,0.004663244124925499,7.193652568047743e-05,0.25848154028938597,0.2584811012786874,996
1.3869533959000633,0.010787355025762441,0.0005881858231822396,0.004665284696294093,0.00010384899729548067,0.26019063282114907,0.26018076906683746,997
1.385762694625492,0.010715806812814829,0.000516558008457286,0.004657051392556134,9.92980988245675e-05,0.2599648431409916,0.2599555789586647,998
1.3903820838601508,0.010545187387173654,0.0008162968070783916,0.004658577361159476,6.932724988685156e-05,0.25832629869070595,0.2583260388145113,999
1.3889550606655525,0.010548398642946641,0.0007262661253790635,0.004666023917113725,7.199664665047512e-05,0.25848508377392204,0.2584847125445478,1000
1.3866555842662847,0.010741755346770245,0.000572098037002012,0.004667639035202305,0.00010285851768152365,0.26014191883627175,0.26013209633886436,1001
1.3855287418078532,0.010676913414487114,0.0005036713644015482,0.004659004345332963,9.903621337038223e-05,0.2599516939950132,0.2599424459113183,1002
1.3904628021905971,0.010519113571769685,0.0008241864850098571,0.0046612798098735605,6.968486314678524e-05,0.25834774599199,0.2583475360567244,1003
1.3890559510913256,0.010520782913838981,0.0007345769806119465,0.0046686936093533,7.185631342939184e-05,0.2584768103334563,0.2584764986214411,1004
1.3863816985588282,0.010697612613365225,0.0005573652027892733,0.0046699098776254045,0.00010198986503828365,0.2600990031705255,0.2600892111505246,1005
1.385318804083939,0.010641196985670466,0.0004920579659825437,0.004661136275959578,9.90330879016144e-05,0.25995153696177703,0.25994231640865445,1006
1.3905411766421114,0.010491714384529427,0.0008314956781909597,0.004663903702130192,6.980540483519508e-05,0.2583549628865241,0.25835479698501673,1007
1.3891473638991771,0.010492418037024321,0.0007419383440448357,0.004671361946165538,7.152517745186962e-05,0.25845725590554464,0.25845699628931856,1008
1.386145380997812,0.010657488884789488,0.000544624167321517,0.004672388621839358,0.00010144763100945696,0.2600721214751142,0.26006235870600664,1009
1.3851376706114151,0.01060703152563897,0.00048218717196683576,0.004663126182730455,9.919188590705403e-05,0.2599595123327929,0.2599503140163403,1010
1.3906022146400994,0.010462878939099552,0.000837014959711366,0.004666486310719954,6.958241795674374e-05,0.258341607636226,0.258341477985954,1011
1.3892085549890536,0.010464426271240794,0.0007470699444864106,0.004674283348690292,7.110426851149594e-05,0.25843233470110716,0.2584321214422345,1012
1.385959522413029,0.010621732925701639,0.0005346524323276341,0.0046750202630629345,0.00010138765436944628,0.26006914367607525,0.26005941024463897,1013
1.3849932778280953,0.01057370487810488,0.00047473641706474647,0.004664822807247468,9.926620405667022e-05,0.25996324264768605,0.2599540193281764,1014
1.3906219894178549,0.010432899839977328,0.0008395272141115833,0.004669131878863353,6.920943478453423e-05,0.25831922080392955,0.2583191226587154,1015
1.389216352141767,0.010437740738684337,0.0007487733781788782,0.004677680162312496,7.080348374919609e-05,0.25841448059889593,0.25841431066648246,1016
1.385832665742465,0.010590234534241223,0.0005281416883859239,0.004677749599579198,0.00010161742067436558,0.2600805466456123,0.2600707981136372,1017
1.3848914542117423,0.010539740467094605,0.0004702004633055383,0.004665976691466763,9.923712685039878e-05,0.2599617833167761,0.25995247570590396,1018
1.3905763357427114,0.010404079005837563,0.0008376497589899228,0.0046723001253997755,6.886719901378981e-05,0.2582986263329415,0.25829855589973544,1019
1.3891552643166087,0.010413484478625196,0.0007461490359842889,0.004681793630184157,7.072079181983142e-05,0.2584095654953054,0.25840943520699233,1020
1.385762905560285,0.010560017671290764,0.0005252382571890894,0.004680108827313858,0.00010199384962743966,0.260099200444958,0.2600893674019946,1021
1.3848360660228454,0.010506489848069064,0.0004687615951286703,0.004666879228120627,9.906128110293407e-05,0.25995295338595203,0.2599434890948164,1022
1.3904537296440684,0.010376689267721867,0.0008311559154144484,0.004676039419135599,6.880410713082013e-05,0.258294824116931,0.25829477875753654,1023
1.389021793391897,0.010390696623905314,0.0007391211063192935,0.004686425626524754,7.089997356349828e-05,0.25842021220418454,0.2584201164388368,1024
1.3857478227415467,0.010530324975177275,0.000526008540938937,0.004682044607380876,0.0001022194591817889,0.2601103639490272,0.2601003342232999,1025
1.3848292260491495,0.010474516948804241,0.0004704065135522306,0.0046676897690770104,9.901057295349316e-05,0.25995040566778527,0.25994074393494354,1026
1.3902524001904877,0.010351130553417904,0.0008196854164293573,0.004680395074881016,6.892007716713352e-05,0.25830181167981625,0.25830178538119497,1027
1.3888208079693793,0.010368019691782034,0.0007277679510242837,0.004691272758723893,7.117591475697712e-05,0.25843658193565244,0.258436512219381,1028
1.385784171282767,0.010499785795320061,0.0005302540967781647,0.004683386792632417,0.00010242580434008947,0.260120563439853,0.26011025287657713,1029
1.3848721932863015,0.01044667294642248,0.00047503793920998543,0.0046689935371981555,9.905997194155228e-05,0.2599528876182519,0.2599429808548642,1030
1.3899832815197235,0.010324110452119027,0.0008042587373942426,0.004684666478859041,6.925047899963416e-05,0.25832168726879556,0.25832167417063173,1031
1.3885614218694629,0.010343081081067728,0.0007127012867354272,0.0046958047489446585,7.147194596274471e-05,0.258454108229893,0.25845405625854256,1032
1.3858736600466621,0.010471677180080968,0.0005379297906131095,0.0046847502947563865,0.00010252179179398288,0.26012530452845656,0.2601146238945057,1033
1.3849609297232726,0.010420863707798123,0.00048240573791082716,0.004670492599533923,9.948738161275441e-05,0.25997433614897525,0.2599641752154269,1034
1.3896581706956153,0.010296521682208591,0.0007848135166948606,0.004688939663461871,6.943653315368599e-05,0.25833285864236794,0.25833285196771416,1035
1.3882576245140552,0.010315924068818573,0.0006946008368433322,0.0046999700669227845,7.16568603119188e-05,0.2584650375257242,0.25846499591157773,1036
1.3860056706882344,0.010444310602437574,0.0005481617825717998,0.004685912638722423,0.00010294899871788764,0.26014637860115064,0.26013533120115684,1037
1.3850871102786393,0.01039932351869707,0.0004919882719006387,0.004672686436056758,9.984620668153164e-05,0.2599923073752528,0.25998182597374686,1038
1.3893016104526392,0.010264958113159311,0.0007638279280585213,0.004692448925947043,6.976090238457458e-05,0.2583522992274328,0.2583522961388379,1039
1.3879278619710633,0.01028607947703335,0.0006750099693296093,0.0047036017138831114,7.187600537906957e-05,0.2584779717727219,0.2584779369242925,1040
1.3861711280285687,0.010421842477654996,0.0005603562655588669,0.004687693100132603,0.00010325962104335175,0.26016167412601643,0.2601502133101722,1041
1.3852348372317518,0.010376177774031294,0.0005029271100842974,0.004674579021378541,0.000100541185865464,0.26002702278173656,0.2600162252564562,1042
1.3889317929985565,0.010234357873786015,0.0007413449445060219,0.004696074968497449,6.982884343311385e-05,0.2583563654439663,0.25835636330320694,1043
1.387595967878292,0.010256215954525253,0.0006551366273775212,0.0047071746823996365,7.202198921158395e-05,0.25848657700204175,0.2584865462296437,1044
1.3863408077785906,0.01039780365733272,0.000572652207964071,0.004689103789613638,0.00010396509182775452,0.2601963273695853,0.2601845268694654,1045
1.3853874351794253,0.010355873203467859,0.0005141601383559315,0.004677037412678334,0.0001008729638147638,0.2600435533460406,0.26003236595319595,1046
1.388579336458354,0.010201682140770213,0.0007206349616099137,0.004699153499144997,7.012505169731681e-05,0.25837407019897235,0.258374068889424,1047
1.387284736123242,0.010225685359274286,0.0006369285655447227,0.0047104785111288,7.230103637171967e-05,0.25850300160953293,0.25850297546242973,1048
1.3865012821266025,0.010376994605435228,0.0005844067737218108,0.004691098908371607,0.000104256924616015,0.2602106280226054,0.2601984480133344,1049
1.3855263017204569,0.010331982310119244,0.0005245543925799939,0.004678897366081941,0.00010148621684252835,0.2600740367699611,0.260062506605399,1050
1.3882572272973421,0.010171959374819916,0.0007014129658680508,0.004702652363571064,7.026167100948681e-05,0.25838222351226015,0.2583822223957257,1051
1.3870101689390153,0.010197420788562065,0.0006207671170602666,0.0047140833939273,7.244901634052484e-05,0.25851169879286884,0.25851167641216255,1052
1.386627187072385,0.010352000829069013,0.0005939655011142357,0.004692475163990406,0.00010478408870159139,0.26023640995181374,0.2602239454798607,1053
1.3856398995666737,0.01030971840708756,0.0005333439353097787,0.004681131785510065,0.00010175767951835484,0.2600875011533261,0.26007561085725867,1054
1.3879819220909617,0.010142941776021583,0.0006855038607773635,0.004706139984810724,7.051705455702303e-05,0.25839744333455267,0.2583974426941287,1055
1.3867819968266069,0.01016933106494159,0.0006078513556636311,0.004717536349630789,7.268942459383617e-05,0.25852580932192576,0.25852579214989335,1056
1.3867171086906955,0.010328076836532255,0.0006013746007868612,0.004694178746421513,0.00010490456686351797,0.26024229304714125,0.26022953320395037,1057
1.3857200473075575,0.01028506201486009,0.0005399929143568478,0.004682980154142884,0.00010216003015381994,0.26010742450646157,0.26009524626695824,1058
1.3877551913481743,0.010116057863435125,0.0006726032486336585,0.004709913312314169,7.073283545146613e-05,0.2584102815322358,0.25841028133909666,1059
1.3865993164711983,0.010143818180085262,0.00059746943419332,0.0047213538560332505,7.274961182027568e-05,0.2585293382990872,0.2585293255747229,1060
1.3867645107588107,0.010301209646613666,0.0006060817575353455,0.004695491276796275,0.00010512558048308553,0.26025307663499525,0.26024010082043986,1061
1.385765399270988,0.01026032687085408,0.0005444258000600517,0.0046848878573998234,0.00010241718648384389,0.26012013767119024,0.26010771414613015,1062
1.3875761082937328,0.010091218941999882,0.000662580453853209,0.004713996067198312,7.086996072368938e-05,0.2584184298253112,0.25841842982172303,1063
1.3864593054976126,0.01011883829309517,0.0005899695792884129,0.004725133411500824,7.285102025376116e-05,0.2585352809124106,0.25853527306302987,1064
1.386776170188506,0.010274282058676976,0.0006085394637664314,0.004696873804755933,0.00010519881313097514,0.2602566472656017,0.2602434825925502,1065
1.3857780051898931,0.010234769373904794,0.0005467850526262965,0.004686706834518583,0.0001026092084102505,0.26012962034877174,0.2601170059006776,1066
1.3874401241073169,0.010067425808564788,0.0006553802067247776,0.004718186750872939,7.10180753581532e-05,0.2584272222800964,0.25842722165661014,1067
1.3863533011092954,0.010095792528308011,0.0005844362368155631,0.004729191819657023,7.285653812583629e-05,0.2585356041453336,0.25853560011816207,1068
1.3867574042822655,0.01024663321501495,0.0006090386779194759,0.00469815085687502,0.00010525881743564416,0.26025957199086025,0.260246259509009,1069
1.385762168016854,0.010207961592658854,0.0005473659418803649,0.004688387563043147,0.00010276976804262961,0.2601375425050961,0.26012479387996035,1070
1.3873379265283052,0.010045915246223705,0.0006500509027237359,0.004722760644013615,7.105136690456406e-05,0.2584291972870828,0.25842919469292647,1071
1.3862738870398972,0.010073619963450395,0.0005806520730230548,0.004733341179539099,7.288199219051678e-05,0.2585370950674405,0.25853709382536255,1072
1.3867149998460793,0.010218274314838708,0.0006080220899164004,0.0046992841590097235,0.00010531422609175323,0.26026227197514046,0.2602488451970165,1073
1.3857241417957464,0.010180993671307337,0.0005465828125734283,0.004690145908335505,0.00010278901702267545,0.26013849185148735,0.26012563907837927,1074
1.387262494580133,0.010025553758627561,0.0006465050061157784,0.004727479847651667,7.112381494601691e-05,0.2584334936382271,0.2584334867781496,1075
1.3862127332291512,0.010052389719115849,0.0005780109579803132,0.004737614791307712,7.290145066315634e-05,0.25853823463387815,0.258538234593474,1076
1.3866565127962025,0.010190106501457899,0.0006060081132987045,0.004700394848756622,0.00010526942766132376,0.2602600890669294,0.26024655634391486,1077
1.3856691113535717,0.010152902478857431,0.000544744858691466,0.004691829325898596,0.00010282062166467142,0.26014005037781723,0.2601271413766393,1078
1.3872047016623206,0.010007231311810472,0.0006439154870261077,0.004732531832331785,7.115465986376651e-05,0.25843532215530424,0.25843530862182584,1079
1.3861634193505072,0.01003169103419938,0.000576106468559393,0.004741958506042392,7.291152129908877e-05,0.2585388243511088,0.2585388238683197,1080
1.3865859440646464,0.010161200992812312,0.0006032342352754942,0.004701324070603127,0.00010523767002353855,0.2602585413204577,0.2602449297419026,1081
1.3856022489097908,0.010125009447517545,0.0005421746780794932,0.004693715693358853,0.00010275952748173566,0.26013703741147953,0.26012409575695455,1082
1.3871590485694771,0.009990033583272922,0.0006421370509263512,0.004737722927308222,7.122551224917419e-05,0.2584395208542413,0.2584394977582161,1083
1.386121005783668,0.010010905308500568,0.0005746866157540706,0.004746259589625535,7.293240338142495e-05,0.25854004703625366,0.25854004461456875,1084
1.386508088488767,0.01013286417765017,0.0006000186142944305,0.004702314001776755,0.00010511042882967442,0.2602523377251081,0.2602386539531044,1085
1.3855263783578946,0.010096514209576383,0.0005390303366899158,0.004695679350233012,0.00010273206554741834,0.26013568278644406,0.2601227472224599,1086
1.3871203762013324,0.009974041398347282,0.0006407191296839275,0.004743058839269101,7.128455647727887e-05,0.2584430182089866,0.25844298349159783,1087
1.3860823242604847,0.009990014592709269,0.0005734810152830615,0.004750538328428788,7.292985063984608e-05,0.25853989757783113,0.2585398921189407,1088
1.386423314459381,0.010104306253594505,0.0005963450734887874,0.004703282187341471,0.0001050060063358614,0.2602472438409487,0.2602335210944746,1089
1.3854433996722326,0.010068099432606465,0.0005354454420116484,0.004697885234904425,0.00010265458356659833,0.2601318598276229,0.2601189504531537,1090
1.3870861535150076,0.009958499938150837,0.0006396013051968073,0.00474838248189842,7.136129730747921e-05,0.2584475616190401,0.258447513748694,1091
1.3860461812981841,0.009968562440515938,0.0005725036513565781,0.004754712049874379,7.293946303779772e-05,0.25854046035280287,0.2585404509794989,1092
1.3863320935613581,0.010076319701375415,0.0005922576191261303,0.004704436703961963,0.00010484147882787348,0.2602392128031345,0.26022547312416366,1093
1.3853536284896455,0.010039052801468187,0.0005314436930728473,0.004700212904575553,0.00010259485445910554,0.26012891181021464,0.2601160549425373,1094
1.3870544323875524,0.009943273489857327,0.0006386152824093856,0.00475366479060745,7.14310820692152e-05,0.25845169107748356,0.25845162982208514,1095
1.3860127317704558,0.009946730462526438,0.0005717111059941295,0.004758829780329417,7.29376679460346e-05,0.258540355258772,0.2585403414155295,1096
1.3862321836497582,0.010048084924275877,0.0005876120686136212,0.00470572598540886,0.0001046811793112256,0.26023138208216395,0.26021766525002815,1097
1.3852572738819084,0.010009754613631027,0.0005270488188451284,0.004702742755941156,0.00010249565538365758,0.2601240137980772,0.2601112218411645,1098
1.3870249616708563,0.009927791891449793,0.0006378347820693222,0.004758806282616613,7.152094724751257e-05,0.2584570058086484,0.2584569313699296,1099
1.3859833494230762,0.009924374203009035,0.0005712309357711084,0.004762861701392536,7.293935836761826e-05,0.25854045422490035,0.2585404353248795,1100
1.3861224913207546,0.01001983796718708,0.000582366373090147,0.004707274599697742,0.0001044637336094428,0.2602207501490567,0.26020708674970083,1101
1.3851543974354226,0.009979802869443201,0.0005222551403064443,0.004705374279236245,0.00010241276136830847,0.26011991903961235,0.26010720879924737,1102
1.386997693748796,0.00991197704415276,0.0006372097190689088,0.004763813723916451,7.160374253563993e-05,0.2584618994638107,0.25846181296709225,1103
1.3859596477604068,0.009901679151637699,0.0005711271229410984,0.004766841508618649,7.29268903367747e-05,0.2585397242541416,0.2585396996990135,1104
1.3860019572837128,0.009991010258547395,0.0005764507998059602,0.004709042919162837,0.00010423643110932265,0.26020962443527296,0.2601960539469792,1105
1.385045897746443,0.009949655650399632,0.0005171146634695108,0.0047081543710876,0.00010230809327533742,0.2601147463277799,0.2601021237404815,1106
1.3869735631134001,0.00989529256492865,0.0006368784955431718,0.004768603803283961,7.170053268227499e-05,0.25846761670615026,0.25846751888234,1107
1.385942798796965,0.009878777106127857,0.0005714640207176894,0.004770789935540514,7.289753949876432e-05,0.25853800559257045,0.25853797456766153,1108
1.3858718696669168,0.00996187277643634,0.0005699484214389418,0.004711095201327399,0.00010397520148306544,0.26019682310737346,0.2601833747136212,1109
1.3849332182364131,0.009919012752140082,0.0005117127918292869,0.004710965378589548,0.00010222958103256067,0.26011086450470783,0.26009833826238654,1110
1.3869525058988936,0.00987789931018643,0.0006367384819371865,0.004773244765439495,7.176515401856991e-05,0.25847143163925496,0.25847132371778414,1111
1.3859328482983646,0.009855815131948371,0.0005722460196368413,0.004774731978802199,7.285778913160367e-05,0.2585356774266372,0.25853563873608737,1112
1.3857348717716536,0.009932198577791613,0.0005630149571771608,0.00471335832370203,0.00010372499787662485,0.2601845470138158,0.26017124846736656,1113
1.3848191432637027,0.00988838465920809,0.000506229037576694,0.004713833800965149,0.00010212969181114202,0.26010592360010415,0.26009348888488354,1114
1.3869342613646198,0.00985938532221882,0.000636879218569984,0.004777679115381942,7.18395287427865e-05,0.25847582024011756,0.2584757019782492,1115
1.3859279250886165,0.009833048670374175,0.0005733172425896904,0.00477872274173452,7.279989281085796e-05,0.2585322853216977,0.25853223768532735,1116
1.385596023758444,0.009902338756842682,0.0005559722073986051,0.004715811918558746,0.00010346945628550301,0.26017199372225047,0.26015885406800154,1117
1.3847071161078417,0.009857500077951553,0.0005008767838266332,0.004716633077576108,0.00010206266158860393,0.26010260667296337,0.26009026171968075,1118
1.3869161761482276,0.009840317280986345,0.0006369834655308344,0.004782069419009282,7.186929048291405e-05,0.258477575743272,0.2584774474716003,1119
1.3859244627054277,0.009810304054144871,0.0005745015959667057,0.0047827300931786365,7.275210915344821e-05,0.25852948469448467,0.25852942649425564,1120
1.3854615892593831,0.009872280424523842,0.000549209597906072,0.004718333531645674,0.00010324517197629173,0.2601609631421579,0.2601479808613965,1121
1.3846018119852173,0.009827136022273707,0.0004959462320865505,0.004719438684291917,0.00010197585583314419,0.26009830955324426,0.26008603796504093,1122
1.3868951428268366,0.009820162638746344,0.0006370251485552732,0.004786323571681936,7.19319519710018e-05,0.2584812706578084,0.25848113066732614,1123
1.3859167091908862,0.009787742702182356,0.0005753574528451443,0.004786804057493511,7.268780658968133e-05,0.2585257144328016,0.2585256449177434,1124
1.3853388924152117,0.009842561749883138,0.0005431827491990999,0.004720878401418922,0.00010304229004077993,0.26015097483204347,0.2601381279014425,1125
1.384507325699254,0.00979695148357781,0.0004916858768330377,0.0047221304904300305,0.00010194683993465162,0.26009687277995774,0.26008466669788616,1126
1.3868656931608567,0.009799741318186344,0.0006364207746764294,0.004790654497319314,7.193989208009293e-05,0.2584817387415608,0.2584815875004847,1127
1.3858987201085564,0.00976474050540082,0.0005756291224614481,0.004790826270247876,7.26621166770934e-05,0.25852420768617784,0.2585241260402637,1128
1.3852341112171602,0.009813333656271357,0.000538267141991158,0.004723347744225207,0.00010289773693131362,0.2601438521741651,0.260131112280113,1129
1.3844274082058106,0.009767864826261864,0.0004883323224106047,0.004724851236197354,0.00010189421221492693,0.2600942663039434,0.26008210166034756,1130
1.3868240965306553,0.009778054686408263,0.000635225203635715,0.0047948406476702315,7.201980555152001e-05,0.2584864483473076,0.2584862839306542,1131
1.385864507207954,0.009741624191517912,0.0005747971131920989,0.0047948867502706945,7.261980543143856e-05,0.2585217254961327,0.2585216330652425,1132
1.3851511248258317,0.009785027841477589,0.0005347026593680341,0.004725732799812039,0.00010279548015525809,0.26013881058878496,0.26012613875080104,1133
1.3843627887500674,0.009739089041192188,0.0004859281136078505,0.004727450656017615,0.00010191768616395113,0.26009542897374605,0.2600832994651127,1134
1.3867662908303817,0.009756382927922653,0.0006328181660110811,0.004799175537567971,7.203004564291154e-05,0.2584870516460613,0.2584868766995519,1135
1.3858118033073625,0.00971746242626589,0.0005729418086373711,0.0047987817717076355,7.265497411734894e-05,0.25852378871848364,0.2585236860873819,1136
1.385089747288546,0.009757563998434424,0.0005324779139545548,0.00472800361966073,0.00010274547164761762,0.260136344096745,0.26012370762150777,1137
1.3843126126050986,0.00971161943278857,0.0004844223286477207,0.004730145481586668,0.00010189598698050268,0.2600943542131482,0.26008223689947924,1138
1.3866933908316648,0.00973322952776987,0.0006297329066081861,0.0048032768219624915,7.21638178229524e-05,0.2584949289474929,0.25849474215738294,1139
1.3857403316791232,0.00969320553647681,0.0005697731395120295,0.004802710543249213,7.265149142196236e-05,0.2585235844233493,0.25852347527937686,1140
1.3850460795522208,0.009730894449025227,0.0005313509881898462,0.004730188627813784,0.00010272925803500605,0.2601355442890358,0.2601229170317147,1141
1.38427240626291,0.009684198674777364,0.00048352834380306284,0.0047327451437186524,0.000101954553463669,0.2600972547488745,0.2600851549143865,1142
1.3866065098822724,0.009710557368449972,0.0006255072528522927,0.004807559242023844,7.220226790226417e-05,0.258497191765652,0.2584969984277945,1143
1.3856548509856919,0.009667692869347991,0.0005659393975502812,0.0048063826851164285,7.275097433240251e-05,0.2585294181708017,0.2585293032289122,1144
1.385013661044127,0.009704932325557724,0.0005309205171010514,0.004732360386179153,0.00010271750780488947,0.260134964617841,0.2601223337779992,1145
1.384237970921334,0.00965775022724074,0.00048298998361356133,0.004735483676845501,0.00010195181082704949,0.2600971189369567,0.26008502483836876,1146
1.3865111723197459,0.009686561636257689,0.0006210658115056608,0.004811536399041255,7.23823088482622e-05,0.25850777931356134,0.25850757862671114,1147
1.3855592281652869,0.009642569291055938,0.0005612720862803675,0.004810138270050433,7.277655249776298e-05,0.2585309174475998,0.25853080094765485,1148
1.3849852878660829,0.009679082920381724,0.0005307344457732082,0.004734489675138752,0.00010273388897989467,0.2601357727371866,0.2601231441961584,1149
1.3842041397327198,0.00963106268744913,0.00048248139773649764,0.004738180144017815,0.00010199547066958697,0.26009928070060373,0.2600872048736286,1150
1.3864098427721627,0.009663354676710333,0.0006160047569085269,0.0048156621077866104,7.247106232650731e-05,0.25851299373466863,0.2585127913631338,1151
1.3854596927270515,0.009616470084788645,0.0005565861475665862,0.004813641343214356,7.290174620219358e-05,0.25853825194066055,0.2585381335391327,1152
1.3849555513504814,0.009653709649215348,0.0005304656769782728,0.004736725123184277,0.00010269364601510412,0.26013378734803055,0.26012116586301354,1153
1.3841684868660873,0.009604627761546155,0.0004818555880864023,0.004740962961869796,0.00010200660025048018,0.260099831694166,0.2600877760094961,1154
1.38630597868873,0.009639510996526336,0.000610983362246781,0.00481956191730782,7.265222815882433e-05,0.2585236276407891,0.25852342401414297,1155
1.3853583562440965,0.009590856350118434,0.0005516273397805835,0.00481721233568625,7.295904002219956e-05,0.258541606407591,0.2585414889843939,1156
1.3849208902392696,0.009627915069539824,0.0005298838552045989,0.004738929705792079,0.00010268123987992673,0.2601331752121399,0.26012058530475307,1157
1.384129897774186,0.00957818544309837,0.00048104149258915916,0.0047437933183238,0.0001020085282017226,0.2600999271384363,0.2600878962914975,1158
1.3861999992164837,0.00961593454677029,0.0006057700230265775,0.004823443421203589,7.281622236654915e-05,0.25853324219546997,0.258533040563689,1159
1.3852578322805211,0.00956477947753947,0.0005468218957220586,0.004820637881927874,7.305526762461101e-05,0.25854723742647945,0.2585471208731915,1160
1.3848806890944567,0.009602386210339672,0.0005289592136956981,0.004741256609333347,0.00010260742753154862,0.2601295324438766,0.2601169842219312,1161
1.384088841564844,0.009551474195378377,0.0004800686967449115,0.004746617760862883,0.00010203235916108144,0.26010110682851545,0.26008910846443056,1162
1.3860918797355097,0.009592401374425238,0.0006004069790565171,0.0048272570756880745,7.297898524487957e-05,0.2585427738612748,0.25854257681713977,1163
1.3851581517053213,0.009538550550944741,0.0005420731401081239,0.004823998480719987,7.314628486119599e-05,0.25855256013490674,0.25855244508237213,1164
1.3848357652422587,0.009576680434593116,0.000527734767029436,0.004743609798923823,0.00010253461033333726,0.26012593750392216,0.26011344797472974,1165
1.3840471129204481,0.009524953076409763,0.0004790519890127947,0.004749501472210733,0.00010203267726123857,0.2601011225743102,0.26008915130667026,1166
1.385981467520364,0.00956842736887694,0.000594990625110197,0.004830907652546029,7.318326926785039e-05,0.2585547220450375,0.25855453055665295,1167
1.3850589522617194,0.00951227260368213,0.0005373129097811476,0.0048273372025784056,7.321061818061463e-05,0.2585563203645384,0.2585562076177309,1168
1.3847879477068297,0.009550882775840194,0.0005263270956882424,0.004745994119671922,0.00010246014461311676,0.26012225985702386,0.2601098403160557,1169
1.384005965211955,0.009498369270906363,0.0004780679038201671,0.004752374199069279,0.0001020482573877133,0.2601018937525453,0.2600899478060715,1170
1.3858686080131584,0.009544393717349742,0.0005893834604577956,0.0048345053076358615,7.337128928992966e-05,0.2585657042495016,0.2585655203704794,1171
1.3849602484070223,0.009485551624819934,0.0005326443728706459,0.004830569274645648,7.32919172776278e-05,0.2585610698675824,0.2585609591374156,1172
1.3847393193207551,0.009525298619707316,0.0005248652524086758,0.004748440725632228,0.000102364085261911,0.26011751378857034,0.2601051652347926,1173
1.383966414313851,0.009471787914753442,0.00047717846662834906,0.004755223454796276,0.00010208038771828638,0.2601034839396263,0.2600915595237663,1174
1.3857539742567686,0.009520094847830602,0.0005836756299583395,0.00483801432412945,7.356117004408485e-05,0.2585767808672068,0.25857660549008943,1175
1.3848615294377762,0.009458618414863663,0.0005279700117005006,0.004833756185781774,7.336246405617996e-05,0.25856518908467174,0.25856508054389865,1176
1.3846914127130021,0.009499715298778313,0.0005234415509038364,0.00475088474522803,0.00010228336103222444,0.2601135236704239,0.2601012492614875,1177
1.3839288268134096,0.009445412802482714,0.0004764082314247325,0.004758082331076523,0.0001021062230840582,0.2601047623962198,0.2600928519396561,1178
1.3856386113928512,0.009495432120898635,0.0005779685996144259,0.004841418126117002,7.376813887314477e-05,0.25858883803975513,0.25858867107031847,1179
1.3847626916432665,0.00943154621858147,0.000523266910663931,0.0048369131619007966,7.341563129920894e-05,0.2585682922043549,0.2585681861475477,1180
1.3846448707773937,0.009474174281169383,0.0005220962954541758,0.004753313077003149,0.0001022167140618483,0.26011022819039453,0.2600980275717977,1181
1.383892438375475,0.009419139506839539,0.00047570726046356534,0.004760938291522694,0.0001021365245448235,0.2601062616503247,0.2600943614946479,1182
1.385523784796559,0.009470655536964714,0.0005722935745662688,0.0048447736834272325,7.397088427919377e-05,0.2586006327836499,0.2586004741698086,1183
1.384664339176302,0.009404206615862212,0.0005186106836263819,0.004840005925281289,7.346693761951731e-05,0.2585712856456612,0.2585711818865117,1184
1.3845991288014194,0.009448752056553886,0.0005207955652877818,0.00475574568628251,0.00010215025837843001,0.26010694109898885,0.2600948124724582,1185
1.38385595133951,0.00939288183800344,0.0004749934770929804,0.00476380158411005,0.00010217474286871735,0.26010815229746354,0.26009626272037534,1186
1.3854106364555285,0.009445811771619014,0.0005667224088446186,0.0048480858238883545,7.41685657039394e-05,0.25861211737634476,0.2586119668113306,1187
1.3845671246993638,0.009376649080013632,0.0005140294110874846,0.004843039523071456,7.350923403324083e-05,0.25857375262258253,0.25857365104233426,1188
1.3845528313454933,0.009423315727313841,0.0005194536570713951,0.0047581757036645345,0.00010209200635589583,0.2601040589050092,0.2600920042919686,1189
1.383818171632324,0.009366673824674624,0.0004741929744571243,0.004766706675645513,0.00010220847918015944,0.26010982092720536,0.2600979421464085,1190
1.3852999779918544,0.009420798949189464,0.0005613355765624013,0.004851326381097548,7.437313096457377e-05,0.2586239857933889,0.25862384254875004,1191
1.3844719661967766,0.0093489639328175,0.0005095560814102008,0.004846034241662387,7.352942007744534e-05,0.25857492974183727,0.25857483027826966,1192
1.3845042039666398,0.009397687626815376,0.0005179615147802763,0.004760606546401532,0.00010204801908081914,0.260101881957379,0.2600899081984741,1193
1.3837781352823324,0.009340499105851297,0.00047324587925420646,0.004769675897783877,0.00010223266896775152,0.26011101720737095,0.2600991494718921,1194
1.3851924154635058,0.009395561947112486,0.0005561795225668709,0.004854481649803039,7.458632039154337e-05,0.25863633720923074,0.2586362004634223,1195
1.3843800710240568,0.009321182033153082,0.0005052605455768376,0.004848995392343993,7.35223997687145e-05,0.25857452038126416,0.25857442280871995,1196
1.3844517167483228,0.009371771141292897,0.0005162246107506792,0.004763054806846092,0.00010201772682160416,0.2601003825086778,0.2600884987556215,1197
1.3837353272067803,0.00931431970354923,0.00047211984423161366,0.0047727155137251885,0.00010224795864199318,0.26011177326891743,0.26009991629132667,1198
1.3850885850523673,0.009370044200393368,0.0005512978122520733,0.00485754142517503,7.480681309717348e-05,0.25864909319507967,0.2586489620040394,1199
1.3842926816583394,0.009293358878085611,0.0005012109054962176,0.004851938059506563,7.348179939824809e-05,0.25857215255337,0.25857205642782705,1200
1.3843944276932727,0.009345449029345688,0.0005141845200534372,0.004765524734760757,0.00010200736244741845,0.260099869427246,0.2600880868130385,1201
1.3836896356608201,0.00928815493701226,0.00047080967227157986,0.004775838291398641,0.00010224804702748477,0.2601117776393414,0.26009992878076593,1202
1.3849893327011822,0.009344121318796366,0.0005467669496551815,0.004860483339397109,7.504260869039817e-05,0.2586627137024375,0.25866258664040503,1203
1.3842108301160332,0.009265633278440023,0.0004974392384363196,0.0048548972270779185,7.339190633294967e-05,0.25856690762953294,0.25856681250983654,1204
1.3843319405645214,0.00931851020675423,0.0005118168790200177,0.004767987842049506,0.00010203666398793077,0.26010131991315644,0.2600896518680232,1205
1.383641014252559,0.009262134111519838,0.000469314722857128,0.00477907968490507,0.000102214233690198,0.26011010552319797,0.2600982577733029,1206
1.3848960431650637,0.009317574035438366,0.0005427262633590922,0.004863263307810891,7.531586837556679e-05,0.2586784715460481,0.2586783462029773,1207
1.3841356669951461,0.009238265649675687,0.0004939495067310375,0.004857935307288867,7.322161006064172e-05,0.2585569626656099,0.2585568683969445,1208
1.3842634991645157,0.009290549766801074,0.0005090743572981273,0.004770382132450765,0.0001021447608020391,0.26010666912499064,0.2600951354017144,1209
1.383588674495814,0.009236527366848171,0.0004675891518397621,0.0047825224198059495,0.00010210540615110168,0.2601047219729739,0.2600928621632672,1210
1.3848114135751037,0.009290009386388525,0.0005394495336888271,0.004865786582521913,7.567457201718637e-05,0.2586991132891339,0.2586989854122271,1211
1.3840693598214573,0.00921181162131102,0.0004907352132067961,0.004861174178317567,7.290883761254826e-05,0.2585386672035247,0.2585385744547093,1212
1.3841863493873805,0.009260710929075149,0.0005057817671983981,0.004772584937349024,0.00010240913105183615,0.2601197396731258,0.2601083767231073,1213
1.3835299113585116,0.009211894826663635,0.00046547004237409403,0.004786348992132285,0.00010182732537559595,0.26009095264955673,0.2600790560431261,1214
1.384741376443255,0.009260599230020641,0.0005375410449751251,0.0048678278622752156,7.62329911303067e-05,0.25873115061892227,0.2587310118236232,1215
1.3840174478787928,0.009187593532327096,0.00048780682110549135,0.0048648989218745935,7.231316117313713e-05,0.25850371455148496,0.2585036259418007,1216
1.3840921148154937,0.00922696309739413,0.0005014021628050285,0.004774330966821912,0.0001029978789428918,0.2601487870675708,0.2601376753897792,1217
1.3834575438928205,0.009189517449921027,0.0004625110821166261,0.004790991548451233,0.00010115352847883005,0.2600575110479099,0.26004552711595164,1218
1.3847004632253908,0.00922730008287626,0.0005384668819817591,0.00486880460763155,7.728790563203794e-05,0.25879135402722686,0.25879118473719454,1219
1.383995670742213,0.009168969106959024,0.0004852545346858549,0.0048698327671248464,7.108548868981114e-05,0.2584312210675448,0.2584311438718043,1220
1.383956580836383,0.009184218859447828,0.0004943550835722582,0.004775012913859544,0.000104296829376775,0.26021258191530305,0.26020191579394386,1221
1.3833527346773065,0.009172395474122847,0.0004574676072723393,0.00479753669977808,9.951764166532952e-05,0.2599758529292151,0.25996367062378334,1222
1.3847298134072261,0.009184314070201366,0.0005461518072090885,0.004867076989254608,7.968383763996331e-05,0.2589265804001288,0.2589263239844359,1223
1.3840584369612754,0.009165043604004507,0.00048379733492138577,0.004877926151850899,6.831224415828329e-05,0.2582651221502337,0.2582650728471009,1224
1.3836980795597287,0.009119465448497462,0.00047927259410151276,0.004773512935852637,0.00010705021582207149,0.26034650742144766,0.26033676985361204,1225
1.38315459495993,0.009165882867246414,0.0004459146539860345,0.004808753077791283,9.557097315910714e-05,0.2597760407711459,0.2597634536279958,1226
1.384989168683415,0.009113830165656481,0.0005731898276268048,0.00485768418890555,8.603743778385867e-05,0.25927563678589555,0.259275082148266,1227
1.3844634983981772,0.009201137284972351,0.000490889136608612,0.004894189719417027,6.180807966093235e-05,0.2578618114745224,0.25786180467643777,1228
1.3829483449792521,0.009011217665579649,0.0004337120678024161,0.004772058918783389,0.00011017360810779169,0.2604963616604894,0.2604885141277574,1229
1.3824915977237477,0.009153054156814397,0.0004019413753323372,0.004829611154820374,8.797060901135109e-05,0.2593792648438644,0.2593667034302176,1230
1.3867407371284797,0.008973419413213184,0.0006959954452257608,0.004825924721587307,0.00010436200551203015,0.26021577238940014,0.26021368557619284,1231
1.3865778704809675,0.009317232656747916,0.0005845290818123625,0.004919646615595388,5.16085798248408e-05,0.25718391117879674,0.2571839001415663,1232
1.380783116198864,0.00899321660463749,0.00030028291424144744,0.004816502291971111,8.826395190065668e-05,0.25939488966942437,0.2593879161739605,1233
1.3833046601129269,0.008572252033401187,0.00038940962905480343,0.004752256661753804,0.00015483649537461616,0.26244333136160153,0.26244218872353464,1234
1.3898309358804177,0.009631352482692944,0.0005220384864354634,0.0050098283054642746,2.198203414880143e-05,0.2546885002024956,0.25467644755467406,1235
1.3815273027816,0.008968253918355231,0.0003050814166916661,0.004870518336709582,6.014434522056481e-05,0.2577552785391993,0.25775410535083654,1236
1.4079298033186245,0.00812668378693383,0.0012398834246602829,0.00457711282564447,0.0003181998216893082,0.2678381563422151,0.26783788626270616,1237
1.403031355812178,0.008711797322933968,0.0011951987540797702,0.004628915947549913,0.0002645727887000201,0.2662656936126321,0.26625970011840416,1238
1.3946880982098508,0.009864675238106099,0.0009719849900074822,0.004946732235759409,3.545293997453793e-05,0.2559542371446339,0.25590607417276545,1239
1.388397138382638,0.00939058873027232,0.00041186037041858004,0.0049652186268766526,2.0023207124832867e-05,0.254474729838195,0.2544591313407815,1240
1.4029934863632247,0.00842111324219987,0.0015916289538265216,0.004675071603332907,0.00018734747715687752,0.2636874934577839,0.2636764186976978,1241
1.3997800520204804,0.008356521703264591,0.0013227907253810524,0.004686126909220938,0.00020128073846600796,0.2641873443063178,0.2641788170459435,1242
1.3863914968195044,0.009483783830631724,0.00044837040873288295,0.004959227750404136,3.513512978794412e-05,0.25592748933258797,0.2559057041189442,1243
1.3861779526047326,0.009237266031115606,0.0005870868626537222,0.0048343143291116565,6.042625260877302e-05,0.25777343248563805,0.2577291073773799,1244
1.39537801816296,0.008069508964790287,0.0008897473301690219,0.0046170125732485565,0.00023475728934135615,0.2653217913228629,0.265320253111713,1245
1.3847717099251216,0.008517787093419528,0.0005035358138787576,0.004761453678435333,0.00015073221313286896,0.2622773047992167,0.262276891044749,1246
1.413741646284213,0.010297123337215617,0.001297256986259677,0.005130028732202176,4.937716385843056e-07,0.2507026888632847,0.25065687504886897,1247
1.416410379534612,0.010181857303081495,0.001240166515848584,0.005095681991237859,4.514966279843543e-08,0.24978751549986308,0.249723180151607,1248
1.380711156387811,0.008530509872525321,0.0003115125007197156,0.004735925217197478,7.510552493107844e-05,0.258666344381057,0.25864761083007803,1249
1.4101500634578612,0.008893799811409695,0.0007268792500335123,0.004840576978870711,0.00040742722473934565,0.27018482659671234,0.27018115173171575,1250
1.407605120333959,0.009563052835836864,0.0008807489957991528,0.0049813162832762865,0.00035480351227029676,0.2688362287167654,0.26883478743443895,1251
1.3858217163850393,0.009603732476125513,0.000512309643335287,0.00500040251488706,5.2551715851746335e-05,0.2572492562274861,0.2572230036180055,1252
1.3983377737979432,0.008183023966712763,0.001114447125969207,0.004577571101471507,1.798680509222002e-05,0.2542410853672403,0.2541956221676304,1253
1.3949278186247493,0.008234952896859618,0.001243280223392468,0.004510528648063637,6.007057584907459e-05,0.2577505210050083,0.257729982820884,1254
1.3889909911587635,0.009901745815747074,0.0007161234119460191,0.004906676871553111,0.00014187214220892823,0.26191100928590555,0.2619069967065228,1255
1.3887019056318415,0.00983495420238848,0.0007343723754632288,0.005019564551945271,0.0001272692415730605,0.2612813670081715,0.26127420938657214,1256
1.393433536526609,0.008876062565525368,0.0011202880821828993,0.0046705943065330656,6.703784178062905e-05,0.25818766400022797,0.2581664392696838,1257
1.3892695902987988,0.008299196772227515,0.000766014512458674,0.004630349450172791,4.114909284808011e-05,0.256414755868159,0.25638941390566733,1258
1.3947561439163838,0.010801624869516255,0.0011115085316008842,0.004955322644085676,9.734193612956678e-05,0.25986620170732216,0.2598620881401255,1259
1.3969943788406463,0.01043579702864601,0.0010786007345358855,0.0049581756158994,0.0001825383955608766,0.26351067709483417,0.2635105348543891,1260
1.3840933161381619,0.008485901785609254,0.0005235969161548244,0.004699041432551872,0.00012524095349136338,0.2611911104673023,0.26118962484903496,1261
1.3927513210221714,0.008819911869811091,0.0005683436835432315,0.00475068658448617,1.1610469490256009e-05,0.25340741390063726,0.25337464073173177,1262
1.3834241068141182,0.008977249657695372,0.0003089399418953868,0.004829567678489234,3.785516070954921e-05,0.2561526547692479,0.2561379049819923,1263
1.4020821544891522,0.00886514269637189,0.000704623194709535,0.004752069463808247,0.00033260149350041205,0.2682373653113714,0.2682255513101009,1264
1.403041538904669,0.00901450912135331,0.0007827971690395707,0.004785779811913803,0.00032885005750041605,0.26813422337737175,0.2681220296708165,1265
1.3825562205707904,0.009174468816390642,0.00033839171555418086,0.004878388831613441,5.488734854699119e-05,0.2574085996346807,0.2574001667157065,1266
1.3912364709302025,0.00835795249482871,0.0007714342674746372,0.004651868602739867,2.7662481655725694e-05,0.25525951344286957,0.2552323189476158,1267
1.3840495059248108,0.008378330865585254,0.0005493631199020532,0.004701456747459232,0.00011104231732791827,0.260537661852988,0.2605330448849351,1268
1.3925429695240323,0.009989757833583655,0.0009765698678000788,0.005038660825592404,0.00012977482606176677,0.2613918754409345,0.2613914932183582,1269
1.3845190805682472,0.00920651498395739,0.0005367508343817405,0.004847404300545469,9.293887486854595e-05,0.25964048104964405,0.25963728688250604,1270
1.3909700407112533,0.007992118867621224,0.0010038418669466372,0.004545411423591842,6.21782292925502e-05,0.25788531732351655,0.2578709131882147,1271
1.385109708789054,0.009061483468487721,0.000538346999388734,0.004822120550970213,6.111366335696687e-05,0.25781752284019477,0.25780598586057624,1272
1.3868205027060028,0.009645615100387132,0.0006079105729753513,0.0050128136878839795,0.0001343558845561842,0.26159119858151797,0.2615911112749065,1273
1.3884577618272562,0.008204630168708704,0.0008628102143685408,0.004601303673437844,0.00010395956602651999,0.2601960563958091,0.26019408851561,1274
1.3880973353283066,0.008404324163838944,0.0006537754333885682,0.004575356489665985,3.7137263137200845e-05,0.2560940350456164,0.256079020348651,1275
1.3887690890741935,0.009871015821686181,0.0007726224311273658,0.004994087485297238,8.402673961051689e-05,0.2591666100391866,0.2591645037538865,1276
1.391198531941636,0.009850118989990764,0.0006755906504888105,0.005004263032404335,0.00019580638408232741,0.2639930834372674,0.26399082173021154,1277
1.3849082434467197,0.00852359698790809,0.0006031732419070391,0.004709442955820626,0.000105912708645213,0.26029139002492924,0.2602903730175194,1278
1.3901406876069784,0.008927292203686621,0.0004871816923418456,0.004676034634119342,1.600275859666442e-05,0.25400034480972133,0.2539772229520796,1279
1.3851598264707066,0.009513638014098266,0.000496300599794104,0.004744862997813454,5.6386381936585845e-05,0.2575090866246559,0.25750246303272967,1280
1.391290883746821,0.008863139098383044,0.0005432858722632479,0.004810302274194981,0.00023854027229923877,0.2654447490202735,0.2654397061367994,1281
1.3903495192954771,0.010011519410088566,0.0007215834472144083,0.004924815088279569,0.00016717816422024982,0.2629297395263884,0.2629292204195448,1282
1.3886341739916166,0.009173975032497946,0.0004413921083720906,0.004899369937396618,2.0083532572678606e-05,0.25448146544923406,0.2544586477017001,1283
1.3876052744119498,0.009077630998415876,0.0005574250492469595,0.0046531313170159435,3.510015224736055e-05,0.2559245381463335,0.25590406341107236,1284
1.3912545310569404,0.008300867007607312,0.0007528315446285812,0.004636110310380187,0.0002029700392410053,0.2642467553934573,0.2642464151999685,1285
1.3869193466385725,0.009159101530731437,0.000503528121947796,0.004892468350745865,0.00017966540212448198,0.26340393233810444,0.26340366297471196,1286
1.3929289074385276,0.009714503696163952,0.0007123591330481789,0.005000025137275731,2.14974910635453e-05,0.2546365386942789,0.2546108973006841,1287
1.38965731644921,0.008795104636700012,0.0005500249919104325,0.004762784958953389,2.1242608473139503e-05,0.2546089704352642,0.25457381224911835,1288
1.3904768888905632,0.00784847131766192,0.0009166553873568876,0.004552208941275951,0.00015465481539876834,0.2624360289240082,0.2624333543378642,1289
1.3857944380961231,0.00893180980881869,0.0004938192845109382,0.004787923952822573,0.00016619085828625506,0.2628915033369369,0.2628909927337147,1290
1.3936045548332172,0.009902730893025702,0.0008803310141062884,0.005042774624046344,3.281472642941004e-05,0.25572841395408974,0.2557075472406759,1291
1.3848744878636914,0.009118966274738106,0.00036130168607436763,0.004860689751046455,3.4028640612484704e-05,0.2558334072901251,0.2558084582089979,1292
1.4008362308985438,0.0076423053524548494,0.0014260486162359321,0.004512084738477219,0.00020515095712819308,0.2643230917447384,0.2643225258954669,1293
1.3970717510628758,0.007856153447024975,0.0010488985994339577,0.004550929517041132,0.0002285677216007282,0.26511845632333964,0.2651184037679037,1294
1.385536452294761,0.009501174836349413,0.0005360468326561307,0.00490928831847825,6.09631521845642e-05,0.25780789037990187,0.2577937918434334,1295
1.3847825904255806,0.00916652718326368,0.00036018282663647733,0.004904236920632519,3.484984075185244e-05,0.25590337536938423,0.25588242418497137,1296
1.3915111837863643,0.008019116776049641,0.000977929246426483,0.004597944934340946,0.00015350738263052779,0.2623898096285023,0.26238828584377777,1297
1.3859324048137192,0.008126049660764545,0.0005867331475277898,0.00464847246762023,0.00015733516819169065,0.26254333162248733,0.2625420579327132,1298
1.3958227536490158,0.010014521787343864,0.0010041332936791445,0.00501479280593028,3.109131813452625e-05,0.25557595894304524,0.2555553244075086,1299
1.3951927928275596,0.009905167187869502,0.0009241509227278575,0.005004569780634845,2.6939232378398605e-05,0.255190301761786,0.2551696972685295,1300
1.3852035101241165,0.008225344564914859,0.0006134451986026453,0.004654256589626178,0.00012608277480408183,0.26122865863779293,0.26122700468055987,1301
1.38636817606684,0.008008712899373247,0.0006649446156935671,0.0046137993387693884,0.00014348953808158526,0.26197871187071403,0.2619779689407669,1302
1.3897162963304523,0.009701635798988903,0.0006990273048573558,0.004935288696320063,4.0373127155636106e-05,0.2563539851397085,0.25634095353655484,1303
1.387131718770436,0.00954472229705829,0.0005637524468017798,0.004958229159122911,4.428424111963472e-05,0.25665464057028137,0.2566441166698489,1304
1.3921776874341443,0.008146420318385469,0.0009480009251028273,0.004613737091845246,0.00017297479360543015,0.2631519881997145,0.2631519629442879,1305
1.3940070678729048,0.007943100243581717,0.001082012179696704,0.0045550355207231935,0.00017343376618359134,0.263169425431035,0.26316941846206693,1306
1.3825622348149007,0.00906470159099028,0.0003330543332725664,0.0048084208343185456,5.191072116151371e-05,0.2572049095179269,0.25719569284237753,1307
1.3824654650858543,0.009175888843199913,0.00035637931424874463,0.004889276565221747,6.13187972386786e-05,0.2578306319820739,0.2578249407704034,1308
1.394506905720592,0.008076050843543599,0.0010105428920954957,0.004608662641280646,0.00019709956194666786,0.26403921514710377,0.2640385302634969,1309
1.390597666832644,0.007954235719476078,0.0008565995875101162,0.004599181887361326,0.00017268418925243915,0.26314093563078517,0.2631409017709882,1310
1.38679519257522,0.009447714482315345,0.0004989671698982854,0.004872077587052095,3.740317727697671e-05,0.25611581370522163,0.25610243512649095,1311
1.3867477463221165,0.00933461142332783,0.0005004809925229111,0.004896553684270577,3.704995677649487e-05,0.2560868675668602,0.25607365745007515,1312
1.3867462203867633,0.008234597356794694,0.000644824777659151,0.004662336683483562,0.00015390703633950728,0.2624059274679287,0.2624058742760989,1313
1.3840195055637614,0.008250963968853232,0.000489479721483847,0.004690517938487063,0.0001444385545625202,0.26201825921514926,0.26201794805007883,1314
1.3929321901282259,0.009856947284249497,0.0007950996000638058,0.004944486211067443,2.8500200054644093e-05,0.2553385578628169,0.25531922591813677,1315
1.391420955907168,0.009719061914852379,0.0006972190321585843,0.004907338074516957,2.7973109593112032e-05,0.25528896110716576,0.25526762011850723,1316
1.38400996295154,0.00811966370929796,0.0005341796188163263,0.0046449088463116385,0.000129360002898825,0.2613736538939263,0.26137173370670364,1317
1.3819656521659711,0.008375038741759528,0.000380070510297621,0.004728180062440638,0.0001296666006725078,0.2613871243372727,0.2613857264481296,1318
1.395991786711111,0.00996652791300505,0.0009718119127547437,0.004996603942027983,2.6832941164324708e-05,0.2551800522356753,0.25515837396082514,1319
1.3926540961712515,0.009778178478526932,0.0007753488185110594,0.004940428254523267,2.8006587476327963e-05,0.2552921250435272,0.25526922152612436,1320
1.3839100016099357,0.008056819346247237,0.0005350745055882733,0.00463501451247913,0.0001276663317346428,0.26129895268308717,0.2612962866526744,1321
1.3824446355569935,0.00825151799710941,0.00041997025172689126,0.004692879078226075,0.00012981849711597417,0.2613937920428615,0.2613921584893875,1322
1.3940966359058076,0.009845843623318539,0.0008956216915172985,0.004996346757120682,3.058287592673395e-05,0.2555301786523343,0.25551115498594895,1323
1.3910731912153054,0.009667122209060564,0.0007355923910303089,0.004963931789544686,3.362795130927839e-05,0.25579896122674384,0.25578002234416014,1324
1.3847137038493942,0.008068881511878248,0.0005673254757564267,0.004647830176022772,0.00013686799720328673,0.2616990596717551,0.2616972021339567,1325
1.383626295360785,0.008114803043011695,0.0005022384364417914,0.0046523893587574324,0.00013242813730460651,0.2615077424938433,0.26150603740677414,1326
1.3914312545801841,0.009705855342978478,0.0007547148743194895,0.004949423252836309,3.331638897486043e-05,0.25577203508087576,0.25575558766657347,1327
1.3889213133081004,0.009541776697997745,0.0006374874520137237,0.004940469029532954,3.784354241008472e-05,0.25615171052716923,0.2561375859770641,1328
1.3859827032760739,0.0080725802711908,0.0006299793673568348,0.004648499514379544,0.00014528305054175897,0.2620533418827211,0.2620527244934985,1329
1.3849599158077492,0.008065495644637502,0.0005783141500455908,0.004643699336761585,0.00013921268638813315,0.261798842586802,0.261797707463139,1330
1.388995499516948,0.009544590750144185,0.0006365430534278096,0.0049191472879972185,3.716418859962811e-05,0.25609624381071067,0.2560806058853612,1331
1.3870298892835629,0.00944399462755166,0.0005514852871656096,0.004911152394933988,4.243443216306245e-05,0.25651417164058965,0.25650165641362427,1332
1.3871056411136704,0.008031993817013663,0.0006853226256748596,0.0046380063947582635,0.00015294128980332177,0.26236694343010114,0.26236679759243625,1333
1.385990466613353,0.008043490890797334,0.0006358067527739099,0.004642440800153182,0.00014408420811182074,0.26200350815852685,0.262003064812278,1334
1.3874191763553767,0.009377152448570765,0.0005580063941779507,0.00490704468105889,3.910959961711731e-05,0.25625376683424617,0.25623925500362804,1335
1.3858725583944191,0.00931355866738241,0.0004969192929968107,0.004894632151951746,4.462428354116896e-05,0.2566801409821327,0.2566673007887629,1336
1.3876975826959534,0.008007841141080711,0.0007112270245508248,0.004628517053295613,0.00015777549325183952,0.26256087151641316,0.26256072315801693,1337
1.386526020773342,0.008017331166674817,0.0006577138041522304,0.00463658699648653,0.0001495835239428207,0.2622304343317325,0.2622301876539295,1338
1.3863151327966265,0.009310085232534356,0.0005042216181364676,0.004897791811917417,4.118703709426348e-05,0.25641771276190073,0.2564046479486332,1339
1.3849566169764411,0.009205276506409383,0.00044822935468898973,0.004887489385948461,4.5468476832839055e-05,0.256743031724146,0.2567303976935269,1340
1.3879932319888437,0.008002788877161928,0.0007269725017221553,0.004628363761181748,0.00015908967578360543,0.26261307558780195,0.2626127985750982,1341
1.3865372867828132,0.008001692824693563,0.0006488647972431271,0.004636949690220843,0.00015311179464926375,0.2623738350825144,0.26237341850415785,1342
1.3859194599335691,0.009296945986382782,0.0004937906184990139,0.004891249441021573,4.346264140396494e-05,0.2565926202229436,0.2565792904794625,1343
1.3844245612619674,0.009150436273543654,0.0004187068835773177,0.004879446326942094,4.5853213834867154e-05,0.2567715001170248,0.25675887785825496,1344
1.3883072210169551,0.008009402200486725,0.0007539211682878169,0.004628574512350989,0.00015709010190849992,0.26253355902800557,0.26253322280908353,1345
1.3865924239351402,0.008013026587496358,0.0006498019643619766,0.004641408368871114,0.00015374347981494157,0.2623993338456121,0.2623988221442581,1346
1.3857910106987452,0.009300713023082434,0.000499594511040014,0.0048921628191209345,4.587438466161305e-05,0.2567730631668111,0.25675939440449025,1347
1.3843176755969593,0.009144276582284823,0.00041840021411017564,0.004876045757852541,4.699266251650516e-05,0.2568551194385295,0.25684204480563805,1348
1.3882731367947616,0.007991663172147808,0.0007633788535226307,0.004626064405941231,0.00015373359508250422,0.26239893523987057,0.2623985158917728,1349
1.386623859203721,0.008004045064647646,0.0006624868232340875,0.0046409140910007324,0.00015044834565307327,0.2622657386917003,0.2622652387776791,1350
1.3856334980884892,0.00928273200994709,0.0004956510155337714,0.004893572970171106,4.677956959023141e-05,0.25683955916636675,0.256826544954363,1351
1.3843750634013439,0.009163034767076675,0.00042979951401984093,0.004879842205980231,4.860686874389042e-05,0.2569718626452255,0.2569590395386937,1352
1.3878878162094936,0.00798877286154794,0.000742150169925832,0.0046286883721096475,0.0001523293691237116,0.2623421784594014,0.2623416544613705,1353
1.3864376927077018,0.00799358620976827,0.0006595482705325506,0.004639685902510026,0.00014743539418151028,0.26214229773072256,0.2621417303674393,1354
1.385468669081833,0.009250041647603858,0.0004861802242646711,0.004890754217222614,4.662448957515737e-05,0.256828212765809,0.25681599428333235,1355
1.3843541611422363,0.009157790870797376,0.00043229100975927093,0.0048826154645276836,4.9227488519536355e-05,0.25701623036391597,0.2570046024966576,1356
1.3874413224166595,0.007992557172164436,0.0007152606368999493,0.004634641133162206,0.00015129312183675901,0.26230012690327864,0.26229967717104946,1357
1.3860646962237897,0.00798761118465917,0.0006400347957991217,0.004641433140217904,0.0001456784399080769,0.26206973238759157,0.2620691285471629,1358
1.3854262320829602,0.00923031910051846,0.0004840081403115897,0.004887106213575418,4.649496768911239e-05,0.2568187218515725,0.2568067606341347,1359
1.3842932036002786,0.00914054095525009,0.0004294903685443937,0.004883014515515074,4.920845416014036e-05,0.2570148737807704,0.2570040656165513,1360
1.3871031266702463,0.00800665649125844,0.0006961683499702168,0.004642608479380005,0.00014981920652621696,0.262240065625895,0.26223975309318576,1361
1.3857030401534243,0.007995240929648989,0.0006184353515048054,0.004647817904767629,0.00014459110146437942,0.26202460400447264,0.26202409299198187,1362
1.3854570854126462,0.009223843507408862,0.00048814380004996683,0.004884619124936455,4.6776327480520966e-05,0.2568393221506609,0.2568275260273657,1363
1.3842616502183405,0.009119989352454495,0.0004280643914340771,0.004878778265951102,4.907092216242668e-05,0.25700506403699686,0.2569942720021551,1364
1.386822829124376,0.008008330421981128,0.0006841656089820329,0.004646843859791618,0.00014747745134721698,0.2621440294526659,0.2621437324811413,1365
1.385413508528365,0.008007747519580402,0.0006024885854654118,0.004655722135370537,0.000143050398679971,0.26196036783213505,0.2619599264414163,1366
1.385486886610815,0.009221710668223497,0.0004934334092172668,0.0048872051691425545,4.732912358875929e-05,0.256879616529194,0.25686813489684424,1367
1.3842785378408975,0.00911185870485872,0.00043148422306457955,0.004876905039660086,4.9421004076548554e-05,0.2570300074023111,0.2570189974973653,1368
1.3865228855330756,0.007994541550195784,0.0006711863621708349,0.0046482119648168785,0.00014530576789653025,0.2620542842133629,0.26205388098873056,1369
1.385153602878039,0.0080058617698327,0.0005907921835206554,0.004659876533712046,0.00014096559231727395,0.261872893173834,0.2618723960411653,1370
1.3854899943899068,0.009209972837663857,0.0004959787606067919,0.0048899046735411756,4.760049819545094e-05,0.25689931142908123,0.25688810655017097,1371
1.3842889054474115,0.009103883820906829,0.0004347660281353718,0.0048780405646111575,4.982165081915186e-05,0.2570584453542655,0.2570475474762054,1372
1.3862255932290366,0.007983717949033487,0.0006567499091105952,0.004650250480811693,0.00014359761058402374,0.2619832220451773,0.26198271210462115,1373
1.3848891355480186,0.00799633222295073,0.0005784448456682496,0.004662071323307631,0.00013914630065561286,0.26179602902063287,0.26179540846781096,1374
1.3855017345768341,0.009201249550218867,0.0004985972702117435,0.004891434092161582,4.782786476641779e-05,0.2569157692823299,0.2569046420604356,1375
1.384297128346908,0.009093099994205964,0.0004378428898289945,0.004880646262525083,5.016832135733642e-05,0.25708295992910707,0.25707238315765374,1376
1.3859561006720085,0.007980100817444026,0.0006433299487490629,0.004653808052258777,0.00014198758560720224,0.2619158543800771,0.261915322860435,1377
1.3846534394667842,0.007984439962451262,0.0005680148078772804,0.004663628637019914,0.00013734251887549402,0.26171932245803886,0.26171862559619113,1378
1.3855089376387997,0.009194988472163265,0.000500255444981317,0.004890788729723263,4.796731802120019e-05,0.2569258442100007,0.256914730490906,1379
1.3843176414570173,0.009087223083632235,0.00044140610406918793,0.0048823148519318025,5.0521848890356324e-05,0.25710787231809606,0.25709753916146205,1380
1.3856873309636697,0.007983961957609595,0.0006284398658268697,0.00465890460808512,0.00014073339981719843,0.26186311088278275,0.2618626018856718,1381
1.3844349803655451,0.007981172506065328,0.0005573835577758119,0.004667201519402617,0.00013581179361460234,0.26165383171384426,0.26165313789929445,1382
1.385496756764503,0.009183293903803097,0.0005004160452705237,0.004890059623554147,4.7996540886042334e-05,0.25692795358573095,0.2569169666265134,1383
1.384329226738419,0.00907959703516319,0.0004435301507094329,0.004882018643080744,5.0686931031641555e-05,0.25711947547447433,0.25710927664244243,1384
1.3854200880013015,0.00798122627382701,0.0006137331601902583,0.004662857829987796,0.00013959489491642421,0.2618150283502167,0.26181452737307365,1385
1.3842189983652329,0.007980986407616707,0.0005456794912971192,0.00467145251516297,0.00013468077741871686,0.26160520475557053,0.26160453697187686,1386
1.3854718044878724,0.009168856336440547,0.0005002615720127878,0.004890570955148747,4.808746044701537e-05,0.2569345122717474,0.2569237514094157,1387
1.384321702570125,0.009067956701424624,0.00044393947962612264,0.004881856774325517,5.070916469986451e-05,0.2571210367714164,0.25711093825761355,1388
1.3851672559848665,0.007973981636948757,0.0006005376896360943,0.004665859422336105,0.00013833415667171897,0.2617615541775617,0.261761031026516,1389
1.3840010352577055,0.00797578343535103,0.0005336376682357122,0.0046750055262347184,0.00013375829804156372,0.2615653922562775,0.261564726079021,1390
1.3854528561999977,0.009155399255974266,0.0005011845662064178,0.004891534593748892,4.83175718913802e-05,0.256951084224161,0.25694055711983416,1391
1.3843043813940246,0.009052590559905689,0.0004438972378817583,0.004882563146043891,5.072069442129071e-05,0.25712184627897083,0.25711188000881613,1392
1.3849385736440167,0.007967874831185542,0.0005892988621848986,0.004668962732863742,0.0001368729880079949,0.26169927296920603,0.26169871457300853,1393
1.3837942244208274,0.007968988181556693,0.0005225544464670501,0.004678045777925941,0.00013276924984063597,0.2615225539634508,0.26152186001287103,1394
1.3854413782486468,0.009146043173693382,0.000502960311381011,0.004892297023631906,4.867172738858367e-05,0.2569765125520265,0.25696615767699005,1395
1.3842900703990775,0.009040194430025851,0.0004446510618430668,0.0048835899420762744,5.0894582705634705e-05,0.2571340439237248,0.25712423532597845,1396
1.3847287395181205,0.007962830811963273,0.0005791162059357147,0.004672320042529707,0.00013542941297995008,0.2616374143597257,0.26163682859748716,1397
1.383608229500784,0.007961974961441081,0.0005132775382752369,0.00468091615092919,0.00013157897523885135,0.2614707879083719,0.2614700600430606,1398
1.3854270032776,0.009135593070075674,0.0005043817093385003,0.004892710968563053,4.8988109018476205e-05,0.25699915059264167,0.2569889120883022,1399
1.3842839587938127,0.009030112969744448,0.00044633632875414964,0.004884499827205935,5.118331738430321e-05,0.2571542516998148,0.25714457585438844,1400
1.384521476969271,0.007957523242768515,0.0005685399063030635,0.004675895705761646,0.00013419876310454974,0.2615844189800158,0.26158381367089284,1401
1.3834354773470525,0.007955583749774018,0.0005048108355627592,0.004684067706524168,0.00013037536074740722,0.26141820304371083,0.26141745426117363,1402
1.3854004967835263,0.009122572847195812,0.0005047266262530048,0.004893110327272739,4.922200335993018e-05,0.25701583946224044,0.2570057354950157,1403
1.384273734043677,0.009019022318514728,0.00044774057163762755,0.004885120092189498,5.145967375604215e-05,0.2571735398344222,0.2571639917654588,1404
1.3843171819591733,0.007951089669136477,0.0005578199908740705,0.0046792338862772665,0.00013312258568123854,0.26153787613390084,0.26153725258054195,1405
1.3832671066481177,0.007948800705265971,0.0004963791704466799,0.004687244059924424,0.00012927579341512143,0.2613699513374122,0.2613691882368228,1406
1.3853666458367877,0.009108521982960116,0.0005044440436218704,0.0048936648159581654,4.9416189157064004e-05,0.25702966493917484,0.25701972427242653,1407
1.3842545971028029,0.009006531788100512,0.0004484135836013715,0.004885797985566767,5.168853616547134e-05,0.2571894739839206,0.25718007797874765,1408
1.3841212502370217,0.007944210500108878,0.0005474613746886817,0.004682510524347321,0.00013212530476540893,0.26149457718950153,0.2614939389622935,1409
1.3831008600749508,0.007941656731726789,0.0004877923832937859,0.0046904208312257435,0.00012830470978257517,0.26132716689126523,0.26132638904453565,1410
1.3853324241813862,0.009093980136848248,0.0005041908051498811,0.004894325226998327,4.961633113503928e-05,0.2570438860819181,0.2570341035981138,1411
1.3842281209246345,0.008992526476301176,0.00044852962179208877,0.004886483933934365,5.1882622251130704e-05,0.2572029592704062,0.25719372560605663,1412
1.3839395772839163,0.007936662348057044,0.0005380258696167232,0.0046855968132119554,0.0001311420241146477,0.2614517258138085,0.2614510794713194,1413
1.3829428142128655,0.007933824900770565,0.00047962542563179984,0.004693403035820606,0.00012739811564471486,0.2612870773739137,0.26128628742598425,1414
1.385298148669222,0.009079703254181825,0.000503987837868181,0.004895019126732422,4.9833432120976e-05,0.25705927985852495,0.2570496318475857,1415
1.3842000913633834,0.008978102147314653,0.00044860334465547685,0.004887342704979627,5.208720228578794e-05,0.2572171464087815,0.257208044541349,1416
1.3837681988670203,0.007929185420446253,0.0005290971672293644,0.004688776934412152,0.00013021950640295925,0.26141137618357047,0.2614107199030236,1417
1.3827942440941088,0.007925398323800185,0.00047197863465450567,0.00469634426962101,0.00012654873642970388,0.26124938826913285,0.26124858846113985,1418
1.38526040564871,0.00906525525313833,0.000503529670448466,0.00489558856302024,5.004561832267086e-05,0.2570742927789759,0.2570647700775503,1419
1.3841695963427219,0.008963236269372893,0.00044846113047950067,0.004888047688515583,5.2277012778379986e-05,0.25723028441891327,0.25722128988258547,1420
1.3836055210890768,0.007921453413390832,0.0005206488564857896,0.004691872724998047,0.00012933359551293592,0.2613724929330792,0.26137182175272533,1421
1.3826538665507369,0.007917175945762746,0.00046469649399180613,0.004699360532767948,0.00012576784424377864,0.2612146263532843,0.26121381606365474,1422
1.3852195369524734,0.009050766253334383,0.0005029471352179678,0.0048962843507985125,5.0275970833896085e-05,0.25709055504413414,0.25708115833488016,1423
1.3841369241841976,0.00894849493636583,0.00044817209397413597,0.004888743497827645,5.246991640087317e-05,0.2572436121100507,0.25723472048279733,1424
1.38345058745685,0.00791283977881647,0.000512692003114805,0.004694807577546981,0.0001284707422653143,0.261334493471934,0.26133380477790835,1425
1.3825210212374872,0.007908503421748448,0.0004578619638164849,0.004702311210270069,0.00012501584732648767,0.2611810485790237,0.26118022562105186,1426
1.3851755460179944,0.009035692876354147,0.0005022339492497054,0.004897124519864124,5.051627958562109e-05,0.25710748053712573,0.25709821009266315,1427
1.3841019227410214,0.008933714881674364,0.00044780102973124747,0.00488956931899105,5.2679531424858744e-05,0.25725806664511003,0.25724928601936614,1428
1.3833036048903382,0.007903702625783944,0.000505163761142128,0.004697630369807392,0.0001276584856891155,0.26129860547541667,0.261297901639273,1429
1.3823967181602623,0.007899027035909023,0.00045157362053291296,0.004705060042176497,0.00012429080793573062,0.2611485787406167,0.2611477437013691,1430
1.385126058912197,0.009019780608522952,0.0005011869647312824,0.004897962132688118,5.075397514212835e-05,0.2571241824192063,0.2571150386488142,1431
1.38406320563685,0.008918283499659414,0.00044726806100841144,0.004890524487395582,5.289994990338885e-05,0.2572732351744866,0.2572645735009123,1432
1.3831641195385844,0.00789437436294489,0.0004979840747705929,0.004700461184305907,0.00012691330792426257,0.26126558067408256,0.26126486598988086,1433
1.3822801830495401,0.007888788225598959,0.00044573955823623936,0.004707662962705329,0.00012361460131416477,0.2611182103467314,0.26111736608157304,1434
1.3850700464413186,0.009003237657025985,0.0004997206112600821,0.004898705454466281,5.0988278817837654e-05,0.25714060773448855,0.2571315908650277,1435
1.3840187845980276,0.008902146088951672,0.0004463968446188559,0.00489149007659824,5.3120986436575015e-05,0.2572884145351767,0.25727987432390786,1436
1.383033063601156,0.007885199356598612,0.0004912048111607955,0.004703305158513798,0.00012623207302639257,0.2612353047589459,0.2612345826427157,1437
1.3821712505791925,0.00787831070361399,0.00044028614960134175,0.004710196275069996,0.00012300481143981377,0.2610907534207471,0.2610899028048151,1438
1.3850070958748442,0.008985997986182007,0.000497837765793579,0.004899330969016019,5.122469251480228e-05,0.25715714276194085,0.25714824960997856,1439
1.3839674336251744,0.008885198321209556,0.00044507620966521865,0.004892352152674407,5.3334733312532924e-05,0.2573030632827967,0.2572946396254092,1440
1.3829113337034513,0.00787577848689236,0.00048495003185990295,0.0047061117763406764,0.00012559832132559632,0.2612070656875739,0.26120633770769924,1441
1.3820699013910864,0.0078677520896479,0.0004351880743056483,0.004712757901530566,0.0001224719555886457,0.2610667048207064,0.2610658504381797,1442
1.384937681433556,0.00896809614658922,0.0004956551509765275,0.004899957787002635,5.148181863780614e-05,0.25717508317985277,0.2571663104538881,1443
1.3839091296398078,0.00886747248748776,0.00044335015055598995,0.004893123901567159,5.355211018098126e-05,0.25731793073081327,0.25730961550673015,1444
1.3827997608972877,0.007865854904118876,0.0004793245034015968,0.004708776219210349,0.00012499735593121043,0.2611802216405226,0.2611794877303852,1445
1.3819773300226332,0.007856845139382389,0.0004305892141560446,0.004715249009461392,0.00012199329262398346,0.26104505738436806,0.26104420122369054,1446
1.3848609132488507,0.008949422723546397,0.0004931331712457652,0.004900593571889722,5.176276073755089e-05,0.257194634162871,0.257185981406949,1447
1.3838441155775856,0.008849005138868219,0.0004412996219532178,0.004893882626840557,5.378864357642431e-05,0.25733407414582266,0.25732586148174796,1448
1.3826978413004825,0.007855524203309674,0.000474263273543959,0.004711341624539543,0.0001244436198589783,0.26115543006158787,0.2611546893586441,1449
1.3818938395788951,0.007845537172363345,0.0004265270943242821,0.004717647644114382,0.00012156297595912482,0.26102556011997236,0.26102470310300546,1450
1.3847753211603806,0.008929930639007242,0.0004901632518896368,0.004901209849016502,5.2065094252433465e-05,0.2572156146136302,0.2572070848764376,1451
1.3837711623455482,0.008829741084432444,0.00043886104122386826,0.004894622030059848,5.404780751530309e-05,0.2573517213981015,0.2573436131795211,1452
1.3826059228080314,0.007844871619680014,0.00046977404067931143,0.004713800068433256,0.00012394451557689646,0.2611330371227665,0.26113229008847016,1453
1.3818195589616906,0.007833763744732882,0.0004230207254966404,0.0047199116054820085,0.00012117921505250003,0.2610081431246373,0.26100728553636915,1454
1.3846800287480743,0.008909489125412279,0.00048668195569828964,0.004901761582150892,5.238656329943581e-05,0.2572378562640768,0.25722945160793603,1455
1.3836892810572259,0.008809599437999147,0.00043597649917539224,0.0048953405287269665,5.4330680187110605e-05,0.2573709348245057,0.257362936521311,1456
1.3825243913007037,0.007834010857059944,0.00046586272204193535,0.00471619772631244,0.0001235089265626609,0.26111345700323085,0.26111270594632713,1457
1.3817544424333215,0.007821628173201992,0.00042004660805675575,0.004722078358431993,0.00012085150801763307,0.26099324829236714,0.26099239130381835,1458
1.384574764056004,0.008888053435130527,0.0004826821127964403,0.004902223792595234,5.2729644702521874e-05,0.2572615180714863,0.2572532398326421,1459
1.3835978400517235,0.008788473654051625,0.0004325986654197351,0.004895975757257647,5.463506618614788e-05,0.25739155370582856,0.2573836704648039,1460
1.382453876367187,0.00782291472939242,0.00046258860164700023,0.0047184911827873625,0.000123130764427738,0.26109643025606605,0.26109567849291687,1461
1.3816989326299705,0.007809193429048129,0.0004176361060475465,0.004724142657826207,0.00012057811550110461,0.2609808066871749,0.2609799528110806,1462
1.3844592682663859,0.008865616413412375,0.00047816128747615806,0.0049026024258310786,5.309839229273531e-05,0.25728686436629195,0.2572787139717441,1463
1.3834969778001442,0.008766383701807738,0.0004287549844828275,0.004896539672143544,5.496666995511845e-05,0.25741395103538717,0.25740618465314635,1464
1.3823941198580172,0.0078115890313028855,0.00045992928725924496,0.004720701558812803,0.00012281425176570053,0.2610821591653297,0.2610814092177209,1465
1.3816529924914758,0.0077964972599962315,0.00041578782415162795,0.004726125994325224,0.00012035822730323606,0.26097078973015325,0.2609699417594995,1466
1.3843332995041704,0.008842145821223089,0.0004730976864738556,0.004902887695681733,5.349197564502496e-05,0.25731382086498056,0.2573058014897867,1467
1.383386538414133,0.008743342143848325,0.00042442485376741556,0.004896996328544752,5.532422039734005e-05,0.25743802530227883,0.2574303774511293,1468
1.382344965427657,0.007800020594173849,0.000457882641908142,0.0047227977061737175,0.00012255680438910487,0.26107053767389393,0.2610697913379998,1469
1.3816163132867683,0.00778362728694586,0.00041447890478818803,0.004728026804951205,0.00012019066758430224,0.260963150440649,0.2609623104360128,1470
1.3841973244450756,0.008817647475335496,0.00046752003652704964,0.004903099683567193,5.391107791993852e-05,0.25734241635430316,0.25733453060621525,1471
1.3832670597917809,0.008719358740654397,0.00041963791429150204,0.004897371402831838,5.5707447316036764e-05,0.25746374217909734,0.25745621424470194,1472
1.3823057021565723,0.007788176983427306,0.0004564120386254369,0.0047247974544080565,0.00012235475538148813,0.26106140838146247,0.2610606669668151,1473
1.381588036856818,0.007770566900661741,0.0004136588982756157,0.004729854665336534,0.00012007273115218219,0.2609577703549665,0.260956939694849,1474
1.38405251502486,0.008792237057442509,0.000461492434928794,0.004903244091209778,5.435544684177401e-05,0.2573726146543661,0.25736486455994556,1475
1.383139408025965,0.008694523987259907,0.00041443343584134464,0.004897666631904348,5.611432070492652e-05,0.2574909492525932,0.2574835429722933,1476
1.3822756560887164,0.007776156215634001,0.000455482592875912,0.00472669787442823,0.00012219972029967212,0.2610543982332677,0.2610536629573057,1477
1.3815672944013835,0.007757358927340415,0.0004132813828825252,0.004731604984368862,0.00011999631412351884,0.260954282912337,0.2609534625583489,1478
1.3839006315319018,0.008766077796867758,0.00045510824766636986,0.004903328804546239,5.482324784500462e-05,0.2574042722697781,0.25739665897504677,1479
1.3830053669068745,0.008668977910282998,0.0004089114685670893,0.00489790745101691,5.654353745680272e-05,0.25751954370003943,0.2575122604914871,1480
1.3822533643967034,0.007763996007802521,0.00045500790562849435,0.004728534475700111,0.0001220845461290183,0.2610491875777823,0.2610484595329798,1481
1.3815527492255124,0.007744073338682454,0.00041326816955278924,0.00473330721403602,0.0001199522828638342,0.26095227295422435,0.26095146365029054,1482
1.3837438147237051,0.008739388151340989,0.0004484737930706184,0.004903368264444097,5.531038188674923e-05,0.2574370949897624,0.25742961920850577,1483
1.3828669441817905,0.008642964006708555,0.0004031713959372554,0.0048980958751431375,5.699142194322077e-05,0.2575492663182074,0.25754210751887585,1484
1.3822371827182314,0.00775174833231136,0.00045489323501052205,0.004730309147052136,0.00012199926079158511,0.2610453275547439,0.2610446078030159,1485
1.381542906052917,0.007730769751341564,0.00041353737511395927,0.00473497132559165,0.00011992768761064551,0.26095115005881325,0.2609503524327138,1486
1.3835845171039258,0.008712339314464196,0.0004417075162821901,0.004903386727820284,5.5809524521309315e-05,0.257470577254892,0.2574632389196852,1487
1.3827266097311286,0.008616693927803875,0.0003973412426354438,0.004898265505122265,5.7452995600939335e-05,0.2575797754320916,0.2575727413739432,1488
1.3822248837463484,0.007739433164727292,0.0004550016729212935,0.004732058934807021,0.00012193666488402592,0.26104249359900317,0.26104178286307056,1489
1.381535820271394,0.007717511514944938,0.00041396947792212736,0.004736631101044864,0.00011991387082326284,0.2609505192033649,0.2609497336230032,1490
1.38342534074093,0.008685150307609262,0.00043493318715315374,0.0049034102294757,5.631239012921517e-05,0.25750415818924516,0.25749695640229464,1491
1.3825866739344987,0.008590379077762573,0.0003915247588735743,0.004898427331649604,5.79191587441191e-05,0.25761046376669117,0.25760355382438027,1492
1.3822143604994175,0.007727065399653466,0.00045521419831499096,0.004733787409346178,0.00012188412091202523,0.2610401141711499,0.2610394127826279,1493
1.3815295413927242,0.007704323143708025,0.00041444954176687594,0.004738297848808578,0.00011990073252406555,0.2609499192930389,0.2609491457186123,1494
1.3832689561851081,0.008658056025044566,0.0004282836000105503,0.00490347285129883,5.681148824595198e-05,0.25753733960001485,0.25753027203149437,1495
1.3824495683945022,0.008564228259822436,0.0003858425875000281,0.00489862401937325,5.8382564416157384e-05,0.25764084840944756,0.25763406045526355,1496
1.3822033434526748,0.007714666111885839,0.0004553954461817459,0.004735529933197863,0.00012183170789408317,0.26103774016246456,0.2610370479465995,1497
1.3815220634750733,0.007691217281945329,0.0004148564967275079,0.004739996512460802,0.00011988005560198077,0.260948975093678,0.2609482130337807,1498
1.3831177979246927,0.008631290634227113,0.00042187808355373065,0.004903598359089177,5.7299287507457676e-05,0.2575696292846782,0.2575626922757006,1499
1.3823173442457821,0.008538442059316758,0.00038038872105837203,0.004898871077555486,5.8834722757110454e-05,0.2576703795706021,0.25766371028676915,1500
1.3821899255452113,0.007702244347006294,0.00045543819689053893,0.004737293642117177,0.00012176770806103258,0.26103484064502214,0.26103415702893584,1501
1.381511717836764,0.007678198832976002,0.0004150936589840188,0.004741735884176175,0.0001198428035856515,0.26094727379696203,0.2609465223401879,1502
1.3829738824544897,0.008605050313082889,0.0004158173405989786,0.0049038136000414505,5.776950102301347e-05,0.2576006250416011,0.2575938134366478,1503
1.382191799554261,0.008513198196928438,0.0003752544071622837,0.00489920272450084,5.9270175068619086e-05,0.2576987125591633,0.2576921572734203,1504
1.3821723470297316,0.0076897996593758965,0.0004552366481932301,0.004739105509269475,0.00012168542374828529,0.2610311116279496,0.26103043569563245,1505
1.381497082020468,0.0076652571058276045,0.0004150767061116085,0.004743532110921101,0.0001197829566523219,0.2609445400384083,0.26094379802591694,1506
1.3828386285762124,0.008579478204022878,0.0004101687800308878,0.004904131860676129,5.821617645792399e-05,0.257629952585562,0.25762326035878286,1507
1.382074086914181,0.008488618225586659,0.0003704911731741398,0.004899626219363334,5.9682912113686564e-05,0.2577254716434459,0.25771902483059267,1508
1.3821494142276702,0.007677328833615399,0.000454722701106518,0.004740967943081967,0.00012157825985087623,0.2610262532099928,0.2610255838114361,1509
1.3814772018756076,0.007652381125447294,0.00041474988333820375,0.004745389442300066,0.00011969605941345002,0.2609405694282085,0.2609398355356443,1510
1.3827128966115663,0.008554670181837299,0.0004049754839670375,0.004904568335913851,5.8635720080095964e-05,0.25765739642960295,0.2576508170105839,1511
1.3819649181459042,0.008464779429770334,0.00036613573921905323,0.004900160287819662,6.0070028485484756e-05,0.2577504856935217,0.25774414134600415,1512
1.3821203278442407,0.007664817150230334,0.00045384764710381135,0.004742893972019888,0.00012144388775747076,0.261020158245573,0.2610194941240203,1513
1.3814515305114254,0.0076395491430982865,0.0004140803498443067,0.00474731366893279,0.00011958056580191468,0.2609352899276569,0.26093456280221033,1514
1.3825969171485666,0.008530667686387463,0.0004002473714545016,0.004905125489712276,5.902583265994792e-05,0.2576828271267775,0.2576763539196459,1515
1.3818643730547437,0.008441708282310858,0.0003621889171213441,0.0049008025665953315,6.0429329668377e-05,0.2577736304046679,0.2577673825285466,1516
1.382084907541698,0.007652250978845215,0.000452602057210124,0.0047448774110553085,0.00012128103436343837,0.2610127668804637,0.2610121067743458,1517
1.3814200199233002,0.007626735691343781,0.0004130662767737251,0.004749299563061709,0.00011943637711593593,0.2609286951241187,0.2609279734083638,1518
1.3824904259570823,0.008507457918539778,0.00039597206987828574,0.004905804622508567,5.938624589044555e-05,0.25770624719889296,0.25769987364063135,1519
1.3817721529005451,0.008419385528753766,0.0003586382351199022,0.004901558162239781,6.076133665312292e-05,0.25779495584677187,0.2577887986214899,1520
1.3820433633752003,0.00763961271186597,0.00045099607830535564,0.004746920340717463,0.00012109221831934033,0.26100419094342425,0.2610035336841362,1521
1.3813829977479941,0.007613915937236645,0.00041172638932541404,0.004751343378526692,0.00011926604665152568,0.2609208995349067,0.2609201819709133,1522
1.3823926877000559,0.00848498500469708,0.0003921122142367154,0.004906596992476904,5.9717829927075344e-05,0.257727731227668,0.2577214510284416,1523
1.3816875134103699,0.00839774795226039,0.000355445593892858,0.004902416164706055,6.106705256962338e-05,0.25781454109782675,0.257808469002255,1524
1.3819963606279912,0.007626888405145709,0.00044906894093369874,0.004749011299223061,0.00012088057358245238,0.26099457018634437,0.26099391472452443,1525
1.3813411384034273,0.007601063143180504,0.0004101009974386986,0.004753434118995951,0.00011907315159879775,0.2609120644975549,0.26091134994650494,1526
1.3823026755512497,0.008463161727146134,0.00038861740041662624,0.00490749312704311,6.002291270409644e-05,0.2577474455599311,0.2577412527877398,1527
1.3816095012846221,0.00837670706324986,0.00035256589424813447,0.004903371167419863,6.134930031506479e-05,0.2578325794164544,0.25782658732678,1528
1.3819447888410141,0.007614069926973405,0.0004468702753921503,0.004751146117774147,0.00012065169421830767,0.26098415650918666,0.26098350197063397,1529
1.381295308230464,0.007588160488000028,0.00040823970658948394,0.004755563956411785,0.00011886306374896995,0.26090243384520034,0.2609017213636683,1530
1.3822191564752895,0.008441880507892865,0.0003854262913250831,0.0049084773178797204,6.030447634459189e-05,0.25776559568510954,0.2577594849926245,1531
1.381536962315494,0.008356151953490869,0.0003499409785215879,0.004904405356473227,6.161074445701954e-05,0.2578492512035875,0.25784333452750297,1532
1.3818897525168083,0.007601145789253267,0.00044446562931297934,0.004753310185075107,0.00012041050870208337,0.2609731722260285,0.26097251792365805,1533
1.3812465038906188,0.007575192845794746,0.0004062010356716537,0.0047577213724952615,0.0001186410576920174,0.26089224759597474,0.2608915364281177,1534
1.382140863104549,0.008421026914565317,0.00038247772757061524,0.004909537168695706,6.05663582284227e-05,0.2577824390924968,0.2577764057149221,1535
1.3814687612457304,0.008335974106314939,0.00034751690674540573,0.004905508220614597,6.185525654767485e-05,0.25786481128493716,0.25785896599494673,1536
1.3818323510518933,0.007588107079349,0.00044191848487765877,0.00475549511421727,0.00012016298422987618,0.2609618878041091,0.26096123326803,1537
1.3811957209200196,0.007562148918838263,0.0004040431989970301,0.004759896934000997,0.00011841252541116621,0.26088175194585717,0.26088104156584385,1538
1.3820665465512343,0.008400483863901019,0.00037971022862398217,0.004910657073968196,6.081209607960883e-05,0.2577982110820116,0.2577922509360528,1539
1.381403785638845,0.008316061602386435,0.0003452389043972522,0.004906662909277969,6.208608215772542e-05,0.2578794722004539,0.2578736948398781,1540
1.3817736481443896,0.007574944719476217,0.0004392920844878952,0.00475768740391237,0.00011991398799235274,0.26095052455329665,0.2609498694992875,1541
1.3811438833069025,0.00754901833704645,0.00040182102544479174,0.004762080207675357,0.00011818209118915275,0.26087115868659605,0.2608704487560146,1542
1.3819951048517025,0.008380148568322475,0.000377070410458457,0.004911825728899034,6.104520591498714e-05,0.2578131431520859,0.25780725276467137,1543
1.3813410881808077,0.008296321396437788,0.00034306216535868604,0.0049078599581118525,6.230671850816034e-05,0.2578934604900614,0.2578877481535016,1544
1.381714531771732,0.0075616548509851375,0.00043663786447657835,0.004759879852965738,0.00011966836487804131,0.2609393036742766,0.2609386479973814,1545
1.3810917608243445,0.007535794951298179,0.0003995798614339672,0.004764263411617181,0.00011795382157087259,0.260860654748719,0.2608599451048801,1546
1.3819256075519089,0.008359932139979761,0.00037451233045833525,0.0049130306289104555,6.126841839666345e-05,0.25782741454100033,0.25782159100284346,1547
1.3812798715817765,0.008276671632874152,0.00034094741093169544,0.0049090866545781035,6.251958817914562e-05,0.257906932918594,0.257901283185731,1548
1.3816557181754405,0.007548234487767523,0.00043399858417181785,0.004762063375426291,0.00011942938191072152,0.26092837508098626,0.26092771881256777,1549
1.3810399401124107,0.007522475046291617,0.00039735450280660716,0.0047664400345276865,0.00011773072463404712,0.26085037900877417,0.2608496696065456,1550
1.3818573705999118,0.00833977036151126,0.00037200322670894565,0.004914264304459888,6.148410224422566e-05,0.25784117990127925,0.2578354207049763,1551
1.3812195722965828,0.008257056165242792,0.0003388681583053402,0.004910336908741467,6.272687753670534e-05,0.2579200301474619,0.2579144409718241,1552
1.3815976869321653,0.007534683800192497,0.0004314023354086093,0.004764234249698169,0.00011919957699466127,0.2609178558790021,0.2609171991599474,1553
1.3809888075196426,0.007509058386980358,0.00039516781132071426,0.004768606205968344,0.00011751481951357105,0.26084042524597495,0.2608397161337669,1554
1.3817899308111894,0.00831961916582556,0.0003695206167718428,0.004915519565010506,6.169374548723616e-05,0.25785453661823765,0.2578488395504459,1555
1.381159818679044,0.008237436207937428,0.00033680628094855266,0.004911603559157649,6.292976501995957e-05,0.2579328283115141,0.25792729787881186,1556
1.3815407167316176,0.00752100479680382,0.00042886620787677967,0.004766388502713435,0.00011897999747290262,0.26090779526177965,0.26090713828617507,1557
1.3809385636362184,0.007495546873174519,0.0003930318818036471,0.004770759769679594,0.00011730702261659047,0.2608308366535827,0.2608301279245616,1558
1.3817230515603312,0.008299457689784054,0.0003670538392523718,0.0049167934605683335,6.189835304322522e-05,0.25786755063811,0.2578619136649038,1559
1.3811004452803766,0.008217795987517675,0.000334754741782147,0.004912884561868961,6.31291080658755e-05,0.2579453828143064,0.2579399094509555,1560
1.381484883431402,0.0075072019676620414,0.0004263946901432769,0.004768526206386836,0.00011877102402244556,0.2608982119644667,0.2608975549496363,1561
1.3808892470559215,0.007481945443956516,0.0003909490654478813,0.004772900605932973,0.00011710743691816358,0.26082161896012623,0.2608209107297017,1562
1.381656662663804,0.008279280824754407,0.00036459993781553244,0.00491808344148729,6.209821527075747e-05,0.25788024208198945,0.2578746632846884,1563
1.3810414234154034,0.00819813251397526,0.0003327124163309782,0.004914177245671295,6.332499509148852e-05,0.2579577003645204,0.25795228245670726,1564
1.3814301257729555,0.00749328015483539,0.0004239847495889305,0.004770647240601074,0.00011857200523158372,0.2608890773361008,0.26088842048318134,1565
1.3808407764046184,0.007468259588771701,0.0003889147142015335,0.004775029718990907,0.00011691546984575285,0.26081274571261864,0.2608120380830006,1566
1.3815908300643216,0.008259097527756576,0.00036216317899845265,0.004919389878634704,6.229334552049681e-05,0.2578926133517674,0.2578870908634741,1567
1.3809828392850994,0.008178456556910588,0.0003306844542209967,0.004915482424891684,6.351736478362236e-05,0.25796977821420536,0.2579644141764478,1568
1.3813762785367294,0.007479246050816162,0.0004216267222079261,0.004772753982223798,0.0001183819909414332,0.260880348842819,0.2608796923248456,1569
1.3807929959445826,0.007454496346499374,0.0003869196522444003,0.004777148992038983,0.00011673014892384042,0.2608041727551831,0.26080346580359937,1570
1.3815256855180216,0.008238922300581333,0.00035975075039227505,0.004920712804910328,6.248340067109211e-05,0.25790464424696596,0.2578991762214512,1571
1.3809248242166525,0.00815878193043531,0.00032867770328343484,0.004916799993373647,6.370577012043795e-05,0.2579815894482514,0.2579762776925448,1572
1.3813231388175773,0.007465105814979919,0.00041930912800906654,0.004774848234547336,0.00011819958054552546,0.2608719630493083,0.2608713069962762,1573
1.380745721572229,0.007440662154251123,0.00038495310496186315,0.004779260605868373,0.00011655030011452003,0.26079584642881326,0.2607951401941802,1574
1.3814613894960481,0.008218773305211619,0.0003573716414290616,0.004922053658121405,6.266807725238226e-05,0.2579163171520842,0.2579109017486649,1575
1.3808675281912242,0.008139126120294222,0.00032670043314718064,0.004918131666378066,6.38899022948612e-05,0.2579931159315289,0.25798785487542264,1576
1.3812704986220423,0.00745086684310629,0.0004170197940606898,0.004776932874216733,0.00011802350521738437,0.2608638623526527,0.26086320685678904,1577
1.3806987792924983,0.007426763550545813,0.00038300491530565776,0.0047813665581332146,0.0001163747507193832,0.26078771295128783,0.2607870074386348,1578
1.3813980779370392,0.008198664910256682,0.0003550333148920984,0.00492341268178857,6.284701605657191e-05,0.257927610993015,0.25792224638542777,1579
1.380811071708699,0.008119502233217049,0.00032475913161527585,0.004919477773513142,6.406940459789094e-05,0.25800433661198047,0.25799912468417285,1580
1.38121818609539,0.007436535854059609,0.0004147488570987486,0.004779009904814136,0.00011785255713895308,0.26085599176210783,0.26085533687929685,1581
1.3806520302630778,0.007412806560531884,0.00038106698058167635,0.0047834686356326775,0.00011620251639337389,0.2607797271019898,0.26077902228439453,1582
1.3813358450364708,0.008178607442433898,0.00035274140430581664,0.004924790380748909,6.302008286612773e-05,0.257938518934041,0.2579332033274081,1583
1.3807555352492489,0.008099920157119548,0.00032285859358516754,0.004920839110055085,6.42441831251056e-05,0.25801524691604105,0.25801008258636293,1584
1.3811660779277626,0.0074221195673524285,0.0004124890979732169,0.00478108140873537,0.00011768588140514013,0.2608483123759016,0.26084765814003236,1585
1.3806053851126017,0.007398796750030327,0.00037913413256681597,0.0047855679982481076,0.00011603285946459563,0.260771854968602,0.26077115080005453,1586
1.381274723974796,0.008158603659878328,0.0003504983313587209,0.004926185920581669,6.318726145246463e-05,0.25794904154300785,0.25794377319985307,1587
1.38070094311443,0.008080382766209036,0.00032100059549009197,0.004922215088353345,6.441423550992651e-05,0.258025847962049,0.25802072975920026,1588
1.381114109550156,0.007407623928739141,0.0004102368951078722,0.004783148564249057,0.00011752284475518841,0.260840795393106,0.26084014182371057,1589
1.380558804287813,0.007384739005922038,0.00037720410762354724,0.00478766543632259,0.00011586534241186017,0.2607640764774253,0.2607633729012246,1590
1.3812146952401154,0.008138650821893629,0.0003483041158502198,0.004927598357822635,6.334879516574158e-05,0.2579591956355992,0.2579539729010661,1591
1.380647274240384,0.008060888541561348,0.00031918484371501433,0.004923605143282577,6.457980230878318e-05,0.2580361559410444,0.2580310824785015,1592
1.3810622650573887,0.007393054683929184,0.0004079914054581745,0.0047852123619188695,0.00011736311260811277,0.2608334257097242,0.2608327728235638,1593
1.3805122914485073,0.007370637827238643,0.00037527721679742857,0.004789761155280593,0.0001156997489071198,0.2607563817758166,0.2607556787355311,1594
1.381155692656383,0.008118740473078947,0.00034615636485338787,0.004929025757029606,6.350504723015934e-05,0.25796900541034823,0.25796382673333257,1595
1.380594468832706,0.008041431171368818,0.00031740897488254365,0.004925007780616254,6.474120424556737e-05,0.2580461919095661,0.2580411618953062,1596
1.381010565675111,0.0073784170476038045,0.00040575407471405675,0.004787273245901503,0.0001172064890625835,0.2608261945790099,0.26082554239338573,1597
1.380465878184786,0.007356497319708951,0.00037335539434637616,0.004791855193144792,0.00011553604213912631,0.26074876933137586,0.26074806677513435,1598
1.3810976250473868,0.008098861344450498,0.00034405160187694857,0.004930466215910527,6.365653335227377e-05,0.257978504455866,0.25797336840277185,1599
1.380542448675983,0.008022002812324937,0.0003156697997905568,0.0049264216437355755,6.489888543627476e-05,0.2580559844486118,0.2580509966970188,1600
1.3809590502559248,0.007363716326571718,0.0004035273347711805,0.004789331677407793,0.00011705289402410997,0.2608190985772434,0.26081844711441143,1601
1.3804196093412333,0.0073423217193025895,0.0003714413515401454,0.004793947360647595,0.00011537425377890358,0.26074124079326516,0.26074053867778596,1602
1.3810403904496296,0.00807900029627117,0.000341985766291774,0.00493191740753227,6.38037905115388e-05,0.2579877274935703,0.257982632753738,1603
1.3804911294877922,0.008002594593249968,0.00031396370473986174,0.004927845018740985,6.505327296351433e-05,0.2580655609205755,0.2580606143496011,1604
1.3809077603911657,0.007348957624197817,0.00040131385266681355,0.004791388009247171,0.00011690221902159693,0.26081213295430633,0.2608114822393677,1605
1.3803735277454925,0.007328115306763978,0.00036953764057458423,0.004796037606513034,0.00011521443071632979,0.2607337985222534,0.26073309681198303,1606
1.380983894538629,0.008059144828616853,0.00033995529659259247,0.00493337733945104,6.394738568386764e-05,0.2579967109291175,0.2579916563145273,1607
1.3804404364219036,0.007983199167443254,0.00031228756984258004,0.004929276582280338,6.520479687900076e-05,0.25807494872299513,0.2580700423517911,1608
1.3808567269189678,0.007334146475378187,0.00039911562489860055,0.004793442842228786,0.00011675430181880962,0.2608052904550877,0.2608046405142183,1609
1.380327665200592,0.007313882766406902,0.00036764614834983134,0.0047981259270542306,0.00011505655211674955,0.2607264417267214,0.26072574039275526,1610
1.380928058243409,0.008039283508097642,0.0003379573596460813,0.0049348440072704055,6.408782650417696e-05,0.25800548727462463,0.25800047171555085,1611
1.3803903098091768,0.007963810826323643,0.0003106389189891846,0.004930715058112213,6.535380464898741e-05,0.25808417000371636,0.25807930294255443,1612
1.380805963811667,0.007319288648156479,0.00039693368398434,0.0047954969405051735,0.00011660885734054185,0.26079855811395863,0.2607979089688604,1613
1.3802820367753503,0.007299629195641066,0.0003657677184129018,0.004800212610086803,0.00011490052394678844,0.2607191661964347,0.2607184652124197,1614
1.3808728240276327,0.008019407068504222,0.00033599027554767185,0.004936315869782472,6.422558762875158e-05,0.25801408682438315,0.2580091093625466,1615
1.380340709419178,0.007944426595782327,0.0003090162260978191,0.004932159636320094,6.550059409057051e-05,0.2580932437310741,0.2580884151742255,1616
1.3807554664063646,0.007304390413321405,0.0003947679354075494,0.004797551339278382,0.00011646549294531754,0.26079191794563494,0.26079126960976085,1617
1.3802366417494567,0.007285360137387013,0.00036390224721273286,0.004802298040891423,0.00011474615217043534,0.2607119630400051,0.2607112623793352,1618
1.3808181529905494,0.007999507900646288,0.0003340532594412204,0.004937791521626715,6.436107271969836e-05,0.258022535304983,0.2580175950870703,1619
1.3802916112288628,0.007925045615173584,0.0003074186718667316,0.004933609701659163,6.564538447144762e-05,0.2581021839322153,0.25809739314841795,1620
1.3807052148697923,0.007289458442804071,0.0003926173797585053,0.004799607251914267,0.00011632371646780052,0.2607853473039954,0.26078469977769086,1621
1.3801914665422836,0.0072710814623326205,0.000362048821309518,0.004804382808659849,0.00011459318686338939,0.26070482073009116,0.2607041203624712,1622
1.3807640215209276,0.007979580060413537,0.0003321463161458655,0.0049392699154720545,6.449465467637361e-05,0.25803085640989637,0.2580259526822935,1623
1.3802430036641187,0.007905669122727343,0.00030584600002555456,0.004935065000021355,6.578835406824703e-05,0.25811100203848125,0.2581062483658989,1624
1.380655179738729,0.00727449990417251,0.0003904804110658349,0.004801666029056652,0.00011618297834651283,0.26077882082356474,0.26077817409178955,1625
1.380146490787681,0.007256799268574353,0.0003602061049668217,0.004806467490416935,0.00011444133900817317,0.2606977258802127,0.2606970257704616,1626
1.3807104139818391,0.007959618496973882,0.0003302697969645835,0.004940750087239697,6.462667105324203e-05,0.2580390715293025,0.2580342036355589,1627
1.3801948811876348,0.007886299615137475,0.0003042981451486876,0.004936525426333115,6.59296379127782e-05,0.2581197067627334,0.25811498960413076,1628
1.3806053282554154,0.007259522347566128,0.0003883551971416213,0.004803729069479479,0.00011604270436401972,0.2607723119321722,0.2607716659624586,1629
1.3801016922493974,0.007242519689479762,0.00035837260742054835,0.004808552695720166,0.00011429033271201165,0.2606906656814256,0.2606899657886697,1630
1.3806573178978294,0.007939618886646604,0.0003284241885942434,0.004942231269082817,6.475745888740112e-05,0.25804720192908076,0.2580423693088393,1631
1.3801472399790153,0.007866940653035203,0.00030277503355145624,0.004937991085536068,6.606935560909822e-05,0.25812830582649904,0.2581236246476169,1632
1.3805556295341466,0.007244533743395064,0.00038623997026635405,0.004805797742178438,0.00011590233077378902,0.26076579447945153,0.2607651492220725,1633
1.3800570515481831,0.007228248805314758,0.0003565469818393888,0.004810638900723182,0.00011413992263026292,0.26068362872016165,0.2606829289990525,1634
1.3806047191920066,0.007919577278937438,0.00032660981313050976,0.00494371272071064,6.488735176894072e-05,0.2580552685721173,0.25805047076177784,1635
1.3801000743325385,0.007847596394395799,0.00030127637109957854,0.004939462172837683,6.620760931597449e-05,0.2581368058423422,0.25813216016980595,1636
1.3805060576835277,0.007229542370802543,0.0003841332103552997,0.004807873339440751,0.00011576132701219843,0.2607592437936966,0.26075859918201466,1637
1.3800125540795691,0.007213992453489384,0.00035472812613095535,0.004812726495321311,0.00011398992411751975,0.2606766063951763,0.26067590679734354,1638
1.380552600931201,0.007899490302392124,0.00032482676438954624,0.004945193830277993,6.501669223389328e-05,0.2580632928902461,0.2580585295229849,1639
1.3800533757521898,0.00782827165743595,0.00029980160023017387,0.004940939021869662,6.63444916440229e-05,0.25814521280532454,0.25814060222465873,1640
1.3804565929343264,0.007214556856594825,0.000382033698764443,0.0048099570226350875,0.000115619209739467,0.26075263733878656,0.2607519932905814,1641
1.3799681908291652,0.0071997561769756155,0.00035291524276043223,0.0048148156931277645,0.00011384021398774597,0.26066959296260855,0.26066889343904814,1642
1.3805009430274855,0.00787935536911346,0.0003230748348697865,0.004946674053976198,6.514581706164783e-05,0.25807129587251315,0.2580665666774792,1643
1.3800071331405657,0.0078089718566129104,0.0002983498888023907,0.0049424220684043995,6.648007422859749e-05,0.2581535313961864,0.2581489555475891,1644
1.3804072209810805,0.007199586080163457,0.00037994047313479377,0.004812049818308504,0.00011547554908951581,0.26074595501058495,0.2607453114289068,1645
1.3799239571724227,0.007185545093519867,0.00035110775927283414,0.00481690659732949,0.00011369073823723772,0.2606625859076135,0.26066188641055676,1646
1.3804497240948737,0.007859171210533597,0.0003213535884261694,0.004948153024314523,6.527505156488977e-05,0.258079297714832,0.25807460251368325,1647
1.3799613343459625,0.007789703226208552,0.0002969202067567558,0.004943911895487911,6.661440249241248e-05,0.25816176466779167,0.25815722324056783,1648
1.3803579316267578,0.007184639174549203,0.0003778527383456432,0.0048141525795505425,0.00011532996903027549,0.2607391791599859,0.2607385359343883,1649
1.3798798515712467,0.007171363859708,0.0003493052620204093,0.004818999159136059,0.00011354150064078011,0.26065558541989975,0.26065488590490804,1650
1.380398923178833,0.007838938320491397,0.00031966239386853145,0.004949630550848422,6.540468957726748e-05,0.2580873165869321,0.2580826552883455,1651
1.3799159676847865,0.007770472860933974,0.0002955113993292044,0.004945409234838169,6.674748458241841e-05,0.2581699133766778,0.2581654061015859,1652
1.3803087171527617,0.007169725407631337,0.00037576976191019046,0.00481626599339723,0.00011518215116798068,0.2607322947764204,0.2607316517838217,1653
1.3798358738513015,0.007157216573440591,0.00034750739324129694,0.0048210932372759925,0.0001133925601579638,0.2606485942808412,0.26064789470819233,1654
1.380348521772548,0.007818659450447457,0.00031800049626211206,0.004951106703188548,6.553498136603336e-05,0.25809536789565696,0.2580907404868047,1655
1.3798710233158764,0.007751288797280658,0.0002941222640939459,0.004946914981070799,6.687928649048774e-05,0.25817797569637424,0.25817350233705894,1656
1.380259571284028,0.00715485408808341,0.0003736908091062021,0.004818390536689261,0.00011503183776588316,0.2607252896355242,0.26072464674156576,1657
1.3797920242708375,0.007143106727625329,0.00034571380934691326,0.0048231885753622465,0.0001132440195873517,0.2606416173388894,0.2606409176750033,1658
1.3802985048719714,0.007798339917496964,0.0003163670277989219,0.004952581822770615,6.566611754703777e-05,0.25810346330571304,0.25809886984165975,1659
1.3798264938902942,0.007732159885756751,0.0002927516006489332,0.004948430186402838,6.700972989090148e-05,0.25818594709797843,0.2581815074413529,1660
1.3802104886728521,0.0071400343662604065,0.0003716151083839242,0.004820526471559453,0.00011487884279250772,0.2607181548221934,0.26071751188266545,1661
1.3797483029205333,0.007129037111428397,0.0003439241535291809,0.004825284838553748,0.00011309602212330367,0.26063466135442515,0.2606339615727454,1662
1.3802488615402073,0.0077779878057938475,0.0003147610100634572,0.004954056558491382,6.57982190309826e-05,0.2581116101380048,0.2581070507287357,1663
1.3797823745710645,0.00771309560833385,0.000291398232707347,0.004949956033166219,6.71386942292403e-05,0.25819382049042083,0.25818941433721826,1664
1.3801614651830911,0.00712527503906283,0.0003695418713630224,0.004822673797262694,0.00011472306260338699,0.26071088523901675,0.260710242102042,1665
1.379704709878778,0.007115009772322204,0.0003421380784782445,0.0048273816006722745,0.0001129487450889006,0.26062773471107087,0.26062703479297994,1666
1.3801995846825976,0.00775761398422924,0.0003131813212864357,0.004955531862151506,6.593132851862116e-05,0.25811981086717056,0.25811528566312036,1667
1.3797386625174597,0.007694105751140087,0.0002900610137274873,0.004951493803576305,6.726602294277004e-05,0.258201586611307,0.25819721376671073,1668
1.3801124985350803,0.00711058426352922,0.00036747033860482555,0.004824832236972499,0.0001145644901157297,0.26070348028053164,0.26070283678912026,1669
1.37966124560345,0.007101025940407549,0.0003403552824125206,0.004829478365134436,0.00011280239708656408,0.2606208472866605,0.2606201472219874,1670
1.3801506705057909,0.00773723197632814,0.00031162666427694813,0.004957008981478043,6.606540629488002e-05,0.25812806288699097,0.25812357206305464,1671
1.3796953560491079,0.007675200060920087,0.0002887388164589369,0.004953044824754353,6.73915316097044e-05,0.25820923453250694,0.2582048947976795,1672
1.380063589291265,0.007095969299674936,0.0003653998520748556,0.004827001201533624,0.00011440322550069838,0.2606959443482424,0.260695300343607,1673
1.3796179116383394,0.007087086018375141,0.00033857556392595626,0.0048315745618021915,0.0001126572134299777,0.2606140102425981,0.2606133100301218,1674
1.3801021176918542,0.007716857673809967,0.00031009553522504395,0.004958489433448507,6.620032943726768e-05,0.2581363584875095,0.25813190222635557,1675
1.3796524537232915,0.007656387840253174,0.00028743052591725016,0.004954610424336671,6.751501867290368e-05,0.25821675231906766,0.25821244548333655,1676
1.3800147418067934,0.007081436203950544,0.0003633299320125751,0.004829179786848336,0.00011423948478444138,0.26068828727086063,0.26068764259604194,1677
1.3795747113178563,0.007073189558165629,0.00033679887684228907,0.004833669561324961,0.00011251345185955231,0.260607235825584,0.2606065354732204,1678
1.3800539265079605,0.0076965089132427986,0.000308586206318551,0.0049599749631280225,6.6335894465008e-05,0.2581446850439417,0.2581402635190601,1679
1.379609953398834,0.00763767759141328,0.0002861350270032747,0.004956191869034118,6.763627600976714e-05,0.25822412767470004,0.2582198535090736,1680
1.3799659651526708,0.007066989587175781,0.00036126035643990295,0.004831366765750029,0.00011407360258159484,0.2606805244525536,0.26067987895652406,1681
1.3795316505116837,0.007059335296272549,0.0003350253842016571,0.004835762679243391,0.00011237138784000287,0.26060053714865444,0.2605998366736206,1682
1.3800060978739326,0.007676204923314978,0.000307096725481855,0.004961467492696015,6.647182449819181e-05,0.2581530254812672,0.2581486388406125,1683
1.379567851404276,0.007619076666735448,0.0002848511993315292,0.004957790319901949,6.775510028315288e-05,0.2582313486308838,0.25822710688262807,1684
1.3799172738525822,0.0070526323795200895,0.0003591912348633326,0.004833560608650996,0.00011390602971115223,0.26067267678284844,0.2606720303246463,1685
1.3794887383079515,0.007045521190245849,0.00033325550778721464,0.004837853185348127,0.0001122313098043648,0.26059392796862263,0.26059322739739615,1686
1.379958632409972,0.007655965667786912,0.0003056249298660841,0.004962969052565237,6.660777988957021e-05,0.25816135894870273,0.2581570072996517,1687
1.3795261417723153,0.007600591004964554,0.00028357790684474635,0.004959406779358526,6.78713029862191e-05,0.25823840415288174,0.2582341945417045,1688
1.3798686884801359,0.00703836568686565,0.00035712307470257506,0.0048357595070684005,0.0001137373247839929,0.2606647702640044,0.26066412271694234,1689
1.3794459876573346,0.007031744494147131,0.00033148997071757205,0.00483994030828449,0.00011209351560950739,0.260587422519646,0.2605867218879477,1690
1.379911529491871,0.0076358111142743185,0.00030416847525859605,0.004964481709969798,6.674337349936045e-05,0.2581696617738656,0.25816534517022016,1691
1.3794848156030701,0.007582224919897042,0.00028231399055029876,0.0049610420575229505,6.798472005520728e-05,0.2582452847164429,0.2582411069319583,1692
1.3798202360513656,0.0070241886994334415,0.0003550568369728924,0.004837961417168018,0.00011356814056801835,0.26065683539180456,0.260656186647372,1693
1.3794034159430149,0.007018001834339074,0.00032972983451713656,0.004842023236707508,0.00011195830924948362,0.26058103535810573,0.26058033471084124,1694
1.3798647863070528,0.00761576047320726,0.00030272487190984216,0.004966007483800833,6.687818836135535e-05,0.25817790855667605,0.2581736269884192,1695
1.3794438605294288,0.007563980998570479,0.00028105825552368136,0.004962696738378899,6.809521948034299e-05,0.2582519827605457,0.25824783646138094,1696
1.3797719502004782,0.007010098707718447,0.00035299397490789656,0.004840164108176315,0.00011339920628011318,0.260648906341973,0.26064825631342553,1697
1.3793610454082073,0.007004289309024481,0.0003279765224770161,0.004844101119806856,0.00011182599955235822,0.26057478130045053,0.26057408069176474,1698
1.379818397021324,0.007595831457552902,0.000301291530776855,0.004967548266486822,6.70117979518435e-05,0.2581860734147602,0.2581818268009181,1699
1.379403260367943,0.007545860076210036,0.0002798094605681865,0.004964371165127616,6.820270719233592e-05,0.2582584930339824,0.25825437784811417,1700
1.379723871071426,0.006996091186729556,0.00035093645254493516,0.0048423652201971795,0.00011323130626564522,0.26064101998239103,0.26064036860774736,1701
1.3793189033772808,0.006990602585596673,0.00032623182944561334,0.004846173062475023,0.00011169689874745135,0.26056867535443545,0.26056797484785127,1702
1.3797723521171732,0.007576039622668958,0.000299865812801751,0.004969105744585557,6.714378608148633e-05,0.25819413119747825,0.2581899193823927,1703
1.3793629949925053,0.007527861329572198,0.0002785663085028843,0.004966065432229136,6.830713029044646e-05,0.2582648127801207,0.2582607283065368,1704
1.3796760448507561,0.006982159978508655,0.00034888673324609586,0.00484456232450365,0.00011306525721819296,0.2606332148110622,0.2606325620554982,1705
1.3792770221403532,0.006976937011063193,0.00032449790686734563,0.004848238124396088,0.00011157132210637767,0.2605627327006972,0.26056203236938613,1706
1.379726638070437,0.007556397837141001,0.00029844508703039374,0.004970681337818456,6.727376564366128e-05,0.25820205862230095,0.25819788137509525,1707
1.3793230405294024,0.0075099824524599125,0.0002773274457359395,0.0049677793949635726,6.840847742973762e-05,0.2582709417498697,0.2582668875610295,1708
1.3796285228849523,0.006968297532511267,0.0003468477367610522,0.004846752983959218,0.00011290188402520438,0.2606255298232702,0.26062487568073434,1709
1.3792354384383503,0.006963287722471566,0.0003227772227919595,0.004850295317431543,0.00011144958618452355,0.26055696860772654,0.26055626853484615,1710
1.3796812374520016,0.007536915936038162,0.0002970267936837791,0.004972276151575698,6.740139350329465e-05,0.25820983516906976,0.25820569218604134,1711
1.379283369931599,0.007492219936088862,0.0002760914733629013,0.004969512689291269,6.850677615171585e-05,0.25827688203079613,0.258272857675735,1712
1.379581360321469,0.006954495211647599,0.00034482275738743787,0.004848934811822346,0.00011274199643553843,0.2606180034109779,0.26061734790503577,1713
1.379194192454882,0.006949649765946153,0.000321072489122185,0.004852343611418243,0.00011133200633683348,0.26055139831192214,0.2605506985909564,1714
1.3796361295745276,0.007517600582763193,0.000295608516864632,0.0049738909567811785,6.752638069414384e-05,0.25821744368366123,0.25821333459286805,1715
1.3792439539807186,0.007474569414051363,0.00027485697558201575,0.00497126476585197,6.860208705091715e-05,0.2582826376868071,0.2582786426943106,1716
1.3795346142939537,0.00694074362583539,0.0003428153474003896,0.004851105524167659,0.00011258636642046195,0.26061067228880724,0.260610015472636,1717
1.3791533263355493,0.006936018218233546,0.0003193865601766419,0.004854381942731249,0.00011121889158318661,0.26054603677137467,0.2605453375063649,1718
1.3795912916891686,0.0074984553564590205,0.00029418806321567556,0.004975526192169229,6.76484964159584e-05,0.25822487060177596,0.2582207949691386,1719
1.3792047627092694,0.00745702607242775,0.00027362256632762776,0.004973034933426631,6.869449528203952e-05,0.25828821423963205,0.2582842481212109,1720
1.3794883416885935,0.006927032986988194,0.0003408291664790648,0.004853262987226161,0.0001124357080516807,0.26060357053315913,0.26060291248873263,1721
1.3791128822625203,0.006922388312522413,0.0003177223032169182,0.0048564092332334845,0.00011111053762475298,0.260540898331013,0.26054019963655617,1722
1.3795467007075761,0.007479481052003297,0.00029276354663288075,0.004977181994692793,6.776756592244017e-05,0.2582321058012176,0.258228063137202,1723
1.379165767175261,0.007439585080914336,0.0002723869533424325,0.00497482241050627,6.878409972706322e-05,0.258293618011885,0.25828968026407756,1724
1.3794425966369102,0.006913353454549892,0.00033886780944811896,0.00485540525474573,0.00011229065969483321,0.2605967287261132,0.2605960695625916,1725
1.3790729002333624,0.006908755563064511,0.0003160824521219416,0.0048584244133920195,0.00011100721725039286,0.2605359962628312,0.2605352982637381,1726
1.3795023353081841,0.007460676165931325,0.00029133347257013034,0.00497885825065745,6.788346247394225e-05,0.25823914209574894,0.25823513186190844,1727
1.3791269414681615,0.00742224202791939,0.0002711490153881869,0.004976626381059949,6.887100092937813e-05,0.25829885539875097,0.258294945504566,1728
1.3793974278925072,0.006899695460884368,0.00033693462213332847,0.004857530598095751,0.00011215176990884184,0.26059017327095463,0.2605895131223719,1729
1.3790334157022954,0.006895115884769538,0.0003144694533225212,0.004860426453378534,0.00011090916950248715,0.2605313422460049,0.2605306450765257,1730
1.3794581782442823,0.007442037518766879,0.0002898968167877594,0.0049805546656121824,6.799609470830358e-05,0.2582459744547448,0.2582419960693868,1731
1.3790882647628668,0.007404993315462692,0.00026990788501120435,0.004978446049852846,6.895528855866455e-05,0.25830393211428565,0.25830004954356933,1732
1.3793528763293539,0.006886049994549012,0.0003350325233603572,0.004859637524904712,0.0001120194868057347,0.2605839258692479,0.2605832648916014,1733
1.378994457317793,0.006881465700392592,0.00031288531979794523,0.0048624143954253485,0.00011081658789736213,0.2605269458010081,0.26052624960359483,1734
1.3794142186059526,0.0074235609561214356,0.0002884530898831163,0.00498227084358032,6.810539096611632e-05,0.25825259904309644,0.2582486518856599,1735
1.3790497232238215,0.007387836491062473,0.00026866302839900877,0.004980280694034956,6.903702985482813e-05,0.2583088524992822,0.2583049967080487,1736
1.3793089727713923,0.006872408833422442,0.00033316384674049026,0.004861724789480225,0.00011189415187868157,0.26057800320848323,0.26057734157638035,1737
1.378956044962229,0.0068678020293530375,0.00031133150534042785,0.00486438738813938,0.0001107296093711345,0.26052281375731484,0.26052211868092473,1738
1.3793704537877407,0.007405242062084297,0.00028700238034550776,0.0049840063690468625,6.821128258867708e-05,0.2582590122041729,0.25825509561803883,1739
1.379011311541033,0.007370770481655881,0.00026741431188768066,0.004982129705251141,6.911625991391004e-05,0.2583136189420679,0.2583097893708918,1740
1.379265736381012,0.006858764715142076,0.0003313302190421279,0.004863791391994833,0.0001117759979774601,0.2605724168465616,0.2605717547495971,1741
1.378918188304578,0.006854122551842956,0.0003098088128291869,0.0048663447168929615,0.00011064830472394877,0.2605189497918732,0.2605182559898868,1742
1.3793268909272836,0.007387076822335679,0.00028554536920960056,0.004985760882954515,6.831368815922047e-05,0.25826520950485954,0.2582613227986258,1743
1.3789730339221624,0.007353795715129102,0.00026616204704500333,0.004983992620240925,6.919297510667487e-05,0.25831823148912525,0.25831442756088335,1744
1.379223173758117,0.006845111442446306,0.00032953248510266827,0.004865836569663609,0.00011166515194102538,0.26056717331839624,0.2605665109574581,1745
1.3788808860057176,0.006840425644416994,0.0003083173446655499,0.004868285829695471,0.0001105726718928414,0.2605153541021138,0.26051466172996957,1746
1.379283547636446,0.0073690621800907566,0.0002840833120140287,0.004987534145885553,6.841250043999414e-05,0.2582711849477565,0.25826732739515473,1747
1.3789349043976031,0.007336914114016384,0.0002649070067572866,0.004985869135466745,6.926713016132849e-05,0.25832268767654587,0.2583189087938493,1748
1.3791812788627555,0.006831443920572694,0.000327770687929018,0.004867859778470132,0.0001115616413493382,0.26056227444016383,0.26056161202386746,1749
1.378844125667278,0.0068267103853513955,0.0003068565011277826,0.004870210354886165,0.00011050263256717906,0.26051202323851974,0.2605113324512116,1750
1.3792404519210135,0.007351196442768418,0.0002826179868540146,0.00498932608310679,6.850757742330494e-05,0.2582769304348475,0.25827310127368447,1751
1.3788969463791974,0.007320128965602393,0.00026365040928019246,0.004987759105865222,6.933863957172866e-05,0.2583269826210776,0.2583232281638259,1752
1.37914003377445,0.0068177581313104575,0.00032604410484133315,0.004869860668644731,0.00011146540528885717,0.26055771780683956,0.2605570555482835,1753
1.3788078845265193,0.006812976531396566,0.0003054250262403628,0.004872118110556248,0.00011043803266124766,0.26050895012174136,0.2605082610713275,1754
1.3791976412714437,0.007333479512701341,0.0002811516105265887,0.0049911368077789585,6.85987382972045e-05,0.2582824355293117,0.25827863395987927,1755
1.3788591914765236,0.007303444677462313,0.000262393869365311,0.004989662526122979,6.940738319840542e-05,0.25833110936180803,0.2583273786852858,1756
1.3790994102378669,0.006804051049996375,0.00032435133708467757,0.004871839054088166,0.00011137630821350895,0.2605534974398779,0.2605528355538874,1757
1.3787721308339795,0.006799224469786642,0.00030402109700139923,0.004874009104826086,0.00011037864646239844,0.2605061242360063,0.2605054370692799,1758
1.379155160999292,0.007315912934622006,0.00027968672855090934,0.004992966621774025,6.868576466668633e-05,0.25828768753432985,0.2582839127177896,1759
1.3788216776651347,0.007286866443311207,0.00026113932044124,0.0049915794971759405,6.947321586801318e-05,0.2583350594399808,0.2583313518739003,1760
1.3790593718531334,0.006790320517565036,0.00032269044354530296,0.004873794879099844,0.00011129415615112372,0.26054960454951387,0.2605489432505012,1761
1.3787368257761978,0.006785455152283436,0.0003026424468476989,0.004875883528270742,0.00011032418404917062,0.2605035319797281,0.2605028468361729,1762
1.37911306197031,0.007298499769911437,0.0002782260872657314,0.004994815994761797,6.876840668842193e-05,0.25829267186667976,0.2582889229238824,1763
1.3787844469591348,0.00727039984801747,0.00025988891399455214,0.004993510179614039,6.95359800906027e-05,0.2583388236634793,0.25833513851228235,1764
1.3790198767161337,0.006776565081568952,0.00032105910617883054,0.004875728184079841,0.00011121871393106533,0.2605460283486754,0.26054536784918925,1765
1.3787019257572013,0.006771670019072836,0.0003012865114129877,0.004877741740081052,0.00011027430110798746,0.26050115713185873,0.26050047414198046,1766
1.3790713979499951,0.00728124432442856,0.00027677249868601555,0.004996685525302731,6.884639341639328e-05,0.2582973726815416,0.2582936486926877,1767
1.3787475427999534,0.007254050449190542,0.0002586449056240426,0.004995454738856133,6.959552094577739e-05,0.25834239299876105,0.2583387295433958,1768
1.37898088026182,0.006762783823968964,0.00031945481082366434,0.004877639073676243,0.0001111497222045333,0.2605427568597845,0.26054209736976397,1769
1.3786673848172788,0.0067578709216298055,0.000299950582363441,0.004879584250478192,0.00011022861009046005,0.2604989813834705,0.26049830066754937,1770
1.3790302228080056,0.007264151768040698,0.0002753287091300762,0.004998575888080399,6.891944617345465e-05,0.25830177367635704,0.25829807368178603,1771
1.3787110073920006,0.007237823370643158,0.000257409537854731,0.004997413286048619,6.965170178136742e-05,0.2583457595089583,0.2583421170102079,1772
1.3789423380517893,0.006748976193315965,0.0003178750265516309,0.004879527689856649,0.0001110869127853002,0.26053977764401604,0.26053911937069724,1773
1.3786331569608496,0.006744060053082095,0.0002986319548184339,0.004881411702338713,0.0001101866915072538,0.26049698487696604,0.2604963065442284,1774
1.3789895878351393,0.007247227692074065,0.0002738972825126635,0.005000487773281073,6.898729366749354e-05,0.25830585899636477,0.2583021819986446,1775
1.378674879219043,0.0072217229422223295,0.0002561849303891849,0.004999385820128559,6.970441947562526e-05,0.2583489172636711,0.25834529496698594,1776
1.3789042082538596,0.006735141859366114,0.00031631736682748065,0.004881394192886979,0.00011103002105667695,0.2605370783928315,0.2605364215411957,1777
1.378599198181883,0.0067302398938844646,0.0002973280549871212,0.004883224854854507,0.0001101481041653441,0.2604951466957515,0.260494470843913,1778
1.3789495393974973,0.00723047765174487,0.0002724805070470885,0.005002421823461491,6.904968743421723e-05,0.25830961415675946,0.25830595912411886,1779
1.3786391909418259,0.007205752411317424,0.0002549729868919654,0.005001372175225117,6.975361798847025e-05,0.25835186314474023,0.25834826028639973,1780
1.3788664536020532,0.006721280604931263,0.0003147797185233482,0.004883238752369322,0.00011097879432171118,0.2605346473278279,0.26053399210142963,1781
1.3785654680150863,0.0067164131786721926,0.0002960365372410394,0.004885024572077625,0.00011011239331892384,0.2604934452549639,0.26049277197005916,1782
1.3789101171039817,0.007213906737801041,0.00027108033162425127,0.005004378573483965,6.910641638598587e-05,0.2583130269087731,0.25830939277981674,1783
1.3786039678296982,0.007189913743351525,0.000253775325505351,0.005003371977403481,6.979929925366686e-05,0.25835459749202,0.2583510133063652,1784
1.3788290426825456,0.006707392266682283,0.0003132603284079086,0.004885061550042681,0.0001109329953626538,0.26053247337346047,0.2605318199754399,1785
1.3785319304974384,0.006702582888122756,0.00029475534348454875,0.0048868118183752795,0.00011007909593067433,0.26049185855464485,0.2604911879110305,1786
1.3788713525949932,0.00719751921264109,0.0002696983346689336,0.005006358397573672,6.915731942703643e-05,0.25831608798817307,0.2583124736777279,1787
1.3785692268140215,0.007174207516265846,0.00025259323734456887,0.005005384613199563,6.984153071972243e-05,0.25835712454853477,0.25835355827594647,1788
1.37879195046329,0.006693476731244025,0.00031175784151866103,0.004886862795249074,0.00011089240082731327,0.2605305460840031,0.26052989471806826,1789
1.378498554488721,0.006688752267223389,0.0002934827217419341,0.00488858766236741,0.00011004774258659941,0.26049036427330335,0.26048969633370805,1790
1.378833268989514,0.007181318235394009,0.0002683357251677896,0.005008361466567797,6.920229547769978e-05,0.25831879170779626,0.25831519611369375,1791
1.3785349761864922,0.00715863290486741,0.00025142767437484045,0.005007409211364856,6.988044925415199e-05,0.2583594526886724,0.2583559035839563,1792
1.3787551580578075,0.006679533988487356,0.0003102712905272646,0.004888642753181788,0.00011085679447484631,0.2605288553259529,0.26052820619711686,1793
1.3784653133643296,0.006674924869036289,0.0002922172049869763,0.004890353289839467,0.00011001785593542268,0.2604889396954803,0.26048827451097334,1794
1.3787958809591572,0.007165305686631137,0.00026699337263534455,0.005010387716637957,6.924131058222226e-05,0.2583211363756534,0.2583175583862292,1795
1.3785012159049508,0.007143187741456803,0.0002502792652686519,0.005009444637928383,6.991626143142077e-05,0.25836159443117285,0.2583580617720183,1796
1.3787186517806251,0.006665564238894227,0.00030880003965692073,0.004890401785414757,0.00011082595565315677,0.26052739073337533,0.2605267440482506,1797
1.3784321841505678,0.006661104620939044,0.0002909575547764733,0.004892110025408941,0.00010998894589408867,0.26048756148463925,0.2604868990944003,1798
1.378759195341564,0.007149482090676697,0.00026567186069639137,0.005012436829414337,6.927440216355594e-05,0.2583231245433164,0.25831956304542864,1799
1.3784679384214849,0.007127868634435399,0.0002491483555526763,0.005011489503742717,6.994924052443783e-05,0.25836356625635487,0.2583600493515767,1800
1.3786824216057354,0.006651568048495535,0.00030734369022613066,0.004892140401525012,0.0001107996436754448,0.26052614096786875,0.260525496934347,1801
1.378399146218022,0.006647295908332671,0.00028970267707463857,0.004893859361699842,0.0001099605021686045,0.2604862053274101,0.2604855457582074,1802
1.3787232121640123,0.007133846621233191,0.00026437155757804017,0.005014508222066353,6.930168077842835e-05,0.25832476310644503,0.2583212169938521,1803
1.3784351299146724,0.007112671123614401,0.0002480350666569828,0.00501354218305329,6.997972069340917e-05,0.25836538825718264,0.25836188645450253,1804
1.3786464591770726,0.006637546541895992,0.0003059019573832761,0.004893859320184214,0.00011077757898046658,0.26052509282526604,0.26052445165144916,1805
1.378366179679141,0.006633503669227396,0.0002884515194776584,0.004895602994023037,0.00010993198492815534,0.2604848454889977,0.26048418875431056,1806
1.3786879259242217,0.007118397167588631,0.00026309269620980696,0.005016601044983279,6.932332996008206e-05,0.25832606329306246,0.2583225314750616,1807
1.378402771791118,0.007097589852464844,0.000246939367424072,0.005015600841292164,7.00080889651287e-05,0.2583670836595034,0.258363596352688,1808
1.3786107555400624,0.006623501622400729,0.00030447452887202213,0.0048955595375451575,0.00011075942212252877,0.2605242302389547,0.260523592131246,1809
1.378333263650863,0.00661973349157473,0.0002872029599068135,0.004897342857779932,0.00010990281467579179,0.2604834543293607,0.26048280042812394,1810
1.3786533269695136,0.007103130433443989,0.0002618354567225432,0.005018714184264147,6.933960483150405e-05,0.2583270405806327,0.2583235219909243,1811
1.3783708423209928,0.007082618740771167,0.0002458611513213205,0.0050176634704118825,7.003477558368861e-05,0.25836867824591725,0.258365204881137,1812
1.3785752987662492,0.006609436207205526,0.00030306091681571066,0.0048972424003362255,0.00011074475174661656,0.26052353323492716,0.26052289839523485,1813
1.3783003745422966,0.006605991704198441,0.0002859556966973464,0.004899081165250098,0.00010987236249246199,0.26048200183612186,0.26048135075110684,1814
1.3786194028272292,0.007088042040443898,0.0002606000447930993,0.005020846266298708,6.935083014337129e-05,0.2583277145810463,0.25832420818684804,1815
1.3783393182865495,0.007067751147195078,0.00024480031294082835,0.005019727930364474,7.006024322475378e-05,0.25837019971235775,0.25836673979366803,1816
1.3785400716304586,0.006595354465367154,0.0003016603126013041,0.00489890968057363,0.00011073304277411212,0.2605229768969675,0.2605223455190221,1817
1.3782674845117602,0.006592285451391772,0.0002847081489812744,0.0049008204380976955,0.00010983994185939396,0.2604804552314961,0.2604798069273863,1818
1.3785861393679317,0.007073126612752913,0.0002593867604763981,0.0050229956624550254,6.935739821653011e-05,0.25832810892199004,0.2583246137334578,1819
1.3783081765497123,0.007052980017652564,0.00024375681841218354,0.005021791995937563,7.008497540666821e-05,0.25837167697696634,0.2583682300708255,1820
1.3785050494754498,0.006581262046087887,0.0003002714532561072,0.004900563648349703,0.00011072364605362091,0.2605225304016487,0.26052190266647646,1821
1.378234560210006,0.006578622741203475,0.00028345837452128323,0.004902563531851543,0.00010980480318054336,0.2604787787065356,0.2604781331277891,1822
1.3785535217249358,0.007058377827775591,0.00025819605370873535,0.005025160493041496,6.935976697293645e-05,0.25832825113531865,0.25832476621533135,1823
1.3782773954807357,0.007038298022300285,0.00024273076589909992,0.0050238534087737085,7.010946424147167e-05,0.2583731394495417,0.2583697051882693,1824
1.3784701983669898,0.006567166284796388,0.00029889250552785074,0.004902207138702248,0.000110715770734616,0.2605221561827705,0.2605215322534128,1825
1.3782015618906778,0.006565012457935565,0.0002822040099426161,0.00490431364889376,0.00010976613193910826,0.26047693332703364,0.2604762903956537,1826
1.3785215349446853,0.007043788429330822,0.00025702856446677635,0.0050273386313169285,6.935845786046041e-05,0.2583281725402672,0.25832469701458555,1827
1.3782469562289523,0.0070236976892288465,0.0002417224342296631,0.005025909935019517,7.013419748113986e-05,0.25837461625873925,0.2583711943427828,1828
1.3784354736099604,0.006553076374099717,0.0002975209717054196,0.004903843608127245,0.00011070847059819247,0.26052180928349267,0.26052118929909573,1829
1.3781684429313448,0.006551464330686981,0.000280942236025646,0.0049060743369708885,0.00010972305114255175,0.2604748771421221,0.2604742367554732,1830
1.3784901643946053,0.007029350211902806,0.00025588514732805066,0.005029527709965339,6.935405307691545e-05,0.2583279080852826,0.2583244411530002,1831
1.3782168438513733,0.007009171546425309,0.00024073231955637259,0.005027959429403143,7.015964468282111e-05,0.25837613542648524,0.25837272562531244,1832
1.3784008186702834,0.00653900348593354,0.0002961536194903536,0.004905477175903392,0.0001107006355593089,0.26052143695315944,0.26052082102260066,1833
1.3781351497748175,0.006537988851618501,0.00027966976873081785,0.00490784947098247,0.00010967462839060242,0.2604725655114018,0.2604719275402195,1834
1.3784593959998896,0.007015053995365079,0.00025476688168347375,0.005031725133966552,6.934719115976807e-05,0.25832749609184946,0.2583240370359139,1835
1.3781870483374095,0.006994712283812692,0.000239761161399325,0.005029999906496088,7.018624228388175e-05,0.25837772297727024,0.2583743251286469,1836
1.3783661645355947,0.0065249608300210656,0.00029478643745522906,0.004907112644989941,0.00011069098953861637,0.2605209785447275,0.2605203667399804,1837
1.3781016222777136,0.006524597139923128,0.00027838287534564816,0.004909643216556835,0.00010961988758021651,0.2604699516512836,0.2604693159380191,1838
1.3784292164089624,0.007000889616980398,0.00025367506979062453,0.0050339281047283,6.933855981072614e-05,0.2583269778317662,0.25832352602918784,1839
1.3781575655714413,0.006980312944291837,0.0002388099601337787,0.0050320296193154266,7.02143774892888e-05,0.2583794019768292,0.2583760159841978,1840
1.3783314295533926,0.006510963632353411,0.0002934146180300172,0.004908755496962449,0.00011067809590849902,0.2605203657687601,0.26051975811823685,1841
1.3780677944453408,0.006511300749893346,0.0002770774147901402,0.004911459974701449,0.00010955782500558676,0.26046698738919594,0.2604663537468308,1842
1.378399613192072,0.006986845969589869,0.00025261122505425434,0.005036133660464276,6.932888484650166e-05,0.25832639687058584,0.2583229518017751,1843
1.3781283982553665,0.006965967146461261,0.00023787998769893024,0.00503404714417071,7.024437114117163e-05,0.2583811915108278,0.258377817338494,1844
1.378296519809114,0.006497029016269311,0.00029203257158783486,0.004910411855270219,0.00011066037171451765,0.26051952335966405,0.26051891984181846,1845
1.3780335955404168,0.006498111423785422,0.00027574890177092717,0.004913304307423929,0.00010948742945099473,0.2604636241069237,0.2604629923183741,1846
1.378370575154423,0.006972911111034513,0.0002515770522744719,0.005038338736832555,6.931891445600589e-05,0.2583257981272672,0.258322359383801,1847
1.378099556771055,0.006951669333042278,0.00023697279198499794,0.0050360514688277905,7.027646016126714e-05,0.25838310563939565,0.2583797433052698,1848
1.3782613301424067,0.0064831757686298975,0.00029063397766969064,0.004912088411291934,0.00011063611183078925,0.2605183702079167,0.2605177707454296,1849
1.3779989515749564,0.006485040792175991,0.00027439259591951424,0.004915180844711987,0.00010940770583964852,0.26045981385301137,0.26045918367123067,1850
1.3783420927947823,0.006959072459989649,0.00025057442016585246,0.005040540249721563,6.930939851070046e-05,0.25832522663419444,0.25832179392421883,1851
1.3780710599026749,0.006937415028879291,0.00023609019313844848,0.005038042078752997,7.031078067862687e-05,0.2583851523944784,0.2583818019602352,1852
1.378225745937452,0.006469423975415483,0.00028921188206458445,0.004913792308366778,0.00011060352405024964,0.2605168210049544,0.2605162254598682,1853
1.3779637872233008,0.006472100026164318,0.00027300361886985116,0.0049170941736127755,0.00010931770207367751,0.26045551060798455,0.26045488175686415,1854
1.3783141588677266,0.006945317078851776,0.0002496053244187991,0.005042735198890919,6.930106348179733e-05,0.2583247260304347,0.25832129918091645,1855
1.3780429352710657,0.006923201082373408,0.00023523426730614523,0.005040019033775393,7.034735351105338e-05,0.2583873329200082,0.25838399447871846,1856
1.3781896458478542,0.00645579451569325,0.00028775885039773025,0.004915530980492566,0.00011056077577811655,0.2605147884323992,0.2605141966026063,1857
1.3779280282196456,0.006459299447261122,0.000271577103784476,0.004919048710520359,0.00010921653884142026,0.2604506716933133,0.26045004386948273,1858
1.3782867689227993,0.006931632027158951,0.0002486718372716531,0.005044920787240652,6.929458447072515e-05,0.25832433687873846,0.2583209158338873,1859
1.3780152192697894,0.006909025855794008,0.00023440731065205481,0.005041983025312045,7.038607414788522e-05,0.25838964088312993,0.2583863145446845,1860
1.3781529056126745,0.006442308410858842,0.0002862671890808931,0.004917311944828791,0.0001105060524214233,0.2605121859012017,0.26051159751871195,1861
1.3778916043133789,0.006446648102494759,0.00027010838237561795,0.004921048558319765,0.00010910344229418698,0.2604452593215385,0.2604446321971677,1862
1.3782599216121525,0.006918004752213255,0.0002477760374901339,0.005047094546373875,6.92905568128148e-05,0.25832409495457703,0.2583206797700038,1863
1.377987956251611,0.006894889324909128,0.00023361177455744774,0.005043935402916278,7.042670967164298e-05,0.2583920623014634,0.25838874817643487,1864
1.3781154030722378,0.00642898603749421,0.0002847292419365528,0.004919142550646228,0.00011043762672108897,0.260508930807703,0.2605083455391235,1865
1.377854452836847,0.006434153314780192,0.0002685932131767742,0.0049230973509881495,0.00010897777949867959,0.26043924228565846,0.26043861551237474,1866
1.3782336184998296,0.006904423470344464,0.0002469199134538142,0.00504925445555739,6.928947047312933e-05,0.2583240297016006,0.25832062053412214,1867
1.3779611967121936,0.0068807930483205625,0.00023285016253593344,0.005045878158839018,7.046890502082535e-05,0.2583945759285878,0.25839127411151563,1868
1.378077024389531,0.0064158462266380705,0.00028313776478448345,0.004921029691809154,0.00011035393715133259,0.26050494822221093,0.2605043656718363,1869
1.3778165228810826,0.006421820222632809,0.00026702805098404494,0.004925198089850156,0.00010883909632765875,0.2604325977746513,0.2604319709886805,1870
1.378207863093507,0.006890877485905632,0.0002461052325299119,0.005051399039089389,6.929169080639964e-05,0.25832416306942624,0.2583207601628564,1871
1.3779349942712598,0.006866739973390237,0.0002321248813541095,0.005047813861119029,7.051220052377081e-05,0.25839715431106103,0.25839386486445765,1872
1.3780376713215887,0.006402905288739865,0.0002814863704639267,0.0049229794950256,0.00011025367216321506,0.26050017486345894,0.2604995945793038,1873
1.3777777799688766,0.006409651329470252,0.000265410350600921,0.004927352978073387,0.00010868715685308973,0.2604253132736187,0.2604246861022403,1874
1.3781826588741952,0.006877357398115836,0.00024533337282796363,0.005053527427253077,6.92974490070349e-05,0.2583245089348883,0.25832111260259766,1875
1.377909401371141,0.006852734059696407,0.00023143804368609263,0.005049745529769042,7.055606164465946e-05,0.2583997655708156,0.25839648851139513,1876
1.3779972691743987,0.006390176020430195,0.0002797700236381404,0.004924997001464958,0.00011013585557164447,0.2604945631434398,0.2604939846264186,1877
1.3777382109656973,0.0063976460910149845,0.00026373888854591703,0.004929563263116031,0.00010852198232194751,0.2604173884597795,0.26041676052912843,1878
1.3781580062319019,0.006863855159242602,0.0002446051192040146,0.005055639369009392,6.930684463487919e-05,0.25832507325102183,0.25832168385642884,1879
1.3778844637972618,0.006838779722612963,0.00023079122736235444,0.005051676456926675,7.05999203963161e-05,0.25840237587806664,0.2583991111667397,1880
1.3779557748412163,0.006377666764302619,0.00027798554986777535,0.004927085864220611,0.0001099999269573399,0.26048808499952875,0.26048750771581386,1881
1.3776978287990047,0.006385800578551597,0.00026201407555081395,0.004931829100236987,0.0001083438865364626,0.26040883694446515,0.26040820788860986,1882
1.3781338984157594,0.006850363969765156,0.00024392043363773508,0.005057735190213603,6.931986103404442e-05,0.2583258549731571,0.2583224729095623,1883
1.377860214353792,0.006824881126921124,0.00023018520601159428,0.005053609979776445,7.064322604880428e-05,0.2584049524715375,0.2584017000085324,1884
1.3779131841153767,0.006365380603368555,0.00027613210974232065,0.00492924808754348,0.00010984580985124161,0.2604807351770399,0.2604801585733945,1885
1.377656676407976,0.0063741072632933285,0.0002602382231037834,0.004934149452911442,0.00010815350323887385,0.2603996876510246,0.2603990571220993,1886
1.3781103168379207,0.0068368780225304526,0.0002432782193087828,0.005059815698464441,6.933639255101887e-05,0.25832684769591824,0.2583234733671573,1887
1.377836666256134,0.006811041388912946,0.00022961967567873277,0.005055549223307996,7.068550093188957e-05,0.25840746697477246,0.2584042266008267,1888
1.3778695373485914,0.0063533147745690535,0.00027421158029086355,0.004931483834693354,0.00010967396005217566,0.2604725336023417,0.2604719571239553,1889
1.377614829276536,0.006362554968789926,0.0002584157225897003,0.004936522046678476,0.00010795180040397614,0.260389985582472,0.2603893532614553,1890
1.3780872262680042,0.006823392131457448,0.00024267610518482848,0.0050618820429302784,6.935628067449679e-05,0.2583280418271342,0.2583246756304065,1891
1.3778138069674308,0.00679726176850262,0.00022909300902432985,0.0050574968366324975,7.072639576039852e-05,0.2584098986771779,0.25840667018114283,1892
1.377824922559122,0.006341460377780703,0.0002722287865585598,0.00493379132863908,0.00010948538708023783,0.26046352651261695,0.2604629496226903,1893
1.3775723959691037,0.006351129029805492,0.0002565530993032671,0.004938943390178105,0.0001077400767118174,0.26037979174703507,0.26037915735458544,1894
1.3780645705471186,0.0068099012936365146,0.00024211028061971163,0.005063935542596197,6.93793550899875e-05,0.258329427056526,0.2583260693685142,1895
1.3777915932463076,0.006783540943189879,0.00022860207013571766,0.005059454749632563,7.076573847129897e-05,0.2584122374236168,0.25840902055613135,1896
1.3777794753204036,0.006329802436505664,0.0002701915387604695,0.00493616686313149,0.00010928164373702807,0.2604537860958137,0.2604532082958848,1897
1.3775295163176728,0.006339811674828932,0.00025465891757292265,0.004941408870115766,0.00010751993725892412,0.2603691820920902,0.2603685453987249,1898
1.3780422693885774,0.006796400232173741,0.00024157540518330835,0.005065977497874462,6.940547552524637e-05,0.2583309948700768,0.2583276460371972,1899
1.377769948052493,0.006769874448574747,0.0002281421172039179,0.005061423974905705,7.080357131004814e-05,0.2584144858018805,0.25841128029414195,1900
1.377733375165967,0.006318320334698865,0.00026811045426171354,0.004938604931200472,0.00010906478197123994,0.2604434085418143,0.26044282939164937,1901
1.377486357273611,0.006328582616734661,0.00025274353591588837,0.004943912916152692,0.00010729324867863993,0.2603582454440238,0.2603576062789099,1902
1.3780202166218785,0.006782882952412985,0.00024106460787799458,0.0050680089984432635,6.943457113097197e-05,0.2583327409134673,0.25832940124687376,1903
1.3777487596928706,0.006756254346243498,0.0002277068080800152,0.0050634044734966695,7.084017271645081e-05,0.2584166604253974,0.2584134660116169,1904
1.3776868387533803,0.006306988614733948,0.0002659985743125483,0.004941098465242528,0.00010883727726784836,0.26043251059275035,0.2604319297285651,1905
1.3774431068509236,0.006317419798494553,0.00025081873727710545,0.004946449219404585,0.00010706207761854228,0.2603470806326491,0.2603464388904037,1906
1.3779982799490047,0.0067693423247149175,0.00024056957513258448,0.0050700307363532315,6.946667551433678e-05,0.25833466709079234,0.2583313368666261,1907
1.3777278832556517,0.0067426691462336985,0.00022728830829445745,0.005065395093678029,7.087606290380555e-05,0.25841879224733605,0.25841560868928487,1908
1.377640110515652,0.006295778080329583,0.0002638708156703644,0.004943639169670688,0.00010860192780887603,0.26042122487085256,0.2604206420207191,1909
1.3773999669285546,0.006306300208491598,0.00024889728146085146,0.00494901097766746,0.00010682861988179015,0.2603357931423665,0.26033514878752123,1910
1.3779763020312263,0.0067557696951426735,0.00024008071353320273,0.005072042830807823,6.950195666218001e-05,0.25833678335223964,0.2583334628175172,1911
1.3777071440760684,0.006729103978526572,0.00022687748712469605,0.005067393582817346,7.09119941733529e-05,0.2584209259688797,0.2584177530809842,1912
1.3775934518723179,0.006284657111583061,0.0002617433196043565,0.004946217915723957,0.00010836173787262223,0.260409694417831,0.26040910941335155,1913
1.377357145842157,0.006295200663478155,0.0002469924381169082,0.004951591135032235,0.00010659512937275028,0.2603244917246686,0.2603238447937977,1914
1.3779541026107096,0.0067421545309816495,0.00023958736577558228,0.005074044672030854,6.954074121760006e-05,0.2583391091381274,0.2583357985224671,1915
1.3776863427848336,0.0067155409849016835,0.00022646417855084745,0.0050693966654731,7.094892839854687e-05,0.2584231186860062,0.258419956359646,1916
1.3775471302060354,0.006273593071645582,0.0002596327709695476,0.004948825159943657,0.00010811979681301523,0.2603980669748283,0.26039747975850597,1917
1.3773148516386196,0.006284098463304638,0.00024511755615537484,0.004954182585241557,0.00010636385563830546,0.2603132853949799,0.2603126359968358,1918
1.377931481425874,0.006728484131699262,0.0002390780586179016,0.005076034796530046,6.958353178733682e-05,0.2583416743995038,0.25833837393247666,1919
1.3776652614331562,0.006701959891381922,0.0002260374816776534,0.005071400176932725,7.09880046432257e-05,0.2584254379496395,0.25842228617553187,1920
1.37750140873856,0.006262553668730584,0.00025755575801285997,0.004951451343726102,0.00010787916536045934,0.26038648955905985,0.2603859001872244,1921
1.3772732866246198,0.006272971850613113,0.0002432857110466037,0.004956778316986203,0.00010613699631848795,0.2603022811220859,0.26030162943633534,1922
1.3779082218473984,0.006714743467104585,0.0002385407679382061,0.005078010812252177,6.963101469083593e-05,0.25834452003957303,0.2583412299727888,1923
1.3776436702282255,0.006688338717932583,0.00022558607799006168,0.005073399239364229,7.103049987048873e-05,0.2584279594131966,0.25842481830094904,1924
1.3774565382134965,0.0062515081360465866,0.00025552823199927167,0.004954087231926465,0.00010764277996907771,0.26037510385341167,0.2603745124950218,1925
1.3772326434951778,0.006261800255313129,0.00024150944990224477,0.004959371493569311,0.00010591666685531777,0.26029158233000727,0.26029092860525455,1926
1.3778840953399876,0.006700915225690866,0.00023796319470418512,0.005079969395247079,6.968405473286377e-05,0.2583476975707595,0.25834441820295234,1927
1.3776213344978583,0.0066746545796051784,0.00022509854840702684,0.005075388466069839,7.107778557068019e-05,0.25843076423408223,0.25842763402815633,1928
1.3774127509560998,0.0062404281117996695,0.0002535651067425049,0.0049567241553091935,0.00010741338337263825,0.2603640428102473,0.26036344974231435,1929
1.377193102956511,0.00625056435922214,0.0002398006301809383,0.004961955476406392,0.00010570488521536737,0.2602812881107071,0.26028063266237345,1930
1.3778588669617187,0.0066869801524597205,0.00023733305397818423,0.005081906375834199,6.974367393592989e-05,0.25835126780410794,0.2583479995066959,1931
1.377598021615363,0.006660884529936281,0.00022456368066161748,0.005077362177742279,7.113128297118459e-05,0.2584339363864796,0.2584308174779725,1932
1.3773702574388507,0.006229288149728255,0.0002516800114569114,0.004959354137125498,0.00010719348497440567,0.2603534286579087,0.2603528342585661,1933
1.3771548324022314,0.006239246070953909,0.00023817032410277124,0.00496452381892991,0.00010550356493601656,0.26027149282899115,0.26027083603730017,1934
1.3778323021343437,0.006672917722766041,0.00023663838660472564,0.00508381692124441,6.981101280915398e-05,0.258355298487137,0.25835204172722703,1935
1.37757350778542,0.0066470063982227625,0.00022397076793125029,0.005079314614853791,7.11924189252694e-05,0.25843756001017293,0.2584344529439883,1936
1.3773292449340946,0.006218065871318984,0.0002498851754718029,0.004961969909450474,0.00010698534795615618,0.2603433721752703,0.26034277691552044,1937
1.3771179848925699,0.006227828543319785,0.00023662873964006045,0.0049670702713954075,0.00010531450626245252,0.26026228562565146,0.2602616279334908,1938
1.3778041748896872,0.006658707145441084,0.000235867910429826,0.005085695806367804,6.988727505311129e-05,0.25835986094699614,0.2583566163047875,1939
1.3775475848421683,0.006632999585117981,0.00022330991294588047,0.005081240134884749,7.126258314858988e-05,0.2584417168365558,0.2584386223136398,1940
1.3772898772485982,0.0062067418726106756,0.00024819138442682575,0.004964564856845544,0.00010679099194791293,0.26033397270888176,0.2603333771437049,1941
1.3770826974862815,0.006216296380069941,0.0002351850949926968,0.004969588843375118,0.00010513937352458923,0.2602537492423303,0.2602530911522185,1942
1.377774277737749,0.0066443286308930745,0.00023501143290985508,0.005087537749966812,6.997365870005662e-05,0.25836502592345395,0.25836179410147,1943
1.3775200674835166,0.006618845808169263,0.00022257236404154835,0.00508313339298578,7.134308520463946e-05,0.2584464835999746,0.25844340247424563,1944
1.3772522940941456,0.006195299589334117,0.00024660791682387526,0.004967132953722178,0.00010661219334115404,0.26032531807457543,0.26032472283341246,1945
1.3770490879976078,0.006204636149449445,0.0002338473847952366,0.0049720739640936405,0.0001049796485069201,0.26024595766665665,0.26024529973562244,1946
1.3777424331659194,0.006629764814229091,0.00023406034417988283,0.005089337785556407,7.007127790925297e-05,0.2583708588513517,0.25836764067377654,1947
1.3774908015022929,0.006604529822152021,0.0002217509124789139,0.005084989517453398,7.143510735915162e-05,0.2584519292093079,0.2584488624786476,1948
1.377216608604691,0.006183725359154928,0.00024514236435273435,0.0049696687735944186,0.00010645046347784795,0.2603174833887847,0.260316889164601,1949
1.3770172496009911,0.00619283724087787,0.00023262200022222288,0.00497452075794811,0.00010483655527520347,0.2602389723739838,0.2602383152050457,1950
1.3777085064860861,0.00661500220067611,0.0002330081927346504,0.00509109163649596,7.018107989385675e-05,0.2583774148693888,0.2583742112707694,1951
1.3774596733939424,0.006590040161961564,0.00022084036558054444,0.005086804301565117,7.153964848485586e-05,0.25845811140177616,0.2584550601920447,1952
1.3771829020344497,0.006172008863305278,0.00024380027149812755,0.004972167631897137,0.00010630699073636206,0.2603105281502143,0.2603099356857663,1953
1.3769872433773946,0.006180892981134715,0.00023151321117148587,0.004976925416349635,0.00010471096111203947,0.2602328373930225,0.2602321816222944,1954
1.3776724192685816,0.006600032504250991,0.0002318513135131562,0.005092796072282318,7.030376119446111e-05,0.25838473381774646,0.2583815458212016,1955
1.3774266211481254,0.006575369951803905,0.00021983807632073823,0.005088574434452645,7.165745579761721e-05,0.25846507269889735,0.2584620382395969,1956
1.3771512157054548,0.006160143980850462,0.00024258459691786746,0.0049746258782762814,0.0001061825457172086,0.26030449153123086,0.2603039016011117,1957
1.3769590897137371,0.006168801806034405,0.0002305225746617104,0.004979285608064713,0.00010460326820429787,0.260227573915856,0.26022692019506916,1958
1.3776341620208115,0.006584853774833041,0.00023058943768149409,0.005094449232542603,7.043968747634778e-05,0.2583928354848852,0.25838966417061454,1959
1.3773916451820425,0.006560517784101448,0.00021874446562178559,0.005090297781375015,7.178894572015476e-05,0.2584728357543478,0.25846981934461205,1960
1.3771215415044367,0.006148129892308886,0.0002414950807988142,0.004977041292352436,0.00010607736534587703,0.2602993866490135,0.2602988000367327,1961
1.3769327601463812,0.006156568212849425,0.0002296483795940792,0.00498160084359,0.0001045133176770432,0.26022317551825475,0.26022252449347005,1962
1.3775938042592824,0.006569471237275268,0.00022922617890278467,0.005096050909786133,7.058882193432389e-05,0.2584017154161709,0.2583985618815449,1963
1.377354817529355,0.006545488597769869,0.00021756343529769745,0.0050919736982222245,7.193412180124691e-05,0.25848139857578023,0.25847840154013485,1964
1.3770938132079102,0.006135972103711004,0.0002405276685662389,0.004979413482482799,0.00010599104537789245,0.26029519525690953,0.2602946127275266,1965
1.3769081715249492,0.006144203233250636,0.00022888525618310524,0.004983872706698818,0.00010444032845761626,0.26021960510282155,0.26021895739098194,1966
1.377551499891994,0.00655389777939221,0.0002277692775756149,0.005097602776429029,7.075066945292155e-05,0.25841134171538177,0.25840820702843603,1967
1.377316286915232,0.006530294398013792,0.0002163025550284282,0.00509360333315546,7.209250431203696e-05,0.2584907304934285,0.25848775412839076,1968
1.3770679012480325,0.006123683005194214,0.00023967416454577004,0.004981744164016077,0.00010592247547381476,0.26029186452853975,0.26029128679881525,1969
1.3768851841548821,0.006131724265428751,0.00022822406122666888,0.004986104890275737,0.0001043828877507808,0.2602167943970103,0.2602161505624571,1970
1.37750748605298,0.00653815401701326,0.00022623050278765042,0.005099108527471509,7.092424603218215e-05,0.2584216534025203,0.2584185385515008,1971
1.3772762775264265,0.0065149545960274426,0.0002149729273964491,0.0050951898430942385,7.226308994065597e-05,0.2585007699616362,0.25849781547646883,1972
1.3770436130495778,0.006111281667282017,0.00023892225693859174,0.004984037214585754,0.00010586984389821314,0.26028930726036564,0.2602887349694829,1973
1.3768636049213057,0.006119154249487319,0.00022765210317992615,0.0049883030151720775,0.00010433899975121263,0.260214646335102,0.26021400686814206,1974
1.3774620743068764,0.006522267852146909,0.00022462516270246898,0.0051005738973213385,7.110808371757585e-05,0.25843256092284994,0.25842946676552647,1975
1.3772350802317295,0.0064994957500338615,0.00021358869025501373,0.005096738448878403,7.244435820889804e-05,0.258511425157334,0.2585084936145004,1976
1.3770206999028962,0.006098792785348529,0.0002382559764862163,0.0049862984626678295,0.00010583072207760621,0.2602874059936218,0.26028683967784455,1977
1.3768431954973612,0.0061065203079726585,0.00022715370821065701,0.0049904742552987595,0.00010430618814859656,0.26021304010315227,0.26021240540232393,1978
1.3774156343904067,0.006506273458103907,0.0002229712470315493,0.0051020065105374015,7.13002784654812e-05,0.2584439492221046,0.258440876439521,1979
1.3771930365207399,0.006483950580689134,0.00021216619062348056,0.005098256277716542,7.263433314390559e-05,0.25852257784616284,0.2585196701083755,1980
1.3769988698893905,0.006086244923572258,0.0002376565531847807,0.004988535238073798,0.00010580221914728357,0.2602860205690677,0.26028546064313485,1981
1.376823684850322,0.006093852059978768,0.00022671106820783748,0.0049926268257180495,0.00010428163925544373,0.260211838191797,0.2602112085508681,1982
1.3773685720695237,0.006490209693117537,0.0002212882988311193,0.005103415548117175,7.149858177000967e-05,0.25845568340053066,0.2584526324601828,1983
1.3771505170159952,0.006468356291737456,0.0002107229340583207,0.005099751988469888,7.283069672870177e-05,0.2585340902695426,0.2585312069601246,1984
1.3769778051489676,0.006073668384225159,0.00023710355332153733,0.0049907557697760185,0.00010578118098612813,0.26028499786028797,0.2602844446071611,1985
1.376804784610165,0.006081179836796494,0.00022630526985823512,0.004994769405508486,0.00010426236804451576,0.26021089457611407,0.2602102701762851,1986
1.3773213038110235,0.006474118047213769,0.00021959616311743085,0.005104811247466619,7.170052847333184e-05,0.2584676164576185,0.2584645875903804,1987
1.3771078975075932,0.006452752390257134,0.00020927645429103659,0.005101235226096498,7.303093927145286e-05,0.25854581413742733,0.25854295561894547,1988
1.3769571811470434,0.006061093074945156,0.0002365761384922599,0.004992968537905108,0.0001057644022475235,0.2602841821379983,0.26028363570722196,1989
1.3767862055876428,0.0060685329920103365,0.00022591738832677326,0.0049969105639084774,0.00010424538910300146,0.26021006312923683,0.2602094440366273,1990
1.3772742314235853,0.0064580403248868734,0.0002179137716188319,0.005106204290593463,7.190358612655565e-05,0.2584795982290764,0.25847659142260493,1991
1.3770655357129828,0.006437178305209507,0.00020784324897244475,0.005102715986422207,7.323252525491906e-05,0.2585576004379101,0.2585547668112462,1992
1.376936685639757,0.0060485466709136945,0.0002360542938023799,0.004995181672252301,0.00010574882376307815,0.26028342470984633,0.26028288512368525,1993
1.3767676738069818,0.0060559384377152905,0.0002255295375252637,0.004999058242945289,0.00010422787723256047,0.260209205514268,0.26020859168252247,1994
1.3772277195281974,0.006442016319240326,0.00021625809744064094,0.005107605157242375,7.210530794149663e-05,0.2584914844368636,0.25848849944609803,1995
1.377023751412855,0.006421671116220731,0.0002064378947395836,0.00510420398094425,7.343305304360685e-05,0.2585693087844707,0.2585664999075527,1996
1.3769160355457588,0.006036053228792545,0.00023551990935917293,0.004997402454301999,0.00010573169742632003,0.2602825919605088,0.2602820591263856,1997
1.3767489447237564,0.006043419479049659,0.0002251257917986185,0.005001219330684656,0.00010420730640433669,0.26020819799985956,0.2602075892775249,1998
1.3771820778835506,0.006426081726571067,0.00021464336523041076,0.005109023521678572,7.23034722684371e-05,0.2585031448457872,0.2585001812190892,1999
1.3769828115974103,0.006406263638896929,0.00020507240585464502,0.005105708076280851,7.363039166281234e-05,0.258580815326227,0.25857803084930336,2000
1.3768949905900054,0.006023632275354095,0.00023495764495890214,0.004999636943395791,0.00010571071096164907,0.26028157142472147,0.260281045152271,2001
1.376729814675306,0.006030994977380268,0.00022469292019659855,0.005003399342779423,0.0001041815596251656,0.2602069368385018,0.26020633298061757,2002
1.3771375495718978,0.00641026649502029,0.0002130805505845938,0.005110467756697851,7.249619551894774e-05,0.2585144697732124,0.25851152689109197,2003
1.37694292119614,0.006390983009398569,0.00020375585358728963,0.0051072358554644015,7.382278477186513e-05,0.2585920186668713,0.25858925807988675,2004
1.3768733631352317,0.006011298312112606,0.00023435554514958522,0.005001889723657063,0.0001056840721007791,0.26028027587668634,0.2602797558977971,2005
1.376710128954122,0.006018678849708797,0.00022422089736943453,0.00500560221874602,0.00010414900534636706,0.2602053420004607,0.26020474268354393,2006
1.3770943051510416,0.00639459372117922,0.00021157716113482866,0.005111944584194134,7.268201077356121e-05,0.2585253745239468,0.25852245164641563,2007
1.3769042191587515,0.006375849812556433,0.00020249422977106126,0.005108793320861386,7.400891820988413e-05,0.25860284361184627,0.25860010629912256,2008
1.376851023964724,0.005999060656533793,0.000233705394347448,0.005004163760018806,0.00010565055461937353,0.2602786455634667,0.2602781315538246,2009
1.3766897861749856,0.006006479900451773,0.00022370317298242684,0.005007830232597566,0.00010410853836900113,0.260203359170832,0.2602027640101733,2010
1.3770524422567676,0.006379079128090785,0.00021013726661218374,0.005113458886452902,7.285990945793065e-05,0.2585358016294857,0.2585328979478605,2011
1.3768667792080889,0.00636087773084124,0.0002012905203002287,0.005110384738853545,7.418795168060222e-05,0.2586132428086408,0.25861052810639396,2012
1.376827903971234,0.005986923560466201,0.00023300281281892464,0.005006460354143274,0.00010560950866181454,0.26027664870771666,0.2602761403084801,2013
1.376668738848511,0.005994401972224606,0.00022313669642564976,0.005010084012808106,0.00010405958511487336,0.2602009600094733,0.26020036857745593,2014
1.377011989811341,0.006363731092988401,0.00020876173457196775,0.005115013671954403,7.30293475149055e-05,0.2585457210061472,0.25854283569543685,2015
1.3768306144404348,0.006346073660574073,0.00020014494920308327,0.005112012616186669,7.435951723089423e-05,0.25862319646250126,0.25862050371535655,2016
1.3768039918500539,0.005974886576774905,0.00023224710178493472,0.005008779196112925,0.00010556083693951762,0.26027428036115025,0.2602737771994601,2017
1.3766469903123832,0.005982444388973611,0.00022252170815443642,0.0050123626620644625,0.00010400207498318177,0.26019814076109865,0.26019755260517435,2018
1.3769729158862039,0.006348551150909019,0.00020744862711459872,0.005116610176427807,7.319022010568056e-05,0.2585551282927657,0.2585522605613816,2019
1.3767956849715173,0.006331438235503479,0.00019905535537864625,0.005113677794266161,7.452368797955046e-05,0.2586327103495687,0.25863003896289005,2020
1.37677932808136,0.005962945161227417,0.00023144085616507202,0.005011118508979195,0.00010550493849777087,0.2602715596915839,0.26027106139867895,2021
1.3766245884214792,0.00597060264777346,0.0002218613243426059,0.0050146639622007955,0.00010393638143999367,0.26019491939350153,0.2601943340525225,2022
1.376935138282405,0.006333534881004142,0.0002061937162983194,0.005118248074000718,7.33428101738739e-05,0.2585640416961779,0.258561190830398,2023
1.3767619078870657,0.006316966698830207,0.00019801766682462453,0.005115379646178409,7.468092105777307e-05,0.25864181237112754,0.2586391618565369,2024
1.376753995746453,0.00595109148870653,0.0002305893788076643,0.005013475278149672,0.00010544262349563308,0.26026852586770044,0.2602680320935441,2025
1.376601616643935,0.005958869299029689,0.00022116095669977046,0.00501698464474335,0.00010386323839977699,0.2601913315322276,0.2601907485500352,2026
1.3768985369424047,0.0063186730795346336,0.00020499107803320237,0.005119925772299329,7.34877166711827e-05,0.2585724976915239,0.25856966309277146,2027
1.3767291687718233,0.006302650058691362,0.00019702643813533654,0.00511711635827323,7.483197961702777e-05,0.25865054793738684,0.2586479179493486,2028
1.3767281090164194,0.005939315436146431,0.00022969994819530568,0.00501584554793975,0.00010537500539373763,0.2602652328465426,0.2602647432701038,2029
1.376578183418442,0.005947234943555273,0.00022042762211454392,0.005019320703767471,0.00010378363912681379,0.2601874255396942,0.26018684447514817,2030
1.376862967332015,0.006303953126573782,0.00020383372427988926,0.005121640766014299,7.362576848264379e-05,0.25858054593150365,0.25857772714505506,2031
1.3766973340394106,0.006288476443752903,0.0001960754155812866,0.005118885272551407,7.497784019733861e-05,0.2586589745465233,0.2586563649084265,2032
1.3767018004031715,0.005927605653742517,0.000228781007634005,0.005018224757630542,0.0001053033799808552,0.2602617435156437,0.26026125785033066,2033
1.3765544107643302,0.00593568927130028,0.0002196692050862103,0.005021667726030808,0.00010369872609459784,0.26018325714565815,0.2601826775786287,2034
1.3768282739110305,0.006289360452313812,0.000202714231637753,0.005123390022952491,7.37579305755646e-05,0.2585882437422074,0.2585854404764966,2035
1.3766662631996953,0.006274432549934576,0.0001951580914974709,0.005120683259245625,7.51195933751084e-05,0.25866715601423607,0.25866456673313926,2036
1.3766752079963207,0.005915950626090862,0.00022784135281218236,0.0050206080832665145,0.00010522910263612294,0.2602581237385851,0.26025764173275767,2037
1.3765304231782927,0.005924222068987781,0.00021889373840835693,0.005024021213490418,0.00010360968087495875,0.2601788840682542,0.26017830560144184,2038
1.3767943027690916,0.006274879999758421,0.00020162532277619616,0.005125170374028529,7.388520969150571e-05,0.2585956506264218,0.2585928627627624,2039
1.37663582014372,0.0062605050483479155,0.00019426820834974045,0.005122507083865049,7.525834676657501e-05,0.2586751568727358,0.2586725881428541,2040
1.3766484638819927,0.005904339624496562,0.00022688939337441445,0.0050229907514158225,0.00010515347543745643,0.26025443686593547,0.2602539582988591,2041
1.3765063377916529,0.005912824129267451,0.00021810876387810487,0.005026376874743144,0.00010351762313010152,0.2601743610674136,0.2601737833242097,2042
1.3767609124981424,0.006260497568992202,0.00020056035831779142,0.005126978875583855,7.400856758510015e-05,0.25860282323339845,0.25860005082675,2043
1.376605882562634,0.006246681820669551,0.00019340017508647812,0.005124353732555469,7.5395139510737e-05,0.25868303745878923,0.25868048965482,2044
1.376621684753427,0.005892763469923855,0.00022593255274382134,0.005025368296764809,0.00010507765416757598,0.2602507392010321,0.2602502638750237,2045
1.376482256601977,0.005901488000385728,0.00021732082507031628,0.005028730864328343,0.00010342352706596154,0.2601697358405202,0.26016915845945315,2046
1.3767279824722893,0.006246200926312512,0.00019951370309271863,0.00512881311204369,7.412884969009189e-05,0.2586098112459038,0.25860705451819693,2047
1.3765763487834177,0.006232952907740803,0.000192549365686537,0.0051262206652603545,7.553087597444415e-05,0.25869085012955834,0.258688323791875,2048
1.3765949654164018,0.0058812150552462585,0.00022497685122951414,0.0050277367444293165,0.0001050025824258588,0.260247076774664,0.26024660450445797,2049
1.376458261342255,0.005890208524543,0.00021653512886837144,0.005031079952674973,0.00010332816212051952,0.2601650460953465,0.2601644687219606,2050
1.376695417951261,0.006231980580646497,0.0001984809431180393,0.005130671412070456,7.42467356071262e-05,0.2586166545484385,0.25861391387675164,2051
1.3765471415946577,0.006219311097421496,0.00019171228218096338,0.005128105976931941,7.56662837597844e-05,0.25869863689090333,0.25869613270531316,2052
1.3765683755192668,0.005869689606753526,0.00022402669393241777,0.005030092707720575,0.00010492895656627662,0.2602434836147805,0.2602430142153032,2053
1.3764344112291569,0.005878983129431188,0.00021575539238895047,0.005033421615752967,0.00010323206208073297,0.2601603180108072,0.2601597402880475,2054
1.376663151802697,0.006217830172605948,0.0001974589471498992,0.005132552962615195,7.436271491858922e-05,0.2586233818724784,0.25862065777482574,2055
1.3765182090049461,0.006205752128622583,0.00019088658033222566,0.005130008460305699,7.580189768384767e-05,0.2587064285263159,0.25870394730134044,2056
1.376541959448696,0.005858184693371579,0.00022308486034699137,0.005032433401437861,0.00010485722153705482,0.26023998152034733,0.2602395147941056,2057
1.3764107434729784,0.005867811864065251,0.0002149838690387226,0.005035754042736918,0.00010313552333811982,0.26015556612592916,0.2601549876842085,2058
1.3766311430838098,0.006203746479601277,0.00019644578630161443,0.005134457820314266,7.447708810951297e-05,0.2586300108985744,0.2586273040200566,2059
1.3764895222573512,0.0061922745380987385,0.00019007097299350508,0.005131927576554335,7.593806792790457e-05,0.25871424511520674,0.2587117877596689,2060
1.3765157389687925,0.0058467000178000555,0.00022215266936779642,0.005034756579564372,0.00010478759416190937,0.2602365811754662,0.2602361169006442,2061
1.3763872760857614,0.0058566972048542994,0.00021422152480133009,0.005038076071314559,0.00010303862906649986,0.26015079450420014,0.2601502149522599,2062
1.376599373136463,0.0061897290976550695,0.0001954405431683311,0.005136386834483873,7.458998873483654e-05,0.25863654958503896,0.2586338606866326,2063
1.37646107174821,0.00617887921640541,0.00018926504093537725,0.005133863350432772,7.607498759768196e-05,0.25872209766040727,0.25871966516355066,2064
1.3764897178792392,0.005835237048351482,0.00022123027387411636,0.005037060414837515,0.00010472010719854683,0.2602332842821133,0.26023282220222205,2065
1.3763640122496374,0.005845643692667791,0.00021346831745020701,0.005040387071204642,0.00010294129252201864,0.26014599884299316,0.26014541776043804,2066
1.3765678401412158,0.0061757799018377834,0.00019444305458587505,0.005138341506795378,7.470142028539389e-05,0.25864299833885174,0.2586403282902831,2067
1.376432861715083,0.006165568766092912,0.0001884689909153151,0.005135816213571168,7.62127328571731e-05,0.25872999042709516,0.25872758384262773,2068
1.3764638877665192,0.005823798572163031,0.0002203170256897896,0.005039343345409965,0.0001046546650273534,0.26023008626685784,0.260229626082433,2069
1.3763409453570061,0.005834657485472002,0.00021272352095547765,0.005042686803906829,0.00010284331027732372,0.26014116907843093,0.26014058601046114,2070
1.3765365531926304,0.006161902405175382,0.00019345363727392724,0.005140323817739807,7.481129993398768e-05,0.25864935257311134,0.25864670235029363,2071
1.3764049046360964,0.006152346768731529,0.00018768340414191238,0.005137786823349102,7.635130777121674e-05,0.2587379235388745,0.25873554397336446,2072
1.376438233859548,0.0058123882634372685,0.00021941184715255224,0.005041603918747119,0.00010459110062851037,0.2602269790568139,0.2602265204192454,2073
1.3763180638360313,0.0058237459159450645,0.00021198603706757682,0.005044975288510004,0.00010274441557739504,0.26013629200336075,0.2601357064578258,2074
1.3765055268937638,0.0061481011318917644,0.00019247284254381513,0.005142336049485133,7.491950150282301e-05,0.2586556052071951,0.25865297589378744,2075
1.376377216211648,0.006139217067670944,0.00018690901445654465,0.005139775885158608,7.649068610748794e-05,0.2587458953862648,0.25874354399136407,2076
1.3764127401002455,0.00580101035691332,0.00021851355151091125,0.005043840662750151,0.00010452922409444599,0.26022395344739235,0.2602234959545889,2077
1.3762953550242727,0.005812917128380571,0.00021125464572223582,0.005047252699285494,0.00010264432321611976,0.26013135347404875,0.2601307649205974,2078
1.3764747772501553,0.006134381100876628,0.00019150127587381368,0.005144380629986796,7.502589132247126e-05,0.25866174874505554,0.25865914153698466,2079
1.3763498115901758,0.006126183158792326,0.00018614654526756278,0.005141784002290961,7.663084365501751e-05,0.2587539044805742,0.2587515824477633,2080
1.3763873927911463,0.005789669493681367,0.0002176210704720448,0.005046052007894336,0.00010446885537727574,0.2602210007033204,0.26022054389663535,2081
1.3762728076159223,0.005802179839901289,0.00021052816320194846,0.0050495193123255904,0.00010254276000177009,0.26012633991142753,0.26012574778228675,2082
1.376444319316201,0.006120747484137515,0.00019053950143049068,0.005146460015278732,7.513035285633587e-05,0.2586677766962662,0.2586651929076122,2083
1.3763227031837217,0.006113247750372725,0.00018539661942599495,0.005143811569776561,7.677177704239554e-05,0.2587619505272739,0.25875965908334053,2084
1.37636218254014,0.0057783707682318814,0.00021673357048108548,0.005048236273177237,0.00010440983781686708,0.2602181132219636,0.2602176565836931,2085
1.376250412534422,0.005791543235807372,0.00020980549849007905,0.00505177550785665,0.00010243947841622638,0.2601212389763421,0.26012064266817353,2086
1.3764141666576417,0.006107205464288727,0.00018958803313793885,0.005148576616161594,7.523279879503462e-05,0.2586736842688119,0.25867112533734715,2087
1.3762959000475135,0.0061004125078206375,0.00018465973947787365,0.005145858716939261,7.691350827536983e-05,0.25877003467925697,0.2587677750806435,2088
1.37633710461572,0.005767119962656697,0.00021585046497755748,0.005050391715786678,0.00010435203336708167,0.2602152843018235,0.26021482725266043,2089
1.376228162418928,0.005781016974437118,0.00020908562038185103,0.005054021823861314,0.00010233425490379807,0.260116039487062,0.26011543836341683,2090
1.3763843322978029,0.006093760266300297,0.000188647395677285,0.005150732762606285,7.533317246679893e-05,0.258679468443793,0.2586769359346768,2091
1.3762694084383804,0.00608767794771947,0.00018393632006136226,0.005147925290380397,7.7056077659352e-05,0.25877815912702384,0.2587759326515127,2092
1.3763121581772224,0.00575592391716548,0.00021497135275854885,0.005052516632742553,0.00010429530439393915,0.26021250725306666,0.2602120491491147,2093
1.3762060502055162,0.00577061124732661,0.00020836746713655854,0.005056259046488651,0.00010222687780123186,0.2601107308242892,0.2601101242184148,2094
1.3763548304823088,0.0060804172882711685,0.0001877182242060581,0.005152930686035036,7.54314433034537e-05,0.25868512770795304,0.2586826233145644,2095
1.3762432328967706,0.00607504340139975,0.00018322674275515204,0.005150010857905699,7.7199530608292e-05,0.25878632634314774,0.2587841342780099,2096
1.37628734507951,0.005744790963029357,0.00021409592785492926,0.005054609494679006,0.0001042394896509169,0.2602097742213487,0.26020931435062583,2097
1.3761840674710848,0.005760336819895393,0.0002076498428453146,0.0050584883148069824,0.00010211713257646318,0.26010530220114486,0.2601046894192437,2098
1.3763256784125137,0.006067182217561333,0.00018680136416565597,0.005155172489894913,7.552760290690711e-05,0.25869066182214606,0.25868818736363386,2099
1.376217377091964,0.006062506945098178,0.00018253139945465747,0.0051521147080290436,7.734390520671579e-05,0.2587945383737133,0.2587923820002329,2100
1.3762626690036235,0.0057337313384667205,0.0002132239097539381,0.005056669089039464,0.00010418438287865591,0.26020707513828795,0.2602066127170054,2101
1.3761622032235004,0.005750204973045392,0.0002069313459120382,0.005060711214048969,0.00010200479290115804,0.26009974221953996,0.260099122544975,2102
1.3762968971426177,0.006054061009235508,0.00018589793535846698,0.005157460076990496,7.562166810761836e-05,0.2586960719930103,0.2586936294086083,2103
1.3761918437866434,0.006050065202396319,0.0001818506957288561,0.005154235821821487,7.748922661406141e-05,0.2588027965223593,0.2588006770973118,2104
1.3762381354833135,0.00572275752184371,0.00021235503119682072,0.005058694653736251,0.00010412972089924597,0.260204397135512,0.2602039313047127,2105
1.3761404436172597,0.005740227284369189,0.00020621036178701047,0.005062929835333107,0.0001018896243037645,0.2600940390480602,0.2600934117473042,2106
1.3762685111456259,0.006041059635180248,0.00018500933867109543,0.00515979501088616,7.57136948346339e-05,0.258701361665546,0.2586989530058012,2107
1.3761666336249763,0.006037712969033171,0.00018118500100776223,0.005156372805055541,7.763551127049634e-05,0.2588111015923377,0.25880902032729636,2108
1.3762137529787546,0.005711884449507726,0.00021148909397191367,0.005060685993662744,0.00010407518395488334,0.26020172455788154,0.2602012543811879,2109
1.3761187726625193,0.00573041523064114,0.00020548512503054328,0.00506514679210353,0.00010177140255149329,0.26008818133022465,0.26008754566142583,2110
1.3762405465739063,0.006028183582022395,0.00018413720674694727,0.00516217830771603,7.5803802044723e-05,0.2587065378908452,0.25870416530549983,2111
1.376141742955479,0.006025442683817678,0.00018053455460796225,0.005158523787227867,7.778277897556395e-05,0.25881945457358696,0.2588174126127363,2112
1.3761895345854895,0.005701129629791655,0.00021062606706506452,0.005062643589622377,0.00010402040522849813,0.26019903942675476,0.2601985638899529,2113
1.376097173493541,0.005720779649337117,0.00020475382255590624,0.005067365201392107,0.00010164994263533137,0.26008215962159553,0.2600815148463765,2114
1.37621302879711,0.006015437162428411,0.0001832833238376484,0.005164610178397724,7.589219989945075e-05,0.25871161293328915,0.2587092786547271,2115
1.3761171613914094,0.0060132438510328255,0.00017989935768222053,0.0051606863147474575,7.793106591619515e-05,0.2588278573796927,0.2588258557761961,2116
1.3761654994708896,0.005690513200130608,0.000209766169981316,0.005064568725796303,0.00010396498122018851,0.2601963219456914,0.2601958399586933,2117
1.376075629390878,0.005711330141008626,0.00020401468515115616,0.005069588653734437,0.00010152512891736973,0.26007596788985404,0.2600753132884233,2118
1.3761859801289356,0.006002822769381428,0.0001824495533359701,0.005167089759678575,7.597921315924827e-05,0.25871660559846826,0.2587143119187295,2119
1.376092870042894,0.006001102573927777,0.00017927909050771538,0.005162857279208018,7.808042913492185e-05,0.2588363130962479,0.2588343527864998,2120
1.376141672980218,0.005680057972925872,0.00020890987509116827,0.005066463667281787,0.00010390847306689732,0.26019355056233584,0.2601930609638515,2121
1.3760541237544368,0.005702074498632876,0.0002032660143868758,0.005071821198889442,0.00010139693586746953,0.26006960455367883,0.2600689394427172,2122
1.3761594185112935,0.0059903402059345015,0.00018163780358489742,0.005169614875086711,7.606529154771187e-05,0.258721541810237,0.2587192910491151,2123
1.376068841129274,0.005989001348475902,0.0001786730839795976,0.005165032918543226,7.823093504301455e-05,0.2588448253257492,0.2588429071005313,2124
1.376118084737541,0.0056697894602220945,0.00020805778860725116,0.005068331904428002,0.00010385039323214664,0.26019070131208577,0.26019020287728345,2125
1.3760326387126363,0.005693018203782948,0.00020250612411471064,0.00507406735870533,0.00010126543370855934,0.2600630727766701,0.2600623965290427,2126
1.376133357266325,0.005977986146099593,0.00018085003207282858,0.0051721818492000745,7.615100410467259e-05,0.258726454268755,0.2587242487308216,2127
1.376045039015631,0.005976919179471959,0.0001780803453758109,0.005167208905708202,7.838263162176919e-05,0.2588533966149591,0.25885152108704584,2128
1.376094764890024,0.005659735772683719,0.0002072104239023577,0.005070178446480542,0.00010379018133208512,0.2601877466268103,0.26018723807847893,2129
1.376011152850221,0.005684163955256465,0.0002017332281575971,0.005076332147524779,0.00010113078254686326,0.26005638019104604,0.26005569225638503,2130
1.3761078051502933,0.005965753657869843,0.0001800882488202455,0.0051747853690614085,7.62370218584979e-05,0.25873138144044217,0.258729223360044,2131
1.3760214219499416,0.005964831955826888,0.00017749960648266036,0.005169380506139487,7.853551268285095e-05,0.2588620264433622,0.25886019401247573,2132
1.376071739468119,0.005649927208077587,0.00020636793433789798,0.005072010108884553,0.00010372718221386676,0.2601846542510714,0.2601841342752523,2133
1.3759896391799327,0.005675511146281556,0.00020094534757338686,0.005078621051677358,0.00010099322664311623,0.26004953862837077,0.26004883855385996,2134
1.3760827654221792,0.0059536316306523325,0.0001793544571976876,0.0051774183664498,7.632409769845306e-05,0.25873636638989306,0.25873425786482895,2135
1.3759979434369374,0.005952712942228722,0.00017692934949522767,0.00517154276315874,7.868948722413172e-05,0.2588707095107512,0.25886892032838127,2136
1.3760490260884461,0.005640395340874911,0.00020552988834187354,0.005073835720203821,0.0001036606420702853,0.2601813870405896,0.26018085430802224,2137
1.3759680644779866,0.005667055231536043,0.00020014030938034038,0.005080939915381703,0.00010085310089441726,0.26004256445806634,0.2600418519089709,2138
1.3760582329681206,0.005941603986473635,0.00017865048593326523,0.005180071905899529,7.641305003212904e-05,0.25874145583024527,0.2587393987463331,2139
1.3759745526187988,0.005940533284015447,0.0001763677864137569,0.005173690678835779,7.884436325396176e-05,0.2588794348499193,0.25887768878757134,2140
1.376026630661297,0.0056311715177425085,0.0002046951313367882,0.005075666190248209,0.00010358973115342749,0.26017790406485675,0.26017735725952135,2141
1.3759463903477211,0.00565878702640735,0.000199315857377654,0.005083294710968883,0.00010071085231310306,0.26003547967528723,0.26003475445448015,2142
1.3760341896481547,0.005929648733156025,0.00017797771671689878,0.005182735107384455,7.650474838400228e-05,0.2587466992851019,0.2587446952348364,2143
1.3759511940188218,0.005928262569304004,0.00017581281030720007,0.005175819393656736,7.899984528066487e-05,0.25888818571366873,0.25888648233808953,2144
1.376004544796271,0.0056222848028222245,0.0002038617148793372,0.005077514419194504,0.00010351358887728439,0.26017416280965094,0.2601736006650104,2145
1.3759245753828806,0.005650692093331792,0.00019846982914454054,0.005085691220312696,0.00010056706623429412,0.2600283132297657,0.26002757529468284,2146
1.3760105992193057,0.005917737134183953,0.00017733676540367008,0.005185395180433406,7.660009108560253e-05,0.25875214779843225,0.25875019799764576,2147
1.3759278077747499,0.0059158696278599696,0.00017526196922472895,0.00517792440103012,7.915553616491247e-05,0.25889693970783845,0.25889527826600955,2148
1.3759827431072167,0.005613759516915054,0.00020302684001895194,0.005079395055493143,0.00010343137857451693,0.2601701218564242,0.26016954319883256,2149
1.375902577381007,0.005642750406721422,0.0001976003252928722,0.005088134685999247,0.00010042248070130521,0.26002110177082866,0.26002035124542916,2150
1.3759874035375408,0.005905833361598145,0.0001767271928736256,0.0051880376567635745,7.669996525309748e-05,0.25875785163456755,0.25875595684201036,2151
1.3759043313392119,0.005903323730257977,0.0001747125070990208,0.005180001826682926,7.93109352501301e-05,0.2589056687143712,0.2589040481303375,2152
1.375961180175166,0.0056056125396846,0.00020218679533370515,0.005081324103734338,0.00010334234164882756,0.26016574353644767,0.2601651473339415,2153
1.3758803550721348,0.005634936420955149,0.00019670583138914292,0.005090629481351692,0.00010027797866373632,0.26001388928757135,0.26001312646666613,2154
1.3759645210317843,0.005893894891095083,0.00017614729536094575,0.005190646866007027,7.680518849812705e-05,0.2587638569419022,0.25876201738817683,2155
1.3758807026370177,0.005890596164994994,0.00017416147519966644,0.0051820487546284395,7.946543502324923e-05,0.2589143387316867,0.2589127576170765,2156
1.375939788132106,0.005597850547748994,0.00020133694293932074,0.005083318355591731,0.00010324585063797311,0.260160996537642,0.26016038195120966,2157
1.3758578697413881,0.005627219560636851,0.0001957853136454407,0.005093178813782509,0.00010013456041355822,0.2600067257588863,0.2600059511029077,2158
1.3759343778422546,0.005880515629169998,0.0001752777701088999,0.00519289152730481,7.698255395252251e-05,0.2587739702502643,0.2587721889774571,2159
1.3758445528478331,0.005875215695734589,0.00017310593116091848,0.005183446286885881,7.97595923838748e-05,0.2589308226039864,0.25892928712830404,2160
1.3759177891755712,0.005590597026134443,0.00020042423179450746,0.005085444484386645,0.00010313150466379091,0.2601553682682506,0.2601547342024703,2161
1.3758228048352374,0.0056204153358274085,0.00019404010323726854,0.005096419711679523,9.983403017355175e-05,0.25999169806256933,0.2599909066309544,2162
1.3758857715527497,0.005863582748736214,0.00017365931345693234,0.005194262189200582,7.734395411442067e-05,0.25879454115428546,0.258792826418261,2163
1.3757673710668015,0.005850994437163573,0.0001704208935000934,0.005182616668675585,8.054989111180264e-05,0.25897495911477053,0.258973492671884,2164
1.3758424201457078,0.005586858388630702,0.00019611760319134894,0.005090073836595753,0.00010242102563177337,0.2601203273480542,0.26011965767797296,2165
1.3756704602124072,0.005622471530444863,0.00018455380370662215,0.005106493318439419,9.786226476882842e-05,0.25989253581084387,0.25989167202732993,2166
1.3757838278799497,0.005836442013714725,0.0001699310262432468,0.005193059220645899,7.831608160535493e-05,0.25884963737140426,0.2588480204475169,2167
1.3755478541634434,0.005790213144678533,0.00016255582923249538,0.005171978701232525,8.35809536852973e-05,0.2591422619567204,0.25914096415336996,2168
1.3757155947129915,0.005588234833270899,0.00018845028960499268,0.005097939952686354,0.00010094497244326198,0.26004713752485065,0.26004640893676967,2169
1.3754659754571064,0.005634010876027153,0.00017092229658732293,0.00512327766877508,9.440062671031902e-05,0.25971599849270877,0.2597150153546242,2170
1.3756453386204688,0.005800572507578029,0.0001649766679171998,0.005189351440705689,7.992955010570407e-05,0.25894033277376766,0.2589388470565076,2171
1.3754079219589888,0.005738236371698935,0.0001583689516164684,0.005163475093836885,8.616510370187689e-05,0.25928251602217184,0.25928134720472173,2172
1.3755786231103337,0.005592515237953741,0.0001799683254427831,0.005107733594179163,9.901920856301168e-05,0.25995083959085924,0.25995003934691474,2173
1.375367021084384,0.005637333881173037,0.0001641497706049878,0.005134981160226504,9.235151322655113e-05,0.25960996947063575,0.259608926882802,2174
1.3755182642192407,0.0057632555356685366,0.00016078257593552499,0.005185105100196727,8.170136129512996e-05,0.25903888053329227,0.25903752432041594,2175
1.3753356770095415,0.0057024573073325745,0.00015665323868258515,0.005159638732949205,8.767431699277207e-05,0.25936345646611186,0.2593623575555344,2176
1.3754649409560407,0.00559610529349377,0.0001728193047672185,0.005117621474980026,9.714355929005967e-05,0.2598561432259307,0.2598552755671088,2177
1.3753113603362845,0.005633911366248427,0.00016055965286089418,0.0051430774540553266,9.124749562033625e-05,0.25955235550114925,0.2595512947011798,2178
1.3754188625843848,0.005728324699147075,0.0001578829589832425,0.0051814241433299395,8.333945713184595e-05,0.25912904469984926,0.2591277952241076,2179
1.3752910051664995,0.005676668958646156,0.00015568880123530815,0.005158853802890875,8.846220000685836e-05,0.2594054345995737,0.2594043674230257,2180
1.3753791561272837,0.005597365526673943,0.0001673961802770598,0.00512673975428887,9.552249089710569e-05,0.2597735608095057,0.25977263607213125,2181
1.3752737694191852,0.0056260383882267674,0.00015849141725095582,0.00514876985392483,9.072177354429202e-05,0.2595247978217016,0.2595237397377422,2182
1.3753451829511256,0.005697150214930257,0.00015604677587591697,0.005178686664977968,8.47290602365145e-05,0.2592048389576632,0.2592036679210142,2183
1.3752584308828333,0.00565678916070371,0.0001549532282288283,0.005159921079331633,8.881831076124222e-05,0.2594243467020925,0.25942328886449784,2184
1.3753159176491447,0.005595970084107918,0.00016344202417581104,0.0051348093247177784,9.420887133330319e-05,0.25970612545423266,0.2597051559742996,2185
1.3752447085716282,0.00561569015327712,0.00015720046692101113,0.005152946713553442,9.05186098958979e-05,0.2595141268593549,0.2595130794710185,2186
1.375290660166363,0.005669861640427883,0.00015491205123515658,0.005176899996659686,8.585058703650525e-05,0.2592655591863905,0.2592644423405385,2187
1.3752320686994386,0.0056402319830618644,0.00015432901868660254,0.005162025294923237,8.894266909118539e-05,0.2594309421104779,0.25942988341546824,2188
1.3752686207264402,0.00559227839041088,0.0001605778148991086,0.005141865503932861,9.318058686992803e-05,0.25965300921318984,0.25965200759155543,2189
1.375220392451971,0.005604265744264551,0.00015632574082335044,0.005156241254908511,9.047474757479492e-05,0.25951182146461943,0.25951078609698625,2190
1.3752492539056604,0.00564608078430512,0.00015419455120210335,0.0051759483428851635,8.67311365594776e-05,0.2593129553074992,0.2593118745146354,2191
1.37520941205478,0.0056255034965798255,0.00015379583066548846,0.00516467174545746,8.896035042135982e-05,0.25943187947449287,0.25943081712219956,2192
1.3752320219712784,0.00558686604423442,0.00015847676338908036,0.005148082471365899,9.239030637538474e-05,0.25961198763916105,0.25961096486387464,2193
1.3751990596732717,0.005592672765210322,0.00015567337322209938,0.005159074509152988,9.049708803798415e-05,0.2595129957446634,0.2595119705631912,2194
1.3752165411424664,0.005625274274764118,0.00015370912530299934,0.0051756638911945865,8.741456115144755e-05,0.25934957545300574,0.2593485181330976,2195
1.3751891854682934,0.005611770750288973,0.0001533465080364688,0.005167545970934233,8.893886863966247e-05,0.259430740619891,0.2594296759368367,2196
1.3752024600938073,0.005580204246836819,0.0001568999236752007,0.0051536375651336005,9.178323090510673e-05,0.259580356512422,0.2595793216306456,2197
1.3751797436658555,0.005581387337178791,0.0001551378997163847,0.005161699888153538,9.053721181878033e-05,0.2595151044039874,0.25951408684422395,2198
1.375189520088882,0.005606866981242614,0.00015334726836830102,0.005175881019665699,8.794913574098706e-05,0.2593781200536668,0.2593770781077131,2199
1.375170642365275,0.005598579761182206,0.0001529728050612811,0.005170454414186656,8.891351254548123e-05,0.2594293961919882,0.2594283322432407,2200
1.3751774975521573,0.005572581272474902,0.00015568419017042683,0.005158671822975703,9.130928453498767e-05,0.2595555891778052,0.2595545491663421,2201
1.3751618457421164,0.005570502542588108,0.00015466860686966282,0.005164247738307147,9.057003684648838e-05,0.2595168291382418,0.25951581687245834,2202
1.3751662250939052,0.005590265261054664,0.00015305213595600913,0.005176450298120862,8.837573606985846e-05,0.25940083698772926,0.25939980525503414,2203
1.3751532902114278,0.005585685783350719,0.00015266348652034518,0.005173281285847559,8.89012247701795e-05,0.2594287446020231,0.2594276842154617,2204
1.3751555663115846,0.005564202249949098,0.0001547194210502114,0.005163298930254827,9.092966501186377e-05,0.2595357047464707,0.25953466420308124,2205
1.3751449431122456,0.005559970035575407,0.00015423857237698187,0.005166799538956222,9.05843668118344e-05,0.2595175819834575,0.25951657292120284,2206
1.3751454185698364,0.005575020953905291,0.0001527927779467452,0.005177275514486693,8.872586765838857e-05,0.2594194409419237,0.2594184158329297,2207
1.375136755370507,0.005573003414708619,0.0001524016695181414,0.005175970618892598,8.891028465176e-05,0.25942922502922483,0.2594281697951077,2208
1.3751357031180391,0.005555239120087405,0.00015393298346699517,0.00516760217122452,9.061736673117111e-05,0.25951931545496687,0.2595182768123195,2209
1.375128696284319,0.005549692048458609,0.00015383075431561055,0.0051694031526065025,9.057455794144454e-05,0.2595170666668593,0.2595160590529967,2210
1.3751263595728953,0.005560817493237874,0.00015255349693465888,0.005178297160696641,8.901932309384474e-05,0.2594350051984005,0.2594339842076677,2211
1.3751207278385382,0.0055605013048616305,0.0001521695172079034,0.005178492810238108,8.894393968848044e-05,0.2594310094734594,0.25942995999065144,2212
1.3751173432103865,0.005545837725688234,0.00015327902434647095,0.005171628411146015,9.035665215045458e-05,0.2595056116136972,0.25950457603320515,2213
1.3751128246478035,0.005539572701778972,0.0001534327163634499,0.005172080439466828,9.05395830646563e-05,0.25951522900747304,0.2595142217731932,2214
1.3751086167921764,0.005547442326977288,0.00015232706305895246,0.005179484042799891,8.926737066338487e-05,0.2594481411221142,0.2594471227744406,2215
1.3751049615218776,0.005548172718960422,0.00015195070278120208,0.005180839455349639,8.90019356715833e-05,0.25943408372188753,0.25943304009135687,2216
1.375100151146964,0.005536128129526727,0.0001527276994156542,0.005175403815142321,9.01390631309141e-05,0.25949415942202964,0.25949312742641395,2217
1.3750971230669822,0.005529532864820284,0.000153036272324721,0.005174839140085018,9.048105481709409e-05,0.2595121530063963,0.25951114574653467,2218
1.3750919179133023,0.005534736674193561,0.0001521101282809443,0.005180825542399567,8.947519323398939e-05,0.2594591327950288,0.2594581164115202,2219
1.3750892989384513,0.005536019165825816,0.00015173332169774627,0.005183017984298186,8.908109266078476e-05,0.25943827805591596,0.25943724015489605,2220
1.3750838914020964,0.005526224247159912,0.00015225691755639114,0.005178941662766229,8.99605316504007e-05,0.25948475258772735,0.25948372443111795,2221
1.3750814862016398,0.00551953856849334,0.00015263728432765553,0.005177675779186255,9.040339003396177e-05,0.2595080697322833,0.25950706263499,2222
1.3750760442633745,0.005522588404915015,0.000151898491933402,0.005182321490648487,8.964592787806067e-05,0.25946815335100043,0.259467138939465,2223
1.3750736881834524,0.005524046994137767,0.0001515118319176226,0.005185042263992686,8.917686932651795e-05,0.2594433505349806,0.2594423183093163,2224
1.3750683496100695,0.00551619653674498,0.0001518486994013921,0.005182239210729689,8.981824339808353e-05,0.25947724872513556,0.2594762246612733,2225
1.3750659125041294,0.005509576817071331,0.00015223714599677486,0.005180571096712154,9.031098610721576e-05,0.25950320925304793,0.2595022029254783,2226
1.3750607799316252,0.005510904437695189,0.00015168590151281225,0.005183978000937979,8.978115165770347e-05,0.25947529163971766,0.2594742796123691,2227
1.375058170822922,0.00551226664614879,0.00015128669144639416,0.005186940356565738,8.928487820052048e-05,0.25944906758365716,0.2594480410045145,2228
1.3750533089934143,0.0055060846467528575,0.00015148694572605126,0.005185294152748203,8.971134612490094e-05,0.2594716073675433,0.25947058756954616,2229
1.3750504753344532,0.005499652010649776,0.00015184120036454895,0.005183497492110764,9.020886190158557e-05,0.2594978345901361,0.2594968296920393,2230
1.3750459127807744,0.005499602163997947,0.0001514649055895116,0.005185801738511707,8.988118822896116e-05,0.25948056898234284,0.2594795597662382,2231
1.375042838344568,0.005500685688816788,0.00015106163879162422,0.00518875024119278,8.939969812006634e-05,0.2594551413590737,0.25945412023194886,2232
1.375038570826233,0.005495909122997199,0.00015115775788937744,0.005188108040646943,8.963942899212663e-05,0.2594678101476596,0.2594667945343576,2233
1.3750352694568506,0.005489779738085545,0.0001514557395600745,0.005186419152793262,9.010295125452032e-05,0.25949225743722326,0.2594912544154893,2234
1.3750312673186502,0.005488619582545413,0.00015122880858940908,0.005187792508152649,8.99464146654487e-05,0.25948400836489766,0.25948300224282095,2235
1.3750277752091842,0.0054893127695189,0.00015083979750045516,0.0051905157546781695,8.951491861284272e-05,0.2594612324045466,0.25946021640553024,2236
1.375023991535159,0.005485688694053296,0.00015085062171333756,0.005190690791680079,8.960165627170276e-05,0.25946581514037237,0.2594648034242284,2237
1.375020358090046,0.005479978361862127,0.00015108519497303278,0.005189295322874308,9.000032865013237e-05,0.2594868503018722,0.259485849348542,2238
1.375016737817025,0.00547791653862611,0.00015097408951445407,0.005189938615250445,8.997835459030933e-05,0.2594856920986457,0.2594846892024275,2239
1.3750130167645218,0.005478145889626801,0.00015062172071170256,0.0051922813535800385,8.962302416900201e-05,0.25946694376073937,0.25946593254653405,2240
1.3750095050401498,0.005475434033990859,0.00015055998975152648,0.005193063068118517,8.959532090141523e-05,0.2594654804897277,0.2594644723074193,2241
1.375005746828332,0.005470252028486392,0.00015073146798161427,0.005192085841804899,8.990866383195828e-05,0.259482017919829,0.25948101903027043,2242
1.3750022953918004,0.005467472786501786,0.00015070130830603423,0.005192216666022929,8.99810171993794e-05,0.25948583244630535,0.25948483280146356,2243
1.3749985416136936,0.005467178148424408,0.00015040481991110007,0.0051940878466998,8.971659656437931e-05,0.25947188453077735,0.2594708778679651,2244
1.3749951132788494,0.005465151623749232,0.00015028425168928892,0.005195256608802821,8.961502350028667e-05,0.2594665211931462,0.25946551629907383,2245
1.3749913937296279,0.005460588793332002,0.00015039438117023113,0.005194755763355712,8.983470496517218e-05,0.2594781171635073,0.2594771202807196,2246
1.3749879638051516,0.0054572846798531995,0.00015041383873430533,0.0051945915035156815,8.996117440085289e-05,0.25948478647102047,0.2594837900543475,2247
1.3749842958365046,0.005456412722483438,0.00015018427865407075,0.0051959667477575674,8.978995432380872e-05,0.25947575613467383,0.2594747539520352,2248
1.3749808518074702,0.005454849423521604,0.00015002319854773007,0.005197312398619989,8.965285145611761e-05,0.2594685189684616,0.25946751734426576,2249
1.3749772418870478,0.005450961359604333,0.00015007326704680597,0.005197280502969765,8.978250186523126e-05,0.25947536288831363,0.2594743679969084,2250
1.3749737810139664,0.005447349178148151,0.00015011626624143436,0.005197019592647542,8.992741838536126e-05,0.2594830068219611,0.25948201354088657,2251
1.3749702272744428,0.005445869918150556,0.00014995505716577806,0.0051979371755222405,8.984076476471092e-05,0.2594784368312877,0.25947743912583204,2252
1.3749667536699668,0.005444543926308006,0.00014977568129329966,0.005199278503362211,8.970019532270033e-05,0.2594710187056462,0.25947002052557755,2253
1.3749632492471142,0.005441332241558786,0.00014976829334409442,0.005199650482548833,8.975274299266618e-05,0.259473792429258,0.2594727995849249,2254
1.3749597706664203,0.005437644900442626,0.00014981341190072894,0.005199453308134011,8.988808142582775e-05,0.25948093251878884,0.25947994216676645,2255
1.374956306432194,0.005435580576924602,0.00014971350949988813,0.005200001899496706,8.986966925835646e-05,0.25947996145869573,0.25947896813956267,2256
1.3749528316463169,0.00543426900218382,0.00014953828383545433,0.0052012037914188,8.9749263319283e-05,0.25947360878014725,0.25947261430118373,2257
1.3749493986323358,0.0054316683377076645,0.00014948026131904633,0.005201873146456321,8.974357133077662e-05,0.25947330836248755,0.25947231773395324,2258
1.3749459356504983,0.005428127419785351,0.00014951007299574955,0.005201848050038463,8.985028223949893e-05,0.25947893887729523,0.25947795119929407,2259
1.3749425262423653,0.0054255720248766355,0.00014945810596578117,0.005202147696175102,8.987947901148607e-05,0.2594804788387236,0.2594794896675615,2260
1.3749390812609794,0.005424077957440334,0.00014930558207942,0.005203131464087011,8.979376159018452e-05,0.2594759570276666,0.2594749664833575,2261
1.3749356899284966,0.005421951687582847,0.0001492095655482338,0.005203971399868998,8.975146519774735e-05,0.25947372499061205,0.2594727368769143,2262
1.3749322671598914,0.005418730245354444,0.00014921147098355376,0.005204168094557753,8.981957394883817e-05,0.2594773189219757,0.25947633371994744,2263
1.3749288903836807,0.00541584774191606,0.0001491898535209067,0.005204347357964599,8.987431638217514e-05,0.259480206557991,0.25947922115998523,2264
1.3749254920622647,0.005414036846359536,0.00014907131524962493,0.005205092603399766,8.982882637509335e-05,0.25947780704462237,0.2594768205357906,2265
1.3749221281338453,0.005412193630570305,0.00014895459365831817,0.0052059795083845535,8.97716873683017e-05,0.25947479220713054,0.25947380698562333,2266
1.3749187549701043,0.005409382750496458,0.00014892270786780903,0.005206392153037942,8.980006620222311e-05,0.2594762896854319,0.25947530690907333,2267
1.374915403622118,0.005406377830728912,0.0001489123278532555,0.005206565308111625,8.985957900805271e-05,0.25947942925539574,0.25947844720548585,2268
1.3749120550303626,0.0054042069777291675,0.00014883007822667288,0.005207101866552298,8.98512654891261e-05,0.2594789907421163,0.25947800818215233,2269
1.374908717056036,0.005402437492177013,0.00014871119025068773,0.00520793599675559,8.979826098469552e-05,0.25947619443577935,0.259475212466863,2270
1.3749053916130651,0.005400029147631025,0.0001486475741648744,0.00520851535799979,8.979379588713423e-05,0.2594759588373491,0.2594749786203707,2271
1.3749020685639164,0.005397101099655333,0.00014863129549382505,0.005208764470561065,8.98416636120515e-05,0.2594784842465476,0.25947750519164664,2272
1.3748987642913684,0.005394624758189816,0.00014857892873110996,0.0052091566179419384,8.986036634756628e-05,0.2594794707841507,0.25947849191658756,2273
1.3748954580148254,0.0053927506252454144,0.00014847332048926695,0.005209876506346886,8.982464447563314e-05,0.25947758642670343,0.25947660794356076,2274
1.3748921728353687,0.005390646374603235,0.00014838716767931167,0.005210548951429598,8.979998640315123e-05,0.25947628547497126,0.25947530808612984,2275
1.3748888851407823,0.005387941353115087,0.0001483533652143972,0.005210914130362358,8.98269140738274e-05,0.2594777061609773,0.25947672992140103,2276
1.3748856172703359,0.005385289628885577,0.0001483183063288439,0.005211239795345757,8.98584599227215e-05,0.2594793702281703,0.2594783947198964,2277
1.3748823494539244,0.005383206189065758,0.00014823462736393063,0.005211826972659458,8.984516262892433e-05,0.25947866882156584,0.2594776938666199,2278
1.3748790977360865,0.005381251779362801,0.0001481393473821729,0.005212515862971893,8.981485878521338e-05,0.2594770701582933,0.2594760958903192,2279
1.3748758503848253,0.005378828422252871,0.00014808414053110226,0.0052129956738058226,8.981984444337613e-05,0.2594773331925904,0.2594763597913315,2280
1.3748726144892716,0.00537616229000237,0.00014805202476650308,0.005213325814766121,8.985041849061877e-05,0.25947894606433747,0.2594779736311112,2281
1.3748693873716713,0.0053738595057293845,0.00014799043676759282,0.005213799654265932,8.985677813545233e-05,0.25947928152000205,0.2594783099625884,2282
1.3748661676798333,0.005371897739282595,0.00014789935251401616,0.00521444429347044,8.983290071919379e-05,0.2594780219834728,0.25947705103482943,2283
1.3748629599636144,0.00536972040118461,0.0001478264924385877,0.005215005333151559,8.982183194322328e-05,0.25947743804744844,0.2594764676498931,2284
1.374859757337527,0.0053671775825986055,0.00014778587642247997,0.005215387709028096,8.9841899091985e-05,0.2594784966683533,0.2594775271653537,2285
1.374856567932997,0.005364729212175478,0.00014773932466143958,0.005215791916803427,8.985978662640688e-05,0.25947944020638386,0.25947847182491945,2286
1.374853383268804,0.005362651947360085,0.00014766141558894132,0.005216359845489922,8.984883530591143e-05,0.2594788625533822,0.2594778949556038,2287
1.3748502112137748,0.0053606172711860725,0.00014757981531683253,0.00521695305438038,8.983106848458828e-05,0.25947792532596603,0.25947695812061056,2288
1.3748470451339712,0.005358268722059488,0.0001475253528707398,0.0052174046189253295,8.983734364478694e-05,0.25947825636099736,0.25947728979815593,2289
1.374843889895109,0.0053557927639680146,0.00014748342321136036,0.0052177895222670165,8.985718664350796e-05,0.25947930306739414,0.2594783376568609,2290
1.3748407425327691,0.005353570555696454,0.00014742086152005174,0.005218279187961384,8.985939228738065e-05,0.25947941940666097,0.25947845503403877,2291
1.3748376040472654,0.005351557042313927,0.00014734064738405124,0.005218857640191596,8.984380531876115e-05,0.25947859722315286,0.25947763331038676,2292
1.3748344750993025,0.005349391828289015,0.00014727368467321413,0.005219366692664453,8.983869958819934e-05,0.25947832788988645,0.25947736437748764,2293
1.3748313536788976,0.005346997915736871,0.00014722721998873834,0.005219772617417733,8.985303719600867e-05,0.25947908419606075,0.25947812165493983,2294
1.3748282426057907,0.005344676312808451,0.00014717582787021025,0.0052202067097241595,8.986394908269476e-05,0.2594796597556397,0.2594786984121358,2295
1.374825138657056,0.005342595806790753,0.00014710428675513264,0.005220739793394838,8.985609022046154e-05,0.25947924523474636,0.2594782845818948,2296
1.3748220449301118,0.005340541363630537,0.00014703095414675686,0.005221276379726308,8.984539032182101e-05,0.2594786808323638,0.25947772049240764,2297
1.3748189587467854,0.005338287532910414,0.00014697534923776808,0.005221722927480334,8.985085424058895e-05,0.25947896904945833,0.25947800940363086,2298
1.3748158820524865,0.005335952893712305,0.00014692768935752753,0.005222135291904989,8.986408095246312e-05,0.25947966671104333,0.2594787082362693,2299
1.37481281367599,0.005333780546604357,0.00014686681849316165,0.005222615257236486,8.986510238515688e-05,0.2594797205858167,0.2594787630535834,2300
1.374809753942622,0.005331747093698111,0.0001467945593436326,0.005223145690450522,8.98551003330507e-05,0.2594791930211939,0.25947823590385355,2301
1.374806703190181,0.005329625362864596,0.00014673058444494556,0.005223629709082356,8.985259266403293e-05,0.25947906074798727,0.25947810410079625,2302
1.3748036605317908,0.005327357726472258,0.00014667993821664374,0.005224050779649763,8.986255962738591e-05,0.25947958646921826,0.2594786308037381,2303
1.3748006271174606,0.005325128479298298,0.00014662672201933607,0.005224490358426915,8.98698385807468e-05,0.25947997038923365,0.2594790158056985,2304
1.3747976016758325,0.005323053663813751,0.00014656076726860158,0.005224990592390123,8.986489205072573e-05,0.2594797094918951,0.2594787555410906,2305
1.374794585336848,0.005321009025731078,0.00014649297754197558,0.005225492612900917,8.985828401892653e-05,0.2594793609499231,0.25947840739814915,2306
1.3747915771807127,0.005318846244580154,0.00014643617434275028,0.005225938516069546,8.986219444403069e-05,0.259479567207633,0.2594786143939962,2307
1.3747885777725124,0.005316623903745014,0.00014638518446804448,0.005226361268767688,8.987117983866284e-05,0.25948004113064194,0.25947908937168196,2308
1.3747855868487042,0.005314495516569061,0.0001463266141389835,0.005226824308269365,8.987237597800522e-05,0.25948010421767637,0.25947915329982146,2309
1.3747826043316629,0.005312464107306777,0.00014626035742493673,0.005227320204147328,8.986629271073546e-05,0.2594797833683442,0.2594788329342975,2310
1.3747796304975342,0.005310393745168287,0.00014619836304439343,0.00522778936230937,8.986471431507818e-05,0.25947970011736016,0.259478750244317,2311
1.3747766648953035,0.005308232091956832,0.00014614499785380335,0.005228217292367666,8.987127688879522e-05,0.2594800462492962,0.2594790972802383,2312
1.3747737079899587,0.005306081054876406,0.00014609122818711845,0.0052286523494379285,8.987664290871497e-05,0.2594803292616193,0.25947938123414943,2313
1.3747707593133642,0.005304024649335224,0.00014602981484382845,0.005229125017745833,8.987424810849283e-05,0.25948020295713614,0.25947925557496143,2314
1.3747678192051451,0.00530200355871994,0.00014596619676326332,0.005229602957346821,8.987014958787745e-05,0.25947998679260037,0.25947903992371624,2315
1.3747648874189764,0.005299921028676729,0.00014590877646524406,0.00523004692151666,8.987240488011035e-05,0.2594801057420321,0.2594791596022455,2316
1.3747619640337858,0.005297793350907351,0.00014585586716517107,0.005230471457904236,8.987849073951978e-05,0.25948042671716415,0.2594794814900862,2317
1.3747590490557426,0.005295712282886434,0.00014579937456583734,0.005230917254250467,8.98802780298412e-05,0.25948052097881974,0.25947957653303416,2318
1.3747561423531092,0.0052936981881143725,0.00014573775205494968,0.005231386534538361,8.987704871476381e-05,0.2594803506641244,0.25947940679348364,2319
1.3747532440764767,0.005291677813536014,0.00014567758938456403,0.00523184359958946,8.987579719318725e-05,0.2594802846578142,0.259479341404999,2320
1.3747503540265238,0.005289605055870264,0.0001456227376313118,0.005232272835955979,8.987976021654524e-05,0.25948049366945336,0.2594795512236186,2321
1.3747474723530635,0.005287526661289902,0.00014556887289348368,0.005232700304574676,8.988391802828519e-05,0.2594807129493665,0.25947977133406086,2322
1.37474459891053,0.005285501260632066,0.0001455109200831338,0.005233150127636554,8.988349956842591e-05,0.2594806908803328,0.25947974993884504,2323
1.3747417337595622,0.005283510634584846,0.00014545073811852522,0.005233608334688443,8.988115523572463e-05,0.2594805672422975,0.2594796268990234,2324
1.3747388768580162,0.005281496174389915,0.00014539350237056437,0.005234047786105749,8.988213306197473e-05,0.259480618812186,0.2594796791713852,2325
1.3747360281701473,0.0052794507262838375,0.0001453396076315095,0.005234470265134188,8.988610456977053e-05,0.25948082826391083,0.25947988942147465,2326
1.3747331877308,0.005277422726612516,0.00014528467243621378,0.0052349008342951735,8.988829453571968e-05,0.25948094375764985,0.2594800056556877,2327
1.374730355453812,0.005275437686063951,0.00014522661154726786,0.00523534798530742,8.988712662039184e-05,0.2594808821646718,0.25947994470086727,2328
1.3747275313942113,0.005273463532938086,0.0001451684354900573,0.005235792699954422,8.988620008323831e-05,0.25948083330109956,0.25947989648606185,2329
1.3747247154738016,0.005271465092828793,0.00014511316289753465,0.005236219606453324,8.988833517283757e-05,0.25948094590074416,0.2594800098195074,2330
1.3747219077198147,0.0052694560397703,0.00014505938862884965,0.005236639421769587,8.989148552061004e-05,0.2594811120402941,0.25948017670983914,2331
1.3747191080939636,0.005267472492689915,0.00014500390697356767,0.0052370703593134105,8.989234099299254e-05,0.25948115715474607,0.25948022250863845,2332
1.374716316579507,0.005265517321382739,0.0001449466381019486,0.005237510438740111,8.98913583705111e-05,0.25948110533484947,0.25948017133446005,2333
1.3747135331777185,0.005263560354335253,0.00014489033764959354,0.005237942535963176,8.989163637983499e-05,0.2594811199960677,0.25948018667932915,2334
1.3747107578434414,0.005261586619208836,0.00014483620848597829,0.005238361169629162,8.989405264124517e-05,0.25948124742010487,0.25948031482746375,2335
1.3747079905932438,0.005259615998841368,0.00014478235982100463,0.005238779314019538,8.989625109176752e-05,0.25948136335617233,0.25948043146765465,2336
1.374705231380577,0.005257669711749839,0.00014472695575656376,0.005239207452982288,8.98964732569415e-05,0.25948137507205266,0.25948044384653995,2337
1.3747024802110344,0.0052557394624878915,0.000144670868319008,0.005239638544404309,8.989604160808473e-05,0.2594813523090372,0.2594804217466524,2338
1.3746997370573941,0.005253803413830956,0.00014461605301582673,0.005240060159225258,8.989706097086361e-05,0.2594814060650762,0.2594804761952044,2339
1.374697001903203,0.00525185944736579,0.0001445625863792047,0.005240473123746193,8.989927798933862e-05,0.25948152297836896,0.25948059380671984,2340
1.3746942747420006,0.00524992546324159,0.0001445088092418936,0.00524088889649382,8.99007405372616e-05,0.25948160010426835,0.25948067160674476,2341
1.3746915555419572,0.005248010928805105,0.00014445394104040105,0.005241311855461234,8.990081703251103e-05,0.2594816041381462,0.25948067630082283,2342
1.3746888443040617,0.005246104489030229,0.0001443990797946616,0.005241733758944391,8.990093606502411e-05,0.2594816104151681,0.2594806832502716,2343
1.3746861409974929,0.005244193060012396,0.00014434537553141937,0.0052421469829284344,8.990228457859232e-05,0.2594816815269546,0.259480755045519,2344
1.374683445615749,0.005242280702832158,0.00014429238485097918,0.00524255539797318,8.99041464610867e-05,0.2594817797095844,0.2594808539015531,2345
1.3746807581398848,0.0052403804277517275,0.0001442389177953935,0.005242967571305779,8.990516134306582e-05,0.2594818332269169,0.2594809080780625,2346
1.374678078550589,0.005238494443744824,0.00014418482956567557,0.005243384022831828,8.990533442601905e-05,0.2594818423539953,0.2594809178663219,2347
1.374675406839573,0.005236612516440448,0.00014413108342769512,0.005243797379142375,8.990585574904591e-05,0.2594818698445531,0.259480946027332,2348
1.3746727429813752,0.00523472817128068,0.00014407823642252377,0.005244203726386994,8.990727250132811e-05,0.25948194455274487,0.25948102140317775,2349
1.3746700869689603,0.005232847302475367,0.0001440257092053354,0.0052446077749824975,8.990880172819268e-05,0.25948202519128655,0.25948110269735625,2350
1.3746674387804612,0.005230978119068849,0.00014397275488849283,0.0052450152462403445,8.990959652228087e-05,0.2594820671017601,0.2594811452597963,2351
1.374664798402192,0.005229119243965788,0.00014391953210884012,0.005245424699811513,8.990993776552541e-05,0.25948208509588083,0.2594811639127467,2352
1.3746621658199443,0.005227262949586426,0.00014386676024382184,0.0052458303651028385,8.991069988359253e-05,0.2594821252830572,0.2594812047610111,2353
1.37465954101366,0.005225406856382259,0.00014381463669734318,0.005246230723359021,8.991206046080225e-05,0.25948219702710307,0.2594812771573126,2354
1.3746569239730915,0.005223556525040822,0.00014376263063896563,0.005246630158351756,8.991334173733045e-05,0.2594822645890805,0.25948134536341183,2355
1.374654314677603,0.005221716585842002,0.00014371031862291052,0.0052470321806055015,8.991405491025289e-05,0.2594823021946283,0.259481383615487,2356
1.3746517131147304,0.0052198843750980994,0.0001436579603613025,0.005247434645067738,8.991455072070331e-05,0.2594823283385835,0.2594814104114814,2357
1.3746491192679382,0.005218054593794206,0.00014360604869539898,0.0052478333705474126,8.991543290256772e-05,0.25948237485562387,0.259481457577461,2358
1.3746465331203859,0.005216227014046991,0.00014355459605733663,0.005248228162610071,8.991669854660764e-05,0.2594824415920483,0.2594815249535562,2359
1.3746439546592046,0.005214406126217488,0.0001435031781134353,0.005248622636234343,8.991781623307386e-05,0.2594825005263946,0.2594815845237784,2360
1.3746413838657798,0.005212594287063761,0.00014345157423450132,0.005249018809949787,8.991851589627038e-05,0.2594825374186591,0.2594816220559724,2361
1.374638820727164,0.005210788701844354,0.00014340004664606588,0.005249414516414481,8.991912542061183e-05,0.25948256955791055,0.2594816548374892,2362
1.3746362652264952,0.0052089859071605795,0.00014334891998165104,0.005249806849857467,8.992005369248123e-05,0.2594826185040041,0.2594817044203977,2363
1.374633717348372,0.005207186620171379,0.00014329812765076743,0.005250196226894813,8.992122638432284e-05,0.2594826803375587,0.2594817668835333,2364
1.3746311770784794,0.0052053942353206244,0.00014324734926926465,0.005250585447824573,8.992224294162012e-05,0.2594827339381436,0.25948182111260204,2365
1.3746286443997957,0.0052036098194045335,0.00014319647849196312,0.005250975621366768,8.992295532358712e-05,0.2594827715001252,0.25948185930621437,2366
1.3746261192986122,0.0052018308935154155,0.00014314574373183752,0.005251364853346459,8.992363877504119e-05,0.259482807536539,0.25948189597391713,2367
1.3746236017584894,0.0052000552146549105,0.00014309535841199733,0.005251751153097565,8.992457373355235e-05,0.259482856833969,0.25948194589708895,2368
1.3746210917645159,0.005198283805995622,0.00014304523191385033,0.005252135138242059,8.992566863671365e-05,0.25948291456445294,0.25948200424846074,2369
1.374618589301793,0.005196519189183875,0.00014299512553942552,0.005252518914327804,8.992662367227458e-05,0.25948296491991163,0.25948205522468676,2370
1.3746160943543042,0.005194761766677019,0.00014294499192159672,0.0052529030802131865,8.992735467346925e-05,0.25948300346269415,0.25948209438963044,2371
1.3746136069077908,0.005193009474278637,0.00014289501896526822,0.005253286095471846,8.992808234933992e-05,0.25948304182999,0.2594821333772066,2372
1.374611126946357,0.005191260820005334,0.00014284535120871313,0.005253666584468582,8.99290054807927e-05,0.2594830905026153,0.25948218266554995,2373
1.3746086544552154,0.0051895168368738765,0.000142795898936923,0.005254045160314527,8.993003854165328e-05,0.2594831449710343,0.25948223774663737,2374
1.374606189419343,0.005187779422844822,0.00014274648199539915,0.005254423391608424,8.993095501077604e-05,0.25948319329185987,0.25948228667990025,2375
1.374603731823305,0.005186048674867765,0.0001426970807006662,0.005254801613423664,8.99317026125059e-05,0.25948323270897145,0.25948232670920335,2376
1.3746012816525615,0.005184322907117586,0.00014264784676045573,0.005255178620953782,8.993245483723492e-05,0.2594832723696641,0.25948236697961635,2377
1.3745988388916717,0.005182601067290718,0.00014259888346810075,0.005255553438138818,8.993335848642183e-05,0.2594833200139203,0.2594824152302476,2378
1.3745964035258853,0.005180884080248327,0.000142550111659741,0.005255926587529227,8.993434232704258e-05,0.2594833718859403,0.2594824677066807,2379
1.3745939755402474,0.005179173418566265,0.00014250139175732554,0.0052562992413697366,8.99352328181628e-05,0.2594834188359559,0.2594825152603238,2380
1.3745915549196717,0.005177469065553115,0.00014245271518110092,0.005256671610089172,8.99359929660883e-05,0.25948345891360786,0.25948255594017466,2381
1.3745891416495264,0.005175769645105763,0.00014240420407648442,0.005257042772532849,8.993675760229038e-05,0.25948349922772657,0.2594825968539776,2382
1.3745867357147128,0.0051740743546008485,0.00014235593724382838,0.0052574120101620565,8.993763935699724e-05,0.25948354571650273,0.2594826439401181,2383
1.374584337100527,0.005172383972835023,0.00014230784893570143,0.005257779730355379,8.993858297838645e-05,0.25948359546682515,0.2594826942863889,2384
1.3745819457921484,0.00517069968233947,0.00014225982793243365,0.0052581468168312,8.993945405727022e-05,0.2594836413922749,0.25948274080640993,2385
1.3745795617747227,0.005169021451330508,0.00014221186831414072,0.005258513428530252,8.994022265724111e-05,0.2594836819145963,0.25948278192114926,2386
1.3745771850336386,0.00516734815394152,0.0001421640683573138,0.005258878872699226,8.99409923786525e-05,0.25948372249586904,0.2594828230924936,2387
1.37457481555405,0.005165679127573739,0.00014211649208856824,0.005259242599565738,8.99418522307241e-05,0.2594837678288075,0.2594828690138909,2388
1.3745724533213344,0.005164014996631732,0.00014206908750846286,0.005259604904477506,8.994276198225274e-05,0.2594838157922986,0.25948291756465397,2389
1.3745700983208164,0.005162356737028328,0.00014202176405021582,0.005259966459260521,8.994361698334849e-05,0.2594838608690421,0.259482963226848,2390
1.37456775053782,0.005160704351471225,0.00014197451424720583,0.005260327406524203,8.994439044570968e-05,0.25948390164677543,0.2594830045874943,2391
1.3745654099578144,0.005159056923683636,0.0001419274165876862,0.005260687234249229,8.994516074934719e-05,0.2594839422578033,0.25948304577927156,2392
1.3745630765661503,0.005157413871059525,0.00014188052579324574,0.005261045507837599,8.994599970048279e-05,0.2594839864877847,0.2594830905888018,2393
1.3745607503483117,0.005155775664922682,0.00014183380310696394,0.0052614024245570944,8.994688019253603e-05,0.2594840329076051,0.25948313758706687,2394
1.374558431289766,0.0051541431220972975,0.0001417871739539065,0.0052617584971284635,8.994772078021806e-05,0.25948407722344236,0.25948318247927704,2395
1.3745561193759914,0.005152516302416206,0.00014174062739633265,0.005262113866321497,8.994849606698815e-05,0.25948411809642774,0.25948322392593204,2396
1.374553814592564,0.005150894473637212,0.00014169422493038485,0.005262468162750662,8.994926404696486e-05,0.25948415858402657,0.2594832649851527,2397
1.3745515169250027,0.005149277103747608,0.00014164801487268915,0.005262821035306137,8.99500834285614e-05,0.25948420178130777,0.2594833087530428,2398
1.3745492263589085,0.005147664516927698,0.00014160197085120042,0.00526317260016723,8.995093813606048e-05,0.2594842468407386,0.2594833543820116,2399
1.3745469428798889,0.005146057395496113,0.00014155603156086174,0.005263523247117768,8.995176516465763e-05,0.2594842904407582,0.259483398549419,2400
1.3745446664735654,0.005144455861745721,0.000141510182065915,0.005263873118656509,8.99525398080783e-05,0.2594843312789083,0.2594834399522194,2401
1.37454239712563,0.005142859350882745,0.0001414644688486355,0.005264221958128224,8.995330353541035e-05,0.25948437154140486,0.2594834807773533,2402
1.3745401348217552,0.00514126737205296,0.00014141893506961194,0.005264569479408873,8.995410466619292e-05,0.25948441377556847,0.2594835235731723,2403
1.374537879547663,0.0051396801129158206,0.00014137356559027354,0.005264915734514858,8.995493617740673e-05,0.2594844576111345,0.25948356796934247,2404
1.3745356312890988,0.005138098132025731,0.00014132831086686166,0.005265261015547647,8.995575002371149e-05,0.2594845005152465,0.25948361143195897,2405
1.3745333900318184,0.005136521606918461,0.0001412831524194022,0.005265605464819581,8.995652208512434e-05,0.25948454121637543,0.2594836526889054,2406
1.3745311557616369,0.0051349501273636605,0.00014123812327106967,0.005265948914751113,8.995728036294975e-05,0.2594845811906984,0.259483693217007,2407
1.374528928464367,0.005133383247151634,0.00014119326158671674,0.005266291133431703,8.995806451218102e-05,0.25948462252871357,0.2594837351077449,2408
1.3745267081258565,0.005131821033385025,0.0001411485619777508,0.005266632124400873,8.995887473083358e-05,0.25948466524084185,0.259483778371553,2409
1.3745244947319837,0.005130263924341219,0.00014110398585193362,0.005266972100275665,8.995967540711668e-05,0.25948470744973806,0.25948382113016083,2410
1.3745222882686352,0.005128712136139428,0.00014105951237413581,0.005267311198661435,8.996044333435421e-05,0.2594847479320409,0.25948386215960056,2411
1.3745200887217484,0.005127165399603274,0.00014101516257881622,0.00526764932188341,8.996119552080026e-05,0.25948478758437954,0.25948390235698593,2412
1.3745178960772713,0.005125623324048293,0.00014097096913526255,0.005267986285907831,8.996196395757814e-05,0.25948482809320117,0.25948394340965775,2413
1.374515710321177,0.005124085878075796,0.00014092693452250434,0.005268322060077069,8.996275429949182e-05,0.25948486975659085,0.2594839856158377,2414
1.3745135314394714,0.0051225533817618385,0.00014088303053121854,0.0052686567914163734,8.996354150202176e-05,0.25948491125430395,0.25948402765454026,2415
1.3745113594181722,0.005121026066851183,0.0001408392356642111,0.005268990607308045,8.996430394642864e-05,0.2594849514467091,0.2594840683855199,2416
1.3745091942433367,0.0051195037875743764,0.00014079556064439922,0.005269323463780456,8.996504979315374e-05,0.2594849907639994,0.2594841082392526,2417
1.3745070359010425,0.005117986221577165,0.0001407520319076715,0.00526965522054179,8.996580388785634e-05,0.2594850305159159,0.2594841485262414,2418
1.3745048843773882,0.005116473266586427,0.0001407086575324812,0.005269985825676568,8.996657553657993e-05,0.2594850711930159,0.25948418973729853,2419
1.3745027396585034,0.005114965129960353,0.00014066541896881453,0.005270315372182509,8.996734872858513e-05,0.25948511195129426,0.2594842310278953,2420
1.3745006017305348,0.0051134620338178305,0.00014062229595696084,0.005270643971789029,8.996810433637593e-05,0.2594851517824638,0.2594842713891607,2421
1.3744984705796572,0.005111963932424348,0.00014057929095284246,0.0052709716199169495,8.996884373645988e-05,0.25948519075909704,0.25948431089375296,2422
1.3744963461920752,0.005110470581522489,0.0001405364235855378,0.005271298216509018,8.996958497067335e-05,0.2594852298322536,0.2594843504933256,2423
1.3744942285540105,0.0051089818389223685,0.00014049370502805004,0.005271623699964191,8.997033913471142e-05,0.2594852695868231,0.25948439077310115,2424
1.3744921176517135,0.005107497811170874,0.0001404511252395653,0.005271948119813178,8.997109774043467e-05,0.259485309575361,0.25948443128533105,2425
1.3744900134714555,0.005106018687696114,0.0001404086669510047,0.005272271567629778,8.997184505808686e-05,0.2594853489687036,0.2594844712003462,2426
1.3744879159995316,0.005104544494291938,0.00014036632674948018,0.005272594065212124,8.997257778453083e-05,0.2594853875927413,0.2594845103439652,2427
1.3744858252222656,0.005103075067636033,0.0001403241173792793,0.005272915548757439,8.997330763241774e-05,0.25948542606488595,0.2594845493340074,2428
1.3744837411260027,0.005101610256227328,0.0001402820506443514,0.005273235956953288,8.997404570074969e-05,0.25948546497019254,0.25948458875587904,2429
1.3744816636971113,0.005100150084989169,0.0001402401233377008,0.005273555306184604,8.997478934956087e-05,0.25948550416949784,0.2594846284703034,2430
1.3744795929219835,0.005098694694101519,0.00014019832243497454,0.005273873665026627,8.99755268812674e-05,0.2594855430461976,0.259484667860289,2431
1.3744775287870332,0.005097244149905682,0.0001401566412143431,0.005274191069835452,8.997625240211568e-05,0.2594855812896267,0.25948470661500445,2432
1.3744754712787024,0.0050957983638080595,0.00014011508614219267,0.005274507487934225,8.997697211332344e-05,0.25948561922666746,0.2594847450615607,2433
1.374473420383454,0.005094357200872842,0.00014007366757785985,0.005274822866242799,8.997769563847328e-05,0.25948565736459384,0.2594847837075434,2434
1.3744713760877747,0.005092920629394964,0.0001400323870481593,0.005275137198311992,8.99784243545747e-05,0.25948569577598685,0.2594848226255567,2435
1.3744693383781734,0.005091488733443122,0.0001399912362666354,0.005275450529105842,8.997915074724294e-05,0.25948573406475445,0.2594848614192571,2436
1.3744673072411826,0.005090061590588821,0.0001399502076021108,0.005275762899210223,8.997986821177088e-05,0.25948577188276056,0.2594848997403139,2437
1.374465282663358,0.005088639171937186,0.00013990930252600416,0.005276074300528533,8.998057862449327e-05,0.259485809328913,0.2594849376877199,2438
1.3744632646312787,0.005087221376222541,0.00013986852858452543,0.005276384693568277,8.998128917090967e-05,0.2594858467819647,0.2594849756404604,2439
1.374461253131546,0.005085808142254225,0.00013982788979621092,0.0052766940590674655,8.998200341973625e-05,0.25948588443002213,0.2594850137867383,2440
1.3744592481507858,0.0050843995018483926,0.0001397873822625148,0.005277002420313079,8.99827176502988e-05,0.25948592207696747,0.2594850519303087,2441
1.3744572496756438,0.005082995520788162,0.00013974699932269212,0.0052773098139144246,8.998342600552522e-05,0.2594859594140775,0.2594850897622793,2442
1.374455257692788,0.005081596208937684,0.00013970673918669647,0.005277616248665972,8.99841274610149e-05,0.2594859963873604,0.2594851272286503,2443
1.374453272188913,0.005080201504778568,0.00013966660609995531,0.005277921700986419,8.998482641457998e-05,0.2594860332286251,0.25948516456137205,2444
1.3744512931507316,0.005078811342019363,0.00013962660456790147,0.0052782261478052555,8.998552702634287e-05,0.2594860701571485,0.25948520197983393,2445
1.3744493205649817,0.005077425712937097,0.00013958673403297652,0.005278529595043595,8.998622853106891e-05,0.25948610713259496,0.2594852394436652,2446
1.3744473544184221,0.0050760446582291865,0.00013954698990175903,0.0052788320699100446,8.998692671124338e-05,0.25948614393266534,0.2594852767304511,2447
1.3744453946978328,0.005074668204461338,0.00013950736893481643,0.005279133590024119,8.9987619083578e-05,0.25948618042647187,0.2594853137092546,2448
1.3744434413900175,0.005073296325460134,0.00013946787242462402,0.005279434146932739,8.998830748405832e-05,0.2594862167107893,0.25948535047691534,2449
1.3744414944818013,0.0050719289670501195,0.0001394285039362496,0.005279733720833093,8.99889954819691e-05,0.2594862529737494,0.25948538722165626,2450
1.37443955396003,0.005070566099290545,0.0001393892648401558,0.005280032306287955,8.998968418047236e-05,0.25948628927349743,0.2594854240016381,2451
1.374437619811573,0.005069207735139855,0.00013935015285546212,0.0052803299188965355,8.999037129689148e-05,0.25948632548971895,0.2594854606964864,2452
1.374435692023321,0.005067853899756517,0.00013931116479209092,0.0052806265777609095,8.999105412309153e-05,0.2594863614796766,0.2594854971634124,2453
1.374433770582184,0.0050665045907246405,0.00013927229991670114,0.005280922286100911,8.999173258225687e-05,0.25948639723932415,0.25948553339838637,2454
1.3744318554750958,0.005065159773677612,0.00013923356018611015,0.005281217031696156,8.999240899161162e-05,0.25948643289079787,0.2594855695236011,2455
1.374429946689011,0.005063819413115102,0.00013919494752726242,0.005281510804304813,8.999308521955692e-05,0.2594864685325761,0.2594856056375654,2456
1.3744280442109051,0.005062483500211666,0.00013915646152066094,0.005281803608873337,8.99937606970521e-05,0.2594865041346669,0.25948564171026767,2457
1.3744261480277755,0.005061152048118156,0.0001391180999331222,0.005282095460550323,8.99944333482339e-05,0.25948653958765966,0.25948567763226305,2458
1.3744242581266395,0.005059825064390287,0.0001390798611283222,0.00528238636912216,8.999510204477769e-05,0.25948657483208654,0.2594857133440797,2459
1.3744223744945363,0.0050585025332681695,0.00013904174550510254,0.005282676331094712,8.999576771744091e-05,0.25948660991700623,0.2594857488948039,2460
1.3744204971185252,0.005057184425293683,0.00013900375456130196,0.005282965337117175,8.999643209614625e-05,0.25948664493359724,0.25948578437563974,2461
1.3744186259856885,0.00505587072014734,0.00013896588891574246,0.005283253384883696,8.999709574902381e-05,0.2594866799118039,0.2594858198165309,2462
1.3744167610831253,0.005054561416623157,0.0001389281475381769,0.005283540482928645,8.99977576216932e-05,0.25948671479605523,0.25948585516189104,2463
1.374414902397959,0.0050532565210480536,0.0001388905288327767,0.005283826642307947,8.999841637421346e-05,0.25948674951573053,0.2594858903410934,2464
1.3744130499173322,0.005051956029430059,0.00013885303216829795,0.0052841118665294525,8.999907185150423e-05,0.2594867840626581,0.2594859253459784,2465
1.3744112036284066,0.005050659922976916,0.0001388156581800193,0.005284396150715697,8.999972510463797e-05,0.25948681849223637,0.25948596023196013,2466
1.3744093635183665,0.005049368179756279,0.00013877840770006868,0.005284679489803591,9.000037713025246e-05,0.25948685285699385,0.2594859950515709,2467
1.3744075295744145,0.005048080788009355,0.00013874128063019915,0.005284961885994968,9.000102782908393e-05,0.25948688715169965,0.25948602979957464,2468
1.374405701783775,0.005046797747022909,0.00013870427594184006,0.005285243347644479,9.000167625175168e-05,0.25948692132631823,0.2594860644259341,2469
1.3744038801336917,0.005045519056438044,0.0001386673926442483,0.005285523881764855,9.000232170527838e-05,0.25948695534432825,0.25948609889413576,2470
1.3744020646114279,0.005044244706718435,0.0001386306305794394,0.00528580348879762,9.00029644500735e-05,0.25948698921945595,0.25948613321791614,2471
1.3744002552042678,0.005042974680453499,0.00013859399024550013,0.005286082164881493,9.000360531444994e-05,0.2594870229953579,0.2594861674409342,2472
1.3743984518995134,0.005041708961609929,0.00013855747196697,0.005286359908367768,9.000424476834408e-05,0.25948705669680244,0.25948620158795566,2473
1.374396654684489,0.005040447542097729,0.0001385210753575703,0.005286636723280731,9.000488248557313e-05,0.25948709030659944,0.2594862356417904,2474
1.3743948635465373,0.005039190419301781,0.00013848479958622337,0.005286912616471535,9.000551778292915e-05,0.2594871237887428,0.2594862695664404,2475
1.37439307847302,0.005037937588377083,0.0001384486440624378,0.005287187592151892,9.00061503708645e-05,0.2594871571279738,0.2594863033466567,2476
1.3743912994513188,0.005036689037903795,0.00013841260878301912,0.005287461649773129,9.000678060631784e-05,0.2594871903431057,0.2594863370012556,2477
1.3743895264688346,0.005035444752855895,0.000138376694033274,0.005287734787056911,9.000740905340208e-05,0.2594872234638698,0.2594863705599654,2478
1.3743877595129874,0.005034204720850486,0.00013834089983468553,0.0052880070044643256,9.000803588789371e-05,0.259487256499531,0.25948640403204926,2479
1.3743859985712172,0.005032968934887121,0.0001383052257338503,0.005288278306347491,9.000866076995581e-05,0.2594872894321801,0.2594864373996043,2480
1.3743842436309819,0.005031737390286516,0.00013826967110026694,0.005288548697982798,9.000928325437838e-05,0.25948732223835463,0.2594864706391791,2481
1.3743824946797591,0.005030510079712908,0.00013823423556402417,0.005288818181985848,9.000990325674866e-05,0.2594873549136073,0.25948650374633253,2482
1.3743807517050453,0.005029286991560134,0.00013819891913352457,0.005289086757830951,9.001052109968296e-05,0.2594873874749418,0.25948653673806693,2483
1.3743790146943544,0.00502806811287407,0.00013816372191701468,0.005289354424611423,9.00111371450697e-05,0.2594874199414314,0.259486569633452,2484
1.3743772836352213,0.005026853433267954,0.00013812864377945377,0.005289621183877209,9.001175143144082e-05,0.2594874523151076,0.2594866024345214,2485
1.3743755585151978,0.005025642945768045,0.0001380936842870604,0.005289887039673733,9.001236367728632e-05,0.25948748458113563,0.25948663512644954,2486
1.3743738393218552,0.005024436644144956,0.0001380588429580276,0.005290151996058165,9.00129736024291e-05,0.25948751672475096,0.2594866676944812,2487
1.3743721260427821,0.005023234519858998,0.00013802411952992745,0.005290416054873024,9.001358121013297e-05,0.25948754874612684,0.2594867001387929,2488
1.3743704186655867,0.0050220365617231035,0.00013798951397502588,0.005290679215979916,9.001418675565076e-05,0.25948758065871647,0.25948673247283494,2489
1.374368717177895,0.005020842758272802,0.0001379550262798034,0.005290941479444102,9.001479046962027e-05,0.2594876124746756,0.25948676470876153,2490
1.3743670215673502,0.005019653100137579,0.00013792065623703903,0.0052912028472738406,9.001539233750694e-05,0.2594876441932393,0.25948679684581255,2491
1.3743653318216151,0.005018467580051542,0.00013788640345530355,0.005291463323034738,9.001599214518751e-05,0.25948767580312415,0.25948682887271385,2492
1.3743636479283694,0.005017286190784933,0.00013785226755005757,0.005291722909958715,9.001658971500598e-05,0.2594877072949689,0.25948686078011124,2493
1.3743619698753113,0.005016108923306232,0.00013781824830547075,0.005291981609585528,9.00171850797045e-05,0.2594877386705002,0.2594868925697324,2494
1.3743602976501563,0.005014935766970817,0.00013778434565053452,0.005292239422217636,9.001777843158045e-05,0.2594877699398531,0.25948692425171055,2495
1.374358631240638,0.005013766711306339,0.000137750559494878,0.00529249634853929,9.001836992189187e-05,0.25948780111099995,0.25948695583401854,2496
1.3743569706345067,0.005012601747438097,0.00013771688960233767,0.005292752390681963,9.001895952208904e-05,0.2594878321824371,0.25948698731515873,2497
1.3743553158195314,0.005011440867786714,0.00013768333562232495,0.00529300755175509,9.001954707447947e-05,0.2594878631458553,0.2594870186868297,2498
1.3743536667834988,0.005010284064536066,0.00013764989723023466,0.005293261834470503,9.002013246240579e-05,0.25948789399510797,0.2594870499428898,2499
1.3743520235142108,0.00500913132852325,0.00013761657422692737,0.005293515240300033,9.002071572261583e-05,0.2594879247321327,0.2594870810852777,2500
1.3743503859994892,0.005007982649596462,0.000137583366504389,0.0052937677699248726,9.002129699783274e-05,0.25948795536445196,0.2594871121215149,2501
1.374348754227171,0.005006838017925527,0.0001375502739258793,0.0052940194243983555,9.002187639238387e-05,0.25948798589756455,0.2594871430571026,2502
1.3743471281851112,0.005005697424872457,0.0001375172962468806,0.005294270205820331,9.002245387978483e-05,0.2594880163300758,0.2594871738906518,2503
1.3743455078611806,0.005004560862615332,0.00013748443314954434,0.005294520116927964,9.002302934528994e-05,0.2594880466559398,0.2594872046161232,2504
1.3743438932432692,0.005003428323027197,0.00013745168434500902,0.005294769160116325,9.002360270841466e-05,0.2594880768709162,0.25948723522928,2505
1.3743422843192812,0.0050022997969851905,0.00013741904963703147,0.005295017336890183,9.00241740001012e-05,0.25948810697663666,0.2594872657317552,2506
1.3743406810771392,0.005001175274739834,0.00013738652888926648,0.0052952646482227195,9.002474332593477e-05,0.2594881369786663,0.2594872961291144,2507
1.3743390835047822,0.005000054746875057,0.00013735412193780134,0.005295511095378562,9.002531076208057e-05,0.2594881668810198,0.25948732642537553,2508
1.3743374915901645,0.004998938204864732,0.0001373218285391014,0.005295756680367639,9.002587628980177e-05,0.25948819668271067,0.2594873566195573,2509
1.3743359053212587,0.004997825640725658,0.0001372896483999306,0.005296001405641126,9.002643982637334e-05,0.25948822637938057,0.2594873867073063,2510
1.3743343246860522,0.004996717046193053,0.0001372575812522434,0.0052962452734013005,9.002700131332508e-05,0.2594882559679493,0.2594874166855456,2511
1.374332749672549,0.004995612412262405,0.0001372256268966214,0.005296488285218672,9.002756077288268e-05,0.259488285449589,0.25948744655544914,2512
1.3743311802687699,0.004994511729503974,0.00013719378517578688,0.0052967304422816995,9.002811828287876e-05,0.2594883148284023,0.2594874763211212,2513
1.374329616462751,0.004993414988772592,0.00013716205591035596,0.005296971745974333,9.00286739019274e-05,0.2594883441074788,0.25948750598565484,2514
1.374328058242545,0.0049923221815938185,0.00013713043886181298,0.005297212198205072,9.002922762018158e-05,0.25948837328630053,0.2594875355485366,2515
1.37432650559622,0.004991233299887325,0.00013709893375525508,0.005297451801208994,9.00297793789533e-05,0.25948840236177584,0.25948756500667897,2516
1.3743249585118595,0.004990148335353906,0.00013706754033456775,0.005297690557065971,9.003032913390896e-05,0.25948843133156946,0.25948759435774976,2517
1.3743234169775638,0.0049890672791408,0.0001370362583947008,0.005297928467413363,9.003087689853724e-05,0.25948846019639316,0.25948762360246275,2518
1.3743218809814486,0.0049879901220765575,0.00013700508776282226,0.0052981655335965615,9.003142272967488e-05,0.2594884889592429,0.25948765274381647,2519
1.3743203505116435,0.004986916855200909,0.00013697402825089025,0.005298401757069277,9.003196667419274e-05,0.25948851762258957,0.25948768178428544,2520
1.3743188255562955,0.0049858474700625426,0.00013694307962694566,0.005298637139647714,9.003250873042402e-05,0.25948854618634615,0.2594877107237865,2521
1.3743173061035667,0.004984781958526434,0.00013691224163011088,0.005298871683402529,9.003304885805535e-05,0.25948857464838926,0.2594877395601999,2522
1.3743157921416334,0.004983720312315846,0.00013688151401122943,0.0052991053903284615,9.003358702260584e-05,0.25948860300690285,0.2594877682917123,2523
1.3743142836586875,0.004982662522740598,0.00013685089655892627,0.005299338262117657,9.003412323004884e-05,0.2594886312622026,0.25948779691864204,2524
1.3743127806429363,0.00498160858084716,0.00013682038908833299,0.005299570300230608,9.003465752095537e-05,0.25948865941642735,0.2594878254431308,2525
1.3743112830826008,0.004980558477812819,0.00013678999140639254,0.005299801506166485,9.003518993360987e-05,0.2594886874715953,0.25948785386720064,2526
1.3743097909659197,0.004979512205197929,0.00013675970328792678,0.005300031881666194,9.003572047301225e-05,0.25948871542797086,0.25948788219111907,2527
1.3743083042811428,0.004978469754836556,0.00013672952448338016,0.005300261428673228,9.003624911317179e-05,0.2594887432841853,0.2594879104135211,2528
1.374306823016538,0.004977431118499229,0.00013669945474817653,0.0053004901491153274,9.003677582723259e-05,0.2594887710388244,0.2594879385329948,2529
1.3743053471603854,0.004976396287656137,0.00013666949386490144,0.005300718044722832,9.003730061532418e-05,0.25948879869189584,0.25948796654955086,2530
1.3743038767009808,0.004975365253547135,0.00013663964163882896,0.005300945117041387,9.003782350524031e-05,0.2594888262448651,0.25948799446465787,2531
1.3743024116266334,0.0049743380074665075,0.00013660989787339282,0.005301171367605292,9.003834452824733e-05,0.2594888536993805,0.25948802227996776,2532
1.3743009519256684,0.0049733145409857505,0.0001365802623496185,0.00530139679809931,9.003886369423172e-05,0.25948888105596396,0.2594880499960056,2533
1.3742994975864238,0.004972294845919381,0.00013655073482762544,0.0053016214103673845,9.003938098848136e-05,0.259488908313841,0.2594880776120002,2534
1.3742980485972516,0.004971278914088428,0.0001365213150667421,0.005301845206278422,9.003989639072266e-05,0.2594889354719443,0.2594881051268869,2535
1.374296604946519,0.004970266737111508,0.0001364920028444959,0.005302068187583596,9.004040989708361e-05,0.2594889625300706,0.2594881325404652,2536
1.3742951666226066,0.004969258306406488,0.00013646279795770372,0.005302290355891111,9.00409215252898e-05,0.2594889894891548,0.2594881598536733,2537
1.3742937336139092,0.004968253613381283,0.0001364337002064354,0.005302511712766674,9.004143130023609e-05,0.25948901635050947,0.25948818706782706,2538
1.3742923059088343,0.004967252649627344,0.00013640470937669531,0.005302732259857647,9.004193923481625e-05,0.2594890431148149,0.2594882141836103,2539
1.3742908834958036,0.00496625540694553,0.00013637582523712808,0.005302951998930461,9.004244532320992e-05,0.2594890697817652,0.2594882412007201,2540
1.3742894663632534,0.004965261877197838,0.00013634704755128375,0.005303170931799184,9.004294955124882e-05,0.2594890963506147,0.25948826811841336,2541
1.3742880544996325,0.004964272052130834,0.00013631837609319672,0.0053033890602195875,9.004345191298287e-05,0.2594891228210506,0.25948829493638015,2542
1.3742866478934028,0.004963285923327149,0.00013628981065239113,0.0053036063858438,9.004395241830471e-05,0.259489149193595,0.25948832165514585,2543
1.3742852465330404,0.004962303482313793,0.00013626135102506098,0.005303822910267203,9.004445108609038e-05,0.2594891754692434,0.2594883482757092,2544
1.3742838504070343,0.0049613247207188635,0.00013623299700041917,0.005304038635116691,9.004494793032474e-05,0.2594892016487334,0.2594883747988112,2545
1.3742824595038867,0.004960349630336982,0.00013620474835443155,0.005304253562100358,9.00454429518966e-05,0.2594892277321127,0.25948840122450245,2546
1.374281073812113,0.00495937820305676,0.00013617660485554215,0.0053044676929810165,9.00459361424776e-05,0.2594892537189432,0.2594884275523476,2547
1.3742796933202392,0.004958410430725829,0.00013614856627629102,0.005304681029505059,9.004642749588645e-05,0.25948927960890006,0.25948845378202484,2548
1.3742783180168088,0.004957446305074155,0.0001361206324003289,0.005304893573351837,9.004691701634429e-05,0.25948930540220644,0.25948847991376006,2549
1.3742769478903745,0.00495648581775431,0.0001360928030193983,0.005305105326143739,9.004740471706216e-05,0.25948933109955924,0.2594885059482535,2550
1.3742755829295028,0.0049555289604526764,0.00013606507792384928,0.005305316289501236,9.004789061132925e-05,0.25948935670165946,0.2594885318862095,2551
1.3742742231227718,0.0049545757249710096,0.0001360374568953591,0.005305526465091677,9.004837470456398e-05,0.25948938220879336,0.25948855772791757,2552
1.3742728684587746,0.004953626103213339,0.00013600993970768526,0.005305735854632004,9.004885699380616e-05,0.25948940762080575,0.2594885834732249,2553
1.3742715189261132,0.004952680087098906,0.00013598252613398896,0.0053059444598486365,9.00493374742898e-05,0.25948943293744625,0.2594886091218842,2554
1.3742701745134047,0.004951737668481027,0.00013595521595392764,0.005306152282432846,9.004981614676844e-05,0.25948945815875535,0.25948863467393884,2555
1.3742688352092771,0.004950798839138047,0.00013592800895470227,0.005306359324028904,9.00502930194369e-05,0.2594894832851656,0.25948866012982447,2556
1.3742675010023715,0.0049498635908359215,0.00013590090492583427,0.005306565586260827,9.005076810350008e-05,0.2594895083172681,0.2594886854901354,2557
1.374266171881339,0.004948931915403627,0.0001358739036526545,0.00530677107077123,9.005124140671479e-05,0.2594895332554723,0.25948871075528435,2558
1.3742648478348458,0.0049480038047581805,0.00013584700491395854,0.005306975779239176,9.005171293055778e-05,0.2594895580998568,0.2594887359253525,2559
1.3742635288515668,0.0049470792508646486,0.00013582020848528512,0.005307179713365009,9.005218267281943e-05,0.2594895828503059,0.2594887610002271,2560
1.3742622149201906,0.004946158245670506,0.00013579351414450366,0.005307382874838532,9.005265063286209e-05,0.2594896075067867,0.2594887859798781,2561
1.3742609060294164,0.004945240781069803,0.00013576692167499308,0.005307585265318145,9.00531168150884e-05,0.2594896320695319,0.25948881086454134,2562
1.374259602167957,0.004944326848922733,0.00013574043086407318,0.005307786886436467,9.005358122784035e-05,0.2594896565389818,0.2594888356546599,2563
1.3742583033245328,0.004943416441108402,0.00013571404149851995,0.005307987739824793,9.005404387927043e-05,0.2594896809155667,0.2594888603506675,2564
1.374257009487879,0.00494250954956529,0.00013568775336105779,0.005308187827134517,9.005450477385538e-05,0.2594897051995231,0.2594888849528036,2565
1.374255720646741,0.004941606166288358,0.00013566156623052338,0.005308387150038871,9.005496391228968e-05,0.2594897293908883,0.2594889094611082,2566
1.3742544367898752,0.004940706283290231,0.0001356354798851191,0.005308585710216022,9.005542129434394e-05,0.25948975348965103,0.2594889338755728,2567
1.3742531579060495,0.004939809892560812,0.0001356094941058538,0.0053087835093291,9.005587692214455e-05,0.25948977749592395,0.25948895819631307,2568
1.3742518839840419,0.004938916986057204,0.00013558360867744926,0.005308980549019335,9.005633080122743e-05,0.25948980140999944,0.25948898242362456,2569
1.374250615012643,0.004938027555728122,0.00013555782338628024,0.005309176830916108,9.005678293871838e-05,0.25948982523225367,0.25948900655788615,2570
1.3742493509806528,0.004937141593549843,0.00013553213801731785,0.005309372356654042,9.005723334050228e-05,0.25948984896299737,0.2594890305994118,2571
1.374248091876882,0.004936259091544259,0.00013550655235257012,0.005309567127882914,9.00576820097258e-05,0.25948987260239703,0.25948905454837085,2572
1.374246837690153,0.004935380041767374,0.00013548106617203472,0.0053097611462636,9.005812894758446e-05,0.2594898961505163,0.2594890784048297,2573
1.3742455884092981,0.0049345044362803705,0.00013545567925613879,0.0053099544134549035,9.005857415554458e-05,0.2594899196074332,0.2594891021688692,2574
1.3742443440231595,0.004933632267127356,0.00013543039138761028,0.005310146931102495,9.005901763707547e-05,0.25948994297333106,0.2594891258406758,2575
1.3742431045205914,0.004932763526336032,0.00013540520235142683,0.005310338700838325,9.0059459397641e-05,0.2594899662484985,0.2594891494205409,2576
1.3742418698904557,0.004931898205937776,0.00013538011193309793,0.0053105297242896305,9.005989944312229e-05,0.2594899894332461,0.2594891729087782,2577
1.3742406401216272,0.00493103629798965,0.00013535511991680832,0.005310720003089552,9.006033777814371e-05,0.25949001252781806,0.25948919630563483,2578
1.3742394152029893,0.0049301777945814215,0.00013533022608482064,0.005310909538881069,9.006077440553959e-05,0.25949003553236444,0.2594892196112635,2579
1.3742381951234355,0.004929322687824078,0.00013530543021845684,0.0053110983333120995,9.006120932728565e-05,0.25949005844698997,0.25948924282577196,2580
1.3742369798718694,0.004928470969830705,0.00013528073209968545,0.00531128638802655,9.006164254588663e-05,0.25949008127182727,0.2594892659492956,2581
1.3742357694372045,0.0049276226327046625,0.0001352561315121174,0.005311473704658555,9.006207406531498e-05,0.2594901040070863,0.2594892889820473,2582
1.374234563808364,0.00492677766854308,0.00013523162824066455,0.00531166028483389,9.006250389056632e-05,0.25949012665303084,0.25948931192429386,2583
1.3742333629742802,0.004925936069450887,0.00013520722207036585,0.005311846130176592,9.006293202666165e-05,0.25949014920992614,0.25948933477630337,2584
1.3742321669238957,0.0049250978275538326,0.00013518291278527442,0.005312031242315292,9.006335847762639e-05,0.2594901716779849,0.25948935753829133,2585
1.3742309756461621,0.004924262935000939,0.0001351587001682793,0.005312215622884551,9.006378324642084e-05,0.2594901940573637,0.2594893802104173,2586
1.3742297891300397,0.004923431383955933,0.0001351345840018263,0.005312399273520866,9.006420633562502e-05,0.2594902163481991,0.2594894027928207,2587
1.3742286073645003,0.004922603166585191,0.00013511056406892387,0.005312582195856943,9.006462774833737e-05,0.25949023855065495,0.25948942528566793,2588
1.3742274303385222,0.004921778275051273,0.00013508664015365163,0.005312764391518654,9.006504748854256e-05,0.25949026066494185,0.2594894476891727,2589
1.3742262580410933,0.004920956701515954,0.00013506281204088628,0.00531294586212659,9.006546556083221e-05,0.2594902826913023,0.2594894700035806,2590
1.374225090461212,0.004920138438149255,0.0001350390795155262,0.00531312660930056,9.006588196969161e-05,0.25949030462997325,0.25948949222913104,2591
1.374223927587885,0.004919323477137247,0.00013501544236183414,0.005313306634663393,9.006629671892129e-05,0.2594903264811555,0.25948951436602785,2592
1.3742227694101257,0.004918511810683117,0.00013499190036337971,0.0053134859398413945,9.006670981170757e-05,0.25949034824501754,0.2594895364144425,2593
1.37422161591696,0.004917703431001606,0.00013496845330349306,0.005313664526461569,9.006712125101981e-05,0.2594903699217164,0.25948955837453447,2594
1.3742204670974185,0.004916898330311387,0.0001349451009659073,0.005313842396147957,9.006753104022464e-05,0.2594903915114301,0.2594895802464849,2595
1.3742193229405428,0.004916096500831304,0.000134921843135038,0.00531401955051989,9.006793918322932e-05,0.25949041301436504,0.25948960203050303,2596
1.3742181834353824,0.004915297934782089,0.00013489867959581565,0.005314195991193142,9.006834568429417e-05,0.25949043443074626,0.25948962372681655,2597
1.3742170485709948,0.00491450262439193,0.00013487561013320818,0.005314371719782825,9.006875054759103e-05,0.25949045576079416,0.2594896453356489,2598
1.3742159183364453,0.004913710561901309,0.00013485263453182216,0.005314546737905803,9.00691537768894e-05,0.2594904770047079,0.259489666857202,2599
1.374214792720808,0.004912921739563748,0.0001348297525758359,0.0053147210471809776,9.006955537552784e-05,0.25949049816266395,0.2594896882916551,2600
1.3742136717131654,0.004912136149642579,0.000134806964049295,0.005314894649227492,9.006995534676076e-05,0.25949051923483435,0.259489709639183,2601
1.3742125553026068,0.004911353784406283,0.00013478426873647642,0.005315067545662423,9.007035369404384e-05,0.2594905402214017,0.2594897308999713,2602
1.374211443478231,0.00491057463612586,0.0001347616664220993,0.00531523973809959,9.007075042119956e-05,0.259490561122568,0.25948975207422453,2603
1.3742103362291422,0.004909798697075522,0.00013473915689122574,0.005315411228150242,9.007114553223268e-05,0.2594905819385448,0.2594897731621573,2604
1.374209233544455,0.004909025959535909,0.0001347167399290047,0.005315582017424851,9.007153903115973e-05,0.2594906026695442,0.2594897941639844,2605
1.3742081354132885,0.004908256415797091,0.0001346944153204035,0.005315752107534723,9.007193092174648e-05,0.2594906233157652,0.25948981507990776,2606
1.3742070418247718,0.00490749005815948,0.0001346721828501336,0.005315921500092352,9.007232120747007e-05,0.25949064387739157,0.25948983591011376,2607
1.3742059527680415,0.004906726878932109,0.0001346500423028084,0.005316090196710362,9.007270989172558e-05,0.25949066435460266,0.2594898566547846,2608
1.3742048682322394,0.004905966870429818,0.0001346279934631671,0.005316258199000043,9.007309697803768e-05,0.25949068474758474,0.2594898773141093,2609
1.374203788206515,0.004905210024971262,0.0001346060361162163,0.005316425508570446,9.007348247010822e-05,0.2594907050565334,0.2594898978882864,2610
1.3742027126800274,0.00490445633487905,0.0001345841700472182,0.00531659212702866,9.007386637182872e-05,0.2594907252816541,0.259489918377524,2611
1.3742016416419396,0.004903705792481225,0.00013456239504153807,0.005316758055980895,9.007424868709607e-05,0.2594907454231528,0.25948993878203086,2612
1.3742005750814228,0.004902958390113354,0.00013454071088447032,0.005316923297033592,9.00746294196513e-05,0.25949076548122707,0.2594899591020074,2613
1.3741995129876552,0.0049022141201192,0.00013451911736118136,0.00531708785179382,9.007500857309958e-05,0.25949078545606735,0.2594899793376468,2614
1.3741984553498217,0.004901472974850204,0.00013449761425675432,0.005317251721868791,9.007538615092917e-05,0.25949080534785796,0.2594899994891361,2615
1.3741974021571128,0.004900734946663732,0.0001344762013563274,0.005317414908864898,9.007576215666953e-05,0.25949082515678534,0.2594900195566647,2616
1.3741963533987278,0.0049000000279217255,0.00013445487844520213,0.005317577414387057,9.007613659399452e-05,0.2594908448830436,0.25949003954042904,2617
1.3741953090638699,0.004899268210990268,0.00013443364530885626,0.005317739240038669,9.007650946666872e-05,0.2594908645268315,0.25949005944063114,2618
1.3741942691417501,0.004898539488240332,0.00013441250173287702,0.005317900387422228,9.007688077851258e-05,0.2594908840883509,0.2594900792574754,2619
1.3741932336215856,0.004897813852048868,0.00013439144750285344,0.005318060858140076,9.007725053327185e-05,0.25949090356779964,0.2594900989911624,2620
1.3741922024925994,0.004897091294799559,0.0001343704824043178,0.005318220653794809,9.007761873460068e-05,0.2594909229653707,0.25949011864188787,2621
1.374191175744021,0.004896371808882705,0.0001343496062227472,0.00531837977598915,9.007798538606369e-05,0.25949094228125236,0.2594901382098429,2622
1.374190153365085,0.004895655386694334,0.0001343288187436353,0.005318538226325394,9.00783504912235e-05,0.25949096151563283,0.2594901576952185,2623
1.374189135345033,0.004894942020635288,0.0001343081197525598,0.0053186960064049065,9.007871405370496e-05,0.2594909806687036,0.2594901770982087,2624
1.3741881216731116,0.004894231703110636,0.0001342875090352227,0.005318853117827936,9.007907607721724e-05,0.2594909997406605,0.25949019641901233,2625
1.3741871123385736,0.004893524426529872,0.00013426698637741612,0.005319009562193879,9.007943656548758e-05,0.2594910187317004,0.25949021565782887,2626
1.3741861073306771,0.004892820183307434,0.0001342465515649867,0.005319165341101752,9.00797955222843e-05,0.2594910376420223,0.2594902348148601,2627
1.3741851066386868,0.004892118965863281,0.0001342262043837542,0.005319320456150589,9.008015295126835e-05,0.2594910564718196,0.25949025389030195,2628
1.3741841102518702,0.004891420766622967,0.0001342059446195206,0.005319474908939482,9.008050885606493e-05,0.2594910752212837,0.25949027288434884,2629
1.3741831181595023,0.004890725578017358,0.00013418577205808125,0.005319628701067362,9.00808632402624e-05,0.2594910938906041,0.259490291797193,2630
1.3741821303508637,0.004890033392482002,0.0001341656864852727,0.005319781834132614,9.008121610747345e-05,0.25949111247997164,0.2594903106290278,2631
1.3741811468152385,0.004889344202456611,0.00013414568768700897,0.005319934309732876,9.008156746136244e-05,0.2594911309895798,0.25949032938004957,2632
1.3741801675419167,0.004888658000384952,0.00013412577544927334,0.005320086129465086,9.008191730561278e-05,0.25949114941962315,0.25949034805045557,2633
1.3741791925201934,0.004887974778715011,0.0001341059495581089,0.005320237294925707,9.00822656439459e-05,0.2594911677702981,0.25949036664044506,2634
1.3741782217393683,0.0048872945298992915,0.0001340862097995711,0.005320387807711051,9.008261248005374e-05,0.2594911860417997,0.2594903851502155,2635
1.3741772551887463,0.004886617246395077,0.00013406655595971125,0.005320537669417439,9.008295781758623e-05,0.25949120423432065,0.25949040357996256,2636
1.374176292857636,0.004885942920664222,0.00013404698782457536,0.005320686881641121,9.008330166017221e-05,0.25949122234805255,0.2594904219298805,2637
1.3741753347353516,0.004885271545173011,0.00013402750518022122,0.005320835445978129,9.008364401140799e-05,0.25949124038318533,0.259490440200162,2638
1.3741743808112108,0.004884603112391549,0.00013400810781275294,0.005320983364024027,9.00839848749489e-05,0.259491258339912,0.2594904583910027,2639
1.3741734310745373,0.004883937614793778,0.00013398879550832193,0.005321130637373887,9.008432425444933e-05,0.2594912762184255,0.2594904765025983,2640
1.3741724855146578,0.0048832750448572744,0.00013396956805312478,0.005321277267622353,9.008466215359213e-05,0.2594912940189203,0.2594904945351459,2641
1.3741715441209026,0.004882615395063371,0.00013395042523338635,0.00532142325636384,9.00849985760571e-05,0.2594913117415907,0.25949051248884264,2642
1.3741706068826083,0.0048819586578973655,0.00013393136683534628,0.005321568605192695,9.008533352552621e-05,0.25949132938663105,0.25949053036388553,2643
1.3741696737891131,0.004881304825848472,0.00013391239264523848,0.00532171331570325,9.008566700564141e-05,0.2594913469542337,0.2594905481604696,2644
1.3741687448297617,0.00488065389140972,0.00013389350244929989,0.0053218573894897635,9.008599902002155e-05,0.2594913644445897,0.25949056587878855,2645
1.3741678199939,0.004880005847077748,0.0001338746960337875,0.005322000828146317,9.00863295723056e-05,0.25949138185789117,0.2594905835190373,2646
1.3741668992708798,0.004879360685352547,0.00013385597318498372,0.005322143633266699,9.008665866614097e-05,0.2594913991943307,0.259490601081411,2647
1.3741659826500547,0.004878718398737344,0.00013383733368920044,0.005322285806444395,9.008698630516358e-05,0.2594914164541002,0.2594906185661044,2648
1.374165070120784,0.004878078979738484,0.000133818777332787,0.0053224273492726605,9.008731249307365e-05,0.259491433637395,0.2594906359733155,2649
1.3741641616724285,0.004877442420865609,0.00013380030390209763,0.005322568263344667,9.008763723353778e-05,0.25949145074440877,0.25949065330324045,2650
1.3741632572943534,0.004876808714631599,0.00013378191318349326,0.005322708550253577,9.008796053020787e-05,0.2594914677753342,0.2594906705560749,2651
1.374162356975927,0.004876177853552592,0.00013376360496333235,0.005322848211592572,9.008828238672007e-05,0.2594914847303633,0.2594906877320134,2652
1.374161460706521,0.004875549830147777,0.00013374537902798272,0.005322987248954814,9.008860280672322e-05,0.2594915016096887,0.2594907048312512,2653
1.374160568475509,0.004874924636939315,0.0001337272351638174,0.005323125663933376,9.008892179385043e-05,0.25949151841350215,0.259490721853983,2654
1.3741596802722693,0.004874302266452113,0.0001337091731572287,0.0053232634581211954,9.008923935175808e-05,0.2594915351419967,0.25949073880040424,2655
1.3741587960861825,0.004873682711213815,0.00013369119279462073,0.00532340063311108,9.008955548409307e-05,0.2594915517953648,0.2594907556707102,2656
1.3741579159066313,0.004873065963754674,0.00013367329386241195,0.005323537190495765,9.00898701945161e-05,0.2594915683737998,0.259490772465097,2657
1.3741570397230025,0.004872452016607583,0.00013365547614703103,0.005323673131867986,9.009018348670898e-05,0.2594915848774959,0.2594907891837613,2658
1.3741561675246843,0.00487184086230802,0.000133637739434897,0.005323808458820549,9.009049536431462e-05,0.2594916013066455,0.25949080582689826,2659
1.3741552993010682,0.004871232493394052,0.00013362008351242968,0.005323943172946332,9.00908058309791e-05,0.259491617661441,0.25949082239470295,2660
1.3741544350415467,0.00487062690240619,0.00013360250816604716,0.005324077275838289,9.009111489035075e-05,0.25949163394207503,0.2594908388873708,2661
1.3741535747355178,0.004870024081887278,0.00013358501318216568,0.00532421076908939,9.00914225460768e-05,0.25949165014874004,0.2594908553050966,2662
1.374152718372378,0.004869424024382333,0.0001335675983472066,0.005324343654292608,9.009172880179618e-05,0.2594916662816281,0.25949087164807544,2663
1.3741518659415284,0.004868826722438543,0.00013355026344759444,0.005324475933040941,9.009203366116786e-05,0.2594916823409324,0.25949088791650304,2664
1.3741510174323721,0.004868232168605122,0.00013353300826975692,0.0053246076069274235,9.009233712786567e-05,0.25949169832684676,0.25949090411057585,2665
1.3741501728343126,0.004867640355433309,0.00013351583260011365,0.005324738677545191,9.009263920553605e-05,0.2594917142395637,0.25949092023048914,2666
1.3741493321367566,0.004867051275476381,0.0001334987362250757,0.0053248691464875255,9.009293989783501e-05,0.2594917300792761,0.2594909362764385,2667
1.3741484953291132,0.004866464921289468,0.0001334817189310525,0.005324999015347868,9.009323920843756e-05,0.259491745846178,0.2594909522486203,2668
1.3741476624007916,0.004865881285429579,0.00013346478050442977,0.005325128285719825,9.00935371409703e-05,0.2594917615404608,0.2594909681472289,2669
1.3741468333412032,0.00486530036045545,0.00013344792073159166,0.005325256959197135,9.009383369908835e-05,0.2594917771623173,0.25949098397245973,2670
1.3741460081397612,0.004864722138927426,0.00013343113939891428,0.005325385037373675,9.009412888644901e-05,0.2594917927119406,0.2594909997245085,2671
1.37414518678588,0.0048641466134074374,0.00013341443629276423,0.005325512521843458,9.009442270670851e-05,0.25949180818952367,0.2594910154035709,2672
1.3741443692689754,0.004863573776458848,0.00013339781119949467,0.0053256394142006495,9.009471516351374e-05,0.2594918235952589,0.259491031009842,2673
1.374143555578465,0.004863003620646477,0.0001333812639054573,0.005325765716039618,9.009500626055585e-05,0.25949183892934113,0.2594910465435191,2674
1.374142745703767,0.0048624361385365055,0.00013336479419696982,0.005325891428954964,9.009529600146914e-05,0.25949185419196213,0.2594910620047967,2675
1.3741419396343004,0.004861871322696454,0.00013334840186034848,0.005326016554541533,9.009558438993963e-05,0.2594918693833164,0.25949107739387206,2676
1.374141137359485,0.004861309165695075,0.0001333320866818744,0.005326141094394432,9.009587142960069e-05,0.2594918845035957,0.2594910927109396,2677
1.374140338868743,0.0048607496601022525,0.0001333158484478152,0.005326265050109023,9.00961571241068e-05,0.2594918995529929,0.2594911079561947,2678
1.3741395441514959,0.004860192798488919,0.00013329968694442417,0.005326388423280908,9.009644147713149e-05,0.2594919145317018,0.25949112312983386,2679
1.374138753197166,0.004859638573427007,0.00013328360195792802,0.005326511215505946,9.00967244923241e-05,0.25949192943991495,0.2594911382320523,2680
1.3741379659951771,0.004859086977489292,0.0001332675932745384,0.005326633428380261,9.009700617335928e-05,0.2594919442778263,0.2594911532630466,2681
1.3741371825349529,0.004858538003249445,0.00013325166068043807,0.005326755063500285,9.009728652389389e-05,0.2594919590456288,0.2594911682230124,2682
1.374136402805917,0.004857991643281917,0.00013323580396178717,0.005326876122462763,9.009756554759846e-05,0.25949197374351607,0.259491183112146,2683
1.3741356267974945,0.004857447890161865,0.0001332200229047159,0.005326996606864792,9.00978432481373e-05,0.2594919883716815,0.2594911979306434,2684
1.3741348544991108,0.004856906736465099,0.00013320431729532602,0.005327116518303804,9.009811962918003e-05,0.25949200293031877,0.2594912126787007,2685
1.3741340859001896,0.004856368174767975,0.00013318868691968814,0.00532723585837761,9.009839469438264e-05,0.2594920174196207,0.2594912273565137,2686
1.374133320990156,0.004855832197647372,0.00013317313156384466,0.00532735462868436,9.00986684474222e-05,0.2594920318397813,0.2594912419642789,2687
1.3741325597584355,0.004855298797680512,0.00013315765101380364,0.005327472830822593,9.009894089195479e-05,0.25949204619099353,0.25949125650219196,2688
1.3741318021944526,0.004854767967445009,0.00013314224505554313,0.00532759046639121,9.009921203165762e-05,0.25949206047345136,0.2594912709704494,2689
1.374131048287632,0.004854239699518707,0.00013312691347500529,0.005327707536989521,9.009948187019528e-05,0.25949207468734814,0.2594912853692472,2690
1.3741302980273977,0.004853713986479662,0.0001331116560580998,0.005327824044217236,9.009975041124193e-05,0.2594920888328777,0.2594912996987821,2691
1.3741295514031742,0.004853190820906034,0.0001330964725906969,0.005327939989674506,9.010001765847701e-05,0.2594921029102342,0.2594913139592505,2692
1.3741288084043843,0.004852670195376076,0.00013308136285862732,0.0053280553749619295,9.01002836155811e-05,0.2594921169196118,0.2594913281508494,2693
1.3741280690204503,0.0048521521024680395,0.00013306632664767756,0.005328170201680579,9.010054828621372e-05,0.2594921308612036,0.2594913422737747,2694
1.3741273332407957,0.0048516365347601054,0.00013305136374359245,0.005328284471431987,9.010081167404289e-05,0.25949214473520305,0.2594913563282221,2695
1.3741266010548407,0.004851123484830269,0.00013303647393208352,0.005328398185818158,9.010107378277145e-05,0.2594921585418055,0.25949137031439,2696
1.3741258724520067,0.00485061294525629,0.00013302165699880742,0.0053285113464415865,9.01013346160633e-05,0.2594921722812043,0.25949138423247403,2697
1.3741251474217124,0.004850104908615638,0.0001330069127293799,0.005328623954905257,9.010159417759292e-05,0.25949218595359325,0.25949139808267085,2698
1.3741244259533767,0.004849599367485397,0.0001329922409093733,0.005328736012812672,9.010185247105488e-05,0.25949219955916725,0.259491411865178,2699
1.3741237080364168,0.004849096314442222,0.00013297764132430643,0.005328847521767864,9.010210950012163e-05,0.25949221309812004,0.2594914255801917,2700
1.374122993660249,0.004848595742062264,0.0001329631137596517,0.005328958483375409,9.010236526848467e-05,0.25949222657064636,0.25949143922790946,2701
1.3741222828142883,0.004848097642921096,0.0001329486580008269,0.005329068899240447,9.010261977982396e-05,0.2594922399769403,0.259491452808528,2702
1.3741215754879472,0.004847602009593657,0.00013293427383319903,0.005329178770968682,9.01028730378258e-05,0.2594922533171964,0.25949146632224446,2703
1.3741208716706392,0.004847108834654165,0.00013291996104207806,0.005329288100166402,9.010312504617761e-05,0.25949226659160907,0.2594914797692558,2704
1.3741201713517728,0.004846618110676038,0.00013290571941272246,0.005329396888440485,9.010337580856579e-05,0.2594922798003728,0.25949149314975944,2705
1.3741194745207586,0.004846129830231845,0.00013289154873033266,0.005329505137398406,9.010362532869155e-05,0.25949229294368287,0.2594915064639529,2706
1.3741187811670024,0.004845643985893197,0.00013287744878005364,0.0053296128486482455,9.010387361024457e-05,0.25949230602173384,0.25949151971203366,2707
1.3741180912799096,0.004845160570230739,0.00013286341934696377,0.005329720023798724,9.010412065691456e-05,0.25949231903472036,0.2594915328941988,2708
1.374117404848883,0.004844679575814041,0.00013284946021608666,0.005329826664459199,9.010436647239546e-05,0.2594923319828373,0.25949154601064595,2709
1.3741167218633237,0.004844200995211532,0.00013283557117238308,0.005329932772239687,9.010461106039397e-05,0.2594923448662801,0.2594915590615733,2710
1.3741160423126308,0.0048437248209904395,0.00013282175200074426,0.005330038348750869,9.010485442459885e-05,0.25949235768524337,0.2594915720471779,2711
1.3741153661862011,0.00484325104571675,0.00013280800248600076,0.0053301433956041075,9.01050965687116e-05,0.25949237043992235,0.2594915849676577,2712
1.3741146934734296,0.004842779661955071,0.00013279432241291558,0.005330247914411459,9.010533749644008e-05,0.2594923831305126,0.25949159782321074,2713
1.3741140241637069,0.004842310662268611,0.0001327807115661827,0.005330351906785669,9.010557721148056e-05,0.25949239575720906,0.259491610614035,2714
1.3741133582464238,0.004841844039219083,0.00013276716973042646,0.005330455374340206,9.010581571753786e-05,0.25949240832020715,0.2594916233403281,2715
1.374112695710967,0.004841379785366686,0.00013275369669020167,0.005330558318689267,9.010605301833153e-05,0.25949242081970303,0.259491636002289,2716
1.3741120365467205,0.0048409178932699685,0.00013274029222998994,0.005330660741447781,9.010628911756749e-05,0.25949243325589216,0.2594916486001158,2717
1.3741113807430663,0.0048404583554858315,0.00013272695613419623,0.005330762644231434,9.010652401894962e-05,0.2594924456289699,0.25949166113400657,2718
1.374110728289383,0.004840001164569398,0.0001327136881871516,0.00533086402865668,9.010675772619127e-05,0.25949245793913206,0.2594916736041596,2719
1.3741100791750458,0.004839546313073989,0.00013270048817311123,0.005330964896340742,9.010699024301326e-05,0.2594924701865749,0.2594916860107739,2720
1.3741094333894284,0.004839093793551018,0.00013268735587625223,0.005331065248901644,9.010722157313645e-05,0.25949248237149464,0.2594916983540483,2721
1.3741087909218994,0.004838643598549981,0.00013267429108066505,0.005331165087958205,9.010745172026064e-05,0.2594924944940864,0.2594917106341806,2722
1.3741081517618263,0.004838195720618333,0.00013266129357036917,0.005331264415130054,9.010768068812256e-05,0.25949250655454725,0.2594917228513704,2723
1.3741075158985718,0.0048377501523014085,0.0001326483631292918,0.005331363232037644,9.010790848043161e-05,0.2594925185530728,0.25949173500581596,2724
1.3741068833214958,0.004837306886142429,0.00013263549954128456,0.005331461540302269,9.010813510092566e-05,0.2594925304898602,0.25949174709771716,2725
1.374106254019954,0.004836865914682361,0.00013262270259010588,0.005331559341546067,9.01083605533205e-05,0.2594925423651054,0.25949175912727257,2726
1.3741056279833002,0.004836427230459906,0.00013260997205943444,0.00533165663739204,9.010858484136357e-05,0.25949255417900596,0.25949177109468236,2727
1.3741050052008832,0.00483599082601139,0.00013259730773285022,0.005331753429464072,9.010880796876337e-05,0.2594925659317575,0.25949178300014464,2728
1.3741043856620478,0.004835556693870725,0.00013258470939385178,0.0053318497193869194,9.01090299392685e-05,0.2594925776235577,0.25949179484386,2729
1.3741037693561362,0.004835124826569353,0.0001325721768258399,0.005331945508786256,9.010925075660962e-05,0.2594925892546033,0.2594918066260276,2730
1.3741031562724852,0.004834695216636151,0.00013255970981212369,0.005332040799288652,9.01094704245207e-05,0.2594926008250911,0.2594918183468472,2731
1.3741025464004297,0.0048342678565973345,0.00013254730813591766,0.005332135592521609,9.01096889467388e-05,0.2594926123352183,0.2594918300065181,2732
1.3741019397292986,0.004833842738976468,0.00013253497158034267,0.005332229890113544,9.010990632701058e-05,0.2594926237851824,0.25949184160524086,2733
1.3741013362484171,0.004833419856294345,0.00013252269992842066,0.005332323693693835,9.011012256908271e-05,0.25949263517518095,0.25949185314321566,2734
1.3741007359471067,0.004832999201068935,0.0001325104929630706,0.005332417004892815,9.011033767668927e-05,0.2594926465054109,0.2594918646206419,2735
1.374100138814684,0.004832580765815337,0.00013249835046711517,0.0053325098253417845,9.011055165358859e-05,0.25949265777607033,0.25949187603772045,2736
1.3740995448404616,0.004832164543045675,0.00013248627222327606,0.005332602156673028,9.011076450354012e-05,0.25949266898735757,0.2594918873946521,2737
1.374098954013747,0.0048317505252690775,0.0001324742580141664,0.00533269400051983,9.01109762302886e-05,0.25949268013947,0.2594918986916372,2738
1.3740983663238435,0.004831338704991586,0.00013246230762229352,0.005332785358516477,9.011118683758615e-05,0.25949269123260554,0.259491909928876,2739
1.37409778176005,0.0048309290747161,0.00013245042083006307,0.005332876232298274,9.011139632919656e-05,0.2594927022669626,0.25949192110656955,2740
1.374097200311659,0.004830521626942283,0.00013243859741976876,0.005332966623501563,9.011160470887835e-05,0.2594927132427393,0.25949193222491906,2741
1.374096621967961,0.0048301163541665144,0.00013242683717359468,0.005333056533763707,9.011181198039223e-05,0.259492724160134,0.25949194328412495,2742
1.3740960467182388,0.004829713248881867,0.00013241513987361658,0.005333145964723146,9.011201814750735e-05,0.25949273501934544,0.2594919542843889,2743
1.374095474551771,0.0048293123035779845,0.00013240350530179456,0.00533323491801937,9.011222321399078e-05,0.2594927458205722,0.2594919652259122,2744
1.3740949054578322,0.004828913510741029,0.00013239193323997536,0.005333323395292956,9.01124271836181e-05,0.2594927565640133,0.25949197610889646,2745
1.37409433942569,0.004828516862853615,0.00013238042346988847,0.005333411398185562,9.01126300601512e-05,0.2594927672498672,0.25949198693354275,2746
1.3740937764446084,0.004828122352394804,0.00013236897577315003,0.005333498928339959,9.011283184738361e-05,0.2594927778783338,0.2594919977000536,2747
1.3740932165038453,0.004827729971839938,0.0001323575899312519,0.005333585987400018,9.011303254908045e-05,0.25949278844961166,0.25949200840863007,2748
1.3740926595926513,0.004827339713660678,0.0001323462657255686,0.005333672577010748,9.011323216902905e-05,0.25949279896390043,0.25949201905947494,2749
1.3740921057002748,0.004826951570324849,0.00013233500293735313,0.005333758698818288,9.01134307110146e-05,0.2594928094213997,0.25949202965279,2750
1.3740915548159562,0.004826565534296429,0.00013232380134773288,0.005333844354469929,9.011362817881816e-05,0.25949281982230876,0.2594920401887774,2751
1.374091006928931,0.0048261815980354915,0.00013231266073771177,0.005333929545614117,9.011382457623029e-05,0.2594928301668275,0.2594920506676397,2752
1.3740904620284284,0.004825799753998117,0.0001323015808881671,0.005334014273900471,9.011401990704687e-05,0.259492840455156,0.2594920610895795,2753
1.374089920103672,0.004825419994636301,0.0001322905615798507,0.005334098540979789,9.011421417506908e-05,0.2594928506874947,0.2594920714548,2754
1.3740893811438795,0.004825042312397995,0.00013227960259337804,0.005334182348504078,9.01144073840844e-05,0.2594928608640433,0.2594920817635035,2755
1.374088845138262,0.004824666699726929,0.00013226870370924013,0.005334265698126543,9.011459953789727e-05,0.25949287098500223,0.2594920920158933,2756
1.3740883120760257,0.004824293149062592,0.00013225786470779066,0.0053343485915016125,9.011479064031422e-05,0.2594928810505723,0.25949210221217245,2757
1.3740877819463688,0.004823921652840204,0.00013224708536925382,0.005334431030284935,9.011498069513657e-05,0.2594928910609538,0.25949211235254427,2758
1.3740872547384837,0.004823552203490568,0.00013223636547371597,0.005334513016133415,9.011516970618255e-05,0.2594929010163481,0.2594921224372128,2759
1.374086730441558,0.004823184793440143,0.00013222570480112512,0.005334594550705204,9.011535767726618e-05,0.2594929109169562,0.2594921324663814,2760
1.37408620904477,0.0048228194151108275,0.0001322151031312896,0.005334675635659718,9.011554461218466e-05,0.2594929207629783,0.2594921424402533,2761
1.3740856905372938,0.004822456060919981,0.00013220456024388283,0.005334756272657653,9.011573051478053e-05,0.259492930554617,0.25949215235903345,2762
1.3740851749082956,0.004822094723280389,0.00013219407591842975,0.005334836463360993,9.011591538885952e-05,0.2594929402920728,0.25949216222292526,2763
1.3740846621469351,0.004821735394600116,0.0001321836499343178,0.005334916209433019,9.01160992382558e-05,0.25949294997554795,0.2594921720321335,2764
1.3740841522423652,0.004821378067282491,0.0001321732820707858,0.005334995512538325,9.011628206679516e-05,0.25949295960524404,0.2594921817868625,2765
1.3740836451837317,0.004821022733726092,0.0001321629721069275,0.005335074374342834,9.01164638783045e-05,0.25949296918136283,0.25949219148731667,2766
1.3740831409601737,0.004820669386324584,0.0001321527198216888,0.005335152796513792,9.011664467662442e-05,0.25949297870410676,0.2594922011337011,2767
1.3740826395608228,0.004820318017466733,0.0001321425249938672,0.005335230780719804,9.011682446559347e-05,0.25949298817367816,0.25949221072622086,2768
1.3740821409748039,0.004819968619536318,0.0001321323874021058,0.005335308328630824,9.011700324904492e-05,0.2594929975902791,0.2594922202650806,2769
1.3740816451912337,0.004819621184912054,0.0001321223068248988,0.005335385441918186,9.011718103083005e-05,0.2594930069541126,0.2594922297504862,2770
1.3740811521992229,0.004819275705967605,0.00013211228304058453,0.005335462122254589,9.011735781479275e-05,0.25949301626538124,0.25949223918264275,2771
1.3740806619878734,0.004818932175071393,0.0001321023158273467,0.005335538371314135,9.011753360478959e-05,0.2594930255242883,0.2594922485617563,2772
1.3740801745462807,0.004818590584586682,0.0001320924049632092,0.005335614190772327,9.011770840465929e-05,0.2594930347310362,0.2594922578880318,2773
1.3740796898635321,0.004818250926871382,0.00013208255022604357,0.00533568958230608,9.011788221827641e-05,0.25949304388582906,0.2594922671616763,2774
1.3740792079287072,0.004817913194278093,0.00013207275139355486,0.005335764547593737,9.011805504949341e-05,0.25949305298887,0.25949227638289546,2775
1.3740787287308778,0.004817577379154006,0.0001320630082432892,0.005335839088315078,9.01182269021712e-05,0.2594930620403625,0.2594922855518955,2776
1.3740782522591082,0.004817243473840833,0.00013205332055262934,0.005335913206151339,9.011839778019076e-05,0.2594930710405111,0.2594922946688836,2777
1.3740777785024547,0.004816911470674739,0.00013204368809879285,0.005335986902785206,9.011856768740993e-05,0.2594930799895192,0.25949230373406584,2778
1.3740773074499653,0.004816581361986352,0.00013203411065883174,0.0053360601799008435,9.011873662771501e-05,0.2594930888875916,0.2594923127476498,2779
1.37407683909068,0.004816253140100603,0.00013202458800962795,0.0053361330391839,9.011890460497442e-05,0.2594930977349322,0.25949232170984193,2780
1.3740763734136299,0.004815926797336704,0.00013201511992789783,0.005336205482321512,9.011907162307348e-05,0.25949310653174573,0.25949233062085,2781
1.3740759104078397,0.004815602326008153,0.00013200570619018373,0.005336277511002323,9.011923768589647e-05,0.259493115278237,0.2594923394808811,2782
1.3740754500623242,0.004815279718422549,0.00013199634657285478,0.005336349126916502,9.011940279732774e-05,0.25949312397461066,0.2594923482901427,2783
1.3740749923660907,0.00481495896688167,0.00013198704085211235,0.005336420331755729,9.011956696126953e-05,0.25949313262107243,0.2594923570488433,2784
1.3740745373081364,0.004814640063681297,0.00013197778880397505,0.005336491127213238,9.011973018161043e-05,0.25949314121782724,0.2594923657571906,2785
1.3740740848774513,0.004814323001111219,0.00013196859020429084,0.005336561514983798,9.011989246225385e-05,0.2594931497650808,0.25949237441539297,2786
1.374073635063017,0.004814007771455179,0.00013195944482872265,0.0053366314967637565,9.012005380709791e-05,0.2594931582630386,0.2594923830236584,2787
1.374073187853805,0.004813694366990767,0.00013195035245276064,0.005336701074251018,9.012021422005552e-05,0.2594931667119068,0.25949239158219606,2788
1.3740727432387798,0.00481338277998943,0.00013194131285170773,0.005336770249145082,9.012037370503862e-05,0.2594931751118916,0.25949240009121466,2789
1.3740723012068947,0.004813073002716334,0.00013193232580068517,0.005336839023147042,9.012053226595487e-05,0.259493183463199,0.259492408550923,2790
1.3740718617470955,0.004812765027430377,0.00013192339107463176,0.005336907397959591,9.012068990673311e-05,0.25949319176603597,0.25949241696153075,2791
1.3740714248483186,0.0048124588463840864,0.00013191450844829541,0.005336975375287045,9.01208466312769e-05,0.2594932000206083,0.2594924253232465,2792
1.3740709904994919,0.004812154451823578,0.00013190567769624307,0.005337042956835343,9.01210024435288e-05,0.2594932082271237,0.2594924336362805,2793
1.374070558689533,0.004811851835988484,0.00013189689859285084,0.0053371101443120674,9.012115734742509e-05,0.25949321638578965,0.25949244190084303,2794
1.3740701294073503,0.0048115509911119255,0.00013188817091230103,0.005337176939426442,9.012131134689258e-05,0.2594932244968131,0.2594924501171439,2795
1.3740697026418434,0.004811251909420428,0.000131879494428582,0.005337243343889361,9.01214644458497e-05,0.2594932325604006,0.25949245828539214,2796
1.3740692783819017,0.004810954583133856,0.00013187086891549614,0.005337309359413383,9.012161664825915e-05,0.2594932405767609,0.2594924664057995,2797
1.374068856616406,0.004810659004465403,0.00013186229414664566,0.005337374987712752,9.012176795806365e-05,0.2594932485461018,0.25949247447857626,2798
1.374068437334227,0.004810365165621498,0.00013185376989543668,0.0053374402305034025,9.012191837920696e-05,0.25949325646863114,0.25949248250393314,2799
1.3740680205242248,0.00481007305880172,0.00013184529593507775,0.005337505089502983,9.012206791564348e-05,0.25949326434455733,0.2594924904820813,2800
1.374067606175251,0.004809782676198805,0.00013183687203857804,0.005337569566430842,9.012221657133388e-05,0.2594932721740891,0.2594924984132321,2801
1.3740671942761469,0.004809494009998568,0.00013182849797874446,0.005337633663008066,9.012236435023786e-05,0.25949327995743504,0.25949250629759696,2802
1.374066784815744,0.004809207052379827,0.00013182017352818246,0.005337697380957483,9.012251125632249e-05,0.2594932876948043,0.25949251413538765,2803
1.3740663777828626,0.004808921795514351,0.0001318118984592948,0.0053377607220036465,9.012265729356436e-05,0.25949329538640636,0.25949252192681665,2804
1.374065973166315,0.004808638231566823,0.000131803672544274,0.005337823687872891,9.012280246592745e-05,0.25949330303245016,0.2594925296720954,2805
1.374065570954901,0.0048083563526947655,0.00013179549555511176,0.005337886280293307,9.012294677740314e-05,0.259493310633146,0.25949253737143707,2806
1.3740651711374126,0.004808076151048514,0.00013178736726358352,0.005337948500994777,9.01230902319597e-05,0.259493318188703,0.2594925450250534,2807
1.3740647737026286,0.004807797618771101,0.00013177928744126022,0.005338010351708965,9.012323283359067e-05,0.25949332569933165,0.25949255263315785,2808
1.3740643786393205,0.004807520747998276,0.00013177125585949796,0.005338071834169335,9.012337458627593e-05,0.2594933331652416,0.25949256019596256,2809
1.3740639859362465,0.004807245530858388,0.0001317632722894446,0.005338132950111166,9.01235154940291e-05,0.25949334058664436,0.259492567713682,2810
1.3740635955821559,0.0048069719594723715,0.0001317553365020266,0.00533819370127156,9.012365556082803e-05,0.25949334796374957,0.2594925751865286,2811
1.374063207565787,0.004806700025953641,0.00013174744826796283,0.005338254089389445,9.012379479069374e-05,0.2594933552967691,0.25949258261471675,2812
1.3740628218758673,0.004806429722408139,0.00013173960735774824,0.0053383141162056,9.012393318763154e-05,0.259493362585914,0.2594925899984605,2813
1.3740624385011129,0.004806161040934152,0.00013173181354166028,0.005338373783462655,9.012407075565094e-05,0.25949336983139554,0.2594925973379738,2814
1.3740620574302302,0.004805893973622329,0.00013172406658975715,0.005338433092905106,9.012420749876671e-05,0.2594933770334253,0.259492604633471,2815
1.3740616786519138,0.004805628512555632,0.00013171636627187363,0.005338492046279326,9.012434342100216e-05,0.25949338419221524,0.25949261188516687,2816
1.3740613021548476,0.004805364649809281,0.0001317087123576221,0.005338550645333574,9.012447852638791e-05,0.25949339130797777,0.25949261909327653,2817
1.3740609279277043,0.004805102377450662,0.0001317011046163885,0.005338608891818003,9.012461281894098e-05,0.25949339838092456,0.2594926262580145,2818
1.374060555959145,0.004804841687539289,0.00013169354281733514,0.005338666787484668,9.012474630271314e-05,0.2594934054112691,0.259492633379597,2819
1.374060186237821,0.004804582572126767,0.0001316860267293935,0.005338724334087551,9.012487898172458e-05,0.2594934123992232,0.25949264045823855,2820
1.3740598187523698,0.004804325023256741,0.00013167855612127128,0.005338781533382547,9.012501086003663e-05,0.25949341934500086,0.2594926474941562,2821
1.37405945349142,0.0048040690329648195,0.00013167113076143755,0.005338838387127507,9.012514194168534e-05,0.2594934262488148,0.25949265448756514,2822
1.3740590904435868,0.004803814593278524,0.00013166375041813696,0.005338894897082207,9.012527223073207e-05,0.2594934331108789,0.25949266143868227,2823
1.3740587295974753,0.004803561696217276,0.00013165641485937392,0.0053389510650084055,9.012540173122555e-05,0.2594934399314066,0.2594926683477237,2824
1.374058370941678,0.0048033103337922906,0.00013164912385292413,0.005339006892669811,9.012553044723248e-05,0.25949344671061214,0.25949267521490665,2825
1.3740580144647767,0.004803060498006528,0.00013164187716632083,0.005339062381832117,9.012565838281639e-05,0.2594934534487096,0.2594926820404477,2826
1.3740576601553398,0.004802812180854715,0.0001316346745668651,0.005339117534263007,9.012578554205032e-05,0.2594934601459136,0.2594926888245645,2827
1.3740573080019254,0.004802565374323175,0.00013162751582161602,0.0053391723517321596,9.012591192901368e-05,0.2594934668024391,0.25949269556747473,2828
1.3740569579930793,0.004802320070389911,0.00013162040069738818,0.005339226836011269,9.012603754777637e-05,0.25949347341850054,0.2594927022693956,2829
1.374056610117334,0.004802076261024422,0.00013161332896076134,0.005339280988874043,9.01261624024326e-05,0.2594934799943136,0.2594927089305458,2830
1.3740562643632124,0.004801833938187721,0.00013160630037806735,0.0053393348120962135,9.012628649707026e-05,0.2594934865300937,0.2594927155511433,2831
1.3740559207192236,0.0048015930938323,0.00013159931471539335,0.005339388307455568,9.01264098357836e-05,0.2594934930260565,0.2594927221314067,2832
1.3740555791738638,0.004801353719902033,0.00013159237173858087,0.00533944147673193,9.01265324226721e-05,0.25949349948241807,0.25949272867155493,2833
1.3740552397156187,0.0048011158083321615,0.00013158547121322413,0.005339494321707184,9.01266542618427e-05,0.25949350589939474,0.2594927351718071,2834
1.374054902332961,0.004800879351049212,0.00013157861290466602,0.005339546844165289,9.012677535740763e-05,0.2594935122772032,0.25949274163238273,2835
1.37405456701435,0.004800644339970962,0.0001315717965780007,0.005339599045892276,9.012689571347385e-05,0.2594935186160598,0.25949274805350103,2836
1.3740542337482347,0.0048004107670064095,0.00013156502199806753,0.005339650928676276,9.012701533415991e-05,0.25949352491618155,0.2594927544353817,2837
1.3740539025230485,0.004800178624055664,0.00013155828892945587,0.005339702494307507,9.012713422358971e-05,0.25949353117778573,0.25949276077824507,2838
1.3740535733272152,0.004799947903009969,0.0001315515971365,0.005339753744578302,9.012725238590398e-05,0.2594935374010905,0.25949276708231195,2839
1.3740532461491433,0.004799718595751607,0.00013154494638327498,0.005339804681283114,9.012736982521926e-05,0.2594935435863127,0.2594927733478022,2840
1.3740529209772305,0.004799490694153825,0.00013153833643360184,0.00533985530621851,9.012748654568688e-05,0.2594935497336711,0.25949277957493727,2841
1.3740525977998606,0.004799264190080868,0.00013153176705103816,0.005339905621183219,9.012760255143499e-05,0.2594935558433832,0.2594927857639376,2842
1.3740522766054049,0.004799039075387856,0.000131525237998888,0.005339955627978101,9.012771784663394e-05,0.25949356191566864,0.2594927919150256,2843
1.3740519573822216,0.0047988153419207865,0.0001315187490401854,0.005340005328406181,9.012783243541824e-05,0.2594935679507453,0.259492798028422,2844
1.3740516401186553,0.004798592981516416,0.0001315122999377094,0.005340054724272641,9.012794632196462e-05,0.2594935739488332,0.25949280410434983,2845
1.3740513248030384,0.004798371986002291,0.0001315058904539675,0.0053401038173848505,9.012805951041816e-05,0.25949357991015076,0.2594928101430302,2846
1.3740510114236892,0.004798152347196651,0.00013149952035120614,0.005340152609552365,9.012817200495981e-05,0.2594935858349182,0.2594928161446864,2847
1.3740506999689137,0.0047979340569083906,0.00013149318939140387,0.005340201102586929,9.01282838097653e-05,0.25949359172335557,0.25949282210954117,2848
1.3740503904270045,0.004797717106937014,0.00013148689733626808,0.005340249298302493,9.012839492900823e-05,0.2594935975756827,0.2594928280378171,2849
1.3740500827862392,0.004797501489072601,0.00013148064394723793,0.005340297198515232,9.012850536687275e-05,0.25949360339212,0.25949283392973777,2850
1.374049777034884,0.0047972871950957155,0.00013147442898548193,0.005340344805043532,9.01286151275473e-05,0.2594936091728882,0.2594928397855265,2851
1.37404947316119,0.004797074216777413,0.00013146825221189697,0.005340392119708026,9.012872421523612e-05,0.25949361491820877,0.25949284560540786,2852
1.374049171153396,0.004796862545879158,0.00013146211338710293,0.005340439144331575,9.012883263413078e-05,0.2594936206283025,0.25949285138960543,2853
1.3740488709997263,0.004796652174152786,0.0001314560122714437,0.00534048588073931,9.012894038842715e-05,0.25949362630339046,0.25949285713834314,2854
1.3740485726883913,0.004796443093340458,0.0001314499486249941,0.005340532330758609,9.01290474823569e-05,0.25949363194369557,0.2594928628518469,2855
1.3740482762075883,0.004796235295174614,0.00013144392220754326,0.00534057849621913,9.01291539201254e-05,0.2594936375494394,0.25949286853034104,2856
1.3740479815455005,0.004796028771377918,0.00013143793277860428,0.005340624378952799,9.012925970595278e-05,0.2594936431208442,0.2594928741740508,2857
1.374047688690297,0.004795823513663231,0.00013143198009740931,0.005340669980793852,9.012936484406761e-05,0.25949364865813285,0.25949287978320185,2858
1.3740473976301328,0.004795619513733543,0.00013142606392291001,0.0053407153035788,9.012946933870588e-05,0.2594936541615284,0.2594928853580203,2859
1.3740471083531487,0.004795416763281948,0.00013142018401377184,0.005340760349146477,9.012957319409305e-05,0.25949365963125354,0.2594928908987316,2860
1.3740468208474725,0.004795215253991581,0.0001314143401283788,0.005340805119338032,9.012967641448197e-05,0.25949366506753224,0.25949289640556267,2861
1.3740465351012159,0.004795014977535576,0.00013140853202482823,0.0053408496159969366,9.012977900411606e-05,0.2594936704705881,0.2594929018787402,2862
1.3740462511024787,0.004794815925577035,0.0001314027594609307,0.005340893840968994,9.012988096725138e-05,0.25949367584064525,0.2594929073184909,2863
1.3740459688393438,0.004794618089768969,0.00013139702219420866,0.005340937796102361,9.012998230815035e-05,0.2594936811779283,0.2594929127250426,2864
1.3740456882998817,0.004794421461754244,0.00013139131998189164,0.005340981483247539,9.01300830310638e-05,0.2594936864826612,0.259492918098622,2865
1.3740454094721481,0.004794226033165579,0.00013138565258092507,0.005341024904257397,9.013018314027524e-05,0.25949369175506953,0.2594929234394577,2866
1.3740451323441836,0.004794031795625431,0.00013138001974795753,0.005341068060987164,9.013028264005556e-05,0.25949369699537833,0.2594929287477775,2867
1.3740448569040138,0.004793838740746032,0.0001313744212393451,0.00534111095529446,9.013038153468199e-05,0.2594937022038129,0.2594929340238099,2868
1.3740445831396515,0.004793646860129272,0.0001313688568111505,0.005341153589039288,9.013047982844653e-05,0.25949370738059935,0.2594929392677837,2869
1.3740443110390925,0.004793456145366714,0.00013136332621913884,0.005341195964084039,9.013057752563065e-05,0.2594937125259632,0.25949294447992766,2870
1.37404404059032,0.004793266588039499,0.00013135782921878134,0.0053412380822935234,9.013067463055065e-05,0.25949371764013185,0.2594929496604717,2871
1.374043771781301,0.004793078179718367,0.00013135236556524862,0.005341279945534961,9.013077114749854e-05,0.2594937227233314,0.2594929548096452,2872
1.3740435045999881,0.004792890911963533,0.00013134693501341106,0.005341321555677993,9.013086708078537e-05,0.2594937277757889,0.259492959927678,2873
1.3740432390343185,0.004792704776324737,0.00013134153731783821,0.005341362914594695,9.013096243471692e-05,0.2594937327977312,0.25949296501480007,2874
1.374042975072215,0.004792519764341096,0.0001313361722328016,0.0053414040241595755,9.013105721362743e-05,0.2594937377893866,0.25949297007124256,2875
1.3740427127015848,0.004792335867541164,0.00013133083951226442,0.0053414448862496,9.013115142183115e-05,0.2594937427509824,0.25949297509723573,2876
1.3740424519103211,0.004792153077442823,0.00013132553890988949,0.005341485502744181,9.013124506366551e-05,0.2594937476827471,0.25949298009301097,2877
1.3740421926863005,0.004791971385553265,0.0001313202701790308,0.005341525875525203,9.013133814346166e-05,0.25949375258490875,0.2594929850587995,2878
1.3740419350173847,0.004791790783368942,0.0001313150330727407,0.005341566006477024,9.013143066557076e-05,0.25949375745769665,0.25949298999483345,2879
1.374041678891421,0.004791611262375546,0.0001313098273437602,0.005341605897486474,9.0131522634344e-05,0.25949376230133997,0.2594929949013449,2880
1.37404142429624,0.0047914328140479245,0.0001313046527445184,0.0053416455504428865,9.013161405412625e-05,0.2594937671160676,0.25949299977856594,2881
1.3740411712196583,0.004791255429850126,0.00013129950902713813,0.00534168496723809,9.013170492927928e-05,0.25949377190210926,0.2594930046267291,2882
1.374040919649476,0.0047910791012352304,0.00013129439594343012,0.00534172414976641,9.013179526416907e-05,0.259493776659695,0.25949300944606746,2883
1.3740406695734781,0.004790903819645425,0.00013128931324489265,0.005341763099924699,9.013188506317426e-05,0.2594937813890554,0.2594930142368146,2884
1.3740404209794332,0.00479072957651191,0.0001312842606827098,0.005341801819612325,9.01319743306672e-05,0.2594937860904208,0.25949301899920396,2885
1.374040173855096,0.004790556363254857,0.0001312792380077512,0.005341840310731184,9.013206307103708e-05,0.2594937907640224,0.25949302373346955,2886
1.374039928188204,0.004790384171283405,0.0001312742449705681,0.00534187857518572,9.013215128866155e-05,0.2594937954100908,0.25949302843984506,2887
1.3740396839664795,0.004790212991995564,0.00013126928132139852,0.0053419166148829175,9.013223898794883e-05,0.25949380002885825,0.2594930331185658,2888
1.374039441177628,0.004790042816778222,0.00013126434681015874,0.005341954431732311,9.013232617328921e-05,0.25949380462055593,0.259493037769866,2889
1.3740391998093417,0.004789873637007101,0.00013125944118644827,0.005341992027646003,9.013241284909727e-05,0.2594938091854164,0.259493042393981,2890
1.374038959849294,0.004789705444046715,0.0001312545641995445,0.005342029404538666,9.01324990197823e-05,0.259493813723672,0.25949304699114634,2891
1.374038721285144,0.004789538229250303,0.0001312497155984049,0.005342066564327553,9.013258468977366e-05,0.2594938182355559,0.2594930515615982,2892
1.3740384841045334,0.00478937198395985,0.00013124489513165945,0.005342103508932497,9.01326698634775e-05,0.2594938227213003,0.2594930561055719,2893
1.37403824829509,0.004789206699506002,0.0001312401025476228,0.0053421402402759255,9.013275454534851e-05,0.2594938271811398,0.25949306062330485,2894
1.3740380138444233,0.004789042367208004,0.00013123533759427567,0.005342176760282872,9.013283873980234e-05,0.259493831615307,0.25949306511503284,2895
1.3740377807401283,0.004788878978373763,0.00013123060001927724,0.005342213070880977,9.013292245129372e-05,0.25949383602403653,0.2594930695809935,2896
1.3740375489697818,0.0047887165242997,0.00013122588956996075,0.005342249174000488,9.013300568426993e-05,0.2594938404075627,0.2594930740214242,2897
1.3740373185209462,0.0047885549962707824,0.0001312212059933289,0.005342285071574285,9.013308844318363e-05,0.25949384476612,0.25949307843656244,2898
1.3740370893811664,0.004788394385560452,0.00013121654903605655,0.005342320765537872,9.013317073249689e-05,0.25949384909994344,0.25949308282664646,2899
1.374036861537972,0.004788234683430641,0.0001312119184444886,0.0053423562578294,9.013325255668342e-05,0.2594938534092687,0.25949308719191466,2900
1.3740366349788748,0.004788075881131666,0.00013120731396463767,0.00534239155038966,9.013333392021064e-05,0.25949385769433114,0.2594930915326057,2901
1.3740364096913706,0.004787917969902203,0.0001312027353421812,0.005342426645162099,9.01334148275491e-05,0.25949386195536617,0.2594930958489581,2902
1.37403618566294,0.004787760940969356,0.00013119818232247294,0.00534246154409282,9.01334952832084e-05,0.25949386619261133,0.2594931001412122,2903
1.3740359628810441,0.004787604785548432,0.0001311936546505208,0.005342496249130591,9.01335752916602e-05,0.2594938704063022,0.2594931044096069,2904
1.37403574133313,0.0047874494948431144,0.00013118915207100524,0.005342530762226864,9.013365485741199e-05,0.2594938745966761,0.2594931086543825,2905
1.3740355210066268,0.004787295060045279,0.000131184674328265,0.005342565085335764,9.013373398495966e-05,0.25949387876396995,0.2594931128757791,2906
1.3740353018889477,0.004787141472335004,0.0001311802211663076,0.005342599220414104,9.013381267882868e-05,0.25949388290842207,0.259493117074038,2907
1.3740350839674884,0.004786988722880562,0.00013117579232879755,0.005342633169421394,9.013389094352763e-05,0.25949388703026993,0.25949312124939966,2908
1.3740348672296276,0.0047868368028383766,0.0001311713875590589,0.00534266693431985,9.013396878356932e-05,0.25949389112975124,0.25949312540210506,2909
1.3740346516627275,0.004786685703352959,0.00013116700660008133,0.005342700517074394,9.013404620350345e-05,0.25949389520710564,0.25949312953239695,2910
1.374034437254133,0.004786535415556891,0.0001311626491945058,0.005342733919652661,9.013412320784183e-05,0.25949389926257077,0.25949313364051607,2911
1.3740342239911738,0.004786385930570798,0.00013115831508463764,0.005342767144025013,9.013419980114366e-05,0.2594939032963868,0.25949313772670546,2912
1.3740340118611596,0.004786237239503343,0.00013115400401243852,0.00534280019216454,9.013427598796186e-05,0.25949390730879346,0.2594931417912083,2913
1.3740338008513853,0.004786089333451153,0.0001311497157195195,0.005342833066047068,9.013435177283565e-05,0.2594939113000299,0.2594931458342666,2914
1.374033590949127,0.004785942203498773,0.0001311454499471533,0.005342865767651161,9.013442716033164e-05,0.25949391527033666,0.25949314985612415,2915
1.3740333821416453,0.004785795840718686,0.00013114120643626355,0.005342898298958133,9.013450215501229e-05,0.259493919219954,0.25949315385702426,2916
1.374033174416183,0.004785650236171272,0.00013113698492742942,0.005342930661952061,9.013457676146003e-05,0.25949392314912334,0.2594931578372115,2917
1.3740329677599643,0.004785505380904731,0.00013113278516087916,0.005342962858619773,9.013465098424789e-05,0.2594939270580855,0.2594931617969299,2918
1.3740327621601984,0.0047853612659551105,0.00013112860687649583,0.00534299489095087,9.013472482796673e-05,0.2594939309470823,0.2594931657364243,2919
1.3740325576040757,0.00478521788234624,0.00013112444981381132,0.005343026760937727,9.013479829721069e-05,0.2594939348163557,0.2594931696559398,2920
1.374032354078769,0.004785075221089697,0.0001311203137120045,0.005343058470575503,9.013487139656752e-05,0.25949393866614734,0.25949317355572143,2921
1.374032151571435,0.004784933273184832,0.00013111619830990758,0.005343090021862136,9.013494413065135e-05,0.25949394249670027,0.25949317743601497,2922
1.3740319500692109,0.0047847920296186395,0.00013111210334599833,0.0053431214167983625,9.013501650407422e-05,0.2594939463082574,0.25949318129706694,2923
1.374031749559219,0.004784651481365841,0.00013110802855840277,0.005343152657387709,9.01350885214545e-05,0.25949395010106197,0.25949318513912334,2924
1.3740315500285614,0.004784511619388761,0.00013110397368489024,0.005343183745636525,9.013516018741374e-05,0.2594939538753574,0.259493188962431,2925
1.374031351464325,0.004784372434637377,0.00013109993846287645,0.005343214683553952,9.013523150658191e-05,0.25949395763138755,0.2594931927672368,2926
1.3740311538535768,0.004784233918049228,0.000131095922629424,0.0053432454731519525,9.01353024835985e-05,0.2594939613693968,0.25949319655378844,2927
1.3740309571833678,0.0047840960605494256,0.00013109192592123818,0.005343276116445314,9.013537312311142e-05,0.2594939650896299,0.25949320032233375,2928
1.3740307614407308,0.004783958853050608,0.00013108794807466522,0.005343306615451654,9.01354434297665e-05,0.2594939687923316,0.2594932040731206,2929
1.3740305666126802,0.004783822286452904,0.00013108398882569552,0.005343336972191421,9.013551340822222e-05,0.25949397247774725,0.2594932078063977,2930
1.3740303726862135,0.004783686351643951,0.00013108004790996023,0.005343367188687896,9.013558306314338e-05,0.2594939761461225,0.2594932115224138,2931
1.3740301796483096,0.0047835510394988335,0.0001310761250627279,0.005343397266967218,9.01356523991906e-05,0.2594939797977029,0.2594932152214176,2932
1.3740299874859312,0.00478341634088004,0.0001310722200189157,0.005343427209058364,9.013572142106137e-05,0.2594939834327358,0.2594932189036596,2933
1.3740297961860204,0.0047832822466374915,0.00013106833251306846,0.005343457016993172,9.013579013342056e-05,0.25949398705146687,0.2594932225693889,2934
1.3740296057355037,0.004783148747608444,0.0001310644622793769,0.00534348669280634,9.013585854096355e-05,0.25949399065414347,0.25949322621885584,2935
1.3740294161212876,0.0047830158346175424,0.00013106060905166783,0.005343516238535431,9.013592664838788e-05,0.259493994241013,0.25949322985231127,2936
1.3740292273302634,0.004782883498476734,0.00013105677256340182,0.005343545656220887,9.013599446039953e-05,0.2594939978123233,0.25949323347000586,2937
1.3740290393493009,0.004782751729985269,0.000131052952547678,0.005343574947906012,9.013606198169394e-05,0.2594940013683217,0.2594932370721906,2938
1.3740288521652548,0.004782620519929681,0.00013104914873723406,0.005343604115637007,9.013612921701611e-05,0.25949400490925806,0.2594932406591183,2939
1.3740286657649596,0.004782489859083752,0.00013104536086443313,0.005343633161462946,9.013619617105621e-05,0.25949400843537945,0.25949324423103937,2940
1.3740284801352336,0.004782359738208496,0.00013104158866128105,0.005343662087435804,9.013626284856346e-05,0.259494011946936,0.259493247788207,2941
1.3740282952628744,0.004782230148052119,0.00013103783185941287,0.005343690895610447,9.01363292542671e-05,0.2594940154441768,0.2594932513308738,2942
1.3740281111346637,0.004782101079350029,0.00013103409019009842,0.005343719588044644,9.013639539291422e-05,0.2594940189273518,0.2594932548592928,2943
1.3740279277373635,0.004781972522824774,0.00013103036338423717,0.0053437481667990665,9.013646126925091e-05,0.25949402239671104,0.2594932583737174,2944
1.374027745057719,0.004781844469186087,0.00013102665117236098,0.005343776633937306,9.013652688803593e-05,0.25949402585250514,0.25949326187440125,2945
1.3740275630824554,0.004781716909130743,0.00013102295328463114,0.0053438049915258586,9.013659225402381e-05,0.2594940292949845,0.25949326536159817,2946
1.3740273817982802,0.0047815898333426745,0.0001310192694508435,0.005343833241634142,9.013665737200493e-05,0.2594940327244014,0.25949326883556373,2947
1.3740272011918828,0.004781463232492865,0.00013101559940041445,0.005343861386334498,9.013672224672328e-05,0.25949403614100575,0.259493272296551,2948
1.374027021249934,0.004781337097239353,0.00013101194286239837,0.005343889427702203,9.01367868829893e-05,0.25949403954505085,0.2594932757448167,2949
1.3740268419590862,0.004781211418227188,0.0001310082995654731,0.0053439173678154536,9.013685128557759e-05,0.2594940429367882,0.2594932791806154,2950
1.3740266633059735,0.004781086186088499,0.00013100466923794704,0.005343945208755404,9.013691545930173e-05,0.25949404631647127,0.259493282604204,2951
1.3740264852772108,0.004780961391442353,0.00013100105160774976,0.005343972952606126,9.013697940894687e-05,0.25949404968435213,0.25949328601583793,2952
1.3740263078593957,0.0047808370248948,0.0001309974464024408,0.005344000601454651,9.013704313932137e-05,0.259494053040684,0.2594932894157735,2953
1.3740261310391062,0.004780713077038868,0.00013099385334920912,0.005344028157390958,9.013710665525571e-05,0.2594940563857213,0.2594932928042686,2954
1.3740259548029021,0.00478058953845449,0.0001309902721748639,0.00534405562250797,9.01371699615709e-05,0.25949405971971795,0.2594932961815803,2955
1.374025779137325,0.004780466399708549,0.0001309867026058407,0.005344082998901578,9.013723306309216e-05,0.25949406304292805,0.259493299547966,2956
1.3740256040288967,0.004780343651354811,0.00013098314436819943,0.005344110288670627,9.013729596465424e-05,0.25949406635560623,0.25949330290368383,2957
1.3740254294641217,0.004780221283933942,0.0001309795971876244,0.005344137493916931,9.013735867110662e-05,0.2594940696580079,0.2594933062489924,2958
1.3740252554294847,0.004780099287973472,0.0001309760607894213,0.005344164616745269,9.013742118729142e-05,0.2594940729503881,0.2594933095841501,2959
1.374025081911453,0.004779977653987764,0.00013097253489852188,0.005344191659263387,9.013748351807921e-05,0.25949407623300336,0.25949331290941674,2960
1.3740249088964744,0.0047798563724780275,0.00013096901923947724,0.005344218623582013,9.01375456683248e-05,0.2594940795061093,0.25949331622505123,2961
1.3740247363709774,0.0047797354339323235,0.00013096551353646127,0.005344245511814856,9.013760764290299e-05,0.2594940827699627,0.2594933195313138,2962
1.3740245643213729,0.0047796148288254525,0.0001309620175132687,0.005344272326078597,9.01376694466865e-05,0.2594940860248202,0.2594933228284643,2963
1.3740243927340519,0.004779494547619074,0.00013095853089331523,0.005344299068492909,9.013773108455965e-05,0.25949408927093903,0.2594933261167634,2964
1.3740242215953873,0.004779374580761566,0.00013095505339963967,0.005344325741180448,9.013779256142152e-05,0.2594940925085772,0.2594933293964725,2965
1.374024050891734,0.004779254918688105,0.00013095158475489614,0.005344352346266871,9.013785388216277e-05,0.25949409573799226,0.2594933326678523,2966
1.3740238806094256,0.004779135551820581,0.00013094812468136404,0.005344378885880815,9.013791505169515e-05,0.2594940989594429,0.2594933359311652,2967
1.3740237107347792,0.0047790164705676565,0.00013094467290093533,0.005344405362153923,9.013797607492407e-05,0.2594941021731875,0.2594933391866725,2968
1.374023541254092,0.00477889766532468,0.00013094122913512768,0.005344431777220838,9.013803695677817e-05,0.25949410537948564,0.25949334243463745,2969
1.3740233721536421,0.0047787791264737225,0.00013093779310507112,0.005344458133219204,9.013809770217027e-05,0.259494108578596,0.25949334567532206,2970
1.3740232034196893,0.0047786608443835515,0.0001309343645315188,0.005344484432289665,9.013815831603953e-05,0.25949411177077875,0.25949334890898984,2971
1.3740230350384741,0.004778542809409622,0.00013093094313483718,0.005344510676575887,9.0138218803322e-05,0.2594941149562938,0.2594933521359041,2972
1.3740228669962185,0.0047784250118940415,0.00013092752863501426,0.005344536868224532,9.013827916897161e-05,0.25949411813540213,0.25949335535632906,2973
1.3740226992791245,0.00477830744216562,0.00013092412075165242,0.005344563009385284,9.0138339417936e-05,0.25949412130836425,0.25949335857052885,2974
1.3740225318733756,0.004778190090539762,0.00013092071920397158,0.005344589102210837,9.013839955517124e-05,0.2594941244754412,0.2594933617787678,2975
1.3740223647651375,0.004778072947318569,0.00013091732371080781,0.005344615148856902,9.013845958564817e-05,0.2594941276368947,0.2594933649813111,2976
1.3740221979405554,0.004777956002790741,0.00013091393399061643,0.005344641151482212,9.013851951435026e-05,0.25949413079298733,0.25949336817842455,2977
1.374022031385755,0.004777839247231596,0.00013091054976146157,0.005344667112248524,9.013857934623785e-05,0.25949413394398024,0.259493371370373,2978
1.3740218650868452,0.004777722670903099,0.00013090717074102937,0.005344693033320617,9.01386390863155e-05,0.259494137090137,0.25949337455742316,2979
1.374021699029914,0.004777606264053775,0.00013090379664661904,0.005344718916866291,9.013869873956882e-05,0.25949414023172024,0.2594933777398412,2980
1.3740215332010308,0.004777490016918806,0.00013090042719514784,0.00534474476505638,9.013875831101192e-05,0.25949414336899396,0.25949338091789453,2981
1.3740213675862458,0.004777373919719878,0.000130897062103141,0.00534477058006474,9.013881780563675e-05,0.2594941465022211,0.25949338409184963,2982
1.3740212021715912,0.004777257962665337,0.0001308937010867436,0.005344796364068267,9.013887722846478e-05,0.25949414963166606,0.25949338726197413,2983
1.374021036943078,0.004777142135950086,0.00013089034386171562,0.00534482211924688,9.013893658452173e-05,0.2594941527575936,0.25949339042853636,2984
1.3740208718867002,0.004777026429755584,0.0001308869901434276,0.00534484784778354,9.013899587883011e-05,0.25949415588026814,0.25949339359180423,2985
1.3740207069884316,0.004776910834249846,0.00013088363964686785,0.005344873551864235,9.013905511642935e-05,0.25949415899995515,0.2594933967520465,2986
1.3740205422342269,0.004776795339587459,0.00013088029208663807,0.005344899233677993,9.013911430236943e-05,0.25949416211692056,0.25949339990953274,2987
1.374020377610022,0.004776679935909567,0.0001308769471769501,0.005344924895416886,9.013917344168766e-05,0.25949416523142965,0.25949340306453156,2988
1.3740202131017336,0.004776564613343858,0.0001308736046316335,0.0053449505392760095,9.013923253944244e-05,0.25949416834374883,0.25949340621731287,2989
1.3740200486952592,0.00477644936200459,0.00013087026416413078,0.005344976167453518,9.013929160071223e-05,0.25949417145414555,0.2594934093681476,2990
1.374019884376477,0.004776334171992498,0.00013086692548749503,0.005345001782150592,9.013935063055123e-05,0.259494174562886,0.25949341251730534,2991
1.3740197201312458,0.00477621903339492,0.00013086358831439465,0.00534502738557146,9.013940963404421e-05,0.2594941776702379,0.2594934156650575,2992
1.374019555945407,0.004776103936285714,0.00013086025235711137,0.005345052979923388,9.013946861627175e-05,0.2594941807764689,0.259493418811675,2993
1.3740193918047796,0.004775988870725259,0.0001308569173275395,0.005345078567416693,9.013952758233131e-05,0.2594941838818474,0.2594934219574298,2994
1.3740192276951668,0.0047758738267604855,0.00013085358293718588,0.0053451041502647284,9.013958653731714e-05,0.25949418698664173,0.25949342510259377,2995
1.3740190636023513,0.0047757587944248225,0.0001308502488971719,0.005345129730683897,9.013964548634359e-05,0.2594941900911212,0.2594934282474395,2996
1.374018899512095,0.0047756437637382606,0.00013084691491822845,0.005345155310893638,9.0139704434506e-05,0.2594941931955541,0.2594934313922392,2997
1.3740187354101436,0.004775528724707326,0.00013084358071070514,0.005345180893116438,9.013976338694087e-05,0.25949419630021103,0.2594934345372666,2998
1.3740185712822213,0.004775413667325024,0.000130840245984557,0.005345206479577834,9.013982234875723e-05,0.259494199405361,0.2594934376827944,2999
1.374018407114035,0.0047752985815709545,0.0001308369104493586,0.005345232072506398,9.013988132510213e-05,0.2594942025112751,0.25949344082909714,3000
