total,pde,bc,diss,ctrl,energy,var,epoch
5.180373850698715,0.08936567954866398,0.08315736175447959,0.0008688473755697545,0.00010368480927975124,0.23981742619571303,0.14785824025287922,1
10.559276512809546,0.6799085682199075,0.41229321740775127,0.0021353988803130015,0.002144282409968434,0.2963063970739296,0.1953320380309374,2
7.838771438710552,0.3279431515352214,0.24525650305608848,0.001586774258371735,0.003766387298443956,0.3113708994430093,0.21451865249573057,3
5.19366347825906,0.10693717603516169,0.10043288830455614,0.0010750552535563047,0.0024271802204095215,0.29926642081996135,0.21279658224182696,4
5.6322623328066586,0.24628351722079903,0.13642131656225542,0.001064370498074558,0.00034696541148257075,0.26862700758260893,0.19492163275197566,5
5.995507194972216,0.2633101853174934,0.15536574027996136,0.0010528517441148243,2.1246074680848023e-05,0.24539065355165746,0.18291033954123337,6
5.333492704505478,0.160549983683542,0.11261004629360857,0.0009315312536776927,0.00027015611135258136,0.23356357364411043,0.17997943688388715,7
4.616991100339057,0.101763975863022,0.0748361865113705,0.0009041895793751851,0.0002344855946800205,0.23468707752648044,0.1876973835489123,8
4.579557872134641,0.13764120593821416,0.08692218255504316,0.001092248448591373,2.2232021511859564e-06,0.2514910406269401,0.20828658249287715,9
4.829277721697088,0.15287783056568977,0.10875305095739167,0.0012605036904375666,0.0003644377248107026,0.2690902520887154,0.22624857913055232,10
4.836522754194208,0.1506899083482472,0.10815898468661134,0.001321760952855096,0.0007168523406280968,0.2767740983158742,0.23222493712541317,11
4.570446321683642,0.163498930274562,0.08844854876879568,0.00129106159296751,0.0005358355597116824,0.27314812216383183,0.2261542559571959,12
4.277289871532459,0.1773854861209629,0.06495440015147103,0.0012049818922911625,0.00014340934807727593,0.2619753642148068,0.2125729248364933,13
4.212021618283494,0.16348112822700694,0.05510198140347811,0.001138787525453785,1.2227497570055728e-06,0.2511057801576288,0.19970685513605874,14
4.335061043753002,0.16358412187871108,0.060869834712888385,0.0011753632545544901,3.028744168384605e-07,0.2494496597263161,0.1960851988860757,15
4.31406757285291,0.18192188955638589,0.05975746654597804,0.0012458590604805628,1.814920849248868e-05,0.2542601887860151,0.19867278422473245,16
4.133338617091114,0.19576563556288365,0.048834446006211785,0.001311868043667174,0.00014540353734302606,0.26205833891309355,0.20433306727609538,17
4.08177631246442,0.2081844804676816,0.0455196999736074,0.0013813987631499391,0.0002615354510610471,0.26617205772500974,0.20819958505743516,18
4.110461503758,0.20705683276029146,0.04854633415371194,0.0013828359353986036,0.00011910224624439956,0.2609133975573329,0.2068609657756747,19
4.042637735624074,0.19891960056165414,0.0459128608244479,0.0013406131871792671,3.749742411917548e-05,0.2561235140335575,0.2072607532634682,20
3.9639464557115813,0.19413821658277006,0.04454058273931383,0.0013052830838273285,3.9679299263134765e-05,0.2562991506779196,0.2129077821647442,21
3.944569091186436,0.20333584213892913,0.04750360450087164,0.0013062425343199206,0.0001346921298719154,0.2616056938556863,0.2229333174396544,22
3.9494011135838405,0.2215494313868366,0.04890786403171149,0.0013268130228936605,0.0001562925464281236,0.262501701741288,0.2272968446132405,23
3.894533331625232,0.22884910391368427,0.0454788515220064,0.0013461272526427617,0.00010018201527351784,0.26000909662624544,0.22724128923665055,24
3.8517012983514576,0.21825742941010626,0.0432000061769055,0.0013689548040374405,5.403920521066298e-05,0.25735113632105017,0.22597565758143104,25
3.832429321240677,0.22187881924084105,0.042591856154663175,0.001417280002817342,8.278686931515264e-05,0.2590987289944889,0.22819242592626685,26
3.795698779023552,0.2394801104261939,0.039878710672259954,0.001461754544786088,0.00014100979816113106,0.2618747546568816,0.23109538033057234,27
3.7594809442264667,0.24488467003622896,0.037186080445113144,0.001478511144129967,0.00010826458867270789,0.26040502708659174,0.2304820028108952,28
3.737615534223908,0.25745608841459383,0.03550678848504157,0.0015384627978916401,8.465919841222733e-05,0.2592010433328089,0.23100458594015605,29
3.703507008153845,0.2828421706365615,0.03346379160315352,0.0016217787189187099,0.00012667827745656987,0.26125514448848036,0.23534844959644294,30
3.678450769121567,0.2725351125831121,0.03515288228194975,0.0016627553294084089,0.00015953596422358242,0.26263075469730857,0.2409038096299176,31
3.6687212402019314,0.28157138658640135,0.03552098730407556,0.0016630973156296547,7.915648438578726e-05,0.25889699299683816,0.24189497477555563,32
3.6296022390369673,0.2748543422495416,0.035985336802976414,0.0016726771236012282,0.00016285785263574616,0.262761577200164,0.24877746028283843,33
3.5922422093137296,0.2848441335107991,0.032537335043952134,0.0017378728581639682,4.023543265502483e-05,0.2563431405987117,0.24520938135805476,34
3.595158486983495,0.29943354975473163,0.034848661031471294,0.0017781097932983553,0.0003220862291556305,0.267946760965579,0.2581322639899211,35
3.5616173698150275,0.3188586976572791,0.03091599169617574,0.0018428877453406808,0.0001434366180040097,0.26197650274512596,0.25279934172564505,36
3.547984101823381,0.3147337194894306,0.027895528449304687,0.0019001599966399889,1.271126338886137e-05,0.2535652858775786,0.24508972818172187,37
3.5137583483746853,0.30950439738266033,0.029047083514387485,0.0019176491891856337,0.00013606529991786015,0.2616647031645842,0.2539396200449396,38
3.514431283163481,0.3198348121506293,0.029661458322815762,0.0019463781855317565,0.0003318201909919889,0.2682159323393558,0.261415319975511,39
3.4837606385155158,0.32427561749891354,0.026865814929741133,0.0019980973123729833,0.00011086074742608904,0.26052904304417496,0.25483165910911726,40
3.465185365056798,0.3205516074896287,0.025667294698402978,0.0020390743338923258,5.533273493575468e-05,0.2574385976457767,0.25302488403613893,41
3.4386576155237814,0.32440261735795856,0.025779330157377645,0.0020550224471773807,0.00020597329455830277,0.2643517697361093,0.26101637636767444,42
3.4246788978461917,0.32746473037050045,0.024427221598582495,0.002078886717007543,0.00013204839922859588,0.2614912314061025,0.2586744991946755,43
3.4105963333926708,0.3162946780266088,0.023832347163776003,0.0021131318508017492,8.221393271740981e-05,0.25906718990191613,0.25661638610115145,44
3.3812077219934427,0.3150117361266075,0.022868279134023305,0.002153670534327763,0.00014233914291732848,0.2619305969220877,0.2599316377455731,45
3.3827290529980183,0.3198504349080238,0.022991487276889218,0.0021624727414983535,0.00016627055823903992,0.26289459414789934,0.26122835866605365,46
3.362918897606255,0.3033740206248281,0.022765812469029596,0.0021580716395234833,0.00015283970212336576,0.26236283552116446,0.26087099774566125,47
3.3475151083849095,0.28623879177585526,0.022544404724171865,0.0021869946102703783,0.00010807936215558079,0.26039612245770416,0.2590507958562371,48
3.3227013313211238,0.29302326432909104,0.02069707646095891,0.0022508312043135544,0.00011963659574945747,0.26093785151432664,0.25985551554643666,49
3.310374552121493,0.2982628450130629,0.020353091817602094,0.002275901952760932,0.0002354715725411223,0.2653450830086097,0.26451920705827064,50
3.288221211000373,0.27258735725536226,0.02034845933599541,0.002250809844371233,0.0001703718140233368,0.2630526554395394,0.26233101693439664,51
3.284840029591903,0.25488414489294964,0.01984717833027618,0.002262547933217864,4.800859638383976e-05,0.25692882359306685,0.25632587530335493,52
3.2529909956868472,0.2531599526152442,0.019385819832210428,0.0023015864015976913,0.00015788303886179024,0.26256515176437556,0.26218257418282465,53
3.267476359499367,0.25714698977839207,0.020565260397123808,0.002332504818605868,0.0002556016788410897,0.26598754761810234,0.2657114361693597,54
3.2362127021898854,0.24121469175294505,0.018945558298768282,0.002353701622197507,0.00013642785519935933,0.26168023352503533,0.2613894217511118,55
3.249024366265,0.22656538096243664,0.02060574950125494,0.0024119989301118767,0.00011667704736608362,0.26080171501966626,0.26054055521828656,56
3.235589079752319,0.2290596821832894,0.02007375314437629,0.002483674889383646,0.00017718614185160562,0.26331112849654775,0.2631663750141332,57
3.203851288655772,0.23775715964155314,0.017640406481132763,0.002522569084167814,0.00022673278329350463,0.2650576486641675,0.2649947116501309,58
3.197911677016254,0.2216620273725595,0.017943243579828724,0.002504352355948058,0.00015526166052663433,0.2624604037064067,0.2623699268531059,59
3.189060727973327,0.20659918333494,0.01824461007635764,0.002524661372640352,0.00014050349291399772,0.2618534169298982,0.2617616471779047,60
3.1691760986640785,0.21292780929406255,0.01675779447847521,0.002605733331084651,0.00017285972000990755,0.2631476127114358,0.26312460523329745,61
3.1778000578203347,0.22175775632607367,0.016973629310058393,0.0026467679140555096,0.0002209087068833789,0.26486299791036044,0.2648478820416566,62
3.154213906576985,0.21211725678449977,0.015825675627431063,0.002659391587358673,0.00017718437787270068,0.2633110622368277,0.2632611379425477,63
3.1761335152802435,0.2061655147210277,0.017552876573235086,0.0027212705671397536,0.00015580464251947358,0.26248217298868565,0.2624415120626872,64
3.16981658333222,0.21263272822097287,0.016936152294750553,0.002784219748184169,0.00019355265238597648,0.26391232016544963,0.26390032419694237,65
3.130541566505899,0.22171416161200577,0.013854056289636991,0.0028088517521143237,0.00022776656974425635,0.2650919372429207,0.2650864910749806,66
3.1413212522519194,0.21078250372721788,0.014949720415792577,0.002805780820436919,0.00016002393320739954,0.262650056648387,0.2626029685089269,67
3.1123332346937573,0.20598749794786023,0.01352242781313691,0.0028531141895272315,0.00019047657171698086,0.2638013249986,0.26377110308711543,68
3.137325562243925,0.22255532795863292,0.014174412939013852,0.002941177912942399,0.0002071076849494577,0.264391236394051,0.264389854275275,69
3.1063438237973258,0.21399676880270743,0.012828044859567789,0.0029273033538265215,0.000252213286726318,0.2658812243459476,0.2658810395706838,70
3.140812414846529,0.1976796517340727,0.01547524845108322,0.002880593351746682,0.00012422397272421866,0.2611455808607815,0.26104932306044676,71
3.1389489650620535,0.1998953871052727,0.015321866015258055,0.0029191726178328862,0.00013812094252271394,0.261752486652735,0.26164518748970217,72
3.079761176166495,0.21261899643443427,0.011153132413978473,0.0030111502951212306,0.00025742617518030445,0.26604450607467567,0.26603103890954716,73
3.1071661776605013,0.20723348487868276,0.012748908784337126,0.0030288433551940086,0.00013690536859394602,0.26170065675908605,0.26168298571774223,74
3.0853896426683702,0.1956614128323216,0.012531897386508848,0.0029957416987408778,0.0002206102437787438,0.26485295404216763,0.2648009863351476,75
3.0820005565401516,0.19170136678061034,0.01265810561100329,0.002983177485522271,0.000259233448918757,0.2661007282108219,0.26600146264773766,76
3.0867473658907447,0.1935036979477268,0.01223232889779335,0.003027610646875709,0.00013363283894114397,0.26155996708218254,0.2614587793913096,77
3.055806297263599,0.19328134502540198,0.010609200095437636,0.0030839890066631103,0.0001981949008460877,0.26407817107603426,0.26399245263535465,78
3.0788896067614244,0.19447792150299273,0.012317838986068644,0.003093925637699441,0.00038913990103274585,0.2697266292364597,0.269586006702108,79
3.0604698228456524,0.18774130376742734,0.01112713563448655,0.003095909902850802,0.00017475905181652072,0.26321964643311313,0.26305412917744186,80
3.0636544017611262,0.18043086298253103,0.011793878762617435,0.003102462831312358,0.00016802337876520903,0.26296238322088994,0.2628121321475367,81
3.067588530325579,0.18171108206929037,0.012280112691077039,0.003128852468679775,0.00024704666289991075,0.2657177181200043,0.26551268713628595,82
3.0418441288193465,0.18426197813706505,0.010352925853044447,0.0031661143848724007,0.00024370283088306802,0.26561098430218505,0.2653428854880696,83
3.055837386956461,0.1753502074467063,0.011823464993909752,0.003174193239758565,0.00022034133161216737,0.2648438988009272,0.26461167506565403,84
3.0379621545278637,0.17117290064601035,0.010710203362640546,0.0031686063953619125,0.00017888533570837938,0.2633748022680105,0.26312176807122545,85
3.041680482914098,0.1771364898914013,0.01080465185472001,0.0031818419592635296,0.0002469747618547309,0.265715430692626,0.2654051472660703,86
3.044400845463075,0.17311735507762807,0.011358947763101947,0.003213562984903193,0.00028456197125497896,0.2668689647357204,0.2666147337540828,87
3.022608049387058,0.17003736819298218,0.009705188525098371,0.0032572350793816426,0.00016697308179989062,0.2629218064449167,0.2626965399161563,88
3.032231597991809,0.1732777493969775,0.010368197949349536,0.0032640436921417787,0.0002328517850667143,0.2652594818085908,0.26490436396299516,89
3.0163011711607357,0.16849586217082838,0.009785507260787342,0.0032514974946885136,0.00032630214112601544,0.2680638351721337,0.2677136871350021,90
3.030636599629111,0.16057219110949125,0.01032547285773122,0.003259695753333411,0.00010295705051277298,0.26014677537510184,0.25995352133133737,91
3.0314745040449353,0.15982847412662884,0.011084036589649616,0.0032625376644211056,0.00018109094398544766,0.2634570035292203,0.2632792390918309,92
3.009296812994024,0.16569598675348055,0.009529519848922193,0.0032796968466235516,0.00038510180922053016,0.2696240110380251,0.2693418286086662,93
3.0145737521993925,0.16293185365257745,0.009683608923199595,0.0033179143092074035,0.00017955484670290647,0.26339980771141536,0.26310727074405427,94
3.007896191746288,0.1589637094880306,0.009667463358618457,0.0033483080491249788,0.00020287254470871584,0.26424333334261035,0.26404726043493565,95
2.9928678450190476,0.1604485424441367,0.008788801388819522,0.0033517479519482593,0.00028291466329676175,0.26682006727979296,0.2666133259596094,96
2.9934054474389313,0.15685033777830448,0.008630141052325279,0.0033334055714318244,0.00016976614668090634,0.2630294338588024,0.2627559552147628,97
2.999247063053585,0.14847975283744547,0.010065675256052153,0.0033421834583827023,0.0003790250309302374,0.26946856519957846,0.2692965295690736,98
2.99067612988941,0.15262881887678828,0.008821174630355819,0.003379535929205928,0.00017789048377217753,0.26333755913846973,0.2631504625728296,99
2.991815795357197,0.15640835602489495,0.008846092000747176,0.0033840567764241263,0.00023724501660139902,0.2654027600319358,0.26511630959249183,100
2.991813148491593,0.14863860837049025,0.009547239575655224,0.0033807277380240555,0.0003669266699530094,0.26915533006640735,0.26894645547144846,101
2.981769930231068,0.14747434289817266,0.008116429093866,0.003413821095013518,0.00011656215931804325,0.2607963956632778,0.2606514046682786,102
2.9805178194226047,0.14959896074130896,0.008693272795731777,0.003407444030942212,0.000288377795119695,0.26698168999598376,0.26676840266201907,103
2.970459200955323,0.1431014701558839,0.008479891913323576,0.0033957111563734325,0.0003464628783236967,0.2686135133256378,0.2683707774633145,104
2.987830137676796,0.14470932108934498,0.007858713323061617,0.0034398283192045467,5.8884176425739734e-05,0.2576736025715266,0.25751315385938106,105
2.9764066167792924,0.14254202964354815,0.00875963539650733,0.0034353957798377442,0.00022062847655614185,0.2648535678056197,0.26470902578581984,106
2.9752353879828233,0.14089931985290916,0.008650969914622152,0.00340867620168215,0.0005384138682663424,0.27320374685834903,0.2729693422774499,107
2.9760196566518164,0.1409466020181442,0.008567528152390966,0.0034281778421797453,0.00017289786419142286,0.26314906324387494,0.2629102367012126,108
2.9651965481842977,0.13734601105845606,0.007774137724966761,0.0034483987658115536,0.00012473260327001474,0.2611683751401005,0.26103570675376336,109
2.962681281178395,0.135953519263162,0.008423444137257863,0.0034314582550069926,0.00043065150857271605,0.27075214467405034,0.27061068833153307,110
2.964251763085908,0.13837523501125287,0.008275904832934165,0.003440700180856697,0.00024999640841891744,0.26581127472466776,0.2655848319884682,111
2.9467333258874526,0.133410336060476,0.0070340365578387114,0.0034472838943731287,0.00015536521232852545,0.26246455824843085,0.26228550807484946,112
2.9634222782993325,0.13148239343841578,0.008737205404979348,0.003435879024755583,0.0004545782018862941,0.271320839614947,0.2711904171566438,113
2.943984857562292,0.133524548183258,0.007309777580580555,0.0034403309422465773,0.0002665397765770797,0.266326045956602,0.26614755409878993,114
2.9698385675745955,0.12975397553481094,0.008415457824470327,0.0034474511240239966,0.00011074523301288351,0.2605235561010945,0.26033030126219797,115
2.9675030092854584,0.1299404354107996,0.008929081232153139,0.0034539067016221333,0.0002037602574442609,0.2642744617216994,0.2641102454657284,116
2.9433675993538477,0.13172930435700755,0.007429189308644202,0.0034594332603281553,0.0004222618077695571,0.27054900989754876,0.2704076776366305,117
2.9487830162129924,0.13002890967630093,0.007794906883496368,0.003460044462265788,0.0002368432427160376,0.26538971223629726,0.2652235749630775,118
2.944787640934083,0.12308940525272388,0.007566623198714286,0.003444155218194647,0.00015108584196630304,0.2622916980912445,0.2621226106442772,119
2.933790844192175,0.12375886454243218,0.007309506927500108,0.0034393296860076995,0.0002721544088833178,0.2664971030451809,0.2663535260974392,120
2.947999685715721,0.12969908374190886,0.007930048898862261,0.0034622163848915337,0.0003361880162563119,0.2683354306264214,0.2682041428067953,121
2.9441874962812893,0.12609006216576107,0.007848421098969013,0.003467140402454961,0.0002688332485795077,0.26639613517203087,0.2662676931736687,122
2.924380587327983,0.120312736703592,0.006687396097393036,0.003460206627534062,0.0001981631419840157,0.26407704308383034,0.2639452665135566,123
2.932787038411437,0.12396450473701873,0.007225277033689833,0.0034580133992016177,0.0002677815501979627,0.2663640322108569,0.26623001001582497,124
2.9153914247609998,0.12258613279882065,0.006241006911373637,0.0034459728246445014,0.0003380606025980549,0.2683864244103647,0.2682756830851275,125
2.942596315933286,0.11577139692315709,0.007848195231560471,0.0034486742818557233,0.0001388145275770893,0.26178195771411056,0.2616829718248547,126
2.9240850714122053,0.11673313483167029,0.006546824882174847,0.003463184152915389,0.0001388480449369277,0.26178338003023444,0.26167771919643323,127
2.9421406115780417,0.1270475388153632,0.007614538436420123,0.003480270282217522,0.0004586294939535124,0.27141563666934776,0.2713015352053881,128
2.9465863362207614,0.12496541170695168,0.007889053995015112,0.0034688949546487617,0.0005300919958455102,0.27302372680183445,0.2729181690815586,129
2.910948979979849,0.11096795691385901,0.006505809825182038,0.0034479667054217442,0.0002147337638948026,0.26465379691052127,0.2645631881212889,130
2.915448288970937,0.11195836130119338,0.005945748690618008,0.003459700280474036,0.00010334166519774587,0.26016571026528623,0.26007905441576457,131
2.914499084644184,0.11614683965436338,0.0066053479259442546,0.0034673609204522297,0.0003924085518307355,0.26980930467812375,0.2697268367908338,132
2.9005278788460114,0.11233044351527886,0.005891036014947683,0.0034679098513974702,0.0004224656441752085,0.2705539690613567,0.2704630853194038,133
2.934132847404404,0.10842350811145593,0.006285807508505223,0.003486821403579419,4.022532265354231e-05,0.25634234362468183,0.25624008661181713,134
2.923936593650187,0.10679342273011773,0.006334247571509864,0.0034774363450264514,6.78708415553544e-05,0.25823837614796474,0.2581461334708272,135
2.902558196652594,0.10891525952981891,0.006017866150759537,0.0034538388122465824,0.0005374887287266408,0.2731838031549321,0.2731077512343016,136
2.9061118952896203,0.10892657035296693,0.00650892059708051,0.0034748344778980107,0.0004066042869167781,0.27016443123216666,0.27007232516598556,137
2.9007636440099542,0.1058085338790342,0.0051569051343387995,0.0035024151856482525,8.691551152615202e-05,0.25932284889538343,0.2592246468521781,138
2.8943386579481976,0.1039748313263986,0.005870782538920531,0.003494475830785271,0.00021556333688994335,0.26468207536045035,0.2645975884708844,139
2.904870824316988,0.10772387404103634,0.006205617350529496,0.003484323981117254,0.0005508722248214754,0.27347066732799635,0.2733797040223128,140
2.8917178709297096,0.10422902917731083,0.005895396592831196,0.0034896984021829305,0.00033920964669572023,0.2684176449823456,0.26832455450268955,141
2.9097719449760127,0.10072116533557693,0.0060770291683034765,0.003508916529412182,8.475071612385503e-05,0.2592060152141877,0.25913050435149587,142
2.9038130215820743,0.10040808999600577,0.006198865209920883,0.0035164689439610374,0.00012748917240937527,0.2612911103266851,0.2612147456473975,143
2.887358731451099,0.10373845846999043,0.005541970951577968,0.0035150058636310437,0.00045104628272148867,0.2712378502377592,0.2711482037022976,144
2.889077334948314,0.10007913017487234,0.005987443237675468,0.0035117070671506928,0.0003886733561814056,0.26971480043473445,0.26963792569557476,145
2.8805425156140623,0.09707335756641602,0.004949855300756494,0.003518471736466867,0.00013561121929693204,0.2616452230247828,0.2615840038969382,146
2.8806284378022275,0.09898081790934429,0.005414879093146141,0.0035217049428557085,0.00025338163770087876,0.26591796587824207,0.2658498442561996,147
2.873495593005772,0.0974142609398995,0.005058535597682429,0.0035281376176855136,0.00044644379198971365,0.2711292165493592,0.2710624728372905,148
2.87698715134551,0.09628135090827844,0.0047683650872147754,0.00355835585448848,0.0001359407237148745,0.26165936206294643,0.26159824801242126,149
2.8670265768630325,0.09495533532279565,0.00458708241177707,0.0035404541107391086,0.0001972600664292383,0.2640449302749867,0.263986882481934,150
2.8780679851044826,0.0931787968889732,0.005221676573859045,0.0035218526621147586,0.0006088779509051281,0.27467545239514624,0.2746266910023048,151
2.862838961510894,0.09397779823853858,0.004648217884821513,0.003563045046416862,0.0002988118671238247,0.2672861756072251,0.2672325289744737,152
2.8919400477235353,0.09270791152311568,0.005300118135700423,0.0035781234322063084,7.606011211037112e-05,0.2587212448715978,0.25866839221001453,153
2.880292787274281,0.09080285212440423,0.005421365334838942,0.00356894117406233,0.00014347162265747112,0.26197796404475615,0.26192776495732784,154
2.8676536377637882,0.0905945479554967,0.005036317314700719,0.003563449470179464,0.0004946313412424026,0.2722403089286638,0.2721936050629594,155
2.8665789513387168,0.09140464067913519,0.00509554272188432,0.003588650055415962,0.00036271175905415486,0.26904499301796025,0.26899920173854674,156
2.8647450588743624,0.08786279157543896,0.004510581526058442,0.003593428835254273,0.00013466709049992186,0.2616046150517767,0.26155950757954616,157
2.8561887936215244,0.08664820189874683,0.004556148625517764,0.0035863279886808376,0.00023068720316506418,0.2651883904073165,0.26514497764011585,158
2.8773469836858796,0.09002429667802937,0.005758870368274476,0.003610808536281194,0.00047970788334398716,0.271902234665531,0.271866120112389,159
2.86979576600486,0.08850367245520147,0.005462354581630406,0.0036178608806266047,0.00041894424632642966,0.27046812757255606,0.27043311021356886,160
2.8553395627058924,0.08349954689529773,0.004482094930672044,0.003606136198216622,0.00017807911549157874,0.2633446287131407,0.2633044770292293,161
2.851881133222,0.08388848335873748,0.004323724194555447,0.003612663451004851,0.00019700912734188484,0.2640359939919439,0.26399765919563073,162
2.8613966696387783,0.08533147019653438,0.005087394117522546,0.0036303512850126302,0.0004395308784075781,0.2709649917340212,0.2709366618496914,163
2.8512398744517387,0.08367181056551537,0.004578044179425433,0.003635671911852789,0.00039299971524361883,0.26982422041956805,0.26979445117909995,164
2.863322294227701,0.08120239643857263,0.004968171856575507,0.0036335109979473753,0.0001475429739906917,0.2621467268838437,0.2621098270046869,165
2.85997183396133,0.08045809408049533,0.004843559776473003,0.0036359044901333403,0.00015383158848665304,0.2624028862966107,0.2623713982722167,166
2.8435241459656506,0.08096985826595735,0.004257108550642424,0.003646633463868054,0.00038008884009030857,0.2694958672566857,0.2694733208266181,167
2.8384979945428133,0.08100802046081947,0.003926498803748426,0.003658099903611153,0.00035387011017684654,0.2688114356224305,0.2687819059720564,168
2.8650683886674306,0.07810103177321243,0.005364275210124284,0.00365363629195791,0.00015669913664950814,0.26251795257418353,0.26249363227740713,169
2.8577968199073154,0.07758493252923972,0.00488498502432581,0.0036617024838488483,0.0001525989985204017,0.26235309671784374,0.262329158677672,170
2.8379673413015882,0.07938866842921458,0.004001018573614516,0.0036788570428943844,0.0003488202398578765,0.26867672990268576,0.26865025190246455,171
2.835554110914815,0.07691084369012204,0.003960352365204202,0.003671667721711252,0.00041900937685786205,0.2704697185339189,0.27045129941262314,172
2.849074703848171,0.07618476037159297,0.004332341236023638,0.0036850006748256406,0.00014411638377461624,0.26200484834450716,0.26198007723849004,173
2.8395818273320317,0.07526397740488457,0.003857170631621682,0.003691235900392594,0.000157204087627416,0.2625381054241626,0.2625127706009409,174
2.846188020803797,0.07546382239990417,0.004650687969306562,0.003693144867203523,0.0004847972408969183,0.27201811165601897,0.27200178491787375,175
2.844771092659374,0.07615807192260214,0.004542022166198418,0.003705237331677582,0.000469573345949274,0.271669641112609,0.2716534272825802,176
2.830005091698718,0.07390654302297779,0.0034488392857393206,0.0037089127283639347,0.0001793607529910774,0.26339256334653965,0.26337085364824186,177
2.8274561887955425,0.07143389339357657,0.0036642977342526833,0.00370070743243903,0.00022967332460389905,0.26515497689222584,0.26513748396410963,178
2.841261900815825,0.07647636744148846,0.004367606652306328,0.003737307389403984,0.0004208926032670038,0.27051566726350873,0.2704981575677437,179
2.8301909803655656,0.07377613626251663,0.003829041379652934,0.0037333619520619316,0.00040582767087660046,0.2701451649503448,0.2701303850259142,180
2.843075035652898,0.06964244056764042,0.004605883863782334,0.0037119305681438783,0.0001789152229012074,0.26337591951610084,0.26336198670378946,181
2.842948668892684,0.06957381921810431,0.004346695545177245,0.0037286749736206225,0.0001413796448047131,0.2618903172709862,0.26187337002854827,182
2.8202767375586277,0.07273656025925297,0.003263531355647434,0.003756632567761572,0.00032185003958420423,0.26794017947469323,0.26792397688999275,183
2.834396146855267,0.06765807382432207,0.004377542806122861,0.00372854450645876,0.0004901318901663068,0.27213892251592897,0.27213206184363686,184
2.8119048731041754,0.06832349118769616,0.0029369288622507713,0.0037501598271485964,0.0002681991732439889,0.2663767876350641,0.2663650360650663,185
2.875310784243288,0.07996778894682342,0.006259357036934102,0.003809419906131012,0.00022284488601772277,0.26492799001934697,0.26490491082800793,186
2.8548917877828344,0.07358410940603799,0.0054886137396106555,0.003790646418937687,0.00029290675113129204,0.2671145187233323,0.2670975761314452,187
2.839243971830478,0.06499149452241462,0.005033156170023041,0.0037383756005860158,0.00039632245083843186,0.2699078489756787,0.2699040071082061,188
2.852939048996328,0.06720129082166974,0.005787991566619495,0.0037590945578317584,0.00029096847984045395,0.2670577982119749,0.26705368805372914,189
2.8397216312771802,0.07207324194431743,0.004249348690665245,0.0038243851228304685,0.00018430923619068662,0.26357605377827764,0.26356230503315653,190
2.8275962731989353,0.0710817203597089,0.0038011318607755378,0.003821784895131674,0.00027007642363158517,0.26643400205767254,0.2664195027262815,191
2.850956293711469,0.0619382962919128,0.005920668858717324,0.003764375553580408,0.0004631686153911579,0.27152135254558035,0.27151718618544024,192
2.84176539274568,0.062245896257719154,0.005395165567468343,0.0037709521406045954,0.0003829952754433507,0.26957026508362497,0.26956673312316326,193
2.815693117999664,0.06747172231115595,0.002936967303756285,0.003831000851418297,0.0001808351123153637,0.2634474946482742,0.2634367136170513,194
2.8153446359666723,0.06678784397897099,0.0032944669085696095,0.0038282156605339308,0.00028241401468142625,0.26680517821034416,0.2667961838608783,195
2.8266523017313636,0.06078458784975121,0.004366160368388087,0.003787223935718762,0.0004689158190955988,0.27165446418398753,0.2716507071095833,196
2.816504267885116,0.06112484829205291,0.003790235179686437,0.003815754209948452,0.0003209244676303371,0.267914364840271,0.2679077883738924,197
2.8357277427390537,0.07069520647217747,0.003866730498899085,0.0038734459048763085,0.00015095769735182736,0.26228648433653123,0.26227510403887505,198
2.830876892781663,0.06736720084417364,0.004104888740708334,0.0038506736544135934,0.00021205740955346702,0.26456219109727197,0.2645555657903078,199
2.8209101298428023,0.05920368513257344,0.004121981318839624,0.003790382476912328,0.0004518246068589713,0.27125616632553884,0.2712544395403051,200
2.813955112043665,0.05920858219755929,0.003752553708918155,0.003826516030059384,0.0003632541407888579,0.26905922718236125,0.2690534549673488,201
2.829837092838793,0.0685570108244847,0.0037035483966447787,0.003901708832195087,0.00016370133229260962,0.262794582146073,0.2627811280978192,202
2.8138458948767573,0.06497982742245222,0.0031406240436458724,0.0038769856093632676,0.00021530159667172358,0.2646731590556268,0.2646653577509294,203
2.8320240442153204,0.05808899456132546,0.004877321080078139,0.0037985965520907776,0.00048219837188028615,0.2719590157311362,0.27195747021809535,204
2.8277541089400113,0.057666605859773595,0.004717489712989515,0.0038142698694234177,0.0004282598216041379,0.2706944393884961,0.2706907694865071,205
2.808469219040884,0.06405554506728241,0.0026956131755899275,0.0039002819083854027,0.0001833553205553529,0.2635408759153665,0.26352826612291397,206
2.8062920770924333,0.0623016245569657,0.0029186046795166365,0.003887685568788685,0.00024720039913820826,0.26572260789876184,0.2657162968591925,207
2.824433293624173,0.05655701679223625,0.0044663526449829636,0.003821065310885455,0.00048520779666050653,0.27202743282047426,0.2720250971746966,208
2.8147571012577495,0.056601650564041435,0.003967841749527228,0.0038408885711948403,0.0003852544536523162,0.26962789987880303,0.26962193743990903,209
2.8210535548560642,0.06544363688956013,0.0032593502338915366,0.003930434372954859,0.00015391739394455902,0.2624063449067225,0.262394038350522,210
2.8208553447803757,0.06534219599627346,0.003505365969520258,0.003922424022406913,0.0001967350120862061,0.26402622586750285,0.26401941335684065,211
2.805148448591639,0.05403635557024869,0.003404153293025503,0.0038397565686928226,0.0004580780519757795,0.2714027580460038,0.2714009739769341,212
2.80186873909961,0.054812374891152794,0.00324157149563117,0.003859574565969997,0.00034854667494289317,0.2686694047827694,0.2686616601826516,213
2.819686997417146,0.0637321473673662,0.003243854063940633,0.003948927031277247,0.00014857689464872076,0.26218921222428754,0.2621783587745207,214
2.8111977102716468,0.06284567954984688,0.0031073372866336547,0.003936287847461838,0.00021514972890644866,0.2646679831233353,0.2646636806323917,215
2.809513063919031,0.05268366306117346,0.0036870042204472076,0.0038473797096296703,0.0005038538561569213,0.2724466892025733,0.27244533170410884,216
2.8075218972766125,0.05275404657986862,0.0037393059596226227,0.00385935404829297,0.00038814213864971943,0.2697013232715399,0.2696944813458463,217
2.8053528674649755,0.05976122075463691,0.0025146736146875186,0.003946678906103738,0.0001436583592627761,0.2619857565160809,0.26197415128061297,218
2.799678895772823,0.059353793963260584,0.0026384851837741256,0.003936408703254044,0.00023409217499021864,0.2653000710779466,0.26529735780715835,219
2.8154343506428963,0.051774434857942656,0.003990114944413706,0.003855223141957617,0.0005594241954529408,0.27365214991185666,0.2736509642002754,220
2.80983477992202,0.05156114966981721,0.003913689110484588,0.0038695114348611653,0.00043794588771486063,0.270927156704026,0.27092053476519906,221
2.8024019419955177,0.05808862574311219,0.00239515088199493,0.003958516057089937,0.00013939957851446922,0.2618067598651988,0.2617953197640667,222
2.7989418928662286,0.05822353134604667,0.002568170301603443,0.0039499568319967095,0.00020733432095056643,0.26439910833873287,0.26439699308179976,223
2.8092408629036876,0.0505860491048915,0.00366407932894783,0.003867874074476029,0.0005569368440685493,0.2735995094031327,0.27359866301360813,224
2.80215897369809,0.05039437032204588,0.003460197247736568,0.0038844046447259455,0.0004494890045249434,0.2712011557355948,0.2711937727313449,225
2.806482059371117,0.05778486828546524,0.0026062179279402005,0.003979280587896975,0.00012999003091312495,0.2614013170692304,0.26139000047437594,226
2.803289830756524,0.0578150364458472,0.0026588445651063884,0.003972987956007044,0.00016428021711267245,0.26281718444560553,0.26281451404053807,227
2.7998308600789006,0.049405153227487515,0.0032405880550238648,0.003884763063460786,0.0005118184673264923,0.27262340529908113,0.2726227909858895,228
2.7955766587558837,0.04923335510017937,0.0031008853141216604,0.00389877059490111,0.00044803135192519856,0.2711667510951775,0.2711586281515007,229
2.8074253542315613,0.057308520175139835,0.0027344763869236264,0.003995374486054501,0.00013373085381549794,0.26156420571485556,0.2615538454589265,230
2.803413136003056,0.056747299628718405,0.0026674442843800583,0.003989385887773811,0.00015385540244415292,0.26240384627622226,0.2624013912279164,231
2.796782091293626,0.0484207922049151,0.003166582572765871,0.0038990901795424573,0.0004848834809427529,0.27202006995771705,0.2720193116971249,232
2.794855372672271,0.048132197903268246,0.003104987346225561,0.003907392862009304,0.0004597933633825527,0.2714427928074342,0.27143461380753847,233
2.802029904404868,0.055884584847876236,0.0026259687662322307,0.004000287136322343,0.00015336055365228502,0.26238388281809405,0.2623751460677214,234
2.7980521952732555,0.05503893535719994,0.002515553117675433,0.003995524241091031,0.00016745457900502647,0.26294042422044295,0.26293914367260046,235
2.798325390562399,0.04752772970930406,0.0033327677459906407,0.003910798825544465,0.00048315360056190094,0.27198075523183635,0.271980009727198,236
2.7966939666818167,0.04721978111885208,0.0032682989481294107,0.003917818339392675,0.00047024787492641384,0.2716851994440082,0.27167767727988473,237
2.7956699254271085,0.054048785565280526,0.0024618934495300665,0.004004553753036454,0.00017446814607917753,0.26320863906991093,0.26320095959277856,238
2.793119642781145,0.05347602597864141,0.002400302905865497,0.003998995532854623,0.00018655798104785613,0.26365862295576886,0.2636582055006023,239
2.798034005062232,0.046567111298248774,0.0033871743124658177,0.0039213740000009,0.00047861971810314266,0.27187737914155036,0.2718767571517331,240
2.795410756739716,0.04639197522257229,0.00326836025329258,0.0039324148668209,0.00045425899660282433,0.27131335254254535,0.2713056220367835,241
2.7936643438792865,0.05296317652420486,0.002432049980081962,0.0040161470368883226,0.0001798895405638504,0.263412290653123,0.2634059726858096,242
2.7922059577113627,0.05270452170271098,0.0024487362866211226,0.004008061031688084,0.00019839552434825235,0.2640852946134702,0.2640852509397181,243
2.7939054616516663,0.045529340126172727,0.0032038899573778043,0.003932329537093168,0.00046758647153068893,0.2716237478604124,0.2716233959809934,244
2.791364093665744,0.04545948029103234,0.003109013966662536,0.003946433737903258,0.00042357760588847997,0.270581001090532,0.27057248807620893,245
2.793997936118044,0.05223965663521888,0.002480476598055417,0.004027699751536042,0.00017586654706429482,0.2632614685108511,0.2632565615553434,246
2.792482454522466,0.052096885234056964,0.0025438087192806874,0.004018476513660749,0.00020661741804495082,0.26437419277889895,0.2643741775803348,247
2.790253381357416,0.04460184875209629,0.0030254396707464705,0.003944549314185013,0.00046597297900153413,0.2715864072740587,0.27158615041194195,248
2.788883569936931,0.0446394557037183,0.003021577130020878,0.003960624798595276,0.00040377773153246613,0.27009422134675704,0.27008448415929187,249
2.7922190149437847,0.05111931494634475,0.002431314395284101,0.004036134916616138,0.000174878547891829,0.26322416530038206,0.26322022911325255,250
2.790345087074366,0.050939439331908365,0.0025281059042800112,0.004023701599328462,0.00021926446124835618,0.2648075812085687,0.2648073354332863,251
2.7897941483411444,0.04374109587306612,0.0030338801088336323,0.0039540475537632545,0.0004749829016636032,0.27179410245143404,0.27179366747718553,252
2.7891904389446807,0.043957132946296426,0.0030905849475312873,0.00397226267791401,0.0004001412205284001,0.2700035302016519,0.269992560344067,253
2.788535502328593,0.049646954005780196,0.002295527101510997,0.0040425302545662005,0.00017685037716807747,0.2632985103364278,0.2632951324392193,254
2.7876005373940687,0.04963294359247924,0.0024751949243107803,0.004027473008939988,0.0002319226986767999,0.26522900846006725,0.2652282293182859,255
2.789277937166693,0.0429181821676439,0.0030419483336204863,0.003964367524466965,0.0004807353925390123,0.27192567883872726,0.27192488994168357,256
2.7886839546539237,0.0433385656655829,0.003101953853163076,0.003985686131603521,0.0003951423145646577,0.2698781869033536,0.2698655999763698,257
2.7868618105540497,0.04860209595952121,0.0022593331761475927,0.004050584933181516,0.00017776025651733825,0.2633326762698769,0.263330457646566,258
2.7871516802231393,0.0487313205267069,0.002520407147014676,0.004033615676495651,0.00023696661772453474,0.26539372007425543,0.2653919992664706,259
2.7866407100604254,0.04207759430195122,0.0029323910407002465,0.00397577930158638,0.0004758420137275273,0.27181380328433186,0.27181276367220497,260
2.786709707185773,0.04269999312268103,0.0030215666912137154,0.003999852410210158,0.0003833305825621104,0.26957882995896615,0.269564617724866,261
2.7864277978663563,0.04783867804411347,0.0022984566107611378,0.004057646350066532,0.00018071658206538052,0.2634430867759373,0.2634422778938426,262
2.787075014211207,0.04789339710741705,0.0025863555598666607,0.004039734563879054,0.00024251457589066644,0.2655728794990094,0.26556959486339016,263
2.7848841853190787,0.04138782678216772,0.002879128782957337,0.003988527181845542,0.000466877385204578,0.2716073456307011,0.2716056504778182,264
2.7860910547676494,0.04215538955488916,0.003021032225686844,0.004013126744266507,0.0003747971610436302,0.2693596787432961,0.26934365866376403,265
2.7846447826170047,0.04684585798664273,0.0022925746580324795,0.004061334937996897,0.00018955460301723874,0.2637678830259862,0.26376781007578054,266
2.785621524006941,0.04679525248017657,0.0025934187597084265,0.004043135409434815,0.0002549090321801729,0.2659658708556775,0.26596033114705153,267
2.7848338894844344,0.04093025744666817,0.002930486641406022,0.004003122486516491,0.0004535473423476248,0.27129665096553035,0.27129317569519035,268
2.7861530195171396,0.04171554089738848,0.0030572845715537257,0.004026569612030698,0.00036624958087649,0.2691376482587723,0.2691192631358692,269
2.7834418152880316,0.04593504951492124,0.0023351950284311194,0.004062625556704719,0.00020279228311133186,0.26424051554935185,0.2642402716513908,270
2.7848287249227703,0.045824582715514595,0.002629298413634816,0.004046080887261373,0.0002665362686609847,0.2663259385231289,0.26631775844132677,271
2.784149708171106,0.04057227152740731,0.0029445971591394804,0.004019365500212202,0.00043070926004763516,0.2707535360853912,0.2707471921942869,272
2.7847930893304214,0.04122650786410731,0.003001460962242277,0.004040318682133903,0.0003531908866005905,0.2687933734757917,0.2687726450700044,273
2.7841763103907056,0.045288903647535364,0.0025002951221060666,0.004062094716302516,0.00022142781338233748,0.26488045071166655,0.26487827219740534,274
2.784490581062021,0.04498292193345803,0.0026785096940177156,0.0040495218862117545,0.0002756247180968078,0.2666019492258231,0.26659121949389775,275
2.7838646545158143,0.040332918067137985,0.0029757255511750806,0.004036445238399163,0.000401410458043901,0.2700352304215325,0.27002438677825585,276
2.7833864429405164,0.04067604564182064,0.0029438216298792418,0.004051799984072316,0.0003453676913640429,0.26858407090397696,0.2685614016939315,277
2.7844575116079593,0.044500539550939515,0.0026451869637838105,0.0040604499608121744,0.00024555696758285576,0.2656702574191637,0.26566477309519654,278
2.782738549367287,0.04402055022653363,0.0026347441763607637,0.004053775971765815,0.0002813803895620573,0.266774396846446,0.2667625023540539,279
2.784619762884093,0.04019077034620578,0.003054879629245947,0.0040530335641132875,0.00037169828680333917,0.2692794783851467,0.2692624074907122,280
2.7821763764523437,0.04005518488589365,0.0029038138224661103,0.004060530165418561,0.0003465885048963126,0.26861688762646196,0.2685927844622518,281
2.7837431511266573,0.043564651881816366,0.002712991047242007,0.004060026627358495,0.0002694102102279876,0.26641372018245674,0.2664051972844073,282
2.7803444593161193,0.04309579785191747,0.002532187715037989,0.004059904961547596,0.00027840094465951776,0.26668535119976555,0.26667386967566864,283
2.784121149122369,0.03986207239572387,0.003047283276324717,0.004066523605575116,0.00034996152206536986,0.26870725853954475,0.2686853420899962,284
2.7800462185356927,0.039309281170381995,0.002810644803554028,0.0040677299868254,0.0003554460579411309,0.26885327711410223,0.26882906934962175,285
2.7823681708414494,0.04266926772834918,0.002705300379774684,0.004063156040807279,0.00028420945032164705,0.26685851269601346,0.26684837960239416,286
2.7782048406784763,0.042275092996782476,0.002428214973493805,0.004066888330725556,0.0002691748706164033,0.2664065496255734,0.2663959242813711,287
2.7815592120491557,0.039231842709547125,0.002917826463724951,0.0040760382994887035,0.0003421978801420017,0.26849859130155596,0.26847551959828403,288
2.7771342535065138,0.03850687768112968,0.0026672707560889707,0.004075332912093507,0.0003668198745353367,0.26915254224731894,0.2691295430553176,289
2.780307236884579,0.04188695599581948,0.002620375998695513,0.004069635766223822,0.0002845313746952782,0.2668680578222651,0.26685764847128457,290
2.776207554929409,0.04142139461731625,0.002337478734502566,0.004072935959139664,0.0002619676412949363,0.266185414461636,0.26617508547202545,291
2.778595725013788,0.03848106196815437,0.0027709040250258124,0.004083850362947009,0.00034826625399561844,0.268661893097851,0.26863973998207036,292
2.7748031490602028,0.037828069857117085,0.0025549678504967087,0.004085125309127673,0.0003721068994776361,0.26929007256278825,0.26926759962112773,293
2.778105980661394,0.04116615288046403,0.0025087613717003823,0.004076454998004463,0.0002764385382992184,0.266626440939035,0.26661597686054006,294
2.774685175551566,0.040573787170693064,0.0022920699429294614,0.004077401657760233,0.00026203224229559124,0.266187409993436,0.26617598831250133,295
2.776707655554814,0.03778239963246537,0.002690502940941982,0.0040924808472025676,0.0003577614064776853,0.2689145818478148,0.26889277303806147,296
2.774062903171635,0.03737570143791107,0.002535703462448459,0.00409623909102705,0.0003699838241642391,0.26923496358624677,0.26921036432527823,297
2.775958299176742,0.04032610405613943,0.002415609187229476,0.004081369321710593,0.0002731519090919544,0.2665273079807921,0.26651644660347956,298
2.7737083401264853,0.03984937982881724,0.0022832037141296006,0.004081263035122704,0.0002664073906595113,0.26632199101395143,0.26630840316720084,299
2.775058231697009,0.03713846632570689,0.00262273819180795,0.004101690453261058,0.00035795428718871547,0.26891967989128557,0.268896545224088,300
2.77293124495649,0.03693017477179621,0.002489935258640548,0.004106416391478975,0.0003669503902184563,0.26915594921214964,0.2691287262839233,301
2.7746847211452907,0.03959720309201097,0.0023852314436252336,0.004085230602272814,0.00027706005469742897,0.2666451210478455,0.2666325218978461,302
2.772358659705672,0.039127846007865716,0.0022424177102789563,0.004084843598927463,0.0002672258449133771,0.26634704391972375,0.26633240305487144,303
2.773952330875561,0.03663503519088665,0.002581343409515109,0.004110709776615798,0.00035411661908616376,0.2688179865842806,0.26879094825151845,304
2.7713182252181134,0.036432317982252396,0.0024131097450731135,0.004115024702829481,0.00037105754610359826,0.269262854048754,0.2692343357513935,305
2.773618475354381,0.03901821189742935,0.0023546350077471336,0.0040886676735427015,0.0002788778213959496,0.26669963536715546,0.26668479338813306,306
2.7706000343457897,0.038353245126672694,0.002166309352629672,0.004088251311423098,0.00026199904918944333,0.2661863846855758,0.2661722742677718,307
2.772772735349895,0.03620319290697137,0.002528728413839399,0.004119749264817348,0.00035908289221836596,0.2689494826372217,0.2689189595463486,308
2.769327920769773,0.03588552493670397,0.002313438551685458,0.004122045252969033,0.0003778517084356781,0.2694384080735969,0.2694104288921176,309
2.7728785002300413,0.03847634953513127,0.002325501007882991,0.004091848700079971,0.00027033797655916524,0.26644195780797303,0.26642533135193003,310
2.769244066410454,0.03760069576801064,0.002119947748720887,0.004092259913470114,0.0002592162906863751,0.2661001953617456,0.26608599771556907,311
2.7713332301637923,0.03571272750613898,0.002460425172821471,0.004127061645123313,0.00037163748327272275,0.2692779014229434,0.2692466842899792,312
2.767433518674185,0.035352941361432924,0.002224130607863556,0.004128264705087065,0.00037599947849772605,0.2693907059824475,0.2693635624825656,313
2.7717429330775203,0.0377092714960991,0.0022837461247953695,0.004096270046323709,0.0002620516862853691,0.26618801057219105,0.2661703587706025,314
2.7672076533898884,0.03681307636771077,0.002048400661471694,0.0040958577063183585,0.0002646470284256868,0.2662679755478574,0.2662539459261662,315
2.77026456318823,0.03525742577382711,0.0024150146018539495,0.004133606688811937,0.00037917543407964385,0.2694724275343277,0.2694406356291284,316
2.765546998193336,0.034788633696472386,0.0021400316506466855,0.004134434173519356,0.00036864620378469293,0.26920016155621335,0.26917377246052526,317
2.769874327309557,0.03690741642000196,0.0022120601685857713,0.004099854928504257,0.00026172727870685367,0.26617798747393673,0.26616061130151863,318
2.764975344650818,0.0361470031020065,0.001959148475772534,0.004099611387520235,0.00027224622528989684,0.2664998856144489,0.266486693017702,319
2.7681408500983102,0.034663950393454004,0.0023143037151347173,0.004138613561859835,0.00037750203435670584,0.26942941158030026,0.2693982200020795,320
2.7634873009452865,0.03422093728224067,0.00204359712213667,0.0041398341892294995,0.0003602785507862248,0.26898100499937305,0.2689547759220047,321
2.7676886701355015,0.036278066004253616,0.0021234513285000828,0.004104546405331797,0.00026887852337698873,0.2663975157684629,0.26638131262769177,322
2.763262896890237,0.03546496435011359,0.0019017694094688063,0.004102175148374036,0.00027857713949360196,0.2666906302904834,0.26667811089187304,323
2.7661212712702365,0.0340894261119969,0.0022236405359451136,0.0041428554745846615,0.00036497083951182713,0.26910420999444434,0.26907230941679233,324
2.7620948215020737,0.03375380332466199,0.0019808824767518912,0.004146033596401769,0.0003622302860658877,0.2690323484117407,0.26900524958862604,325
2.765689465812036,0.03560934915496566,0.0020529239963705675,0.004107428802641605,0.0002788053810060641,0.26669746630498364,0.2666822506797835,326
2.7618498596503263,0.034778937839075895,0.0018424631847745953,0.004105087890286155,0.0002720354420340467,0.26649349696195584,0.2664820636834362,327
2.7641742079303424,0.0335272499160046,0.002131465495861881,0.00414639986538407,0.00036514116494631695,0.26910866727289784,0.2690772207316207,328
2.760507717254635,0.03326044538047784,0.0019058651221718972,0.0041512143871520295,0.0003681292687471629,0.26918669509705,0.26915978155323494,329
2.7643849957427484,0.03497614923757796,0.0019980043367260796,0.004111531614960967,0.00027271552888325266,0.26651410091053257,0.2664995903956662,330
2.7608695038030744,0.03417483346430835,0.0018214018987159472,0.004105619242740402,0.00027443044093700543,0.26656594219889124,0.26655394075871736,331
2.7623932699213563,0.03302575701697909,0.0020455776103324758,0.004150507559296944,0.00036761381671374024,0.2691732578534202,0.2691425983761003,332
2.758796989193046,0.032759490557998004,0.0018272468650154178,0.004156938354083101,0.00036333986790311083,0.2690614760158575,0.2690350375438826,333
2.7635412438870106,0.03441066910722673,0.0019847890957217615,0.004112357724721889,0.0002760365339530621,0.2666143472322286,0.26659878845495183,334
2.7597801682357366,0.033601180004678315,0.0017860669915306742,0.004106988704268763,0.0002738709270094043,0.2665490461057248,0.26653712432827337,335
2.7605696896415424,0.03246544523038432,0.0019620298038634915,0.0041539718402127885,0.0003668130128259351,0.2691523631133585,0.2691224212779151,336
2.756886586348679,0.032240411875347603,0.0017353270664874087,0.004161281434255628,0.00036296391739427177,0.2690516119369011,0.2690266373135681,337
2.762535966287265,0.03386348095950158,0.001953332141176263,0.004113824056958307,0.0002755099143900239,0.266598491328733,0.26658292364290936,338
2.758805622278298,0.03301251837484629,0.0017632083134291752,0.004107227363559743,0.0002755054397550953,0.2665983565377749,0.2665864292624584,339
2.7585851656900857,0.03193511533666779,0.001866447705260053,0.004157530012025178,0.00036451768561831567,0.26909234625755346,0.2690634305591598,340
2.755096326563725,0.031785507005235386,0.001646970782709416,0.004166527845308987,0.00036229885183437994,0.2690341496220446,0.2690101270238351,341
2.7614870609261275,0.03327778528902018,0.0019259945815992513,0.004113699782831829,0.0002775334676428693,0.2666593357503494,0.266643960511953,342
2.7579959970292243,0.03244556541316396,0.0017434470993748774,0.004107531522598539,0.0002733797443002925,0.26653419923371835,0.2665226044134734,343
2.756539076419548,0.031424006411125104,0.0017643657192410937,0.004160836022626865,0.0003656378336873095,0.26912165875878213,0.26909409934149653,344
2.753495703518281,0.031321896077697566,0.0015718936613619188,0.00417231971126418,0.00036041464375999793,0.26898458963896765,0.26896094163115053,345
2.760672720231839,0.03269454448081306,0.0019137356501285057,0.004111300261646888,0.0002793813638276067,0.26671470501766653,0.2666995203421707,346
2.7578064658728025,0.03192867418898685,0.0017616541311736963,0.0041076163508008134,0.00027139285073985456,0.2664740053035033,0.2664624242735156,347
2.753548045113093,0.03076256415626454,0.0016115682198924418,0.004161708339743038,0.00036297385644178137,0.2690518727804324,0.2690274874669664,348
2.7523442382453855,0.030906896198878268,0.0015243057370766889,0.004179000251365077,0.00035803171454963065,0.26892172599288,0.26889994522813054,349
2.7573078826269932,0.03149399435483323,0.001789059629348499,0.004110572053677514,0.00029052723293270357,0.2670448594283644,0.2670362247074557,350
2.762414102721469,0.03165360672269531,0.002079674327852307,0.004110917621051722,0.00026787671565114615,0.26636693971551023,0.26635379717661267,351
2.740951560008827,0.029243584863789862,0.0008821239633166156,0.004143764114701808,0.0003289679250854647,0.2681374729520257,0.26813224583541306,352
2.7461752144207043,0.031004424530723655,0.0011178117044361928,0.0041836988064949164,0.00035527019815566167,0.2688486126321186,0.26884846375986854,353
2.7630365285223233,0.030259716311103448,0.002142812749049249,0.004118158179730667,0.00023686445487505745,0.2653904013877175,0.2653871459139081,354
2.7477726986150404,0.02892508413347611,0.001320892554098503,0.004090408972818976,0.00028646780845239687,0.2669253599209115,0.2669202015920744,355
2.789205693005233,0.03416647325849621,0.0035295885623208463,0.0042282889165911825,0.000518551675303976,0.2727717297389543,0.2727707770369659,356
2.7929163334799623,0.04027979163341361,0.003527672463922241,0.0042989419789035204,0.0004451288101334018,0.2710980759817904,0.27109736035551857,357
2.7713769995810518,0.03193677536168162,0.0024832533169489393,0.004205957054162685,0.0002079924856392479,0.26442194458591656,0.2644166677405382,358
2.7671175867980287,0.030373882062670155,0.002351001191525326,0.004055656503342163,0.00022051658479104182,0.2648498008333796,0.26484141892497626,359
2.794502985334642,0.028373118511872106,0.004373795609746602,0.004023367835900462,0.0004742523887996175,0.2717773365864519,0.2717772621204141,360
2.7703279666863017,0.02720724470716348,0.0028504843337072766,0.004090077152286084,0.00046893551283749406,0.2716549189062784,0.2716549087540771,361
2.7686992776523103,0.032274014023297125,0.002277170173921652,0.004228258106488798,0.00020707518486350068,0.26439010718735273,0.26438247539769766,362
2.7785916051491886,0.03437076403746388,0.002861230825271617,0.004259395394041029,0.000223758999739604,0.2649585761267443,0.2649520145721256,363
2.7539104931125737,0.028821296943124266,0.0016318648811328937,0.004141668650418857,0.0004769014063280773,0.2718380724041312,0.27183807157444934,364
2.7600017660187666,0.02723367292810336,0.0022849173342636138,0.004043638460401016,0.00037261877707805323,0.2693033359054349,0.26930214066654656,365
2.7623332361045256,0.0288074126418755,0.0018162114270691208,0.004087557419132565,0.00015836765658835869,0.26258442118606806,0.2625692411559722,366
2.7502961216220223,0.02907406853469494,0.0014692453788901871,0.0041586882099431625,0.00028005483941631853,0.2667348390914379,0.2667296379627879,367
2.7761257127567074,0.029325315791992868,0.002686515936242411,0.004160316265942018,0.0006136646602025225,0.2747722558561493,0.2747710019740987,368
2.7676246301929712,0.029008940826002545,0.0026067430200250007,0.004164428457901518,0.0004370771252817793,0.2709063895802642,0.27090627645823884,369
2.7592947196350663,0.028724592094327314,0.0015191525173738538,0.0041553705109380595,0.00014487560860859374,0.2620364283991803,0.2620190313274196,370
2.761550567750713,0.027695905776633018,0.00226533833014476,0.0040908225718860255,0.000257076950272441,0.2660336193753139,0.26602501915170257,371
2.760820825826479,0.026708702338935467,0.002010732160035563,0.0040670779300611215,0.0005624981897045232,0.2737170442868525,0.2737169849508177,372
2.7538247496275887,0.027989608740466146,0.0018278433572328342,0.004147319186878883,0.0003372508530497219,0.2683643908978687,0.26836232855581604,373
2.7707613401177036,0.030873082292293453,0.0022701285797561204,0.004212211970484357,0.00016273575680076383,0.2627567925749682,0.2627434119990321,374
2.7621023018856303,0.02940087819514011,0.0022563559414158193,0.0041620530064197265,0.00029555254652449903,0.26719164176349947,0.2671870878064448,375
2.764253735133021,0.026929200897024545,0.002284683772307324,0.004072578370524362,0.0005423115019800069,0.2732875825705462,0.27328754355775736,376
2.767052391107493,0.027797874094221596,0.0027220060195794833,0.004078230089685657,0.0003347241746521034,0.2682954686917855,0.26829313414013134,377
2.754028078764637,0.027575437461541903,0.0013906913889184674,0.004134192069284071,0.0001650871769308227,0.26284862548799764,0.26283676406748,378
2.7556652211652746,0.028809040942000062,0.001890589784488147,0.0041472812876489,0.0003726093398190045,0.26930309145756204,0.26930218029721925,379
2.7577803772878315,0.028099285627263097,0.0018921979831996465,0.004138851249682216,0.0004974252311903818,0.2723030318833647,0.2723030197221011,380
2.752101798239386,0.027728543352512753,0.0016327527704334756,0.004139993903622001,0.0002562406162172402,0.2660075174907679,0.2660021165771678,381
2.7628772310848952,0.027323478452972567,0.0023440012299137244,0.004104459205581837,0.0002428236619168966,0.2655828001949873,0.26557724405892086,382
2.7554592721118065,0.02688457195879841,0.0020004934754526875,0.0040876999206899455,0.00038133680792204147,0.2695278469863434,0.2695274935378292,383
2.7617257168039666,0.028734802119734924,0.002302942190878646,0.004137861526074003,0.0003658647263585001,0.26912759070971826,0.2691273400842811,384
2.7573295772193642,0.028196323701949282,0.0019992310204805584,0.00417146896243352,0.0002806920783967016,0.26675386756533254,0.2667518677738044,385
2.7579431721356147,0.0284668508679894,0.002060106535078614,0.004143641801939077,0.00031377953895327863,0.26771382338608124,0.26771208931359863,386
2.752100855649721,0.0269672031299405,0.0017800126469932195,0.004108261724689411,0.0003629776121250991,0.269051971344853,0.2690512409810154,387
2.7634609828571026,0.02879660168659939,0.0024010812691066695,0.004118232857345702,0.0003070522629765117,0.2675229068072769,0.26752205208437196,388
2.7576533207942195,0.02696299513080492,0.0021245186915637725,0.004129523415110119,0.00029563686121837304,0.2671940937888094,0.2671936042535476,389
2.7558126658553848,0.0281291442039326,0.001952291122171312,0.004143702610445901,0.00033925064476981597,0.2684187579594775,0.2684184394306756,390
2.7533875391782945,0.027996849190038822,0.001798259507239182,0.004159541344776392,0.00033557965078351824,0.2683188332265873,0.26831765684298475,391
2.7549740892785715,0.027917667692634814,0.0019065668905838982,0.00413712736590416,0.00032653971624388076,0.26807040996335946,0.2680695378969698,392
2.7502319090057936,0.025690071509417316,0.001738016797033642,0.004104225955265439,0.0003236199394351146,0.26798943966428956,0.2679892242197105,393
2.758028415772742,0.02719835328059321,0.002130094012122388,0.004126616519216882,0.00029269378269902117,0.26710829572748324,0.2671074626056384,394
2.7521116985607366,0.027696946293770324,0.0017305725493381341,0.004157567013976447,0.00032671741607127175,0.26807532616777,0.26807467383381406,395
2.756322415111452,0.027024634196758164,0.002051120213888795,0.004149757559080174,0.00037741465266871065,0.2694271627539564,0.26942710846110574,396
2.752555371413978,0.025935478198379592,0.0018647267644144934,0.004135510327580148,0.0003070679279388396,0.2675233537868423,0.26752247575522026,397
2.7528389346569533,0.026737696613483856,0.0017889744337755181,0.004130128478787586,0.00027574339592977384,0.2666055230549891,0.2666033711981656,398
2.7488603105669944,0.02670752441347902,0.0015787370031831076,0.0041268582922491664,0.0003700311372876082,0.2692361934198949,0.2692360642881128,399
2.7555562958671804,0.026359319654261144,0.0020533956748509446,0.004144605050013625,0.0003400123252048337,0.2684394231255979,0.26843930987371145,400
2.750720852480416,0.02619697467203323,0.0016793394859555126,0.004161212262411043,0.00027312886085028936,0.2665266106885317,0.26652492951457624,401
2.7536766620760025,0.026940550632644944,0.0018890759568311144,0.004146779829273767,0.0003430849562620557,0.2685225526389333,0.2685212939169825,402
2.7497434157272918,0.02642597331069864,0.0016515032873384333,0.0041273692614544315,0.00037881745244392064,0.2694632333501893,0.26946288199872004,403
2.753417699679858,0.02586287811111021,0.0018866187333647004,0.004137413085414914,0.00027582067433335594,0.26660784978055124,0.26660695728938294,404
2.7491597098991223,0.025860998472293815,0.0016238315248261268,0.004149119199634468,0.00028951426123949384,0.26701511860785854,0.26701433960342513,405
2.753690934983509,0.02689987083367985,0.0018733510095370813,0.00415357174933678,0.00039181680498482854,0.2697943629598133,0.2697939001213636,406
2.750335426571491,0.0266764822173447,0.0016836747798367963,0.004154662075107946,0.0003414963216714733,0.2684796190889172,0.2684781734862959,407
2.750535729421593,0.02545162647808054,0.0017203406457950289,0.0041434300057905365,0.0002749947091376711,0.2665829644255082,0.2665818505019816,408
2.7472739628598575,0.02556978533254112,0.001551201423763649,0.00413492812823464,0.0003292015757940243,0.2681439129129861,0.2681438094330983,409
2.7531628590186252,0.026638475795954752,0.0018751861460790122,0.004153759760107923,0.0003493917289495061,0.26869202313687596,0.26869120505070165,410
2.7498279329443753,0.0265290058476545,0.0016548604322844834,0.004162961475674302,0.0003249521930700501,0.2680264304028848,0.26802473009453914,411
2.749675994439646,0.02529046816201649,0.0017241277408013582,0.004151329103145072,0.0003179397489093285,0.2678308650634042,0.2678303869532094,412
2.747276030500628,0.025794470178977832,0.0015295031976272496,0.004145877376001772,0.0003161737354244748,0.2677812748537464,0.2677809913657635,413
2.7506007244510715,0.02608318837273226,0.0017396036335684262,0.004147860450334104,0.00033299626425574273,0.26824818523184546,0.2682473715095503,414
2.7469869011257546,0.025961902620047664,0.0015072517378639243,0.004154345339999731,0.00033532686790758873,0.2683119323914105,0.26831091634458376,415
2.751227804333782,0.025695886073116726,0.0017957797722211516,0.004163543472419618,0.0003113067448215886,0.26764388689664464,0.2676432852561069,416
2.748263346485526,0.025644921061237336,0.0016094194364870238,0.00415780976704988,0.00032331963458640987,0.2679810910288116,0.2679807917413401,417
2.7482769442493753,0.025742372945641925,0.0016080746200641738,0.004148924435900036,0.0003355407609890659,0.268317771725542,0.268316990931384,418
2.7451101343409254,0.025662072639797147,0.0013947882898119497,0.004155162356727842,0.0003182879560959593,0.2678406265611934,0.26783938733312124,419
2.751051739133934,0.025525312932434922,0.0018069728136512306,0.004160517569573688,0.00033240990012372695,0.26823211178453354,0.2682319481744872,420
2.747653378133486,0.025252571697894622,0.0015942353706057209,0.004162474083521369,0.0003220263587855396,0.2679450928887409,0.26794480782541397,421
2.7473842562522823,0.025728020515762354,0.001539502590032609,0.004162469561318748,0.0003148294185837581,0.2677434331115418,0.2677418005735762,422
2.7445136054135806,0.025422387607536057,0.0013797277870458693,0.0041564034119445144,0.0003476289678486209,0.26864481074853325,0.26864403466362524,423
2.749479482567737,0.02518957883569719,0.0017156705265007253,0.004158470575966696,0.00031462360018608745,0.26773763231623904,0.26773744795839843,424
2.7458654254349195,0.024947895735506945,0.0014830300055270725,0.00416270282812741,0.00030522272074596764,0.267470624509329,0.26747020907138513,425
2.7478677365833883,0.025567053379479066,0.001593368634426756,0.004166633045274532,0.00034881059330614566,0.26867647165034514,0.26867519817442653,426
2.7451059390810673,0.025403264005754246,0.001418803938726113,0.00416647615915001,0.0003348542161799411,0.2682990222738796,0.2682977263665564,427
2.747263722414749,0.024767204999767433,0.0015908082843341627,0.00415848257317985,0.00030785094928491617,0.26754568178455645,0.26754553155782496,428
2.744183686350423,0.024729025209180272,0.0013964472294851586,0.004159747553297138,0.00031948498169048507,0.2678741428239366,0.2678739312880406,429
2.748064792979268,0.02541357426891967,0.0016155908914886026,0.004172039785684794,0.0003374630905524181,0.2683701684954825,0.26836820848633525,430
2.7453541106781207,0.02522434261499816,0.0014479466942282193,0.004170826086924437,0.0003382922814425553,0.26839272360045013,0.2683913658524765,431
2.7456601118715627,0.024635527211761675,0.0014958105075769774,0.00416347698266995,0.0003116333067959426,0.26765313872363616,0.2676530686578533,432
2.742863959034342,0.024665907327876394,0.0013105530580127104,0.004162815157396748,0.000316144564054272,0.2677804545513964,0.2677802240299863,433
2.7479839136574578,0.025069166191551015,0.0016339780100871272,0.004169572178785491,0.0003443114599981616,0.2685556314901477,0.2685536988908964,434
2.745020690836643,0.025034068860892614,0.0014357077421398978,0.004175334030386584,0.0003289991024241524,0.268138332404721,0.2681366600046147,435
2.7447040569973793,0.024630516665729418,0.0014375499372265524,0.004169444485272674,0.0003191113037393197,0.2678636867342472,0.26786367296067176,436
2.741967702834894,0.024277385853921155,0.0012794758031375536,0.004165916456526691,0.0003206098363255277,0.2679055811501757,0.2679054164834588,437
2.747245981520857,0.02486131939754158,0.0015941988530946138,0.004174534887889745,0.00032691680989544234,0.26808084096206375,0.2680780533115499,438
2.744164984627355,0.024725269263605697,0.0014026426585448865,0.004174028347400672,0.00034522773403162713,0.2685803050037298,0.2685790094518505,439
2.744074070376895,0.024343316265226074,0.001410279620118826,0.0041727372364289755,0.0003125797194883858,0.26767992419351355,0.26767991832157595,440
2.741359832507008,0.024145267680795186,0.0012428147374398649,0.004173294160465235,0.0003131327515093722,0.2676955573947071,0.26769529089609156,441
2.746359015349604,0.024584096597078286,0.0015575739602280139,0.004175410932013646,0.00035130074158013115,0.268743018475692,0.2687406730306683,442
2.7433979262695436,0.02449531841445431,0.0013624084890965632,0.0041767838267788415,0.0003264976508923829,0.26806924599678644,0.26806752830807623,443
2.7433737223496646,0.024061792956270988,0.0013848658107867419,0.004172884117815312,0.00031610764976072395,0.2677794164628855,0.26777941184944326,444
2.740715466617692,0.024003112242127544,0.0012150383722781756,0.004177865063350997,0.0003221135612019702,0.2679475224251697,0.26794731416815837,445
2.7456789026066484,0.024421104544385893,0.0015217090746484948,0.004182024142970704,0.0003357194100180092,0.26832264746203477,0.26831949642641956,446
2.742713040533076,0.024224760575715727,0.0013383009668163452,0.004176782650926802,0.00033726480843577074,0.26836477085170873,0.2683634006146902,447
2.742883841917451,0.024003892307149773,0.0013521523335717825,0.004176412569240149,0.000310781120878979,0.2676289852481355,0.26762897632346294,448
2.740340714003933,0.023706753384006723,0.001210685979538404,0.004179599168644955,0.000323825610470165,0.26799515519438954,0.26799496180706694,449
2.744522342211709,0.024203462535401524,0.00145895925482561,0.004186403913757845,0.000335745884191202,0.2683233698917858,0.2683199237296481,450
2.741500897061124,0.02402776009905746,0.0012706294913972702,0.004181323172700964,0.00033710751359683554,0.26836048783657,0.26835921924507095,451
2.7429083613063643,0.023738554659217394,0.001372424311071431,0.004177166021698109,0.000312027496425351,0.2676643000547814,0.26766424482038664,452
2.7404285069068566,0.02352290259942287,0.001225860593749896,0.004182014636886238,0.00031856497271898264,0.26784838851882664,0.2678481311366893,453
2.7430520825334783,0.023932538928541042,0.001380194187408683,0.00418899970974916,0.00034552932321169414,0.26858841906165487,0.2685849871139469,454
2.7402234999624815,0.023831810936936097,0.0011961326687876467,0.004185866315860606,0.00032878357285622624,0.2681323901583941,0.26813112652698284,455
2.7430019033180466,0.023525727971967395,0.0013965700391216165,0.004178549520805513,0.00031740653625123813,0.26781590683213286,0.2678157503976978,456
2.7404379702922643,0.023362652529347407,0.0012354627989859853,0.004184830404119771,0.0003159921864748428,0.26777616906070717,0.2677758062379906,457
2.7419098328362814,0.023664659799540133,0.0013217717816445822,0.004191011830222764,0.00034763614967080474,0.26864500334327684,0.26864133087232117,458
2.7392635952475906,0.023648747574763873,0.0011431542265130093,0.004189471054693939,0.00032569208324120726,0.2680469411048301,0.26804587750873576,459
2.7426403654056344,0.023334266049907883,0.0013877129677741457,0.004181017648112751,0.0003217169837402994,0.2679364707715955,0.26793622312050036,460
2.7399121710782284,0.023124529703969984,0.0012136057983896278,0.0041881467181699395,0.0003124244980503831,0.26767553388303683,0.2676749301803019,461
2.7413621445167955,0.023426991403527928,0.0013006262000600465,0.004193068676113322,0.0003536649805782022,0.2688059825741226,0.2688023960117113,462
2.73896522865744,0.023505088536516814,0.0011292765099635677,0.004193112123374018,0.00031879731998173014,0.26785489624673664,0.26785398755132517,463
2.74139651696218,0.023012057355323922,0.0013301809694275567,0.004182279626827253,0.0003308205393896789,0.2681884727063511,0.2681881350862257,464
2.738778557337999,0.022993572133133702,0.001137415440429875,0.0041944225295101,0.0003022383842490366,0.2673850045800695,0.2673836991951977,465
2.7414586978326665,0.023153719929524905,0.0013155645567143161,0.0041909133062429365,0.00037965431033171263,0.26948471991925244,0.269482275626967,466
2.7400102788492964,0.02347815768227195,0.0011686691241920674,0.004200622151939806,0.00028691120291772596,0.26693845338033334,0.2669370629600314,467
2.7381347135903598,0.022557176509573878,0.0011407115967347278,0.004179847726596572,0.00036823801424726353,0.2691895287656384,0.2691888013262918,468
2.7376226087338678,0.02309998053193532,0.0009642234672556841,0.0042090619869757226,0.0002513044291585696,0.26585258430536074,0.26584772847837973,469
2.7418535960638852,0.022497403109559264,0.001205997952054311,0.004173631909320241,0.0004964508622793057,0.27228117730909446,0.2722810672065127,470
2.743496341305424,0.023570835733826123,0.0012995573007114273,0.0042117679562502786,0.00024163185782408752,0.2655445121449368,0.26554120535133496,471
2.730345664742811,0.022563605552757052,0.0006096355064956383,0.004193003032924168,0.0003076678244450474,0.26754046249233604,0.2675404437183555,472
2.7472530844108536,0.022320330728325222,0.0013643231763862495,0.004184116606229033,0.0005724868500964316,0.2739266974339634,0.2739205518578,473
2.7391140108729934,0.023285166129010635,0.0010481492104553302,0.0042311141538704,0.00025411173991475285,0.26594088265795696,0.26591622682020216,474
2.743117144568971,0.02398848298368786,0.0013712090330654826,0.0041685925049171875,0.0003677972606055785,0.26917804110449184,0.26916425468476646,475
2.733627696409128,0.023111911689464915,0.0007049402522181126,0.004197687446954657,0.00025354370616700433,0.2659230558049328,0.2659228281970682,476
2.757415901839013,0.023567601897465068,0.002082166420641004,0.004207503115501604,0.0005276025847206267,0.27296960131827774,0.27294660410196403,477
2.7570606713301467,0.02466894287566117,0.002229653081214621,0.004240886794473484,0.0003855832117237083,0.2696362728572331,0.269591827130707,478
2.7363653055008514,0.023537095759609033,0.0007129246441141058,0.004221030264160056,0.00020828810624035833,0.26443218993224377,0.26443213215066835,479
2.765018116251667,0.024797228914657406,0.002604160696243275,0.004143725869287117,0.000483742934430878,0.2719941568247314,0.27194970912996574,480
2.7341691883642656,0.022121684903370617,0.00090829263131491,0.004171200095812585,0.00034154229760844566,0.2684808630103804,0.26847692914769555,481
2.8211646330621383,0.0317434545529715,0.0051736392064249,0.004337245849976794,0.0001218766166926508,0.2610397743044254,0.26089153525714953,482
2.871981243600272,0.03789096151973539,0.008652153702390726,0.004365395195880537,0.0002040539396863194,0.26428474499899524,0.26403401680183086,483
2.790935088915043,0.02688563551024665,0.004024809674445278,0.0042463889603982195,0.0005422293124002316,0.2732858178383374,0.2732013621066788,484
2.758502969930256,0.021754711017810357,0.002034812838376944,0.004138806416612632,0.0006078728946505037,0.2746550784758537,0.2746497353204675,485
2.8027668323199975,0.03107978607044764,0.004543750313382279,0.004163222846814529,0.0001917471975182952,0.26384728123200707,0.26381043031977935,486
2.8088623247128246,0.031132102083831093,0.00396972891694332,0.004196835112125059,8.129964721110243e-05,0.2590166316998701,0.2590081198708311,487
2.7378720138702164,0.023044039855439125,0.0008238250106087955,0.00419011416617306,0.00020325049761242455,0.26425659488140224,0.2642543114856,488
2.8181071003447395,0.025168628023806695,0.004514298980733583,0.004174044928826351,0.0008876278088886081,0.27979308323904406,0.27977191290183984,489
2.9009746492215283,0.03277448104717996,0.008678539903172775,0.004223081943151449,0.0010342308568977918,0.2821594598352925,0.2820931846164301,490
2.8255503356837033,0.03033488004953836,0.006033176358947597,0.004285168155110699,0.0005613613831995333,0.2736930661417963,0.27358246396486674,491
2.769960009374266,0.025802319392959447,0.002147212148975684,0.004312179920636188,0.0001163411084675126,0.26078615355293594,0.26072966057382624,492
2.780296430154387,0.028808383992260284,0.00273650887457611,0.004225457284731199,0.00012377108294643968,0.26112524529825926,0.26111985626784184,493
2.8144690315555305,0.030177255373203166,0.005617181442689676,0.004107366088789309,0.0004242529048292345,0.270597400438629,0.27048841164482657,494
2.7803308020058823,0.023410303014265842,0.003584863200140485,0.004079692695463988,0.0005360733820087055,0.27315325856134953,0.2731044215699111,495
2.7357042532882554,0.021519791184904085,0.0009335894152244391,0.0041834648833365086,0.000252084896388385,0.26587718162610685,0.2658521774996522,496
2.749568483287159,0.02523930400644425,0.0017012864300429559,0.004279515186232829,0.00038088368626378505,0.26951624160190135,0.2694838834230527,497
2.7338887742568505,0.02181640489248383,0.0007317439609860542,0.004248552310153528,0.0004913141544160693,0.27216560746778823,0.2721648806484216,498
2.748084892668466,0.02228701423298423,0.000889419127424047,0.004183899905669992,0.00011050412800326718,0.26051209436807277,0.26051061478620163,499
2.7364939433842377,0.021210831649554847,0.0009177555963490245,0.00410311710428216,0.0002187240025086616,0.26478932055601817,0.26478921730611993,500
2.7653867965751013,0.02180067316166646,0.0015001676587894212,0.00417159784754979,0.0008363564476863685,0.2789198279332082,0.27891792341483496,501
2.76991165307513,0.024801792330779584,0.002241919559595379,0.004290925818479472,0.0006960612468940516,0.2763829726697742,0.27635657178661555,502
2.753334442833794,0.023730895340279175,0.0015130142679187868,0.004347027964859161,0.0001548432383338215,0.2624436023053544,0.2623963120311228,503
2.7427503981743344,0.022602846041857555,0.0009915873424603788,0.004209447658088343,0.00016753298737086036,0.26294345345612447,0.2629434296470144,504
2.766875416674808,0.021765061602209163,0.0024552879444911893,0.0040615841793479705,0.0006420660960247168,0.27533902318608033,0.27530693094420805,505
2.749237818389208,0.02151522005453967,0.0016407348006580867,0.0040679593285131,0.0005431165068948161,0.27330486015608796,0.27330168315742515,506
2.7540909397299003,0.022331531211308302,0.0012018035169030893,0.004218542665338751,0.00010561120843872738,0.26027673140831886,0.2602173535138001,507
2.759169461118844,0.022773589944525337,0.0019020863394883462,0.004286260970529888,0.00014803776368884112,0.2621670770396526,0.2620920479276421,508
2.743641983881532,0.021667085865435018,0.0010862831187017973,0.004243308884079872,0.0005972245964939517,0.2744381790748401,0.27443297437300535,509
2.7466874482777563,0.024197155727755857,0.0012673286504715359,0.004208388434372601,0.000551894902007343,0.2734924435086549,0.2734922360453762,510
2.74490195264761,0.023094501048581753,0.00102303923533159,0.004169970503654476,0.00015615309714659523,0.26249612328470695,0.2624881164099683,511
2.742670184618868,0.01985730820338386,0.0012008407709348436,0.004110554622084601,0.0001743695748526015,0.263204907226202,0.26318491198681376,512
2.738509365260147,0.020509794118081567,0.0010884645220836846,0.004139777653144945,0.0005053432994461839,0.2724798420689778,0.2724677070354889,513
2.744743107587905,0.025009621516710524,0.001400776993546059,0.0042733363817114975,0.00038553464311094485,0.269635036111781,0.2696210818404905,514
2.7323806485120516,0.022880568627937158,0.0006512947631379467,0.004286197754719835,0.00026086038023128463,0.2661511727200004,0.26614614364112427,515
2.7697030202994983,0.020555192869875238,0.0030852015135487366,0.004066110577564982,0.0005378465178814669,0.2731915182314886,0.27319069761023107,516
2.7621824915518567,0.01883387958335483,0.0028262366962480056,0.003988220269614364,0.00048769281553794226,0.27208376814626395,0.27208376612193386,517
2.7515420636078116,0.024200862484471404,0.001538426501182921,0.004110276237159936,0.00018025787314198877,0.2634260147900257,0.2634104490863237,518
2.7483865197264032,0.02433603555691075,0.001290277655782445,0.004250476631398646,0.00017505027842952287,0.2632306567648595,0.26321742940204057,519
2.7433583551611003,0.023141790992029492,0.001320972674968978,0.0042864286285126665,0.0004698021261148356,0.2716749192873892,0.27167455398290524,520
2.73904645068765,0.022554719535204024,0.0010360764052834127,0.004268737124367992,0.0004869976770151056,0.2720680238584044,0.2720673695095977,521
2.752219939269132,0.02456534425856651,0.0015105184349841682,0.004229116521627425,0.0001716115262296324,0.2631000582529099,0.26308725383677983,522
2.7493221625853486,0.023506846282201836,0.001388103770627036,0.004128211799476191,0.0001717228794570587,0.2631043076679792,0.2630899222025813,523
2.752225922867004,0.018713085839331577,0.0022018133292157553,0.004051623112685314,0.0004729861651047647,0.2717482451040254,0.27174810955525414,524
2.7459672424741384,0.020103664437413207,0.001642560297453073,0.0041396159532753555,0.000495128226874074,0.27225147695938573,0.27225041198321387,525
2.746959879940758,0.024378206535063278,0.0013664982088347974,0.004325464740524553,0.00020996929290822042,0.2644903172121324,0.26448391483925215,526
2.745147667858128,0.024411823865110767,0.001299284961558323,0.004342443332451602,0.00022539173382077964,0.2650130521154354,0.2650032245392352,527
2.744661814135104,0.02030159609610935,0.001457340557889106,0.004173250969278399,0.0005289160903264179,0.2729981758043202,0.27299801792810086,528
2.7422237983826836,0.018792997387867723,0.0015570863768413956,0.004089890739290772,0.00045875631969138035,0.27141859751924435,0.27141772713759005,529
2.7498470908213664,0.02359382971082477,0.0012630535347590126,0.004172588747349753,0.00014893523685597458,0.2622039025256667,0.2621878544293881,530
2.7442503412408836,0.02320161513013182,0.0010345304247802957,0.004221228008257217,0.00016564954408082827,0.26287049121365724,0.2628602013127341,531
2.7444947605439225,0.021271758669227692,0.0014104033573272047,0.004196184632792052,0.0005179969119207533,0.27275954551217474,0.2727593043787514,532
2.7412121107996374,0.021369142492166,0.0011413096479567994,0.004222507783383764,0.0005342738567117473,0.273114364726545,0.2731141805453794,533
2.7467466879860485,0.023591388157110836,0.0012954624811617188,0.004282900730137476,0.00018786194227022639,0.2637062738288065,0.26368334721308084,534
2.74053392046858,0.022532283327445748,0.0009207875008239615,0.004224062455937794,0.00018152958052724904,0.2634732913769149,0.2634545769933881,535
2.750447608610264,0.01906653555940717,0.0019409073686447204,0.004099517974443808,0.0005232000397524283,0.2728735663977533,0.2728732477104039,536
2.746656207068088,0.019342039639030226,0.0016455567666053886,0.004110041643543806,0.0005320629405217558,0.27306648955783597,0.273065664496272,537
2.7421760428402533,0.022762778107660118,0.0010715008145145487,0.004253845536373952,0.00019197660780378886,0.26385556234166585,0.2638421503313317,538
2.7420091391529113,0.022874056599011722,0.0010135806764200559,0.0042973214009323,0.00018509940011685947,0.26360512403901043,0.2635831895066298,539
2.7426593078444514,0.0202859004647184,0.001349710794670095,0.004190378126306272,0.0005193937961223057,0.27279021272656984,0.2727890777597962,540
2.7387328558467967,0.019280589850832048,0.0011577108334885297,0.004148561483398379,0.0005185553167988536,0.2727718096952977,0.27277153124215986,541
2.746190420422462,0.023310087462535465,0.0011486218065315328,0.0042268521529854105,0.0001647813692369223,0.26283671956681,0.2628216161288438,542
2.7417891463047566,0.02221623659431354,0.0008619533631420606,0.004233907413023316,0.00015489977381279488,0.2624458737665459,0.26243178851905535,543
2.7430682879619477,0.020000750485725072,0.0014494203120935243,0.004160278427237062,0.0004981879053473977,0.27232012332733396,0.2723201072613429,544
2.7399462357727598,0.01992282660852316,0.0011135674252184266,0.004177141481252473,0.0005483062312605368,0.2734159396834835,0.273415825889923,545
2.743910226887401,0.023221231774703886,0.0011802919661028951,0.004280272921796455,0.00019738560953176331,0.26404939890286283,0.2640320944071754,546
2.7391742270407256,0.021995240032022793,0.0008420860458482347,0.004264327860030645,0.0001768836491490953,0.26329976124406357,0.2632853494865982,547
2.7457042650044605,0.01935633273091836,0.001643376639305711,0.004141232583736015,0.0005083490484420779,0.27254659726970076,0.27254626593892806,548
2.74202751902426,0.019091718630624938,0.0013582939931911793,0.0041322202383869445,0.0005304136808528994,0.27303071168793747,0.27303026013271803,549
2.742651578121804,0.022883278271998507,0.0010952918899853855,0.004254503511190112,0.00019200663054567407,0.2638566457176935,0.26384318838867865,550
2.7412073622009947,0.022169056618026844,0.0009668057070379879,0.004280123786023763,0.0001773086709588907,0.2633157302074986,0.26329815523338934,551
2.7408678489862326,0.019899446745831394,0.001328085956353104,0.004183319493730099,0.0004900929954949407,0.27213804407563913,0.27213788273327455,552
2.738311321860982,0.019338077782467898,0.0011506943614551695,0.004167695482568437,0.0005087949732417394,0.27255648406205496,0.2725564818297901,553
2.7426075677297312,0.023042439550121977,0.0010643445304532135,0.0042564823067052,0.0001883478493428968,0.2637239880990511,0.26371225787945635,554
2.738807473006486,0.021523746599061696,0.000896472445677352,0.004249383316153459,0.0001853240286735528,0.26361337682845637,0.2636012807247232,555
2.742763403856485,0.019470638883556643,0.0014538712900810003,0.004156435332833489,0.000502610366048182,0.2724189733495578,0.2724189588534177,556
2.739417925150758,0.019378120027084302,0.0012275807929912675,0.004171574425832635,0.0005064300842251329,0.27250400151584453,0.2725038749761961,557
2.741951415820756,0.022871504179291492,0.0010670517795154464,0.004281536964048482,0.00019575099988622147,0.263991104312606,0.2639771294621256,558
2.738845646697121,0.021625519787197196,0.0009563177890545774,0.004269095694635229,0.0001982706895157575,0.2640808625274078,0.26406981718912215,559
2.741948508019776,0.01926189026414003,0.0014252150131803822,0.004155283911398693,0.0004976874105218955,0.27230890877030733,0.27230887272501636,560
2.7384831144309096,0.019069118090744568,0.001252261925553296,0.004158782373855915,0.0004774548172156065,0.2718507395118702,0.2718506711219031,561
2.742792261070801,0.02263589977798816,0.0011008498719614038,0.004273482345921818,0.00018810278349459106,0.2637150568170384,0.2637001511750704,562
2.739775849634849,0.021674521421785917,0.00103653187110128,0.004274050718139956,0.00020325585176663813,0.26425678265832225,0.264244073604527,563
2.7410117986843927,0.019414796298463995,0.0013470993971358334,0.004170101867139871,0.0004999807852393841,0.27236025011576087,0.27236025011381776,564
2.738199042287889,0.019241121782032657,0.0012349805056992946,0.004171666709549849,0.0004710985969919972,0.2717048058501337,0.2717047557366251,565
2.742184434852471,0.022251520096960326,0.001091862239081579,0.004270971270436477,0.00018908655984193123,0.26375087487550997,0.2637377670685011,566
2.7390790821488196,0.02139842898621498,0.0010241399771669221,0.004261256832975002,0.00020677250302569128,0.26437958633013103,0.26436797004573365,567
2.741055207613953,0.019041578077087316,0.001380077760434222,0.004162894137153789,0.0004977976752613766,0.27231137994973365,0.27231137301680586,568
2.738061452513581,0.019171650443404794,0.001234197385521583,0.004176910477879522,0.0004692166413104389,0.2716614090333579,0.2716613178187618,569
2.741829409419137,0.021983536558872092,0.0011060548155449475,0.004282789818444402,0.00019304247852851685,0.26389397274103116,0.2638817737734532,570
2.7386141683297898,0.021395428566035744,0.001009557658132145,0.004270203458904164,0.0002105591784912316,0.2645106574107182,0.2645003191856796,571
2.7408917574963576,0.018916603813128142,0.0013821534704386079,0.00416175639242493,0.000495825248136712,0.2722671338105449,0.272267133808625,572
2.7376424642601496,0.01886535013495435,0.001235158043877512,0.00416889743730183,0.00046494359302427974,0.27156255070774976,0.2715624593373702,573
2.7418012219090264,0.02168799789461286,0.00111716859435078,0.004278877061800524,0.0001916640217151419,0.2638442775801102,0.26383209667075924,574
2.738595489491403,0.021425851783180464,0.0010021535743266826,0.0042761541418618555,0.00020952989530935922,0.2644751475056166,0.2644649408758587,575
2.7402264175680595,0.01900917130513321,0.0013300555795072696,0.004171456236326452,0.0004964816873736505,0.2722818690278363,0.2722818660196035,576
2.7369073799861705,0.01888030959730619,0.001182636055249711,0.004174418747403835,0.00046622755333257767,0.2715923031039437,0.27159223645037844,577
2.741986283768061,0.021498581338426224,0.0011280147638591312,0.004277580851029646,0.00018887437771324863,0.2637431574870278,0.26373056609459916,578
2.738845523047589,0.021350096168901423,0.000999609573793389,0.004271845182704556,0.00020384862300777549,0.26427755661896585,0.26426660365777066,579
2.7390887300857623,0.018802997407017928,0.0012793138708582698,0.004170088924457358,0.000491578963570306,0.272171580087362,0.2721715794983759,580
2.7358581771174277,0.018849655947127168,0.0011167220098257978,0.004179914951539768,0.00046520894812345263,0.2715687029773107,0.2715686613545639,581
2.7424523155504654,0.021507286283572735,0.0011449519020371932,0.004287579927875357,0.0001862372751690859,0.2636468778542598,0.26363429326591936,582
2.7393158002155924,0.021367196064190432,0.0010111870520147083,0.0042790246715655985,0.00019969557504321463,0.2641313684773703,0.26412000177758094,583
2.7378236856534888,0.01862779501649791,0.0012172997850136173,0.004169854645278365,0.00048686479125482934,0.2720650128315129,0.2720650119606167,584
2.7347665951196705,0.018626181352947087,0.00106808274286655,0.004177429401181437,0.00046040109902718384,0.2714569592213618,0.27145690587773513,585
2.7428709243985523,0.021507528669969845,0.0011505225591771258,0.00429028105249103,0.00018204943747181622,0.26349256971343177,0.26347981146981914,586
2.7396821020891617,0.02135240522581126,0.0010207316175164932,0.004285983397219559,0.00019627545716543565,0.2640098343018551,0.2639983187280264,587
2.736760084743385,0.01861377008838653,0.001151117184368806,0.004176118766721154,0.0004851460162966004,0.27202603042530815,0.27202602575009543,588
2.7338403394658557,0.01852764406818405,0.001018014405250736,0.004180394225173177,0.00045764751928286014,0.2713926978028219,0.27139259288814765,589
2.7432651760758207,0.021500992481971733,0.0011568763058036541,0.0042904448906603025,0.00017841568596970087,0.26335723346991063,0.26334385633301466,590
2.740038221230122,0.021243353150820026,0.00103004569058072,0.004285101981918768,0.00019177907848651448,0.2638484323476166,0.2638366921777077,591
2.735795025054828,0.018514981438893338,0.001105419493508347,0.0041776449643042,0.00047959544938424735,0.2718996677916412,0.2718996628994065,592
2.732964277356152,0.01849817264005513,0.0009665518774466552,0.004186427599720106,0.00045491356418992133,0.27132870282483024,0.27132857160399926,593
2.743840262862012,0.021536103195793604,0.0011872794142609466,0.004297528807442967,0.00017746962693227238,0.26332177266478723,0.2633079390207848,594
2.740610473165163,0.021176910859897775,0.0010592570114458999,0.004289418895673982,0.00018913760881807048,0.2637527309585431,0.26374059000394273,595
2.734786330630052,0.01839093014165122,0.0010640019460459932,0.0041784471212278655,0.0004711679622123143,0.2717064037143953,0.2717063933239105,596
2.732137277859218,0.01839094966357045,0.0009301324266667258,0.004187360050253143,0.00044837418183073447,0.27117484785850265,0.27117471945019306,597
2.7444057617147495,0.021496431624625185,0.0012236332835656948,0.004301810020632258,0.0001767623786487402,0.2632952013391577,0.26328146399895785,598
2.7412089506422697,0.02112748524913355,0.001097110766703761,0.004296229002986263,0.00018811318844289107,0.2637154361375383,0.26370305564764074,599
2.7337973203093333,0.018338608609685492,0.0010148538899946381,0.004184700751517901,0.00046445636059341876,0.27155124962950916,0.27155121427020806,600
2.731349053231553,0.018302140127987643,0.0008929913736773165,0.004190235861092893,0.0004427284296777687,0.2710411128431404,0.2710409624706848,601
2.744834367302648,0.02137645602528671,0.0012559257254512075,0.004302488814581244,0.00017598027839618686,0.2632657558546879,0.26325242709649566,602
2.741576136397827,0.021023713357392056,0.0011197674665401054,0.004297521712796388,0.0001863847252964827,0.2636522791246181,0.2636402024982952,603
2.7329918149848687,0.018258530930019768,0.000980242480807636,0.004188487345255005,0.0004571846995269592,0.27138187782976414,0.27138182834944713,604
2.730590355382152,0.018240017460718346,0.0008525440059744619,0.004195454957918315,0.00043900586275004894,0.27095246674618645,0.27095229076125027,605
2.745313078155946,0.021309425464688787,0.0012916903720619072,0.004306882185319219,0.0001758608114605885,0.26326125225838753,0.2632480904848451,606
2.7419771537888593,0.020982164976202193,0.0011413690741049185,0.004300581171670683,0.00018485449541568924,0.26359612060168963,0.26358425729248913,607
2.7321931646765973,0.018160845679604853,0.0009467369527768072,0.004190618770298249,0.00044980964666930574,0.27120871628999044,0.27120866481593664,608
2.729822354282209,0.018139093868249325,0.0008156951409392264,0.004198580953418728,0.00043409292242434965,0.2708348967461888,0.27083470682870003,609
2.7458794842746763,0.021301589631600427,0.0013242777171059554,0.0043122777647611925,0.00017488865043112568,0.26322454726752964,0.26321129033917534,610
2.742480359252357,0.020985818228273535,0.0011684636999952191,0.004306402724391554,0.000183694699985573,0.26355340178647313,0.2635414529513364,611
2.731374028344641,0.018089259082089686,0.0009056703326275723,0.004194547784905393,0.00044466422774619397,0.2710870630422113,0.2710870048522881,612
2.729120252598435,0.01803368633740298,0.0007851261003609551,0.004200818185803885,0.00042782983498733726,0.2706840478385479,0.27068384135742624,613
2.746379824214336,0.021292675738375465,0.001346792942742853,0.004315217485296031,0.00017294685160338538,0.26315092588388306,0.26313763313755023,614
2.7429727795137637,0.020968717334650184,0.0011960489080465272,0.004310262132357599,0.0001825094865250615,0.2635096071935886,0.26349762894328654,615
2.7305800892202967,0.01801329943980325,0.0008641977048025155,0.004199015300089197,0.0004407624033520199,0.2709943421747865,0.270994271458675,616
2.728475311276088,0.017970400492900548,0.0007539145477574322,0.004205587923848049,0.000422342094860366,0.2705509633560173,0.2705507161009163,617
2.746769870827179,0.021226724051140403,0.0013713878251101251,0.004318174229831849,0.00017196614946485,0.2631135864455476,0.26310039148136755,618
2.743294022671418,0.020879223781472462,0.0012197528606617005,0.004311962588884372,0.000181814616367805,0.2634838650381782,0.2634720611913235,619
2.7299576943634096,0.017909014656400914,0.0008370291927688074,0.004201153986245481,0.00043609576876293434,0.2708829061378663,0.2708828252297624,620
2.727961676677983,0.01789366115829018,0.0007312203831140052,0.004209916795145298,0.0004173894551517205,0.2704301114816273,0.270429825649611,621
2.7469120467567674,0.02113133314595961,0.0013914338840083453,0.004322348229770901,0.00017264916752859796,0.26313960302020567,0.26312669546329254,622
2.74333906764427,0.020802558570364647,0.0012360763226567982,0.004315670434924425,0.00018330495258018492,0.2635390159383976,0.26352758197016074,623
2.7295525138740566,0.017824872073653613,0.0008185567957337496,0.0042044870712302455,0.0004341788218638849,0.27083695807606967,0.27083687611786184,624
2.727690404640009,0.017786360333366325,0.0007243526343488052,0.00421278258680923,0.00041410201221780745,0.270349496608462,0.2703491938257296,625
2.746348687393555,0.0210083274469162,0.001371748498762287,0.004324062128795348,0.0001742416447367992,0.2632000623004893,0.26318770472841985,626
2.742641073989111,0.020679753172533545,0.0012159823806738904,0.004316810968673901,0.00018670063361148317,0.26366384402763304,0.2636531839073674,627
2.7296070771554954,0.0177299989937289,0.0008242861092028225,0.004206017085769355,0.0004369343837716824,0.2709029754765125,0.2709029291284671,628
2.7278784066091792,0.017676621614097315,0.0007458487200173768,0.004214773543920655,0.00041273406738839266,0.2703158575351471,0.2703155647448093,629
2.744810333099294,0.020801519449792454,0.0013090908693718264,0.004323790614577186,0.000178727299814855,0.2633688929913757,0.2633573638950077,630
2.741017588114438,0.02047123699678102,0.0011629872312806106,0.004315711185023526,0.000194915723034836,0.2639612221182401,0.26395168835316213,631
2.7303345260355796,0.017636097822732556,0.0008630031690021074,0.0042066614156882655,0.0004467758521366652,0.2711370729320941,0.27113706267648985,632
2.7287475331272875,0.01758547171736541,0.0008049395860556166,0.004216403200476178,0.0004167675904376644,0.27041488649093265,0.2704146400050761,633
2.7420681563852547,0.02043378591838714,0.0011883263783769506,0.004321222531119694,0.00018556925807345048,0.26362238077846345,0.26361179939001345,634
2.738269471359971,0.02010350868063326,0.0010564603939867438,0.0043102508780770085,0.00020639132180861605,0.2643663259676445,0.2643581499341191,635
2.732053725394586,0.01752001965307123,0.0009570667878626116,0.004202720770329094,0.0004624205874893015,0.27150396678497485,0.271503959372403,636
2.730420030527073,0.017485847866456062,0.0009091449777978251,0.004214439753535614,0.0004272269934459319,0.270669470081401,0.27066932978624647,637
2.7387412978895327,0.020008359487452096,0.001032204453003943,0.004319324391533432,0.0001929080124173626,0.2638891328893262,0.26387914971616977,638
2.7352578260580422,0.019747630263179723,0.000931315706842107,0.004307071871455295,0.00021946308465007865,0.26481428650492755,0.26480700337638635,639
2.7342486351931754,0.01743535975380823,0.0010642153044663513,0.004199846029159342,0.00048420237202840454,0.27200459888360623,0.272004531472313,640
2.7324209630462706,0.017400217336981456,0.0010224124845531835,0.004211219853351061,0.0004440278340305841,0.27107196796767175,0.271071920173008,641
2.73573490385685,0.019576526995436466,0.0008844743971828544,0.004316281421007856,0.00019791676777417057,0.264068289440233,0.26405868304083374,642
2.732721749762426,0.0193825752135731,0.0008169768395746434,0.004302464604561276,0.00022808379233686205,0.26510244325719723,0.2650957913207732,643
2.7361804108705328,0.017337934083664876,0.0011565832459047324,0.0041956293942494415,0.0005027723456487982,0.2724225856147055,0.27242240825448816,644
2.7338809866578635,0.017311701407466823,0.001097962800602041,0.004208327536842796,0.000459673995984084,0.27144000923470146,0.2714400013020977,645
2.734020778134331,0.01929370936715916,0.0008007057217046369,0.004316437608638246,0.00020048417837741938,0.2641592435665688,0.2641495736771365,646
2.7315041035730405,0.019167302322587555,0.0007602483289939185,0.0043029176615139225,0.0002311860012614641,0.265204801914575,0.2651981299845207,647
2.736706786253257,0.017246312593475335,0.0011718329693034529,0.004195539029792356,0.0005132259654525563,0.2726544910658473,0.27265427443844714,648
2.7340207255138718,0.01721451505965363,0.0010964368482984043,0.004208651083959227,0.00046861295067431936,0.27164746984463356,0.27164746734394996,649
2.733673108806894,0.01914904086189698,0.0007805042708228386,0.004318728797813357,0.00019904525276492438,0.2641083398302183,0.26409837242864936,650
2.7314157907857477,0.019029485755163236,0.0007460087780633939,0.004305281000328241,0.00022592763215506268,0.2650308892669417,0.26502385897539393,651
2.735974971800479,0.017138255381396145,0.001134617365694788,0.0041962986672245215,0.000511500617219977,0.2726163794012211,0.2726161711128729,652
2.733099545718586,0.017097975445736813,0.0010412204036252923,0.00421028762614713,0.00046939602819700757,0.2716655493398392,0.27166554550610983,653
2.7343083160791974,0.019122992824140227,0.0008077765263703509,0.00432389136516584,0.00019548843019538472,0.26398171771261975,0.26397119818292586,654
2.732102198648383,0.018990969818938615,0.0007629357353939603,0.004312274670704654,0.00021726588848793116,0.2647399419431669,0.26473208245642044,655
2.7345912530174736,0.017059481274486678,0.001067363198643456,0.004200454713304582,0.0005035325709478284,0.27243953143333943,0.2724393936724569,656
2.731876718221546,0.016993279522767815,0.0009703621465771669,0.004213017745500121,0.00046754338068853447,0.2716227514597133,0.2716227416042583,657
2.735058968386351,0.019109819604501255,0.0008428786983234866,0.0043278774141391925,0.0001922434861417638,0.2638651897261366,0.26385426953276314,658
2.7327195978597825,0.01892340140781507,0.0007755805291935056,0.004317309367338461,0.00020894544861533405,0.2644549454725825,0.26444643012936914,659
2.73350305719968,0.016980029860046462,0.0010239878673334764,0.004203791563476062,0.0004934599592321117,0.2722139586573873,0.27221386613010945,660
2.7309988990729397,0.01689791578978626,0.0009206243076478467,0.004215555740858617,0.0004663101558944933,0.27159421579716414,0.2715942039785638,661
2.7354488544498987,0.01909230097334286,0.0008693113172464038,0.004331745400950832,0.0001921153243294507,0.2638605672441445,0.26384947326618674,662
2.7329829062806406,0.018849818636417152,0.0007815661523700737,0.004322149567422216,0.000205080426128085,0.26432062939008216,0.26431160900589634,663
2.7328929468219973,0.01691109581083751,0.0010038880285929799,0.004207275453820006,0.0004864115768362172,0.27205474046177414,0.2720546857448817,664
2.7306261755349364,0.016809636788715807,0.0008999480143553654,0.004217199786258851,0.0004671767353120507,0.27161427156561263,0.27161426244839265,665
2.735214320207205,0.019019429317847367,0.0008711222931781667,0.004332998299281902,0.00019469193520229252,0.26395320519458854,0.2639423961342952,666
2.732679354817136,0.018723087709047438,0.000769063097511077,0.004323835110716936,0.00020490778525401562,0.2643146004224364,0.2643056394775573,667
2.732828516315588,0.016831805268581357,0.0010130086296796827,0.00420910576181063,0.0004827138681038222,0.2719707502854095,0.2719706985692461,668
2.7306654233117618,0.016723106372288278,0.0009044908748436912,0.004218221559612283,0.00046910692627227075,0.27165887638526687,0.27165887414855583,669
2.734621575317361,0.018920153962067466,0.0008599602657225835,0.004333855834862834,0.00019930848142056935,0.26411766557971145,0.2641073375541279,670
2.7321504097412324,0.018602847900533157,0.0007542401374569627,0.004325465655187271,0.0002078276003093215,0.2644162269789748,0.26440747418842264,671
2.732948727248415,0.016759624124115847,0.0010279618992453698,0.00421140580791092,0.0004817310275927884,0.2719483718665597,0.27194832280352366,672
2.730838957704079,0.016643444013296593,0.0009184144552267044,0.004219456723345573,0.00047057412038834146,0.2716927204469228,0.2716927204303994,673
2.7339242427944987,0.01880076430192031,0.0008416720668018237,0.004333740537545957,0.00020379414182661627,0.26427564856062996,0.26426595410800285,674
2.731566161895681,0.018474496215364632,0.0007379343004191869,0.004325539144428807,0.00021122066463472885,0.26453343265146706,0.2645251562479811,675
2.73307265124574,0.01667591018047729,0.0010441303581332773,0.004212939677960376,0.00048064847187502096,0.271923696583264,0.2719236375180235,676
2.7309214971244917,0.016567327351221798,0.0009302805739886296,0.0042212677382648806,0.00046993224381232737,0.2716779206524133,0.2716779199547831,677
2.7334482492678367,0.01870155403721523,0.0008316960249718752,0.004335069205005308,0.00020729619202125444,0.26439778427471583,0.2643885562500777,678
2.7312255944868724,0.01838602188550462,0.0007343522054291758,0.004327232032814492,0.0002145397810396358,0.26464717655521486,0.264639231146013,679
2.73294961728897,0.016594568029328422,0.0010450030641854426,0.004215593863423592,0.0004789383101659894,0.27188465924262906,0.27188460190283265,680
2.7307954777260512,0.01649365141925902,0.0009324513000888821,0.004223680280300974,0.0004670915699836611,0.2716123013578763,0.2716123003347649,681
2.733193928584104,0.018610038593789173,0.0008282498504506964,0.00433640791906784,0.00020903564717625933,0.2644580651256058,0.26444925201622127,682
2.7310530218161677,0.018305106483406334,0.000736553648282749,0.004328662275576249,0.00021666708130197,0.26471961552833395,0.26471204755136396,683
2.7326623740484473,0.016506751400038096,0.00103770531781776,0.004218220057432424,0.00047609328466208847,0.2718195619722782,0.2718195027165914,684
2.7304961580748563,0.01642255943505364,0.0009254560242064657,0.004226688916028898,0.0004628691674471947,0.2715143944243661,0.2715143938605679,685
2.7331630161653786,0.01853465180698454,0.0008345166148342681,0.004338935444404184,0.00020981709317451907,0.26448506448637765,0.2644764851410211,686
2.7310561557405713,0.018249387972682315,0.0007465483513436393,0.0043314245450229456,0.00021826481713121281,0.26477378817809477,0.26476642087391333,687
2.732240457346027,0.016422186468618864,0.001021440852812455,0.004221597632039295,0.00047308779808567195,0.27175058155741294,0.2717505288010597,688
2.7301030783590203,0.016352638278749786,0.0009125677190534611,0.0042298043311136835,0.00045828520341307567,0.2714075968621673,0.2714075967578772,689
2.733212894313004,0.018456434575869932,0.0008431038256274609,0.00434118146002032,0.00020980254473763242,0.2644845622901637,0.26447620946644657,690
2.731088852062506,0.018189387862820146,0.0007558013366123054,0.004333787423978867,0.00021906907793062375,0.26480098232992066,0.26479383574123055,691
2.7318061449635023,0.016334616909651725,0.0010046667138847662,0.0042246576797881396,0.00046996620074708903,0.27167870385302334,0.27167865279343906,692
2.729667794718194,0.016284596352258277,0.0008960946163647744,0.004233005115342648,0.0004539023118078441,0.27130498326232255,0.27130498324534985,693
2.7333419511994377,0.01838536368947877,0.000855512216290533,0.0043441836567775826,0.00020956380784412044,0.26447631886372086,0.26446806352485036,694
2.7311785782108053,0.018141145834671184,0.0007669822150538504,0.004337080394577834,0.0002196027743949668,0.26481900045195245,0.264811928941267,695
2.7313382810545623,0.01625091211684759,0.0009846565873766183,0.004228057583049816,0.00046715624761863137,0.27161379762139526,0.2716137523052302,696
2.7292062578033414,0.016216533019787753,0.00087704979648384,0.004235988963924536,0.00044984109682517703,0.2712094577211483,0.27120945750922926,697
2.7334954016119655,0.018311524400051144,0.00086785020116428,0.004346900377493451,0.0002088668706393301,0.2644522271861236,0.2644440669936203,698
2.7312765196382105,0.018086980364812072,0.0007765532712645812,0.0043401029254175666,0.00021944003336003896,0.2648135084757136,0.26480650833886554,699
2.73085656673746,0.016168308673840115,0.0009638137276632296,0.004231195524301965,0.0004642081073828609,0.2715454892583775,0.27154544709056627,700
2.7287048280587936,0.016150823193913637,0.0008545315783035573,0.004239040698417779,0.00044603298682327394,0.27111949305317895,0.2711194922909986,701
2.733719216479878,0.01824712364633469,0.000883246543754455,0.004350318385406118,0.0002079489321089434,0.26442043453259795,0.2644122435423805,702
2.731440172243647,0.018043526701118445,0.0007882275047849596,0.004343892387048225,0.00021887120132179535,0.26479429624286993,0.264787234410344,703
2.730319357294509,0.016090691437718175,0.0009389134421247929,0.00423453604088414,0.00046121324285805287,0.2714758758344812,0.27147584033630334,704
2.728167398442186,0.016085567588023715,0.0008292023799201421,0.004241938134731866,0.0004423329904552711,0.27103171392101155,0.2710317122842549,705
2.7339724328944293,0.018185652164673487,0.0008985937256164641,0.004353689262596371,0.00020661119328950887,0.2643739762518765,0.2643657279098068,706
2.731629271084228,0.017997406795598178,0.0007994726506125689,0.004347548240699269,0.0002176882708309997,0.2647542628020176,0.26474712796682637,707
2.7297560708721997,0.016015650680309666,0.0009124621691375401,0.004237601720211439,0.00045796022843747677,0.27140000533732356,0.27139997430716806,708
2.7276106614021347,0.01602187097187262,0.0008021509685840036,0.004244893398762126,0.0004387184161412299,0.2709456061297168,0.2709456027534523,709
2.7342538318904896,0.018135469002165266,0.000914552284811485,0.004357662161994009,0.00020518526619804097,0.26432428937846625,0.26431587259888156,710
2.731850633591162,0.01795870592123363,0.0008118951945546432,0.0043517084445807075,0.00021640650102617792,0.26471076140198657,0.26470346369564834,711
2.7291804444338874,0.01594583710394993,0.0008843786357416309,0.004240671294515171,0.0004548829436216073,0.271327984987373,0.2713279593063649,712
2.727079861246237,0.015957974154447826,0.0007763473250222102,0.0042476812609192035,0.0004353034418870797,0.27086392680889865,0.2708639210359509,713
2.734480644591204,0.01808384548915199,0.0009267603084202567,0.004361464569750629,0.00020373318822842956,0.2642735135207989,0.26426492323515943,714
2.7320230485367962,0.017911298097045572,0.0008215699330238726,0.004355488186425002,0.00021512091542259037,0.2646670009007496,0.2646595738945339,715
2.72865845198067,0.015878530591260633,0.0008590219732247119,0.004243299904273052,0.00045211688589965563,0.2712630403729019,0.2712630163543672,716
2.726613907304379,0.015893767750407673,0.0007541008603395389,0.0042504238930128075,0.00043230190025526444,0.27079187101381846,0.27079186182205023,717
2.734628941178818,0.01803387235469363,0.0009352115679762381,0.004365443121821701,0.00020267008258989142,0.2642362243094822,0.2642274090296839,718
2.7321329058976382,0.017862651416811617,0.0008290566312281904,0.004359279905005179,0.00021434496163656527,0.26464052463665716,0.2646329488475214,719
2.728208520202768,0.01581476529243069,0.0008368704181307145,0.004245724860743866,0.0004500726754018677,0.2712149163420898,0.2712148930332586,720
2.726236221355398,0.01582753897135428,0.000736999945778705,0.004252965098553768,0.0004298109137082678,0.2707318815766507,0.2707318686875294,721
2.7346595921589443,0.01797405686367194,0.0009380354922915216,0.004368971093246923,0.0002019648314707037,0.26421143312515327,0.2642024422273364,722
2.7321424314859324,0.017800517575276936,0.0008323645830561714,0.004362450222527946,0.000213977596577546,0.26462797308507047,0.26462033168063914,723
2.7278505702491858,0.01575126810302718,0.0008198562072734549,0.004247738943611036,0.0004485616801969803,0.2711792747797695,0.27117924845947045,724
2.7259346198966976,0.015759625018920215,0.0007243750215364909,0.004255482272230121,0.00042775310018888405,0.27068219282834594,0.27068217543760537,725
2.734618560152313,0.01791073261923917,0.0009384259165253913,0.004372410804051965,0.0002017397617438011,0.264203512303082,0.26419434716824347,726
2.732097342015661,0.017736156669101905,0.0008342952513553358,0.004365493254596267,0.00021415326790555364,0.26463397648985243,0.26462628262289933,727
2.7275531619283417,0.015688874198357166,0.0008059391028086048,0.004249746278943238,0.0004475385829209464,0.2711551077265266,0.271155078270889,728
2.7256873375849726,0.01568989793638816,0.0007150589882356955,0.004257925170990645,0.000425960322355895,0.2706388062240987,0.2706387844300815,729
2.734516034944383,0.01783722245970796,0.0009364773924905485,0.0043753939824692735,0.00020174924354448027,0.2642038460828214,0.2641945892729238,730
2.731994237991922,0.01766224354160167,0.00083397969060643,0.004368051624062956,0.00021457177543436298,0.2646482686838535,0.2646406113333579,731
2.727313257615463,0.015624544164487457,0.000795622405984762,0.004251626561864945,0.00044671953570946533,0.27113574071825886,0.27113570535680165,732
2.7254769680744526,0.015619798968293722,0.0007079214321712098,0.004260403972205394,0.0004243557992644203,0.2705998980401462,0.27059987152176673,733
2.734382366759832,0.017761238434452587,0.0009340092567889408,0.004378298595992686,0.00020207069771645985,0.26421515732295847,0.2642058311781042,734
2.731856976512315,0.01758879755585937,0.0008328478881848296,0.004370587240025548,0.00021537896619322128,0.2646757952490903,0.2646681898124934,735
2.7271183473894105,0.01555940787203393,0.0007877073525251216,0.004253612188435337,0.00044627993698522135,0.27112533874249645,0.2711252973125343,736
2.7253076145827344,0.015549650701553478,0.0007031352254179311,0.004262747560357988,0.00042300916932404146,0.2705671867138907,0.2705671572144297,737
2.7341824666513728,0.017674769116995583,0.0009286525216781592,0.004380794251849454,0.00020257132645243574,0.2642327554061902,0.2642234457525054,738
2.731645064277463,0.0175066563063869,0.000828243223472481,0.0043727407346113596,0.00021642629901493573,0.26471143429496036,0.26470396021186143,739
2.72699171234253,0.0154921902732316,0.0007837852610698655,0.00425543601526566,0.00044625029686930196,0.2711246372008918,0.2711245854808793,740
2.7251894414272666,0.015480353335461949,0.0007010645398007904,0.0042649548725127735,0.0004221213765922053,0.27054559263180805,0.27054556159849596,741
2.7339057680330017,0.017583657526449463,0.0009199446753621922,0.0043831959378416,0.00020340841364621952,0.264262132156386,0.26425284426446866,742
2.7313526468656675,0.017422313303861053,0.0008200669078495548,0.004374821416517293,0.00021792719279377877,0.2647623572912248,0.26475501687202946,743
2.726940143633231,0.015425046611191035,0.0007835955253251735,0.004257117546937195,0.00044696611724607795,0.27114157319704657,0.2711415084895386,744
2.725142568335764,0.015411483264547051,0.0007028295607155622,0.0042668183821989395,0.0004218943038180999,0.2705400658182514,0.27054003649841923,745
2.733507255224682,0.017479524169858,0.0009049993500703458,0.004385202037208848,0.00020448264559076742,0.26429974285051194,0.2642905237321171,746
2.7309392525081764,0.017325791582163342,0.0008058017737256988,0.004376464151951055,0.0002197644045143463,0.2648244529246224,0.264817299589998,747
2.726990813405031,0.015357751080678703,0.0007887813598999972,0.004258376028243074,0.0004485196863000271,0.2711782833652784,0.2711781976283953,748
2.7251823446232115,0.015343004514441181,0.0007091118298026683,0.00426836180728437,0.0004225883599149766,0.2705569540524606,0.2705569284641052,749
2.7329864738760232,0.01736703306109599,0.0008839343471100779,0.004387063918378428,0.00020592022597225868,0.2643499207653652,0.264340735605581,750
2.7304127913050986,0.017221474600356515,0.0007860434263207551,0.004377881109190623,0.00022207049144747488,0.26490202977609006,0.26489504539215614,751
2.727148547427592,0.015291901290059449,0.0007991151405647678,0.004259214483479422,0.00045113186537689776,0.27123986500373526,0.2712397508604381,752
2.7253224855184075,0.01527407064908803,0.0007206424286008295,0.004269402156395868,0.0004243576990286176,0.27059994415110433,0.27059992551457523,753
2.732337971946248,0.017240083595694834,0.0008561412513321317,0.0043885203143354595,0.0002075754840827784,0.26440748014341087,0.2643983413250665,754
2.729775244625503,0.017102909076359106,0.0007604326434837449,0.004378854635245724,0.00022460899755291075,0.2649869609178416,0.264980168992051,755
2.7274162473716337,0.01522722341967429,0.0008149636645643154,0.004259591435572416,0.00045465261216284466,0.2713225845563535,0.27132242929507944,756
2.72555191476008,0.015205116888743757,0.000736456432819369,0.004270069277077331,0.0004272795704311333,0.27067074189358314,0.27067073102744565,757
2.731614658795621,0.017106522614183134,0.0008246199773211161,0.004389842956826779,0.00020946726581163154,0.264472983998182,0.26446383750363706,758
2.7290819235418566,0.016977800985104787,0.0007316936280735884,0.0043796757908315135,0.0002272759470924168,0.265075674017848,0.2650690296229693,759
2.727760412476381,0.01516454977867306,0.0008343682096064165,0.0042596546329229925,0.0004588363132475507,0.27142046482333076,0.271420258578631,760
2.725843442952173,0.015136204976894914,0.0007549371903187298,0.004270309421457823,0.00043111616631156684,0.2707633370707015,0.27076333353847315,761
2.730867596911646,0.016967808332449694,0.0007918292153594674,0.004390947498288727,0.00021139087300326063,0.2645392872247322,0.26453013126415015,762
2.728382352127065,0.01684772056089737,0.0007018749843299811,0.004380404581135681,0.00022972402592806124,0.26515664956143215,0.2651501381260355,763
2.7281354685231514,0.015103937942632054,0.000855199404953096,0.004259619827132666,0.00046315233229141784,0.2715209742412238,0.27152070664326017,764
2.7261461974526906,0.015068425645280718,0.0007730425008765797,0.004270424807358072,0.00043549245302304345,0.2708684559328917,0.2708684558184701,765
2.730171885715368,0.016834778527759334,0.000761898487344876,0.004392143656378278,0.00021331531809736992,0.2646053181443394,0.264596098508556,766
2.727741675035342,0.016722129471767766,0.0006742392326874482,0.004381339842220954,0.0002317993168904179,0.2652249570406756,0.26521851247359346,767
2.7284814492647285,0.015045790388575795,0.0008744723684470417,0.004259654408713331,0.0004670673734432781,0.27161174156432744,0.271611409802733,768
2.7264129439567313,0.015001779514470322,0.0007884734275479695,0.00427046459423799,0.0004398168125298995,0.2709718099488313,0.2709718082331298,769
2.729570818414262,0.016710548276251368,0.0007368789197672214,0.004393420663874494,0.000215069949804747,0.2646652633731804,0.2646559768746217,770
2.72719654826567,0.016604208211272422,0.0006505113587786856,0.004382599977499068,0.00023330521474954942,0.2652743318920845,0.2652679198609928,771
2.728748445694391,0.014990454765817653,0.0008898600562804075,0.00426001806801933,0.0004701074210658222,0.271681960729275,0.27168156658080134,772
2.7265984273943444,0.014937074558082233,0.000798934886647285,0.00427076189795286,0.00044362982236281404,0.271062521747474,0.2710625142914198,773
2.729098951215095,0.016601196999094774,0.0007186170434845884,0.0043949868919045555,0.00021663655558066576,0.2647185785856062,0.264709178394385,774
2.7267703302541566,0.016498167607535776,0.0006320231551299993,0.0043842744602409075,0.00023423274529344243,0.2653046641679405,0.2652982221907858,775
2.728906989836372,0.014937698887860854,0.0009001432528544953,0.004260719629509755,0.0004719683714152653,0.27172483305839806,0.2717243848879749,776
2.7266853179881116,0.014873935408933923,0.0008040666949793864,0.004271300071417146,0.00044652987777349135,0.2711312535778995,0.2711312379013851,777
2.728755307376637,0.016505644345575148,0.0007068807226055891,0.004396796072328085,0.00021793484565093486,0.2647626164906813,0.2647530982667403,778
2.7264601620725326,0.01640397191190791,0.0006188043631735463,0.004386384405302034,0.00023462817308891382,0.2653175772591136,0.26531107425295186,779
2.728949683602355,0.014887738774016173,0.0009049686415726866,0.004261903487110485,0.0004726171634172296,0.27173975996687244,0.2717392688052546,780
2.726670241068738,0.014812813674718156,0.0008038897611307081,0.004272261555427404,0.0004484233293907256,0.27117600834413147,0.2711759852628548,781
2.7285288495180318,0.016423905246530725,0.0007011335899168913,0.00439889164823445,0.00021901173124824823,0.2647990449437877,0.2647893724575631,782
2.72625038969754,0.01632054696636357,0.0006103583477683546,0.004388806215159912,0.0002346400772087762,0.2653179658312968,0.26531136068217503,783
2.7288939194607242,0.014839789438276985,0.0009053776133827777,0.004263423381330241,0.0004721524798011108,0.2717290699248981,0.27172854696655874,784
2.7265736666585974,0.014753289868928083,0.000799890985862586,0.004273522612242438,0.0004493025803610685,0.2711967587229998,0.27119672937354733,785
2.728391584400575,0.01635224875717551,0.0006999185724757869,0.00440117424979919,0.0002198976669431586,0.2648289469263046,0.26481912230386184,786
2.7261171281353014,0.016246080044741113,0.0006058128852577099,0.004391491841135949,0.00023445804906728758,0.2653120230233398,0.2653053036445322,787
2.7287631758206423,0.014793800722867047,0.0009023317709806077,0.0042653299615978925,0.00047086388789971216,0.2716993983303619,0.27169885357632,788
2.7264177447912523,0.014695708831267258,0.00079323539074026,0.004275135293101103,0.0004493557628890129,0.2711980131825842,0.2711979801876282,789
2.7283155690167957,0.016288107651975848,0.0007018611303772096,0.004403578006002545,0.0002206765768692312,0.26485518686752985,0.26484519797700357,790
2.7260330429022313,0.016177816053920182,0.0006040341058028956,0.00439424169974899,0.0002342462540296046,0.2653051054890061,0.2652982620092564,791
2.728588698548926,0.01474875344292458,0.0008974167973804138,0.0042674321580461316,0.0004690127777066193,0.27165670283553384,0.2716561427339218,792
2.726229834587735,0.014639827127299061,0.0007854772798959299,0.004276965956562886,0.0004487492568154595,0.2711837026229,0.27118366717842546,793
2.7282730086139098,0.016228329724744573,0.0007055585317644858,0.004406037623072909,0.00022140801275520442,0.264879785373291,0.26486965234599485,794
2.7259758030095917,0.016114267021520964,0.000604123382084416,0.004397033811832675,0.00023415984771655053,0.26530228243487064,0.26529532882341766,795
2.728392941619257,0.014704460902669825,0.0008914786248461112,0.004269736326971615,0.00046691413133760065,0.27160819592973,0.2716076244697278,796
2.7260295745823613,0.014585740736361966,0.0007775248581073941,0.004279005951928321,0.00044770379603384223,0.2711590121705585,0.27115897573012177,797
2.7282408256744084,0.016170524870836624,0.0007097931237207106,0.004408482293765484,0.0002221370390187425,0.2649042624446412,0.26489399914322237,798
2.7259243634428563,0.01605309463200151,0.0006050493859854839,0.004399713697455368,0.0002342674862489288,0.26530579910520613,0.2652987537962424,799
2.728196801047555,0.014660175176717711,0.0008855277443047002,0.0042720808290578755,0.00046477908435183646,0.2715587356853744,0.2715581537525407,800
2.7258331310249306,0.014533094240305149,0.0007701793721969893,0.00428116219124575,0.0004463849917021688,0.27112782505849026,0.2711277879011477,801
2.7282027290029185,0.016113142765818354,0.0007136953014319863,0.004410912598481279,0.00022289314360202455,0.2649296062775287,0.26491924432816993,802
2.7258660942114177,0.015993504830994425,0.0006061916704060287,0.004402309601998036,0.000234622579105377,0.2653173946578841,0.26531028994535744,803
2.7280113948678846,0.014615854335739741,0.0008799301360701609,0.004274462177264248,0.00046280245334597887,0.27151284391580943,0.27151225094806275,804
2.7256499913579213,0.014481590357212158,0.0007638136885276475,0.0042834063304787034,0.00044495073682469127,0.27109385542817366,0.27109381805881555,805
2.728146414285935,0.016054746182179513,0.0007165402057858746,0.004413279529981787,0.00022367777518782548,0.2649558608975821,0.2649454254478036,806
2.725790235063574,0.0159339914562064,0.0006068660871855065,0.004404734659133435,0.0002352060988350254,0.265336430446327,0.2653292991301394,807
2.727845117188452,0.01457109940280788,0.0008751065083625174,0.0042767836097712345,0.0004610778040391071,0.2714727223248266,0.2714721167542724,808
2.725485258985642,0.01443074800280181,0.0007586009797023619,0.004285691626565391,0.000443517047888434,0.27105984444122116,0.27105980694662624,809
2.7280666942636627,0.01599496070288735,0.0007180322304027623,0.004415613827905692,0.000224498016665101,0.2649832578788827,0.2649727808477319,810
2.7256930846872254,0.015874271019067653,0.0006067744620027107,0.00440704323956978,0.00023599880325974993,0.26536225254511037,0.2653551327439269,811
2.7277000206487054,0.014525873389170137,0.0008711084227747746,0.004279055039288616,0.00045966092002272974,0.27143970428953557,0.27143908427853536,812
2.7253403433461476,0.01438015154047153,0.0007545292213760251,0.004287989606955246,0.00044216573702541,0.2710277373253855,0.27102770002358,813
2.7279609877898943,0.015933299375387375,0.0007179753778096137,0.00441788526524702,0.00022533909134781998,0.26501129878950586,0.26500080702334716,814
2.7255728457789643,0.015813794255494833,0.0006056443489851614,0.00440921018681261,0.00023694388635557058,0.2653929817240056,0.26538590831459963,815
2.7275755120859233,0.01447995299750766,0.000867945462464996,0.004281246901272248,0.00045854296071668225,0.27141361624566673,0.2714129804786764,816
2.725213129632774,0.014329447276718484,0.000751401688949248,0.00429028576110854,0.0004409486923488459,0.27099877835372443,0.27099874150897146,817
2.7278318386635605,0.015870096344378377,0.0007165001877724808,0.004420130863975292,0.00022619634599486252,0.26503982533126175,0.2650293477665924,818
2.725432215271715,0.01575274045424186,0.0006034845617862901,0.004411298698359297,0.0002379927543990745,0.26542701378747924,0.2654200215685382,819
2.727467610467745,0.014433315804351437,0.0008654372628570441,0.004283383960957647,0.00045768615123857663,0.271393600707655,0.27139294835471106,820
2.725099795526618,0.0142783702391371,0.0007489684730735643,0.004292565016448705,0.0004398782761238923,0.27097327528365306,0.27097323937009404,821
2.727683292990377,0.015805699569458778,0.0007137858336353088,0.004422344408084946,0.00022705082707248167,0.2650682058345538,0.2650577668724528,822
2.725275440025236,0.01569136335982172,0.0006003780848492231,0.0044133228059184395,0.0002390873873016743,0.26546245088275705,0.265455568848575,823
2.7273703809783743,0.014385911841744967,0.0008633166632900604,0.004285475880554957,0.00045702785078258266,0.27137820971883714,0.2713775413875235,824
2.72499458601589,0.01422672400183884,0.0007468788021359281,0.00429483698599999,0.00043894627220054575,0.27095104465654507,0.270951010310471,825
2.727521687399957,0.015740830614499535,0.0007101652355095424,0.004424562985262489,0.00022789010455544656,0.26509602943013316,0.2650856526848503,826
2.725108529442383,0.015630117001899882,0.0005965518104098513,0.0044153348347371725,0.00024018012030498025,0.2654977456523515,0.2654909998906382,827
2.7272768108600793,0.014337722737130755,0.0008612608729827147,0.004287551481217959,0.00045649305616703346,0.2713656981202823,0.2713650156510952,828
2.7248914499940375,0.014174342474022552,0.0007448033200999546,0.004297107779986972,0.0004381163458578575,0.27093122896195676,0.2709311970834551,829
2.7273535731328646,0.015676263274183453,0.0007059676555215904,0.0044267961739711936,0.00022869729785057811,0.2651227410825742,0.2651124464008808,830
2.7249379515175223,0.01556962086559047,0.0005922799081729171,0.004417358430296124,0.00024123090698052236,0.265531609928804,0.2655250209482347,831
2.7271794253622677,0.014288675750233138,0.0008589135898083603,0.0042896360300791305,0.00045600869004189525,0.27135435997734175,0.27135366702129554,832
2.724784427645689,0.014121099449982764,0.0007424260353512528,0.004299400441300689,0.0004373442796446907,0.2709127779035854,0.2709127495209466,833
2.727184832151544,0.015612652161848402,0.0007015042298166008,0.004429069289535138,0.0002294599887761767,0.26514793678281556,0.2651377443089777,834
2.7247693722535815,0.015510336513418373,0.0005878336624435158,0.0044194261126709955,0.00024221138705078727,0.2655631419401992,0.26555672780544937,835
2.7270718096388364,0.014238621711144324,0.0008559787628991401,0.004291757287900493,0.00045550886906983826,0.2713426537494717,0.271341955374086,836
2.7246687841185966,0.014066958470818926,0.0007395104004944228,0.004301731375807836,0.0004365819945884099,0.27089454461309004,0.2708945207665721,837
2.7270198037800206,0.015550615512920215,0.0006970044054879424,0.0044313897839452195,0.00023017116685598117,0.26517139304269655,0.26516132308995816,838
2.724607088566963,0.015452774474658591,0.0005834396798583186,0.004421552170807609,0.00024310997008599564,0.2655919841612925,0.2655857604590447,839
2.726949411344896,0.014187400880429362,0.0008522437783376202,0.004293935473355552,0.00045494947030259506,0.27132954454043956,0.27132884692883846,840
2.7245420785153964,0.014011950235267353,0.0007359511270581601,0.004304118201435841,0.0004357910433115441,0.27087560881295547,0.2708755902614372,841
2.726859893664443,0.015490377066988326,0.0006925495700288534,0.004433765328736327,0.00023082978820328944,0.265193083564678,0.2651831598112581,842
2.7244527954093547,0.01539710386805377,0.0005792164503665954,0.00442374468507858,0.00024392993616221653,0.26561825650199844,0.2656122386150778,843
2.7268104351142086,0.014134847312214073,0.0008476335968204389,0.004296181957443847,0.00045431129956739205,0.27131457950716814,0.2713138895316936,844
2.7244042631338323,0.0139562037675494,0.0007317667313844708,0.004306569543940941,0.00043495082762822943,0.2708554747639134,0.27085546182740317,845
2.726704003816768,0.015432047391566261,0.0006880960056945972,0.004436191220607855,0.00023144555952362978,0.2652133349244546,0.26520358474942646,846
2.7243059122540743,0.015343376501508655,0.00057518434217698,0.004425994309057224,0.0002446916280604899,0.2656426221606382,0.26563682641502834,847
2.726655965768716,0.01408081371184172,0.0008422168916845812,0.004298495237208706,0.00045360072229849713,0.27129790417619765,0.27129722877281837,848
2.724258068886215,0.01389985610747068,0.0007271343918318859,0.0043090880132389394,0.00043405712298080285,0.2708340376063019,0.2708340299700553,849
2.726548316161777,0.015375363379801294,0.0006834590607079841,0.004438658460884076,0.0002320332534817119,0.26523263777163075,0.26522309346722944,850
2.7241638615220856,0.015291376841084035,0.0005712728146268734,0.004428284647247593,0.00024542537399137673,0.265666058023363,0.26566050216242254,851
2.726488886807834,0.01402513478927973,0.0008361477602113979,0.004300868058584403,0.00045284411324070164,0.27128013423925473,0.2712794804203231,852
2.7241074569195436,0.01384309027661195,0.0007222844868094908,0.004311670920209842,0.00043312258457534704,0.2708115973576116,0.27081159404785426,853
2.726388112311883,0.01532003257939206,0.0006784096201805834,0.004441151282859476,0.0002326123810255228,0.2652516353557749,0.2652423343847474,854
2.724023382007809,0.015240831879796335,0.0005673731906006103,0.004430591125403466,0.0002461639768518867,0.26568961366165167,0.26568431741402554,855
2.7263129056946855,0.013967614232396047,0.0008296292217748109,0.004303287746874597,0.0004520728470457426,0.27126200477484996,0.2712613792641865,856
2.7239568455666685,0.013786074275671877,0.0007174754075947167,0.004314314116537012,0.00043216259525726106,0.27078852075683263,0.2707885201454429,857
2.7262189574492375,0.015265713794106,0.0006727259370352946,0.0044436585565620175,0.0002331984337350423,0.26527083605226126,0.26526182010399474,858
2.723881964601474,0.015191498125699518,0.0005634057088648257,0.004432896716994469,0.00024693456105958196,0.2657141516175574,0.2657091348935037,859
2.726130638299384,0.013908058962210096,0.000822799232408478,0.004305745991257588,0.0004513146209984607,0.27124416675227486,0.27124357630606466,860
2.723809282735119,0.013728993142461515,0.0007128773500486102,0.004317015155462599,0.0004311902020967114,0.2707651198430616,0.2707651197307554,861
2.7260383942745605,0.015212274734689326,0.0006662790513462537,0.00444617310427073,0.0002337993861569487,0.26529049986615705,0.2652818140021438,862
2.7237387512024327,0.015143238057804737,0.0005593533895871475,0.004435190147012762,0.0002477501214878869,0.26574008009788663,0.2657353620418215,863
2.7259432833302046,0.013846302702706887,0.0008157295244498383,0.004308238612259841,0.0004505806215770635,0.2712268844057969,0.2712263356833251,864
2.7236662436460652,0.013672001565099795,0.0007085750017808474,0.004319777277051117,0.0004302071193638259,0.2707414348434197,0.27074143252639565,865
2.725846419059619,0.015159801315049685,0.000659059018550641,0.004448699470246707,0.00023441413454105398,0.2653105889678044,0.265302279043644,866
2.723595020810413,0.01509608739467134,0.0005552930129363792,0.004437474761890716,0.0002486103863154353,0.2657673836230186,0.2657629799043159,867
2.725750263120454,0.013782257102596852,0.000808394329815918,0.004310769756974051,0.0004498673403203251,0.2712100763864802,0.2712095761005542,868
2.723527533251436,0.01361524572762461,0.0007045539988479085,0.004322605770862041,0.0004292070272786503,0.27071731226000734,0.2707173045751283,869
2.7256451051947184,0.0151085701382652,0.0006511608260077154,0.004451244088426496,0.00023503491227594423,0.26533084838735105,0.26532295995719274,870
2.723453261302492,0.015050132752166566,0.0005513467993909821,0.004439760095681973,0.0002495028561714826,0.2657956594092011,0.26579158126028024,871
2.725550635063536,0.013715924011028719,0.0008007578601040194,0.004313349270422954,0.00044915934649219613,0.2711933797798321,0.2711929343243188,872
2.723392413656858,0.013558869114775923,0.0007007662707376125,0.0043255077161976335,0.0004281817390923638,0.27069255274470416,0.2706925361253353,873
2.725437624930391,0.015058946976532027,0.0006427468868181348,0.004453815419516416,0.00023565410819351355,0.2653510295483239,0.26534360575613297,874
2.7233162765423726,0.015005469556625958,0.0005476490066320416,0.004442060913996327,0.0002504114000017474,0.2658243925634366,0.26582064539208383,875
2.7253440814144327,0.013647441610280326,0.000792818148906006,0.004315988440789413,0.0004484399771726424,0.2711764014216921,0.271176016355299,876
2.7232604251994466,0.01350303574104786,0.0006971709774099809,0.004328483454049285,0.0004271297961323914,0.27066711871868915,0.2706670893717052,877
2.725227177790478,0.015011249983446799,0.000633996215846961,0.004456414695449514,0.00023626789667668241,0.26537100831685034,0.26536408889199353,878
2.7231859503044613,0.014962044405918124,0.0005442845046137526,0.004444389978749366,0.0002513199366446017,0.26585307341320924,0.26584965671964794,879
2.7251321090941074,0.013577105460469079,0.0007846744600317096,0.004318697671504492,0.0004476977436976101,0.2711588691497823,0.27115854841695747,880
2.7231319734586297,0.013447918411499908,0.0006937666617535159,0.004331527585573593,0.0004260624262352573,0.2706412796656423,0.2706412338939709,881
2.7250166930356974,0.014965709312935636,0.0006250940927351356,0.004459037753371236,0.0002368788961472777,0.2653908705454655,0.2653844894181324,882
2.7230630699149896,0.014919654940295003,0.0005412827022295899,0.004446756562085449,0.00025221481218878493,0.26588127237310616,0.26587817931808416,883
2.724917951177606,0.013505384848520626,0.0007765162017423535,0.004321482504936825,0.00044692849206756966,0.2711406833396551,0.2711404285022011,884
2.723008020249894,0.013393673291631823,0.0006905746127607315,0.004334625782025945,0.0004250027197764154,0.27061559409225006,0.2706155287920646,885
2.7248090147970068,0.014922443563388363,0.0006162361158715741,0.00446167527380233,0.00023749308637443798,0.26541081069815725,0.2654049936273744,886
2.7229474242569354,0.014877935877878834,0.00053861739937398,0.0044491688987187365,0.0002530817741121184,0.26590854406009923,0.26590576133666105,887
2.72470607822606,0.013432905950187677,0.0007685955156253679,0.004324346350689953,0.0004461332664731618,0.27112186702148183,0.2711216766357665,888
2.72288942282952,0.013340409108014959,0.0006876032431878882,0.004337758420738451,0.00042398167138229436,0.2705908152189828,0.2705907284040503,889
2.7246074526826147,0.01488149735031114,0.0006076491873818767,0.004464317004726876,0.0002381155918173953,0.2654309945180923,0.265425755883529,890
2.7228383887152794,0.014836443105682991,0.0005362315142133261,0.004451636023592574,0.0002539023812982477,0.26593431458514133,0.26593182226323614,891
2.724501171244029,0.013360429278986535,0.000761165560610053,0.004327288660404618,0.0004453154138438792,0.2711024978105408,0.2711023669966765,892
2.7227762273022744,0.013288172303585354,0.0006848098801526059,0.0043409012481413455,0.00042303271490477004,0.27056775911237707,0.27056765040993996,893
2.7244159037785813,0.014842837662244176,0.0005995875817178141,0.004466956442505316,0.000238746359621339,0.2654514193400263,0.26544675940674034,894
2.722735144304111,0.014794690137514478,0.000534046088857828,0.004454171809969523,0.00025465241839105917,0.26595783250918054,0.2659556044121511,895
2.724307420689172,0.013288794913925418,0.0007544373574203528,0.004330305369781398,0.0004444808196706998,0.27108271376437815,0.27108263414277944,896
2.7226674590422566,0.013236927928034223,0.0006820928651276867,0.004344026882949132,0.0004221880075047761,0.27054721410568294,0.2705470850525231,897
2.7242384521452254,0.01480631357740508,0.0005923018992635884,0.004469591881991778,0.0002393774099182383,0.26547182632782046,0.2654677292142806,898
2.722636795528522,0.014752204214136515,0.0005319681949375319,0.004456792344683851,0.00025530325513481856,0.26597821188790594,0.26597621659020404,899
2.724127866563567,0.013218838651670768,0.0007485370636781034,0.004333385650578897,0.0004436407653638867,0.27106278152011,0.2710627416356516,900
2.722561279402087,0.013186568437975004,0.0006793029108110525,0.004347106875380384,0.0004214768169472395,0.2705299005586301,0.27052975463026674,901
2.7240784901054367,0.014771581862461632,0.0005859861647857969,0.004472228939352244,0.00023999250276341032,0.2654916914106695,0.26548812462463983,902
2.722542251885389,0.014708546934850852,0.0005298914897392424,0.004459514214649394,0.0002558260452850743,0.26599456299137536,0.26599276542541017,903
2.72396403482474,0.013151267964774711,0.0007434857872335608,0.00433650959057937,0.000442814885153229,0.27104316718446225,0.27104315355096487,904
2.722455447417593,0.013136929146498787,0.000676275616363499,0.004350112629526544,0.0004209227540811838,0.27051640207446676,0.27051624434629723,905
2.723937858784474,0.014738056665483607,0.0005807264610042551,0.0044748792962014715,0.00024056742966512945,0.26551023628656667,0.2655071520258146,906
2.7224503296194387,0.014663376396354398,0.0005277096968010525,0.004462349955278035,0.000256196760833259,0.26600614759501046,0.2660045110009239,907
2.7238155708763205,0.01308655952905148,0.0007391800778994077,0.004339647254304784,0.00044203279124029277,0.27102457588728707,0.2710245745746453,908
2.7223477886693845,0.013087834330248417,0.0006728618728617499,0.00435301969654707,0.0004205413158853334,0.270507104034586,0.2705069404991972,909
2.7238162615503545,0.014704911896801207,0.0005764693941756785,0.004477561632687478,0.00024107221260721173,0.26552650033353337,0.265523838599611,910
2.7223598851114312,0.014616489867898121,0.0005253316278183964,0.004465304936410085,0.0002564006740301514,0.2660125161679903,0.266011004139684,911
2.7236802758373115,0.013024888216911154,0.0007354039530534259,0.004342758904876328,0.0004413314332698071,0.2710078897862162,0.27100788828133193,912
2.7222366765460944,0.013039125934725138,0.0006689621338775232,0.004355809830043359,0.0004203361084110246,0.27050210009757597,0.27050193674693757,913
2.7237112269363912,0.014671160783704031,0.0005730253376922584,0.004480298930575669,0.00024147478427625018,0.26553945894412834,0.2655371519838127,914
2.722270077999676,0.01456788433580022,0.0005227019206069224,0.004468375137206556,0.000256436061262239,0.266013621116482,0.2660121994981674,915
2.7235545013371207,0.012966133328413874,0.0007318620991020009,0.0043457998896658774,0.00044075056377830215,0.27099406020231204,0.2709940490998989,916
2.7221214140481695,0.012990692303851508,0.0006645508433884793,0.004358474648104943,0.0004202978098682844,0.270501166061185,0.27050100795148757,917
2.723618497016164,0.014635779579188364,0.0005701023548587575,0.004483114636561166,0.00024174695069984685,0.26554821374627474,0.2655461911028991,918
2.722180383132897,0.014517757188543739,0.0005198046595046195,0.00447154537099792,0.0002563157020571099,0.2660098626495392,0.2660085012132471,919
2.723434119034256,0.012909943404431723,0.0007282512789313824,0.004348725881310993,0.00044032536951736466,0.27098393122170783,0.27098390527264904,920
2.722002483318342,0.012942467974065118,0.0006596918816697314,0.0043610155133136765,0.0004204051910199149,0.27050378479744447,0.2705036353359343,921
2.7235328274207173,0.014597874100721218,0.0005673677319654536,0.004486026375960925,0.00024187180530350663,0.2655522283066931,0.26555042161684683,922
2.722090475344327,0.014466482205525556,0.0005166579314426171,0.004474790165530489,0.0002560669765927102,0.2660020928816424,0.26600076670894346,923
2.7233156686730497,0.012855862588003884,0.0007243377783399975,0.0043515009863760775,0.0004400798068468154,0.2709780791982206,0.2709780374044807,924
2.721881581876946,0.012894420822404395,0.0006545365879527942,0.004363442868462373,0.0004206295929353973,0.2705092562745556,0.27050911689512996,925
2.7234488551834244,0.01455682859844847,0.0005645129563210026,0.0044890392573261806,0.00024185040833708872,0.2655515403847043,0.2655498873564402,926
2.7219999182056354,0.014414527792263364,0.0005132931513062625,0.004478074937457697,0.00025572900235541735,0.26599152908121726,0.2659902196462729,927
2.7231973622562666,0.01280345153256252,0.0007200245655337831,0.004354103745100931,0.00044002057811688054,0.2709766674692831,0.27097661222268454,928
2.7217613645241676,0.012846522326947905,0.0006493019426638967,0.004365773157752826,0.00042094055218727146,0.2705168358229838,0.2705167060830506,929
2.723361942985683,0.014512424821973548,0.0005613117401792084,0.004492141350833297,0.00024170552570773794,0.26554688154286055,0.2655453288951782,930
2.7219079729615183,0.01436237340086272,0.0005097385346044837,0.004481360427353693,0.0002553480020831913,0.2659796120754914,0.2659783078675137,931
2.7230794538395897,0.012752373192404316,0.0007153738697317073,0.0043565323832456294,0.000440134360049474,0.2709793794009612,0.27097931498318406,932
2.721644927289261,0.012798734694308355,0.0006442306983289782,0.004368025708343328,0.0004213110747155821,0.27052586355590386,0.2705257415649217,933
2.723268727310492,0.014464883272945317,0.000557649372629101,0.004495302776166892,0.00024147983316484656,0.26553962139708837,0.2655381268900819,934
2.721813575603978,0.014310425278463492,0.0005060083983279122,0.004484607653400931,0.00025497062871182434,0.2659677997454823,0.2659664962377744,935
2.722963884356801,0.012702410523373368,0.0007105814240143196,0.004358805515325972,0.0004403884715149189,0.27098543474686476,0.2709853657106857,936
2.721535156396657,0.01275101771897466,0.0006395435907122419,0.004370219511024589,0.00042172082317287545,0.2705358424023188,0.2705357254222163,937
2.723167347906895,0.014414818562298537,0.0005535224574293224,0.0044984803043004035,0.00024122884955263718,0.26553154369509474,0.2655300773347321,938
2.7217155615111297,0.014258962773495532,0.0005021058161748418,0.0044877843186886856,0.00025463732487661535,0.2659573595834842,0.26595605831758606,939
2.7228533881975014,0.012653439228182527,0.0007059113897638989,0.004360959169882879,0.0004407360566737533,0.27099371469449257,0.2709936446188549,940
2.7214341870589456,0.012703356696967403,0.0006353999339928191,0.004372370796945575,0.000422157206212991,0.27054646456724346,0.2705463496418342,941
2.7230573011194057,0.014363104160613314,0.000549009109471986,0.004501625334387109,0.0002410103748281415,0.26552450884337864,0.265523053158778,942
2.7216129433155754,0.01420810507588844,0.0004980293297421046,0.004490869445138413,0.0002543769024422876,0.2659491975485379,0.26594790431831444,943
2.7227505293120267,0.012605376617723959,0.0007016230462292999,0.004363039386630478,0.00044112459735103814,0.2710029663940844,0.2710028972840913,944
2.7213431149531027,0.012655786464225717,0.0006318774003684722,0.004374491220356926,0.00042261477297497534,0.27055759647855204,0.2705574809976508,945
2.7229390894079497,0.014310680766659598,0.0005442277710139391,0.004504693472251352,0.00024087396603634414,0.2655201148847663,0.26551866391897144,946
2.7215051315234806,0.014157810493755026,0.0004937800277033859,0.004493856187124935,0.00025420394088627085,0.26594377436136973,0.2659424967450082,947
2.722657003199403,0.012558153103063676,0.0006979110514421862,0.004365093032222334,0.0004415057906756139,0.27101203918413475,0.27101197149299294,948
2.7212619685527764,0.012608399239671528,0.0006289716099468287,0.004376587021880059,0.0004230935695030118,0.2705692384278809,0.2705691205760639,949
2.722813825675043,0.014258365810202556,0.0005392994467031693,0.004507652492429843,0.00024085318418797,0.26551944535696975,0.2655180021550703,950
2.721392011663452,0.014107904875379749,0.0004893644355816379,0.004496751186394212,0.00025411905179851667,0.2659411120000619,0.26593985681951265,951
2.722573344096689,0.012511711883373331,0.0006948733321275788,0.004367158779380956,0.000441843425286177,0.27102007196196476,0.2710200050153402,952
2.7211898510396466,0.012561324305904748,0.0006266105230684157,0.0043786595968190066,0.0004235963063403784,0.27058145539898426,0.270581334424208,953
2.7226829340694274,0.014206715160421728,0.0005343249349048566,0.004510487379911466,0.00024096210711744136,0.26552295420071326,0.26552152701080106,954
2.721273932565559,0.014058148032757354,0.00048479655671934755,0.004499571336954952,0.00025411195835556175,0.26594088950954625,0.2659396608665699,955
2.7224989442486778,0.012466027016697507,0.0006925039915456276,0.004369261097081448,0.00044211755978558514,0.27102659173013033,0.27102652429884394,956
2.7211251874782643,0.01251469705005222,0.0006246775415424249,0.00438070760240185,0.00042412486037754016,0.2705942919367853,0.2705941681706901,957
2.7225479111972724,0.014155966166934299,0.0005293742998558036,0.0045132010984505,0.00024119619584812458,0.2655304924534969,0.2655290904899893,958
2.7211516137790372,0.01400831526752932,0.00048009902461624936,0.0045023380294568855,0.0002541665516443002,0.2659426017840345,0.26594140018731066,959
2.722432300875676,0.012421107287063806,0.0006907091827979069,0.0043714080235069345,0.0004423244044788773,0.2710315098002706,0.2710314406474544,960
2.7210660744406887,0.012468630984840004,0.0006230412424576158,0.004382729962923656,0.00042467687821705076,0.270607689783599,0.27060756437898115,961
2.722410104078436,0.014106062983017444,0.0005244841639148337,0.0045158115190150295,0.00024153686088892594,0.2655414562023295,0.26554008608395463,962
2.721026021651555,0.013958277355002335,0.00047530503274601513,0.004505070770971717,0.0002542669865763892,0.26594575136443527,0.26594457406499256,963
2.7223713973370756,0.012376980617649197,0.0006893385754981112,0.0043735932037170105,0.0004424730114699108,0.2710350424641813,0.2710349707706652,964
2.721010696153009,0.012423204754175273,0.0006215865784838383,0.004384728631994824,0.0004252439559818298,0.2706214440809035,0.27062131853927635,965
2.722270511817627,0.014056748928784554,0.000519659750031732,0.0045183449459617366,0.00024195833501118987,0.2655550099649981,0.2655536737656581,966
2.72089821427738,0.013908043214363019,0.0004704580144394211,0.004507781653708752,0.0002544027570886191,0.2659500080592023,0.2659488503305105,967
2.7223141720041304,0.01233366515477748,0.0006882277548924779,0.0043758013604676,0.00044257952422906133,0.27103757410513535,0.27103749970260094,968
2.7209576850474897,0.01237846120939039,0.0006202386921255638,0.004386710151424346,0.0004258120184531416,0.27063521307021426,0.270635088724146,969
2.722129731924736,0.014007702326137388,0.0005148852804666613,0.00452082835735108,0.00024243512701191741,0.2655703284169576,0.2655690236325872,970
2.7207692062432014,0.013857758874863905,0.00046560866902248683,0.004510473052956,0.0002545710970310053,0.26595528429803134,0.26595414111210136,971
2.722258954760441,0.01229115241013849,0.0006872393881741207,0.004378015801450154,0.0004426604492563103,0.2710394973622544,0.2710394207213984,972
2.7209062922346923,0.012334414843016785,0.0006189705592073874,0.004388685289679104,0.0004263638476471348,0.2706485797973404,0.27064845743969346,973
2.7219880716130604,0.013958672622686942,0.000510140384820755,0.004523282347551819,0.00024294803730629701,0.26558679047483147,0.26558551154670096,974
2.720639847757899,0.01380765457990606,0.0004608075805699009,0.004513139030311873,0.00025477588129116385,0.2659617004511162,0.26596056794917833,975
2.7222047560818883,0.012249408638367492,0.0006862920135325912,0.004380225329440368,0.00044272677440589147,0.27104107350887524,0.2710409954951182,976
2.7208563193838375,0.012291060644311019,0.0006177928186266936,0.004390666930152682,0.0004268828232198548,0.2706611428343123,0.2706610226090642,977
2.7218457505633427,0.013909571722056178,0.0005054161268502529,0.0045257171225981515,0.00024348721681372444,0.2656040769292427,0.2656028175065878,978
2.7205107410303317,0.013757965690730704,0.0004560959972267515,0.004515769770727307,0.00025502409646590917,0.2659694738944622,0.2659683501836756,979
2.722151313400561,0.012208388170190208,0.0006853667116619547,0.004382428017923859,0.00044278124962495824,0.27104236796619996,0.27104228947713677,980
2.720807894979473,0.01224838366168024,0.0006167329982192615,0.004392666845926805,0.00042735663496894715,0.2706726059065844,0.2706724874561207,981
2.7217030368425723,0.013860483923673804,0.0005007209147389157,0.004528132478426614,0.00024405155393678114,0.2656221494659596,0.2656209044870794,982
2.7203821949426112,0.013708852407671881,0.00045149778095897954,0.004518356756489518,0.00025532170308647167,0.26597878916208834,0.265977674249294,983
2.7220989039157155,0.01216804455603592,0.0006844916832806046,0.004384630413611643,0.0004428197693680813,0.2710432832364173,0.27104320489184053,984
2.720761218390251,0.01220636725831916,0.0006158143736964118,0.004394692711576024,0.0004277796500884864,0.2706828346724642,0.2706827174356345,985
2.721560260839438,0.013811599986465212,0.0004960747891312777,0.004530521575896089,0.0002446450757245302,0.26564113409329804,0.2656399009627852,986
2.7202542490095554,0.013660356341713874,0.0004470166766303587,0.004520896547695024,0.00025567072593468064,0.2659897068745703,0.26598860189395007,987
2.7220480224048087,0.012128336282262363,0.0006837131377742888,0.004386842982456994,0.0004428358529088907,0.2710436653867355,0.27104358740119283,988
2.720716380846318,0.012164997896068374,0.0006150431163383516,0.00439674661686652,0.0004281531442788394,0.2706918617886076,0.27069174530397505,989
2.7214177338066867,0.013763112111636092,0.0004914969493942865,0.004532876561416871,0.0002452721606921416,0.2656611672838311,0.26565994584144487,990
2.7201267586998585,0.013612406878844232,0.0004426398517239392,0.004523391644176851,0.0002560685042616248,0.266002140614981,0.2660010467824798,991
2.7219990740099815,0.012089227364166079,0.0006830667099437192,0.004389074277764479,0.00044282560990729626,0.27104342201038834,0.2710433442694485,992
2.720673303970821,0.012124264973305085,0.000614406740586484,0.004398825745761598,0.00042848334937936985,0.27069983935636627,0.27069972344768445,993
2.721275657772026,0.013715125302350611,0.000486994994487721,0.004535193556231513,0.00024593376265884915,0.26568227542988737,0.2656810669295735,994
2.719999517383728,0.013564873811244047,0.0004383462649032075,0.004525848508480813,0.0002565091238708167,0.2660159022184458,0.26601482002208887,995
2.721952199129933,0.012050686496063908,0.000682561001932681,0.0043913268113400334,0.00044279071925040845,0.2710425929783002,0.27104251523875944,996
2.7206317904767023,0.012084157603892176,0.0006138821662510355,0.004400924852794342,0.00042877821919804686,0.27070696064607375,0.2707068454308067,997
2.7211340806554514,0.013667623514343799,0.0004825609427487344,0.004537474845870842,0.0002466261165513561,0.2657043343237259,0.2657031400514953,998
2.719872367614892,0.0135176352309452,0.0004341161864334869,0.0045282739606836665,0.0002569860428633683,0.26603078422483967,0.26602971318443874,999
2.721907271379633,0.0120126844420538,0.0006821780867795942,0.004393596455246468,0.00044273815375518315,0.2710413439151396,0.2710412660083202,1000
2.7205916311024056,0.012044661463918648,0.0006134475176770018,0.004403039327744319,0.00042904428757434965,0.2707133842617364,0.2707132700109592,1001
2.720992926811888,0.01362050157882102,0.00047817538553730635,0.004539727712607473,0.0002473420683403436,0.2657271125239296,0.2657259327796622,1002
2.7197452693817112,0.013470629157591597,0.0004299381582674459,0.004530672083068081,0.00025749446957661857,0.2660466342133364,0.2660455732137636,1003
2.721864026184095,0.011975191905359641,0.0006818870922689407,0.004395875363509398,0.00044267720142904325,0.27103989547096285,0.2710398174087012,1004
2.720552696779165,0.012005757823365684,0.0006130908436985294,0.0044051673083968885,0.00042928495659759903,0.27071919295237146,0.2707190798998091,1005
2.7208520856081817,0.013573637471948874,0.00047381676566734046,0.004541960899713945,0.0002480738967629016,0.2657503617978414,0.26574919567600563,1006
2.7196183036669925,0.013423863471876497,0.00042581060237575186,0.004533043198464795,0.00025803223232145233,0.26606338172121463,0.26606232962813164,1007
2.7218222278848807,0.011938179727365014,0.0006816616071599575,0.004398156464640044,0.00044261560862170023,0.27103843170537434,0.2710383536539454,1008
2.7205149608879986,0.011967424387402056,0.0006128112352303734,0.004407309900793527,0.00042950078396577574,0.27072440069014725,0.27072428890350136,1009
2.720711509562744,0.013526962454838472,0.000469470535260079,0.004544180938954674,0.00024881595786209346,0.2657739011617955,0.26577274707613224,1010
2.7194916192990695,0.013377385754737564,0.0004217381422562981,0.0045353852789718156,0.0002585989370645601,0.26608101169281834,0.26607996785500404,1011
2.721781779237424,0.011901621321576777,0.000681490859385954,0.004400436837328394,0.00044255708418234854,0.2710370407658099,0.27103696292952845,1012
2.7204784509047255,0.011929636537385758,0.0006126130297112846,0.0044094695527865145,0.00042969127658657564,0.2707289960342168,0.27072888540934104,1013
2.720571257643081,0.013480489900510553,0.00046513274817525194,0.004546390303897207,0.00024956575254967133,0.2657976502224119,0.2657965067189348,1014
2.7193653566561364,0.013331233778331328,0.00041772558287892284,0.004537696527106075,0.0002591942227417721,0.26609951001558035,0.26609847438708034,1015
2.7217427231157805,0.01186549482977376,0.0006813794914736452,0.004402718146099674,0.0004425014060733244,0.27103571738908194,0.271035639892195,1016
2.720443170561528,0.011892368362426377,0.000612497669975443,0.004411647795689579,0.00042985691978674937,0.2707329910959984,0.27073288145332153,1017
2.720431460628812,0.01343429473765929,0.00046080648792614834,0.0045485882780979215,0.00025032308722869,0.26582160191727405,0.2658204682329776,1018
2.719239598345438,0.013285398124359585,0.000413773909581354,0.004539977307346526,0.00025981639735904644,0.26611882121493524,0.26611779410053643,1019
2.721705160006226,0.011829783680518697,0.0006813383840870108,0.00440500433134258,0.00044244665635243,0.2710344159974179,0.27103433883756556,1020
2.7204090455592076,0.011855592391650101,0.0006124586378739249,0.0044138437284924155,0.00043000018474599784,0.2707364458079488,0.2707363370125941,1021
2.72029223596529,0.01338846806196377,0.00045649384820177757,0.00455077359523126,0.00025108815142297356,0.2658457613077748,0.26584463737466774,1022
2.7191143751586417,0.013239812428985278,0.0004098810996122711,0.004542230118168191,0.00026046229660139946,0.2661388443390907,0.2661378260048496,1023
2.7216691621746008,0.011794477134290134,0.000681374780603765,0.00440729866346454,0.00044239175945813455,0.27103311102662025,0.2710330341106277,1024
2.7203759158780394,0.01181927756876704,0.0006124816749378845,0.004416054039234491,0.0004301250899859962,0.27073945732139576,0.2707393493500895,1025
2.7201536062929548,0.013343091091425209,0.0004521880770700641,0.004552947041765618,0.0002518599467733076,0.2658700959913073,0.2658689819844903,1026
2.7189897214796153,0.01319436070704554,0.00040604786008422583,0.004544457651977073,0.0002611283340493641,0.2661594657723999,0.266158456219183,1027
2.721634771601236,0.011759574501350917,0.0006814902509400361,0.004409602647124564,0.00044233748266264575,0.2710318207167769,0.2710317439265701,1028
2.7203435548681076,0.011783383455174797,0.0006125482516707955,0.004418273941886787,0.00043023593251779205,0.2707421294113645,0.27074202234284517,1029
2.720015445422712,0.01329826663570924,0.0004478674748030937,0.004555112540278782,0.0002526360776178045,0.26589452980172124,0.26589342560537693,1030
2.7188657501458118,0.01314886087870126,0.00040228712355221987,0.004546659992430645,0.0002618119801893108,0.26618060506252195,0.26617960411683234,1031
2.721602143984047,0.011725099664748767,0.0006816912581652918,0.004411918317971207,0.0004422852412302995,0.27103057871838765,0.2710305019329404,1032
2.7203116639051843,0.01174784627780427,0.0006126372721338427,0.0044204972812692455,0.0004303365113216837,0.2707445537749474,0.27074444775306555,1033
2.719877388690422,0.013254236076880229,0.00044348509713804286,0.004557276838944972,0.00025341406364002786,0.26591898437840894,0.26591788930442306,1034
2.7187427197200384,0.013102954404188882,0.0003986389092750298,0.004548831439837297,0.0002625131609235007,0.2662022578958459,0.26620126557243995,1035
2.7215719449968225,0.011691143277168786,0.0006820171741668516,0.004414254422789978,0.00044223436170228803,0.2710293690276786,0.2710292920432711,1036
2.7202798416253975,0.011712544841482188,0.0006127233205198994,0.004422712853658947,0.00043043151563881507,0.2707468435102503,0.2707467387801235,1037
2.7197384002429277,0.013211626521288544,0.00043893159873432453,0.004559448902078283,0.0002541946994140215,0.26594348454429023,0.26594239730736274,1038
2.71862104149616,0.013055752217435657,0.00039520097454597285,0.004550953691369409,0.0002632374580963449,0.26622459423518335,0.2662236112940053,1039
2.721546520590765,0.011657998712737812,0.0006826151795550986,0.00441663912118557,0.00044217837151060027,0.2710280377475075,0.27102796004007457,1040
2.7202479931035772,0.011677227055306435,0.0006127978896421364,0.004424890610846633,0.000430534091919369,0.27074931545664505,0.2707492126167468,1041
2.719594641005624,0.013171936090993095,0.00043389316041505074,0.004561635291945465,0.0002549959673370539,0.26596859315459737,0.26596751173121497,1042
2.7185007589225076,0.013004775976254263,0.00039220105297768496,0.0045529686039792825,0.0002640137669673249,0.26624850045288256,0.26624752946863484,1043
2.7215345876818464,0.011626711060647263,0.0006840299710024643,0.004419153894418549,0.0004420964943015665,0.27102609079932755,0.27102601093524215,1044
2.7202212307093534,0.011641445575957707,0.0006131482722245293,0.004426933160018749,0.0004307015621543379,0.2707533506247627,0.2707532514033871,1045
2.719427977533944,0.013138068596672806,0.00042725609959712904,0.004563780878986461,0.00025594243865768954,0.2659982011069273,0.2659971222098432,1046
2.7183764150804555,0.012942471440200908,0.00039011151945137076,0.004554647194019389,0.0002650045898703333,0.2662789615722359,0.26627801035338633,1047
2.7215759545820015,0.011601954925189265,0.0006887255384776451,0.00442205320534252,0.00044191280429947574,0.2710217222010823,0.27102163610263,1048
2.7202527409763495,0.011605555364679894,0.0006168273408477963,0.004428464536023157,0.00043125369078982534,0.2707666485208814,0.2707665580988659,1049
2.7191331674016306,0.01310842079687868,0.00041410788564020986,0.004565210352953563,0.0002579131900471069,0.2660596759010606,0.2660585983546816,1050
2.7181866422311804,0.012843156548980297,0.00038870670525325077,0.004554829532294995,0.000267293894592372,0.26634912519348886,0.2663482205574815,1051
2.7219188216363057,0.011610347483638648,0.0007118593891108954,0.004426176203565279,0.0004413857168654849,0.2710091817276515,0.2710090770487086,1052
2.720788848652837,0.011582046855756147,0.0006493506340718215,0.004427648135139677,0.0004344506490219216,0.2708434797723874,0.2708434132300866,1053
2.7180341049806156,0.01298219667194617,0.00036826869407883026,0.004560334526662808,0.00026682719054508093,0.2663348458990307,0.2663338298308239,1054
2.717168567971185,0.012601251728918598,0.00035915784945740815,0.004545982002085376,0.00027961788040004694,0.26672177862549457,0.26672102198350994,1055
2.725229547081753,0.011809510072580968,0.0009107832782873806,0.0044303411821819925,0.00044649076375747503,0.27113032805607795,0.2711301836482722,1056
2.7242909651917127,0.011573569295470893,0.0008415623501519156,0.00441378941136548,0.00045909646680580797,0.27142653650980036,0.2714265173385784,1057
2.715454574956557,0.012272367906538097,0.0002963712728370559,0.00452768915865268,0.0003021280502005176,0.26738183103704893,0.2673812541801443,1058
2.7397935361448518,0.015722401271699427,0.0016811244455199924,0.004561398147323469,0.0002954583994620145,0.267188903381601,0.2671874824866874,1059
2.7187621331164764,0.012902357591345457,0.0004935221564615149,0.004522146928715987,0.0003297133792822738,0.2681580114352391,0.26815734277740416,1060
2.785567560363193,0.01728650584126266,0.004643465766278505,0.004456320252382124,0.0003856551319346935,0.26963810408198036,0.26963807049526567,1061
2.813833995941052,0.019859941223895863,0.006340397673506999,0.004441178285243502,0.00040344749782293557,0.27008600253467413,0.27008588171290154,1062
2.7269445697199957,0.012478374631699509,0.0010593579831459003,0.004458272630526524,0.0003805457601233084,0.26950758211884057,0.26950752043855863,1063
2.8124781084140107,0.022719827697558103,0.006067278013164531,0.004580530878157177,0.00030242814612107627,0.26739046135446315,0.2673879642752011,1064
2.908203254306288,0.033660173885189576,0.011651171742178383,0.004650008910527901,0.0002598857067049445,0.2661209710223964,0.26611665650488575,1065
2.8104755708595848,0.024065801226795067,0.005755714548295621,0.004623478355552141,0.00025113850139526475,0.2658473499802101,0.26584410752749077,1066
2.7210655933557053,0.012522818049531413,0.0006296597159285164,0.004538195434534868,0.00028306262472837086,0.26682446506514756,0.2668238170461844,1067
2.7532733284437096,0.014640311079915563,0.00265774528149238,0.0044459344171372105,0.0003966528592244089,0.2699161456919859,0.2699161206124555,1068
2.73207319924667,0.012362217141648193,0.001307184009058355,0.004412324512329711,0.00045941045605986256,0.2714338623691546,0.271433773378917,1069
2.7479145809923464,0.014516003302416591,0.002319191209169883,0.0044901933605452195,0.0003829846685116403,0.2695699940856312,0.26956877437915217,1070
2.7399780376942457,0.015566522686180292,0.0017071199802023223,0.004547831612558617,0.00029840903941597935,0.26727451994748275,0.2672728660622897,1071
2.7291858225546664,0.012952906023527309,0.0011097860046465785,0.004545077153925534,0.0002647724101544476,0.26627182872803323,0.2662712507103,1072
2.7305159535150296,0.012810145665344866,0.0012651702089848727,0.004511734057389235,0.0003025374119864499,0.26739360261666484,0.2673932145702719,1073
2.722731819488171,0.012678056178200088,0.0007728922808357347,0.0044873463507399056,0.00036428470752877145,0.26908624393454017,0.2690853408731283,1074
2.7189878013185145,0.011801800133989212,0.0005646657503019907,0.0044613524408991315,0.00039266828614469424,0.269815859460157,0.269815548617172,1075
2.738188172108025,0.013297540937607788,0.001751986730508076,0.004503310874794832,0.00031109410955071397,0.2676378601182432,0.267637778718512,1076
2.729332636689191,0.012942473415758642,0.0010981558683718405,0.004555091581827303,0.0002547700717770498,0.2659615184671462,0.2659609921654368,1077
2.739303904425367,0.01570510061049066,0.0016329652762249812,0.004561058920513607,0.0002832254281065898,0.26682930266251664,0.26682745384854784,1078
2.7354055304039764,0.013866995738752722,0.0015390992534842067,0.004499677149291823,0.00036212521080810164,0.26902958777294195,0.26902844001056964,1079
2.729996297692486,0.01239276428038951,0.0012200117689301175,0.004427769473840883,0.00042706939445144517,0.2706656573679969,0.27066564827500544,1080
2.7326284726066117,0.012885376185236662,0.0014100202607060229,0.004455517939285831,0.0003822951610905668,0.2695523697052446,0.2695523685549473,1081
2.7194189620251907,0.013072387856499659,0.0004980995632396881,0.0045410062291657595,0.0002939675386428775,0.2671454815809553,0.2671447337364577,1082
2.7169489873653987,0.012709658492801819,0.0003583507159455317,0.004538241756055872,0.0002946451979152313,0.26716523224180877,0.26716429100930195,1083
2.7396747102534977,0.013245741027518774,0.0018355491812999274,0.004436427825612976,0.00040525752545740937,0.27013100905214166,0.2701310085257181,1084
2.732717755591889,0.012496708872583105,0.0013643711423382402,0.0044106179639409,0.0004464592394655915,0.27112958209396465,0.27112957591959436,1085
2.7293306319580175,0.01314568745160203,0.0011806623881443293,0.004488735464262262,0.00036707914150663266,0.2691593095258319,0.2691585887250218,1086
2.7246170972490873,0.013854283818705973,0.0007741442365817524,0.0045539882261502115,0.00028106752046433344,0.26676506845987613,0.2667636526004473,1087
2.7362619133771466,0.013088938714479503,0.0016001083005673855,0.004532600941205084,0.0002797996233816169,0.2667272120624334,0.26672692719223856,1088
2.7308846075489335,0.012707426129783322,0.001309190914658292,0.004502765732363583,0.0003178445922424762,0.267828196550478,0.2678280879503504,1089
2.7263172941399816,0.01309334636470029,0.000984824068376685,0.004496406554166897,0.0003629041292649245,0.2690500427628109,0.26904943649216145,1090
2.7256142507951338,0.012510530678979894,0.0009663146624550303,0.004481803943450908,0.0003833327054895477,0.26957888417376097,0.26957833075185256,1091
2.729730440646838,0.012605775066438236,0.001247708502037131,0.004479106749915107,0.00035070664941772527,0.26872716341087793,0.26872705277695663,1092
2.7256189615369446,0.012453079081980449,0.0009580333628522919,0.004518807329254682,0.00029831099727835124,0.26727168194700074,0.2672712989408207,1093
2.734418616789723,0.015025587391184566,0.0013588875180325754,0.004558826449621996,0.00028749081400335056,0.26695555407538635,0.26695390786558465,1094
2.733729054629961,0.014426449290751755,0.0013886641648874134,0.004530376168738367,0.00032772057567921907,0.26810305431907056,0.26810185813204745,1095
2.721425236030039,0.011839871043067458,0.0007310696175027982,0.004462417887540134,0.0003847174825609861,0.2696142163381815,0.26961414329863087,1096
2.7204410857510126,0.011966733793183597,0.0006701555634934864,0.004479526392278345,0.00035641488349806317,0.2688789534534641,0.26887875563418284,1097
2.7334461935512167,0.014683135006532417,0.001322299756384298,0.0045558038852072874,0.0002915611222204518,0.26707516097202166,0.26707340962171416,1098
2.7294284356698473,0.014391024357454384,0.0010613432488858134,0.004559986037042294,0.0002825931915056205,0.2668105083654725,0.2668088507402723,1099
2.7252502648241137,0.012256772599803322,0.0009711685156365866,0.004491264934453208,0.0003355930715678631,0.26831919953403705,0.2683190123339228,1100
2.7229210206307886,0.01199618638911996,0.0008259590680766086,0.004463981465313827,0.000376056074960994,0.26939216529841353,0.2693920199494691,1101
2.731216671967243,0.013671784898375767,0.0012751154327397662,0.004514529204814997,0.00034854110086354105,0.2686692554983733,0.2686678758541569,1102
2.7268865558960376,0.013522044549692708,0.0009904233392672578,0.0045335514830502,0.0003228196619807362,0.26796718291721705,0.2679657532147471,1103
2.7277316594591974,0.01245804984128818,0.0011191832729409525,0.0045040637909348445,0.00032436309906811676,0.268010083260999,0.2680099077018994,1104
2.726290998025298,0.01235995923154558,0.0010311489328017978,0.004498921838569353,0.00032763700337742083,0.26810074593428185,0.26810059142545856,1105
2.72605248597088,0.013489241980407001,0.0009400193873391288,0.004524253208222625,0.0003294318002249132,0.2681502562027348,0.2681490001541434,1106
2.723595268678486,0.012887592049856653,0.0008194247987980306,0.004512435432180785,0.00034827741482454253,0.2686621921226994,0.26866102586935414,1107
2.730347087324914,0.012531035313888588,0.0012923074305684046,0.004480437965921431,0.0003593836781664799,0.26895741749728796,0.2689573340505395,1108
2.728634525960445,0.012522235604900853,0.001179196642750503,0.004496276335281044,0.0003359176280659446,0.2683280557633903,0.2683279727466269,1109
2.723550565105058,0.013414416650712201,0.0007625303131545236,0.004543722318806063,0.0003050747369516964,0.2674663887782133,0.2674653062141392,1110
2.722118425345397,0.013073390537995836,0.0007035200986992432,0.004530533546501286,0.0003245750729098731,0.2680159671655416,0.2680149124110597,1111
2.7293778426249906,0.01235876073325538,0.001235630724000635,0.004474384265771871,0.0003694530945984698,0.2692211626755113,0.2692211051008857,1112
2.7267756532017278,0.012264784662479015,0.0010696914531823257,0.004475676727776857,0.00036641695370908154,0.26914202062764225,0.2691419575064083,1113
2.7242182208898362,0.013269560254351007,0.0008280048827384301,0.0045339958930951585,0.0003199925801909698,0.267888336428829,0.26788727189463835,1114
2.722307844462179,0.013207930697807726,0.0006960661949316683,0.004544523050398637,0.0003079846618383998,0.26754949178290927,0.2675484100486433,1115
2.728453845688875,0.012349551565672736,0.0011797839592788296,0.00449440443992357,0.00034422993034403563,0.26855343446222385,0.2685533602675764,1116
2.7253625925102622,0.01212928992022111,0.0009869176782621608,0.004483775739100135,0.0003588533423649403,0.2689434247791929,0.2689433484980473,1117
2.7255851743570174,0.01328533249868962,0.0009241845763460723,0.004526447461879567,0.00033481158189106465,0.2682978573032764,0.2682967892348585,1118
2.7236873851842356,0.013149084849374312,0.000803167333113369,0.004534266135727034,0.000324821548415709,0.26802280634129183,0.26802173704467075,1119
2.726228024990892,0.01223771772526689,0.0010383614648824832,0.00449944316568542,0.00033944194954530025,0.2684239504326651,0.26842385066827606,1120
2.723707262655625,0.012104501954012947,0.0008789185035078463,0.004500650373014016,0.00033792656491283277,0.26838277903127905,0.26838263387937955,1121
2.7266683493898833,0.013546373541523932,0.0009746595650720778,0.004538440547830132,0.0003235328428134352,0.26798701873055775,0.26798571272578114,1122
2.724869219988184,0.01322848008545009,0.000880039387322408,0.004531512377974341,0.0003342607714087626,0.26828279987881404,0.2682816323778605,1123
2.724498574049108,0.012029076863725407,0.0009364613533953868,0.004490310066964971,0.00035668354500008564,0.26888606748373217,0.26888597715615264,1124
2.722538813253448,0.012022709588439569,0.0008069576785817508,0.004499915372304368,0.00034125534744163286,0.2684730979383977,0.26847295842121366,1125
2.7269640328036897,0.01364536779248513,0.000978859441206045,0.0045493652374050215,0.00031004336853563075,0.2676080484022401,0.26760662784686334,1126
2.725008742641464,0.013386823379862,0.0008723764928888604,0.004543398642785138,0.00031938499648690496,0.2678713456820382,0.2678700290973718,1127
2.723567448951946,0.011927997854375132,0.0008807818565479396,0.004491102209113108,0.0003582012336602811,0.2689262049460604,0.268926103594038,1128
2.7216807812424646,0.011881133113628936,0.0007587353082173132,0.004492640450770599,0.0003551852510287999,0.26884635909211113,0.26884623943238384,1129
2.7270265381446004,0.013565977000803427,0.0009922756735267098,0.00454752400396184,0.0003152868408643402,0.26775631833642155,0.2677549218074359,1130
2.724732125388223,0.013370187172946885,0.0008499195632106094,0.004549868271119307,0.00031191093180623947,0.2676610003059351,0.2676596434597144,1131
2.7234638191593947,0.011957124301712512,0.0008732844691686638,0.004499001273003145,0.0003473999712838987,0.2686386687100742,0.2686385546823205,1132
2.7215457306512,0.011846104424201417,0.0007521223594624702,0.004493604290659616,0.0003548486574255197,0.26883742703835956,0.26883730779225634,1133
2.726680685579839,0.013455943200932382,0.0009817627299855494,0.004542571196845836,0.00032414722794270713,0.2680040892005874,0.26800271283619725,1134
2.7243571732998833,0.013238048112013042,0.0008391467480659718,0.004546063778529049,0.00031992413927324904,0.2678864233225441,0.26788507228466246,1135
2.72346805183181,0.011957473047440091,0.0008735340017517899,0.004502201619969012,0.0003457873036444828,0.2685953570453617,0.2685952366548633,1136
2.7216827966934396,0.011883125226913522,0.000759475401392324,0.004501185473776305,0.00034620049256816606,0.2686064637308696,0.2686063323337745,1137
2.72595773593587,0.013400635444417847,0.0009358811454058403,0.004545648352463524,0.00032149872637535464,0.2679303855612576,0.2679290022802339,1138
2.723821248540948,0.013134229465697705,0.0008133374872337801,0.004543158183096069,0.0003257015349490091,0.26804720296746865,0.26804589790864247,1139
2.7234917013467204,0.011906341449775627,0.0008781125101928798,0.004498854271915387,0.0003529728643169312,0.268787572070838,0.2687874711413903,1140
2.7218078919096866,0.011883163011653423,0.000767801197914217,0.0045034142248473715,0.00034555288885891583,0.268589052930661,0.2685889292738565,1141
2.725192708300106,0.01333616677956321,0.0008851865164654575,0.004551749541925312,0.0003150825501752916,0.2677505647846848,0.26774916966370105,1142
2.7231798305866226,0.013086987983482562,0.000771798667222246,0.0045473096133921516,0.00032180682284683115,0.26793897496644753,0.2679376733383262,1143
2.7235371750215567,0.011866226781744418,0.0008831449752608237,0.004497538536692168,0.00035695078447525437,0.26889314120190855,0.2688930509063723,1144
2.7218220784521416,0.011832618417074708,0.0007718350510569226,0.004500514032179832,0.0003519088280280846,0.26875923314072525,0.26875911634577526,1145
2.7245739277883687,0.013238013286075923,0.0008503862404654274,0.004553128164188765,0.00031497341735243275,0.26774749045224233,0.26774607241019205,1146
2.7225886923921627,0.013030722023202186,0.0007332208323490169,0.00455211294525959,0.00031692594737744203,0.26780241408847244,0.2678010909911394,1147
2.7236206472091786,0.011866520820823083,0.0008891416703407074,0.0045006093016182955,0.00035448635917410636,0.2688278081351523,0.26882772088191803,1148
2.721818835000314,0.01179531465938365,0.0007736791201631134,0.004500040803365506,0.0003549461682328686,0.2688400150804841,0.26883989966535443,1149
2.7241491993162246,0.013150331356324249,0.0008303240241247696,0.004552072824912526,0.000318684521932409,0.2678517372244947,0.26785028747768774,1150
2.7222099328777585,0.012958520906552928,0.0007132093269358828,0.00455317157897317,0.0003176111872339428,0.2678216493971221,0.26782030534783435,1151
2.723593706813496,0.011865075989235824,0.0008877776631103262,0.004503764991622365,0.00035198497885419216,0.26876126272014206,0.2687611806489846,1152
2.7217855902397043,0.01179036132211043,0.0007721456258396578,0.004503347751741348,0.0003524885939788051,0.2687746795972343,0.26877456894670254,1153
2.7238029566113484,0.013096559164319073,0.0008113009506402191,0.004553433085271588,0.0003195027215804613,0.26787463906154363,0.2678731680564831,1154
2.7219688738278585,0.012895373525625704,0.0007032181729735868,0.004552852197956371,0.00032075018961285067,0.267909499982212,0.26790814517177464,1155
2.7234129633220783,0.011832445927569952,0.0008777048245005232,0.004504187888830658,0.00035355375832155225,0.2688030252438684,0.2688029506521841,1156
2.721660938008432,0.011781594274559581,0.0007646344117133555,0.00450620904012354,0.0003502796227909559,0.2687157586752703,0.26871565323069757,1157
2.7235231305016305,0.013065807939789007,0.0007929671210904449,0.00455715517523736,0.00031676499744790024,0.2677978930620425,0.2677963915186762,1158
2.721784393755004,0.01286200199912324,0.0006933253033224379,0.004554636151849034,0.00032110393110169514,0.2679193730666476,0.2679179984442284,1159
2.7231503517492315,0.011783574152373709,0.0008628976449304474,0.004503833178895574,0.0003567587740472538,0.2688880590333484,0.268887991991387,1160
2.7214459680534295,0.011747669515512385,0.0007524308219079706,0.004506853664241311,0.0003517398793612513,0.2687547295198105,0.2687546313399787,1161
2.723316259683141,0.013034409971189603,0.0007796768276253055,0.004560538723207883,0.0003144654528301827,0.2677331737946196,0.2677316409103145,1162
2.7216194519140187,0.012841140798824409,0.0006822227238914066,0.004558147239837124,0.0003185770954320289,0.2678487281180489,0.2678473217131114,1163
2.722879914449846,0.0117452770978907,0.0008471951010823343,0.0045046942473925536,0.0003577954864304525,0.26891548271735227,0.2689154193204063,1164
2.7211974222821653,0.011703299638327362,0.0007384668962282074,0.004506783275420064,0.00035438430186355267,0.2688250976588052,0.2688250028615367,1165
2.723170058794067,0.013000404318646326,0.0007721811036543906,0.004562562284693919,0.00031448066710664836,0.2677336027672509,0.2677320295925202,1166
2.7214837804497023,0.012816339277673162,0.0006735666607030598,0.004561411138182719,0.0003166265602141153,0.2677940034903367,0.26779256189261796,1167
2.7226336773401396,0.01172201041926597,0.0008325134469274564,0.004506726954756477,0.00035693527922412013,0.268892730856711,0.26889266997382255,1168
2.7209775087287538,0.011670705262204421,0.000725830301217977,0.004507772483928269,0.0003552478589648158,0.26884802002770625,0.26884792620759773,1169
2.7230356130990208,0.012967560540106133,0.0007658758721840513,0.004564142792814312,0.0003151909824848369,0.2677536188560202,0.26775199928015625,1170
2.7213687192889715,0.01278539629112003,0.0006679648994436768,0.004563447708664615,0.0003166694155474809,0.2677952076567676,0.26779373549311636,1171
2.7224061793700383,0.011699426206218343,0.0008189215736101251,0.00450857041040139,0.00035658341804745505,0.2688834164823915,0.2688833601322599,1172
2.7207993944334854,0.011650690050594428,0.0007153990484940929,0.004509862553343614,0.00035457733428713185,0.2688302239574343,0.2688301324158785,1173
2.7228714685856588,0.012937047802680695,0.0007566902326364366,0.004566513556241217,0.0003148369172453916,0.26774364441836546,0.2677419788326998,1174
2.7212439211938784,0.012751210851883453,0.0006623464400467617,0.00456502620946871,0.0003173495983036101,0.26781430880791085,0.2678128106596839,1175
2.72219703849837,0.01166987603413149,0.0008067248416042198,0.004509450335558378,0.0003576302903585041,0.2689111155239056,0.26891106539738685,1176
2.7206491328227065,0.011631477407187911,0.0007067266522219553,0.0045117826851425,0.00035414752185543237,0.2688188076629587,0.2688187199298815,1177
2.722675979804727,0.012906656422901872,0.0007446673639848439,0.004569625883105049,0.0003134625583076448,0.26770487385743386,0.26770316272372024,1178
2.721091889197212,0.012717291178976053,0.0006543732938909049,0.004567164896402,0.0003172243389262821,0.2678107927652388,0.26780927143011,1179
2.722015881817403,0.011638618860435187,0.0007963429917049528,0.004509894680345916,0.00035925553189464107,0.2689540373507768,0.2689539943109423,1180
2.720514959555409,0.0116063498062223,0.0006993490063065931,0.004512915928872881,0.00035480430593984124,0.2688362497843876,0.2688361667348203,1181
2.7224679744368463,0.012874262813859661,0.0007318843550610632,0.004572700597787689,0.0003120713023397578,0.2676655399673986,0.2676637808872108,1182
2.720918965925332,0.012684483236835752,0.0006443633575750644,0.0045698742759679,0.0003162335102990255,0.26778295561201865,0.2677814111086923,1183
2.7218644173801905,0.011612690268164829,0.0007876382564465509,0.004510597523806342,0.0003605109410250257,0.2689871256651718,0.2689870899167754,1184
2.7203928260067327,0.01157875751690323,0.0006928126879906253,0.004513706837582754,0.0003560912890187311,0.26887038126320534,0.26887030331109246,1185
2.722266864743743,0.012839730266070075,0.0007201183145853744,0.004575413691232664,0.00031126479416823005,0.2676426980410659,0.2676408851260101,1186
2.720746726602048,0.012650900344079067,0.000634344094374468,0.0045726265378245425,0.00031512673479697976,0.26775180933868375,0.2677502353078681,1187
2.721730228637819,0.011591618812696219,0.0007799086586806688,0.004511641133776813,0.0003611660739891858,0.2690043698656174,0.26900434018986197,1188
2.7202786731551627,0.011553671479375057,0.0006866630579402415,0.004514712345851644,0.00035712145049137,0.2688976572752119,0.2688975832648731,1189
2.7220827373109437,0.012805180913905053,0.0007097704673710398,0.0045779789865529885,0.0003108375478227984,0.26763058557798913,0.26762871255599835,1190
2.720590149192774,0.01261682210182532,0.0006257151821348842,0.004575109948724654,0.0003144992304961381,0.267734126155414,0.2677325220539375,1191
2.721599608687055,0.011571353946329898,0.0007723849736990336,0.004512722704810873,0.00036172199874066077,0.2690189904763807,0.2690189667409257,1192
2.7201673340162356,0.011531396408968796,0.0006806151326922422,0.004516030693010881,0.0003576134162632424,0.26891066937639285,0.26891059927988137,1193
2.7219164979180106,0.012772598510758446,0.0007003562184572924,0.004580660381918416,0.00031026055900392884,0.26761421468598384,0.2676122773087086,1194
2.7204525420162198,0.012583253799823644,0.000618565664119293,0.004577363406676231,0.0003142302964331535,0.2677265421454144,0.26772490782788744,1195
2.7214624771972997,0.011549145849508644,0.0007644535025138004,0.004513612093026154,0.000362585846514707,0.2690416870711265,0.2690416690825364,1196
2.7200499956673996,0.011509615874988867,0.0006741800742253792,0.004517504655069605,0.00035788563982320663,0.2689178656254665,0.26891779977210917,1197
2.721769782512959,0.012742290402317547,0.0006917846749432182,0.004583618263611187,0.0003093244763489602,0.2675876228168835,0.2675856188421834,1198
2.7203313723000178,0.012550858670167963,0.0006124083906414769,0.00457965554178032,0.0003139287433702267,0.2677180344104595,0.2677163698280117,1199
2.7213166181831183,0.01152474624022231,0.0007559678037416329,0.004514334480056364,0.0003637566208219347,0.26907240469426796,0.2690723918158068,1200
2.719920879977521,0.011486327679783604,0.0006670285879233052,0.004518944427839558,0.0003582860752482207,0.2689284461921263,0.2689283842086239,1201
2.7216441732321592,0.012714169015159309,0.0006842415442274429,0.004586782268286782,0.0003081443939695527,0.26755404209774925,0.2675519684886492,1202
2.720222243057071,0.012520794218327734,0.0006067084767692917,0.004582133472440254,0.00031336969079302226,0.26770225100920847,0.2677005583037955,1203
2.7211664855764983,0.01149954642502751,0.0007471873443078467,0.004515024941799516,0.00036502785736645856,0.2691057022212338,0.2691056938626405,1204
2.719781409080327,0.0114610726972164,0.0006592557363950314,0.00452028553177639,0.00035892514801510084,0.2689453199501909,0.2689452612605308,1205
2.721536962401412,0.012687397106141377,0.0006777720754487459,0.004589986106465216,0.00030693673180432336,0.26751960992157997,0.26751745851799824,1206
2.7201205345768833,0.012492947989124106,0.0006011846342355378,0.004584739625682159,0.0003125959825577533,0.2676803841179357,0.2676786595754673,1207
2.7210168371002696,0.011474572804302925,0.000738423367505045,0.00451577199451876,0.0003662204608093309,0.2691368874378602,0.26913688257856244,1208
2.7196346289256184,0.01143457815607013,0.0006510418396181163,0.004521594762037246,0.00035967103958878916,0.2689649951117523,0.268964938873409,1209
2.72144554032446,0.012660807686122592,0.0006723638654417925,0.004593155157004819,0.00030579466960281354,0.2674869857208958,0.26748474933601035,1210
2.7200251304906926,0.012466553023298119,0.0005959274844593962,0.004587373650223009,0.00031176850661742187,0.2676569676506874,0.2676552095217341,1211
2.720868143902961,0.011449841721616711,0.0007297173691678183,0.004516599821396052,0.00036732044684803923,0.26916560583044635,0.2691656035283832,1212
2.7194823135115795,0.011407994965785722,0.0006424664878854419,0.004522971952442138,0.0003603698828989512,0.26898341072881665,0.2689833561466092,1213
2.721367172577491,0.01263424689900846,0.0006678164726093808,0.004596307676874114,0.00030468182571159925,0.2674551375162615,0.2674528103522922,1214
2.719936281261673,0.012441223118485546,0.0005910612285429605,0.004589974529947526,0.0003109922141011431,0.2676349713382569,0.2676331811834928,1215
2.720717804647817,0.011424556617172059,0.0007209205980615959,0.004517482132147628,0.00036840781087772793,0.26919395245585775,0.2691939518372985,1216
2.7193245290987664,0.011381534247952053,0.0006335397027149821,0.004524466874445898,0.00036096054700112366,0.2689989617348192,0.2689989083776585,1217
2.721298817447956,0.012608022844730804,0.000663834229142354,0.0045994855522264524,0.00030352181683795617,0.2674218775348111,0.26741945374092496,1218
2.7198534411088793,0.012416736216401327,0.0005865713891864977,0.004592521481436498,0.0003102731608794248,0.2676145724012655,0.267612750399182,1219
2.7205634709604483,0.011398211387610303,0.000711880303828784,0.004518360854637406,0.00036955093660153717,0.2692237076705181,0.2692237076691082,1220
2.719161233945211,0.011354841222590426,0.0006242817024579708,0.004526052626312092,0.00036145754462260594,0.2690120368351896,0.26901198399934784,1221
2.721237576681356,0.012582547330622001,0.0006601432319600012,0.004602713903177525,0.0003022658524010244,0.2673857945576561,0.2673832688155136,1222
2.719775771304869,0.012393180934906206,0.0005823683168759449,0.004595048609968611,0.00030957324052269724,0.2675946935330712,0.2675928414419724,1223
2.7204039181362973,0.011370722756881488,0.0007025013609630365,0.0045192241035687895,0.0003707825804695033,0.2692557155273312,0.26925571499593415,1224
2.7189933566638707,0.011327794113099872,0.0006147512470099948,0.004527688740261085,0.0003619063016032326,0.26902383509188493,0.26902378175199393,1225
2.721180048414046,0.012557865554729373,0.0006564931279201876,0.0046059789980188144,0.0003009037896359659,0.26734657861469996,0.26734394425853264,1226
2.719701312430346,0.012370483908503562,0.0005782904867667434,0.004597580597659603,0.0003088488970190491,0.2675740973315573,0.2675722170548715,1227
2.720240565959342,0.011342304495358214,0.0006928606687468446,0.004520094198330202,0.00037209762981010733,0.2692898322908756,0.26928983001362855,1228
2.718823979530334,0.011300481829485048,0.0006051346691978944,0.004529367957873616,0.00036235255272414025,0.2690355602156632,0.2690355052039334,1229
2.721121569294239,0.012533673033427948,0.0006526176946082549,0.004609260219016198,0.0002994684332391778,0.26730515626162266,0.2673024070831425,1230
2.719626379665979,0.012348232160670783,0.0005741100031828673,0.004600105329212112,0.0003080897245935532,0.2675524848552435,0.26755057929364134,1231
2.7200780947032293,0.011313349868242185,0.0006832539319124881,0.004520966312291866,0.00037346595199723854,0.26932526719083694,0.26932526191733636,1232
2.718658734311696,0.011273136593335035,0.0005957889743079937,0.004531068539635541,0.0003628057032934906,0.2690474592345932,0.26904740127386084,1233
2.721055837786214,0.012509289241873972,0.0006481853718931169,0.004612522947532638,0.0002980048425486417,0.2672628167617177,0.26725994893193905,1234
2.7195455296573363,0.012325692294283387,0.0005695434919479874,0.004602596507352342,0.00030733101064910165,0.2675308588109397,0.2675289337483088,1235
2.7199237618187753,0.011284377025900155,0.000674131107041885,0.0045218361542077815,0.0003748793469483468,0.26936180123202247,0.26936179166296964,1236
2.718505052623847,0.011246173938540409,0.0005871825688553345,0.004532772594623379,0.0003632632674136394,0.269059466608844,0.26905940432383557,1237
2.7209751157388298,0.012483647438615419,0.0006427903540313859,0.004615723072799436,0.0002965486960002359,0.2672205893046735,0.267217601449133,1238
2.719451697562011,0.012301747958429431,0.0005642379233869893,0.004605004715160905,0.00030661942712860793,0.2675105518796127,0.2675086159996014,1239
2.719786475949206,0.011255853028552571,0.0006660469623539642,0.0045226885465058896,0.0003763459981662454,0.26939963912463954,0.26939962389246097,1240
2.7183710549569358,0.01122000089040271,0.0005798273700351093,0.004534466019228858,0.0003637319441459474,0.269071757762355,0.26907168986317215,1241
2.7208711090619464,0.012455643340875311,0.0006359958143151085,0.004618824079721204,0.00029513359708544787,0.26717945275861393,0.2671763473311432,1242
2.719337100448827,0.012275266180619812,0.0005577996695376316,0.004607275153660631,0.0003060046115457961,0.2674929874963025,0.2674910528999747,1243
2.7196752626635794,0.01122815996630452,0.0006595627833905453,0.004523497842975902,0.0003778840063361651,0.2694392388311931,0.26943921649688485,1244
2.718264057596555,0.011194892764778292,0.0005741865180383882,0.004536128593510701,0.0003642291473127039,0.26908478837484723,0.269084713761316,1245
2.720736555090033,0.01242427097465356,0.0006274249817501608,0.0046217981617023346,0.0002937872018936281,0.26714022175742275,0.2671370055396985,1246
2.7191948581326266,0.01224531794476764,0.0005498767180316339,0.004609362652118703,0.000305528087009454,0.2674793617449109,0.26747744403317547,1247
2.7195974657329476,0.011201585906428606,0.0006551311079475406,0.004524241066481752,0.00037951258320985073,0.26948108270117066,0.2694810517721805,1248
2.718189122509758,0.011170967490744919,0.0005705793519032302,0.004537737165792434,0.00036478147720638487,0.26909925331541484,0.2690991710920322,1249
2.7205671997916325,0.012388895496868358,0.0006168730451441785,0.004624624949973891,0.000292531625688321,0.26710355593694834,0.2671002388737665,1250
2.719021272855298,0.012211461915889106,0.0005402844125696694,0.004611235943784207,0.00030521817762941547,0.26747049448726096,0.2674686112695024,1251
2.719556393566074,0.011176237819081858,0.0006529514105305411,0.004524905686360306,0.0003812413288760126,0.2695254021437719,0.2695253612231931,1252
2.7181472681182,0.011148157234573255,0.0005690684116803864,0.004539273651945812,0.00036541107061447277,0.2691157283568917,0.2691156377855996,1253
2.7203641522703514,0.012349554876419347,0.0006044354595139144,0.004627293046560638,0.00029137767052485667,0.2670697882390162,0.2670663828586992,1254
2.7188184422852077,0.012174023038295368,0.0005291514841101624,0.004612885041633545,0.00030508164387915763,0.26746658649762906,0.267464756057239,1255
2.719548470180106,0.01115194027198739,0.000652797464284123,0.0045255054663063555,0.0003830569888551078,0.269571841733856,0.26957178980747654,1256
2.718133218762828,0.011126220726815728,0.0005693148975208266,0.004540750423620684,0.0003661186404918949,0.26913422693739925,0.2691341270760564,1257
2.720136149626966,0.012307264925428557,0.0005906353987155059,0.0046298145137609985,0.0002903241909689409,0.2670389022818062,0.26703542274766756,1258
2.718596170389668,0.01213429787637533,0.0005170288600892563,0.004614332454470099,0.0003050999169370823,0.26746710957591674,0.26746534909697867,1259
2.719561254757683,0.011128210728321862,0.0006539005658675759,0.004526087692477971,0.0003849099942127016,0.2696191231764496,0.2696190600750208,1260
2.718134165351551,0.011104743436976447,0.0005705057763749155,0.00454222164942573,0.0003668620122173631,0.2691536422702671,0.2691535313459805,1261
2.719899828746571,0.01226410254554003,0.0005764337276199607,0.004632228380799185,0.0002893571401439017,0.26701050087868966,0.26700696309219757,1262
2.718371764275158,0.012094515469405273,0.0005048805299395448,0.004615640594322986,0.0003052306144373141,0.26747085042112473,0.2674691745116178,1263
2.7195736663511,0.01110429903413139,0.0006549684155112321,0.004526735906371221,0.000386714000968428,0.2696650451555146,0.26966497213529167,1264
2.718130872586779,0.011083200490280555,0.0005714291275584718,0.004543781942802283,0.00036754957512970374,0.26917158248892625,0.2691714569801406,1265
2.719676505667875,0.012222815539659041,0.0005630410545354746,0.004634587841609877,0.00028845096664008047,0.26698384428332056,0.26698026663550434,1266
2.718166238503872,0.012057362549624988,0.0004938681318911508,0.0046168980740995125,0.0003054121777660582,0.2674760458275337,0.26747446562574084,1267
2.719560491917036,0.011079366224546286,0.0006544681845010939,0.004527554076211969,0.00038835972444577823,0.2697068446090636,0.26970676471445093,1268
2.718102467500284,0.011061123732640774,0.000570776804969392,0.00454554781391274,0.0003680600506301175,0.26918489120714834,0.2691847450313029,1269
2.7194858191472084,0.012186066202349556,0.0005515588666195144,0.0046369441643982386,0.00028757940891053943,0.2669581664371635,0.26695457147857216,1270
2.7179977720485495,0.012025195385021776,0.0004849857591561642,0.0046181957194339615,0.00030558162821996853,0.2674808932328977,0.2674794166315091,1271
2.7195010213463244,0.011052813605575083,0.0006511552679965997,0.004528636499697142,0.00038974686086212036,0.26974200751854077,0.26974192534269376,1272
2.7180346390726853,0.011038346535165099,0.0005676549234912508,0.004547616287630957,0.0003682871839778861,0.269190809883324,0.26919063414817906,1273
2.7193375936631945,0.012155393615129817,0.0005425324319341706,0.00463931944688692,0.0002867335398570103,0.26693320819741523,0.26692962498252487,1274
2.717874178102204,0.011999057771354241,0.00047865228424668845,0.004619587536523981,0.0003057046554908335,0.2674844117856688,0.2674830450502895,1275
2.7193887888984163,0.011024586225398227,0.0006446672827401096,0.0045300354463236065,0.00039082022700179296,0.26976917365500624,0.2697690945688463,1276
2.7179277023376165,0.01101517666571273,0.0005620835878991313,0.004550019846099112,0.00036819059676101843,0.26918829322167603,0.26918807669592465,1277
2.719225560009636,0.012130352009504457,0.0005356207312908852,0.004641678326306503,0.00028594208255074637,0.26690982207330244,0.26690628787450416,1278
2.717788029781534,0.01197800968479409,0.0004744605359286637,0.00462105042985645,0.0003058076948906948,0.26748735814497704,0.26748610853647475,1279
2.719236262266016,0.010995258611322821,0.0006358078634934906,0.004531746487753687,0.0003915876944917556,0.26978857484741525,0.2697885040896038,1280
2.7177986137445274,0.01099235345820869,0.0005551208064542368,0.004552708983819952,0.00036782045785832855,0.2691786458817699,0.2691783763638055,1281
2.7191279161997355,0.012108501353519308,0.0005296459103414239,0.004643924897762015,0.0002852768786551963,0.26689014146344536,0.2668867025947305,1282
2.7177189868034284,0.011959375243188184,0.00047131815340503637,0.004622481298344994,0.00030598172120708985,0.267492333212213,0.26749121102062556,1283
2.7190689819115823,0.010965766910329768,0.0006261840152369953,0.004533727729930457,0.00039210211760171165,0.2698015685641747,0.2698015106623807,1284
2.7176729944454423,0.010970742731292766,0.0005483649171072977,0.004555583099939304,0.0003672915086650493,0.2691648508646702,0.2691645167628279,1285
2.719017718530195,0.012086631803844467,0.0005231697754174644,0.004645941570560056,0.00028482855295774577,0.2668768644290859,0.2668735745077054,1286
2.7176448435105045,0.011940113379987728,0.00046804610717317594,0.004623754038996056,0.0003063349794000542,0.2675024278144506,0.26750144527931446,1287
2.7189107529851126,0.010936933522498554,0.0006172924128899041,0.004535942361626424,0.0003924120556129237,0.26980939311571467,0.2698093514768519,1288
2.7175705469483047,0.010950929928402794,0.0005430432379902146,0.004558555077196557,0.00036671251885395264,0.2691497393938913,0.2691493303844021,1289
2.718878966175061,0.012062754249330461,0.0005153644428836084,0.0046476504443115,0.000284662657352174,0.2668719488308901,0.2668688642056637,1290
2.7175556630187887,0.011918666022585647,0.0004641256018720551,0.004624808843026711,0.00030691864857124526,0.26751909382848454,0.2675182605244696,1291
2.718769594098963,0.010909151055569968,0.0006096474713166189,0.0045383993401650865,0.0003925131559554261,0.26981194477973897,0.2698119208726025,1292
2.7174939672099643,0.010933003261946595,0.000539315271901855,0.004561607814091886,0.0003661168308783031,0.26913417964999553,0.269133685767591,1293
2.7187164363897054,0.012037392948398853,0.0005065361409877845,0.004649047145799442,0.00028479279160577227,0.26687580491727053,0.2668729795951188,1294
2.7174594613446783,0.011895807737384589,0.00045998689411050196,0.004625699471407381,0.00030768843145871237,0.2675410498961354,0.2675403678172003,1295
2.7186359292591558,0.010882458761934161,0.0006026633164461985,0.004541159872435486,0.00039234029271503263,0.2698075816978003,0.26980757348309464,1296
2.71743064942909,0.010916668889360869,0.0005363771947490942,0.004564790438775716,0.0003654560150075757,0.2691169039074735,0.26911631420788945,1297
2.7185498091750193,0.012012944956594525,0.0004977968682898883,0.004650173767014038,0.0002851956413853879,0.26688773641982216,0.26688521865139053,1298
2.717373228516252,0.011873604232033827,0.00045652181061797405,0.004626550760901356,0.0003085410922111249,0.2675653378052096,0.2675647999982936,1299
2.7184954265848185,0.010856936133155347,0.0005954402097536756,0.004544298302726609,0.00039181539041332016,0.26979432722810553,0.2697943271018578,1300
2.7173661778895286,0.010901552059437537,0.0005333104590871628,0.004568147259314559,0.0003646739269605791,0.26909643754632206,0.2690957408132252,1301
2.7183971855189877,0.01199159312026551,0.0004901625840352446,0.0046510598142020295,0.00028584930274526415,0.26690707848048456,0.2669049074545457,1302
2.717307456367152,0.011853369397358118,0.00045426062829011384,0.004627467313164247,0.0003093889930872991,0.2675894568730049,0.267589049472279,1303
2.718344765716889,0.0108330665476838,0.0005877361503696652,0.004547851127615354,0.00039090874889038274,0.269771412415161,0.2697714054633083,1304
2.717296757527204,0.01088739884615529,0.0005298684296587901,0.004571648416945926,0.00036379018841425356,0.26907328467816316,0.2690724727915787,1305
2.718264052922531,0.011973765200040362,0.00048394973793697066,0.00465169495823788,0.0002867536182113424,0.2669338010562113,0.2669320016049086,1306
2.717259036421177,0.01183459516306322,0.00045299878693569123,0.004628485995311883,0.00031019593835960907,0.267612380258205,0.2676120851329831,1307
2.7181951980445054,0.010811736900045719,0.0005801915488149788,0.004551799670882617,0.0003896556622240678,0.2697396976224072,0.2697396606822156,1308
2.717228814377569,0.01087401723366693,0.0005264575357928023,0.004575191755680328,0.0003629070182675441,0.2690501185893302,0.2690491902629641,1309
2.7181467637209664,0.011958472808408727,0.0004789580601408693,0.004652059510615943,0.00028791263850755534,0.26696798864060073,0.2669665653478473,1310
2.7172174058263554,0.011815715190450741,0.00045212392608234294,0.004629612057246232,0.0003109445739017694,0.26763362055568196,0.2676334169513935,1311
2.718062506561887,0.010793866340139291,0.0005737140715683732,0.00455608689923987,0.0003881284890024897,0.2697009768540164,0.26970087865926456,1312
2.7171688684625748,0.010861069256497623,0.0005235013736128061,0.0045786585436575255,0.00036214722973331234,0.2690301663086089,0.2690291287654398,1313
2.718043006865819,0.011944694513148106,0.00047503078291545315,0.004652174213246193,0.000289300264851913,0.2670088290264766,0.26700776306433743,1314
2.7171746064314766,0.011795541616507359,0.00045115010008758735,0.004630880063763774,0.00031158707997993023,0.2676518293663838,0.2676516953522109,1315
2.7179558572703715,0.010779957652484882,0.0005687928466301984,0.0045606340451056285,0.0003864115044318258,0.2696573524268103,0.2696571556878835,1316
2.7171162707635887,0.010847959564755203,0.0005209791248463925,0.0045819552643946515,0.00036160044967106314,0.26901579474203124,0.2690146633373025,1317
2.7179562613156603,0.011932095656170105,0.0004722896006854741,0.004652118655675851,0.0002908428644422577,0.2670541157625442,0.26705336639592875,1318
2.717128711920692,0.011773834435677439,0.00044990706019841774,0.004632363783403595,0.0003120409801677769,0.26766468171713764,0.2676645964155037,1319
2.7178751722057215,0.010769850556984605,0.0005653442051818741,0.004565339651085473,0.0003846034935681916,0.2696113103480668,0.2696109766413907,1320
2.7170646792648405,0.010833947497391938,0.0005185125647938613,0.004585016527712519,0.00036131780649662843,0.2690083614890034,0.26900715838816586,1321
2.7178914246914156,0.011920615621732782,0.00047089403637758033,0.004652014930402005,0.0002924263477199686,0.2671004779968271,0.2670999883243375,1322
2.71708057761803,0.011750843135903079,0.0004483811463031463,0.004634136450307485,0.0003122251665941851,0.267669894357188,0.26766984024072965,1323
2.717814870280349,0.010762718905347107,0.0005629589919151977,0.004570073543089775,0.0003828293146778542,0.2695660244985499,0.2695655214319398,1324
2.7170075908463054,0.010818397441418635,0.0005157087121864154,0.0045877971745865945,0.00036132836018070585,0.2690086390933361,0.2690073911341924,1325
2.7178487601568904,0.011909795608191921,0.00047071655878755007,0.004652003903079471,0.0002939140681865413,0.26714392219378463,0.2671436277643188,1326
2.7170303350043326,0.011726720175003275,0.00044654194686467803,0.004636231473976898,0.0003120941774269382,0.2676661874049535,0.26766615144775574,1327
2.717767582206858,0.010757217843108662,0.0005611476674813559,0.004574681783077289,0.00038123625298771223,0.26952527216168093,0.2695245807664479,1328
2.716941859116768,0.01080099882911095,0.0005123759415856573,0.004590276991121288,0.000361642359296513,0.2690168966789146,0.2690156319857104,1329
2.717822126332382,0.011898607682960364,0.00047126240641065477,0.004652227336045994,0.0002951660804089011,0.26718039814465605,0.2671802366282034,1330
2.7169769223726874,0.011701367242150889,0.00044432681180100076,0.004638630217317186,0.00031165108602536633,0.26765364228779337,0.26765361570822443,1331
2.7177257490485793,0.010751726971512346,0.0005594436077942858,0.004579005782596685,0.00037997314442495645,0.26949289984648145,0.2694920197052668,1332
2.7168680711441744,0.010781861013585194,0.0005085450731495006,0.004592471744158305,0.00036224066013398686,0.2690326209475728,0.26903136466593625,1333
2.7178012818913695,0.011885735603541689,0.00047182158905633575,0.004652810745559701,0.00029605939164288695,0.2672063764820745,0.2672062958296027,1334
2.7169192423695114,0.011674579086287476,0.00044170738688892113,0.004641269292817309,0.0003109455094180868,0.26763364708215764,0.2676336242720553,1335
2.7176826214804612,0.010744677159991988,0.0005574558072355767,0.004582909110244597,0.00037916423414594995,0.2694721399477805,0.2694710901636201,1336
2.716789554179056,0.01076148094840381,0.0005044098079811952,0.004594436277308909,0.00036306745647852996,0.26905432907447885,0.2690530994340891,1337
2.7177754030597456,0.011869929790651674,0.00047168984270962476,0.004653842227488317,0.00029650885004486025,0.2672194323380552,0.2672193951039098,1338
2.716856922763649,0.0116461894140701,0.00043872875375121356,0.004644053419755648,0.0003100645157694265,0.26760864889108266,0.2676086263090153,1339
2.717633606233235,0.010734897609737035,0.0005549356560664558,0.004586303724683284,0.0003788869480213578,0.2694650185723353,0.26946383393527396,1340
2.71671115215771,0.010740621818526478,0.0005002568606190249,0.004596256741759821,0.0003640355514529823,0.2690797157068176,0.2690785215416313,1341
2.7177360366122785,0.011850256798239438,0.00047035422704892055,0.004655352810486911,0.0002964847316343094,0.26721873199844604,0.26721871514855583,1342
2.716790368649033,0.011616139475670315,0.0004355035613487355,0.004646869862283352,0.0003091178406669522,0.26758174737240165,0.2675817229026986,1343
2.717577217106229,0.010721863755125724,0.000551821548529547,0.004589168700001658,0.00037915638788284,0.26947193847265444,0.26947066179892715,1344
2.716637797579375,0.010720137324572889,0.0004963833505791083,0.004598035636475692,0.00036504128205549596,0.2691060535447668,0.2691048938452096,1345
2.717679069195864,0.011826266880911963,0.00046761448463513507,0.0046573073461914204,0.0002960206773264934,0.26720525144618623,0.26720524291574077,1346
2.7167207446929678,0.011584531194415356,0.00043219582580794375,0.004649605888333048,0.0003082180073581506,0.2675561387371526,0.2675561115573878,1347
2.7175147158135644,0.010705755623338165,0.0005482119369592123,0.004591556833135435,0.0003799180895056635,0.26949148761653824,0.269490160604951,1348
2.716572909222584,0.010700781054684328,0.0004930000395324114,0.004599873929450003,0.0003659821241314589,0.2691306592706958,0.269129524737577,1349
2.7176055669808603,0.011798095576137018,0.00046362788868863975,0.00465961120030523,0.0002952071498842532,0.267181593345329,0.26718158762122396,1350
2.7166501368404234,0.011551676423223084,0.0004290101851609625,0.00465216896805909,0.00030745877653972877,0.2675345024605698,0.26753447308493156,1351
2.71744865285449,0.010687332595525562,0.0005442804817969366,0.004593586712593412,0.00038105265139970354,0.2695205699558108,0.26951922533577527,1352
2.7165172386192964,0.010683057060811841,0.0004901584931610555,0.004601854019133763,0.0003667722787629283,0.26915129966250145,0.26915017570992766,1353
2.7175211675103514,0.011766430323226853,0.0004588591787360837,0.004662130697691579,0.0002941715534090818,0.26715143006892084,0.26715142476273873,1354
2.71658144858503,0.011518073019551938,0.0004261670501106379,0.004654504570735137,0.00030689784664734163,0.26751850012550565,0.2675184702073045,1355
2.7173814597568664,0.010667701457104915,0.0005401986870872007,0.004595419495875323,0.00038239582305251547,0.26955494369852584,0.2695536007256721,1356
2.7164689062486134,0.010667152138557848,0.00048775015420178243,0.0046040261550340305,0.00036735493226539126,0.26916650547870924,0.2691653758391554,1357
2.717433979066108,0.011732282673758757,0.00045393686838153915,0.004664719680220134,0.00029305218060714943,0.26711876691257724,0.2671187610696075,1358
2.7165175813627145,0.011484262316860814,0.00042384530273879194,0.00465660457720277,0.0003065497152301132,0.2675085611981714,0.2675085329165461,1359
2.71731502898544,0.010648062681118632,0.0005361151489174675,0.0045972243098000845,0.000383772456886714,0.26959011120148924,0.2695887751304833,1360
2.716424655395578,0.010652948561088199,0.00048558139685793753,0.0046064003071114665,0.0003677110505900023,0.26917579334968966,0.26917464347646,1361
2.7173517299978927,0.011696633351425019,0.00044946334794848794,0.004667244831162389,0.000291973866966735,0.2670872428134774,0.26708723645614807,1362
2.7164601612479045,0.011450635797579729,0.0004221110840410462,0.00465850275798529,0.0003063907091389756,0.26750401979943395,0.2675039950389461,1363
2.7172511432313278,0.010629484458091084,0.0005321777541425496,0.004599141830064747,0.00038503468083107785,0.2696223005998552,0.2696209654304439,1364
2.716381468944488,0.010640086731216275,0.00048347268382830955,0.004608945627105261,0.0003678624763325747,0.2691797412999387,0.2691785609948828,1365
2.7172794312040596,0.011660128716873658,0.0004458541909143173,0.004669606446461801,0.00029102930902193374,0.2670595811502491,0.26705957506793454,1366
2.716408668181177,0.011417327522384084,0.00042087884541822286,0.004660260155441727,0.0003063726758490347,0.26750350467332284,0.2675034844119398,1367
2.7171918095299943,0.010612719946018197,0.0005285431359639597,0.00460125744730813,0.00038609097534616864,0.269649197829585,0.26964785094638444,1368
2.7163375098670626,0.01062805384685311,0.0004813171094627493,0.0046115998671858215,0.0003678649834804936,0.26917980665910096,0.26917859150998763,1369
2.7172184970661415,0.011622983457062796,0.00044326361902399976,0.004671753247750425,0.0002902669575825559,0.26703722270742963,0.2670372179206919,1370
2.7163606584287976,0.011384273751848042,0.00041993832944406596,0.004661946741088814,0.00030643903524680427,0.26750540017385505,0.26750538435978627,1371
2.717138767030518,0.010598078002457292,0.0005253361435768786,0.004603591257021732,0.00038691685167247176,0.26967020212586723,0.26966882947478477,1372
2.716291997392112,0.010616293477049404,0.00047907311839948954,0.004614288679734515,0.00036778949128442307,0.2691778385456866,0.26917658986344806,1373
2.7171673675332784,0.011585110454881233,0.0004416047399368324,0.004673688187471269,0.00028968713991899805,0.2670201979988189,0.2670201950788649,1374
2.7163129764028553,0.0113513902913235,0.0004190380532419853,0.004663624406948845,0.0003065389342482276,0.2675082533180277,0.26750824118600347,1375
2.7170924317405625,0.010585379469962785,0.0005225820333050408,0.004606105706474321,0.000387545949491415,0.2696861867686816,0.2696847774564441,1376
2.7162445256726104,0.010604329880096346,0.00047672188395595964,0.004616949304146702,0.0003676968974175548,0.2691754243086706,0.2691741475262587,1377
2.7171228702867865,0.011546361555468737,0.0004406295553565215,0.0046754609775860635,0.00028924948858036003,0.2670073363164359,0.2670073350741742,1378
2.716263110670518,0.011318723962278959,0.00041797686579360735,0.004665333370441583,0.0003066388284156649,0.26751110585930155,0.26751109640647164,1379
2.7170512984099826,0.01057404464635841,0.0005201749860791844,0.004608727081662514,0.00038804694548150317,0.26969890721541434,0.2696974565193175,1380
2.7161946497312406,0.010591879008645659,0.00047424071525697606,0.004619549086023514,0.0003676177238108135,0.2691733597423825,0.2691720617350205,1381
2.7170814517042765,0.011506730427093798,0.0004400225662110612,0.004677146489207444,0.0002888923919587292,0.2669968347629413,0.26699683449928235,1382
2.7162098516113145,0.01128646776541509,0.0004166541580754997,0.004667083851529104,0.00030673074848010966,0.26751373028455416,0.26751372264500817,1383
2.7170124904510486,0.010563316421605962,0.0005179216956751734,0.0046113744852236465,0.00038849424284436926,0.2697102573003086,0.26970876723816173,1384
2.716142044989977,0.010578901020591287,0.0004716125653654247,0.004622091199968053,0.00036754577804714873,0.2691714834597417,0.26917016972257357,1385
2.717039931087053,0.011466441561731877,0.00043948131221663235,0.004678815482731382,0.0002885590444502581,0.2669870257682226,0.2669870257681823,1386
2.716153093926043,0.011254851570772089,0.00041506484378702076,0.004668856546092338,0.0003068337080092231,0.26751666943254976,0.26751666305678573,1387
2.716973101950739,0.010552540705886787,0.0005156333447772479,0.004613987846868706,0.00038894090312240206,0.2697215847010934,0.26972006198103754,1388
2.716086863770834,0.01056556362829266,0.000468848714536446,0.004624606355995475,0.00036744717782331734,0.26916891175375685,0.2691675844986843,1389
2.7169958980991886,0.011425932166004665,0.00043877583114192517,0.004680509518866166,0.0002882197830972178,0.26697703693514324,0.26697703676958157,1390
2.71609322763043,0.011224004542517048,0.00041325998316399924,0.004670613758977283,0.00030698532306496856,0.267520996634466,0.26752099130265605,1391
2.716931363513143,0.010541373877981236,0.0005132032002322681,0.00461654547298021,0.00038940206559687587,0.26973327305838735,0.26973172533649326,1392
2.7160298071643867,0.010552127701663524,0.0004659941250928544,0.004627135312137862,0.0003672788549623602,0.2691645207339594,0.26916317859751754,1393
2.7169478858964062,0.011385759155519178,0.0004377801725704066,0.004682230760582613,0.0002878811197474638,0.2669670598439289,0.2669670593441997,1394
2.716030613661863,0.011193873002433461,0.00041130269482220097,0.0046723174179382175,0.00030722608762466736,0.26752786603168416,0.26752786174701454,1395
2.7168869585695523,0.010529821021955444,0.0005106271183455634,0.004619064600374994,0.0003898544098901961,0.2697447311931613,0.2697431633934463,1396
2.7159718113021394,0.010538809111568553,0.00046310843669908656,0.004629710250297821,0.0003670074281763705,0.26915743793351216,0.26915607727502344,1397
2.716895328674623,0.011346464538432997,0.00043646955263533293,0.0046839502047833865,0.0002875781852515969,0.26695813035837374,0.2669581294284431,1398
2.7159653858934654,0.01116422441447417,0.0004092400860190561,0.00467394569089008,0.0003075836320310401,0.26753806237960853,0.2675380591928772,1399
2.7168404888808517,0.010518104786113328,0.000507966876902372,0.004621585768835749,0.0003902509124292768,0.2697547693590504,0.2697531817260653,1400
2.7159135695364567,0.010525683748983881,0.0004602362604948647,0.004632343121045829,0.0003666200168488157,0.2691473240127391,0.2691459410937406,1401
2.7168383529035482,0.011308441804910313,0.00043488945316685814,0.0046856287834353165,0.0002873555286976612,0.26695156419619326,0.2669515626490077,1402
2.7158975874814852,0.01113472439476076,0.00040709975583110464,0.004675500374520517,0.00030806440946244603,0.26755176371372535,0.2675517615707807,1403
2.7167925437685536,0.010506453534606745,0.0005052857940399298,0.004624149599254933,0.0003905429392751673,0.26976215927663694,0.2697605478692756,1404
2.7158551685733197,0.010512678160833126,0.0004573843223465449,0.004635025641699547,0.000366122737063091,0.26913433398535447,0.26913292697463137,1405
2.7167775244419397,0.01127184789406419,0.000433115847669294,0.004687239632894601,0.00028724685578903567,0.26694835849836307,0.2669483559832456,1406
2.715827485191535,0.011105045987212134,0.00040490649026626304,0.004677002038758581,0.00030865627229557284,0.26756861611782706,0.26756861482006555,1407
2.7167429427354,0.010494931111203271,0.0005025949718975796,0.0046267779609106404,0.00039069828991769454,0.26976608939364827,0.2697644484861141,1408
2.715796033211792,0.010499642534845869,0.00045451751687130453,0.004637739644310854,0.00036552911463813917,0.269118815722689,0.26911738561277926,1409
2.7167136230557425,0.011236583240108294,0.0004312253269620633,0.004688779867834559,0.00028726430969971576,0.2669488734050295,0.26694886944016444,1410
2.7157557959397463,0.011074958727160652,0.00040270250916006454,0.004678476220155167,0.00030933995900157965,0.267588062969002,0.2675880622474811,1411
2.716690591010282,0.010483399320580442,0.0004998409624795336,0.004629468563684214,0.00039070653289367417,0.2697662979056189,0.2697646228843661,1412
2.715735237412415,0.010486459176984748,0.0004515772845182445,0.004640470901241118,0.0003648462875780287,0.2691009499129763,0.2690995000154803,1413
2.7166474310334907,0.011202331701070491,0.00042928298331581166,0.004690266458210256,0.00028740223284577594,0.2669529417165805,0.26695293582697566,1414
2.7156835892885813,0.011044359364985549,0.0004005511935584333,0.004679938690819399,0.0003101029120951577,0.2676097391262664,0.2676097387419824,1415
2.7166340454342945,0.010471625112781149,0.0004969424025726875,0.004632204267603046,0.00039057041482500895,0.26976285441997205,0.2697611436425162,1416
2.715672037241766,0.010473120070005636,0.00044851369351374333,0.0046432178865303585,0.0003640679129672974,0.2690805637486762,0.26907909820176895,1417
2.7165795328239297,0.011168636984273098,0.00042734472308999366,0.004691720129073096,0.0002876518936617311,0.26696030346608607,0.26696029535388066,1418
2.715611856153334,0.011013244861093077,0.00039851622871389083,0.004681388403256998,0.0003109473326896581,0.26763369878073395,0.2676336985737086,1419
2.7165724174997536,0.010459454248974022,0.0004938506145162021,0.004634969906429817,0.0003902902115577428,0.2697557640084544,0.2697540187945237,1420
2.715606300745452,0.010459725771387974,0.0004453118900171387,0.004645990501221641,0.0003631779785535786,0.2690572290366039,0.2690557512810462,1421
2.716510185923235,0.01113499406545193,0.00042546438866723107,0.004693148392726901,0.00028801704774746663,0.2669710650151211,0.26697105463321447,1422
2.7155410226214585,0.010981666045935557,0.0003966288812512381,0.004682812024664285,0.0003118876463719398,0.2676603410604648,0.26766034094229274,1423
2.716505951133941,0.010446927377929342,0.000490589252281164,0.004637765175480909,0.0003898518751661773,0.26974466700570504,0.2697428901180615,1424
2.715538538144757,0.010446409372790297,0.0004419949903794945,0.004648800502513513,0.000362162250616799,0.2690305609643226,0.26902907306899887,1425
2.7164393299782295,0.0111009397240835,0.00042369569199182514,0.0046945391556886176,0.0002885197566297039,0.2669858693221661,0.266985856802673,1426
2.7154707874882935,0.010949707768624932,0.0003948685617389863,0.004684196403404194,0.00031293932402259075,0.26769009112533315,0.2676900910505096,1427
2.7164358122991246,0.010434254688734353,0.00048724124626261877,0.004640605335962162,0.0003892268647951092,0.26972883333588454,0.2697270272248186,1428
2.7154695134908007,0.010433241404011862,0.00043860177975181937,0.004651650866163653,0.00036101905842234516,0.26900050153081084,0.26899900460262066,1429
2.7163667320915557,0.01106612839055006,0.0004220846726433821,0.004695868848769361,0.00028919266230434886,0.2670056655942762,0.2670056511250441,1430
2.7154004453352525,0.010917510502991617,0.00039317369111574186,0.004685540086742516,0.00031410670543357183,0.2677230557589139,0.26772305570085,1431
2.716363228661203,0.010421670430280281,0.0004838914038487487,0.00464351032211665,0.0003883833108585978,0.26970744303197647,0.2697056090947664,1432
2.7153997367976057,0.010420184444137852,0.0004351565789920469,0.004654531667579668,0.0003597621499465687,0.2689673970261227,0.2689658921792401,1433
2.716292177355636,0.011030380443451364,0.0004206567410155004,0.004697118483620467,0.00029006363812989204,0.2670312547432622,0.26703123851976246,1434
2.7153294710428693,0.010885302660267712,0.0003914763437506268,0.004686856108232966,0.00031537791898504836,0.26775888281917104,0.26775888275521653,1435
2.7162886430731144,0.010409278670728783,0.0004805685207583609,0.004646490995121243,0.00038730039333018785,0.2696799490174692,0.2696780881936047,1436
2.7153292277555696,0.010407126935919043,0.00043165450626778335,0.004657424792219079,0.00035841474259201505,0.2689318446695512,0.26893033371510616,1437
2.716215580534974,0.010993693978101042,0.0004194071550439184,0.004698285494458811,0.0002911439600513847,0.26706294113133444,0.2670629234137039,1438
2.715257923505395,0.010853394694775517,0.00038973522716689683,0.004688165044249723,0.00031672961379935035,0.26779689899390763,0.2677968988925739,1439
2.7162115364252992,0.010397004403768624,0.00047723126610715665,0.004649542718578194,0.00038597610904482477,0.2696462746861797,0.26964438863163226,1440
2.715257716354525,0.010393964012734009,0.0004280725545383692,0.004660312884933691,0.0003570005906023316,0.26889445925667976,0.2688929446264976,1441
2.716136973704269,0.010956220364971325,0.0004183022371479988,0.004699383363263983,0.00029242748548609674,0.2671005112638803,0.2671004924570948,1442
2.7151863974861223,0.010822119296732921,0.00038794469571253173,0.004689484824723124,0.00031813664222892526,0.2678363853465024,0.26783638515342434,1443
2.7161310041547404,0.010384675569333186,0.0004738046256470747,0.004652649978129686,0.0003844243268109826,0.26960674187138145,0.26960483360438386,1444
2.7151850716976176,0.010380659050406232,0.0004243950930106303,0.004663185097969586,0.00035553934321905315,0.26885575093225017,0.2688542350567532,1445
2.7160564508625966,0.010918216170114972,0.0004172918539618461,0.004700431452213291,0.000293898871560582,0.2671434789806673,0.2671434596360577,1446
2.715115651642621,0.010791756102279136,0.0003861192907849343,0.004690825813602078,0.0003195782826897336,0.2678767525767331,0.26787675220551,1447
2.7160465357500994,0.010372154420622722,0.0004702310135311912,0.004655796451803317,0.00038266595279942884,0.2695618494217553,0.2695599229644502,1448
2.7151115681109976,0.010367242094244717,0.0004206311299515361,0.004666035722204886,0.00035404867763304726,0.2688161812712635,0.2688146660733644,1449
2.71597416734724,0.010879990869498262,0.00041632493615844084,0.004701445183141298,0.0002955417779340662,0.26719132856803296,0.2671913092898741,1450
2.715046266389384,0.010762494796022813,0.00038427211098675376,0.004692194056133774,0.0003210369184501782,0.26791750313102186,0.26791750246205626,1451
2.7159583574216026,0.010359406488016894,0.00046649353235345755,0.004658970842468123,0.0003807234798863567,0.26951213673297614,0.2695101962562868,1452
2.715037793634152,0.010353760238386432,0.00041681109953682855,0.004668858475454158,0.00035254915808875684,0.26877629244789175,0.2687747794031486,1453
2.7158903844804954,0.010841867275328468,0.0004153568118466572,0.004702434942404689,0.00029733949430491035,0.26724353485526997,0.26724351619591696,1454
2.714978550896004,0.010734451492214253,0.0003824046120338289,0.004693597510064861,0.00032249335082648747,0.2679580998668146,0.26795809874467685,1455
2.715867204643351,0.010346468246067655,0.000462602572729822,0.0046621639317966845,0.0003786235453858795,0.2694582513445037,0.2694563006919733,1456
2.7149643584247536,0.010340234577630216,0.0004129709343540916,0.004671643004732605,0.00035106532040888314,0.26873673718684454,0.268735227778844,1457
2.715805479226159,0.010804163803128354,0.0004143454086686036,0.004703412723841876,0.0002992689849410192,0.2672993926176909,0.2672993750444437,1458
2.7149126308797604,0.010707706186315485,0.0003805099708279728,0.004695047767460563,0.00032392631787710706,0.26799795315798736,0.2679979513798479,1459
2.715773914515667,0.01033337214597325,0.00045857216757979485,0.004665361618939602,0.0003764027326702845,0.26940110132622075,0.2693991442338082,1460
2.714891693177175,0.010326661230896123,0.00040913943917914286,0.004674377410880594,0.00034962029534499784,0.2686981361462847,0.26869663217586653,1461
2.7157198840255115,0.010767197341261444,0.0004132447735716182,0.004704397945193046,0.0003012964568909751,0.26735789321579595,0.2673578771385044,1462
2.714848515968227,0.010682321514823864,0.00037857938053186175,0.004696555462367591,0.000325318652734232,0.2680365920487833,0.26803658935238883,1463
2.715679257978963,0.010320110873724172,0.0004544140055475683,0.004668542429947362,0.0003741077757370154,0.26934186588044223,0.2693399063952435,1464
2.71482006375356,0.010313043188031602,0.00040533690584983645,0.004677054060618533,0.0003482278057964831,0.2686608629435105,0.26865936640030713,1465
2.7156339885990253,0.010731293756471142,0.00041200484653324985,0.004705415752928808,0.0003033809537709258,0.26741783435938365,0.26741782014215354,1466
2.7147860473738,0.010658332833986655,0.0003766016484236476,0.00469812467136154,0.0003266648519675063,0.26807387208009137,0.2680738681434732,1467
2.7155840548223162,0.010306660129336507,0.00045015044044242674,0.004671682338952578,0.0003717871568454756,0.26928178303076444,0.26927982546310103,1468
2.714749703628529,0.010299412274324007,0.00040158094321411577,0.0046796726466311715,0.0003468879902917042,0.26862492926944165,0.2686234420122263,1469
2.71554804464847,0.010696788975818508,0.00041057650999338076,0.004706489897248674,0.0003054841207994885,0.2674781040390395,0.2674780919574139,1470
2.7147248073608137,0.010635728834342916,0.00037455746974279184,0.004699752174395642,0.000327973367426664,0.26811003499241964,0.26811002943937434,1471
2.7154892911867767,0.010293011647234217,0.0004458258217979079,0.0046747615329690104,0.0003694800088349198,0.26922186278264726,0.2692199111349015,1472
2.714680890466802,0.01028582140965986,0.0003978903344839553,0.004682238055700824,0.0003455893153646444,0.2685900326886384,0.2685885563758213,1473
2.7154621168545097,0.0106640155153779,0.0004089160908489334,0.004707637740215097,0.0003075786275221355,0.26753791970337804,0.2675379098894625,1474
2.714664154350245,0.010614443963750966,0.00037241883096179515,0.004701431377386926,0.0003292628284115247,0.26814560080051153,0.26814559318942316,1475
2.7153959883050613,0.010279170925404256,0.0004414987327712918,0.004677766608399152,0.0003672097858534921,0.2691627186446363,0.26916077609513117,1476
2.714613873185545,0.010272324470077445,0.0003942803674225452,0.0046847566350156815,0.00034431268804574006,0.2685556645810852,0.26855420096351956,1477
2.7153761549466897,0.010633285319400537,0.00040699066023318754,0.004708871170609582,0.00030965096384988144,0.26759690210945897,0.267596894543356,1478
2.714603468324599,0.01059436650788426,0.00037016174961112164,0.004703155769755965,0.0003305570338225316,0.2681812275114342,0.2681812172977725,1479
2.715304855067778,0.010265132219246674,0.0004372178111782385,0.004680688297046785,0.00036498325153548627,0.26910453484216473,0.26910260380081136,1480
2.714548692449742,0.010258968294214372,0.0003907506341609276,0.004687235402111345,0.00034303327216358547,0.2685211574196535,0.26851970870177705,1481
2.715290215476056,0.010604877452669834,0.000404790230478282,0.004710199515383128,0.0003117017727663987,0.26765507781819153,0.2676550723644073,1482
2.714542493311533,0.010575351841020032,0.0003677867528293647,0.004704918735920193,0.0003318823989851228,0.26821763977536944,0.26821762626745543,1483
2.7152160049028153,0.01025087796723399,0.00043299988162070807,0.004683520141877615,0.000362789575790865,0.2690470358793925,0.2690451185295287,1484
2.7144850547982537,0.010245796095635626,0.0003872755882121876,0.004689683656964558,0.0003417211255423372,0.2684857005694222,0.2684842695298661,1485
2.7152046783767845,0.01057902109316229,0.00040234177783349175,0.004711628866874738,0.00031374865412776327,0.2677129515927686,0.2677129480353804,1486
2.7144815001676013,0.010557229148317322,0.0003653283492308784,0.004706711998455009,0.00033326614998969897,0.2682555785991488,0.2682555609309648,1487
2.7151290229574125,0.010236419271290422,0.00042882892563328136,0.004686260761051166,0.0003605972283593393,0.26898939778822223,0.26898749665311444,1488
2.7144224378492585,0.010232843249627243,0.00038381145214024177,0.004692112435527161,0.00034034586916535,0.2684484652251983,0.26844705507473365,1489
2.7151202041031763,0.010555859915068314,0.00039970742214379964,0.00471315821982125,0.0003158302696637986,0.26777161415470746,0.267771612202943,1490
2.7144210824418424,0.010539798352263563,0.00036284006718982804,0.00470852649660103,0.00033473137465722615,0.26829566546090156,0.26829564257946326,1491
2.7150433988148572,0.010221840873239145,0.0004246775699761099,0.004688915953460191,0.0003583532663039838,0.2689302209787415,0.2689283392790208,1492
2.7143604215308597,0.010220118656037908,0.0003803207114629316,0.004694529969595507,0.00033888703298884024,0.2684088846209878,0.2684074987289224,1493
2.7150374266898787,0.010535408101452905,0.00039696094276797287,0.004714777889048019,0.0003180051856122521,0.2678326998968819,0.2678326991621004,1494
2.7143617599720606,0.010522826999824122,0.00036036671642548,0.004710355677096242,0.0003362883906753869,0.26833816759317536,0.26833813824939484,1495
2.714958982212737,0.010207304858979058,0.00042053070877162517,0.004691496316597961,0.0003559905370519942,0.26886771149482613,0.2688658534499316,1496
2.714298957255546,0.01020758420990591,0.00037679457447308863,0.004696936898411561,0.00033734498487697024,0.26836695360904933,0.26836559511660724,1497
2.7149567526858354,0.010517531616850545,0.0003941641856597391,0.004716473046151603,0.0003203417504763923,0.26789809348719557,0.26789809342500537,1498
2.714303800990027,0.010506063741586026,0.00035793192282118955,0.004712198035883385,0.0003379257817007553,0.268382757728392,0.26838272050091516,1499
2.714876069739365,0.010193007959165114,0.00041638747031197057,0.00469401187655884,0.00035344234367925154,0.26880006233179166,0.26879823350644366,1500
2.714238280424461,0.010195142740110373,0.00037325238417044374,0.00469932531589124,0.0003357467329745278,0.2683233930529945,0.26832206430780575,1501
2.7148785512983755,0.010501969771776757,0.00039136594752517146,0.004718229167109464,0.0003229022199597465,0.2679694802362157,0.2679694800362218,1502
2.714247392216279,0.010489271416833727,0.00035555028647922044,0.004714057586575372,0.00033960447442838945,0.2684283606006717,0.2684283140204877,1503
2.7147951349713404,0.010179121560328686,0.0004122433273647495,0.0046964683568890535,0.0003506600530366844,0.2687259192841549,0.2687241266969792,1504
2.71417855837527,0.010182631949943101,0.0003697233890450845,0.0047016806457697785,0.0003341464332862386,0.2682796726799535,0.2682783745715364,1505
2.714803485186543,0.010488367599526717,0.00038861363822024575,0.004720035609081731,0.00032572570136949803,0.26804787248873113,0.2680478709290669,1506
2.714192827034399,0.01047226024892195,0.00035324279699909804,0.004715943969698729,0.00034125647846186265,0.26847312855100247,0.26847307135721216,1507
2.7147165510273497,0.010165733822533394,0.0004080769436637899,0.004698865789024867,0.0003476309763585276,0.26864486461089293,0.26864311624066145,1508
2.7141196262456093,0.01016982442576355,0.00036623331327974057,0.00470398311838872,0.0003326224476488991,0.26823793978630533,0.2682366712403751,1509
2.7147325329337235,0.010476286831400219,0.00038595270305741356,0.0047218882490510285,0.00032881076438043033,0.2681331399481841,0.2681331352921401,1510
2.714140438081483,0.010454902949855715,0.00035103667691675745,0.004717872838254789,0.000342790366432787,0.2685145987380982,0.2685145302087601,1511
2.714640448612297,0.010152792340975074,0.0004038541324465184,0.004701196682283308,0.00034439476285347075,0.2685578760329266,0.2685561797361867,1512
2.71406093030336,0.010156445970049723,0.00036280020899680926,0.004706209530823684,0.00033126848766634585,0.2682007826113699,0.2681995404567878,1513
2.7146666934677848,0.01046521154566876,0.00038341513669636095,0.004723793178738665,0.0003320998433516116,0.26822360676023305,0.26822359679947266,1514
2.7140904450821215,0.010437136599343155,0.00034895811226419004,0.004719864253166321,0.0003441064537849677,0.26855010657071726,0.2685500268280109,1515
2.714566538857716,0.010140059621240517,0.00039953768815833055,0.004703444225809283,0.00034105179312628593,0.268467587636892,0.26846594978544064,1516
2.7140015184466764,0.010142219099156071,0.0003594249648734215,0.004708338250126904,0.0003301757949175696,0.2681707400762206,0.2681695193257126,1517
2.7146067380351155,0.010454588820876914,0.000381020853695825,0.004725768983993071,0.0003354742872708001,0.26831595717593815,0.2683159395045573,1518
2.7140430077109317,0.010418967127070203,0.0003470336830318582,0.004721938170514172,0.0003451204743483711,0.2685774183983774,0.2685773285870283,1519
2.7144938418035336,0.010127116678919733,0.00039509116651654,0.0047055845830021835,0.0003377546358752002,0.2683781020748934,0.26837652619475333,1520
2.713940006556145,0.010126916337957497,0.00035607299401967877,0.004710356290497716,0.00032941090262635553,0.2681496805103108,0.26814847503322015,1521
2.714553224874539,0.01044391175399784,0.0003787995004758229,0.004727844154171718,0.00033876827570666305,0.2684056587957797,0.2684056313337104,1522
2.713998497308165,0.010400482378648492,0.0003453012831496373,0.004724109978928465,0.0003457873806238399,0.2685953591152158,0.2685952613517246,1523
2.7144205147806413,0.010113429945119243,0.0003904764006578441,0.004707593779674344,0.0003346816138732345,0.2682943055039877,0.2682927912385685,1524
2.7138746347594873,0.010110401766516747,0.0003526618007716944,0.004712264176313205,0.00032899847369589127,0.26813831507323355,0.26813711861944395,1525
2.714506683686055,0.010432811479818905,0.0003768144708017932,0.004730051044591355,0.0003417989926242314,0.2684878065931097,0.2684877682371815,1526
2.713957773145773,0.010381862478170748,0.00034382093127621906,0.004726388372452006,0.0003461159230155336,0.2686041910067472,0.2686040880512207,1527
2.714344002812525,0.010098459511945315,0.00038565091922673284,0.0047094549558959935,0.0003320016496185799,0.26822091242552304,0.2682194552647099,1528
2.713803528496726,0.010092657769821843,0.000349068602283747,0.0047140773387519454,0.00032891417438025007,0.26813599113311015,0.26813479849776495,1529
2.7144677557992485,0.01042111010006057,0.0003751675897827823,0.004732419396198473,0.0003444031072204841,0.2685581008516627,0.26855805197680743,1530
2.713922204727703,0.010363364684134681,0.00034267414701660826,0.0047287742762812624,0.00034616992433132276,0.26860564227140044,0.26860553701572565,1531
2.7142616279452563,0.010081782766917973,0.0003805744049339627,0.0047111635499658775,0.0003298404732276222,0.2681615107639101,0.26816010272887053,1532
2.713725200188195,0.010073803831107876,0.00034516274157462483,0.004715825105941805,0.0003290872036711027,0.2681407608349568,0.2681395687967054,1533
2.7144370682993473,0.010408794971398185,0.0003739736321134812,0.004734969121635929,0.00034647101630803467,0.26861373192855303,0.2686136744611691,1534
2.7138932527988793,0.010345268041546573,0.0003419414619887564,0.004731260038417408,0.00034605536543695566,0.2686025634103732,0.2686024583662377,1535
2.714171551490146,0.010063210650208666,0.0003752311135316426,0.004712730671209966,0.0003282550717423443,0.2681178108981837,0.26811644189228634,1536
2.713639217165216,0.010054100280909022,0.00034085788761711075,0.0047175462815796385,0.00032941226224441467,0.2681497179659744,0.2681485257367645,1537
2.714414730971153,0.010395918847446334,0.000373307552991263,0.0047377025784663546,0.0003479713072381211,0.2686539890435832,0.2686539260166732,1538
2.7138716759851196,0.010327789672733779,0.0003416590421048897,0.004733830166864685,0.00034589488365273027,0.2685982494781829,0.26859814640484364,1539
2.714073715893346,0.010042855144736138,0.00036966055873375393,0.00471418303961992,0.00032722310390803904,0.26808930910532625,0.2680879684861711,1540
2.7135467246423994,0.010033919307534483,0.0003361611129842125,0.0047192807512737136,0.00032977050175173403,0.26815958429457387,0.26815839342198716,1541
2.7143997262000505,0.010382499740991976,0.00037315056638498057,0.00474060034514385,0.0003489575788803006,0.2686804062825277,0.26868034102009297,1542
2.713856847659439,0.01031101474919305,0.00034178021153484283,0.0047364633996724624,0.00034579811339999347,0.26859564770046995,0.2685955474394886,1543
2.7139701128820954,0.010021105563704754,0.0003639682874151854,0.004715557939603856,0.00032665095073283447,0.2680734875088577,0.26807216557809405,1544
2.713450337185789,0.010013676307193275,0.00033118183616839326,0.004721060767162474,0.0003300554285386325,0.26816742768084223,0.26816624143956264,1545
2.7143898102688255,0.010368512263993327,0.00037337801809278926,0.004743623600783169,0.00034955495645061106,0.26869638886123764,0.2686963241248174,1546
2.7138468004760203,0.010294889859910845,0.0003421784218624782,0.004739134980870273,0.00034583970756136266,0.26859676605115423,0.26859666858263265,1547
2.7138640129117917,0.009998515764489155,0.000358292843367797,0.004716895765821312,0.0003263964117880416,0.26806644435930993,0.2680651335551282,1548
2.7133532468557373,0.009993737912907669,0.0003260859902018715,0.004722906025234094,0.000330197323457248,0.2681713324623498,0.2681701548960112,1549
2.7143822028290816,0.010353976842967195,0.0003738054744859881,0.004746722357352475,0.0003499301457924221,0.2687064199084812,0.26870635735898357,1550
2.713839024539769,0.010279278202198998,0.0003426951432283365,0.00474181967761651,0.00034605004168208984,0.26860242031785353,0.2686023249826372,1551
2.7137586696280063,0.009975656899140227,0.00035275049753611906,0.004718233108877014,0.000326299122272791,0.26806375161124596,0.2680624472138205,1552
2.7132581477443076,0.009974347497284342,0.0003210320627068158,0.004724823197293184,0.0003301786138014619,0.26817081764262307,0.26816965255627623,1553
2.714374466552059,0.010339037965802031,0.0003742527479466669,0.00474984687196902,0.0003502512767037834,0.268715001381346,0.26871494149364517,1554
2.713831249002227,0.01026400099446694,0.0003431886018609834,0.004744494803991542,0.00034641609755862003,0.26861225664874144,0.2686121624365712,1555
2.713656547508275,0.009953002730010844,0.00034741305332572424,0.004719596497351577,0.00032621328787187993,0.26806137558083215,0.2680600757987023,1556
2.7131668228548627,0.009955609454062327,0.00031614292498327676,0.00472680895433861,0.0003300326083964438,0.2681667996189875,0.26816564973494145,1557
2.7143647349971705,0.01032391426762312,0.0003745706787401724,0.004752957406344955,0.00035064775078979236,0.26872559079948594,0.26872553311469055,1558
2.7138215277556186,0.010248808344542502,0.00034354267816428814,0.004747140472938417,0.00034688976518709876,0.26862497691776016,0.2686248827426082,1559
2.713559480692664,0.009930880255906669,0.00034233671300977443,0.004720998142730346,0.0003260352966456867,0.2680564475090115,0.26805515288089027,1560
2.7130804921717444,0.009937528357472053,0.00031152096727794527,0.004728854687324521,0.00032982506484874075,0.2681610865547395,0.2681599529130453,1561
2.714351291619552,0.01030873490662685,0.0003746280892498923,0.004756027649951003,0.00035118389481845845,0.2687399011421741,0.26873984466960515,1562
2.713807899936366,0.010233335062920254,0.00034364938280851364,0.004749737817456522,0.00034740187791781804,0.2686387198572707,0.26863862477849215,1563
2.713469083420907,0.009909466683610306,0.00033759574869769493,0.004722436626448626,0.0003257181070736489,0.2680476620944002,0.2680463743257524,1564
2.713000200152285,0.009920057797842594,0.00030726326541440465,0.004730950494043472,0.0003296284093305451,0.2681556715472203,0.26815455331426097,1565
2.714332296550394,0.010293406342842384,0.00037430459953478705,0.004759043246057446,0.0003518544954367755,0.2687577849288442,0.26875772855963825,1566
2.7137884018493965,0.010217141869256681,0.00034340827337866776,0.004752269164167438,0.0003478794317402107,0.2686515262576608,0.26865142962712707,1567
2.7133866356697114,0.009888795815909065,0.00033327416566085184,0.004723902088561155,0.0003252703704253295,0.268035253544803,0.26803397420157554,1568
2.712926716080778,0.00990313546951508,0.0003034453149655553,0.004733088494445357,0.00032949948234884546,0.2681521206019805,0.2681510154413229,1569
2.714306104130384,0.010277623979802865,0.00037351282683851177,0.0047619994347873435,0.0003526011933777857,0.2687776780614054,0.2687776209114705,1570
2.71376156037513,0.010199844160100537,0.00034275026279566084,0.004754720432139372,0.00034826287351206374,0.2686618025258029,0.2686617040443834,1571
2.713312655680042,0.009868777746792559,0.00032943151788915467,0.004725382872930636,0.00032474214076511326,0.2680206032297788,0.2680193327410834,1572
2.7128602928038705,0.009886716588711313,0.00030009737509287975,0.004735265678011348,0.00032946624990304936,0.26815120519147556,0.26815011008675277,1573
2.7142716584327764,0.01026099812003367,0.0003722166435783417,0.004764897879735547,0.0003533423189360244,0.26879740191984053,0.2687973435400321,1574
2.7137266623580842,0.010181220750348665,0.0003416463643454264,0.004757082230922464,0.0003485186552784486,0.2686686543510358,0.26866855399387446,1575
2.7132469854111383,0.009849263180558999,0.00032609587012843153,0.004726870471110249,0.00032420047119680723,0.2680055677832388,0.26800430495235644,1576
2.712800890949049,0.009870806836767063,0.00029721532468581977,0.0047374832629621545,0.0003295247247160891,0.26815281588944506,0.2681517280609492,1577
2.7142283265944602,0.010243188509186549,0.0003704084086248971,0.004767742547475319,0.0003540037290255477,0.2688149868197017,0.2688149272005435,1578
2.7136833702952714,0.010161219447943537,0.0003400797817357806,0.004759348013644733,0.0003486428246934961,0.2686719796672312,0.2686718774597854,1579
2.713189503364735,0.009830137699884653,0.0003232939017946342,0.0047283603061822645,0.0003237029409483443,0.2679917464674318,0.26799048856573277,1580
2.712748739038346,0.00985547288154034,0.0002947987895094656,0.004739742267518266,0.00032964368266100597,0.2681560921638167,0.2681550096387155,1581
2.714175425204821,0.010223990183099066,0.00036806668766498866,0.004770536188440764,0.0003545416175567376,0.26882927554519126,0.26882921490430245,1582
2.713631213130641,0.010139890753258378,0.0003380157100320067,0.0047615116715686665,0.0003486564140858029,0.26867234356169045,0.26867223930140244,1583
2.7131406440526575,0.009811387498081815,0.00032107059853823255,0.004729850444927375,0.0003232775015596258,0.2679799193980292,0.2679786627946365,1584
2.7127045227233646,0.009840809265337782,0.00029287046283310667,0.0047420386413188674,0.0003297763044608967,0.2681597440637498,0.2681586656882533,1585
2.7141121588034207,0.010203371145445476,0.0003651448869919385,0.004773279047559061,0.0003549538566806618,0.2688402191250702,0.2688401575983453,1586
2.7135695972371003,0.0101173278582285,0.0003354067480075268,0.004763568494791538,0.0003485944920551716,0.26867068536650895,0.2686705784477005,1587
2.7131011792373787,0.009793095234719516,0.00031946907795766746,0.004731341061725997,0.00032291452527320643,0.2679698226277614,0.26796856370042693,1588
2.7126689880155097,0.009826876424267293,0.00029146058105999884,0.00474436050986279,0.0003298784868718067,0.2681625572778672,0.26816148230747566,1589
2.7140380436521263,0.010181459171442728,0.0003615989989487264,0.004775970901687035,0.00035527523208266223,0.268848746167389,0.26884868358094316,1590
2.713498222500726,0.010093637975228666,0.00033222389473722917,0.004765519258776642,0.0003484902529709055,0.26866789364044336,0.26866778307936695,1591
2.7130716393057814,0.00977537813946023,0.000318498782215771,0.004732833636256777,0.0003225753237534649,0.2679603820603423,0.2679591179876509,1592
2.7126424556180457,0.009813658379455343,0.0002905832309707638,0.004746688782119446,0.0003299259796723134,0.26816386466785946,0.26816279220434025,1593
2.7139533113122227,0.01015847496121103,0.0003574220432856285,0.004778614299195343,0.00035555637443340245,0.2688562025454067,0.26885613838745587,1594
2.7134174349685947,0.010068935644491425,0.0003284815611534364,0.004767373399573662,0.0003483600963210188,0.26866440720518653,0.26866429184580215,1595
2.7130519286839045,0.009758319075513007,0.00031812511813188746,0.004734329603690517,0.00032221472824372317,0.2679503406163706,0.26794906964136755,1596
2.7126246228439066,0.00980106440440252,0.00029022478460414766,0.0047490004368862405,0.0003299202375718881,0.26816370660333094,0.2681626352249155,1597
2.713859046743534,0.010134659127062321,0.000352663478191167,0.00478121682623364,0.0003558364518827207,0.26886362774979194,0.26886356132937694,1598
2.7133283729131676,0.01004336176423226,0.00032424618065558027,0.0047691487502108,0.00034819948222754863,0.2686601040250999,0.2686599828036838,1599
2.713041202504733,0.009741926196438214,0.0003182773237995571,0.004735829068560857,0.0003218070957685851,0.26793898257339543,0.26793770371027903,1600
2.7126145494352265,0.009788967213289859,0.00029033722071314144,0.004751275036293608,0.0003298792138657856,0.2681625772913919,0.26816150511401576,1601
2.7137571957933506,0.010110244510475113,0.0003474353396296499,0.004783790430746638,0.0003561266146630367,0.268871317247692,0.26887124792825284,1602
2.7132329966149404,0.010017118724191367,0.000319635161623798,0.004770867060813838,0.00034799418249157054,0.26865460217993326,0.2686544743115772,1603
2.713037841979408,0.009726135530053769,0.00031885418943358447,0.004737332038368698,0.0003213590781130523,0.26792649095927734,0.26792520349938465,1604
2.7126106520177986,0.00977725209723622,0.00029082925197836964,0.0047535031128309235,0.000329821723626661,0.26816099456601045,0.26815991970570635,1605
2.7136505111284595,0.010085468890021852,0.000341907864359823,0.0047863469218283996,0.00035641354341697535,0.2688789179620278,0.26887884534122025,1606
2.713134012336046,0.009990490553412562,0.00031480969022367687,0.004772547421574451,0.00034773753485830894,0.26864772197503783,0.26864758698838936,1607
2.713039473888776,0.009710847303882296,0.0003197199671310692,0.004738842926968458,0.00032090131292470157,0.2679137185677542,0.2679124218263287,1608
2.7126107149573397,0.009765851926710463,0.0002915617832535137,0.0047556924080158144,0.0003297587878923783,0.2681592617661726,0.26815818293257343,1609
2.713542370456874,0.010060590495511309,0.0003362935006780293,0.00478889190885083,0.00035667632948891374,0.26888587645540746,0.2688858004139933,1610
2.7130346586243026,0.009963827595551887,0.00030996139404132093,0.004774201452045163,0.00034743882565802924,0.26863971098644046,0.26863956864256655,1611
2.7130430647373935,0.009695969906892334,0.0003206979129580412,0.004740375601692222,0.00032046841023035074,0.2679016314963288,0.2679003250051078,1612
2.712611987147653,0.009754756827908466,0.0002923548590362304,0.004757869096636775,0.0003296971066584064,0.2681575633458459,0.268156480262463,1613
2.7134364442136096,0.010035881926205139,0.00033082195216493915,0.0047914206685070295,0.0003569022134767604,0.2688918557446525,0.26889177637788647,1614
2.7129383693214613,0.009937500102093641,0.00030529354087189327,0.004775832740830223,0.00034711724805077407,0.26863108284697307,0.26863093304834373,1615
2.7130451453127504,0.00968144963131795,0.000321574780035525,0.0047419553332689445,0.0003200837259377757,0.2678908838780474,0.2678895678557433,1616
2.7126114157643713,0.009744001870822031,0.000293007396611756,0.0047600735290962495,0.0003296487585804261,0.2681562319488496,0.268155145479982,1617
2.713336258613937,0.010011600473580675,0.00032571176801612326,0.004793918301299892,0.00035709106456242027,0.26889685329790175,0.26889677080197916,1618
2.7128483501567953,0.009911839703881093,0.00030099723858940166,0.004777439725907895,0.0003467887520730858,0.2686222649555065,0.2686221077188964,1619
2.713042218122095,0.00966727890014377,0.0003221259161043178,0.004743615417638383,0.00031975804544088094,0.2678817797056356,0.2678804554612186,1620
2.7126060353568713,0.009733646220459092,0.0002933264476079017,0.004762352468863108,0.00032963682786799964,0.2681559033889256,0.26815481541268,1621
2.713244729182683,0.009987946640571694,0.00032114316237555503,0.0047963634046674685,0.0003572487799636557,0.26890102589712145,0.26890094048239893,1622
2.7127671456154343,0.009887088703016633,0.00029722590656553795,0.0047790188439496535,0.0003464575041071673,0.26861336896177496,0.2686132044478164,1623
2.7130313030194406,0.00965349145460111,0.00032215598481022986,0.004745390314124523,0.0003194978136532569,0.2678745017735672,0.26787317176274605,1624
2.712593448944083,0.00972375516639114,0.00029315915130309633,0.004764750271952712,0.00032969210729285865,0.26815742567912254,0.26815633881966067,1625
2.713163767081805,0.00996502576218537,0.00031723654251686795,0.004798732481026029,0.00035737690852148234,0.2689044150536715,0.26890432691129545,1626
2.71269629653476,0.009863372554856538,0.00029407389219617653,0.004780565719044457,0.0003461168223689097,0.2686042151774513,0.26860404370834395,1627
2.7130104659686767,0.009640156158888774,0.00032153881306274507,0.004747309066207362,0.00031931288104487213,0.2678693279404927,0.2678679954519521,1628
2.712572268983902,0.009714391075565602,0.0002924189557068007,0.004767301485919819,0.00032984346777539515,0.268161593205867,0.26816051052713535,1629
2.7130940281117053,0.009942826168345563,0.0003140387261395891,0.004801002527827911,0.0003574662709529136,0.26890677843930355,0.2689066877365652,1630
2.7126361559318326,0.00984069479261423,0.0002915642115503402,0.004782073882391371,0.0003457558849243438,0.2685945122260398,0.268594334231588,1631
2.712979173898062,0.009627380017907777,0.00032024112666002597,0.004749392305934635,0.0003192172133215303,0.2678666508703095,0.2678653195316887,1632
2.7125423992312014,0.009705614869625661,0.0002911004941063593,0.004770026463216255,0.00033010829762075916,0.2681688826739775,0.2681678073905519,1633
2.713034827216861,0.009921217659288786,0.00031151715583503843,0.004803150883247946,0.00035749805895280204,0.2689076190714961,0.26890752593087963,1634
2.712585870492675,0.009818945548447316,0.00028964664740850426,0.004783532323138917,0.00034536488465931685,0.2685839953901016,0.2685838112722509,1635
2.712938385412107,0.00961532194735198,0.0003183245997343398,0.004751653490698289,0.0003192239917653815,0.2678668405647272,0.26786551391006336,1636
2.712505076169668,0.009697493374780418,0.00028928030965698744,0.004772930417588639,0.00033048845476564385,0.2681793414282708,0.26817827664326255,1637
2.712984236085245,0.009899970832068174,0.00030956369019930597,0.004805153695537289,0.0003574497173168422,0.26890634066436025,0.2689062450976748,1638
2.712543531567845,0.00979791716993136,0.000288206754654279,0.004784923789035386,0.0003449351830244093,0.2685724307247169,0.26857224068828156,1639
2.712890340828153,0.009604206892400392,0.00031592798177466886,0.004754102731016194,0.0003193410322866536,0.2678701156204053,0.2678687968552194,1640
2.7124626208439913,0.009690103318430888,0.0002871013654132708,0.004776005607253601,0.000330973000971266,0.26819266338311315,0.26819161184652934,1641
2.712939404691218,0.00987879373684429,0.00030801208137043587,0.004806985187050399,0.0003573004570125745,0.2689023928911811,0.2689022947040362,1642
2.712506513341713,0.009777332694554159,0.00028708639960626353,0.0047862256569448,0.0003444567217718645,0.2685595453007843,0.26855934922039265,1643
2.7128380601536692,0.009594321499754867,0.00031323375900113896,0.00475675075984931,0.00031957068461069065,0.2678765400626265,0.2678752320249913,1644
2.7124179148210334,0.00968352368393209,0.00028474155709143866,0.004779235762236734,0.0003315449385609355,0.2682083755058197,0.26820733942076497,1645
2.7128971166811673,0.009857380012012858,0.00030667098102844423,0.0048086191321486515,0.0003570334007581108,0.2688953274848072,0.2688952261988068,1646
2.712471993701475,0.009756896507961401,0.0002861149357972503,0.004787414123705163,0.00034391720742295306,0.2685450049183858,0.26854480229372363,1647
2.712784642820697,0.009585978998598074,0.0003104260549839711,0.004759611190171891,0.00031991357629915506,0.26788612804100304,0.26788483328824875,1648
2.712373721688025,0.009677816207824836,0.00028237247960964467,0.004782601520552883,0.0003321877661654805,0.2682260189335324,0.26822499987481063,1649
2.712854484958674,0.009835459914540191,0.00030536671292214336,0.004810031998091937,0.0003566351708332641,0.26888478675636196,0.2688846815912088,1650
2.7124375674247814,0.009736365393377064,0.0002851453067377665,0.004788470637353553,0.00034330502825479306,0.2685284923362586,0.2685282823468023,1651
2.712732560476294,0.009579458821703938,0.0003076499290131569,0.004762700539478264,0.0003203727546813208,0.2678989595977342,0.2678976805495282,1652
2.712332064908122,0.009673001859575491,0.00028012093894532884,0.004786085338759489,0.00033288929116077946,0.26824525393522325,0.2682442529332428,1653
2.7128095841539563,0.009812843334546935,0.00030398252047374446,0.004811205728541826,0.00035609504096666806,0.26887048067661945,0.2688703705972947,1654
2.712401765950965,0.009715619357334226,0.00028408424534066997,0.004789387806248602,0.0003426140610517625,0.2685098368726405,0.26850961850186605,1655
2.712683170290574,0.009574942206066694,0.0003049840846157307,0.004766036481016696,0.00032095551839810753,0.2679152314637045,0.26791397056105837,1656
2.712293866645624,0.009669042148448003,0.0002780462482506187,0.004789674451726835,0.0003336423364966969,0.26826587902337845,0.2682648967928032,1657
2.712761790529039,0.009789443585613495,0.0003024795110106455,0.004812128359778022,0.00035540466691864816,0.2688521793678781,0.2688520631636721,1658
2.712364282237923,0.009694701547311078,0.0002829051897148781,0.004790171838903793,0.00034184716736348255,0.26848910942591564,0.2684888816040001,1659
2.7126366089055627,0.009572467765409232,0.00030243567998346123,0.00476963523905352,0.0003216721867432467,0.2679352219596872,0.2679339818104737,1660
2.712258951366187,0.009665828916135719,0.00027614046752584597,0.0047933608264433955,0.0003344431375937105,0.2682877865690113,0.2682868237793027,1661
2.712711697036308,0.009765273303912048,0.00030089108835012167,0.004812792404198021,0.00035455838223360283,0.26882972071576217,0.26882959706566967,1662
2.712325801432117,0.009673807288221597,0.00028163841853570443,0.0047908406035924635,0.0003410163032001142,0.2684666267412355,0.2684663884596469,1663
2.7125920822776886,0.009571919442637345,0.00029995818744197727,0.004773508860615728,0.0003225327182469275,0.267959195924287,0.26795797939860927,1664
2.712226378949695,0.00966318251046883,0.00027434979606386946,0.004797137909953363,0.0003352885207418141,0.26831088530742886,0.26830994276199294,1665
2.712660650583703,0.009740412559756578,0.0002992941227765863,0.004813192877932986,0.000353553776738129,0.26880302573359216,0.26880289323071627,1666
2.7122875159068593,0.009653227276169468,0.0002803429820428453,0.004791419052980046,0.00034013939009612396,0.2684428682719398,0.26844261864842267,1667
2.712548409594995,0.009573043395801936,0.0002974844107315721,0.004777662820671887,0.00032354305123567133,0.26798730250025476,0.2679861127273884,1668
2.7121949504516065,0.00966085861802015,0.0002726071268040527,0.004800995379561545,0.00033617304030896786,0.2683350222336644,0.2683341008755153,1669
2.7126101253453547,0.009714961823534164,0.00029777040327895905,0.004813327281703851,0.0003523921773453567,0.2687721116911592,0.26877196883239723,1670
2.7122505493911975,0.009633272792209798,0.00027907335775059224,0.004791934991352778,0.00033923597067885876,0.2684183596087941,0.26841809790764554,1671
2.7125045822898133,0.009575478956737047,0.0002949609323579484,0.004782094154788335,0.0003247031234521755,0.2680195206221524,0.268018360857591,1672
2.7121636727921494,0.009658564111330321,0.0002708617511283998,0.0048049143742301785,0.0003370868899812298,0.2683599261975976,0.26835902696049563,1673
2.712561201812567,0.009689000348927047,0.0002963750400199871,0.004813198462662005,0.0003510788058618441,0.26873709705001936,0.2687369422219133,1674
2.712215535719322,0.009614215930761264,0.0002778551727107391,0.004792417212897246,0.00033832438691611366,0.26839359635623533,0.2683933219825562,1675
2.7124601135248834,0.009578785991002373,0.00029237032096183135,0.004786790085351162,0.00032600699347747807,0.2680556637506761,0.2680545371340175,1676
2.712132007567305,0.00965597734743955,0.000269094847021981,0.004808865560685792,0.0003380147623025666,0.26838517778816856,0.26838430139078845,1677
2.712514331045324,0.009662567728211013,0.0002951225267113436,0.004812819295936886,0.00034962325666476103,0.26869821533368254,0.26869804682600906,1678
2.712182484203821,0.009596262299208378,0.00027667803598039714,0.004792896119163817,0.0003374219115644046,0.26836904764990294,0.2683687601372609,1679
2.7124150772278286,0.009582456532298509,0.0002897341595947059,0.004791726819096995,0.00032744337494517274,0.2680953965125159,0.2680943057887841,1680
2.712099850873997,0.009652762084332685,0.00026731780097751336,0.004812810649746356,0.00033893576508352557,0.2684102081759964,0.26840935496055834,1681
2.712469392944646,0.009635674746081825,0.00029399068272666453,0.004812217189062039,0.0003480413023837932,0.2686558650934175,0.26865568115424454,1682
2.712150899800362,0.009579548861586674,0.0002755039938954222,0.0047934054189343695,0.00033654662644852957,0.26834520717922067,0.268344906187121,1683
2.7123698977007855,0.009585910670905277,0.0002871001244234784,0.00479686809692138,0.0003289947191132614,0.2681382115742777,0.2681371588545697,1684
2.712067326457501,0.009648565275687538,0.0002655593431044378,0.004816706143262562,0.0003398249055147342,0.26843434038729713,0.26843351024627166,1685
2.712425919515852,0.00960833554821392,0.00029293473176357954,0.004811436883365733,0.0003463576661350795,0.2686106868797226,0.2686104858107785,1686
2.7121200174267983,0.009564143499498497,0.00027428341764421907,0.00479398306857084,0.0003357183512324203,0.26832261856920075,0.2683223039013942,1687
2.712325053933912,0.009588490158999218,0.0002845235417988155,0.0048021635082883,0.00033063521254894223,0.2681833773691507,0.2681823639593935,1688
2.7120345435919897,0.009642999258584172,0.00026385127579261656,0.004820507673267312,0.00034065630982911137,0.268456877033483,0.26845606941205524,1689
2.7123833188823587,0.009580604384187171,0.0002919018834928648,0.004810541082658434,0.0003446076022038926,0.2685636096221584,0.26856338991223044,1690
2.712089004285115,0.009550025715394006,0.00027296946655588146,0.004794670100022539,0.00033495724638864764,0.26830183724079765,0.2683015088831002,1691
2.7122808579440254,0.009589470027318225,0.00028205353329946355,0.004807547431952606,0.00033232983038663665,0.26822991580854494,0.2682289420876728,1692
2.712001447133656,0.009635620285457494,0.0002622201417804474,0.004824174208674451,0.00034140705944339834,0.2684772037777202,0.2684764177265359,1693
2.7123409947163775,0.009552602218357093,0.0002908399087347205,0.004809608980477467,0.0003428356370448368,0.2685158212630398,0.2685155817583032,1694
2.7120570556874597,0.009537045054061883,0.0002715263459494594,0.004795507096157105,0.00033428107293216033,0.2682833550786545,0.2682830132367709,1695
2.712237382591467,0.00958810358979488,0.0002797276761685451,0.004812940033695449,0.0003340356727427007,0.26827664281925706,0.2682757081459375,1696
2.7119678041316386,0.00962591829940741,0.00026068668852739107,0.004827672277752611,0.0003420601121053826,0.26849486718269105,0.2684941014489832,1697
2.712298355188957,0.009524529657175063,0.00028969867035602613,0.004808732635415922,0.0003410921592326329,0.2684686804951689,0.2684684205916356,1698
2.7120233985479527,0.009524871838667019,0.00026993167044579117,0.004796529198363952,0.0003337026898478914,0.2682675310276975,0.268267176136886,1699
2.712194519978505,0.00958370133936321,0.0002775729208519107,0.004818251417380238,0.00033570486214813547,0.26832225046625374,0.26832135312617117,1700
2.711933287400388,0.009613327167482795,0.0002592701227328129,0.004830980293056969,0.0003426060542362664,0.26850962058596195,0.2685088737345824,1701
2.712254785907006,0.009496671605221826,0.00028842859929483123,0.004808010900359506,0.0003394294917103815,0.26842361234151385,0.2684233321619208,1702
2.7119872736224444,0.009512966030057744,0.0002681762173468654,0.004797761030465737,0.000333228181351156,0.2682545386507344,0.26825417134209995,1703
2.7121520950207922,0.009575725752250214,0.0002756081734204015,0.004823388901253776,0.0003372880840085569,0.26836540454246943,0.26836454176965957,1704
2.711897575739369,0.009597259477796488,0.00025799184788272925,0.004834092331089843,0.00034304446775491274,0.2685214596550842,0.26852073019939143,1705
2.71220968122855,0.009469396151601653,0.00028698198501241637,0.004807540764997491,0.00033789772387179864,0.2683819945564076,0.268381695064875,1706
2.7119479775615947,0.009500595226050923,0.0002662645352568605,0.004799212619295893,0.0003328553614666738,0.2682443240890605,0.26824394512278077,1707
2.712109946928497,0.00956387058839918,0.00027384464126905373,0.004828266250718369,0.00033873894096586224,0.2684048618839116,0.26840402997740814,1708
2.7118604047428767,0.009577172154638866,0.00025687400655178617,0.004837020081092049,0.0003433848619887911,0.2685306465615421,0.26852993307809503,1709
2.712162582056508,0.00944313917408208,0.00028532072396353234,0.00480740655844996,0.0003365396583186313,0.2683450172613337,0.26834470028362845,1710
2.711905012985182,0.009486929426403076,0.00026421802360890464,0.004800876869709166,0.00033257301222716325,0.2682365844452069,0.2682361946361036,1711
2.7120679200042686,0.009548094849974187,0.00027228203599479004,0.00483281317372486,0.0003400192795694609,0.26843961169790354,0.26843880623037925,1712
2.7118215562257397,0.009552672861255527,0.0002559313694556535,0.004839791652581673,0.0003436458901000051,0.26853768836991293,0.2685369895769214,1713
2.71211338265944,0.009418359478532088,0.0002834293059486553,0.0048076684097312855,0.0003353853091133704,0.2683135280356727,0.26831319617522903,1714
2.711858321533409,0.00947121731094226,0.0002620787884956723,0.004802729078409117,0.00033236159333672837,0.2682307869642736,0.26823038712083563,1715
2.7120257773214798,0.009528601620494225,0.00027090232452912433,0.004836983520768439,0.0003411044788432816,0.2684690140192508,0.26846823012100196,1716
2.7117808408031254,0.00952366844871144,0.0002551600958638344,0.004842446822047321,0.0003438520159270545,0.2685432471786107,0.2685425619619519,1717
2.7120624852549717,0.009395454895103192,0.0002813265949270919,0.004808352455267323,0.000334447725313351,0.2682879119998252,0.2682875684551498,1718
2.7118084783270477,0.0094530042183391,0.00025990885661315464,0.004804729383000884,0.0003321955985081155,0.2682262337993376,0.26822582468370815,1719
2.711983138157626,0.009505777562145996,0.0002696672189277273,0.004840761033235941,0.0003419873012329181,0.26849289867037934,0.26849213136859035,1720
2.7117381636534197,0.009490525534537438,0.00025453131619106834,0.004845030032080867,0.0003440284065335713,0.2685480027640059,0.2685473301311504,1721
2.7120107580981694,0.00937465042220709,0.0002790674211215037,0.004809445749099246,0.00033372179265111926,0.26826805388242325,0.26826770218623996,1722
2.7117566775096766,0.009432309451649726,0.00025777862128796835,0.004806829142655959,0.000332047070255331,0.2682221587704457,0.26822174107358393,1723
2.711939558316677,0.009480118728335925,0.00026852639425101134,0.004844161668436832,0.00034267969666019815,0.2685116097803567,0.26851085437346967,1724
2.7116937148250493,0.009454169676528684,0.00025399714389923915,0.004847583924749964,0.0003441956581991785,0.26855251083274656,0.2685518497760464,1725
2.7119592522811518,0.009355899439617161,0.0002767292949742996,0.004810897688905003,0.00033318674227870336,0.2682534035806669,0.2682530473086833,1726
2.71170442283247,0.00940967812164447,0.00025574399799538355,0.004808981208493589,0.00033188927737801756,0.26821782855825627,0.2682174028660407,1727
2.711894760988012,0.009452156900717129,0.00026743655985089234,0.004847231131258371,0.00034321286155112636,0.26852600500785656,0.26852525747139067,1728
2.7116482032240445,0.009416036465345185,0.00025350947040069606,0.004850146001797323,0.00034436513860435544,0.2685570778573663,0.268556427112352,1729
2.7119088152636013,0.009338848644541493,0.00027439049048084843,0.004812627082297027,0.00033281277194652985,0.2682431568525442,0.26824279939438195,1730
2.711653018011604,0.00938607863913841,0.00025381983503608966,0.004811152576702603,0.00033169858069985236,0.26821259401348013,0.2682121606979042,1731
2.711848861150128,0.00942238109263403,0.00026638143611067383,0.004850035255414593,0.00034363687629424976,0.2685374452472354,0.26853670273207275,1732
2.711603004143055,0.00937785454929087,0.00025304414565188916,0.004852749930823451,0.0003445335036071277,0.2685616137123669,0.2685609713606375,1733
2.7118598126559514,0.009322870288903499,0.0002721136749086247,0.0048145311319874404,0.00033257356786471815,0.2682365996793459,0.2682362442350779,1734
2.7116030472313866,0.00936271334313405,0.000251956462750609,0.00481333916054092,0.00033145060582833797,0.2682057849550174,0.26820534381838024,1735
2.711802350904807,0.009391116902899573,0.0002653795064439218,0.004852638335572524,0.0003440239814199996,0.2685478834754804,0.26854714514398736,1736
2.7115603249296445,0.009341378595450294,0.00025262942381716857,0.004855434624392273,0.0003446709697667005,0.2685653163120562,0.268564678994878,1737
2.7118119305393154,0.009307055100299234,0.0002699421770014351,0.004816491314223876,0.0003324723396298274,0.26823382405393414,0.2682334741806063,1738
2.7115540138795864,0.009340924053640481,0.0002500152466559512,0.0048155916113166485,0.00033110204096262316,0.26819620952183787,0.2681957587068729,1739
2.7117554391827077,0.009358213535600061,0.00026446232092997826,0.004855050749794161,0.0003444866240855746,0.26856035086105795,0.2685596198762984,1740
2.7115243423881434,0.009308341516667304,0.00025242332994109706,0.004858271694598705,0.00034468739713151,0.26856575872760147,0.26856511964317054,1741
2.7117630561860278,0.009289838801301475,0.0002678715995497893,0.004818381672678457,0.00033260993449196134,0.2682375967301605,0.26823725816815364,1742
2.711505302306442,0.00932255687036978,0.00024778671972408415,0.004818091407513582,0.00033053479118582335,0.26818061580876246,0.2681801484488661,1743
2.711704265211978,0.009321979943169061,0.000263494222874136,0.004857044907363639,0.00034522637386899497,0.26858026840142507,0.2685795576902999,1744
2.711507606729124,0.009281059505203207,0.00025309278754837066,0.004861420853781225,0.00034432955245411467,0.2685561190030166,0.2685554623972321,1745
2.7117000925956276,0.009267292077236543,0.0002654041444801737,0.004820224786996775,0.00033338680366199483,0.26825888287004424,0.268258567373598,1746
2.7114692698222,0.009311442464279061,0.00024570763725970915,0.004821409573582828,0.00032943222339428137,0.26815026786012486,0.26814976210670094,1747
2.7116175595907355,0.009276322936464425,0.000260800320108345,0.004857370876859029,0.00034644911935300727,0.268613143725685,0.2686124895231658,1748
2.7115420536764656,0.009262632632302396,0.0002565028002025983,0.004864909655521467,0.00034297965534478645,0.268519709915244,0.2685190032685665,1749
2.7115462128544094,0.009230664055765902,0.00025818086931644256,0.0048233556517871855,0.00033571530952637604,0.2683225355648823,0.2683222565664653,1750
2.711500893735947,0.009312208717261619,0.0002469662433846144,0.004827117879019541,0.00032752758532167056,0.268097723208229,0.26809712472761055,1751
2.711380247992967,0.00921827486090228,0.0002489092985494475,0.004853179964833332,0.0003470835568108151,0.268630178657512,0.2686296249804866,1752
2.711490305445957,0.00924213427448933,0.0002540631890176336,0.004866396821050468,0.0003398935130418078,0.2684362011553847,0.2684354368371387,1753
2.7113874975442775,0.00918815680774458,0.00025118488121189984,0.004828807938485175,0.00033981792035630795,0.2684341509258308,0.2684339144654539,1754
2.7116793341132346,0.00931865835926522,0.00025739357312679626,0.00483495270389095,0.0003253330030996416,0.2680369898569479,0.26803625717901053,1755
2.710792546223079,0.009181637045822479,0.00021216775612199502,0.004847479209963476,0.0003443545619868018,0.268556792879881,0.2685562771454596,1756
2.7116202414491912,0.009252118543485368,0.00026072766796115187,0.004865549001229601,0.0003334497278720976,0.26826060590101264,0.26825982575969687,1757
2.7114705006390953,0.00917095855814964,0.000258326370928852,0.004837917592366462,0.00034679250822292995,0.2686223658062806,0.26862219911834756,1758
2.710894990372151,0.009275983769493438,0.00020885028549861982,0.004842740150583747,0.00032756546320704714,0.2680987696600362,0.268097968695098,1759
2.711491207349315,0.009122040323051148,0.00026254494048543093,0.0048470453846144994,0.0003520538433842996,0.2687630979154376,0.2687627811705816,1760
2.71109920106887,0.009189722424919748,0.00023032510611107926,0.004868123751440435,0.0003342670324794275,0.2682829711064539,0.26828211930392776,1761
2.711291560725679,0.009142579314273586,0.00024829421587865635,0.004831769156888934,0.00034504193557173166,0.2685753044543483,0.2685751464526556,1762
2.7112943627476347,0.009277087329175388,0.00023281851599602483,0.00485025305945334,0.00032227795049645866,0.2679521015621141,0.26795110289319124,1763
2.7108850292686166,0.009090020513433661,0.00022435573200010558,0.004850132949024041,0.00035093278656192446,0.2687332001153547,0.2687328500369964,1764
2.7112872774386556,0.00920869919392963,0.00023906151567781644,0.0048701927185097384,0.0003270516894180649,0.26808457047922524,0.26808352003300323,1765
2.711312163786239,0.009109306634744735,0.0002517899963981348,0.004834716417836347,0.00035004944653638844,0.26870960840147085,0.26870950089052936,1766
2.710781522143906,0.009220111536443875,0.00020382205257178968,0.004855676689895016,0.00032514140310416245,0.2680316777673117,0.26803068301916205,1767
2.7116018199062806,0.009040571885321997,0.0002738161114792954,0.004846740542605131,0.00036030084462829854,0.2689815922574556,0.26898143226648635,1768
2.7106884706115806,0.009135968011854277,0.00020593759090273148,0.004870954102707672,0.00033236322694365974,0.2682308317677406,0.2682298803657927,1769
2.7118629257284477,0.009149534165043903,0.0002858205867563308,0.004822580945472091,0.00035096635958841886,0.268734096177516,0.268734049575836,1770
2.710963323443077,0.009232346705607299,0.00021293771593060412,0.004851501448913766,0.0003207803677705983,0.2679103424805501,0.26790938895828964,1771
2.7110883384205127,0.009018212905583026,0.00024189271390872696,0.004865769696405063,0.0003560594529274249,0.26886953769776634,0.2688691443438088,1772
2.710542708863227,0.009118286692043367,0.00019697534341742086,0.0048738378851001666,0.0003311231127761674,0.26819678852919293,0.26819578496188223,1773
2.7133211094784997,0.009204678149661891,0.00037748189798047127,0.004804304588761646,0.00036109961774993474,0.26900262133890834,0.26900260761002,1774
2.711755358150508,0.009263810815629549,0.00026715089787408873,0.004830446225952445,0.000327336807758317,0.2680924516790378,0.268092019802852,1775
2.7123471222209683,0.009244831983053814,0.000300036416027416,0.004901678609549673,0.0003153110849906692,0.267757001013422,0.2677545521045214,1776
2.7133115324203674,0.009010524065026589,0.00038486051161340084,0.004877362588073063,0.0003725296243860034,0.2693010265111989,0.26930080596744127,1777
2.711307172696075,0.008968804293916416,0.0002568387876602754,0.004851150451079119,0.00036668011022551316,0.269148893185391,0.26914883646480664,1778
2.7154294578208154,0.009574974938656958,0.000446211203423501,0.004873489519591297,0.0002817927430781192,0.26678668350443646,0.2667837086823386,1779
2.7164150994331626,0.009650371098346511,0.0005091483952874872,0.004853378086807847,0.000283043050630567,0.2668238833397812,0.266821445100856,1780
2.7123098763373856,0.009150443437063335,0.000315482718099298,0.004815591301703576,0.00035189730197071167,0.2687589259279606,0.2687588732163188,1781
2.7120024017027786,0.008964155128814516,0.00030282804351475175,0.0048692512870171555,0.00036790988254681105,0.2691809771009407,0.2691807094727949,1782
2.7146385138583957,0.009352766505487968,0.0004461039151235725,0.004926028905220975,0.0003165548015515786,0.2677919870040302,0.26778903117896796,1783
2.7108975849914443,0.009150695357262704,0.00021478909138326102,0.004888033882658595,0.0003229588814976787,0.26797105677186733,0.2679695954809561,1784
2.721499371584219,0.009361423672811533,0.0008793993941558072,0.004761945323428256,0.00040689405325804477,0.27017161503841586,0.2701705000766131,1785
2.7263360351304105,0.00973255587766756,0.0011818664608165233,0.004736407819803884,0.0004024177862393137,0.2700603535920809,0.27005906609295316,1786
2.7149184411553944,0.00943343997308848,0.0004674208289595397,0.004802337614914591,0.00032878440064656675,0.2681324129846683,0.2681320649379476,1787
2.7182444606586915,0.00964121622239046,0.0006047766472817851,0.0049282352201997,0.00026882587068179027,0.2663959101815602,0.26638902388582797,1788
2.720870251645124,0.009761103378125349,0.000812521949037589,0.004964898915456704,0.00029473492387442683,0.2671678456387057,0.26716189007860064,1789
2.7177950330376413,0.009224269948754497,0.000663921650670158,0.004907358718037587,0.0003817431846315801,0.2695382492724292,0.26953795421791615,1790
2.7181321038587747,0.008964170990253323,0.0006631223029802659,0.0048333449743116165,0.00042193958999816705,0.27054116817511037,0.2705407029860368,1791
2.712421425952943,0.009040544765692686,0.0003274651411592546,0.004815054319937892,0.00036406459919956664,0.26908047691226733,0.26908047550653663,1792
2.7211367295276734,0.00985058865005719,0.0007506685179657627,0.0048895382518987585,0.0002535400528988579,0.2659229410882179,0.2659161041326056,1793
2.7264772348750337,0.010119169706669581,0.001036682537759159,0.004910057842837352,0.00023514389093187086,0.26533440220327714,0.2653237602003868,1794
2.713067529396728,0.009344834070198687,0.00031739894781388465,0.004872218180836528,0.00029161123498244165,0.26707662832594425,0.2670724340154454,1795
2.722139085474189,0.009047705761572523,0.0008967984479494437,0.004798327752713507,0.0004407441019933929,0.27099390630619735,0.27099301489147376,1796
2.734429424042381,0.009280720474276645,0.0016029567360915204,0.004797538381269006,0.0004902307092734075,0.2721411541992148,0.2721380207215995,1797
2.7215730330513024,0.009077478048281993,0.0008712737260958999,0.004847402140426198,0.0004316212410038912,0.2707754961674539,0.2707750583566324,1798
2.7145685374435997,0.00944272670165191,0.00042478279935661954,0.004927603520521466,0.00030393450264183533,0.2674337174074216,0.26742990448293613,1799
2.718002467705023,0.009642510915402039,0.0005862435719019429,0.004908989450289237,0.00026762188743293096,0.26635915301697893,0.266352201105245,1800
2.7137802774650144,0.009378173835196573,0.0003840374030594635,0.004828124510788304,0.0003111639061453053,0.2676398386088225,0.26763771015111953,1801
2.717739288262336,0.009234399940917189,0.0006498525228543675,0.004776216767517531,0.00039472464026610066,0.26986767828071767,0.2698676203245403,1802
2.7151257805411095,0.008990340709043608,0.000492902236796772,0.004815036542773792,0.0003934716078451089,0.2698361187696865,0.2698361178242915,1803
2.7129882565746284,0.009221421756073456,0.00034272681360793234,0.00491428393458461,0.0003136956322222888,0.2677114548307667,0.2677081459819891,1804
2.7137579745025735,0.009338186940868354,0.0003815245976244779,0.004913174983509332,0.0003077194053154649,0.2675419327702356,0.2675386956520583,1805
2.7109209119849105,0.008948158022880197,0.0002330370328260041,0.004833179593095984,0.0003653675746961258,0.2691145906232942,0.26911454545424146,1806
2.7107575746563275,0.009118116978358909,0.00020421962635763772,0.004851966682886481,0.00031679798016652906,0.26779881962846214,0.26779746135137417,1807
2.711696030938546,0.009042047060422564,0.00028129096098090207,0.004866182550008365,0.0003515018731112161,0.2687483832132591,0.26874758737202387,1808
2.7113466255514855,0.008961644837862177,0.000262603910064107,0.0048767456787760744,0.0003572857086055389,0.2689020027670493,0.2689016286110345,1809
2.7104386404382987,0.009062810613520617,0.00018766359357367786,0.004870935571242263,0.00031794061422268975,0.26783088932786836,0.26783023798451394,1810
2.714035608708862,0.009058602271781983,0.00042261179582365,0.004807858804832685,0.0003848758150980929,0.2696182520907978,0.26961824563124975,1811
2.711099149519314,0.009018956472929282,0.00024018022345812111,0.004828979269410843,0.00036517539896721893,0.2691095630239736,0.2691093061365369,1812
2.71983298474905,0.009499160703131533,0.0006974318992536831,0.0049484475143372515,0.0002574871231200254,0.26604640530212376,0.26604193383430397,1813
2.7232480867119535,0.009638711053283558,0.0008892651095715789,0.004975717456295485,0.00024664278671392056,0.26570486506512936,0.2657008669049436,1814
2.7118421677613638,0.009146607609626402,0.0002756101795820514,0.004910993114233841,0.0003177900762304776,0.2678266675581971,0.2678264030408728,1815
2.7251886064887167,0.009204112513082717,0.0010363806545126237,0.004761322975402838,0.00047008954128381804,0.27168154840604836,0.27168058784295557,1816
2.73670138607148,0.009708480741099633,0.001692848161689216,0.004707983441301791,0.0005049043426203287,0.27247007660468314,0.27246948350465033,1817
2.7229148700464783,0.009768327595703202,0.0009307023208115829,0.004742211054155219,0.00042040036488953506,0.27050366710833784,0.270503192239236,1818
2.716242817880574,0.009795578657942441,0.0004688942181288492,0.004864539028207293,0.0002729442869926414,0.26652102560353447,0.26651402994277457,1819
2.7216689109505126,0.009545473968767091,0.0007439992579804334,0.0049496233036437085,0.00023114479481665698,0.2652034468071111,0.2651972975235838,1820
2.716712853773226,0.009340851840505114,0.0005472131728817912,0.004951523806692418,0.00028116719252894756,0.2667680408077076,0.2667672082813055,1821
2.7180685332829118,0.009382611560029954,0.0006351329532654092,0.0048663576258622014,0.0004186108638012512,0.2704599820088203,0.270459289796762,1822
2.7199783284298293,0.009178318130781942,0.0006960167251933505,0.004817401142371532,0.0004675208947894252,0.27162223149421505,0.27162192250633166,1823
2.7121427271441783,0.00903874965006762,0.0002925924082104207,0.004828120322505418,0.00039055057724117487,0.2697623525229456,0.26976101161627386,1824
2.7204331531163892,0.009724833355486455,0.0006579188838835993,0.004900586873062017,0.0002338708588417729,0.2652928368474189,0.2652857154775677,1825
2.7263306394497517,0.01007152602261068,0.0008714590449237614,0.004918356211901953,0.0001938812113645969,0.26392412336072174,0.2639170515686526,1826
2.71487545085322,0.009528802141386782,0.0003293899404029581,0.004884337749267794,0.00024293198131727987,0.2655862754151619,0.2655836968960762,1827
2.7167074329511287,0.008976879308240704,0.0005695746775315014,0.004817098453817878,0.00042043144094215434,0.27050442491127596,0.270504414114809,1828
2.7235098145902965,0.009177257614165015,0.0008333742560174691,0.004815525382677735,0.0005111049774169595,0.27260763095543095,0.2726076307101602,1829
2.715364076295203,0.009394261774768384,0.00039129218502261865,0.004860469811444802,0.0004583867979501925,0.27140996959246305,0.2714094077613023,1830
2.7153197071682618,0.009407814786768425,0.0004553764988872143,0.004920647821073747,0.000285360838007837,0.2668926267349941,0.2668899199617401,1831
2.7183363151198536,0.009345470253516402,0.0005116918903450475,0.004902880036611125,0.00022342499337786283,0.26494740758050916,0.26494569334028206,1832
2.713360892341218,0.00935910914686745,0.00029236603399538557,0.004842217479737316,0.00026422062569788935,0.26625486467793225,0.2662545199730534,1833
2.7155401694846564,0.009031594161174824,0.00048522321763394636,0.00481026817696522,0.00042236442288781846,0.2705515065843801,0.2705508060794147,1834
2.716875431318947,0.00912266862495399,0.00047302982613790724,0.00484336034315425,0.0004767312779792439,0.27183417683310374,0.2718319505171867,1835
2.712978506731579,0.00928096896913823,0.0003386690179862057,0.0049009574315544546,0.0003806594288677831,0.2695104953516763,0.26950795043219455,1836
2.7140735459496943,0.009158820912586713,0.0003375244828810966,0.004896464980226109,0.0002570324374501979,0.2660322312062357,0.26603221666475624,1837
2.7148341672454763,0.009238904236762983,0.00038729597459699985,0.004850018128314743,0.00025896340418458643,0.2660923399226025,0.26609207031269594,1838
2.7120545285902375,0.00896072854563554,0.00031036774761806265,0.004826316589681128,0.00035566523350433036,0.26885908888319715,0.2688587435516526,1839
2.713909988590855,0.009340709735075182,0.0003702096387964449,0.004869555419050811,0.0004094744444975472,0.27023547490170535,0.27023160580353955,1840
2.7127027693489314,0.009238348924000004,0.00033348220317552416,0.004896710516149315,0.00035887725131960094,0.26894405583077713,0.2689423773857218,1841
2.7122005560460676,0.00906108142706537,0.00028750320490379184,0.004875376819040676,0.00029737210733848495,0.2672444804890865,0.2672443725019507,1842
2.7115832630080345,0.008922760782346141,0.0002759205770458637,0.004850980778166217,0.00032183698669569757,0.2679398156817649,0.26793973458099996,1843
2.7121545379167236,0.009169358886761006,0.00029735111590693477,0.004858976035933806,0.0003704764877008174,0.2692477657846519,0.2692458239326611,1844
2.710988395733941,0.009106198779797953,0.00022954766222532658,0.004867696898465095,0.00035456778851158114,0.2688299704862111,0.26882942257090825,1845
2.712679484273649,0.009086386381304087,0.0003252623067145263,0.004873396114675374,0.0003045602062103156,0.267451653394745,0.267451612899812,1846
2.7117100792351128,0.008936580924794945,0.0002760314413508182,0.004877994261591355,0.0003109668466234975,0.26763425208574204,0.26763390924299324,1847
2.711986162493815,0.009159730745741381,0.00028774755515778176,0.004870959123367147,0.00036916396158860994,0.2692136399880036,0.26921254432753355,1848
2.7117453331599557,0.009219418218018518,0.00026733233957885625,0.004856971225794882,0.00037057392165999715,0.26925029666420747,0.26924964321823347,1849
2.7114135261170595,0.00899087429022645,0.0002538214323424823,0.004860160961687771,0.00031242173031017085,0.2676754555898899,0.2676751003236884,1850
2.7115829159187252,0.00893754402253069,0.0002678137221887941,0.004881367333620777,0.00031170316499187935,0.26765511724661945,0.26765429015972636,1851
2.7108467540678163,0.009022820246203074,0.0002230706992135457,0.004882851168997223,0.0003638659217936989,0.2690752699009398,0.26907437867130674,1852
2.7124232868069362,0.009037530430117962,0.00033061397443329084,0.004856051153080369,0.0003466417884125989,0.26861831862474694,0.268618016879682,1853
2.711045280450791,0.008961625805443275,0.00023426410597385795,0.004852832214706828,0.0003167417671282242,0.26779724043575925,0.26779682810742694,1854
2.714161748894268,0.009111133862296316,0.0004403391642576307,0.00488866253971296,0.00033869999571000883,0.2684038038380659,0.2684024342495012,1855
2.71376104430914,0.009178969162454222,0.000407360476612322,0.004901278080543732,0.0003617865221606851,0.26902068669004053,0.2690193897342288,1856
2.7118458190351817,0.008957302722505969,0.0002961434850977957,0.004881063870370362,0.00035738836667772723,0.26890471810627514,0.26890435882421754,1857
2.7120984302786777,0.008954074465410881,0.0003081247322915514,0.004859794785130611,0.0003219430456907471,0.2679427714049627,0.26794252947749897,1858
2.7120695011951645,0.009002048978964438,0.00029814170089129854,0.004863215061910591,0.0003145556192961612,0.26773571592285356,0.2677349258131487,1859
2.7114906283813447,0.009081162007634418,0.0002652298660004185,0.004872687288729264,0.00034595986969066124,0.26859999649706046,0.2685992104122742,1860
2.7121008261576263,0.008959435727522794,0.00031209077755314384,0.004877436232373834,0.0003612285426071634,0.2690060133275541,0.26900578408202236,1861
2.711605335031143,0.008927924514209871,0.0002823161514197841,0.004888474730390692,0.0003371287439224875,0.26836106598001563,0.2683606456297169,1862
2.711915816561713,0.008988177455435379,0.00029216705587549333,0.004887955539323923,0.00032021783725141753,0.26789463152041465,0.26789346086469507,1863
2.7113062186814614,0.00907402143028715,0.0002530079181329871,0.004863048022310894,0.0003391929506574873,0.26841719171474,0.26841662818741513,1864
2.7122086888452257,0.009000771250990077,0.0003184918488139812,0.004854726635242273,0.0003526451618952817,0.26877884879046854,0.26877878717670084,1865
2.7109672224749555,0.00890354577146378,0.00024098701205165307,0.004884513878126737,0.00033525301562232715,0.2683099157732177,0.26830945250837385,1866
2.7131959464756283,0.009097649935709275,0.0003736520145645922,0.004907542865480016,0.0003281737075446875,0.2681155653388098,0.268113737258965,1867
2.711866807881307,0.0090924755411089,0.00028931633599474274,0.004886863591315349,0.00034343703849370533,0.26853205435168226,0.2685310693624037,1868
2.7130040560040483,0.008967160534146175,0.0003738266727611451,0.004848936660733745,0.00035246382862362644,0.26877402004429596,0.2687740146497813,1869
2.7130339366800373,0.009007287189055494,0.00037145392979981055,0.00485811228634688,0.00033270827776516056,0.26824029269954736,0.26824020327536985,1870
2.7114061038687582,0.00897030832620696,0.00025718195145338097,0.004898333973059302,0.0003170186199864906,0.26780501670840245,0.26780342593724477,1871
2.711730008622497,0.009028478430159649,0.0002842699557978653,0.004895541806998416,0.0003509874162833743,0.26873465815763325,0.2687335740724618,1872
2.711684647482677,0.00891364546590371,0.0002863634628121769,0.00486598316441504,0.00036476301399124235,0.26909876996016346,0.26909871822510945,1873
2.7110784680393945,0.008883851019129089,0.0002465219190340411,0.004872211165784302,0.0003255681917982093,0.2680435083007216,0.2680432110036327,1874
2.712692594249025,0.009044099286304948,0.0003375731537855414,0.004898115424350623,0.0003165465624375804,0.2677917554625051,0.2677898677139195,1875
2.711730098658277,0.009044068421316914,0.00028331721377683483,0.004891564769430572,0.00034439719698640465,0.26855794161501767,0.26855666013239116,1876
2.71274063549973,0.008966827539033209,0.0003534649783639898,0.00486505452152968,0.0003641169644319059,0.2690818490831446,0.2690818268609283,1877
2.7128103100212764,0.008935958609630703,0.00036291777856675917,0.00487142220272041,0.000340713554705478,0.26845842774196865,0.26845837623883173,1878
2.7111183857096193,0.008908950964469973,0.00023949206722696613,0.004898519079293907,0.0003130532203907244,0.2676933100461933,0.2676920309414643,1879
2.711273619147882,0.009004784940547374,0.00025566912850794537,0.004887082169617655,0.00034664491439940397,0.2686184025737818,0.26861733540199745,1880
2.7117972352244823,0.008969414750729652,0.0002904766291082437,0.00486504146138821,0.0003637988834483721,0.2690735126143134,0.2690734239807076,1881
2.711052159907254,0.008918043303518941,0.0002447588732450906,0.004878716063074993,0.00033145951130626543,0.26820602953162126,0.26820578682770235,1882
2.7131226929342223,0.008979588001300108,0.00036991091027638307,0.00490654943574203,0.00031549455651427,0.26776216643639705,0.2677604751975349,1883
2.7130128381851777,0.009042049074061781,0.00036746029057771186,0.00490225134476656,0.00033494181544147357,0.2683014156676874,0.2682998781835048,1884
2.7107896357291406,0.008894579607430474,0.0002285496154573252,0.004874262985017868,0.0003627645386722808,0.2690463786235673,0.2690461741074555,1885
2.7109424017796298,0.008909534060183112,0.0002360539515861694,0.0048783503140513405,0.00032628300374990264,0.2680633054491669,0.26806304755950144,1886
2.711923647876868,0.008931470844526886,0.00029530847255889337,0.00489900070363157,0.00031845443704000626,0.26784529173311566,0.2678439643177571,1887
2.7110929094867666,0.0089274140264654,0.0002487251952997124,0.004895961101541398,0.0003460098840025584,0.26860134091947563,0.26860022675166134,1888
2.7129382936655486,0.008952762459194474,0.0003688458543439697,0.004874180689410942,0.00035982352021033065,0.26896901474010526,0.26896893388089416,1889
2.7130692793358357,0.008938646846729978,0.0003801360870069383,0.004873105183707235,0.0003420110683797113,0.2684935412612001,0.2684934915722096,1890
2.7104960069140493,0.008840699391863834,0.00020645797339824835,0.004891359035888435,0.0003183886383851813,0.26784344805202126,0.2678427014172021,1891
2.710674366845845,0.008950490903662033,0.00021855288746862474,0.00489531992316112,0.00035500481535838716,0.2688415714673269,0.2688404702043527,1892
2.711788670535562,0.008930529596512287,0.00029536080874151017,0.004879409723285791,0.0003492227930941884,0.2686875036613826,0.268687356947929,1893
2.7107515036030914,0.008828961804876927,0.00022758405807927804,0.004882817429450695,0.00032383427954135415,0.2679953960651427,0.26799520096503315,1894
2.7136383210369273,0.00905529323382504,0.00040786910503703207,0.0049042722914236945,0.0003336600028428858,0.2682663626056992,0.2682646825360938,1895
2.71390906503963,0.00917480634950404,0.00041926791985945095,0.004904379648104529,0.00035217390744391174,0.26876629711594463,0.2687644788189894,1896
2.7102726701250197,0.008881178349109984,0.0001963009777504102,0.004885673512789102,0.00035740885080407837,0.2689052598713712,0.26890485823010135,1897
2.7117037734416702,0.008890198455049786,0.0002642083913338196,0.004886698595132535,0.00029607111505341663,0.2672067171492245,0.2672065379824497,1898
2.710411340120565,0.00877847489340714,0.00020123681056343276,0.004896244512134305,0.00031289036010010297,0.26768870713478243,0.2676880227869584,1899
2.712611848589133,0.009229934054329413,0.0002870431351239666,0.004889741324657452,0.0004141268018573923,0.27035010569646734,0.2703493686330487,1900
2.7120021791205002,0.009158828129203095,0.0002648645898854035,0.004887251302503798,0.00040194576025393507,0.2700485849938078,0.2700480255136751,1901
2.7108363674127856,0.008851357936851423,0.00020915380701511452,0.004892774216557971,0.0002963677432842672,0.2672153345388426,0.26721487208493183,1902
2.7107344966652875,0.008762959511390993,0.00021413074215680255,0.00489514842724523,0.0003018303740795781,0.26737326607404543,0.2673726843843505,1903
2.7116098587844113,0.009078579909369545,0.0002472564333289509,0.004892643485229606,0.0003986710980945434,0.2699667498129902,0.2699661140736675,1904
2.71107923986415,0.009023670754396657,0.00022525433933449725,0.004893912805226578,0.00038753491621846317,0.26968590653788804,0.2696852833303755,1905
2.7115388530592273,0.008871842362064192,0.0002403752750810238,0.004896052215009006,0.00028547228367101023,0.2668959250611208,0.26689538114756234,1906
2.7114796429601764,0.008859369359362478,0.0002364134631575434,0.004893153876717275,0.0002848682113912836,0.2668780393230755,0.2668775458640761,1907
2.71082896263722,0.008939848270858912,0.000220480820391846,0.004891081219689914,0.00037851006470517897,0.2694553351218934,0.26945475739203345,1908
2.7107560749658113,0.008969482157780833,0.00021208227455059907,0.004898209555486878,0.0003807982506918868,0.26951405264653877,0.2695133099542159,1909
2.7113522710517324,0.008827251159455674,0.00023600230774208496,0.004900443207688508,0.00028912954710892354,0.2670038097821907,0.26700324185557195,1910
2.7109225472048317,0.00881642214841191,0.0002162526171810881,0.0048936533596435905,0.0002954986973658341,0.26719007554857843,0.26718970086732763,1911
2.711535283454584,0.009058303084592944,0.0002467514159997413,0.004891478305469054,0.00039540511212246733,0.2698847960040446,0.2698842518829813,1912
2.7114020489269044,0.009047792389467532,0.00024041363962948537,0.004898901333803047,0.00039313246139439944,0.2698275682168641,0.2698267028263035,1913
2.710849516498249,0.008778397410417586,0.00021783739505844667,0.004903199068976412,0.00029912799662131146,0.2672953171876468,0.26729461267422033,1914
2.7108305160371793,0.008800744221016421,0.00021807430458454434,0.0048946892045922605,0.0003017479160271673,0.267370892781523,0.26737059936938423,1915
2.7110973028951735,0.009010251552054826,0.00022889645788080987,0.0048949160584659136,0.00038557951445087767,0.269636178713051,0.26963568005500577,1916
2.710700720835384,0.008949218935142599,0.00021421919066509765,0.004901953808007678,0.000373048357169031,0.26931445979490576,0.269313580053356,1917
2.711643878421835,0.008825161873270562,0.00025366104236131657,0.0048999286837633806,0.00028769197335018183,0.2669614849983774,0.2669610095598553,1918
2.7113399747438542,0.008808029856008245,0.00024140452360201837,0.004897548427539564,0.00029283079382835586,0.2671122994897926,0.26711196679132704,1919
2.710927461688319,0.008987321339263676,0.00022362692366692587,0.004900043537908578,0.00037883931064284636,0.2694637948674673,0.26946317329449176,1920
2.71080319437048,0.008952549300157514,0.00021798415123487502,0.004901948927180489,0.0003782008722047351,0.26944738728479317,0.26944663640494804,1921
2.711200655655962,0.00879985521209897,0.00023645344297548807,0.0049007004397044855,0.00029601118743331816,0.26720497565918994,0.2672045558958444,1922
2.7107842222532756,0.008769084172047885,0.00021536804845252955,0.004900852024624897,0.00030015383330516445,0.2673249482915582,0.2673245512366378,1923
2.711491002593507,0.009046663653840048,0.0002497518552073304,0.0049023684973718016,0.00038921140287271244,0.2697284414709503,0.26972768451790574,1924
2.711240082193459,0.009004948139283367,0.00023612892662231897,0.004902730553887597,0.0003887886383541403,0.26971772396485305,0.26971693921281525,1925
2.710877605185891,0.008780375134150432,0.00022296908859957283,0.004902579318167468,0.0003022284398035782,0.2673847185713079,0.2673842980007958,1926
2.7106964859231137,0.008758176145251735,0.00021091560990089514,0.004903566530189206,0.0003007876377761163,0.26734323031548957,0.267342856038733,1927
2.711220674158354,0.009002786619796532,0.00023763778963096133,0.004904139699388621,0.0003853551872440096,0.2696304657928438,0.2696297316724008,1928
2.7107886346040684,0.008919613002511536,0.0002173231517476954,0.004903711587275533,0.0003811230092528044,0.26952237201911705,0.2695215859532837,1929
2.711331813000006,0.008803133560747878,0.0002402129790707046,0.0049044050146592605,0.0002921047361133973,0.267091071824593,0.2670906678112874,1930
2.711094372949403,0.008775884091247372,0.0002262481347123324,0.004905937381532385,0.00029212321173434705,0.2670916123210874,0.2670912674073202,1931
2.7108567893803253,0.008944438205733714,0.00022196812796068167,0.004906043440877546,0.0003784945690940518,0.2694549368822942,0.2694543157119215,1932
2.7106726081088115,0.008885736679630319,0.00021270985428002492,0.004905023184189396,0.00037984607522424977,0.2694896402025345,0.26948892467764013,1933
2.7110929473482916,0.008772575075525278,0.00022900338912843,0.004907045720762728,0.0002943019400533433,0.26715523069076436,0.2671547444177168,1934
2.7107029503203806,0.008746308812214516,0.00020959598121506138,0.004907880213490174,0.0002984568984275393,0.26727590514061533,0.2672754838097476,1935
2.71124727470243,0.008989811645436873,0.0002363372246758977,0.004905972988405845,0.0003904752322662681,0.2697604461555469,0.26975986648424893,1936
2.7110099348333128,0.008929102422170467,0.00022646065219371524,0.004907062302460911,0.0003880618213109775,0.26969928479186434,0.26969861603072903,1937
2.710809695943159,0.008741352866878287,0.0002168976542619611,0.0049103428530743,0.00029838592919161636,0.26727385102377627,0.26727331249986575,1938
2.710648965033243,0.008734420386659936,0.0002086615824809346,0.004909016842110643,0.0003002007503511603,0.2673263022699929,0.2673258595878508,1939
2.71100092292889,0.008946187571473623,0.00022590301521618422,0.0049066540918296635,0.00038659373323548374,0.2696619870113751,0.26966141154815576,1940
2.710659878818429,0.008873807978810664,0.00021315928037556812,0.004909460521282944,0.00037905812123686266,0.26946941502040733,0.26946873633293306,1941
2.7111356599016556,0.008751864040260546,0.00022889124121411254,0.004912897265098897,0.0002908723759777115,0.26705498097265756,0.267054479470767,1942
2.710905082303312,0.00873403764014704,0.00022004537970699044,0.004910993830345789,0.00029511421626660556,0.26717888867961503,0.2671784710519023,1943
2.7107927229476285,0.008906950325744064,0.00021772988114463545,0.00490811276873972,0.0003823082925466446,0.26955270550452404,0.26955212920237226,1944
2.710632013273382,0.008860098007965276,0.0002129016884759241,0.004911289844313285,0.0003779106247203399,0.26943992347516676,0.26943921437969315,1945
2.7109048390881374,0.008734873070671747,0.00021945518751873336,0.0049148372390541905,0.0002947286588493413,0.2671676631738085,0.2671671567213815,1946
2.7105876397007553,0.008706653569808993,0.00020886696409031405,0.00491239349438007,0.000302561425973244,0.2673942929138624,0.26739389762785803,1947
2.7110641650964653,0.008933048252243128,0.00022877840684050859,0.004909874118487451,0.000389394262298008,0.26973307533807156,0.26973248151297,1948
2.7108024897654746,0.008872435240636842,0.00022113203032528777,0.004912953620620308,0.0003815037241127083,0.26953212031789453,0.2695313843227015,1949
2.710789832654917,0.00872544345419321,0.0002144537261851887,0.004916380491404826,0.00029646490893368117,0.2672181563744113,0.26721764221997335,1950
2.7106052413803927,0.008701257675281184,0.00021066284677380735,0.004914026475873538,0.00030282336846302737,0.2674018208375741,0.26740143996987303,1951
2.7108490140147947,0.008895146421165302,0.0002203740977085884,0.004912274479808301,0.0003849625070961475,0.2696204614394297,0.2696198812759821,1952
2.7105481497727024,0.008821434658325742,0.00021183722236216878,0.00491518228451117,0.00037449605070746626,0.2693519004417516,0.26935118797926483,1953
2.7109700334474978,0.008729705000892547,0.00022212170164454057,0.004917380346699427,0.0002930634968552652,0.2671190974310933,0.2671186324107619,1954
2.710695622903167,0.008702059820695844,0.0002145572053991997,0.004915963035820212,0.0003007976564260201,0.26734351914768223,0.26734312261414317,1955
2.7107819900438637,0.008878252925573711,0.00021809751434214076,0.004914523795460789,0.00038344752702712943,0.26958181623412725,0.26958120539783265,1956
2.7105738839482196,0.008809293005085012,0.00021387931234405458,0.004916614267477815,0.00037538817425789516,0.26937493675493923,0.2693742532649575,1957
2.710785411903295,0.008706915299611694,0.0002151868531206294,0.004919180403401855,0.00029626984290178466,0.2672124908976529,0.26721203267497257,1958
2.710502524549905,0.008685777911414028,0.00020724373153337025,0.00491789402403269,0.00030534944831608245,0.26747425100872946,0.26747383265364305,1959
2.7108882237983973,0.008877646308669732,0.00022309184117659463,0.004915885854608301,0.00038634014021314545,0.2696555371387593,0.2696549035441394,1960
2.710624987154534,0.008802408804166849,0.00021727966904868583,0.004918090337672806,0.0003761937643713541,0.2693957151033767,0.2693950249075515,1961
2.7107197877821783,0.00869147661689775,0.00021266044966063605,0.00492128376287064,0.00029698708329168883,0.2672333131838219,0.26723285577875516,1962
2.7105058043612864,0.008674988720505074,0.00020870446090867813,0.004919800341808611,0.0003059154257082769,0.2674904381222506,0.2674900336680532,1963
2.710755029323564,0.008846735354892225,0.00021810917902658308,0.004917662700104809,0.00038383408179466257,0.2695916839958862,0.2695910572517691,1964
2.7104888952503687,0.008772341505764754,0.00021245698080874458,0.0049199066253995455,0.0003719914867166773,0.269287080824134,0.2692863849372,1965
2.7107849221438602,0.008684338593504176,0.0002162631040203857,0.004922773784805437,0.0002959334042293815,0.26720271502494247,0.2672022724016552,1966
2.710546833724045,0.008665548341412446,0.00021156774824755578,0.004921710097594601,0.00030537375908947,0.26747494661192045,0.2674745514458474,1967
2.7106742206069407,0.008821018169770578,0.00021577820233688642,0.004919822991321827,0.0003818946716675223,0.269542125566773,0.2695415027791156,1968
2.71045518533417,0.008756943333571772,0.0002117342399504699,0.0049216748940004666,0.00037096848689548064,0.2692605422274525,0.26925985504041333,1969
2.7107149008721825,0.008671987839475332,0.00021430442542479447,0.004924260736223015,0.0002975800713080338,0.2672505093057577,0.26725006733690404,1970
2.7104638314567002,0.008653525230154254,0.00020863184255189018,0.0049233010705989275,0.0003073691113570938,0.2675319454527184,0.26753154383948613,1971
2.7107112583852926,0.008805782258286633,0.00021919262645639162,0.004921761077889989,0.00038198520107320404,0.26954444169254277,0.26954381358092744,1972
2.7104988491880393,0.008753126319719645,0.00021441244046046742,0.004923650587847971,0.00037195816204088487,0.2692862168929234,0.2692855346397882,1973
2.7106069385176066,0.008657865742345937,0.00021082458679279158,0.004925787718091759,0.00030012133492378227,0.26732401035914555,0.26732357018606073,1974
2.710383562825769,0.00864205734735648,0.00020563013171148703,0.004924687484537993,0.0003092272360493178,0.2675848581469774,0.26758445130964137,1975
2.710724653225331,0.00878949572600398,0.00022176333478842627,0.004923991600217776,0.0003810760020267195,0.26952116804975357,0.26952051852989833,1976
2.7105065920785547,0.0087460936005961,0.00021529560410066224,0.004925680083207217,0.000372150650727033,0.2692912065648324,0.2692905262211009,1977
2.710547577604397,0.008644432073476519,0.00020995306787189216,0.0049269433894355815,0.00030223355308174783,0.2673848656331232,0.26738444307148057,1978
2.7103450316830995,0.008631497867099292,0.00020416308785123994,0.004926346805352354,0.0003097168529471642,0.26759877418876565,0.26759836288323363,1979
2.710697899991026,0.00877166271730987,0.00022230205414810127,0.004926429587407041,0.00037929686059454896,0.26947554519376926,0.2694748766776461,1980
2.710485816383698,0.00873554266795578,0.00021458344567240113,0.004927457752793435,0.0003722099024251615,0.26929274222149774,0.2692920722271976,1981
2.7105073676542744,0.008631687906890619,0.00020980085291374387,0.0049281548431730545,0.0003039342721795877,0.2674337107977501,0.26743329875434213,1982
2.710314677383929,0.008620792215303034,0.00020276101620922047,0.004928248160472858,0.0003096175945695268,0.26759595392610264,0.2675955344069032,1983
2.710669155019766,0.008754895834374856,0.00022234073391275285,0.004928521458351428,0.0003779358338632607,0.26944057185021214,0.2694399075617084,1984
2.710469405533367,0.008726000226292482,0.00021392857565199734,0.004929129453290031,0.0003726027802682204,0.26930292154748137,0.26930226611110614,1985
2.710458140845891,0.008619468903145841,0.00020867600836486558,0.0049297192839091565,0.00030536024371236227,0.26747455990039126,0.26747414148937976,1986
2.7102730615717947,0.008609262514778768,0.00020088759407945042,0.004930042207089422,0.00030979037948288164,0.26760086303233116,0.26760043584312865,1987
2.710658415829824,0.008741946302627084,0.00022285111461733584,0.0049304525911870265,0.00037733051733342197,0.2694249972286593,0.2694243443985252,1988
2.7104694992004075,0.008719575214090322,0.0002140264766610608,0.004930917008283953,0.00037325415974537996,0.26931978674171586,0.26931914108777444,1989
2.7103951828570305,0.008606809642710331,0.000206624258559867,0.004931275072286275,0.0003067978426920068,0.26751564565444297,0.26751521951695806,1990
2.7102176187828864,0.008597512690626072,0.00019840191081524003,0.004931775484904985,0.0003103274084043824,0.26761611218187437,0.2676156767133721,1991
2.710668252045957,0.008733404759862201,0.00022404336652673339,0.004932471010326028,0.00037737727863030305,0.26942620082852803,0.26942555135932794,1992
2.710485265017126,0.008714856563751604,0.0002148766785635841,0.004932711044334272,0.0003742226594172659,0.2693448354714447,0.2693441977005376,1993
2.7103225075458774,0.00859384029695095,0.00020389526769194278,0.004932806116102069,0.00030823445762799876,0.2675566072356819,0.267556176835934,1994
2.710153386749739,0.008586006751923458,0.00019545760698753267,0.004933614572567512,0.0003110566214853325,0.26763679737042223,0.26763635107456224,1995
2.7106914481083892,0.008727270023318403,0.0002255682797104979,0.0049343684233388325,0.00037808379838197997,0.269444377037642,0.26944373102095304,1996
2.7105102747463516,0.008710718239267235,0.00021618000440353562,0.004934470506979712,0.0003753826133330447,0.2693747932462012,0.26937416240758366,1997
2.7102468589154345,0.008581452266395308,0.0002006852454473786,0.004934511114749366,0.00030943938066033247,0.2675908891378558,0.2675904515990105,1998
2.7100875007910767,0.00857411184318412,0.00019257537500482993,0.004935416098570946,0.0003119908827019282,0.26766326364808973,0.26766280920928986,1999
2.710719543687449,0.008722965637776964,0.00022704099594149878,0.0049362171857979115,0.0003791884785474412,0.26947276247858637,0.2694721220606273,2000
2.7105368907210714,0.008706909842706284,0.00021756068023588484,0.004936289777400747,0.0003765119350698202,0.2694039154571911,0.2694032899429114,2001
2.710175242419743,0.008569390284887925,0.00019752059577120827,0.004936230859932665,0.0003104369648185992,0.26761922145892375,0.2676187769450823,2002
2.7100246036191153,0.008562104988841824,0.00018993337336433992,0.004937220477166721,0.0003129980822706508,0.2676917518146353,0.267691289829872,2003
2.7107474933292237,0.008720013733417268,0.00022830270938626067,0.004938107886872758,0.00038043144523113677,0.2695046518869509,0.2695040187778953,2004
2.7105615393331832,0.008702512376640544,0.0002188489288512289,0.004938118490586354,0.0003776051687610141,0.2694320654785078,0.2694314472347407,2005
2.7101090912830963,0.008557338373462293,0.00019457316402301676,0.004937977901849863,0.0003112793058381359,0.26764310930188145,0.2676426562920797,2006
2.7099653579137026,0.008550702062396078,0.00018747402307547998,0.004939098610332545,0.00031401238698932363,0.26772039466234665,0.2677199230011557,2007
2.7107746672442783,0.008716643089194108,0.00022942244262194464,0.004939840580304893,0.0003818152394679743,0.2695400931284366,0.2695394752642607,2008
2.710586723147328,0.008697471774566744,0.00022021368893912474,0.004939954888467763,0.00037866816356881705,0.2694593978213309,0.2694587885446229,2009
2.710044300073604,0.008545553391253364,0.000191603358585866,0.004939945743223954,0.0003120246694190953,0.2676642200342697,0.2676637522015029,2010
2.709907285645218,0.008539247610336304,0.00018527585930428495,0.0049407862626216015,0.000315316479621337,0.26775715291428603,0.26775667791729046,2011
2.710763197731868,0.00870931268455991,0.00022884845766888922,0.004941733603617791,0.0003822512374242423,0.269551246441704,0.2695506380211055,2012
2.710542288061278,0.008684788887347404,0.00021839268120126156,0.004941919098487911,0.0003781824239616531,0.2694469129674006,0.26944631072716757,2013
2.710051931753574,0.008535837276032104,0.00019216903057054803,0.004941763979875563,0.00031127262534551606,0.26764291997786976,0.26764244881259613,2014
2.7099287889678094,0.008530579149703748,0.00018657377193675856,0.00494261437838176,0.00031430808184135803,0.267728736047484,0.26772825716511545,2015
2.710669881081434,0.008690910557071671,0.00022464427512622123,0.004943477855760129,0.0003810794722402993,0.2695212569329001,0.26952066265269264,2016
2.7104708893920186,0.008667793842996499,0.00021540229920425556,0.004943837305047177,0.0003771218855695561,0.2694196262984012,0.2694190345236467,2017
2.7100477828140304,0.00852676410659094,0.00019216894806488362,0.004943792155921876,0.00031086952687898317,0.26763149247451795,0.2676310144421193,2018
2.7099169067982483,0.008519881678806242,0.00018654329968672786,0.004944180936798949,0.0003143836746662596,0.26773086784864913,0.2677303889735866,2019
2.710629758589653,0.008678051763870633,0.0002231946708561048,0.00494542414179939,0.0003805118052846153,0.2695067118009319,0.2695061196499504,2020
2.7104425792517617,0.008655895563383958,0.00021451017535390452,0.00494588675330297,0.0003767706773039807,0.2694105815807765,0.2694099940948286,2021
2.710016033376471,0.008516081856921182,0.0001912250657574631,0.004945549203835783,0.00031146123074970907,0.2676482642418372,0.2676477877061992,2022
2.7098828414664564,0.008509155166222653,0.00018533257097965453,0.004945998442986404,0.00031488899907178747,0.26774511197687373,0.2677446242577446,2023
2.71062140442039,0.008667060339850855,0.0002233061398675916,0.004947156498338845,0.0003806078106574025,0.26950917247495143,0.26950858876214623,2024
2.7104408569914717,0.008646408517627248,0.00021486509145048185,0.004947775752457352,0.00037704378568813107,0.2694176153450451,0.2694170361631049,2025
2.7099665626567337,0.008505494067460493,0.0001893246563425963,0.0049475565784365015,0.00031237424537778474,0.26767411229391125,0.26767362864750815,2026
2.709836653608674,0.008497390080358956,0.0001837586854079284,0.0049475845864054195,0.00031594881596758195,0.2677749491129393,0.2677744614396051,2027
2.7105302946174437,0.008648880120917565,0.0002195396566245488,0.0049491619339733705,0.00037888419289965693,0.2694649478011028,0.2694643656105653,2028
2.7102784022797297,0.008620552942153324,0.00020753742628691298,0.00494972025294164,0.00037387129716096154,0.26933575178680574,0.26933518099623727,2029
2.7101066563827914,0.008500611283767123,0.00019634230339307852,0.00494914708139126,0.0003090566658808988,0.2675800075620262,0.2675795345610869,2030
2.7100086098066614,0.008493667811389551,0.00019167503221336466,0.004949570403595251,0.0003107893494967489,0.2676292186297847,0.2676287289863454,2031
2.7102582287746197,0.008609736671787454,0.00020713221414458,0.004950696392966859,0.00037345304541170883,0.26932493325762624,0.2693243639756153,2032
2.710067849216727,0.008587690388268055,0.00019781110393994947,0.00495128869436441,0.00036957815472158875,0.2692244155885579,0.2692238628503523,2033
2.7102377722636763,0.008498108174013261,0.00020260486366519188,0.004951301527145928,0.00030604482566770294,0.26749413689404833,0.26749366000917335,2034
2.71010909420931,0.008488205941070845,0.00019652740864916385,0.004951368780272997,0.00030812791245056237,0.2675535726406496,0.2675530838145963,2035
2.7101146675811476,0.008583629591629385,0.00020083833748429206,0.004952110065505315,0.0003703554839449637,0.26924462220842393,0.2692440610282538,2036
2.7099585011154317,0.008567088295478597,0.00019294451511223863,0.004953088458013939,0.00036712733979515943,0.26916056731402177,0.2691600181349304,2037
2.710295143182506,0.008492445149293384,0.00020567163385207574,0.0049532578057476665,0.00030482682024722714,0.2674592903706659,0.2674588151573759,2038
2.710146765400601,0.00848112103138845,0.00019857811109343397,0.0049532348467094915,0.00030706769962484114,0.26752334727227767,0.2675228582747286,2039
2.710042425152758,0.0085666546962992,0.0001978874030398511,0.004953770056405613,0.00036872032440717864,0.26920209166750275,0.26920152959786625,2040
2.709904384506716,0.008551957194047156,0.00019075894043138952,0.00495465682550512,0.0003660829966614216,0.2691332954992448,0.2691327541647348,2041
2.710296241882286,0.008484300178206566,0.00020607605617801468,0.00495523808678122,0.00030460966958966866,0.26745307049174066,0.26745259544922556,2042
2.7101374728961125,0.008472702719353626,0.0001984407519481646,0.004955285053731464,0.00030698829344125524,0.2675210814004517,0.26752058894743835,2043
2.7100117278045803,0.008554152948091026,0.00019684137022515976,0.004955360174375398,0.00036832811740590863,0.26919187633885516,0.26919131903072635,2044
2.70988362546052,0.00854087476538745,0.0001902150504392295,0.004956248170183258,0.00036581085507297905,0.2691261824490142,0.2691256447878108,2045
2.710258616121735,0.008474185866217145,0.00020462227255207675,0.004957201471862679,0.00030502167596726924,0.26746486976668504,0.26746439136330175,2046
2.7100971412281734,0.008462656159050964,0.00019701881392078605,0.004957228434437047,0.0003076735660935857,0.26754062616024826,0.26754013380577163,2047
2.7100072149606174,0.008545168316647068,0.0001969944415695008,0.004957056953059466,0.0003686563548522054,0.26920042590288573,0.26919987392839645,2048
2.709884156710771,0.00853246500585553,0.00019072238918301545,0.0049579137631759725,0.00036602555462860836,0.26913179433896905,0.2691312552832173,2049
2.7101970633058534,0.008462280296345511,0.00020217478512333088,0.004958943341589737,0.0003059601838950072,0.2674917175799007,0.2674912369236053,2050
2.7100377267646043,0.0084517149856175,0.0001947509921032537,0.004959132904033836,0.00030880401496650176,0.2675728203475282,0.26757232750316207,2051
2.7100200211105943,0.008538989716122217,0.00019794337828851402,0.0049589287800193855,0.0003693612371537331,0.2692187730397581,0.2692182238115248,2052
2.709898522503576,0.008525109529313103,0.00019190445725252297,0.0049594873457551175,0.00036669185268529725,0.26914919979229673,0.26914866229331985,2053
2.7101217946151954,0.008449629792986977,0.00019905451749190772,0.004960654395358071,0.00030714105595040396,0.2675254402498312,0.26752495412003696,2054
2.7099679164201183,0.008440392854408604,0.00019196564774121987,0.004961039404085065,0.00031015882858284854,0.2676113267127394,0.2676108308339719,2055
2.710044234240084,0.008533651136126742,0.00019942129333251363,0.004960732196819855,0.0003704277260855761,0.26924649906049347,0.2692459564163041,2056
2.7099226958690097,0.008519230062593927,0.00019353893031445843,0.0049611751724030866,0.0003675843705181362,0.2691724899404886,0.26917195255315973,2057
2.710040171047234,0.008436639957502096,0.00019563596008974327,0.004962317481615281,0.00030848276199527233,0.26756367734830244,0.2675631848854762,2058
2.709893848676605,0.0084285776636407,0.0001890341692971434,0.004962791503296148,0.0003117043197890899,0.2676551499509092,0.26765465281266854,2059
2.71007687005823,0.008529472481053563,0.0002012986354478568,0.00496261003943008,0.0003716214001139469,0.26927748427865905,0.26927694610775416,2060
2.7099539204882124,0.00851439606596278,0.00019547510659424718,0.0049629436691651305,0.00036866985645216707,0.269200777496033,0.2692002409765079,2061
2.709956886998861,0.008423509399591547,0.00019220095642773466,0.004963902640935052,0.00030998054034634683,0.26760626423595724,0.2676057676444499,2062
2.7098189491935485,0.00841673954365111,0.00018602921998422798,0.004964525878910599,0.0003133024127491521,0.2677003506391583,0.2676998507923894,2063
2.7101156745600115,0.00852584158851633,0.00020347596411386294,0.00496449119947963,0.00037290920479520596,0.269310857174015,0.2693103235369149,2064
2.709990449222931,0.008510172596778815,0.0001976275624506545,0.004964735420018046,0.0003699204654437033,0.2692333165482114,0.2692327831953281,2065
2.709874448341814,0.008410727800486881,0.00018879636574054503,0.0049655323405940624,0.00031154563684605656,0.2676506554225631,0.2676501539258017,2066
2.7097455223677214,0.008404911973074943,0.00018309619366178035,0.004966220611650717,0.00031495155273650495,0.26774687444978706,0.2677463716417978,2067
2.7101592395755274,0.008522478595231277,0.0002058840336199285,0.004966342019172145,0.00037426892544586765,0.2693460312582676,0.26934550306867105,2068
2.710031414561344,0.008506690531057386,0.0001999590634585408,0.004966594847950478,0.00037124952213075533,0.2692678364673036,0.26926730629380413,2069
2.7097944965622913,0.00839835620908286,0.00018552612920276398,0.004967191431067875,0.0003131850663259936,0.26769703552366875,0.2676965294610835,2070
2.7096748994984314,0.008393202579745495,0.00018031233765601309,0.004967883794034887,0.00031665260454133827,0.2677947353040538,0.2677942305629763,2071
2.710057171092641,0.008503562667368845,0.00020135143756095194,0.004968251954233085,0.000372324649299818,0.2692957158276084,0.26929519268256163,2072
2.709825584840112,0.008475332721727343,0.00019043558341161354,0.004968441464514535,0.00036644453013653233,0.2691427409253882,0.26914221749341377,2073
2.7100548314023483,0.008399425889656802,0.00019769449213268627,0.00496894164464225,0.00030690909745355457,0.2675188212347051,0.2675183168731456,2074
2.7100004274266167,0.008395675567055602,0.0001951634906370191,0.004969682815796047,0.0003078766009865131,0.26754641276690233,0.26754590399570694,2075
2.7097108536755874,0.008455699310967608,0.00018519986956146956,0.004970014373685216,0.0003634133364493755,0.26906340306580584,0.26906288337704837,2076
2.7095706631074,0.008435215064314834,0.00017846352690288158,0.004970063567376123,0.00035923223999587383,0.268953422909751,0.26895291482698475,2077
2.7098915610699015,0.008385273037102068,0.00019045620142997302,0.0049711368193207485,0.00031009714908869176,0.26760957549427844,0.26760905956596376,2078
2.709539640360978,0.008370446494450099,0.00017483992014166461,0.0049712442962573265,0.00031996312882253704,0.2678875132095699,0.2678869992391778,2079
2.710057601097796,0.008485056931440745,0.00020217576478608512,0.004971384070786179,0.00037317529880540935,0.26931774569677863,0.2693172383254518,2080
2.7097503158248233,0.008451209205475084,0.000187468733797801,0.004972351933038675,0.00036526261787450524,0.2691118449626012,0.26911132810432487,2081
2.710127867910724,0.008386088402390968,0.00020158064548072408,0.0049728797212114095,0.00030488231130612256,0.26746087945397146,0.2674603708951814,2082
2.710148121260837,0.008383745217548384,0.00020248339417014302,0.004973100467303185,0.00030424868778584723,0.2674427259276137,0.26744221442289623,2083
2.7095041720312776,0.00841224489756395,0.000176083244483512,0.00497337144406926,0.0003569251921825109,0.2688924638991983,0.2688919441482307,2084
2.7097258776526143,0.008438961361178015,0.0001866067166458415,0.004973862569980355,0.00036540610712237047,0.2691155985290121,0.2691151003306859,2085
2.7095873162521205,0.008357524712843414,0.00017758198937595633,0.004974894719169257,0.0003178328052349143,0.2678278659753464,0.2678273520727052,2086
2.7094400314170364,0.008348988831941084,0.00017122609400172802,0.004974571071617254,0.0003229190292386908,0.2679699479475788,0.2679694291321397,2087
2.709677349988513,0.008425502049072527,0.00018485648397657307,0.004974929373067008,0.00036374246218251867,0.26907203350936965,0.2690715243256771,2088
2.7092957308018497,0.008372033078594882,0.00016597331744612514,0.004976207352630891,0.00034628402856621665,0.2686087084067169,0.2686081993282146,2089
2.7096653582293113,0.008349089834824283,0.0001817085906159756,0.00497630808650229,0.00031533933726098686,0.26775779652042975,0.2677572948831125,2090
2.7092528256022126,0.008351752512044999,0.0001638809968054862,0.004976730677715596,0.0003390181773027991,0.26841244626069005,0.2684119240255269,2091
2.7095738173631037,0.00840475926628369,0.00018019933886883238,0.004976897076173109,0.0003610195500297699,0.26900051446750245,0.26900001850064115,2092
2.7092828685513863,0.008339747643975434,0.0001650072455574727,0.004978211642633939,0.00033180640630829753,0.26821555396655006,0.26821505049851047,2093
2.709447473672331,0.008334365795709554,0.00017215516959024843,0.004978517557276699,0.0003218960992416377,0.26794146312990214,0.2679409554411977,2094
2.7093344441461227,0.008364207448391517,0.00016890319719520147,0.0049783639112458405,0.0003505206665772041,0.2687221971621176,0.2687216936223399,2095
2.7093343541487465,0.00836396746219199,0.00016887280372299824,0.00497935402659177,0.00035094615628264236,0.2687335569575733,0.26873305336018644,2096
2.7093693079118677,0.0083266582800997,0.00016912916351765296,0.004980187324944172,0.00032527049826500527,0.2680352570889634,0.2680347589040909,2097
2.709258939982915,0.008326042976909882,0.00016441997336346604,0.0049804744740299485,0.00033214426283292853,0.2682248254541142,0.2682243177355203,2098
2.7093720033726028,0.008362097215918959,0.00017120965638952438,0.004980555895550576,0.0003534557223618268,0.2688004181432708,0.2687999124008385,2099
2.709223440844254,0.008331145004576075,0.0001635394137327381,0.004981499634964618,0.0003408455421587576,0.2684620026583997,0.2684615014251344,2100
2.709346065176141,0.008316893399290835,0.00016837660467973153,0.004982397978646622,0.0003256145799247216,0.268044793706904,0.2680442902542482,2101
2.7092171795738036,0.008325745043614101,0.00016348681421598311,0.004982346121080975,0.000340932074073027,0.26846434602343194,0.26846383995954026,2102
2.7093047135017256,0.008343625418695442,0.00016827694589795472,0.004982765286348037,0.0003505349643100771,0.26872257899729834,0.2687220744773048,2103
2.709224855040884,0.008312666023468194,0.00016354333526702442,0.004983861152621053,0.0003339497279901244,0.2682742914497423,0.26827378749223046,2104
2.7092610297206283,0.008306774587380952,0.00016515662988324952,0.0049842743861242085,0.0003300710324558493,0.26816785712338825,0.2681673555955543,2105
2.709233607919244,0.008324822700194325,0.00016494787212338193,0.004984488428104287,0.0003457504671037352,0.2685943665421475,0.2685938598756686,2106
2.709224423353375,0.008321025809353991,0.00016457803987002297,0.004985038080715152,0.00034521779292148063,0.26858003748439385,0.2685795346518826,2107
2.7092362573131448,0.008299889859440851,0.0001643587006071362,0.004985915720333369,0.0003312588106554708,0.26820051676891266,0.2682000157461138,2108
2.7091987563649775,0.008300739574945057,0.00016292374273393494,0.00498638879847576,0.0003352834164759308,0.26831074592898746,0.2683102420114087,2109
2.7092306700128304,0.008316639083671739,0.00016529699629448896,0.0049865172796899684,0.0003469087649209014,0.2686254869713761,0.26862498644119576,2110
2.7091833948588264,0.008301664361397681,0.00016273481740833182,0.004987301270038069,0.0003401985154275329,0.26844447113439507,0.26844396827599715,2111
2.7092182781261913,0.008289736571955414,0.00016393845702428398,0.0049880353230395205,0.00033159751155273517,0.2682098190971996,0.26820931855798386,2112
2.709175458987181,0.008295410783495372,0.0001625401650018093,0.004988341260845533,0.00033960995342707356,0.26842850925677586,0.2684280094447846,2113
2.7092021588929747,0.00830326850935193,0.00016427127166459085,0.0049887410494942755,0.0003454654700143538,0.26858670142909585,0.2685861992741311,2114
2.709171403170477,0.008286321478460557,0.0001623923911170072,0.0049894273612952145,0.00033683286340726806,0.2683530069309437,0.26835250660133714,2115
2.7091852303040436,0.008280890641327065,0.00016291661567214167,0.00499010299922154,0.00033363422296466466,0.26826565692672083,0.26826515689439545,2116
2.709168287354982,0.008289071082033783,0.0001627698335375948,0.004990405572971647,0.0003421199369157783,0.26849648444747753,0.26849598344932796,2117
2.709169645336631,0.008287822258265602,0.00016301933074200386,0.004990824254461449,0.00034307538750383954,0.2685222943369292,0.2685217943850312,2118
2.7091643129951786,0.008274558512344765,0.00016233315385169185,0.004991631456201209,0.00033518220631149486,0.26830798203821205,0.26830748148980227,2119
2.7091564363256113,0.00827281532030312,0.00016214390261776618,0.004992112856906449,0.0003361516178689858,0.26833443802981116,0.2683339390441273,2120
2.709158710622739,0.008279989662106937,0.0001628032187968225,0.004992420300324897,0.00034301281908955775,0.2685206052571064,0.26852010620586586,2121
2.709145730289603,0.008273617619506752,0.00016212926480712187,0.004993023343690589,0.00034062142150948697,0.2684559318786532,0.2684554317546372,2122
2.7091515132245005,0.008263851141435945,0.00016215073148450183,0.004993664492271796,0.0003350273055279851,0.2683037511327046,0.26830325251218823,2123
2.7091371105065822,0.008265016214853009,0.00016178693888529484,0.004994127897230007,0.00033831038261007554,0.268393215668014,0.268392716285845,2124
2.7091431741971337,0.008269132970958763,0.0001624609173376169,0.004994503521022703,0.00034269869553475284,0.26851212293430315,0.26851162409980645,2125
2.70912991108413,0.008260435959259039,0.0001616930681372833,0.004995102339770415,0.0003388163219769102,0.2684069639532681,0.2684064652586102,2126
2.709134254543409,0.008254261398091371,0.00016178540486747061,0.004995739638450409,0.00033568135382831767,0.2683216089312134,0.2683211096828155,2127
2.7091234876958468,0.0082566683910701,0.00016166092399055968,0.004996110444024363,0.0003398037554818813,0.26843376671985086,0.268433269425545,2128
2.7091252600385975,0.008257243394015673,0.00016197505197974702,0.004996562557397349,0.00034180477999523764,0.26848796311104167,0.2684874658188059,2129
2.709117339886268,0.008248806146359802,0.00016143360596848662,0.004997193617736714,0.0003377105497938152,0.2683769026169759,0.2683764042415464,2130
2.709116527520296,0.008245013001188194,0.0001614396567757883,0.0049977030239221855,0.0003367234625986217,0.26835002622882653,0.268349529106216,2131
2.709111146579971,0.00824761530808849,0.00016153420032085646,0.004998120894068687,0.00034056017774379267,0.268454272614866,0.26845377553680416,2132
2.7091082326051157,0.008245253514543336,0.0001615201509087639,0.0049986055105178655,0.0003407614017919033,0.26845972377344535,0.2684592268136193,2133
2.7091047585651795,0.008237946484947528,0.00016123131477211664,0.004999199410030394,0.00033727678726711024,0.26836509698496336,0.2683646002063083,2134
2.7091004157835177,0.008236069380433926,0.00016114803060749024,0.004999711691752169,0.00033771753979357325,0.2683770928003744,0.2683765958171803,2135
2.7090981430349634,0.008237630317492525,0.0001613548313634225,0.005000095536348756,0.00034079119506897373,0.2684605307363839,0.26846003487185427,2136
2.7090930289630015,0.008233706320826217,0.00016115281649815068,0.005000626383302788,0.00033984717417644426,0.2684349443768199,0.26843444850964,2137
2.709091340102824,0.008227921899938883,0.00016099591429257957,0.005001210669896322,0.0003372625767594132,0.2683647100918967,0.2683642139258468,2138
2.7090859848423348,0.008226879180453704,0.00016093851107863783,0.005001638844875885,0.0003385514378813108,0.26839976733226023,0.26839927194313684,2139
2.709084419795427,0.008227336634900403,0.0001611031710989466,0.0050020818675911675,0.00034065158715957837,0.2684567490951028,0.2684562538185466,2140
2.7090791850422664,0.008222699974165009,0.00016085828444919973,0.0050026286037038,0.00033916516465699333,0.2684164373497426,0.26841594229206067,2141
2.709077453305942,0.008218055180780491,0.00016077240473104094,0.005003155767230262,0.00033752714132636517,0.26837191174936254,0.26837141686470145,2142
2.709072544028591,0.008217563042657187,0.00016074594785288224,0.00500359937944621,0.00033910763095160634,0.2684148752629934,0.26841438016914393,2143
2.709070500290988,0.008216800495282216,0.00016083435125090073,0.005004046591879926,0.00034035227815846125,0.26844863892428006,0.2684481445826576,2144
2.7090659958727974,0.008212093140837543,0.0001606137564886553,0.005004591632624493,0.0003387435151397016,0.26840498614885927,0.2684044918432348,2145
2.709063600773045,0.008208504179750368,0.00016054259314446278,0.0050051015527242376,0.00033787172423825385,0.2683812873389829,0.26838079269571175,2146
2.7090594964881545,0.00820799044585286,0.00016055907454448582,0.005005520077785638,0.00033944498814011525,0.2684240328956533,0.26842353887352305,2147
2.709056777836965,0.008206357371125126,0.0001605637795652539,0.005006004673319891,0.00034000334680362766,0.26843917966731784,0.26843868594706294,2148
2.709053020500981,0.008201888988014452,0.00016038716380518684,0.005006540404939693,0.0003385255854806095,0.2683990647990763,0.2683985711996011,2149
2.7090500398899398,0.008198983560119394,0.0001603305539977905,0.005007013817967705,0.0003382296567332602,0.26839102109001184,0.268390527646323,2150
2.709046556187333,0.008198328627378182,0.0001603553976625561,0.0050074539005586635,0.0003395902963901591,0.26842797591679995,0.2684274824153537,2151
2.7090433859335876,0.008196006549579504,0.00016031202003986237,0.005007934044095051,0.0003396920593113521,0.2684307368086941,0.2684302438597662,2152
2.709040101061168,0.008191930259311966,0.00016017289585327468,0.005008455665708143,0.00033846002599322885,0.26839728311445005,0.2683967903894434,2153
2.7090368093621375,0.008189569280011523,0.00016011965315323524,0.00500892733665899,0.0003385230669151203,0.26839899635619074,0.26839850334653337,2154
2.7090336576322938,0.0081885229274511,0.00016014895649863094,0.005009351282006359,0.00033962962152510665,0.268429042881417,0.2684285502797298,2155
2.7090303011789847,0.008185859695810828,0.00016007402681934792,0.005009845554429876,0.00033944118073727693,0.2684239295682891,0.2684234373568788,2156
2.709027230618324,0.008182220813032045,0.00015995893546285483,0.005010363661601099,0.0003384770655820316,0.26839774620930595,0.2683972540502629,2157
2.709023852227351,0.008180082006765111,0.00015992157311530173,0.005010805488897603,0.00033876161759123014,0.268405477923467,0.2684049858530317,2158
2.7090208251238597,0.008178744583897299,0.00015993413285817553,0.005011243866245737,0.00033959338631675095,0.26842805975453604,0.26842756771560905,2159
2.7090174542623178,0.008175923065790269,0.00015984640781968102,0.005011740932914565,0.0003392557102582324,0.26841889546792186,0.2684184038308201,2160
2.709014445537237,0.008172610630666004,0.00015975386338885238,0.0050122360747106975,0.00033855168734038614,0.2683997741111239,0.2683992827859684,2161
2.709011100593064,0.008170646570618941,0.0001597207373181693,0.005012679370460677,0.00033892617928551403,0.2684099478349482,0.26840945630079677,2162
2.709008095283642,0.008169009226540881,0.00015971901779766016,0.005013117595581118,0.00033952677547318777,0.26842625234477124,0.26842576103951027,2163
2.70900478609637,0.008166131184924031,0.00015963067235639356,0.005013610350913263,0.00033913621516037164,0.26841565136399936,0.2684151605245591,2164
2.7090017765942425,0.008163133125133731,0.0001595494498654804,0.0050141005121571,0.00033863843283038237,0.2684021312034879,0.2684016404436726,2165
2.708998507099172,0.008161203713287796,0.00015952261934642473,0.005014531834820397,0.00033903920315479156,0.2684130172202926,0.26841252653553593,2166
2.708995490827736,0.008159358686609625,0.0001595053353679803,0.005014975672525567,0.0003394515797744849,0.26842421178163356,0.2684237212634559,2167
2.7089922611042576,0.008156517505769281,0.00015941929394785095,0.005015466593395327,0.00033906216070703953,0.2684136406152352,0.2684131503709878,2168
2.7089892385175416,0.008153722389046618,0.00015935028385495636,0.005015938999531852,0.00033873093570097534,0.2684046444057193,0.2684041544457005,2169
2.7089860464874054,0.008151813491894285,0.00015932258413810113,0.005016373569547216,0.000339106862685913,0.2684148544030604,0.2684143644114344,2170
2.708983019756171,0.008149800909822917,0.0001592947842953501,0.005016818544241077,0.0003393802443950402,0.2684222757659047,0.26842178587623927,2171
2.7089798622643606,0.008147000979436315,0.00015921611074880775,0.0050172972049401425,0.00033902803648955954,0.26841271399032635,0.26841222448083735,2172
2.7089768342336753,0.00814440048378267,0.00015915171588266425,0.00501776773995336,0.0003388099543189424,0.26840679098373593,0.26840630163595197,2173
2.7089737078582172,0.008142456508187486,0.000159124041237623,0.005018199228437012,0.0003391457647988371,0.26841591064267084,0.26841542136229973,2174
2.708970681525799,0.008140323831673067,0.00015908991603855017,0.005018640242389042,0.0003393234168767222,0.2684207333425334,0.2684202442379455,2175
2.7089675829600117,0.008137628603643301,0.00015901432999068573,0.00501911670619816,0.00033901369299418004,0.26841232448644603,0.2684118356035048,2176
2.7089645610674524,0.008135141011393485,0.0001589560275969259,0.005019576058869445,0.0003388782998563207,0.2684086474206097,0.26840815880040336,2177
2.7089614874098547,0.008133153062748881,0.00015892713626426485,0.005020005389423646,0.00033916678233777346,0.2684164812691723,0.26841599273918654,2178
2.70895847234013,0.00813097337507965,0.0001588865196055959,0.005020449573552241,0.00033927600831302275,0.26841944647140686,0.2684189579952897,2179
2.708955421119903,0.008128349526168272,0.00015881701371795758,0.0050209150669002205,0.00033901693869042593,0.26841241262546617,0.2684119244613239,2180
2.7089524148051267,0.008125945077910555,0.0001587625218511265,0.005021368320197146,0.0003389340843447768,0.2684101625290158,0.26840967459603643,2181
2.7089493840431236,0.008123929738234186,0.00015873051568792,0.005021799708797938,0.0003391736460088447,0.2684166676141164,0.26841617972261783,2182
2.70894638801466,0.008121710509478052,0.0001586878822605365,0.005022238237676267,0.00033924308655773443,0.26841855278130544,0.2684180650654089,2183
2.708943376126653,0.008119166277992447,0.0001586223951327602,0.005022696939725878,0.0003390282755104336,0.26841272048097276,0.26841223300229516,2184
2.708940391540602,0.008116824241136363,0.00015857017742931654,0.005023145300521698,0.00033897716649764647,0.26841133255627214,0.2684108452493995,2185
2.7089373973226594,0.00811477318565369,0.00015853663162522107,0.005023573403184942,0.00033917588306346175,0.26841672834852764,0.26841624119256713,2186
2.7089344250383443,0.008112551377774665,0.0001584917764313062,0.0050240112655556245,0.00033921916936404366,0.26841790350078,0.268417416472831,2187
2.70893144755924,0.008110073135723398,0.0001584302107696649,0.0050244628076206,0.0003390437835217765,0.26841314159837415,0.26841265476849013,2188
2.7089284881870443,0.008107768244047176,0.00015838036887410749,0.005024903909013312,0.00033901256134162555,0.26841229375557607,0.2684118071543151,2189
2.7089255267615435,0.00810570394923483,0.00015834398983135273,0.005025332740332429,0.00033917354966429765,0.2684166649984273,0.26841617851300886,2190
2.7089225807291775,0.008103482683539007,0.00015829884512744168,0.005025766644534568,0.00033920350762614164,0.2684174783188726,0.2684169919641652,2191
2.708919634833951,0.008101060062946478,0.0001582409401210109,0.005026210101201895,0.0003390622207239856,0.26841364224492226,0.26841315610166927,2192
2.7089167024223566,0.008098796179869397,0.0001581914623348699,0.00502664829505689,0.00033903940581045394,0.26841302272334594,0.2684125367546995,2193
2.7089137716788527,0.008096712997576359,0.00015815380047920372,0.0050270742051728885,0.00033917064242306247,0.26841658606862473,0.2684161002554812,2194
2.708910853069615,0.008094500591322204,0.00015810899201575986,0.005027503899734706,0.00033919445413149225,0.26841723253182986,0.2684167468816425,2195
2.708907937185015,0.008092138692471456,0.00015805309165607787,0.005027943341637914,0.0003390796217502314,0.2684141147425075,0.2684136292541011,2196
2.70890503247948,0.008089896470479821,0.0001580048291049403,0.005028375826292869,0.0003390618155158991,0.2684136312419875,0.26841314594740945,2197
2.708902131242752,0.008087800999137069,0.0001579661382429196,0.005028798695030653,0.000339168286985259,0.2684165221196962,0.2684160369929662,2198
2.7088992404927317,0.008085612266543273,0.00015792106491081706,0.005029226319438894,0.00033918856009869527,0.2684170725170613,0.26841658752477704,2199
2.70889635373322,0.008083295907677606,0.00015786769536065926,0.00502965934996721,0.00033909711886502363,0.26841458983700217,0.2684141050281508,2200
2.7088934769500645,0.008081073244446589,0.0001578202268973176,0.005030086998524643,0.0003390807442965795,0.26841414522307727,0.2684136605935894,2201
2.7088906045418306,0.008078976508503451,0.00015778022775933437,0.005030508044628549,0.00033916577752614644,0.2684164539889238,0.26841596950109836,2202
2.708887741714217,0.00807680636419145,0.00015773583603221838,0.005030931304826797,0.0003391862047254801,0.26841700857157536,0.26841652425900137,2203
2.708884883548248,0.008074532952380852,0.00015768443182019901,0.005031359431326558,0.0003391137048219086,0.26841504017975276,0.2684145560443759,2204
2.708882034645604,0.008072331133074769,0.00015763732856275485,0.005031783445197451,0.0003390966425641024,0.2684145769042925,0.2684140929162677,2205
2.7088791906367797,0.008070231632827843,0.0001575968313071661,0.0050322005558600886,0.00033916478776845093,0.2684164271173442,0.2684159432969022,2206
2.708876355620005,0.008068084489197175,0.0001575528319215148,0.005032620294833747,0.0003391856167734857,0.2684169926093672,0.2684165089609257,2207
2.7088735256887504,0.008065852176799991,0.00015750296065773152,0.005033044166540881,0.00033912867161024985,0.2684154465493034,0.2684149630583029,2208
2.70887070450971,0.008063667244904132,0.00015745656578274056,0.005033463355326926,0.0003391113128655024,0.26841497523390956,0.26841449191043165,2209
2.708867888589401,0.008061572217744456,0.00015741537937361883,0.005033877565057398,0.0003391646999999332,0.26841642473445737,0.2684159415722721,2210
2.7088650811985224,0.00805944761391535,0.0001573718071329505,0.0050342937817200294,0.0003391860729912238,0.26841700499514576,0.2684165219919948,2211
2.708862279222633,0.008057249300319008,0.00015732366699374885,0.005034712404219312,0.00033914288151317074,0.268415832360042,0.2684153495337755,2212
2.708859485566327,0.008055085177922607,0.00015727758935934978,0.0050351280816196145,0.0003391245804871956,0.2684153354703952,0.2684148528061559,2213
2.708856697475547,0.008052996295720224,0.000157235936870067,0.005035539281635784,0.0003391654963390769,0.26841644635479595,0.2684159638392697,2214
2.70885391750192,0.008050889780849868,0.000157193141430999,0.005035950818136537,0.0003391877539873031,0.26841705063215343,0.26841656828605065,2215
2.708851143234902,0.008048726653990302,0.0001571462043239327,0.005036365226865889,0.0003391556149954288,0.2684161780778594,0.26841569590187486,2216
2.708848376890371,0.008046584101835307,0.00015710045209536264,0.005036777444959889,0.0003391368523312898,0.2684156686637029,0.26841518664338615,2217
2.708845616389792,0.008044500957419619,0.000157058734758423,0.005037184827724219,0.00033916773899593685,0.26841650724203525,0.26841602537921133,2218
2.7088428636237882,0.00804241464210649,0.00015701638699529394,0.005037592580916653,0.0003391898211022704,0.26841710675166625,0.26841662504941577,2219
2.7088401168298124,0.008040284012701935,0.00015697055142047852,0.005038002861607897,0.00033916700806139766,0.26841648739747614,0.2684160058619529,2220
2.7088373775909824,0.008038161168562517,0.00015692540458677002,0.005038411014234434,0.00033914882292929605,0.26841599367205843,0.26841551230393906,2221
2.7088346444460423,0.008036088221485672,0.00015688348604072345,0.005038815234779393,0.0003391708822574719,0.2684165925799935,0.26841611136275273,2222
2.7088319186864522,0.008034021280589772,0.00015684153012336896,0.005039219150153029,0.00033919213577381606,0.2684171695918188,0.2684166885303756,2223
2.708829199130706,0.008031919089062785,0.00015679687450710048,0.005039624754343114,0.0003391774531029791,0.2684167709738428,0.26841629008829737,2224
2.708826486801842,0.008029818397812838,0.00015675220245966995,0.005040029344088084,0.0003391602102809282,0.26841630283962903,0.2684158221172611,2225
2.708823780776805,0.008027757519827958,0.0001567101715482557,0.00504043042208274,0.0003391749207867656,0.26841670222343744,0.26841622164771234,2226
2.708821081833384,0.00802570756906693,0.00015666869537768832,0.005040830248644744,0.0003391949295350271,0.2684172454383121,0.26841676502226586,2227
2.708818389278993,0.008023632840572278,0.00015662500743400873,0.005041231683406026,0.0003391867367937811,0.26841702301659476,0.2684165427690537,2228
2.7088157036750338,0.008021554493240324,0.000156580888295439,0.005041632591841823,0.00033917110998378535,0.2684165987626322,0.2684161186759819,2229
2.708813024532163,0.008019506381130878,0.0001565389227642949,0.005042030175088761,0.0003391799835075626,0.26841683967209257,0.2684163597404222,2230
2.7088103522243503,0.008017474188331878,0.00015649773020400546,0.005042426384953669,0.0003391979146853101,0.26841732648039096,0.26841684670287397,2231
2.7088076864332304,0.008015425169843717,0.00015645492276994232,0.005042823660505885,0.000339194982335932,0.2684172468717757,0.26841676725592395,2232
2.7088050273772226,0.008013368650361674,0.00015641149624294058,0.005043220529327479,0.0003391817120995637,0.2684168866016915,0.2684164071529049,2233
2.7088023748789403,0.008011335676047943,0.00015636957697013417,0.00504361491305572,0.00033918578556064094,0.2684169971917422,0.2684165178984532,2234
2.7087997290322847,0.008009320441576756,0.00015632863635206605,0.005044007609016498,0.0003392011536709064,0.2684174144132912,0.26841693526977023,2235
2.708797089768275,0.008007294540541627,0.00015628671036084274,0.005044400561097239,0.0003392024327444364,0.2684174491378268,0.268416970156606,2236
2.7087944570871354,0.008005260856352678,0.00015624393154522803,0.00504479360437219,0.0003391917804582983,0.2684171599455046,0.26841668112931705,2237
2.7087918309997905,0.00800324429487884,0.00015620213981122307,0.0050451847525002005,0.0003391922439865071,0.2684171725296395,0.26841669386789596,2238
2.7087892114413648,0.008001244991589657,0.0001561614860224323,0.005045573780645539,0.00033920487378202895,0.26841751540740577,0.2684170368984811,2239
2.7087865984743247,0.007999241693910576,0.00015612026012139636,0.005045962711547616,0.00033920907050827547,0.26841762934007185,0.26841715098974533,2240
2.7087839919941676,0.007997231108794094,0.0001560781282759091,0.0050463519214014015,0.0003392012371747111,0.26841741668027064,0.26841693849097026,2241
2.708781392092141,0.007995231239766283,0.0001560366277845547,0.005046739520679584,0.0003391993587190477,0.26841736568348057,0.2684168876528536,2242
2.708778798646116,0.007993248090883033,0.00015599619785185517,0.005047125094096457,0.0003392090205427121,0.2684176279836116,0.26841715010623785,2243
2.7087762117556613,0.007991266348906893,0.00015595555104706523,0.005047510235204682,0.00033921498472794736,0.2684177898980292,0.26841731217461556,2244
2.7087736312979627,0.007989278055306508,0.00015591413412700017,0.005047895448865715,0.00033921013157335654,0.26841765814574037,0.26841718058353486,2245
2.7087710573667216,0.007987296103864746,0.00015587298312313204,0.005048279514311542,0.00033920693451034215,0.2684175713521176,0.2684170939494025,2246
2.7087684898513853,0.007985329415844596,0.00015583274545474305,0.005048661759779354,0.00033921364080640007,0.2684177534136604,0.26841727616230887,2247
2.70876592882903,0.007983367583403497,0.0001557926332684248,0.005049043086684121,0.000339220435265492,0.26841793786680507,0.26841746076857204,2248
2.708763374208736,0.007981401348774052,0.00015575190064631695,0.005049424357560026,0.0003392183542084457,0.26841788137133166,0.268417404432159,2249
2.7087608260458147,0.00797943845102487,0.00015571114545312838,0.005049804892414963,0.00033921474074838424,0.26841778327455246,0.2684173064926809,2250
2.7087582842729487,0.007977488085632044,0.0001556711532065024,0.005050183715656436,0.0003392188449180671,0.26841789469288135,0.2684174180643627,2251
2.7087557489218135,0.00797554518673555,0.00015563149371815754,0.005050561368737372,0.00033922558612711073,0.26841807769901926,0.26841760122377706,2252
2.7087532199480044,0.007973600709090561,0.00015559138543828048,0.00505093883017597,0.00033922584530118665,0.2684180847348791,0.26841760841493284,2253
2.7087506973614777,0.007971657304109083,0.0001555511114605609,0.005051315694259338,0.00033922264832121835,0.26841799794552107,0.26841752178249834,2254
2.7087481811382395,0.007969723706609432,0.0001555113940425036,0.005051691083298402,0.000339224622617536,0.26841805154237375,0.26841757553420004,2255
2.7087456712704103,0.007967799182776377,0.00015547210046138629,0.005052065236121504,0.00033923058424543967,0.2684182133836439,0.26841773752673426,2256
2.7087431677492066,0.007965875507847213,0.00015543259001728096,0.0050524388966793924,0.0003392326718422093,0.2684182700556325,0.2684177943518179,2257
2.7087406705542016,0.007963951963480575,0.00015539284764426892,0.00505281203516145,0.00033923046819998284,0.2684182102333528,0.2684177346861671,2258
2.7087381796866827,0.007962035893388338,0.00015535342692586017,0.0050531840343176005,0.0003392308814723617,0.2684182214524737,0.26841774605959595,2259
2.7087356951192825,0.007960129037531112,0.00015531447230709332,0.005053554725743527,0.0003392356478663429,0.2684183508454569,0.26841787560361297,2260
2.7087332168576586,0.00795822522431896,0.0001552755141859782,0.005053924640264719,0.0003392389308579411,0.26841843996808473,0.2684179648787988,2261
2.708730744872388,0.007956321925189073,0.00015523630530217173,0.005054294101507924,0.00033923799243344634,0.26841841449293197,0.26841793955813065,2262
2.7087282791692764,0.007954423944642106,0.000155197234791747,0.005054662649353356,0.0003392375281184347,0.2684184018882865,0.2684179271070067,2263
2.7087258197208683,0.00795253439509298,0.00015515860913022398,0.005055029880619103,0.00033924094831484824,0.2684184947353156,0.2684180201058621,2264
2.708723366529759,0.007950649819949624,0.00015512012573783076,0.00505539618370703,0.00033924472823058287,0.268418597346991,0.26841812286863453,2265
2.708720919572668,0.007948766654261677,0.000155081451731597,0.005055761983862079,0.00033924509872809645,0.26841860740468987,0.2684181330784085,2266
2.708718478847474,0.007946887096198452,0.00015504279866485656,0.005056126996989143,0.0003392444267363673,0.26841858916248384,0.2684181149894989,2267
2.7087160443362035,0.007945014898559196,0.00015500449597424592,0.005056490822790858,0.00033924656337203834,0.268418647164546,0.2684181731433419,2268
2.7087136160316714,0.007943148906846867,0.00015496642748124686,0.005056853623341455,0.0003392502383015135,0.26841874692538864,0.2684182730538495,2269
2.708711193920675,0.00794128541767682,0.0001549282814834673,0.005057215763460238,0.0003392517491932517,0.2684187879403953,0.2684183142196386,2270
2.708708777991821,0.007939424704105205,0.00015489008262979594,0.005057577212043529,0.0003392513820217439,0.26841877797308344,0.26841830440463865,2271
2.7087063682356693,0.007937570139801233,0.00015485211257388297,0.00505793764553843,0.00033925250512636994,0.26841880846109134,0.2684183350435314,2272
2.7087039646380813,0.007935722158087558,0.00015481442303806934,0.005058296988743999,0.0003392556593878448,0.26841889408699243,0.2684184208187851,2273
2.708701567191616,0.007933877888724464,0.00015477676925876224,0.005058655531461762,0.0003392579528692831,0.26841895634582164,0.26841848322757295,2274
2.708699175880972,0.007932036289501192,0.0001547390419233092,0.00505901342780604,0.0003392582070093435,0.2684189632446928,0.2684184902770711,2275
2.7086967906992836,0.007930199580189706,0.00015470144147283505,0.005059370433387537,0.00033925873720867,0.2684189776374442,0.2684185048199586,2276
2.70869441163156,0.00792836924369198,0.00015466411139316576,0.005059726357704889,0.00033926115743237285,0.2684190433365138,0.2684185706682957,2277
2.70869203867022,0.007926543707782285,0.0001546269022227789,0.005060081392865191,0.00033926378565183506,0.26841911468154306,0.26841864216204386,2278
2.708689671801425,0.007924721171534,0.0001545896543856394,0.005060435740627402,0.00033926477058937045,0.26841914141835527,0.26841866904784256,2279
2.7086873110163,0.007922902565332426,0.0001545524618213964,0.005060789278862841,0.0003392651492530682,0.2684191516974335,0.26841867947631143,2280
2.708684956302612,0.007921089801282238,0.00015451548319096584,0.005061141819381228,0.00033926682928151175,0.2684191973028553,0.2684187252303724,2281
2.7086826076500614,0.007919282494015962,0.00015447867912341494,0.005061493414457924,0.0003392693851717403,0.2684192666838759,0.26841879475906777,2282
2.708680265047787,0.007917478776460452,0.00015444190149270065,0.005061844235380914,0.00033927100807938074,0.2684193107384446,0.26841883896162116,2283
2.7086779284844007,0.007915678549437685,0.00015440513954201077,0.005062194301079283,0.00033927158686583315,0.26841932644984157,0.268418854821428,2284
2.7086755979500334,0.007913883445804902,0.00015436852209884132,0.005062543466524488,0.0003392727079578926,0.2684193568823098,0.2684188854016195,2285
2.7086732734327654,0.007912093926535569,0.00015433209904388708,0.005062891661203031,0.00033927491213675467,0.2684194167154325,0.2684189453817494,2286
2.7086709549230745,0.007910308680481317,0.00015429576555126798,0.005063239006979051,0.0003392769245434157,0.2684194713426693,0.2684190001560057,2287
2.708668642409032,0.007908526952806678,0.00015425944421571685,0.00506358561125664,0.00033927790176588643,0.2684194978695372,0.2684190268299367,2288
2.7086663358810266,0.007906749641050549,0.00015422321144337582,0.005063931383077514,0.0003392787541557009,0.26841952100777056,0.26841905011497713,2289
2.7086640353275557,0.007904977658976065,0.00015418715782912425,0.0050642762034937725,0.00033928049413543045,0.26841956823965835,0.2684190974932656,2290
2.708661740738597,0.00790321050172465,0.00015415123660085257,0.005064620134680237,0.00033928259223670255,0.26841962519262275,0.26841915459218013,2291
2.7086594521031926,0.00790144717785858,0.00015411535475283336,0.005064963296020501,0.00033928399442930665,0.2684196632550464,0.26841919280044324,2292
2.708657169410879,0.007899687809636537,0.00015407952877687076,0.005065305662012866,0.00033928486787740945,0.2684196869646965,0.268419216656065,2293
2.708654892651235,0.007897933332138769,0.00015404384352861174,0.0050656471296951664,0.0003392861979326742,0.26841972306883777,0.26841925290580376,2294
2.708652621813487,0.007896183910063886,0.00015400830908101872,0.005065987693666081,0.00033928813093867406,0.2684197755398559,0.2684193055217484,2295
2.708650356887516,0.007894438729192245,0.00015397285444176546,0.005066327439324605,0.00033928983597999145,0.26841982182269936,0.26841935194942707,2296
2.708648097862447,0.00789269739351822,0.00015393744719718704,0.00506666640366247,0.000339290925271952,0.2684198513911473,0.26841938166285817,2297
2.7086458447282733,0.007890960500216482,0.00015390213970940656,0.0050670045261566815,0.0003392920186409661,0.26841988107021775,0.2684194114865026,2298
2.7086435974742447,0.00788922855945303,0.00015386697873210253,0.005067341751154188,0.00033929365931935666,0.2684199256056955,0.26841945616598245,2299
2.7086413560902707,0.007887501197268228,0.00015383193125823505,0.00506767811962008,0.000339295464762225,0.26841997461350653,0.2684195053176588,2300
2.708639120565821,0.007885777843413721,0.00015379694320344573,0.005068013701080502,0.0003392968258163241,0.2684200115585285,0.2684195424065213,2301
2.7086368908906677,0.007884058619771733,0.0001537620279013447,0.005068348477903325,0.0003392978905728436,0.26842004046067336,0.26841957145222667,2302
2.708634667054539,0.007882344057426159,0.00015372723811122064,0.005068682382225976,0.0003392992513196779,0.2684200773972228,0.26841960853195135,2303
2.7086324490471005,0.007880634229505544,0.00015369257706649754,0.0050690154156898355,0.00033930096683698364,0.2684201239636704,0.2684196552412549,2304
2.708630236858244,0.007878928672645011,0.00015365799885235537,0.00506934764063225,0.00033930252942856597,0.26842016637895993,0.26841969779921615,2305
2.70862803047761,0.00787722714320751,0.00015362348623387822,0.005069679073612815,0.00033930371985325995,0.2684201986920136,0.26841973025485255,2306
2.7086258298951797,0.007875529971859873,0.00015358907289877088,0.005070009669231025,0.00033930491460141426,0.2684202311223669,0.2684197628275229,2307
2.7086236351006714,0.007873837481485735,0.00015355478477471212,0.005070339401259422,0.00033930643572779753,0.2684202724118781,0.268419804258875,2308
2.708621446084063,0.007872149464017682,0.0001535206017688454,0.005070668299705303,0.00033930806074445013,0.2684203165212884,0.2684198485098413,2309
2.708619262835187,0.007870465553564486,0.0001534864931858993,0.0050709964011150825,0.00033930942561246664,0.2684203535691492,0.268419885699236,2310
2.708617085343998,0.007868785809160561,0.0001534524647140035,0.005071323696550361,0.00033931059941725097,0.2684203854307463,0.2684199177021785,2311
2.708614913600465,0.007867110556096003,0.00015341854628335552,0.005071650149369531,0.0003393119320417543,0.26842042160325746,0.26841995401558827,2312
2.7086127475945294,0.00786543983867822,0.00015338474386689864,0.005071975754423237,0.0003393134873681002,0.2684204638206561,0.26841999637354214,2313
2.7086105873162514,0.007863773385930334,0.00015335103143580885,0.005072300548064932,0.0003393149748383936,0.2684205041960961,0.2684200368894031,2314
2.7086084327555953,0.00786211105336996,0.000153317393697597,0.005072624550475821,0.0003393162324785655,0.2684205383330283,0.26842007116660266,2315
2.708606283902679,0.007860453007042247,0.0001532838490532827,0.005072947735056102,0.0003393174618627666,0.2684205717029295,0.26842010467647437,2316
2.70860414074754,0.007858799427035193,0.0001532504173636035,0.005073270076484615,0.0003393188806032774,0.26842061021256564,0.2684201433257094,2317
2.708602003280313,0.007857150230494993,0.0001532170884827795,0.005073591593327098,0.00033932038842015866,0.26842065113996133,0.26842018439239634,2318
2.7085998714911135,0.00785550521239311,0.00015318384105444174,0.0050739123156876365,0.00033932175520265623,0.26842068823911464,0.26842022163068363,2319
2.7085977453700916,0.00785386435501135,0.0001531506761489529,0.00507423223921669,0.00033932298439742894,0.26842072160360253,0.268420255134158,2320
2.708595624907447,0.0078522278282683,0.0001531176123778505,0.005074551338688792,0.00033932428112756047,0.2684207568011621,0.2684202904703641,2321
2.7085935100933605,0.007850595702641641,0.00015308465558686623,0.00507486960981818,0.0003393257206696873,0.2684207958750345,0.2684203296824728,2322
2.708591400918085,0.007848967840199306,0.00015305179154803807,0.005075187074025542,0.00033932715019051687,0.2684208346768141,0.2684203686222713,2323
2.7085892973718466,0.007847344117556634,0.00015301900893997518,0.0050755037464663795,0.00033932844290318604,0.26842086976511115,0.2684204038484756,2324
2.7085871994449384,0.00784572460143878,0.00015298631546950255,0.005075819616525767,0.00033932968492936456,0.2684209034775541,0.2684204376985545,2325
2.7085851071276523,0.007844109413757397,0.00015295372435340614,0.005076134666720039,0.000339331023839557,0.2684209398196606,0.268420474177906,2326
2.7085830204103134,0.007842498533077356,0.0001529212337058754,0.005076448901152569,0.0003393324415183074,0.26842097829970785,0.2684205127949097,2327
2.70858093928327,0.007840891836280874,0.0001528888303080568,0.005076762340318428,0.0003393337985569404,0.2684210151337254,0.26842054976570784,2328
2.708578863736881,0.007839289281708085,0.0001528565103526913,0.005077074990315216,0.00033933505527145984,0.26842104924458593,0.26842058401313845,2329
2.708576793761551,0.007837690949346924,0.00015282428406233726,0.005077386836030277,0.00033933632033443924,0.26842108358198397,0.26842061848680754,2330
2.7085747293476845,0.00783609690132507,0.0001527921584695714,0.005077697868161174,0.0003393376730119615,0.26842112029741844,0.2684206553381819,2331
2.7085726704857294,0.007834507083360857,0.00015276012693206132,0.005078008098542224,0.0003393390487994776,0.2684211576400474,0.26842069281646597,2332
2.7085706171661363,0.007832921405365838,0.00015272818040075443,0.005078317541356221,0.0003393403508819721,0.2684211929820512,0.2684207282939152,2333
2.7085685693793904,0.007831339868981746,0.00015269632068938283,0.005078626193804211,0.00033934159635714444,0.2684212267875173,0.2684207622346138,2334
2.708566527115999,0.007829762547886837,0.0001526645560845075,0.005078934044551524,0.0003393428782315299,0.2684212615808888,0.26842079716291245,2335
2.708564490366485,0.00782818946020148,0.0001526328883568397,0.005079241092510008,0.00033934422088942713,0.2684212980240109,0.26842083374062287,2336
2.7085624591214037,0.00782662053638735,0.00015260131078737054,0.005079547348400675,0.000339345552191024,0.26842133415882313,0.2684208700097701,2337
2.7085604333713156,0.007825055723477942,0.00015256981838628959,0.005079852820213566,0.0003393468190354824,0.2684213685440437,0.2684209045291292,2338
2.7085584131068203,0.00782349505223912,0.00015253841457904985,0.005080157503931327,0.00033934806256621583,0.268421402296411,0.26842093841537634,2339
2.7085563983185295,0.007821938570968759,0.00015250710528227966,0.00508046139157404,0.0003393493485018822,0.2684214371996835,0.26842097345220395,2340
2.7085543889970776,0.007820386263500465,0.00015247588979752928,0.005080764484725578,0.0003393506690612551,0.26842147304265473,0.268421009428432,2341
2.7085523851331224,0.00781883807276139,0.0001524447620213862,0.005081066793561189,0.0003393519617998781,0.2684215081304403,0.2684210446492322,2342
2.7085503867173384,0.007817293978171384,0.0001524137196082191,0.005081368322805491,0.00033935320594447526,0.2684215418992134,0.2684210785507839,2343
2.7085483937404264,0.007815754010009538,0.00015238276686341303,0.0050816690666359845,0.0003393544482191595,0.2684215756171713,0.2684211124012478,2344
2.7085464061931037,0.00781421819160282,0.0001523519074752311,0.005081969020089879,0.0003393557280954092,0.2684216103556505,0.26842114727193006,2345
2.7085444240661123,0.007812686498533337,0.00015232113888410313,0.005082268188073988,0.0003393570216182213,0.26842164546445896,0.26842118251264935,2346
2.7085424473502107,0.0078111588885874965,0.00015229045645870104,0.005082566578552753,0.0003393582828222683,0.2684216796960068,0.26842121687585707,2347
2.708540476036178,0.007809635354246842,0.00015225986013871976,0.005082864192283066,0.00033935951202425054,0.2684217130588947,0.2684212503701662,2348
2.7085385101148196,0.007808115921584726,0.00015222935364812054,0.005083161024486497,0.0003393607501842239,0.26842174666485846,0.2684212841072712,2349
2.7085365495769524,0.007806600600441169,0.0001521989385015994,0.005083457073872614,0.0003393620161362907,0.26842178102508796,0.26842131859833235,2350
2.708534594413421,0.007805089362042819,0.00015216861192403507,0.005083752345368881,0.0003393632823778572,0.2684218153931109,0.26842135309690723,2351
2.7085326446150817,0.0078035821751434985,0.00015213837096174278,0.005084046844145115,0.0003393645190464402,0.26842184895840915,0.26842138679251465,2352
2.70853070017282,0.007802079042260338,0.00015210821634380932,0.0050843405701085365,0.0003393657363271251,0.268421881997427,0.26842141996158264,2353
2.7085287610775333,0.007800579982999257,0.00015207815084063105,0.0050846335200337356,0.0003393669658528531,0.2684219153687355,0.2684214534626473,2354
2.7085268273201413,0.007799084995103203,0.00015204817492688006,0.005084925693878826,0.0003393682138993805,0.2684219492426665,0.26842148746604105,2355
2.7085248988915844,0.007797594051596386,0.0001520182860462134,0.005085217096261162,0.00033936945518777295,0.26842198293310937,0.26842152128567764,2356
2.7085229757828198,0.007796107132585007,0.00015198848224985635,0.0050855077310861425,0.0003393706717345253,0.26842201595196696,0.2684215544334695,2357
2.7085210579848242,0.00779462424291196,0.00015195876466077458,0.00508579759751035,0.00033937187736420254,0.2684220486744608,0.2684215872846275,2358
2.7085191454885957,0.007793145393962488,0.0001519291353106129,0.005086086693206621,0.0003393730949610898,0.2684220817217026,0.268421620460249,2359
2.7085172382851477,0.007791670578794796,0.00015189959390491504,0.005086375019491144,0.00033937432350489305,0.2684221150659986,0.2684216539326366,2360
2.708515336365515,0.007790199774721975,0.00015187013825981546,0.005086662580551833,0.0003393755421282836,0.2684221481409819,0.26842168713543507,2361
2.7085134397207495,0.007788732967320222,0.00015184076732908909,0.005086949378709642,0.000339376741300772,0.2684221806879851,0.26842171980999,2362
2.7085115483419213,0.007787270161164512,0.00015181148224284493,0.005087235413052982,0.00033937793473219353,0.2684222130791117,0.2684217523283985,2363
2.7085096622201204,0.007785811363060951,0.0001517822842345849,0.0050875206826759695,0.00033937913787811464,0.2684222457338435,0.26842178511012343,2364
2.7085077813464533,0.0077843565633548915,0.00015175317272807663,0.005087805189307482,0.0003393803465476247,0.2684222785384334,0.2684218180414169,2365
2.708505905712046,0.007782905742247704,0.00015172414609622735,0.005088088936092753,0.0003393815448324524,0.26842231106111425,0.2684218506905296,2366
2.7085040353080405,0.007781458889942502,0.00015169520371718643,0.005088371924759629,0.0003393827281159959,0.2684223431765885,0.26842188293217056,2367
2.7085021701255996,0.00778001601045015,0.00015166634646969978,0.0050886541549198675,0.0003393839081630583,0.2684223752041657,0.26842191508563557,2368
2.7085003101559004,0.007778577105673103,0.00015163757517289915,0.005088935626185621,0.0003393850953736321,0.26842240742611106,0.2684219474331795,2369
2.7084984553901403,0.007777142164654016,0.00015160888923179585,0.0050892163401932275,0.0003393862847704294,0.268422439707336,0.26842197983972016,2370
2.708496605819532,0.007775711171828231,0.00015158028732179194,0.005089496299756549,0.00033938746436609123,0.268422471722494,0.26842201197992094,2371
2.7084947614353085,0.007774284120063292,0.00015155176903950833,0.005089775506361625,0.0003393886321989395,0.26842250341834517,0.2684220438005413,2372
2.7084929222287166,0.007772861010636104,0.00015152333514758878,0.0050900539596634865,0.0003393897979652521,0.26842253505805463,0.26842207556473957,2373
2.7084910881910225,0.007771441842410651,0.00015149498616963256,0.005090331659654562,0.0003393909686530728,0.26842256683128257,0.2684221074621711,2374
2.708489259313507,0.007770026605622058,0.00015146672145034876,0.005090608608172909,0.00033939213939071375,0.26842259860580786,0.2684221393606169,2375
2.7084874355874717,0.0077686152875001005,0.0001514385399471728,0.005090884807632131,0.0003393933013150018,0.26842263014107925,0.2684221710195316,2376
2.7084856170042304,0.007767207881251629,0.0001514104414581182,0.005091160259109217,0.0003393944539234963,0.2684226614234615,0.2684222024252827,2377
2.7084838035551164,0.007765804386433592,0.00015138242655485438,0.0050914349625354625,0.0003393956048162841,0.2684226926592256,0.2684222337841351,2378
2.7084819952314803,0.007764404800806826,0.00015135449549491024,0.005091708918377515,0.0003393967586647749,0.26842272397515565,0.26842226522286655,2379
2.7084801920246866,0.007763009115214815,0.00015132664770073223,0.00509198212833509,0.0003393979113491499,0.268422755259438,0.2684222966296665,2380
2.7084783939261166,0.007761617318302552,0.00015129888239758833,0.005092254594355954,0.00033939905640124196,0.2684227863365247,0.2684223278289945,2381
2.708476600927168,0.007760229403833806,0.00015127119942295804,0.005092526317491344,0.0003394001938092067,0.26842281720609545,0.2684223588205299,2382
2.7084748130192566,0.007758845370317134,0.00015124359915047334,0.005092797298015173,0.00033940132933775284,0.26842284802460664,0.2684223897607222,2383
2.7084730301938107,0.0077574652142913085,0.00015121608172968947,0.005093067536508512,0.00033940246633135427,0.2684228788828281,0.2684224207403388,2384
2.7084712524422767,0.007756088927116448,0.00015118864669004634,0.005093337034469978,0.00033940360158102995,0.26842290969366756,0.26842245167229123,2385
2.7084694797561166,0.007754716499028476,0.00015116129339371422,0.005093605793682097,0.0003394047302346683,0.2684229403254385,0.2684224824248966,2386
2.708467712126806,0.007753347924067668,0.00015113402167368109,0.005093873815220229,0.00033940585234491674,0.2684229707795707,0.268422512999583,2387
2.708465949545839,0.007751983199437869,0.00015110683179239944,0.005094141099474414,0.00033940697229225793,0.2684230011749513,0.2684225435152342,2388
2.7084641920047225,0.007750622320970078,0.00015107972383117746,0.005094407647110925,0.0003394080926019613,0.26842303158011627,0.2684225740403853,2389
2.708462439494981,0.007749265280913031,0.00015105269738111118,0.005094673459575837,0.00033940921085537563,0.26842306192942356,0.2684226045093953,2390
2.7084606920081518,0.007747912070499467,0.00015102575191807977,0.005094938538484681,0.00033941032338458685,0.2684230921233268,0.2684226348227204,2391
2.70845894953579,0.007746562683559201,0.00015099888728523894,0.005095202884858135,0.0003394114301736783,0.26842312216139486,0.26842266497992956,2392
2.7084572120694608,0.007745217116500792,0.0001509721036365769,0.005095466499247496,0.00033941253447696175,0.26842315213194967,0.26842269506934274,2393
2.708455479600752,0.00774387536495143,0.00015094540098986798,0.005095729382442132,0.0003394136382708654,0.2684231820886313,0.2684227251445972,2394
2.708453752121257,0.007742537421685953,0.00015091877901508922,0.005095991535757575,0.00033941473987270587,0.26842321198577235,0.268422755160027,2395
2.7084520296225914,0.007741203278505255,0.00015089223728821465,0.0050962529606278515,0.00033941583650866087,0.26842324174809257,0.2684227850403546,2396
2.7084503120963817,0.007739872929250556,0.000150865775628573,0.005096513658118336,0.0003394169279751875,0.26842327137006855,0.26842281478005675,2397
2.7084485995342686,0.007738546369824382,0.00015083939409456628,0.005096773628944905,0.0003394180166229317,0.26842330091549643,0.26842284444292686,2398
2.7084468919279088,0.007737223595512109,0.00015081309268420397,0.005097032873909326,0.00033941910410512387,0.26842333042924443,0.2684228740738315,2399
2.708445189268972,0.007735904599463519,0.00015078687113999134,0.0050972913941945575,0.00033942018936292454,0.2684233598825764,0.26842290364403604,2400
2.708443491549142,0.007734589374136716,0.00015076072909238374,0.005097549191165156,0.0003394212702583141,0.26842338921746794,0.2684229330955181,2401
2.708441798760119,0.007733277913401294,0.00015073466633546887,0.005097806265939788,0.0003394223464002692,0.2684234184233076,0.26842296241766556,2402
2.7084401108936125,0.007731970212568103,0.00015070868287264297,0.005098062619299847,0.0003394234194645232,0.2684234475455742,0.2684229916559558,2403
2.7084384279413483,0.007730666266670606,0.00015068277868883587,0.005098318252048908,0.00033942449086768874,0.268423476622714,0.2684230208488344,2404
2.7084367498950677,0.007729366069356656,0.00015065695356612812,0.005098573165320348,0.0003394255600157269,0.26842350563860545,0.2684230499801803,2405
2.7084350767465217,0.0077280696135970306,0.00015063120717934684,0.005098827360420067,0.0003394266252739044,0.2684235345488835,0.2684230790056294,2406
2.7084334084874797,0.007726776893117567,0.000150605539320305,0.005099080838454593,0.00033942768613666154,0.2684235633398282,0.26842310791146196,2407
2.7084317451097193,0.007725487902782565,0.00015057994994747872,0.005099333600261778,0.00033942874374042435,0.26842359204228167,0.2684231367285194,2408
2.7084300866050337,0.0077242026375720025,0.00015055443901956832,0.005099585646694701,0.00033942979927187035,0.26842362068844966,0.2684231654890065,2409
2.7084284329652317,0.007722921091503641,0.00015052900635152114,0.005099836978842142,0.0003394308524986855,0.26842364927202766,0.2684231941866184,2410
2.7084267841821292,0.007721643257840787,0.00015050365166814275,0.005100087597921573,0.00033943190222513223,0.26842367776056486,0.26842322278890585,2411
2.708425140247561,0.007720369130246194,0.00015047837476022836,0.005100337505033911,0.000339432947878585,0.26842370613852123,0.2684232512803293,2412
2.708423501153371,0.007719098703348603,0.00015045317554004787,0.00510058670109516,0.00033943399014726625,0.2684237344245749,0.268423279679566,2413
2.7084218668914195,0.007717831972043286,0.00015042805394468515,0.005100835186992497,0.0003394350300044318,0.26842376264513934,0.26842330801302816,2414
2.7084202374535757,0.007716568930536752,0.00015040300982206164,0.005101082963751565,0.0003394360674965084,0.2684237908014748,0.2684233362819764,2415
2.7084186128317227,0.007715309572373172,0.0001503780429366156,0.0051013300325229065,0.0003394371017942621,0.26842381887107725,0.2684233644639076,2416
2.708416993017757,0.007714053891284797,0.00015035315307523135,0.005101576394420446,0.00033943813230219623,0.268423846837786,0.26842339254266157,2417
2.7084153780035867,0.0077128018817028444,0.00015032834011672073,0.0051018220504138205,0.0003394391593634217,0.26842387471091306,0.2684234205275495,2418
2.7084137677811326,0.007711553538362642,0.00015030360398355595,0.005102067001403505,0.00033944018374987696,0.2684239025114083,0.2684234484395207,2419
2.7084121623423267,0.007710308855615733,0.00015027894454459754,0.005102311248377312,0.00033944120568783987,0.2684239302454129,0.2684234762847164,2420
2.7084105616791136,0.007709067827298771,0.00015025436159302058,0.005102554792445652,0.00033944222464928986,0.2684239578985974,0.2684235040488078,2421
2.708408965783452,0.007707830447224235,0.0001502298549201581,0.005102797634717619,0.0003394432400775585,0.26842398545585505,0.26842353171668837,2422
2.7084073746473076,0.007706596709644593,0.00015020542438435087,0.005103039776188903,0.0003394442520664906,0.26842401291973306,0.2684235592909052,2423
2.708405788262664,0.007705366609162312,0.00015018106989063448,0.005103281217782464,0.0003394452611817032,0.2684240403055818,0.2684235867868081,2424
2.708404206621512,0.007704140140247065,0.0001501567913167781,0.00510352196047275,0.00033944626773794626,0.2684240676219435,0.2684236142129391,2425
2.7084026297158554,0.00770291729696025,0.00015013258848193102,0.005103762005329027,0.0003394472714593871,0.26842409486133273,0.2684236415618132,2426
2.70840105753771,0.007701698073198349,0.00015010846118931453,0.005104001353438475,0.00033944827188056825,0.26842412201111815,0.2684236688207994,2427
2.7083994900791017,0.0077004824631238585,0.0001500844092820624,0.005104240005819832,0.00033944926892383656,0.26842414906919276,0.2684236959877909,2428
2.7083979273320704,0.0076992704612422625,0.0001500604326457781,0.0051044779634277565,0.0003394502629529192,0.2684241760454279,0.2684237230726586,2429
2.7083963692886637,0.007698062062061385,0.00015003653116235286,0.005104715227227498,0.00033945125430238075,0.2684242029489034,0.26842375008448205,2430
2.708394815940943,0.0076968572597923045,0.00015001270467401997,0.005104951798246857,0.00033945224289534583,0.26842422977753333,0.2684237770211755,2431
2.70839326728098,0.007695656048452319,0.0001499889529971276,0.005105187677551913,0.00033945322838463133,0.2684242565218961,0.26842380387331777,2432
2.7083917233008585,0.007694458422192342,0.00014996527596470135,0.005105422866180915,0.00033945421059329356,0.2684242831771902,0.26842383063610753,2433
2.7083901839926705,0.007693264375425168,0.00014994167344634769,0.005105657365113451,0.0003394551897087564,0.2684243097485023,0.26842385731463125,2434
2.70838864934852,0.007692073902636551,0.00014991814532418972,0.005105891175308938,0.000339456166031834,0.26842433624399625,0.2684238839170525,2435
2.7083871193605225,0.0076908869981519344,0.00014989469145630944,0.005106124297766709,0.0003394571396208767,0.26842436266525593,0.2684239104449554,2436
2.7083855940208053,0.007689703656128955,0.0001498713116718881,0.005106356733534334,0.0003394581102557629,0.268424389006308,0.26842393689236665,2437
2.708384073321502,0.007688523870741891,0.00014984800580150154,0.005106588483655789,0.0003394590777289454,0.2684244152615204,0.26842396325365464,2438
2.7083825572547613,0.007687347636324773,0.00014982477370347282,0.005106819549126598,0.000339460042090303,0.2684244414322471,0.26842398953017316,2439
2.7083810458127378,0.007686174947327264,0.000149801615255102,0.005107049930910832,0.0003394610035671992,0.2684244675246586,0.2684240157280928,2440
2.7083795389876015,0.007685005798156884,0.0001497785303228567,0.0051072796299935575,0.0003394619622892182,0.2684244935422719,0.2684240418509303,2441
2.708378036771527,0.007683840183089908,0.00014975551874906056,0.005107508647401417,0.0003394629181565899,0.2684245194823797,0.26842406789597867,2442
2.7083765391567045,0.007682678096342412,0.00014973258036856567,0.00510773698417104,0.00033946387098613047,0.26842454534001126,0.2684240938582672,2443
2.708375046135329,0.0076815195322103855,0.00014970971503206886,0.005107964641309811,0.00033946482073473597,0.2684245711139971,0.26842411973662694,2444
2.7083735576996095,0.007680364485114217,0.00014968692260872388,0.005108191619794915,0.0003394657675379617,0.2684245968080162,0.26842414553473654,2445
2.7083720738417623,0.007679212949501379,0.00014966420296809994,0.005108417920605235,0.00033946671154228274,0.268424622426044,0.26842417125657136,2446
2.708370594554015,0.007678064919731331,0.00014964155596450363,0.005108643544745806,0.00033946765274496695,0.2684246479680065,0.2684241969020576,2447
2.7083691198286033,0.0076769203900798775,0.0001496189814404467,0.00510886849324006,0.00033946859101971044,0.2684246734304766,0.2684242224677683,2448
2.7083676496577733,0.007675779354847039,0.0001495964792428762,0.005109092767102983,0.00033946952627734555,0.26842469881103476,0.26842424795128433,2449
2.708366184033782,0.00767464180843044,0.00014957404923302562,0.005109316367325681,0.00033947045856695326,0.26842472411101326,0.2684242733539378,2450
2.708364722948893,0.0076735077452830735,0.00014955169127988847,0.005109539294886444,0.0003394713880117396,0.26842474933375593,0.2684242986790725,2451
2.708363266395381,0.007672377159819782,0.00014952940524611856,0.005109761550774366,0.0003394723146695576,0.2684247744808331,0.2684243239282589,2452
2.708361814365528,0.007671250046385554,0.0001495071909825601,0.005109983135998944,0.0003394732384812465,0.2684247995506395,0.26842434909989216,2453
2.7083603668516294,0.007670126399311158,0.00014948504833673466,0.005110204051575578,0.000339474159354339,0.2684248245406663,0.26842437419146314,2454
2.7083589238459846,0.007669006212980737,0.00014946297716463507,0.005110424298504651,0.00033947507727471695,0.2684248494505306,0.2684243992025894,2455
2.7083574853409056,0.007667889481837422,0.0001494409773322403,0.005110643877768638,0.0003394759923193862,0.2684248742823224,0.26842442413536105,2456
2.708356051328711,0.00766677620033059,0.00014941904870596412,0.005110862790349451,0.00033947690456707756,0.2684248990381787,0.2684244489919149,2457
2.7083546218017296,0.007665666362868147,0.00014939719114395638,0.005111081037244223,0.00033947781401701046,0.26842492371807847,0.2684244737722301,2458
2.708353196752298,0.007664559963823258,0.00014937540449787138,0.005111298619461688,0.0003394787206040322,0.26842494832025404,0.2684244984745394,2459
2.708351776172761,0.00766345699758258,0.00014935368862189862,0.005111515538005533,0.0003394796242825047,0.2684249728434672,0.26842452309760456,2460
2.708350360055475,0.007662357458580672,0.00014933204337817249,0.005111731793865115,0.00033948052507915813,0.2684249972884437,0.26842454764215146,2461
2.708348948392802,0.007661261341283808,0.00014931046863318466,0.005111947388022522,0.00033948142306132185,0.26842502165701093,0.2684245721100075,2462
2.708347541177111,0.007660168640144972,0.00014928896425029248,0.005112162321465894,0.00033948231826498094,0.2684250459501457,0.26842459650214984,2463
2.708346138400783,0.0076590793495820795,0.000149267530086836,0.005112376595193959,0.00033948321066493907,0.2684250701671646,0.2684246208178951,2464
2.708344740056206,0.007657993464002418,0.00014924616599823037,0.005112590210208593,0.00033948410021409964,0.26842509430678985,0.2684246450559655,2465
2.708343346135774,0.007656910977841482,0.00014922487184381892,0.0051128031675048225,0.0003394849869014563,0.26842511836872307,0.2684246692160632,2466
2.708341956631893,0.007655831885570658,0.00014920364748825183,0.0051130154680685755,0.00033948587076525677,0.2684251423540025,0.26842469329922625,2467
2.7083405715369726,0.007654756181669067,0.00014918249279741448,0.005113227112883671,0.0003394867518521114,0.2684251662638933,0.2684247173067201,2468
2.7083391908434336,0.0076536838605952805,0.00014916140763372845,0.0051134381029399574,0.0003394876301717607,0.26842519009866006,0.2684247412388094,2469
2.708337814543702,0.00765261491678948,0.00014914039185584072,0.00511364843923417,0.000339488505696026,0.2684252138575384,0.26842476509473,2470
2.708336442630215,0.007651549344699351,0.00014911944532256224,0.005113858122763131,0.0003394893783977593,0.26842523753979197,0.26842478887374577,2471
2.708335075095414,0.007650487138797828,0.00014909856789661966,0.005114067154516886,0.0003394902482847722,0.268425261145633,0.268424812576069,2472
2.708333711931749,0.007649428293576253,0.00014907775944411546,0.005114275535479342,0.00033949111539295445,0.26842528467603566,0.26842483620267416,2473
2.7083323531316794,0.0076483728035238825,0.00014905701983070334,0.00511448326663522,0.0003394919797507418,0.26842530813177196,0.26842485975433317,2474
2.7083309986876696,0.00764732066311669,0.00014903634891882787,0.005114690348975249,0.00033949284135503886,0.26842533151275816,0.26842488323096264,2475
2.708329648592192,0.0076462718668242145,0.00014901574656899037,0.005114896783493956,0.00033949370018312877,0.2684253548183781,0.2684249066319466,2476
2.7083283028377267,0.007645226409125847,0.0001489952126431717,0.005115102571183344,0.0003394945562235803,0.26842537804832184,0.2684249299569753,2477
2.7083269614167613,0.007644184284519025,0.00014897474700657141,0.005115307713029713,0.00033949540949202166,0.2684254012030138,0.26842495320647325,2478
2.708325624321789,0.007643145487512439,0.00014895434952597449,0.005115512210016738,0.0003394962600169074,0.26842542428322635,0.26842497638121315,2479
2.7083242915453116,0.007642110012611967,0.00014893402006693003,0.005115716063130567,0.0003394971078137209,0.26842544728938,0.26842499948161547,2480
2.7083229630798376,0.007641077854313909,0.00014891375849283335,0.005115919273361357,0.0003394979528755336,0.268425470221287,0.2684250225074927,2481
2.708321638917882,0.007640049007112277,0.0001488935646665552,0.005116121841700271,0.00033949879518759425,0.2684254930785473,0.2684250454584451,2482
2.7083203190519645,0.00763902346551187,0.0001488734384526151,0.005116323769135791,0.00033949963474825217,0.2684255158611164,0.2684250683344285,2483
2.7083190034746156,0.007638001224032276,0.0001488533797176228,0.005116525056653012,0.0003395004715740095,0.2684255385694424,0.26842509113589086,2484
2.708317692178371,0.007636982277199674,0.00014883338832882636,0.005116725705236155,0.00033950130568571776,0.2684255612040914,0.26842511386339857,2485
2.7083163851557703,0.007635966619535534,0.0001488134641524282,0.005116925715871362,0.0003395021370918542,0.2684255837652937,0.26842513651718225,2486
2.7083150823993645,0.007634954245555019,0.00014879360705336307,0.005117125089547145,0.0003395029657862925,0.2684256062528833,0.268425159097076,2487
2.7083137839017057,0.00763394514977551,0.00014877381689654246,0.00511732382725236,0.0003395037917607889,0.26842562866663683,0.2684251816028567,2488
2.7083124896553556,0.007632939326724907,0.00014875409354823184,0.00511752192997385,0.00033950461501837533,0.2684256510066368,0.26842520403460707,2489
2.708311199652882,0.007631936770941213,0.00014873443687616115,0.005117719398696132,0.0003395054355739099,0.26842567327328665,0.2684252263927308,2490
2.7083099138868576,0.007630937476965106,0.0001487148467483725,0.005117916234403295,0.0003395062534427578,0.2684256954670036,0.2684252486776452,2491
2.708308632349862,0.00762994143933384,0.00014869532303207663,0.00511811243808109,0.0003395070686301935,0.2684257175879311,0.268425270889494,2492
2.708307355034482,0.0076289486525823605,0.0001486758655936582,0.005118308010717033,0.0003395078811319911,0.2684257396359547,0.268425293028163,2493
2.7083060819333062,0.007627959111249041,0.0001486564742997368,0.005118502953298548,0.00033950869094437694,0.2684257616109722,0.2684253150935502,2494
2.708304813038934,0.007626972809880206,0.0001486371490181044,0.005118697266811274,0.0003395094980725558,0.2684257835131252,0.2684253370857975,2495
2.70830354834397,0.007625989743029192,0.00014861788961755,0.005118890952239331,0.00033951030252915424,0.2684258053427565,0.2684253590052477,2496
2.708302287841021,0.007625009905251259,0.00014859869596696727,0.005119084010566949,0.00033951110432577813,0.26842582710018137,0.26842538085221646,2497
2.7083010315227014,0.007624033291100001,0.00014857956793462264,0.00511927644277975,0.00033951190346635806,0.2684258487855067,0.2684254026268109,2498
2.7082997793816324,0.0076230598951280044,0.00014856050538835926,0.005119468249864373,0.0003395126999488655,0.26842587039867766,0.2684254243289764,2499
2.7082985314104397,0.00762208971189105,0.00014854150819636907,0.005119659432807122,0.0003395134937725895,0.26842589193967525,0.2684254459586941,2500
2.708297287601754,0.007621122735951402,0.00014852257622770514,0.005119849992593119,0.0003395142849432199,0.2684259134086541,0.26842546751611907,2501
2.708296047948212,0.007620158961876681,0.00014850370935211624,0.005120039930206625,0.0003395150734712665,0.2684259348058997,0.26842548900153684,2502
2.708294812442455,0.007619198384236113,0.0001484849074394132,0.005120229246632108,0.0003395158593659276,0.26842595613166187,0.2684255104151976,2503
2.7082935810771307,0.007618240997597682,0.00014846617035905362,0.005120417942854927,0.000339516642631036,0.26842597738604485,0.26842553175720574,2504
2.7082923538448913,0.0076172867965294735,0.00014844749798025527,0.0051206060198611646,0.000339517423266425,0.26842599856904437,0.2684255530275573,2505
2.7082911307383943,0.007616335775602821,0.0001484288901725326,0.005120793478636748,0.00033951820127310026,0.26842601968068797,0.2684255742262799,2506
2.7082899117503,0.007615387929393947,0.00014841034680605644,0.005120980320166813,0.0003395189766566027,0.26842604072112625,0.2684255953535248,2507
2.7082886968732787,0.007614443252483054,0.00014839186775154835,0.005121166545435888,0.00033951974942576476,0.2684260616905991,0.26842561640953166,2508
2.7082874861,0.007613501739451558,0.00014837345287983122,0.005121352155428654,0.00033952051958846996,0.26842608258932077,0.2684256373945153,2509
2.7082862794231426,0.007612563384880831,0.00014835510206148467,0.005121537151130557,0.00033952128714870473,0.2684261034173996,0.26842565830858406,2510
2.7082850768353866,0.007611628183352872,0.00014833681516696664,0.005121721533527623,0.00033952205210771005,0.2684261241748695,0.26842567915177235,2511
2.708283878329418,0.007610696129452151,0.00014831859206699188,0.005121905303605807,0.0003395228144675066,0.26842614486178556,0.2684256999241355,2512
2.708282683897929,0.007609767217766734,0.0001483004326328098,0.005122088462350496,0.00033952357423335525,0.2684261654782908,0.26842572062581666,2513
2.708281493533615,0.007608841442887861,0.0001482823367360938,0.005122271010746716,0.0003395243314128166,0.26842618602459056,0.26842574125702146,2514
2.7082803072291743,0.007607918799408237,0.00014826430424863556,0.005122452949779675,0.00033952508601289253,0.2684262065008751,0.26842576181794053,2515
2.708279124977312,0.00760699928192098,0.0001482463350420928,0.005122634280435206,0.0003395258380378787,0.26842622690726126,0.2684257823086908,2516
2.7082779467707363,0.00760608288501982,0.00014822842898808416,0.005122815003699601,0.0003395265874900537,0.26842624724381103,0.26842580272933475,2517
2.7082767726021606,0.00760516960330022,0.00014821058595845354,0.005122995120559148,0.0003395273343721462,0.2684262675105987,0.2684258230799467,2518
2.7082756024643007,0.007604259431360506,0.0001481928058254422,0.0051231746319998425,0.00033952807868900417,0.2684262877077561,0.26842584336065894,2519
2.7082744363498787,0.007603352363801661,0.00014817508846164668,0.005123353539007491,0.0003395288204472761,0.26842630783546384,0.2684258635716522,2520
2.708273274251618,0.007602448395226162,0.0001481574337397873,0.005123531842568094,0.00033952955965331374,0.2684263278938945,0.2684258837130995,2521
2.708272116162248,0.007601547520236981,0.00014813984153257294,0.0051237095436681025,0.0003395302963117894,0.26842634788317504,0.26842590378512804,2522
2.7082709620745016,0.007600649733437595,0.00014812231171270192,0.0051238866432944,0.0003395310304257572,0.26842636780338863,0.26842592378782126,2523
2.7082698119811157,0.0075997550294328725,0.00014810484415304817,0.005124063142433996,0.00033953176199836557,0.2684263876546209,0.268425943721265,2524
2.7082686658748303,0.007598863402829856,0.00014808743872679728,0.005124239042073794,0.00033953249103419277,0.2684264074369963,0.2684259635855841,2525
2.70826752374839,0.007597974848237739,0.00014807009530741862,0.005124414343200646,0.00033953321753908764,0.2684264271506738,0.2684259833809376,2526
2.7082663855945417,0.007597089360266981,0.00014805281376855932,0.005124589046801546,0.0003395339415190422,0.2684264467958161,0.2684260031074889,2527
2.7082652514060372,0.007596206933528649,0.00014803559398390143,0.005124763153863885,0.0003395346629789336,0.2684264663725559,0.26842602276537053,2528
2.70826412117563,0.007595327562634308,0.00014801843582714958,0.005124936665375481,0.0003395353819224587,0.26842648588099366,0.26842604235468354,2529
2.708262994896079,0.007594451242196571,0.0001480013391721308,0.005125109582324397,0.00033953609835304834,0.2684265053212227,0.2684260618755215,2530
2.7082618725601457,0.00759357796682956,0.0001479843038929237,0.005125281905698716,0.0003395368122750481,0.26842652469336115,0.2684260813280028,2531
2.7082607541605936,0.007592707731148984,0.0001479673298638651,0.005125453636486548,0.0003395375236938098,0.26842654399755445,0.26842610071227313,2532
2.7082596396901923,0.007591840529771718,0.00014795041695946678,0.0051256247756761705,0.00033953823261496984,0.26842656323395575,0.268426120028486,2533
2.708258529141711,0.0075909763573152895,0.00014793356505431402,0.005125795324256247,0.0003395389390435264,0.2684265824027009,0.26842613927677755,2534
2.7082574225079243,0.007590115208397657,0.00014791677402303504,0.005125965283215845,0.0003395396429835591,0.2684266015039008,0.26842615845725903,2535
2.7082563197816096,0.007589257077637335,0.00014790004374038275,0.005126134653544331,0.0003395403444389084,0.26842662053765987,0.2684261775700351,2536
2.7082552209555466,0.007588401959653993,0.0001478833740812804,0.005126303436231243,0.0003395410434137541,0.26842663950409174,0.2684261966152197,2537
2.708254126022519,0.007587549849068375,0.00014786676492087376,0.005126471632266243,0.00033954173991300674,0.26842665840332985,0.26842621559294655,2538
2.708253034975311,0.007586700740502173,0.000147850216134492,0.005126639242639183,0.000339542433941996,0.26842667723551905,0.2684262345033609,2539
2.7082519478067115,0.007585854628577622,0.00014783372759757246,0.005126806268340257,0.00033954312550579,0.26842669600079705,0.26842625334660075,2540
2.708250864509511,0.007585011507917254,0.00014781729918561306,0.005126972710360076,0.0003395438146087958,0.26842671469928364,0.26842627212278625,2541
2.7082497850765046,0.0075841713731440155,0.00014780093077420946,0.005127138569689625,0.0003395445012550854,0.2684267333310895,0.2684262908320282,2542
2.708248709500487,0.007583334218881426,0.00014778462223909362,0.005127303847320159,0.0003395451854487816,0.26842675189632675,0.26842630947443924,2543
2.7082476377742575,0.007582500039753753,0.00014776837345619354,0.005127468544243136,0.0003395458671945763,0.26842677039512286,0.26842632805014705,2544
2.7082465698906173,0.007581668830385851,0.00014775218430160888,0.005127632661450248,0.00033954654649750895,0.2684267888276148,0.2684263465592889,2545
2.7082455058423682,0.007580840585403092,0.00014773605465155594,0.005127796199933542,0.00033954722336258444,0.2684268071939385,0.2684263650020013,2546
2.7082444456223183,0.007580015299430951,0.00014771998438233355,0.005127959160685473,0.00033954789779442105,0.2684268254942196,0.26842638337840985,2547
2.708243389223274,0.007579192967095041,0.00014770397337033497,0.005128121544698909,0.00033954856979731166,0.26842684372857467,0.26842640168863163,2548
2.708242336638045,0.007578373583021169,0.00014768802149206666,0.005128283352967061,0.00033954923937544923,0.26842686189711773,0.26842641993278105,2549
2.7082412878594444,0.0075775571418355715,0.0001476721286241923,0.0051284445864834514,0.0003395499065333497,0.2684268799999715,0.268426438110981,2550
2.7082402428802848,0.007576743638164834,0.00014765629464352003,0.005128605246241911,0.0003395505712757789,0.2684268980372655,0.2684264562233615,2551
2.708239201693383,0.007575933066635672,0.0001476405194269997,0.005128765333236603,0.0003395512336076641,0.2684269160091336,0.2684264742700566,2552
2.7082381642915583,0.007575125421874861,0.0001476248028516793,0.005128924848462104,0.00033955189353375887,0.268426933915705,0.2684264922511959,2553
2.7082371306676283,0.007574320698509052,0.00014760914479468881,0.005129083792913446,0.00033955255105849556,0.26842695175710013,0.2684265101669002,2554
2.7082361008144153,0.007573518891164848,0.00014759354513326235,0.0051292421675860865,0.00033955320618621863,0.2684269695334371,0.2684265280172879,2555
2.708235074724743,0.007572719994468914,0.0001475780037447452,0.005129399973475867,0.00033955385892128694,0.2684269872448343,0.26842654580247777,2556
2.7082340523914348,0.007571924003047869,0.00014756252050663346,0.005129557211578981,0.0003395545092683334,0.26842700489141774,0.26842656352259614,2557
2.708233033807319,0.007571130911528255,0.0001475470952965545,0.00512971388289198,0.0003395551572321691,0.26842702247331807,0.2684265811777739,2558
2.7082320189652216,0.007570340714536514,0.00014753172799223595,0.005129869988411883,0.0003395558028175498,0.26842703999066453,0.26842659876814084,2559
2.708231007857973,0.007569553406698809,0.00014751641847148938,0.005130025529136171,0.000339556446029035,0.26842705744358103,0.2684266162938211,2560
2.7082300004784035,0.007568768982640899,0.00014750116661222285,0.0051301805060627904,0.0003395570868710656,0.26842707483218825,0.2684266337549357,2561
2.708228996819346,0.007567987436988265,0.00014748597229244603,0.005130334920190133,0.00033955772534802523,0.2684270921566053,0.2684266511516041,2562
2.7082279968736316,0.007567208764366072,0.00014747083539028903,0.005130488772517011,0.00033955836146443456,0.2684271094169551,0.2684266684839495,2563
2.708227000634096,0.007566432959399144,0.00014745575578400036,0.005130642064042679,0.00033955899522494933,0.26842712661336404,0.26842668575209894,2564
2.7082260080935754,0.007565660016712025,0.00014744073335193447,0.005130794795766852,0.0003395596266343114,0.26842714374596105,0.2684267029561813,2565
2.7082250192449053,0.0075648899309286935,0.00014742576797253422,0.005130946968689728,0.0003395602556971398,0.2684271608148716,0.2684267200963227,2566
2.708224034080924,0.007564122696672514,0.00014741085952433704,0.005131098583812006,0.00033956088241796366,0.2684271778202188,0.2684267371726464,2567
2.7082230525944686,0.007563358308566267,0.00014739600788596277,0.005131249642134891,0.00033956150680121785,0.2684271947621231,0.2684267541852735,2568
2.708222074778381,0.007562596761232142,0.00014738121293613626,0.005131400144660078,0.00033956212885137435,0.2684272116407061,0.26842677113432556,2569
2.7082211006254995,0.00756183804929169,0.00014736647455369017,0.005131550092389744,0.0003395627485730073,0.268427228456092,0.26842678801992753,2570
2.708220130128665,0.007561082167365954,0.00014735179261754955,0.00513169948632658,0.0003395633659707606,0.26842724520840705,0.2684268048422057,2571
2.70821916328072,0.007560329110075209,0.0001473371670067327,0.005131848327473786,0.0003395639810492658,0.26842726189777705,0.26842682160128645,2572
2.7082182000745063,0.007559578872038813,0.00014732259760035475,0.005131996616835085,0.0003395645938131258,0.2684272785243271,0.26842683829729513,2573
2.708217240502867,0.00755883144787535,0.00014730808427760764,0.005132144355414751,0.00033956520426686385,0.26842729508818003,0.268426854930355,2574
2.7082162845586457,0.007558086832202465,0.0001472936269177651,0.005132291544217593,0.0003395658124149173,0.2684273115894565,0.268426871500587,2575
2.7082153322346842,0.00755734501963697,0.00014727922540019726,0.0051324381842489854,0.0003395664182618238,0.26842732802827973,0.268426888008115,2576
2.7082143835238286,0.007556606004794839,0.0001472648796043557,0.005132584276514841,0.00033956702181214355,0.26842734440477367,0.268426904453063,2577
2.7082134384189236,0.007555869782291007,0.00014725058940979455,0.005132729822021613,0.00033956762307051644,0.26842736071906437,0.2684269208355574,2578
2.7082124969128123,0.007555136346739404,0.0001472363546961381,0.005132874821776333,0.00033956822204150074,0.26842737697127567,0.2684269371557227,2579
2.7082115589983404,0.007554405692752771,0.0001472221753431035,0.005133019276786591,0.00033956881872968946,0.26842739316153236,0.26842695341368383,2580
2.7082106246683533,0.007553677814942737,0.00014720805123048206,0.005133163188060576,0.0003395694131396082,0.2684274092899574,0.2684269696095642,2581
2.708209693915695,0.007552952707919853,0.00014719398223813783,0.005133306556607096,0.0003395700052757865,0.26842742535667385,0.26842698574348733,2582
2.708208766733211,0.0075522303662935485,0.00014717996824599835,0.0051334493834355515,0.00033957059514266424,0.26842744136180235,0.26842700181557416,2583
2.7082078431137475,0.007551510784671919,0.00014716600913409757,0.005133591669555905,0.0003395711827448549,0.26842745730546824,0.26842701782595035,2584
2.7082069230501484,0.007550793957661729,0.00014715210478254858,0.0051337334159787225,0.00033957176808696197,0.2684274731877966,0.2684270337747414,2585
2.708206006535258,0.007550079879868485,0.0001471382550715306,0.005133874623715198,0.0003395723511735583,0.2684274890089116,0.2684270496620721,2586
2.7082050935619213,0.007549368545896332,0.00014712445988129678,0.005134015293777164,0.00033957293200922485,0.2684275047689378,0.268427065488067,2587
2.708204184122984,0.007548659950348057,0.00014711071909215685,0.005134155427177109,0.00033957351059846495,0.26842752046799745,0.26842708125284886,2588
2.708203278211287,0.0075479540878249434,0.00014709703258449755,0.005134295024928137,0.0003395740869457717,0.26842753610621267,0.2684270969565404,2589
2.708202375819676,0.007547250952926717,0.00014708340023878743,0.005134434088043981,0.0003395746610557078,0.2684275516837074,0.2684271125992657,2590
2.7082014769409932,0.007546550540251614,0.00014706982193555783,0.005134572617539018,0.0003395752329328177,0.2684275672006051,0.26842712818114883,2591
2.708200581568082,0.007545852844396327,0.000147056297555416,0.005134710614428295,0.00033957580258170704,0.2684275826570309,0.2684271437023151,2592
2.7081996896937826,0.007545157859955976,0.0001470428269790244,0.005134848079727537,0.0003395763700069366,0.26842759805310873,0.2684271591628889,2593
2.708198801310937,0.007544465581524026,0.00014702941008711375,0.005134985014453146,0.0003395769352130694,0.2684276133889625,0.26842717456299464,2594
2.708197916412386,0.0075437760036921745,0.00014701604676046985,0.005135121419622196,0.00033957749820461697,0.26842762866471476,0.26842718990275516,2595
2.708197034990971,0.007543089121050374,0.00014700273687994712,0.005135257296252434,0.0003395780589860933,0.2684276438804882,0.2684272051822934,2596
2.7081961570395268,0.007542404928186772,0.00014698948032647468,0.005135392645362292,0.00033957861756209206,0.26842765903640753,0.2684272204017349,2597
2.708195282550895,0.007541723419687744,0.00014697627698102188,0.005135527467970926,0.0003395791739371312,0.26842767413259555,0.26842723556120246,2598
2.708194411517911,0.007541044590137904,0.00014696312672462792,0.005135661765098205,0.0003395797281158106,0.2684276891691772,0.2684272506608216,2599
2.7081935439334117,0.007540368434119858,0.00014695002943838234,0.005135795537764694,0.0003395802801026667,0.2684277041462757,0.2684272657007159,2600
2.7081926797902316,0.007539694946214254,0.00014693698500344406,0.005135928786991672,0.00033958082990227914,0.26842771906401547,0.2684272806810101,2601
2.708191819081205,0.007539024120999759,0.00014692399330101417,0.0051360615138011465,0.0003395813775191721,0.2684277339225194,0.2684272956018277,2602
2.7081909617991644,0.007538355953053036,0.0001469110542123545,0.005136193719215875,0.0003395819229579108,0.2684277487219115,0.26842731046329293,2603
2.708190107936941,0.007537690436948669,0.0001468981676187705,0.005136325404259355,0.0003395824662230094,0.2684277634623144,0.2684273252655289,2604
2.7081892574873656,0.007537027567259182,0.00014688533340162727,0.005136456569955827,0.00033958300731902914,0.268427778143852,0.26842734000865986,2605
2.7081884104432654,0.0075363673385548625,0.0001468725514423463,0.005136587217330267,0.00033958354625056195,0.268427792766649,0.26842735469281115,2606
2.70818756679747,0.007535709745403897,0.00014685982162238823,0.005136717347408432,0.0003395840830221589,0.2684278073308291,0.2684273693181065,2607
2.7081867265428046,0.007535054782372169,0.00014684714382327073,0.0051368469612168375,0.00033958461763839966,0.26842782183651664,0.2684273838846709,2608
2.7081858896720927,0.007534402444023372,0.00014683451792654788,0.005136976059782789,0.0003395851501038191,0.2684278362838348,0.268427398392628,2609
2.7081850561781584,0.00753375272491885,0.0001468219438138167,0.005137104644134369,0.0003395856804229356,0.26842785067290637,0.2684274128421008,2610
2.708184226053823,0.007533105619617536,0.0001468094213667357,0.005137232715300429,0.0003395862086003494,0.26842786500385624,0.26842742723321467,2611
2.7081833992919035,0.007532461122676036,0.00014679695046699933,0.005137360274310627,0.00033958673464061593,0.26842787927680817,0.268427441566094,2612
2.70818257588522,0.0075318192286485,0.00014678453099633616,0.005137487322195423,0.0003395872585482762,0.2684278934918855,0.2684274558408623,2613
2.7081817558265877,0.007531179932086658,0.00014677216283652983,0.005137613859986083,0.0003395877803279387,0.2684279076492134,0.2684274700576452,2614
2.708180939108821,0.00753054322753969,0.00014675984586938874,0.0051377398887147005,0.0003395882999841283,0.26842792174891483,0.26842748421656615,2615
2.708180125724731,0.007529909109554214,0.0001467475799767682,0.00513786540941418,0.00033958881752141476,0.26842793579111385,0.26842749831774965,2616
2.7081793156671283,0.00752927757267426,0.0001467353650405646,0.00513799042311825,0.00033958933294437195,0.2684279497759347,0.2684275123613203,2617
2.708178508928822,0.007528648611441169,0.00014672320094270613,0.005138114930861466,0.00033958984625754923,0.26842796370350097,0.268427526347402,2618
2.7081777055026155,0.007528022220393682,0.00014671108756516234,0.005138238933679243,0.00033959035746554725,0.2684279775739376,0.2684275402761204,2619
2.7081769053813147,0.007527398394067889,0.00014669902478992193,0.005138362432607848,0.0003395908665729114,0.26842799138736806,0.2684275541475992,2620
2.7081761085577214,0.007526777126997047,0.00014668701249901623,0.005138485428684398,0.0003395913735842033,0.26842800514391624,0.26842756796196265,2621
2.7081753150246333,0.007526158413711591,0.0001466750505745102,0.005138607922946856,0.0003395918785040033,0.26842801884370654,0.2684275817193358,2622
2.708174524774848,0.0075255422487391236,0.0001466631388985036,0.005138729916434055,0.00033959238133689365,0.2684280324868634,0.2684275954198434,2623
2.7081737378011597,0.007524928626604404,0.00014665127735311598,0.005138851410185707,0.00033959288208742805,0.26842804607351056,0.26842760906360963,2624
2.7081729540963617,0.007524317541829307,0.0001466394658205004,0.005138972405242415,0.00033959338076019704,0.26842805960377264,0.2684276226507594,2625
2.7081721736532436,0.0075237089889327365,0.00014662770418283845,0.005139092902645666,0.0003395938773597993,0.26842807307777455,0.26842763618141824,2626
2.7081713964645893,0.00752310296243065,0.0001466159923223262,0.005139212903437852,0.0003395943718907662,0.2684280864956394,0.26842764965570975,2627
2.708170622523187,0.007522499456835906,0.0001466043301211989,0.005139332408662248,0.0003395948643576986,0.26842809985749205,0.26842766307375904,2628
2.7081698518218174,0.007521898466658301,0.0001465927174617077,0.005139451419363038,0.00033959535476515236,0.26842811316345633,0.26842767643569043,2629
2.708169084353258,0.0075212999864044585,0.00014658115422613995,0.005139569936585303,0.00033959584311775914,0.268428126413658,0.2684276897416302,2630
2.7081683201102864,0.007520704010577957,0.00014656964029679636,0.005139687961375066,0.0003395963294200953,0.2684281396082213,0.26842770299170304,2631
2.708167559085677,0.0075201105336792275,0.00014655817555598517,0.0051398054947793,0.0003395968136767332,0.2684281527472705,0.26842771618603345,2632
2.7081668012721973,0.00751951955020541,0.0001465467598860426,0.005139922537845891,0.00033959729589223305,0.2684281658309294,0.2684277293247459,2633
2.7081660466626176,0.007518931054650352,0.00014653539316933134,0.0051400390916236565,0.00033959777607121214,0.26842817885932335,0.26842774240796613,2634
2.708165295249702,0.007518345041504569,0.0001465240752882274,0.005140155157162355,0.00033959825421825727,0.268428191832577,0.2684277554358191,2635
2.7081645470262106,0.007517761505255274,0.0001465128061251233,0.005140270735512708,0.00033959873033796554,0.26842820475081514,0.26842776840843025,2636
2.7081638019849033,0.007517180440386327,0.00014650158556242537,0.005140385827726402,0.0003395992044349483,0.268428217614163,0.26842778132592515,2637
2.708163060118535,0.007516601841378128,0.00014649041348254645,0.0051405004348560965,0.000339599676513774,0.2684282304227447,0.2684277941884282,2638
2.708162321419857,0.007516025702707656,0.00014647928976792063,0.005140614557955408,0.0003396001465790438,0.2684282431766852,0.268427806996065,2639
2.708161585881618,0.007515452018848328,0.0001464682143009926,0.005140728198078942,0.0003396006146353672,0.2684282558761096,0.26842781974896124,2640
2.7081608534965644,0.007514880784270057,0.00014645718696421967,0.005140841356282276,0.00033960108068735776,0.2684282685211432,0.2684278324472424,2641
2.7081601242574376,0.007514311993439193,0.0001464462076400575,0.005140954033621999,0.00033960154473957374,0.26842828111190986,0.2684278450910329,2642
2.7081593981569765,0.007513745640818377,0.00014643527621099222,0.005141066231155676,0.00033960200679669433,0.2684282936485366,0.2684278576804601,2643
2.708158675187914,0.007513181720866684,0.000146424392559497,0.0051411779499419006,0.00033960246686329216,0.2684283061311476,0.2684278702156489,2644
2.708157955342984,0.007512620228039541,0.00014641355656805073,0.0051412891910402785,0.00033960292494395025,0.2684283185598673,0.2684278826967241,2645
2.708157238614914,0.007512061156788531,0.0001464027681191511,0.005141399955511414,0.00033960338104331713,0.268428330934822,0.2684278951238122,2646
2.7081565249964274,0.007511504501561468,0.0001463920270952951,0.0051415102444169365,0.00033960383516600445,0.26842834325613685,0.2684279074970391,2647
2.708155814480245,0.007510950256802394,0.00014638133337897997,0.005141620058819511,0.00033960428731662185,0.26842835552393707,0.2684279198165303,2648
2.7081551070590844,0.007510398416951533,0.0001463706868527041,0.005141729399782854,0.0003396047374997893,0.2684283677383481,0.2684279320824118,2649
2.7081544027256568,0.0075098489764451985,0.00014636008739896881,0.005141838268371721,0.00033960518572014514,0.2684283798994959,0.26842794429481,2650
2.7081537014726718,0.007509301929715741,0.00014634953490027245,0.005141946665651907,0.0003396056319822869,0.26842839200750535,0.26842795645385026,2651
2.708153003292835,0.007508757271191625,0.00014633902923911796,0.00514205459269027,0.0003396060762908714,0.26842840406250285,0.2684279685596593,2652
2.708152308178848,0.007508214995297184,0.0001463285702980026,0.00514216205055472,0.00033960651865051864,0.2684284160646139,0.26842798061236317,2653
2.708151616123405,0.0075076750964528285,0.00014631815795941648,0.005142269040314257,0.0003396069590658488,0.2684284280139639,0.2684279926120879,2654
2.7081509271192017,0.007507137569074859,0.00014630779210584864,0.005142375563038944,0.00033960739754149827,0.2684284399106788,0.2684280045589597,2655
2.708150241158926,0.007506602407575434,0.00014629747261978373,0.005142481619799922,0.00033960783408210765,0.26842845175488456,0.26842801645310504,2656
2.708149558235262,0.007506069606362527,0.00014628719938370225,0.005142587211669425,0.0003396082686923299,0.2684284635467076,0.26842802829465084,2657
2.7081488783408902,0.007505539159840014,0.000146276972280069,0.005142692339720785,0.00033960870137679744,0.2684284752862736,0.2684280400837233,2658
2.708148201468486,0.007505011062407506,0.00014626679119134292,0.005142797005028446,0.00033960913214015705,0.26842848697370886,0.2684280518204491,2659
2.7081475276107225,0.0075044853084603146,0.00014625665599997655,0.00514290120866794,0.000339609560987072,0.2684284986091399,0.26842806350495524,2660
2.708146856760266,0.007503961892389452,0.00014624656658840255,0.005143004951715928,0.0003396099879221482,0.26842851019269187,0.2684280751373673,2661
2.708146188909779,0.007503440808581584,0.0001462365228390581,0.00514310823525017,0.00033961041295007757,0.2684285217244921,0.2684280867178131,2662
2.70814552405192,0.007502922051418958,0.00014622652463435276,0.005143211060349559,0.00033961083607549075,0.26842853320466636,0.268428098246419,2663
2.708144862179342,0.007502405615279432,0.00014621657185669715,0.005143313428094133,0.0003396112573031164,0.26842854463334304,0.2684281097233137,2664
2.7081442032846947,0.007501891494536518,0.00014620666438846136,0.005143415339565077,0.0003396116766375382,0.2684285560106466,0.26842812114862225,2665
2.7081435473606215,0.007501379683559083,0.00014619680211201585,0.0051435167958447095,0.00033961209408343374,0.268428567336704,0.26842813252247216,2666
2.7081428943997636,0.007500870176711526,0.00014618698490971628,0.005143617798016497,0.0003396125096454788,0.26842857861164227,0.26842814384499064,2667
2.7081422443947525,0.007500362968353603,0.00014617721266390034,0.005143718347165064,0.0003396129233283674,0.2684285898355888,0.268428155116306,2668
2.708141597338222,0.007499858052840528,0.00014616748525687879,0.005143818444376199,0.00033961333513675694,0.2684286010086701,0.2684281663365447,2669
2.7081409532227942,0.0074993554245228545,0.0001461578025709491,0.005143918090736864,0.0003396137450753273,0.2684286121310132,0.26842817750583475,2670
2.7081403120410905,0.007498855077746473,0.00014614816448838073,0.005144017287335205,0.0003396141531487644,0.26842862320274535,0.2684281886243035,2671
2.708139673785725,0.007498357006852525,0.00014613857089142151,0.005144116035260548,0.0003396145593617298,0.2684286342239931,0.2684281996920782,2672
2.7081390384493083,0.007497861206177416,0.00014612902166230216,0.005144214335603405,0.0003396149637189259,0.26842864519488413,0.26842821070928696,2673
2.7081384060244456,0.007497367670052733,0.0001461195166832222,0.005144312189455483,0.00033961536622504094,0.2684286561155457,0.2684282216760575,2674
2.7081377765037358,0.007496876392805235,0.00014611005583636328,0.005144409597909693,0.00033961576688477116,0.2684286669861054,0.26842823259251786,2675
2.7081371498797733,0.007496387368756794,0.00014610063900387496,0.005144506562060151,0.00033961616570281914,0.26842867780669083,0.26842824345879623,2676
2.7081365261451475,0.007495900592224405,0.00014609126606787899,0.005144603083002194,0.0003396165626838649,0.2684286885774291,0.26842825427502015,2677
2.7081359052924427,0.007495416057520137,0.00014608193691046837,0.005144699161832384,0.00033961695783262327,0.26842869929844815,0.26842826504131806,2678
2.7081352873142372,0.00749493375895104,0.0001460726514137108,0.005144794799648491,0.000339617351153801,0.26842870996987583,0.2684282757578183,2679
2.7081346722031037,0.00749445369081913,0.00014606340945964445,0.005144889997549534,0.00033961774265213126,0.26842872059184064,0.2684282864246499,2680
2.7081340599516097,0.0074939758474214324,0.0001460542109302636,0.005144984756635773,0.0003396181323322862,0.2684287311644694,0.26842829704194004,2681
2.7081334505523182,0.00749350022304984,0.0001460450557075437,0.005145079078008708,0.00033961852019900727,0.2684287416878909,0.26842830760981806,2682
2.7081328439977845,0.007493026811991111,0.00014603594367341757,0.00514517296277109,0.00033961890625699103,0.26842875216223255,0.268428318128412,2683
2.708132240280561,0.007492555608526807,0.00014602687470979705,0.005145266412026923,0.00033961929051101383,0.2684287625876241,0.2684283285978519,2684
2.7081316393931916,0.007492086606933374,0.00014601784869853877,0.0051453594268814915,0.0003396196729657437,0.26842877296419226,0.26842833901826507,2685
2.708131041328216,0.0074916198014819526,0.00014600886552147628,0.005145452008441336,0.0003396200536259448,0.2684287832920664,0.26842834938978133,2686
2.7081304460781674,0.007491155186438448,0.00014599992506040117,0.00514554415781428,0.00033962043249634847,0.2684287935713749,0.26842835971252965,2687
2.708129853635575,0.007490692756063423,0.00014599102719706677,0.005145635876109427,0.0003396208095816802,0.2684288038022461,0.26842836998663877,2688
2.7081292639929595,0.007490232504612077,0.00014598217181319015,0.0051457271644371715,0.0003396211848867082,0.26842881398480944,0.26842838021223875,2689
2.7081286771428377,0.007489774426334263,0.00014597335879044362,0.0051458180239092035,0.00033962155841616804,0.2684288241191935,0.2684283903894585,2690
2.7081280930777187,0.00748931851547442,0.00014596458801045681,0.005145908455638515,0.0003396219301747995,0.26842883420552693,0.26842840051842726,2691
2.708127511790107,0.0074888647662714695,0.00014595585935482015,0.005145998460739405,0.000339622300167369,0.26842884424393915,0.26842841059927497,2692
2.7081269332725015,0.007488413172958912,0.00014594717270507653,0.005146088040327487,0.0003396226683986183,0.26842885423455887,0.26842842063213074,2693
2.7081263575173913,0.007487963729764654,0.00014593852794272873,0.005146177195519693,0.0003396230348733178,0.2684288641775156,0.2684284306171248,2694
2.708125784517265,0.007487516430911054,0.00014592992494923525,0.005146265927434275,0.00033962339959625045,0.2684288740729392,0.26842844055438725,2695
2.708125214264599,0.007487071270614885,0.0001459213636060017,0.0051463542371908205,0.00033962376257215597,0.2684288839209583,0.26842845044404745,2696
2.7081246467518687,0.007486628243087236,0.00014591284379439064,0.005146442125910262,0.00033962412380582953,0.26842889372170314,0.26842846028623596,2697
2.7081240819715386,0.007486187342533621,0.0001459043653957147,0.005146529594714874,0.00033962448330204987,0.2684289034753034,0.26842847008108317,2698
2.7081235199160707,0.007485748563153741,0.00014589592829123723,0.005146616644728283,0.00033962484106560606,0.2684289131818891,0.2684284798287194,2699
2.7081229605779176,0.0074853118991415986,0.0001458875323621641,0.005146703277075468,0.0003396251971012359,0.26842892284158887,0.26842848952927395,2700
2.7081224039495275,0.007484877344685359,0.0001458791774896655,0.005146789492882763,0.00033962555141377974,0.2684289324545341,0.2684284991828787,2701
2.708121850023341,0.007484444893967429,0.00014587086355484974,0.005146875293277884,0.00033962590400804087,0.26842894202085515,0.26842850878966434,2702
2.708121298791791,0.007484014541164324,0.00014586259043876545,0.005146960679389918,0.00033962625488875733,0.2684289515406807,0.26842851834976034,2703
2.7081207502473066,0.007483586280446684,0.00014585435802241865,0.005147045652349325,0.00033962660406078364,0.2684289610141425,0.26842852786329874,2704
2.7081202043823085,0.00748316010597924,0.0001458461661867538,0.0051471302132879634,0.0003396269515289173,0.26842897044137076,0.2684285373304103,2705
2.7081196611892095,0.007482736011920705,0.00014583801481265837,0.00514721436333908,0.0003396272972979514,0.26842897982249564,0.26842854675122585,2706
2.708119120660418,0.007482313992423879,0.00014582990378096718,0.005147298103637322,0.0003396276413727428,0.26842898915764896,0.2684285561258775,2707
2.708118582788333,0.007481894041635438,0.00014582183297244913,0.0051473814353187415,0.0003396279837580643,0.2684289984469603,0.2684285654544956,2708
2.70811804756535,0.007481476153696023,0.0001458138022678224,0.005147464359520796,0.00033962832445877264,0.26842900769056144,0.2684285747372122,2709
2.7081175149838534,0.007481060322740165,0.00014580581154774035,0.005147546877382363,0.0003396286634796735,0.2684290168885829,0.26842858397415864,2710
2.7081169850362254,0.007480646542896305,0.0001457978606927916,0.005147628990043754,0.00033962900082560536,0.268429026041156,0.26842859316546624,2711
2.708116457714836,0.007480234808286618,0.00014578994958351266,0.005147710698646693,0.00033962933650142285,0.2684290351484125,0.26842860231126786,2712
2.708115933012051,0.007479825113027116,0.00014578207810037188,0.005147792004334351,0.00033962967051196863,0.26842904421048386,0.2684286114116953,2713
2.7081154109202292,0.00747941745122759,0.00014577424612376676,0.0051478729082513365,0.00033963000286206876,0.2684290532275011,0.26842862046687993,2714
2.708114891431722,0.0074790118169915185,0.00014576645353403972,0.005147953411543712,0.0003396303335565987,0.26842906219959656,0.26842862947695467,2715
2.708114374538873,0.0074786082044160694,0.00014575870021146366,0.0051480335153589775,0.00033963066260040916,0.2684290711269019,0.26842863844205184,2716
2.7081138602340182,0.007478206607592043,0.00014575098603624158,0.005148113220846109,0.00033963098999834274,0.26842908000954857,0.26842864736230326,2717
2.7081133485094875,0.007477807020603835,0.0001457433108885157,0.0051481925291555364,0.0003396313157552994,0.2684290888476696,0.26842865623784257,2718
2.708112839357602,0.007477409437529497,0.00014573567464834964,0.0051482714414391685,0.0003396316398761075,0.268429097641396,0.26842866506880136,2719
2.7081123327706758,0.007477013852440512,0.00014572807719574597,0.005148349958850382,0.0003396319623656588,0.2684291063908606,0.2684286738553129,2720
2.708111828741016,0.007476620259401973,0.00014572051841063488,0.0051484280825440515,0.0003396322832288533,0.2684291150961964,0.26842868259751074,2721
2.708111327260923,0.007476228652472379,0.00014571299817287415,0.005148505813676528,0.00033963260247057265,0.26842912375753586,0.26842869129552793,2722
2.708110828322687,0.0074758390257037115,0.000145705516362244,0.0051485831534056675,0.000339632920095684,0.26842913237501115,0.26842869994949703,2723
2.7081103319185926,0.0074754513731413175,0.00014569807285845865,0.005148660102890818,0.00033963323610910193,0.26842914094875564,0.2684287085595521,2724
2.708109838040917,0.007475065688823937,0.00014569066754115356,0.005148736663292844,0.00033963355051572436,0.2684291494789023,0.2684287171258265,2725
2.708109346681928,0.007474681966783622,0.0001456833002898889,0.005148812835774113,0.0003396338633204391,0.26842915796558375,0.26842872564845344,2726
2.7081088578338863,0.007474300201045733,0.00014567597098415257,0.0051488886214985236,0.00033963417452818927,0.2684291664089342,0.26842873412756774,2727
2.708108371489045,0.0074739203856288815,0.00014566867950335072,0.005148964021631482,0.0003396344841438587,0.26842917480908624,0.26842874256330246,2728
2.70810788763965,0.007473542514544961,0.0001456614257268133,0.005149039037339941,0.00033963479217237604,0.2684291831661736,0.2684287509557919,2729
2.708107406277937,0.007473166581798946,0.0001456542095337907,0.005149113669792384,0.0003396350986186723,0.2684291914803301,0.2684287593051704,2730
2.7081069273961367,0.007472792581389103,0.00014564703080345418,0.005149187920158841,0.00033963540348767217,0.2684291997516895,0.26842876761157225,2731
2.7081064509864703,0.00747242050730675,0.00014563988941489176,0.005149261789610884,0.00033963570678430656,0.26842920798038555,0.2684287758751317,2732
2.708105977041151,0.007472050353536314,0.00014563278524711384,0.005149335279321646,0.000339636008513533,0.26842921616655285,0.26842878409598386,2733
2.708105505552382,0.00747168211405527,0.00014562571817904572,0.005149408390465817,0.00033963630868029686,0.2684292243103256,0.2684287922742637,2734
2.708105036512362,0.007471315782834136,0.0001456186880895265,0.005149481124219655,0.00033963660728954123,0.268429232411838,0.26842880041010575,2735
2.7081045699132793,0.007470951353836406,0.00014561169485731042,0.005149553481760996,0.00033963690434620126,0.268429240471224,0.26842880850364453,2736
2.708104105747314,0.007470588821018506,0.00014560473836107603,0.005149625464269231,0.00033963719985527344,0.2684292484886192,0.2684288165550162,2737
2.708103644006639,0.00747022817832981,0.0001455978184794045,0.005149697072925363,0.00033963749382171947,0.2684292564641583,0.26842882456435596,2738
2.708103184683416,0.007469869419712562,0.00014559093509079347,0.005149768308911967,0.00033963778625049494,0.2684292643979757,0.26842883253179906,2739
2.7081027277698024,0.007469512539101903,0.00014558408807364872,0.005149839173413228,0.000339638077146576,0.2684292722902066,0.2684288404574808,2740
2.708102273257944,0.007469157530425728,0.00014557727730629645,0.005149909667614914,0.00033963836651496114,0.26842928014098655,0.2684288483415376,2741
2.7081018211399797,0.007468804387604728,0.00014557050266696383,0.005149979792704408,0.0003396386543606266,0.2684292879504507,0.26842885618410495,2742
2.7081013714080386,0.0074684531045523935,0.00014556376403379172,0.005150049549870719,0.0003396389406885832,0.268429295718735,0.2684288639853195,2743
2.7081009240542433,0.007468103675174896,0.00014555706128482643,0.005150118940304459,0.00033963922550381737,0.26842930344597477,0.268428871745317,2744
2.708100479070705,0.0074677560933710885,0.00014555039429802255,0.005150187965197871,0.00033963950881134004,0.26842931113230606,0.26842887946423416,2745
2.7081000364495273,0.007467410353032481,0.00014554376295124435,0.005150256625744827,0.00033963979061617857,0.2684293187778653,0.2684288871422079,2746
2.7080995961828065,0.007467066448043216,0.0001455371671222522,0.0051503249231408385,0.0003396400709233214,0.2684293263827879,0.26842889477937426,2747
2.708099158262629,0.007466724372279975,0.00014553060668872194,0.005150392858583058,0.00033964034973780626,0.2684293339472105,0.26842890237587036,2748
2.708098722681071,0.007466384119612029,0.00014552408152822513,0.00515046043327028,0.00033964062706464814,0.26842934147126934,0.268428909931833,2749
2.7080982894302026,0.00746604568390114,0.0001455175915182412,0.00515052764840296,0.0003396409029088909,0.26842934895510123,0.2684289174473995,2750
2.7080978585020836,0.007465709059001545,0.00014551113653615133,0.005150594505183204,0.0003396411772755783,0.2684293563988431,0.2684289249227074,2751
2.708097429888763,0.007465374238759963,0.00014550471645923408,0.005150661004814787,0.00033964145016974394,0.2684293638026315,0.26842893235789395,2752
2.7080970035822842,0.0074650412170155,0.000145498331164669,0.005150727148503164,0.0003396417215964419,0.26842937116660365,0.2684289397530967,2753
2.708096579574679,0.007464709987599678,0.00014549198052953716,0.005150792937455459,0.00033964199156073034,0.2684293784908968,0.2684289471084536,2754
2.708096157857972,0.007464380544336323,0.0001454856644308177,0.005150858372880481,0.0003396422600676797,0.2684293857756486,0.26842895442410275,2755
2.708095738424176,0.0074640528810416135,0.0001454793827453873,0.005150923455988727,0.00033964252712236466,0.2684293930209968,0.26842896170018266,2756
2.708095321265298,0.007463726991523978,0.00014547313535001485,0.005150988187992381,0.0003396427927298352,0.26842940022707834,0.2684289689368306,2757
2.708094906373333,0.007463402869584143,0.00014546692212137247,0.005151052570105339,0.0003396430568952007,0.268429407394032,0.26842897613418604,2758
2.708094493740268,0.0074630805090150016,0.00014546074293601878,0.005151116603543191,0.0003396433196235174,0.2684294145219949,0.2684289832923867,2759
2.70809408335808,0.007462759903601665,0.00014545459767041242,0.0051511802895232404,0.0003396435809198907,0.2684294216111057,0.2684289904115717,2760
2.7080936752187372,0.007462441047121347,0.00014544848620090626,0.005151243629264513,0.00033964384078943193,0.2684294286615031,0.2684289974918804,2761
2.708093269314199,0.007462123933343443,0.00014544240840373883,0.005151306623987747,0.00033964409923722006,0.2684294356733249,0.26842900453345103,2762
2.708092865636413,0.007461808556029401,0.0001454363641550475,0.005151369274915426,0.00033964435626839104,0.2684294426467105,0.26842901153642373,2763
2.70809246417732,0.00746149490893273,0.00014543035333085356,0.005151431583271742,0.00033964461188804214,0.2684294495817982,0.2684290185009373,2764
2.7080920649288487,0.007461182985798956,0.00014542437580707498,0.005151493550282654,0.0003396448661013176,0.2684294564787277,0.268429025427132,2765
2.7080916678829206,0.007460872780365586,0.00014541843145951232,0.005151555177175844,0.00033964511891333937,0.2684294633376379,0.26842903231514736,2766
2.7080912730314464,0.007460564286362118,0.00014541252016385425,0.005151616465180763,0.00033964537032922916,0.26842947015866786,0.26842903916512284,2767
2.7080908803663264,0.007460257497509939,0.00014540664179568156,0.005151677415528603,0.0003396456203541436,0.2684294769419575,0.26842904597719913,2768
2.708090489879452,0.007459952407522311,0.00014540079623045875,0.005151738029452328,0.0003396458689932353,0.2684294836876467,0.26842905275151663,2769
2.7080901015627052,0.007459649010104424,0.00014539498334353152,0.005151798308186663,0.0003396461162516322,0.26842949039587455,0.268429059488215,2770
2.708089715407958,0.0074593472989532015,0.00014538920301013756,0.005151858252968102,0.00033964636213451967,0.2684294970667818,0.26842906618743556,2771
2.7080893314070713,0.0074590472677574125,0.00014538345510539417,0.005151917865034927,0.0003396466066470462,0.2684295037005082,0.2684290728493186,2772
2.7080889495518976,0.007458748910197593,0.00014537773950430282,0.005151977145627204,0.00033964684979440735,0.26842951029719475,0.2684290794740057,2773
2.708088569834278,0.007458452219946001,0.00014537205608174803,0.005152036095986779,0.00033964709158177623,0.2684295168569818,0.26842908606163784,2774
2.708088192246045,0.007458157190666596,0.0001453664047124906,0.005152094717357313,0.00033964733201433003,0.26842952338000986,0.26842909261235615,2775
2.708087816779021,0.007457863816015017,0.0001453607852711742,0.005152153010984253,0.0003396475710972685,0.26842952986642005,0.26842909912630214,2776
2.7080874434250157,0.007457572089638537,0.00014535519763232273,0.005152210978114862,0.0003396478088357852,0.2684295363163533,0.26842910560361766,2777
2.7080870721758337,0.00745728200517596,0.00014534964167034115,0.005152268619998197,0.0003396480452350962,0.2684295427299512,0.2684291120444445,2778
2.7080867030232643,0.007456993556257781,0.0001453441172595062,0.005152325937885155,0.00033964828030040345,0.26842954910735484,0.26842911844892453,2779
2.7080863359590883,0.007456706736505932,0.00014533862427397595,0.005152382933028438,0.0003396485140369148,0.2684295554487056,0.2684291248171998,2780
2.7080859709750786,0.007456421539533876,0.00014533316258779104,0.005152439606682579,0.0003396487464498996,0.2684295617541465,0.26842913114941375,2781
2.708085608062994,0.007456137958946593,0.00014532773207485243,0.00515249596010396,0.0003396489775445537,0.2684295680238185,0.268429137445708,2782
2.708085247214585,0.0074558559883404815,0.00014532233260894934,0.00515255199455079,0.00033964920732613816,0.2684295742578644,0.268429143706226,2783
2.708084888421592,0.007455575621303388,0.00014531696406372912,0.005152607711283136,0.000339649435799857,0.2684295804564254,0.26842914993110945,2784
2.7080845316757447,0.007455296851414479,0.0001453116263127289,0.0051526631115629004,0.000339649662970998,0.268429586619645,0.26842915612050233,2785
2.7080841769687605,0.007455019672244317,0.00014530631922935136,0.005152718196653849,0.00033964988884483066,0.2684295927476662,0.26842916227454855,2786
2.708083824292348,0.007454744077354775,0.0001453010426868654,0.005152772967821613,0.00033965011342658956,0.26842959884063106,0.26842916839339054,2787
2.7080834736382067,0.007454470060298983,0.0001452957965584192,0.005152827426333679,0.00033965033672157493,0.2684296048986834,0.2684291744771726,2788
2.708083124998022,0.007454197614621385,0.00014529058071702212,0.005152881573459413,0.00033965055873503577,0.26842961092196566,0.26842918052603804,2789
2.7080827783634707,0.007453926733857622,0.00014528539503556092,0.005152935410470065,0.000339650779472303,0.2684296169106225,0.26842918654013204,2790
2.708082433726219,0.00745365741153454,0.00014528023938677946,0.005152988938638758,0.00033965099893861937,0.2684296228647962,0.2684291925195973,2791
2.7080820910779213,0.007453389641170124,0.00014527511364329987,0.005153042159240509,0.00033965121713931803,0.2684296287846315,0.2684291984645794,2792
2.7080817504102224,0.007453123416273531,0.00014527001767760506,0.005153095073552233,0.0003396514340797032,0.2684296346702723,0.26842920437522266,2793
2.708081411714755,0.007452858730344992,0.00014526495136204338,0.005153147682852736,0.0003396516497650853,0.26842964052186274,0.2684292102516719,2794
2.7080810749831423,0.007452595576875846,0.00014525991456882837,0.005153199988422739,0.000339651864200779,0.268429646339547,0.2684292160940719,2795
2.708080740206996,0.007452333949348483,0.0001452549071700342,0.005153251991544872,0.000339652077392107,0.2684296521234696,0.26842922190256757,2796
2.7080804073779157,0.007452073841236201,0.000145249929037612,0.005153303693503665,0.00033965228934444133,0.2684296578737762,0.26842922767730554,2797
2.7080800764874904,0.007451815246003399,0.00014524498004335782,0.005153355095585586,0.00033965250006308823,0.2684296635906109,0.2684292334184304,2798
2.7080797475273006,0.007451558157105374,0.00014524006005893844,0.005153406199079021,0.0003396527095534034,0.26842966927411893,0.26842923912608785,2799
2.708079420488914,0.0074513025679883455,0.0001452351689558818,0.0051534570052742925,0.0003396529178207608,0.2684296749244462,0.26842924480042435,2800
2.7080790953638845,0.00745104847208946,0.00014523030660557105,0.005153507515463665,0.0003396531248705016,0.2684296805417376,0.2684292504415857,2801
2.708078772143759,0.007450795862836695,0.00014522547287925422,0.005153557730941339,0.0003396533307080245,0.26842968612613965,0.2684292560497188,2802
2.708078450820071,0.007450544733648856,0.0001452206676480328,0.005153607653003457,0.000339653535338687,0.26842969167779773,0.26842926162496966,2803
2.708078131384343,0.007450295077935544,0.00014521589078286693,0.005153657282948127,0.0003396537387678632,0.26842969719685766,0.2684292671674848,2804
2.7080778138280865,0.007450046889097161,0.00014521114215457816,0.005153706622075401,0.00033965394100096815,0.2684297026834664,0.2684292726774116,2805
2.7080774981428024,0.007449800160524824,0.00014520642163384242,0.005153755671687303,0.00033965414204341056,0.2684297081377707,0.2684292781548976,2806
2.708077184319978,0.007449554885600371,0.0001452017290911871,0.005153804433087826,0.0003396543419005809,0.2684297135599168,0.26842928360008966,2807
2.7080768723510915,0.00744931105769633,0.00014519706439699534,0.005153852907582936,0.00033965454057788817,0.2684297189500515,0.26842928901313506,2808
2.7080765622276073,0.007449068670175876,0.0001451924274215086,0.005153901096480585,0.000339654738080782,0.26842972430832274,0.2684292943941825,2809
2.7080762539409817,0.00744882771639282,0.00014518781803481308,0.005153949001090701,0.0003396549344146529,0.2684297296348767,0.26842929974337865,2810
2.7080759474826563,0.007448588189691545,0.00014518323610685613,0.005153996622725201,0.0003396551295849733,0.26842973492986194,0.2684293050608728,2811
2.7080756428440624,0.007448350083406987,0.00014517868150743402,0.005154043962697997,0.00033965532359717457,0.2684297401934258,0.26842931034681283,2812
2.7080753400166198,0.007448113390864637,0.0001451741541061908,0.005154091022325004,0.0003396555164567045,0.2684297454257161,0.2684293156013471,2813
2.708075038991736,0.0074478781053804975,0.00014516965377262467,0.005154137802924141,0.00033965570816903954,0.2684297506268815,0.268429320824625,2814
2.7080747397608063,0.007447644220261088,0.00014516518037607643,0.005154184305815344,0.0003396558987396214,0.2684297557970696,0.2684293260167949,2815
2.7080744423152177,0.0074474117288032705,0.00014516073378574273,0.005154230532320553,0.00033965608817394506,0.26842976093642956,0.26842933117800616,2816
2.7080741466463403,0.0074471806242943925,0.00014515631387066277,0.0051542764837637384,0.00033965627647747056,0.2684297660451095,0.26842933630840793,2817
2.708073852745536,0.007446950900012226,0.00014515192049972922,0.005154322161470887,0.00033965646365572143,0.2684297711232593,0.2684293414081505,2818
2.7080735606041535,0.007446722549224829,0.00014514755354167293,0.005154367566770026,0.0003396566497141682,0.26842977617102737,0.26842934647738304,2819
2.70807327021353,0.007446495565190638,0.00014514321286507567,0.005154412700991213,0.00033965683465832203,0.2684297811885633,0.26842935151625574,2820
2.7080729815649907,0.007446269941158382,0.00014513889833836426,0.00515445756546655,0.0003396570184937189,0.2684297861760173,0.2684293565249193,2821
2.708072694649848,0.007446045670367073,0.0001451346098298031,0.005154502161530182,0.00033965720122583747,0.26842979113353804,0.2684293615035231,2822
2.708072409459405,0.007445822746045961,0.00014513034720751186,0.005154546490518303,0.0003396573828602585,0.2684297960612769,0.26842936645221904,2823
2.7080721259849474,0.007445601161414496,0.00014512611033944134,0.005154590553769173,0.0003396575634024873,0.26842980095938335,0.26842937137115747,2824
2.708071844217756,0.007445380909682383,0.00014512189909338173,0.005154634352623108,0.0003396577428580353,0.26842980582800685,0.2684293762604882,2825
2.708071564149092,0.007445161984049417,0.00014511771333698047,0.005154677888422485,0.0003396579212325079,0.26842981066729954,0.2684293811203643,2826
2.70807128577021,0.007444944377705561,0.00014511355293771107,0.005154721162511757,0.0003396580985314309,0.26842981547741135,0.26842938595093613,2827
2.7080710090723508,0.007444728083830897,0.00014510941776289495,0.005154764176237455,0.00033965827476040367,0.2684298202584942,0.2684293907523562,2828
2.7080707340467405,0.007444513095595536,0.00014510530767968888,0.005154806930948188,0.00033965844992498465,0.26842982501069895,0.2684293955247762,2829
2.708070460684597,0.0074442994061597,0.00014510122255508639,0.005154849427994654,0.00033965862403075486,0.268429829734177,0.268429400268348,2830
2.708070188977124,0.007444087008673589,0.00014509716225592127,0.005154891668729641,0.0003396587970833199,0.26842983442908047,0.2684294049832243,2831
2.70806991891551,0.007443875896277442,0.00014509312664886376,0.005154933654508032,0.0003396589690882649,0.2684298390955609,0.2684294096695576,2832
2.708069650490936,0.007443666062101408,0.00014508911560041693,0.005154975386686816,0.0003396591400511994,0.2684298437337705,0.26842941432750045,2833
2.7080693836945673,0.007443457499265647,0.00014508512897692098,0.005155016866625086,0.00033965930997772705,0.2684298483438613,0.2684294189572056,2834
2.708069118517559,0.0074432502008801756,0.00014508116664455403,0.005155058095684043,0.00033965947887348825,0.26842985292598637,0.26842942355882676,2835
2.7080688549510503,0.0074430441600449,0.0001450772284693246,0.005155099075226998,0.0003396596467441009,0.26842985748029813,0.2684294281325171,2836
2.708068592986173,0.0074428393698496,0.00014507331431707764,0.005155139806619398,0.0003396598135952176,0.26842986200694996,0.26842943267843034,2837
2.70806833261404,0.007442635823373906,0.00014506942405348848,0.005155180291228801,0.0003396599794324829,0.268429866506095,0.26842943719672063,2838
2.708068073825756,0.0074424335136871935,0.00014506555754406386,0.005155220530424901,0.0003396601442615516,0.26842987097788673,0.26842944168754185,2839
2.708067816612413,0.007442232433848705,0.00014506171465414515,0.005155260525579533,0.00033966030808810704,0.2684298754224793,0.26842944615104886,2840
2.708067560965088,0.007442032576907329,0.00014505789524889864,0.005155300278066662,0.00033966047091778565,0.2684298798400257,0.2684294505873953,2841
2.708067306874846,0.007441833935901771,0.00014505409919332351,0.005155339789262414,0.0003396606327562892,0.2684298842306806,0.26842945499673654,2842
2.70806705433274,0.007441636503860391,0.00014505032635224788,0.005155379060545049,0.00033966079360929914,0.26842988859459815,0.2684294593792274,2843
2.7080668033298108,0.007441440273801222,0.00014504657659032932,0.005155418093294985,0.0003396609534825193,0.26842989293193315,0.26842946373502313,2844
2.7080665538570834,0.007441245238731938,0.0001450428497720511,0.005155456888894798,0.00033966111238164343,0.26842989724284005,0.26842946806427914,2845
2.708066305905573,0.007441051391649819,0.00014503914576172443,0.005155495448729231,0.00033966127031238364,0.26842990152747387,0.2684294723671508,2846
2.708066059466281,0.007440858725541762,0.00014503546442349105,0.00515553377418519,0.0003396614272804807,0.26842990578599035,0.2684294766437947,2847
2.7080658145301943,0.0074406672333842145,0.00014503180562131185,0.005155571866651763,0.0003396615832916426,0.2684299100185444,0.2684294808943663,2848
2.7080655710882895,0.007440476908143185,0.00014502816921897724,0.005155609727520213,0.00033966173835162447,0.2684299142252921,0.2684294851190224,2849
2.708065329131528,0.007440287742774167,0.0001450245550801005,0.005155647358183977,0.0003396618924661712,0.2684299184063894,0.26842948931791955,2850
2.7080650886508595,0.007440099730222122,0.00014502096306812264,0.00515568476003869,0.0003396620456410482,0.2684299225619927,0.2684294934912148,2851
2.7080648496372186,0.0074399128634215685,0.00014501739304629462,0.0051557219344821785,0.00033966219788197986,0.26842992669225735,0.2684294976390642,2852
2.7080646120815284,0.007439727135296389,0.00014501384487770617,0.005155758882914465,0.00033966234919477045,0.2684299307973408,0.268429501761626,2853
2.7080643759746996,0.007439542538759858,0.00014501031842525925,0.005155795606737765,0.00033966249958518736,0.2684299348773995,0.268429505859057,2854
2.7080641413076276,0.007439359066714669,0.00014500681355168285,0.0051558321073565125,0.00033966264905903695,0.2684299389325911,0.2684295099315158,2855
2.7080639080711966,0.007439176712052881,0.00014500333011951933,0.005155868386177339,0.00033966279762209485,0.2684299429630722,0.26842951397915943,2856
2.708063676256275,0.0074389954676558605,0.00014499986799114102,0.005155904444609101,0.00033966294528019403,0.26842994696900113,0.26842951800214704,2857
2.7080634458537203,0.007438815326394319,0.0001449964270287279,0.005155940284062862,0.0003396630920391182,0.2684299509505348,0.2684295220006362,2858
2.7080632168543755,0.007438636281128235,0.00014499300709428474,0.005155975905951931,0.0003396632379047066,0.2684299549078316,0.2684295259747859,2859
2.7080629892490706,0.0074384583247068285,0.00014498960804963843,0.005156011311691822,0.0003396633828828064,0.26842995884105025,0.26842952992475555,2860
2.708062763028622,0.007438281449968573,0.00014498622975642208,0.005156046502700294,0.000339663526979222,0.2684299627503482,0.26842953385070323,2861
2.7080625381838326,0.007438105649741151,0.00014498287207609687,0.005156081480397344,0.00033966367019982926,0.26842996663588486,0.2684295377527891,2862
2.7080623147054927,0.007437930916841446,0.00014497953486993463,0.005156116246205204,0.0003396638125504899,0.2684299704978193,0.2684295416311728,2863
2.7080620925843757,0.007437757244075465,0.000144976217999021,0.005156150801548366,0.00033966395403704915,0.2684299743363101,0.2684295454860137,2864
2.7080618718112475,0.007437584624238411,0.0001449729213242595,0.005156185147853558,0.0003396640946653973,0.2684299781515171,0.2684295493174722,2865
2.7080616523768537,0.007437413050114508,0.00014496964470636712,0.005156219286549769,0.0003396642344414062,0.26842998194359957,0.2684295531257084,2866
2.7080614342719325,0.007437242514477187,0.0001449663880058728,0.005156253219068252,0.0003396643733709724,0.26842998571271753,0.2684295569108827,2867
2.708061217487203,0.007437073010088814,0.0001449631510831256,0.0051562869468425145,0.00033966451146001686,0.2684299894590316,0.2684295606731567,2868
2.708061002013374,0.007436904529700909,0.00014495993379827732,0.005156320471308337,0.0003396646487144237,0.2684299931827015,0.2684295644126907,2869
2.70806078784114,0.00743673706605395,0.00014495673601129657,0.005156353793903775,0.00033966478514012836,0.2684299968838882,0.2684295681296463,2870
2.7080605749611806,0.007436570611877404,0.00014495355758196353,0.005156386916069161,0.0003396649207430498,0.2684300005627523,0.2684295718241848,2871
2.7080603633641633,0.0074364051598897205,0.00014495039836986777,0.005156419839247105,0.0003396650555291356,0.2684300042194552,0.2684295754964683,2872
2.7080601530407407,0.007436240702798317,0.00014494725823440834,0.005156452564882505,0.00033966518950432327,0.26843000785415794,0.2684295791466585,2873
2.7080599439815507,0.007436077233299506,0.0001449441370347935,0.005156485094422551,0.00033966532267456654,0.2684300114670221,0.26842958277491774,2874
2.708059736177221,0.007435914744078505,0.00014494103463004226,0.005156517429316717,0.0003396654550458213,0.2684300150582093,0.26842958638140807,2875
2.7080595296183594,0.007435753227809389,0.00014493795087898418,0.005156549571016787,0.0003396655866240904,0.26843001862788235,0.2684295899662933,2876
2.7080593242955646,0.007435592677155131,0.0001449348856402476,0.005156581520976846,0.00033966571741530935,0.2684300221762023,0.2684295935297351,2877
2.70805912019942,0.007435433084767519,0.00014493183877227868,0.005156613280653277,0.0003396658474255137,0.26843002570333296,0.26842959707189784,2878
2.708058917320495,0.007435274443287111,0.0001449288101333211,0.005156644851504781,0.00033966597666066554,0.26843002920943604,0.26842960059294396,2879
2.708058715649345,0.007435116745343283,0.0001449257995814332,0.005156676234992368,0.00033966610512680675,0.26843003269467547,0.26842960409303807,2880
2.7080585151765106,0.0074349599835541675,0.00014492280697447202,0.005156707432579375,0.00033966623282993195,0.2684300361592139,0.2684296075723436,2881
2.7080583158925187,0.007434804150526627,0.00014491983217010358,0.005156738445731456,0.00033966635977607696,0.2684300396032151,0.268429611031025,2882
2.708058117787883,0.007434649238856296,0.00014491687502579258,0.0051567692759166015,0.0003396664859712774,0.2684300430268428,0.26842961446924646,2883
2.708057920853102,0.007434495241127422,0.00014491393539881026,0.0051567999246051165,0.0003396666114215527,0.26843004643026036,0.26842961788717223,2884
2.70805772507866,0.007434342149912993,0.0001449110131462391,0.005156830393269662,0.00033966673613301416,0.26843004981363355,0.26842962128496883,2885
2.7080575304550263,0.007434189957774594,0.00014490810812495023,0.005156860683385224,0.0003396668601116772,0.2684300531771256,0.2684296246628002,2886
2.7080573369726593,0.0074340386572624905,0.00014490522019162667,0.005156890796429133,0.0003396669833636286,0.2684300565209016,0.268429628020832,2887
2.7080571446219994,0.007433888240915515,0.00014490234920274726,0.005156920733881068,0.0003396671058949287,0.2684300598451261,0.2684296313592294,2888
2.708056953393474,0.007433738701261127,0.00014489949501459782,0.005156950497223068,0.0003396672277117012,0.2684300631499651,0.26842963467815933,2889
2.7080567632774972,0.0074335900308153124,0.00014489665748326308,0.005156980087939511,0.00033966734882004537,0.26843006643558415,0.2684296379777879,2890
2.708056574264468,0.007433442222082614,0.00014489383646461992,0.005157009507517151,0.0003396674692260357,0.26843006970214806,0.26842964125828056,2891
2.708056386344769,0.00743329526755609,0.0001448910318143576,0.005157038757445088,0.0003396675889358206,0.26843007294982363,0.268429644519805,2892
2.7080561995087717,0.007433149159717329,0.0001448882433879545,0.0051570678392148,0.0003396677079555218,0.26843007617877696,0.2684296477625279,2893
2.708056013746831,0.007433003891036394,0.00014488547104068972,0.005157096754320143,0.00033966782629126093,0.2684300793891741,0.26842965098661614,2894
2.7080558290492887,0.007432859453971773,0.00014488271462764345,0.005157125504257327,0.0003396679439492027,0.2684300825811824,0.2684296541922375,2895
2.708055645406471,0.007432715840970437,0.00014487997400368892,0.005157154090524963,0.0003396680609354955,0.2684300857549686,0.26842965737955965,2896
2.70805546280869,0.007432573044467763,0.00014487724902349734,0.005157182514624028,0.00033966817725629786,0.26843008891069975,0.26842966054875034,2897
2.708055281246243,0.0074324310568875,0.00014487453954153997,0.00515721077805789,0.00033966829291779907,0.26843009204854384,0.2684296636999782,2898
2.7080551007094127,0.007432289870641796,0.00014487184541207978,0.005157238882332306,0.0003396684079261679,0.2684300951686682,0.26842966683341135,2899
2.708054921188468,0.007432149478131171,0.00014486916648917469,0.005157266828955429,0.0003396685222875916,0.26843009827124076,0.2684296699492183,2900
2.7080547426736623,0.007432009871744462,0.00014486650262668092,0.0051572946194378055,0.000339668636008286,0.2684301013564301,0.26842967304756843,2901
2.7080545651552335,0.00743187104385885,0.00014486385367824838,0.005157322255292387,0.00033966874909446506,0.2684301044244048,0.2684296761286311,2902
2.708054388623407,0.007431732986839798,0.0001448612194973167,0.005157349738034527,0.0003396688615523385,0.26843010747533336,0.26842967919257543,2903
2.7080542130683924,0.007431595693041031,0.00014485859993712538,0.005157377069181988,0.0003396689733881488,0.26843011050938514,0.2684296822395715,2904
2.708054038480384,0.007431459154804577,0.0001448559948507002,0.0051574042502549435,0.00033966908460810564,0.26843011352672863,0.2684296852697885,2905
2.7080538648495622,0.007431323364460641,0.00014485340409086875,0.005157431282775979,0.00033966919521851514,0.2684301165275349,0.26842968828339825,2906
2.708053692166091,0.007431188314327722,0.00014485082751023988,0.005157458168270103,0.0003396693052255849,0.2684301195119724,0.26842969128057,2907
2.708053520420122,0.007431053996712473,0.00014484826496122114,0.005157484908264751,0.00033966941463560863,0.2684301224802118,0.26842969426147506,2908
2.708053349601791,0.007430920403909754,0.00014484571629600642,0.005157511504289776,0.0003396695234548514,0.2684301254324232,0.2684296972262841,2909
2.7080531797012175,0.00743078752820262,0.00014484318136658296,0.0051575379578774685,0.0003396696316896049,0.26843012836877717,0.2684297001751687,2910
2.7080530107085075,0.0074306553618622,0.0001448406600247287,0.005157564270562544,0.00033966973934617496,0.2684301312894449,0.2684297031083006,2911
2.708052842613752,0.0074305238971477845,0.00014483815212201024,0.0051575904438821586,0.0003396698464308533,0.268430134194597,0.2684297060258512,2912
2.708052675407027,0.007430393126306814,0.00014483565750978314,0.005157616479375905,0.00033966995294995415,0.26843013708440483,0.26842970892799256,2913
2.708052509078393,0.007430263041574729,0.00014483317603919464,0.005157642378585821,0.00033967005890982025,0.26843013995904047,0.2684297118148975,2914
2.7080523436178954,0.007430133635175159,0.00014483070756117638,0.005157668143056396,0.000339670164316772,0.2684301428186754,0.2684297146867382,2915
2.7080521790155663,0.007430004899319678,0.0001448282519264509,0.005157693774334551,0.0003396702691771603,0.2684301456634819,0.26842971754368766,2916
2.70805201526142,0.007429876826207972,0.0001448258089855269,0.0051577192739696845,0.0003396703734973383,0.26843014849363234,0.2684297203859191,2917
2.708051852345458,0.007429749408027727,0.00014482337858870247,0.005157744643513636,0.0003396704772836836,0.26843015130929976,0.2684297232136062,2918
2.708051690257666,0.007429622636954632,0.0001448209605860574,0.005157769884520713,0.0003396705805425431,0.26843015411065635,0.26842972602692183,2919
2.7080515289880136,0.007429496505152375,0.00014481855482746404,0.00515779499854768,0.0003396706832803293,0.2684301568978761,0.26842972882604077,2920
2.708051368526457,0.007429371004772617,0.0001448161611625748,0.005157819987153773,0.0003396707855034219,0.26843015967113204,0.2684297316111368,2921
2.7080512088629374,0.007429246127954933,0.00014481377944083103,0.005157844851900694,0.0003396708872182148,0.2684301624305977,0.2684297343823841,2922
2.7080510499873762,0.007429121866826856,0.0001448114095114591,0.0051578695943526156,0.0003396709884311369,0.26843016517644747,0.26842973713995805,2923
2.708050891889687,0.0074289982135038795,0.00014480905122347102,0.005157894216076193,0.00033967108914861893,0.2684301679088558,0.26842973988403346,2924
2.7080507345597615,0.007428875160089348,0.00014480670442565722,0.005157918718640557,0.00033967118937705917,0.26843017062799635,0.2684297426147851,2925
2.70805057798748,0.007428752698674473,0.0001448043689666,0.005157943103617312,0.00033967128912292525,0.2684301733340445,0.26842974533238884,2926
2.7080504221627075,0.007428630821338394,0.0001448020446946612,0.0051579673725805604,0.0003396713883926542,0.26843017602717495,0.2684297480370202,2927
2.708050267075291,0.007428509520148077,0.0001447997314579857,0.005157991527106887,0.00033967148719271574,0.2684301787075632,0.2684297507288554,2928
2.708050112715064,0.00742838878715831,0.00014479742910450557,0.005158015568775363,0.0003396715855295919,0.2684301813753851,0.2684297534080712,2929
2.708049959071846,0.007428268614411754,0.00014479513748192713,0.005158039499167565,0.0003396716834097463,0.26843018403081603,0.26842975607484343,2930
2.708049806135437,0.00742814899393881,0.00014479285643774644,0.0051580633198675474,0.00033967178083967124,0.2684301866740321,0.2684297587293493,2931
2.708049653895627,0.007428029917757768,0.0001447905858192383,0.005158087032461893,0.0003396718778258917,0.2684301893052104,0.26842976137176633,2932
2.7080495023421856,0.007427911377874598,0.0001447883254734562,0.005158110638539667,0.00033967197437489185,0.2684301919245268,0.26842976400227136,2933
2.7080493514648714,0.007427793366283046,0.00014478607524724026,0.005158134139692442,0.0003396720704932008,0.2684301945321584,0.26842976662104207,2934
2.7080492012534245,0.007427675874964672,0.00014478383498720676,0.005158157537514309,0.00033967216618735165,0.2684301971282825,0.2684297692282565,2935
2.708049051697569,0.007427558895888705,0.00014478160453975516,0.005158180833601857,0.00033967226146387573,0.26843019971307625,0.26842977182409283,2936
2.7080489027870165,0.007427442421012128,0.00014477938375105897,0.005158204029554206,0.0003396723563293164,0.2684302022867172,0.2684297744087291,2937
2.7080487545114607,0.007427326442279588,0.00014477717246708322,0.0051582271269729725,0.0003396724507902539,0.2684302048493839,0.26842977698234477,2938
2.7080486068605816,0.007427210951623488,0.00014477497053356567,0.005158250127462312,0.00033967254485327476,0.268430207401255,0.26842977954511904,2939
2.708048459824041,0.007427095940963793,0.00014477277779601812,0.005158273032628888,0.00033967263852492245,0.26843020994250805,0.26842978209723045,2940
2.7080483133914877,0.007426981402208277,0.0001447705940997386,0.005158295844081902,0.00033967273181179975,0.26843021247332216,0.2684297846388588,2941
2.7080481675525547,0.007426867327252223,0.00014476841928980164,0.005158318563433073,0.0003396728247205115,0.26843021499387654,0.26842978717018395,2942
2.708048022296857,0.007426753707978635,0.00014476625321105719,0.005158341192296655,0.00033967291725766263,0.26843021750435037,0.26842978969138603,2943
2.708047877613998,0.007426640536258136,0.0001447640957081374,0.005158363732289436,0.0003396730094298866,0.2684302200049236,0.26842979220264557,2944
2.708047733493561,0.007426527803948918,0.00014476194662544782,0.005158386185030744,0.0003396731012437985,0.26843022249577575,0.26842979470414297,2945
2.708047589925117,0.0074264155028967984,0.00014475980580717248,0.005158408552142434,0.000339673192706036,0.26843022497708685,0.268429797196059,2946
2.7080474468982194,0.007426303624935123,0.00014475767309727748,0.005158430835248907,0.00033967328382326537,0.2684302274490378,0.26842979967857533,2947
2.708047304402407,0.00742619216188489,0.00014475554833949669,0.005158453035977112,0.0003396733746021242,0.2684302299118086,0.2684298021518727,2948
2.708047162427204,0.0074260811055545965,0.00014475343137734678,0.00515847515595654,0.00033967346504929717,0.26843023236558067,0.26842980461613325,2949
2.7080470209621144,0.007425970447740304,0.0001447513220541194,0.005158497196819232,0.00033967355517146286,0.2684302348105352,0.26842980707153913,2950
2.708046879996632,0.007425860180225584,0.00014474922021288133,0.00515851916019977,0.000339673644975304,0.26843023724685344,0.2684298095182722,2951
2.708046739520232,0.007425750294781555,0.00014474712569647696,0.005158541047735303,0.00033967373446752356,0.2684302396747173,0.2684298119565151,2952
2.7080465995223735,0.007425640783166843,0.00014474503834752375,0.0051585628610655255,0.0003396738236548391,0.268430242094309,0.26842981438645097,2953
2.708046459992501,0.0074255316371275555,0.00014474295800841815,0.005158584601832695,0.0003396739125439761,0.268430244505811,0.26842981680826294,2954
2.708046320920042,0.007425422848397321,0.0001447408845213246,0.005158606271681629,0.00033967400114164406,0.2684302469094053,0.26842981922213394,2955
2.7080461822944106,0.007425314408697174,0.00014473881772819074,0.0051586278722597035,0.00033967408945460533,0.2684302493052754,0.2684298216282481,2956
2.7080460441050014,0.007425206309735693,0.00014473675747073259,0.0051586494052168665,0.000339674177489608,0.2684302516936044,0.2684298240267893,2957
2.708045906341198,0.00742509854320886,0.00014473470359044016,0.005158670872205627,0.0003396742652533942,0.26843025407457516,0.2684298264179411,2958
2.708045768992361,0.007424991100800123,0.0001447326559285836,0.005158692274881059,0.00033967435275275505,0.26843025644837193,0.26842982880188887,2959
2.7080456320478437,0.007424883974180324,0.00014473061432620192,0.005158713614900817,0.0003396744399944612,0.2684302588151784,0.26842983117881675,2960
2.708045495496978,0.007424777155007773,0.00014472857862410918,0.005158734893925125,0.00033967452698531605,0.26843026117517915,0.26842983354891015,2961
2.70804535932908,0.007424670634928186,0.0001447265486628901,0.0051587561136167805,0.0003396746137320944,0.268430263528558,0.2684298359123538,2962
2.708045223533453,0.007424564405574666,0.00014472452428290907,0.005158777275641158,0.00033967470024162823,0.26843026587550023,0.2684298382693337,2963
2.7080450880993805,0.007424458458567694,0.00014472250532430103,0.005158798381666213,0.0003396747865207497,0.26843026821619126,0.2684298406200361,2964
2.7080449530161337,0.007424352785515131,0.00014472049162697,0.005158819433362482,0.0003396748725762705,0.26843027055081586,0.2684298429646465,2965
2.7080448182729655,0.007424247378012262,0.00014471848303059513,0.00515884043240308,0.00033967495841501845,0.2684302728795593,0.26842984530335096,2966
2.708044683859113,0.0074241422276416615,0.0001447164793746347,0.005158861380463718,0.00033967504404389126,0.26843027520260865,0.2684298476363375,2967
2.708044549763801,0.007424037325973327,0.00014471448049830705,0.0051588822792226815,0.0003396751294697148,0.26843027752014914,0.26842984996379177,2968
2.708044415976231,0.007423932664564604,0.00014471248624061244,0.005158903130360863,0.00033967521469937433,0.26843027983236756,0.26842985228590177,2969
2.708044282485596,0.007423828234960082,0.0001447104964403207,0.005158923935561725,0.00033967529973975114,0.2684302821394506,0.2684298546028547,2970
2.7080441492810676,0.007423724028691802,0.0001447085109359716,0.005158944696511335,0.00033967538459773864,0.26843028444158523,0.26842985691483856,2971
2.7080440163518054,0.007423620037279049,0.000144706529565878,0.005158965414898354,0.0003396754692802365,0.2684302867389587,0.2684298592220411,2972
2.7080438836869507,0.007423516252228451,0.00014470455216812533,0.005158986092414042,0.00033967555379416694,0.26843028903175875,0.2684298615246511,2973
2.708043751275629,0.0074234126650339185,0.00014470257858057334,0.0051590067307522415,0.00033967563814645804,0.2684302913201734,0.2684298638228573,2974
2.708043619106949,0.007423309267176689,0.00014470060864084518,0.0051590273316094145,0.00033967572234401983,0.26843029360439,0.268429866116848,2975
2.708043487170006,0.007423206050125286,0.00014469864218634231,0.005159047896684613,0.0003396758063938174,0.26843029588459766,0.26842986840681277,2976
2.7080433554538783,0.007423103005335486,0.00014469667905423633,0.005159068427679497,0.00033967589030280354,0.2684302981609849,0.26842987069294116,2977
2.708043223947625,0.007423000124250378,0.00014469471908146756,0.005159088926298322,0.000339675974077925,0.2684303004337402,0.26842987297542253,2978
2.7080430926402936,0.00742289739830033,0.0001446927621047525,0.0051591093942479635,0.0003396760577261919,0.2684303027030538,0.2684298752544478,2979
2.7080429615209134,0.007422794818902912,0.00014469080796057008,0.00515912983323789,0.00033967614125454893,0.268430304969114,0.26842987753020603,2980
2.7080428305784965,0.007422692377463036,0.00014468885648517637,0.005159150244980196,0.0003396762246700103,0.2684303072321112,0.2684298798028885,2981
2.708042699802041,0.007422590065372806,0.00014468690751460068,0.005159170631189572,0.0003396763079795965,0.2684303094922358,0.26842988207268653,2982
2.7080425691805297,0.007422487874011582,0.00014468496088463506,0.00515919099358332,0.00033967639119029713,0.2684303117496774,0.26842988433979026,2983
2.7080424387029254,0.007422385794745965,0.00014468301643085125,0.005159211333881363,0.00033967647430915306,0.2684303140046271,0.2684298866043919,2984
2.708042308358178,0.007422283818929802,0.00014468107398858337,0.005159231653806236,0.00033967655734318676,0.2684303162572753,0.26842988886668245,2985
2.7080421781352197,0.007422181937904187,0.00014467913339294306,0.005159251955083092,0.00033967664029946977,0.26843031850781396,0.26842989112685484,2986
2.708042048022969,0.0074220801429974136,0.00014467719447880715,0.005159272239439698,0.00033967672318504496,0.2684303207564341,0.2684298933851007,2987
2.7080419180103252,0.007421978425524977,0.0001446752570808253,0.00515929250860644,0.0003396768060069778,0.26843032300332736,0.2684298956416127,2988
2.708041788086174,0.007421876776789616,0.0001446733210334166,0.005159312764316331,0.00033967688877234193,0.2684303252486857,0.26842989789658345,2989
2.708041658239382,0.007421775188081305,0.00014467138617077605,0.0051593330083049916,0.00033967697148824566,0.26843032749270196,0.2684299001502068,2990
2.7080415284588026,0.0074216736506771816,0.0001446694523268588,0.005159353242310678,0.0003396770541617729,0.2684303297355683,0.2684299024026755,2991
2.708041398733273,0.007421572155841592,0.00014466751933539794,0.005159373468074258,0.000339677136800026,0.2684303319774774,0.2684299046541831,2992
2.708041269051611,0.007421470694826116,0.00014466558702989812,0.005159393687339232,0.00033967721941014384,0.26843033421862295,0.26842990690492435,2993
2.7080411394026216,0.007421369258869522,0.00014466365524362765,0.005159413901851728,0.0003396773019992494,0.26843033645919817,0.268429909155093,2994
2.7080410097750924,0.007421267839197738,0.00014466172380962807,0.005159434113360486,0.0003396773845744632,0.26843033869939625,0.2684299114048833,2995
2.7080408801577955,0.007421166427023914,0.0001446597925607134,0.00515945432361689,0.00033967746714295304,0.26843034093941165,0.26842991365449037,2996
2.7080407505394852,0.007421065013548403,0.0001446578613294679,0.00515947453437494,0.00033967754971188065,0.26843034317943865,0.26842991590410936,2997
2.7080406209089016,0.007420963589958658,0.00014465592994824237,0.005159494747391269,0.0003396776322883973,0.26843034541967126,0.26842991815393513,2998
2.7080404912547675,0.007420862147429444,0.00014465399824916615,0.005159514964425142,0.00033967771487971785,0.2684303476603052,0.26842992040416425,2999
2.7080403615657898,0.007420760677122637,0.00014465206606412633,0.005159535187238455,0.0003396777974929958,0.2684303499015346,0.26842992265499155,3000
