total,pde,bc,diss,ctrl,energy,var,epoch
3.497408638736414,0.11892646037594039,0.08978246291535835,0.0006662277193024684,4.305615996560766e-05,0.25656171928427357,0.13223477847536816,1
9.365993339917484,0.6959713671044718,0.40961287491089915,0.0014732828342041372,0.001118961541660066,0.2165491174756171,0.10005224099349722,2
6.865119564131417,0.44817400890767456,0.2512344605833983,0.0011179806300699398,0.0014560416068766856,0.21184188674899287,0.09467833867102472,3
3.4739238694886105,0.13980211333692757,0.06076222208971379,0.0006570487609329752,0.0006721543040369149,0.22407406117347117,0.10143639870556515,4
4.0557792336280265,0.19897893574063782,0.11485101978607101,0.0009020673408075537,1.599335482412612e-06,0.2512646483631479,0.11839195668266063,5
5.485543956571989,0.30213627197087983,0.20253948352875534,0.001186970948011827,0.0006842061300706978,0.27615733415451005,0.1341912342882098,6
5.261017818263279,0.26788015128500614,0.18327611069027205,0.0011371990214833377,0.0014801211124216562,0.2884723421748879,0.14256103329799436,7
3.9636520769190153,0.18700583219695022,0.10495896200483781,0.0009216703446448084,0.0012452285537698663,0.28528779610247523,0.1418137739836581,8
2.9692812017049706,0.16253782588018975,0.04813457054962913,0.0007718779929946078,0.00035422830715905557,0.26882095393860406,0.13346506972028455,9
3.3136071588398623,0.1971168590950304,0.06529003827086778,0.0007804755801872087,7.279652590432937e-05,0.2414679119844947,0.11971696782004576,10
3.987088342226053,0.212850420469276,0.09623659943073169,0.000809730334487585,0.0007254624781159011,0.22306558933045126,0.11240521924468053,11
4.039538246409954,0.1943130433941966,0.09185522188149986,0.0007677591689595889,0.0013363852021345923,0.21344339728401185,0.11078413421059946,12
3.5547074673770513,0.16747839276188572,0.062127588032623526,0.0007041598271629311,0.001437569146554421,0.212084710912952,0.11442295002385137,13
3.0455299078701357,0.16191689650315225,0.04095675354729814,0.0007102012443002813,0.0009063433288057223,0.219894463485835,0.12393002095999392,14
2.954402554484666,0.1803806485817062,0.05256175768091986,0.0008191294362385827,0.00011658574785402123,0.23920251196555323,0.14053361172365203,15
3.126898253829446,0.2003931897924419,0.07033340581798433,0.0009036787061955187,0.00013570934931285495,0.2616494355791538,0.15812330123185442,16
3.2263348690051195,0.22620332201419874,0.07077385095506078,0.0009311537107441615,0.0008524822318644412,0.27919729836584956,0.17066727631980835,17
3.138611043790881,0.25811383501135127,0.05872109036397309,0.00093324949715834,0.0012436296533397655,0.285265133678178,0.17360618315233084,18
2.954793935164415,0.2734523595723948,0.04887751128445644,0.0009344290989057395,0.0007791496246802272,0.2779132517754601,0.1665662260963497,19
2.813782451844954,0.24728598380894248,0.04454029278445444,0.0009224710420932237,0.00013906870007922225,0.26179273929497393,0.15403165706867036,20
2.760179795932027,0.20877951462174468,0.03956574768857573,0.0008933474919503951,2.9178282673880343e-05,0.24459830742508606,0.14197501685235167,21
2.786838923283602,0.2039795144269029,0.03451969720823544,0.0008796816030808123,0.00029852589051922537,0.23272209820263973,0.13460791284756085,22
2.8074482845016457,0.22268043239366445,0.03301471679325035,0.000888841937012743,0.00038962852940267317,0.23026098965493272,0.13376754744177277,23
2.7514585033089016,0.23161273992165446,0.033140038303956246,0.0008949591961930567,0.00020492406263724743,0.23568483103008395,0.13782256489339595,24
2.6604222460897096,0.237453138123483,0.03292735737932123,0.0009099630659169113,8.184621010312889e-06,0.24713912233566115,0.14551952020815154,25
2.6314270799589456,0.25582095987255893,0.03244911686253081,0.0009548306756159984,0.0001187577706522586,0.2608976038949972,0.154875356457847,26
2.657833091959351,0.2720686395311271,0.03326754050327549,0.0010171242020783132,0.00027721242821390876,0.26664969754121404,0.16020189390123593,27
2.6452411402670664,0.2706526008420891,0.034032783456408,0.001064500162196998,0.00016220583389579243,0.26273600541362135,0.1601467275840335,28
2.5726683051330608,0.2587512199978728,0.030722662280462488,0.001055778027000249,1.71288926012961e-05,0.25413870663387683,0.1572902965754713,29
2.5347221645179148,0.2537996266531425,0.02729574495708758,0.0009833094566498422,1.6697245815122854e-05,0.24591377364612252,0.15440712275428706,30
2.5492883168410283,0.24915392822990698,0.030036510143160167,0.0009241132364510551,7.046062527648122e-06,0.24734555796302723,0.1575212672343712,31
2.5167876456607594,0.2514271922771004,0.030165257624213373,0.0009413653953482846,2.7475605874430753e-06,0.25165757672143496,0.16327061260278375,32
2.4806132272963444,0.26866405857122383,0.028656782453601884,0.001046257772230118,3.1372394834940774e-05,0.25560110657236057,0.1693428890768557,33
2.481400498362832,0.2799573778841924,0.028629156238784592,0.0010874073656178982,2.5803082876799082e-05,0.2550796735010037,0.17087050123570444,34
2.439873318408803,0.2759210925843659,0.026288889626984863,0.0010434795103550778,1.0246220827975284e-05,0.25320097185679213,0.17074637203978896,35
2.440046064829418,0.2661070522151923,0.027343048855923518,0.000992152806312588,6.883032226350178e-07,0.25082964041767203,0.17141558530100728,36
2.4309287272290936,0.2722245321616516,0.027240087542834277,0.000995614107290953,2.3900949267963534e-07,0.2495111140289601,0.1737630225689726,37
2.3877848469763476,0.2879823538838909,0.025062977489896346,0.0010448573302132963,1.8027479804180584e-07,0.25042458779780136,0.17838242278474983,38
2.3689505983924404,0.2962915433462211,0.02564299183611595,0.001103243642714346,1.7382315510604e-05,0.25416921041812524,0.1855304145964189,39
2.3590540788077883,0.30524383573246566,0.026074708225719723,0.0011094747631212134,2.9817120114228245e-05,0.25546050548156746,0.1907630605679175,40
2.3165578924344743,0.30933436060403596,0.02412065821471645,0.0010900376316707455,1.2824574971012028e-05,0.2535811415737181,0.19342877173374495,41
2.3137738482093493,0.30512529841308483,0.025135287454923882,0.0010757948692323854,7.89249007615553e-07,0.25088839687505954,0.19564397797634095,42
2.2882247201598993,0.30586617349070444,0.024498958951411378,0.0010604834911674898,1.5195941996946302e-06,0.2512327182158525,0.198976714183469,43
2.25756562650329,0.3178142951702846,0.023062132212740883,0.001076951883704729,1.1644890283081367e-05,0.2534124610302656,0.2036228783158578,44
2.259191777389288,0.3490214118920237,0.022434875814071734,0.0011503082516031362,1.964298003617973e-05,0.2544320401663545,0.20810569730784267,45
2.2263403983446017,0.3564894021297771,0.02099015060486213,0.001150277770031181,2.2921836867283828e-05,0.25478767551816994,0.2121622454021492,46
2.1878933532209226,0.34147142162593674,0.02006737711886527,0.0010922701154509006,1.8420262945331924e-05,0.25429188337974507,0.21401282543923186,47
2.182996831312796,0.32692787777571525,0.021102183488073342,0.0010430763394544283,4.53329022153405e-06,0.25212915246554446,0.21467629930141924,48
2.161513469883692,0.3253073449674314,0.020718565977541466,0.0010228641064762521,7.406061362034465e-07,0.2508605847641014,0.21756136424029107,49
2.1378465598136907,0.33687340597094656,0.0201373909647437,0.001060298093177619,1.0228547021961097e-05,0.25319820997152487,0.2238322838517147,50
2.1147086480458563,0.34715178704096344,0.019446970888385064,0.0010600734809903766,3.1822430689915326e-05,0.2556411373578309,0.23004547399297318,51
2.0984689805372527,0.3438876729957728,0.01870051034006813,0.0010183040787361914,6.083846925268136e-06,0.25246654554494097,0.2292712259750869,52
2.076501087014436,0.3315029756315864,0.018909338230280785,0.0009758975811912948,1.0729983679213304e-05,0.25327566537961577,0.23242068061229976,53
2.0620317779869595,0.323718498076585,0.019396132125732123,0.000955177387231218,1.597995919415387e-05,0.25399749411433636,0.23594184360100323,54
2.055032501497031,0.3267633480341548,0.01822219590132379,0.0009712495938616472,3.8315832736465445e-08,0.24980425569551973,0.23341837612380478,55
2.0285359410551265,0.3306548440655752,0.017119241267270446,0.0009577641653687837,2.4096738537045064e-06,0.2515523124214231,0.23678448759004775,56
2.042980447087758,0.3337914755594641,0.019445994927158202,0.0009345828761682894,0.00010687094145971777,0.2603378402705651,0.24755598407427598,57
2.024973327500208,0.33530467333045233,0.018556437947977303,0.000927063542302093,0.00010339683320419575,0.26016842333915124,0.2489168090878916,58
2.014749217693272,0.3322848013629548,0.017152552994088657,0.0009254149045854423,5.394322470452482e-07,0.250734460514286,0.24049318068451186,59
1.9955967079475032,0.3223176714128733,0.015657222728205116,0.0008992360562043042,8.492514753682715e-06,0.2470858080444688,0.23770632431279193,60
1.984909185162819,0.31153962783214906,0.017655317485737322,0.0008637656046064869,1.4459952838507385e-05,0.25380262446719465,0.24520874839570836,61
1.9871214376551158,0.311593789739807,0.018533327178507926,0.0008673639391677679,9.014925278202188e-05,0.2594946960342089,0.2517058211904591,62
1.9556288644838715,0.31391360066017865,0.01627720850907577,0.0008743513863872944,2.9977331791576867e-05,0.25547515586915814,0.24868750702202239,63
1.9801718880694086,0.31726281154041874,0.016392984208378765,0.0008606352237599135,2.3951596543616796e-06,0.24845236966482248,0.242553378112226,64
1.9550044371166613,0.3183048319675614,0.01511307193863457,0.0008528150322633026,1.7185362101521316e-07,0.24958544768603322,0.244151224780995,65
1.9676259190033332,0.3115056586251084,0.017977516206177116,0.0008468663511181903,9.870040828179066e-05,0.2599348079136836,0.25494324787190525,66
1.9413610446885379,0.3007850711824652,0.016995407705759687,0.000829074911449796,0.00015750081149181974,0.26254993272857746,0.25816871453216605,67
1.9570555731953818,0.2977592005463994,0.01713841629228773,0.0008164583828149739,3.97298119545565e-09,0.25006303158886983,0.24605033454360703,68
1.9407381609694232,0.29816840547112555,0.013586169218903602,0.0008164658810702554,4.549705307271164e-05,0.24325484966270494,0.2393858111476239,69
1.934720325939925,0.2994222324939417,0.016025104547524975,0.0008177855718426055,2.146481517686008e-06,0.2514650875460825,0.2479590498366476,70
1.9186756277484884,0.29503026757314044,0.01622699507079963,0.0008028415650701889,0.00016251445174088824,0.26274811561529343,0.25982787460113543,71
1.9166003321677105,0.2954638900304583,0.016204517179733587,0.000800423139256147,7.392396167778407e-05,0.2585979044934091,0.2558195514385625,72
1.9045129142231287,0.2972923519636741,0.013819686093877723,0.0008075016004021186,1.805130936753997e-07,0.2495751316748975,0.24662425391029713,73
1.8890275982004168,0.28989441023367524,0.01348535397063963,0.000796835230652319,8.525126598527421e-09,0.25009233161213,0.24737453486700256,74
1.912211728440408,0.2832987237251092,0.016765376683072028,0.000779153655897966,0.00014794210259872837,0.26216314525929574,0.25979992415437636,75
1.8993438032551682,0.2815600523965087,0.015821554911499912,0.0007746064917095178,0.00020288142231451197,0.26424364497993796,0.26187614980301666,76
1.8827912990457412,0.2861829517877967,0.0140903757832685,0.000783352025582249,1.0876012234719594e-05,0.2532978799606292,0.2508053318130898,77
1.8983227973884087,0.2873767835241651,0.012988855412800397,0.0007866991311678931,1.777984006428082e-05,0.24578338523643897,0.24351933298689177,78
1.8793967196344379,0.285935550827813,0.01258718278852181,0.0007906788480123242,4.9379546957941515e-06,0.24777784908347922,0.24569434827927936,79
1.8891384069975907,0.2801728768486051,0.015590810485477783,0.0007852809847610202,7.764464150276451e-05,0.2588116196866844,0.2567701056141933,80
1.8834317654464274,0.27399177924973733,0.015234188416968997,0.000767843792345838,0.00023246917312827405,0.26524693979552205,0.26330745193198735,81
1.8806005552177534,0.27323667205770164,0.015531012784876251,0.0007639335944994678,8.328374045187193e-05,0.25912599257351615,0.2572408123070458,82
1.8543594096831308,0.27716365800762605,0.012035781688084167,0.0007771385538184991,3.536774263154442e-07,0.2494052921504508,0.24743933278734842,83
1.9010848462823748,0.2796767465005348,0.015214396157679106,0.0007922504941052502,3.2838562445091e-08,0.250181214134231,0.24828295068641665,84
1.8679263959108392,0.2773804269481612,0.014055842205569727,0.0007907742420262712,1.8286769964964793e-05,0.2542763033060068,0.2525739922074907,85
1.8923874682747184,0.2733817807792504,0.016381400241217522,0.000778111469377378,7.402858756248723e-05,0.25860398672491347,0.25705146460581335,86
1.9050754643491046,0.2747726164957116,0.01712960850683172,0.0007820125581357258,9.310186737605487e-05,0.2596489308929049,0.2580148847615042,87
1.8469657151900978,0.27450710254699756,0.013149288440736952,0.0007864289853953306,5.363647303387004e-05,0.25732369258187904,0.25551049175878904,88
1.8627795279717645,0.2750813775497588,0.01358467945828149,0.0007926439536809012,6.50535683819831e-06,0.2525505601028398,0.2509184964885412,89
1.8549810036105427,0.27250892723460646,0.012814412128826499,0.0007910016845759532,1.435952208891582e-07,0.2503789396005819,0.24901857618300208,90
1.8459201839961066,0.27161141318996157,0.012770007290910861,0.0007939747721633495,6.522615785647459e-06,0.2525539412259579,0.2512129619455474,91
1.8404498195731895,0.27193131816166316,0.012941792110616197,0.0007953234636697577,5.179157262175744e-05,0.25719663620184857,0.2556278360537052,92
1.841303892813587,0.2697366848814606,0.013223597474275362,0.0007901837938344929,9.117027520560549e-05,0.25954831268893125,0.257952853892473,93
1.8289900906537349,0.2683021471603094,0.012382049824877447,0.000792570139390188,3.634915373231024e-05,0.25602902593561433,0.25469538954210535,94
1.832725880187779,0.2698064723921402,0.011781243616167572,0.0008084152210798042,1.8027769633952456e-06,0.2513426753008063,0.25011367651179817,95
1.8195746072961398,0.26771691202340864,0.011169450336532192,0.0008034870041515701,4.243509398265892e-06,0.25205997800917046,0.2507078529382713,96
1.8399902263791437,0.2650697669037131,0.013448840044927763,0.0007911390188775483,6.237256017561125e-05,0.2578976300353721,0.2564778997839981,97
1.8342246734789787,0.2632122741327704,0.013231224135964205,0.0007907958744142722,0.00010543172920606134,0.2602679953840105,0.2588628791997332,98
1.8235399642213839,0.2659071280804661,0.012218247911605662,0.0008083345509761758,3.989361767902926e-05,0.2563161394600681,0.255028700874642,99
1.821998363324281,0.2656027717774364,0.011512827038918528,0.0008155496961852961,3.907408809611368e-06,0.25197671667408644,0.2508448167012636,100
1.8272809521629025,0.26374208471989763,0.012062711749066129,0.0008042828537072505,5.3755947998230654e-06,0.25231853289815415,0.2511957742208368,101
1.8147786052978567,0.262595077711912,0.011744790859983752,0.0008025478774495215,2.6993870015976946e-05,0.2551955625312354,0.253951458087785,102
1.8224510895520938,0.2621700764361582,0.01249683251467259,0.0008082278048254175,5.93408462100457e-05,0.25770330099438193,0.2564147717882791,103
1.8163865151456386,0.2615213953840961,0.012180800588353784,0.0008100780513135598,6.188692849824744e-05,0.25786682454985793,0.25671874424943475,104
1.8073074593068088,0.25704907234267443,0.011693854141477299,0.0008015335137945767,2.8595049700472924e-05,0.255347433936055,0.25432792361826095,105
1.8087624828051518,0.2591897549881048,0.01115612250343763,0.0008093246477024626,5.749619148195851e-06,0.25239783634725055,0.25130692166147806,106
1.7979233416851432,0.2582540537564389,0.010668387696687792,0.0008124094678238609,1.1326036485684013e-05,0.2533654177282596,0.2522392369551351,107
1.808050758851525,0.2563215179068812,0.012018944182988097,0.0008061394674000489,6.50429622843226e-05,0.2580649217159451,0.2570627452300752,108
1.7886889656545113,0.25346774065552036,0.010945940208301133,0.0008025504320501882,7.687864667956557e-05,0.2587680469136271,0.2577783795299189,109
1.8169838748152405,0.25532038604243046,0.0115390655762725,0.0008160354048605266,2.302542898634973e-07,0.25047984819460273,0.2494415296756401,110
1.7984099420329178,0.2541068143074676,0.009746216032698558,0.0008156814921095457,3.2895268840064994e-06,0.24818629470861264,0.24722618175567396,111
1.8160241638938306,0.24998593147423043,0.01294867942939509,0.0008013833017986456,4.8712563736051835e-05,0.2569794386404676,0.2561314471740431,112
1.8068622107223158,0.247870492553721,0.01237520202774857,0.000798108489196713,0.0001803367999717118,0.2634289537928951,0.26255504889533454,113
1.8122968986363304,0.24999123089888606,0.012766702837945974,0.0008091451828285956,9.036881620600464e-05,0.25950625142766615,0.25853360755230953,114
1.7949697117209857,0.25088650244022215,0.010853331147832245,0.0008161824785617202,6.1692495904722e-06,0.2524837974133315,0.2515663937649543,115
1.8122950479455753,0.24937476694582533,0.011612032169238838,0.0008111101332061415,2.0180741589843887e-08,0.2501420589370291,0.24939050850966335,116
1.803218615623868,0.24768743530699439,0.011702454767869339,0.0008084571513761792,7.107786556885046e-06,0.25266604323987535,0.25193804619217625,117
1.7832210517279676,0.24649695094929008,0.011022977457027988,0.0008106813941640593,5.393549080782127e-05,0.257344078622116,0.25650918888747665,118
1.7780202896806139,0.24597112962294104,0.010780764440088332,0.000810570981024882,7.965911812748607e-05,0.2589251956912712,0.25810105491159074,119
1.7963787611741289,0.24529276757254234,0.011777387483495627,0.0008095841266678231,2.4184203770305785e-05,0.25491774376826465,0.2542118770979715,120
1.778673209965476,0.24570669612672516,0.010022422849931198,0.0008141526353536736,3.1592148380419463e-06,0.25177741802568837,0.2510765394744056,121
1.807735458486675,0.24592465836724037,0.012344245166628732,0.0008222336140847628,1.6166928860983244e-05,0.254020811965385,0.25324139558513603,122
1.7998775532669322,0.24447235521044425,0.012309660428700913,0.0008200370537997099,5.8590989186015224e-05,0.2576544751084588,0.25690728556627823,123
1.7734352925443782,0.241807790226738,0.010807308206939955,0.0008116216314094369,8.727722924273817e-05,0.25934222828038034,0.25870664464842313,124
1.768513781889313,0.241835435316509,0.010135936248769777,0.0008144265955081323,2.232408331970982e-05,0.25472483685641206,0.25406297124736776,125
1.7866894162825953,0.2429216496609451,0.010735792861763864,0.0008244280151497823,3.181308308146928e-06,0.2517836222436791,0.2510524940322019,126
1.7712317041540064,0.24157017710223463,0.01012630352814015,0.0008244598653247481,1.1403789464042788e-05,0.25337694972779323,0.2527171089227076,127
1.7880354799593983,0.23885430028309343,0.01197399244764473,0.000814918525480306,6.619419592280627e-05,0.25813598155865697,0.2576043170075774,128
1.7852124004951055,0.2377917385817787,0.01188129006774368,0.0008144820869133013,9.238099566337161e-05,0.2596115032988275,0.2590529005089583,129
1.7624633096931532,0.23874691988098362,0.010131589838491842,0.0008223666858248547,4.2591101838653226e-05,0.25652618585688863,0.2558350724271786,130
1.756134875387309,0.23864203782956855,0.009212479300437821,0.0008273524244181396,7.659048011759635e-06,0.2527674985116093,0.2521396620263855,131
1.784980223666146,0.23649316584909147,0.011699685944525855,0.0008214867996156106,2.701082214140964e-05,0.2551971936794206,0.2547206593495515,132
1.7702286820682547,0.2351738191921602,0.011012027107512933,0.0008209387239888361,5.638955593239453e-05,0.257509297965349,0.25702179182439155,133
1.7659036777573622,0.2359520611640719,0.010603598913317726,0.0008282575767327847,5.0558287535510836e-05,0.2571104351157655,0.2564597480871595,134
1.7634177699869666,0.23607963332657245,0.010258994070231769,0.0008315662315660947,2.8708605247134004e-05,0.2553580411763194,0.25468973785036697,135
1.7564219120426068,0.23444856980704254,0.009859411206119042,0.0008285718508101718,2.2309147269265656e-05,0.25472325600293544,0.25420398243423536,136
1.7477931482336173,0.2332196293867104,0.009466292756227453,0.0008296167968311735,2.9712031201059412e-05,0.2554508743519787,0.2549636071830076,137
1.7770625464727896,0.23343179034386197,0.011452416640433777,0.0008362340434020191,3.899303963388508e-05,0.2562444406982439,0.25562513964125905,138
1.7725312328838154,0.2326439765456721,0.011244280567016023,0.0008364163982268189,4.5846215480513086e-05,0.2567709833466427,0.2561348987415882,139
1.74125569215926,0.23080224555161252,0.009297962667187073,0.000832359480731061,4.351798256807462e-05,0.25659681609324336,0.2560768095671685,140
1.7363272852712561,0.23026890330694405,0.008807984865364372,0.000835823627670082,2.2323088318852597e-05,0.2547247315605072,0.2542412824185658,141
1.7731705481438915,0.2302765445063903,0.011327665448783856,0.0008431285112686901,2.9571506821941015e-05,0.2554379689978834,0.254854674196215,142
1.7619656945730235,0.22896868827810418,0.010798171837421825,0.0008427458816599382,4.5448546419895316e-05,0.25674155370963514,0.2561654847196346,143
1.7382919227928768,0.22702964251567248,0.009418311565809592,0.0008381151481153695,5.335708933682003e-05,0.257304593714699,0.2568371076036676,144
1.7345152599477842,0.22668798966343842,0.008982869797173415,0.000841217087048164,2.635087631857811e-05,0.2551333104638798,0.25466374427639343,145
1.7533904137740786,0.22661702365503086,0.010123133028535495,0.0008489210969454989,1.9273935205714356e-05,0.25439020901617615,0.2538355769545366,146
1.7434436716555446,0.2249588927758333,0.009741795016972097,0.0008488566729040078,3.2109526192788256e-05,0.25566652681920665,0.2551425938474758,147
1.7395134251162483,0.22302049883445926,0.009784861089349629,0.0008443208336959546,5.434916380305882e-05,0.25737218853550686,0.2569569089981121,148
1.7351471876337814,0.22278669432683604,0.009445853726799305,0.0008472631836135286,4.3523645619754344e-05,0.25659724530541,0.2561570277465878,149
1.7373744863990317,0.22336802580461587,0.00932786199503604,0.0008554736776591236,2.288003025651245e-05,0.25478330745996036,0.2542317352600347,150
1.730383492016236,0.2217028921247924,0.009029826558521074,0.0008563898466105528,2.639190310004996e-05,0.25513730504253446,0.25462808883390176,151
1.737402483580117,0.21921152271407107,0.009887056823435589,0.0008517460839950307,4.9766156451384174e-05,0.25705451319733574,0.25667919346166407,152
1.7314543587831077,0.21839531497143072,0.009542042855543584,0.0008537154692853052,5.009958679943569e-05,0.2570781061590962,0.2566852236942446,153
1.7280372567321978,0.21920235923085135,0.009058531970622266,0.0008615372556758253,2.8534878942919865e-05,0.2553418048394639,0.2548077066655507,154
1.7230359751314535,0.21813393211063098,0.008780699711582244,0.0008632918839716678,2.681752194999625e-05,0.2551785636956589,0.25466046125904257,155
1.729107906877773,0.21566379091280913,0.009551042481840303,0.0008599499398501743,4.585403405771e-05,0.2567715606810919,0.25640330225059693,156
1.7230504460775493,0.21465375382406657,0.0092282591215125,0.0008624554524154306,4.8127816086101665e-05,0.256937421429184,0.2565727332894531,157
1.723178875602342,0.21535351199253028,0.00901735626378685,0.0008701542958223509,3.0280605299440428e-05,0.2555027815965601,0.2549967175395516,158
1.719532011368906,0.21454231625532133,0.008814142775722466,0.000871681765219009,2.920984406621865e-05,0.25540461322077895,0.25488795240259693,159
1.7174357548373163,0.21206176192068762,0.009007584827408825,0.0008685785862525153,4.536002677480923e-05,0.2567349852839341,0.25635712334994126,160
1.711908063862472,0.21086681622671824,0.008725049293359006,0.0008714523137739347,4.561914338677778e-05,0.2567541945031793,0.25639472985270717,161
1.7211305640095071,0.21142450815081104,0.009142722602448052,0.0008795163779922198,2.9658922722609505e-05,0.2554460006172061,0.2549650819456638,162
1.7172994248682938,0.21072239404915039,0.008938614020622678,0.0008814029183176748,3.0298465696527497e-05,0.25550440420904275,0.25501490874925903,163
1.7059233381172494,0.20854125187981476,0.008481492519590746,0.0008786959859740809,4.61875828397109e-05,0.2567961447041474,0.25642546433114544,164
1.701280022773604,0.2073540911359713,0.008245898621656015,0.0008818751311450148,4.4752651773289285e-05,0.2566897422800351,0.2563319898415596,165
1.7185926263155245,0.20759249399200694,0.009235561474047197,0.0008895055599559841,2.993880238953467e-05,0.2554716361711589,0.2550046015565695,166
1.713773147111009,0.20655730781429657,0.008998348732489867,0.0008913096500488949,3.127606799288736e-05,0.2555925010498781,0.25513051937466447,167
1.696991527950898,0.20442988068631093,0.00816583741133999,0.000888999168123907,4.615018989396927e-05,0.2567933931060972,0.2564456334963511,168
1.6934237166375297,0.2035213456259787,0.007968824755273933,0.0008929678440338689,4.296137560914953e-05,0.2565544927804636,0.25620634950220267,169
1.7120996600490281,0.20374534028803032,0.00908315673242727,0.0009003071425625998,3.201104684783246e-05,0.25565783057786573,0.25520224567370536,170
1.7060287344224923,0.2025765400608198,0.008793170082566791,0.000902364159028215,3.5551218584243505e-05,0.2559624842628089,0.2555241340496732,171
1.691826600518418,0.20037579392903956,0.008112595722678669,0.0009008887702965453,4.8443275207461634e-05,0.2569601203443232,0.2566435465955621,172
1.6888379659007373,0.1994734425915525,0.007926469607915057,0.0009051531396167108,4.098232716691813e-05,0.2564017440722758,0.25608014793967493,173
1.70120294261697,0.19961266719982473,0.008642310474403739,0.0009118041453018789,3.250645220123834e-05,0.2557014429928956,0.25526631361967334,174
1.6952312618477734,0.19837578818346158,0.008391895282513072,0.0009137356724434645,3.97176743308243e-05,0.25630219599273335,0.2558850645144201,175
1.6887414188275829,0.19625731244837416,0.00820532780884601,0.0009135273838966969,5.1778972820739015e-05,0.2571957607534394,0.25690686772222954,176
1.6856665571911347,0.19548147712500394,0.007985329129675442,0.0009187097304141812,4.0371013744232854e-05,0.2563538188315558,0.2560649753589044,177
1.6902954221382378,0.19572859947485477,0.00816678657233888,0.0009255489606377944,3.097230514505473e-05,0.2555652767357118,0.2551602561089738,178
1.6856848660634312,0.1945044029045919,0.008037963090901922,0.0009271054757165177,4.236076953402009e-05,0.256508515155857,0.25611427383756874,179
1.6843522041254557,0.19236396123093066,0.008198934063545727,0.0009272833379230631,5.667473367759213e-05,0.2575282623278943,0.25726160559291505,180
1.6806508917244418,0.19153052481237218,0.0079300053474087,0.0009328337585143405,4.1592537747252e-05,0.25644922768610723,0.2561878868854463,181
1.6830328889800419,0.1918679480078924,0.007923802273251873,0.0009401012283029747,2.8682212157096047e-05,0.25535557766791744,0.2549816551195555,182
1.679502379330629,0.19077404459226385,0.007876596561117815,0.000941742821339245,4.175108463761425e-05,0.2564615079228934,0.25609133262587375,183
1.677198939633455,0.18876956542930953,0.007982006732049497,0.0009422622060135477,6.120697897650911e-05,0.2578234889260808,0.25757364818284256,184
1.6732579121259463,0.18797015389265911,0.007694830979246267,0.0009482499616482597,4.3972254228250083e-05,0.25663115783466584,0.25638823693165447,185
1.6785909685773297,0.18831269993597363,0.007857870310637161,0.0009556657651950107,2.7527058152513037e-05,0.2552466235001678,0.2548968692746472,186
1.6751300203154607,0.18720103733628496,0.007813963362781806,0.0009572273223917186,3.9562411288530616e-05,0.2562898657607719,0.25594357748036317,187
1.6696557703736408,0.18526897705164178,0.007723493322375084,0.0009577304450114625,6.332830737646582e-05,0.25795790848002575,0.2577256464558544,188
1.6662433413104938,0.18452865023192236,0.007472903683928949,0.0009640504614254782,4.593194077734536e-05,0.25677731073342114,0.25655158514960436,189
1.6735968388001552,0.18495986850247614,0.007754587976582711,0.0009716945364924134,2.7556490355098565e-05,0.2552494276216649,0.25492204287986203,190
1.6695565470000409,0.18387657710858327,0.0076664777998825,0.0009734190524524081,3.901948225122197e-05,0.256246557632106,0.25592539350084376,191
1.6643485713643664,0.18202188473301725,0.007596109293736082,0.0009741310821965558,6.487046141726351e-05,0.25805422009987705,0.25784387038266804,192
1.6613515805092582,0.181263878251829,0.007381289196668412,0.0009803876291119263,4.7991689883990634e-05,0.2569276034733514,0.256722393516549,193
1.6668209439087225,0.18173546979082225,0.007526205037017434,0.0009879563078024796,2.7772633623007785e-05,0.25526997472698,0.2549653324424627,194
1.6627318055790727,0.18064850368958507,0.007436541915307346,0.0009895486485587128,3.956102333412041e-05,0.2562897554272102,0.2559911119235537,195
1.6603032469167114,0.17891046961157597,0.007543984528038561,0.0009906693085177268,6.675512532039841e-05,0.25817038097767775,0.25798051692129564,196
1.6570935060217595,0.17817523656881415,0.007318135731596339,0.000997056917954662,4.980406370135909e-05,0.2570571994233803,0.2568727386914103,197
1.6605009664904427,0.17875585554547024,0.007308443037884112,0.0010047952442089618,2.7686898003450777e-05,0.25526183409121295,0.254980026586567,198
1.656873971274764,0.17768678444755914,0.007253455691554376,0.001006144401418956,4.022428231093029e-05,0.25634226160852186,0.2560636481549389,199
1.6553122938173461,0.17602756899963387,0.0074135389783461505,0.0010073082398352592,6.928139616558508e-05,0.2583235446875466,0.25815018993897143,200
1.6517290534944569,0.17527380134881068,0.00716253321988547,0.0010137525743971485,5.063489764068936e-05,0.2571158202366761,0.25694878240646446,201
1.6559590534292408,0.17592871498277532,0.007190428055280483,0.0010216562566011,2.6925513461369292e-05,0.25518898000202056,0.2549272781514969,202
1.6524759514996172,0.17492116386774118,0.007147580215227659,0.0010229538671538817,4.00233690353594e-05,0.2563264025350399,0.2560649092871136,203
1.6495162858225525,0.17337862795993733,0.007212214386922735,0.0010241119047288676,7.195081958006454e-05,0.25848238289515774,0.25832112866132945,204
1.6459693600983627,0.17264691534967594,0.006960013764309061,0.0010307075694440807,5.126621682401124e-05,0.2571600430741729,0.25700586626810157,205
1.651829665620724,0.17329588865572781,0.0070859995361624885,0.0010386186363377662,2.6170535958473954e-05,0.2551157146087789,0.25487119463080166,206
1.6480098230171558,0.17228926399161182,0.007027448335806309,0.0010397371118155104,3.9723905743952014e-05,0.2563026903576133,0.25605804578255054,207
1.6444750027989539,0.1708376141522196,0.007052776414513089,0.0010407753822299641,7.439556480544072e-05,0.258625286360779,0.2584757814266042,208
1.6410594920393184,0.17016965448158547,0.006805636178465194,0.0010474872054648927,5.233616939970774e-05,0.25723437415397543,0.25709115131431126,209
1.6469543230898416,0.1708242332388773,0.006923545917410081,0.0010555528001406727,2.5674759046621074e-05,0.2550670266475144,0.25483769885648483,210
1.642875519681251,0.1698157963999599,0.006855687018510378,0.001056602294074289,3.9933865313187476e-05,0.2563193247513629,0.25609063281116984,211
1.6402711779346357,0.1684482965345263,0.006938451565186774,0.0010575641277534068,7.69530174542527e-05,0.25877228689990545,0.258634013953216,212
1.636728543093832,0.16783138682422644,0.0066812099500504285,0.001064215733774921,5.370962778110278e-05,0.2573286852696171,0.2571944794194774,213
1.6419668948365844,0.1684690232867668,0.006744632549991961,0.0010723376581133477,2.516166961215792e-05,0.25501614090832364,0.25479864367337957,214
1.637898270499082,0.16744229581340728,0.006686674106076325,0.001073321368496848,4.010277028781745e-05,0.2563326748130484,0.2561170565522984,215
1.6359849366040127,0.1661641559673886,0.006810539881649905,0.00107427407589917,7.947673072948026e-05,0.25891497227867144,0.2587864010987056,216
1.6321949535772846,0.1656316212347366,0.0065321203417386085,0.0010810037439192104,5.4788768845809925e-05,0.2574019435856949,0.2572752922349306,217
1.637630449093706,0.16625279394790976,0.006599027867288823,0.0010891583208806363,2.465564447065911e-05,0.2549654450425575,0.25475680298600795,218
1.633579909371817,0.16519331757777067,0.006551463353729536,0.0010900654620330057,4.013867996888835e-05,0.25633550944825184,0.25612966875048576,219
1.6313149698798801,0.16394908790392332,0.006651119294281664,0.0010908641686617597,8.181220451284524e-05,0.2590450099233138,0.2589239916002906,220
1.627409736855986,0.16349525265939716,0.006358545277780381,0.0010976778170945195,5.515318173286373e-05,0.2574265188165697,0.2573058951732365,221
1.6337488056964318,0.16408597637012576,0.006478920452551421,0.0011058126812899078,2.408368526636225e-05,0.2549075131447977,0.25470576696459274,222
1.629573071629681,0.16302417038737088,0.006431591985642438,0.0011067659690887656,4.023031332259259e-05,0.25634273705292854,0.2561447255249733,223
1.62670915120697,0.16181410563686463,0.006489843419412099,0.0011075069653395905,8.416202657153445e-05,0.25917398640567635,0.25905931862410386,224
1.6228260017144431,0.16144989833211984,0.006191769607613459,0.001114427908425775,5.543253739979648e-05,0.25744530304284496,0.2573299435994551,225
1.6297693271224385,0.16196208059100706,0.006350676652936004,0.0011223920977987396,2.3627429466304573e-05,0.2548608054339075,0.25466539863462573,226
1.6254306132091476,0.16088167168947276,0.006302507483607335,0.0011233250081152067,4.0566232410514286e-05,0.25636916261454473,0.25617846433883784,227
1.6224906687986644,0.15970201267364925,0.006352177772619974,0.0011240760174788542,8.638147776717993e-05,0.2592941636400044,0.2591852889072348,228
1.618624046135498,0.15944935208435385,0.00604780935386062,0.0011311392310349516,5.584554226584771e-05,0.25747298750606795,0.2573622268779866,229
1.625561183019491,0.15987997211628305,0.006206076851672435,0.0011389558357871065,2.3308670561486615e-05,0.2548279054010499,0.2546384337615266,230
1.6211361649558833,0.15878053809435164,0.006162412934525812,0.0011398997330378448,4.117679385094476e-05,0.25641691466757544,0.2562335091269049,231
1.6185599817916405,0.15762952695739973,0.006230599426638532,0.0011406987723533318,8.856328123883607e-05,0.2594108066199894,0.25930758481551325,232
1.614644334133672,0.1574809770613059,0.005916709265610042,0.0011478259696457082,5.634406163749118e-05,0.2575062681565137,0.25739964479340816,233
1.6213534259817215,0.15781731268458687,0.0060609751656010985,0.0011554336502786746,2.3060009976139966e-05,0.2548020839201476,0.25461797716923923,234
1.616915775143721,0.1566936687277709,0.006026446780655463,0.0011564345943846585,4.18319422007526e-05,0.25646776176128594,0.25629139711455157,235
1.6146930593717446,0.15558020019177007,0.006111268172042033,0.0011573905584072177,9.055151059846158e-05,0.25951585574703934,0.25941810547568367,236
1.6107104636356386,0.15555025205846326,0.005785593753897337,0.0011646226573402067,5.673319679545892e-05,0.2575321442362357,0.2574292691189165,237
1.6173049370321402,0.15578826979478708,0.005925939841512567,0.0011719560303579876,2.2946238135392804e-05,0.2547902231822111,0.25461084461733435,238
1.6128600872681365,0.15462791673000237,0.005900473988480956,0.00117300879113966,4.258241616599539e-05,0.2565255203751115,0.2563558054168778,239
1.610845341330547,0.15354442169031782,0.005991968100399696,0.001174164605733125,9.222110620510824e-05,0.2596031820874702,0.259510788784253,240
1.606829391589642,0.15363467535313174,0.005655903814213552,0.0011815095030825347,5.685010029062533e-05,0.25753990054912035,0.25744069228397015,241
1.6133425185875425,0.153775474903707,0.005797684391858224,0.001188530124775417,2.2988445598276628e-05,0.2547946267423311,0.25461977229142624,242
1.6088631478540207,0.15257921603091032,0.005778923143133028,0.0011896863375503008,4.361628969410729e-05,0.25660426299401434,0.2564410829204829,243
1.607134110793043,0.15153156807934504,0.0058800511756630066,0.001191154442299741,9.365455910452291e-05,0.25967752856387016,0.25959051624534857,244
1.6031144429534394,0.15173811838315984,0.005535476041754887,0.0011985935853698834,5.6814431169784896e-05,0.25753753482046915,0.25744215858808467,245
1.609317596930018,0.1517732880859597,0.005666745083981151,0.0012052100539410935,2.3185221440744497e-05,0.25481510347144737,0.25464493971245666,246
1.6048040660672478,0.15053283644987756,0.00565510415742243,0.0012064644250888463,4.501858864588286e-05,0.25670958930530646,0.2565531036999149,247
1.603643475827736,0.1495349883660024,0.00578165843237827,0.0012083797118318997,9.483763958345467e-05,0.2597384618694871,0.25965688938434783,248
1.5996103977787126,0.1498603298371914,0.00542758768264561,0.0012159314598833562,5.669422407073373e-05,0.2575295566981552,0.2574382342016342,249
1.6052053911448003,0.14978978811347207,0.00553093672607907,0.0012220975784492485,2.353721426261595e-05,0.25485151669713874,0.254686406867516,250
1.6006985289116813,0.1484923994484027,0.005529702046709433,0.0012234408168858824,4.681499345287007e-05,0.2568421483068456,0.2566927628959191,251
1.6003083592360339,0.14755200498980584,0.005692713702115698,0.0012258886505980414,9.572031083023259e-05,0.2597836757320668,0.25970762596901004,252
1.5962271014474745,0.14799384916400005,0.005326113352902971,0.001233531483326681,5.634122337979695e-05,0.2575060790949601,0.25741892130753946,253
1.601129068588618,0.14781578835444567,0.005399109039364568,0.0012391924577282692,2.4054457617569727e-05,0.2549045343935556,0.25474479275414813,254
1.5966720555383336,0.14645612477041942,0.005410576756354013,0.0012406703511897777,4.89640127528741e-05,0.2569974290102061,0.25685556011409233,255
1.5969789155737548,0.14558969125946578,0.0056028340451084735,0.0012437726842408603,9.611610543917211e-05,0.2598038821616323,0.25973333622187594,256
1.592836456305056,0.1461517465766982,0.00522059224617888,0.00125148543921335,5.552070696128565e-05,0.2574512218435157,0.25736808935828537,257
1.5971884700640253,0.14584708391894874,0.005279746384200186,0.0012565117872553042,2.4868632268052296e-05,0.25498684592383325,0.2548327378614248,258
1.592779823504747,0.14441384930017487,0.0053022377127555295,0.001258161477995333,5.157305897112173e-05,0.25718143850291303,0.2570476529642382,259
1.5936019986161036,0.14364467785983623,0.005508830574003063,0.0012620669389093737,9.566449392360828e-05,0.25978082276312214,0.25971578956805386,260
1.589419882848342,0.1443354994921816,0.005108666312733324,0.0012698245321157227,5.4042112328008225e-05,0.2573513340509059,0.2572720114276836,261
1.5933203222969214,0.14387996176431578,0.005171490440638724,0.0012740788943212374,2.6219496623473062e-05,0.25512049769294676,0.25497249055954047,262
1.5889285571800815,0.14236124585897827,0.00519973705687669,0.0012759855317169143,5.499263735679397e-05,0.2574157020811784,0.257290934251417,263
1.5902294673409958,0.1417321480557992,0.0054131150223908926,0.0012808967923643466,9.386288381215525e-05,0.2596882859068132,0.2596287668348516,264
1.5860057686029772,0.1425460993176569,0.004990953260179743,0.001288581158649117,5.1760944731549886e-05,0.2571945079561809,0.25711864570624726,265
1.5894315656116247,0.1419002548635043,0.0050722383346548236,0.0012918728924319852,2.847433238654981e-05,0.25533613459224463,0.2551949641744718,266
1.5850420750665788,0.14028044170080764,0.005099292186692869,0.0012941973261691828,5.957603387868244e-05,0.25771855128108134,0.2576041557223795,267
1.5867915761624847,0.13987519936363807,0.00530875919090841,0.0013004109764640946,8.987945383926299e-05,0.25948047751114167,0.2594263002471141,268
1.582473257449918,0.14078665046788785,0.004856978191435523,0.001307799194083415,4.847083194371773e-05,0.25696209967924316,0.25688897165813984,269
1.5855192524676,0.1398862187411221,0.004988555799131466,0.0013098988875376654,3.242461195468961e-05,0.2556942613177382,0.2555611896440834,270
1.5810973098350216,0.13814530100936184,0.004999866954460693,0.0013129374735261008,6.558445988608432e-05,0.25809842329630184,0.25799625100361273,271
1.583095123366432,0.13811333991431404,0.0051769708580948915,0.001320786284498263,8.236826498444238e-05,0.259075696391156,0.2590261819814254,272
1.5786567971114551,0.13903826503612254,0.00469503276985981,0.0013274141110506702,4.4229426234081856e-05,0.2566505207490904,0.2565787206829808,273
1.5813863657090164,0.137785296882444,0.00491676471832396,0.001328191808230894,3.9690330672442764e-05,0.25630002624379,0.2561776430527748,274
1.576877214808011,0.13591575856101018,0.004886740145400338,0.0013325568828945363,7.279515175148734e-05,0.2585320074866052,0.2584447378114683,275
1.5789760571027576,0.13652354026299868,0.004990328163381652,0.0013422256040445777,6.95931224873152e-05,0.25834224924629534,0.25829561040640536,276
1.5744595429690311,0.1372313530018844,0.004509778531474521,0.0013471676077108465,4.0374196835071825e-05,0.2563540693130522,0.2562816271654822,277
1.5767313297637968,0.13546492922038486,0.004842393779646015,0.0013470082598295591,5.302082860886296e-05,0.25728154026349254,0.257175162278299,278
1.5722721604652645,0.13359904945312126,0.004745756481409465,0.0013538482062692566,7.750995858848526e-05,0.258803974022479,0.25873375248928726,279
1.5743329144343252,0.13512332377985137,0.00471660039256183,0.0013644072875200624,5.2198571742725217e-05,0.25722485790467364,0.25717678966392576,280
1.5699127860692752,0.13520846207385653,0.004348560356852978,0.001366653740136517,4.1421331034728514e-05,0.2564359405710998,0.2563626267068261,281
1.572259123517554,0.13270864072220315,0.0047927262123553405,0.0013675819089650025,7.225826417430596e-05,0.25850048611399995,0.25841763720126876,282
1.5679759191179938,0.1314290263741629,0.0045966016374755555,0.0013775655585907944,7.099752875122309e-05,0.25842600313026426,0.25836855961211375,283
1.5704672570464544,0.13356941387886667,0.004490822624800581,0.0013858280344172993,4.016639496264052e-05,0.2563376963450958,0.25628326252818034,284
1.5665124412737954,0.13292088401034083,0.00433309733662674,0.0013868636493372549,5.1317343623701674e-05,0.25716361247023467,0.25709716789454407,285
1.5677210114771483,0.1299226928939875,0.004692239049756965,0.001391785114201636,7.969344380915255e-05,0.25892711844937394,0.25886590721533864,286
1.5639580308070502,0.12949218996409606,0.004421472514577606,0.0014021330035359695,5.7695734280264944e-05,0.257595770815412,0.25754177796456884,287
1.5658975262062036,0.1314070971913266,0.004354692399295012,0.0014063186861217297,4.389228550131589e-05,0.25662512531966875,0.25656833279221064,288
1.5617729024685847,0.13036341284902261,0.00423707575560694,0.0014092530200471248,6.360407457564084e-05,0.25797521627140235,0.2579212826849501,289
1.5635408408828475,0.12768000391809659,0.0045445365116121034,0.001419044755628446,6.736812098111687e-05,0.258207808537065,0.25815710424321076,290
1.5593543412424127,0.1275714646935492,0.0042222864777878835,0.0014254132428941364,5.279660849260603e-05,0.25726612747566446,0.25721142554878124,291
1.5608858016237253,0.128888795267995,0.004258366737636646,0.001428312865494926,5.785236265884449e-05,0.25760607406346037,0.2575559134384099,292
1.5569618546140518,0.12801499961317936,0.004072192904787157,0.0014358869222353293,6.244764605508734e-05,0.25790238230251405,0.2578592416430248,293
1.558093959104528,0.12573714431923794,0.004276127369743617,0.0014451491688113327,5.621170241045304e-05,0.25749744639263616,0.257447581033587,294
1.5545324452202929,0.12557545311529703,0.004066720657771612,0.001448462573604722,6.116434899234098e-05,0.25782076396475057,0.25776945394371703,295
1.556102764932272,0.12638658624484997,0.004121418247628579,0.001455473610684654,6.142437539350396e-05,0.2578373704387061,0.2577987478858935,296
1.5524024296415644,0.12590166210471374,0.0038816696115094827,0.001464199240954091,5.457676737168075e-05,0.2573876090429638,0.25734800189651114,297
1.5549553307642212,0.1237600909527937,0.004222249315739555,0.0014691389400488034,6.307782615619332e-05,0.2579421550070616,0.25789280808148585,298
1.5514886438569215,0.12309018249746229,0.00404193001069901,0.0014764157862332222,6.455428738482799e-05,0.2580345682761943,0.2579928021861957,299
1.5512739363597532,0.124212650533646,0.003918107086512517,0.001485781225542245,5.396520907808427e-05,0.257346101624541,0.2573132123483308,300
1.5480711927673156,0.12353679602252893,0.003771568235645497,0.00149005622033068,6.014507625157837e-05,0.2577553256702461,0.25771623678682004,301
1.5500235036468162,0.1213902442824895,0.00406148489763474,0.001497883001442332,6.585924448739976e-05,0.2581153708779944,0.2580755285852261,302
1.546650261103589,0.12071122405621681,0.0038586280345754512,0.001507929978208701,5.786320914696399e-05,0.2576067870449332,0.25757343854006914,303
1.547871091742958,0.12191275398345908,0.003866963127320667,0.001512680969010943,5.986431938386546e-05,0.25773720358940266,0.25770385648903044,304
1.5446943224837604,0.12118891926419731,0.0037137610507192356,0.0015196305257132153,6.308897779803497e-05,0.25794285702993797,0.2579101571483804,305
1.5456942248223133,0.11899375513519503,0.003913065531361583,0.0015310476581342882,5.864186397952682e-05,0.2576577975932723,0.25762805631077185,306
1.5423980559981285,0.11860318518519616,0.0037313266467887706,0.0015367865909311077,6.242437919951937e-05,0.25790091002350485,0.25786939723149405,307
1.5436355698302309,0.1195405153084497,0.0037538321991930175,0.0015431349834046355,6.30322904621698e-05,0.2579392877805361,0.2579104804980805,308
1.5403866021233672,0.11885399729715888,0.003568257155014601,0.0015532827579740561,5.816070369350697e-05,0.25762631652198537,0.25760245323306213,309
1.541706314208338,0.11689174018112569,0.0038030181668254007,0.001560997665605067,6.335296969165084e-05,0.2579594578767433,0.25793196590820816,310
1.538501698827952,0.11628856169088075,0.0036315042116621377,0.0015687964679566404,6.403619146662902e-05,0.2580022616469739,0.25797472639161373,311
1.5397670676635808,0.11722135639360146,0.003640214234240207,0.0015777476063582117,5.9189322960352436e-05,0.257693459752306,0.25767284175585664,312
1.5368990014719255,0.11650892505591887,0.0035053245096982244,0.0015845994187010653,6.191783605373804e-05,0.25786878872849806,0.25784769613706804,313
1.5371928566537414,0.11458995594540823,0.0036567161750127603,0.0015944430823442194,6.343691854046566e-05,0.2579647296589693,0.25794115021981195,314
1.5342347649437265,0.11394787302189244,0.0035009195283406467,0.001603664135420585,6.272629039265676e-05,0.25791999308034147,0.2578992093565076,315
1.536781165587522,0.11491313676253832,0.0036065741244091596,0.0016098509925377223,6.260749024606223e-05,0.2579124895100128,0.25789411089037606,316
1.5338375685464214,0.11426662783446664,0.003448368152853807,0.0016195707186332483,6.084150718327611e-05,0.2578000966137142,0.25778356797809987,317
1.5329286524606018,0.11226781754278764,0.003530015015376618,0.001629710873889239,6.396020346817547e-05,0.2579975123299796,0.257979321758541,318
1.5301341091161826,0.11188528865875341,0.0033720859909940593,0.0016368832899384248,6.505150709944263e-05,0.25806545145044235,0.2580468459971297,319
1.5333489255106407,0.11265870685172606,0.0035208620170226676,0.001646676829690266,5.992163841962348e-05,0.2577409068215309,0.2577282801695361,320
1.5304196946851345,0.11199301921091077,0.0033803015839750745,0.0016542515464097209,6.330587484319903e-05,0.25795649890612693,0.25794290121165186,321
1.5293865989783444,0.11023253619267569,0.0034343375644824456,0.0016640533211436266,6.55407652227678e-05,0.25809572512025747,0.2580798126455555,322
1.526962572623635,0.10954798162923532,0.0033094501224214586,0.0016747206616428017,6.211447284802942e-05,0.25788127355495477,0.2578686358143667,323
1.529659911931302,0.11038741939960216,0.0034432914658447207,0.0016798406034002988,6.561181545944334e-05,0.2581001120646225,0.2580877821137973,324
1.5266069014592214,0.10976540703879994,0.0032715836177548236,0.0016908261348539547,6.201493303201533e-05,0.2578749560654022,0.25786502458832256,325
1.5264384563397653,0.10796507832135196,0.003385254873511303,0.0017018068986275972,6.377981142397932e-05,0.257986226356921,0.2579750859089045,326
1.5240018287843542,0.10756213754458084,0.003259250401341462,0.0017085909285267078,6.759523234974973e-05,0.25822163197605863,0.2582091956542905,327
1.5257906809012116,0.10822798018935757,0.0033143437926100357,0.0017191897422871713,6.016227157711221e-05,0.25775643420503985,0.2577492858854942,328
1.5230277104556347,0.10757459881215567,0.003188385480926672,0.0017263596290924815,6.515187822108991e-05,0.25807167134000697,0.25806355551351134,329
1.523502901536833,0.10598299897948887,0.0033271149844652363,0.0017380096672909883,6.56957787717848e-05,0.2581052932563717,0.25809543324412765,330
1.5210541507928956,0.10537398873993792,0.0032014547723349467,0.001747956857725662,6.438639094289296e-05,0.25802411309384987,0.2580163249859465,331
1.5227165745119247,0.1061170536106105,0.003266316705857753,0.001753359942619752,6.565873210993096e-05,0.25810300759656135,0.258095888970534,332
1.5202136585382313,0.10557334013052116,0.0031273184432758596,0.0017652936464246309,6.250933850886526e-05,0.25790628474751986,0.2579010787761331,333
1.5199427128535565,0.1040124572763289,0.003225606556731667,0.0017751775717424415,6.727794413497715e-05,0.25820231334045324,0.25819490353539387,334
1.5172903758811178,0.10351659077817513,0.003077895146966188,0.0017842828236445938,6.566473237803619e-05,0.2581033778375463,0.2580964461217775,335
1.5207068139370543,0.10416068859579665,0.0032588117900732416,0.0017930569079391008,6.393210546948847e-05,0.25799575546583864,0.25799201744137873,336
1.5185735535054896,0.1036876918730872,0.0031509178776205813,0.0018014244431167929,6.506006881947969e-05,0.25806598219806365,0.2580611366844757,337
1.5158064622888352,0.1020938312775319,0.0030762173125305535,0.001814038636989456,6.644658261300142e-05,0.2581514773270249,0.2581464834638298,338
1.5132925759581495,0.10159409592446476,0.002940917184240623,0.0018221159230359218,6.608324005686115e-05,0.2581291598616869,0.25812386592111414,339
1.5194988289585427,0.10228988116249958,0.0033085305137452604,0.0018299064864940686,6.594524430149533e-05,0.2581206677251009,0.25811780566921066,340
1.5175135301957703,0.10192021223777287,0.0031931875180781447,0.0018410433099294023,6.318745509926694e-05,0.2579490537235112,0.2579460746108823,341
1.5115413152368349,0.1003128567734226,0.002916102568885532,0.001851571381014047,6.872149897978579e-05,0.2582898431215425,0.2582857477235236,342
1.5096019399436404,0.09977790517035835,0.0028111264904166497,0.0018605908196085246,6.417943066254145e-05,0.25801120656721205,0.25800740844506725,343
1.5203240060143899,0.10036367986562306,0.0035041422791956822,0.001868562275692462,7.127111587601059e-05,0.25844222221195406,0.25844064268020667,344
1.5205278727204095,0.10042995714196491,0.0034939545501118446,0.0018798280814241203,6.335832216143628e-05,0.25795979410295494,0.25795717225175624,345
1.5047227606925708,0.09870083870922125,0.0025588403409380327,0.00189050292078626,6.453003981528997e-05,0.25803305918161257,0.2580304860337419,346
1.5461871326425927,0.0979627246812322,0.005407248961049034,0.0018953127996477954,8.930042765682924e-05,0.25944989035157706,0.25944790057882106,347
1.511779887488087,0.09720315120330458,0.0031563698968771507,0.0019031027526907787,7.88015393292181e-05,0.25887702311190064,0.25887386259190187,348
1.6108750883089942,0.0986914448406105,0.009496318213946833,0.0019337593724252685,3.686259671958602e-05,0.2560714575449052,0.25606890407569,349
1.662754965796899,0.09936827606882744,0.012835574411849602,0.0019555387223920244,2.8944280886700007e-05,0.2553799889299793,0.25537924659580835,350
1.528533003050494,0.09814844617412484,0.004106001246644125,0.0019548173659618005,4.589444761023857e-05,0.2567745440887368,0.25677454094610314,351
1.6529555393377353,0.09711098814955922,0.0125636441598132,0.0019458128705381558,0.00011654777524586739,0.2607957294911399,0.2607948002849955,352
1.8204543623868616,0.09679605076719568,0.023652512257302975,0.0019509249625830085,0.0001570008806303077,0.2625299992270673,0.2625244662982062,353
1.6773984903708277,0.09526803852464225,0.014267117095843718,0.0019466746436526117,0.00013913553258281848,0.26179557258393243,0.2617834996774286,354
1.523459174313279,0.09453284478995651,0.004099912254913674,0.0019489483551261362,7.165888070969205e-05,0.2584651568626749,0.2584541130993037,355
1.612255733882663,0.09642312041982153,0.009652951163199894,0.001991645961107228,2.7858232784066288e-05,0.2552780898802565,0.25527693856695727,356
1.6135244029007567,0.0991006822259975,0.009514897611946243,0.0020185365205592225,2.4561854273905224e-05,0.2549559917548262,0.2549402224863488,357
1.5413521710920075,0.09775781471482554,0.005053749435321346,0.002001164607214556,6.154237066580447e-05,0.25784489456052817,0.257839400757639,358
1.5716796779130928,0.09588694798784787,0.007227252427324936,0.0019846431115966294,0.00011485290482188624,0.26071694475220836,0.260708465421566,359
1.565587433887446,0.09653607404746316,0.006775382638307867,0.0019766007025440136,0.00011264503832107523,0.26061343668757087,0.2605837018237397,360
1.5352079822531748,0.09323334923556777,0.004922124802627831,0.0019836979563429454,5.4702439451012816e-05,0.2573961097511471,0.25739537859134115,361
1.558464515191605,0.0960703357688285,0.006136469631295828,0.002009396953195228,3.2727137466478874e-05,0.2557207637135682,0.25570257028383625,362
1.5363933290874086,0.09715588743783071,0.004735183985589579,0.0020107895646932937,5.4007629331633443e-05,0.25734898832028147,0.25734273728236967,363
1.5255950924156108,0.09586603771965589,0.004173131020118475,0.002008832221263072,9.150083395932116e-05,0.2595656068265072,0.2595593205095748,364
1.5478476703452437,0.09758585892955174,0.005540941947848757,0.0020104385576238323,8.812854017647623e-05,0.2593876802340342,0.25938028691383846,365
1.533498772033841,0.09442528859247486,0.0047739755387483105,0.002011409571690067,6.918097646901362e-05,0.25831751023257643,0.258317508940522,366
1.5178158817999707,0.09453702501814325,0.0036705341215081434,0.002011766313307225,5.379713211734104e-05,0.2573346528286853,0.2573290429556633,367
1.517887639959495,0.09550061074534952,0.003616534380680908,0.00201549849737777,5.4759270220016294e-05,0.25739995069037735,0.25739967823791843,368
1.5128832071105778,0.09464182802565034,0.003399342396903089,0.00201960495854966,7.866389635148777e-05,0.2588692669568284,0.2588630521420588,369
1.5076782572995169,0.0941371510809469,0.0030953774133933073,0.002027501964306422,9.090514401230657e-05,0.25953441891319584,0.25953425767340205,370
1.5309136030342356,0.09621395202833254,0.004374593839134816,0.002030607978647084,4.286789860989606e-05,0.25654735813973056,0.2565466879085594,371
1.5272800301963625,0.09652568153260863,0.004061480978386009,0.002028614936309776,3.606438433169447e-05,0.25600536296419246,0.2560053625416419,372
1.5139202739939053,0.09211855577284216,0.003640121352827249,0.0020241102571024495,8.043670825913411e-05,0.2589686514180859,0.25896821034495693,373
1.5199452409984877,0.09399232102496684,0.003917121779353192,0.002037710730817541,0.00010545795418902665,0.2602692723300644,0.260268617252242,374
1.514009179014934,0.09401411384554793,0.0034655515369611772,0.002048230168079897,5.699741065207968e-05,0.257549662949568,0.2575481141103461,375
1.5118524911841584,0.09514733724298605,0.0031922979923480754,0.002048649184353552,4.5672179449095204e-05,0.25675811952018424,0.25675761736868424,376
1.524019278297748,0.0912630665758701,0.0043762479570789645,0.002041797605834222,9.471700072212908e-05,0.2597322659603059,0.25973185609807875,377
1.514975343977039,0.09170142816472264,0.0037442534365618226,0.0020449677117187716,9.317468533300358e-05,0.25965270352455744,0.2596524063422541,378
1.5305556345743876,0.09382878596114895,0.004491271493046264,0.0020579286024256013,4.057477625634676e-05,0.25636983329894486,0.25635836972918646,379
1.5254726598169217,0.09524018569123865,0.004084995829509471,0.0020630658579844237,4.4437152735234055e-05,0.25666611976604337,0.2566592590026763,380
1.517386062771608,0.09086442113815714,0.0039598225383378535,0.0020618446338222726,9.703698292025723e-05,0.2598507351461836,0.259849594562822,381
1.5153996523792055,0.09127530165591764,0.003797779425427324,0.0020695850693438216,8.384903732101755e-05,0.25915691199701174,0.2591565502937713,382
1.5218179760325423,0.09208664154454552,0.004030674642955973,0.0020674105455942052,4.156367898953737e-05,0.2564469899169719,0.25643139794662223,383
1.5151384658518217,0.09212688209607384,0.0036756579340777675,0.002060465706010031,6.049939525732001e-05,0.25777813571862307,0.2577635449081343,384
1.528413553090609,0.08955050866155369,0.004778391705576559,0.0020729860227634202,0.00010393195382163884,0.2601947022429122,0.26019197339649375,385
1.5288415316581039,0.09049679056901565,0.004734901102199425,0.0020925732966791785,7.510296292112623e-05,0.25866619656603324,0.25866159280295775,386
1.5109109500547222,0.0919581396876063,0.00330021303243559,0.002087773011354342,3.968986579636218e-05,0.25629998934890863,0.25628984430840035,387
1.5156788655617484,0.09106974833477698,0.003822473510169475,0.0020700655081371615,8.098982657996808e-05,0.25899943479225046,0.2589787781097055,388
1.5204350084193297,0.08868258315413963,0.004308688169118434,0.002080239819143812,9.643209182823424e-05,0.2598199843089607,0.25981896993179865,389
1.5209889487381607,0.08909907405349664,0.004243605959780064,0.002100716482534264,5.3567779267343935e-05,0.25731900124793977,0.25731453886350053,390
1.5189073786336407,0.09192499822605149,0.0038752360864215143,0.0020951760415770008,4.5802336092445005e-05,0.256767742318709,0.2567563855588351,391
1.5252129190080137,0.09141044317916018,0.004439384674509949,0.0020884709454409866,8.778473559506199e-05,0.25936935086305674,0.2593468581189839,392
1.5098635879425295,0.08924904639605082,0.0035666218935006587,0.0020986500130117584,9.520152794121963e-05,0.2597571270331599,0.25975705936809373,393
1.5156267474826481,0.08895291233409512,0.0038656640833373028,0.0021164794486296006,4.7424340552038614e-05,0.2568865332753163,0.2568823427088315,394
1.5164245002415375,0.09125586496063573,0.0038008863624954202,0.002100247033822741,5.50386783763451e-05,0.25741880572439696,0.25741095115434337,395
1.517556674506643,0.09045408737609568,0.003995226312817097,0.00209520973463436,9.141966149743658e-05,0.2595613629518723,0.25954529930119735,396
1.5162852557485587,0.08943894617516816,0.003967003515523539,0.0021217793681902178,7.375978221076721e-05,0.2585883515421044,0.258587310888027,397
1.520038271406538,0.08929179135697463,0.0041639297665945684,0.0021354212771199066,5.2883306360396336e-05,0.257272090920801,0.2572664474448691,398
1.5087987653838966,0.09035775256566417,0.003393326611920064,0.002113264469805148,6.757767067993487e-05,0.2582205638906303,0.25821604963756273,399
1.5101387779335775,0.08974752411610641,0.0035464479223553773,0.002108202723665627,8.428053762788183e-05,0.25918044321522016,0.25916986021246785,400
1.5195072146430788,0.08869264969805617,0.004194394343020087,0.0021375381262677524,5.9284188015663894e-05,0.25769962258917045,0.25769624312446665,401
1.5161027427179379,0.08850330742642915,0.003972712573936152,0.0021441892502750636,5.743946071720641e-05,0.2575788825506935,0.25757290614757306,402
1.5146662189967939,0.09013804623728697,0.0038209497793587404,0.0021251774848152043,8.163997017767681e-05,0.25903548394817216,0.2590282167471805,403
1.512780244959772,0.08989272842233197,0.003705065799732749,0.0021272244989309214,7.640581692159012e-05,0.25874104209585963,0.2587319606253537,404
1.5147521975656124,0.08764994098636157,0.003937567376932339,0.0021504766808107412,5.688720579518705e-05,0.2575423607574278,0.2575368120757084,405
1.5092433688004152,0.08729935268307551,0.0036205487471449695,0.0021505479614690936,6.517176386494636e-05,0.2580729030630218,0.2580678733950141,406
1.520035773015584,0.0896911181736911,0.004206787789839308,0.0021380350276973895,8.097253289050911e-05,0.2589984739200883,0.2589863190191635,407
1.513931211570255,0.08945147769214128,0.003804926341796074,0.0021431320566446506,7.251562043604422e-05,0.2585156103971497,0.2585065515022625,408
1.5123953666136578,0.08678605381983102,0.003850215266789357,0.002164057893273821,6.053681026471771e-05,0.25778054048667043,0.25777212725087184,409
1.505499837462337,0.08658079638346032,0.0034212137575036386,0.00216387210060485,6.600103253073258e-05,0.2581241019522611,0.2581198736168083,410
1.5206003665794237,0.08901537784767384,0.004285404431969933,0.002153224454053072,7.817900948871415e-05,0.25884188947503384,0.25882604227899264,411
1.5124474581130094,0.08857968598474178,0.0037676502255766854,0.0021562106260928178,7.468606538552217e-05,0.2586421100077193,0.25863262532021625,412
1.5109183355759621,0.08590864361370518,0.003814363676649454,0.0021767215250796342,6.193246957886318e-05,0.25786971851967166,0.25786020376822694,413
1.5038907406273208,0.08600440826543117,0.0033421126790322874,0.002179954249862518,6.23356541233959e-05,0.25789529316259985,0.25789125145133684,414
1.517637696848185,0.08815198082591866,0.004149184601283731,0.0021693123151699635,8.18472638260122e-05,0.25904694776297577,0.2590307150629717,415
1.5094073853580734,0.0876161818024194,0.003634041640847354,0.002170542512895318,7.823808287194937e-05,0.2588452293849255,0.2588353667277596,416
1.510427704021036,0.0851060836427406,0.0038204768936299315,0.002190486184067686,5.760367190902063e-05,0.2575897082887961,0.257580488674037,417
1.5043473919109205,0.0851984991130311,0.003422834907735489,0.002194066226141211,6.134776843649793e-05,0.2578324816269493,0.25782714554437347,418
1.5133374880835104,0.08725731110735632,0.003924627027307073,0.0021854189196742406,8.472501353782617e-05,0.2592046191413782,0.2591896932605734,419
1.5064539856718142,0.08685079449990661,0.003487626743025224,0.0021881127785250373,7.799446551357591e-05,0.2588314475321759,0.25882085728769094,420
1.51055049723054,0.08439517248948965,0.003875139363075348,0.002205874262092231,5.742882606948155e-05,0.25757818092087287,0.2575681331054836,421
1.5054360321078561,0.08432489811962318,0.0035521156993202066,0.0022083546790468756,6.106726972661882e-05,0.25781455499223205,0.2578069281311641,422
1.5093171225821465,0.08639289296330174,0.0037119709268105747,0.00220117375520626,8.156425877748134e-05,0.2590312933059159,0.25901731610075507,423
1.5035406148186998,0.08600900506466579,0.0033507628210452923,0.002204501314598494,7.910245983034759e-05,0.2588939563654398,0.25888325362460296,424
1.5111723511194346,0.0837212830169224,0.0039693575464475285,0.002221986883804517,5.979424321325493e-05,0.2577326737428431,0.2577205146216295,425
1.506089565212329,0.08358655744580443,0.003634441558382823,0.0022250020683678893,5.816812481372107e-05,0.2576268030532931,0.2576172491911993,426
1.5060647667092792,0.0855847460515204,0.0035477777083286178,0.0022167010797946264,8.011633950516137e-05,0.25895077312332077,0.2589376782736237,427
1.5007651668051043,0.08508885585217206,0.003230893042190015,0.002219257122796307,8.284050885002054e-05,0.2591016761560726,0.2590919019875678,428
1.511086775610282,0.08314498154693277,0.003991166291412139,0.002239070877243074,5.6882578121481604e-05,0.2575420539723262,0.2575285579377782,429
1.5058771478164663,0.08293651615257801,0.0036570351138346027,0.0022424920641176895,5.653702908363429e-05,0.2575191109237485,0.2575080215986493,430
1.502995982831343,0.08478594166273488,0.003400478472584163,0.0022329331197932425,8.426607571251412e-05,0.25917965553343447,0.25916856821420015,431
1.4981144242986204,0.08426251585515418,0.0031072322709561908,0.0022361339354991412,8.041823059173806e-05,0.2589676212337352,0.25895872652935775,432
1.5101131184757708,0.08245540208142452,0.0039689700576495445,0.0022547145924987993,5.610599937297191e-05,0.2574903938062676,0.257476180076256,433
1.5051536882998993,0.08219811874566045,0.0036643280840184876,0.0022589064455196474,5.833923570893258e-05,0.25763801254967106,0.2576254041230369,434
1.4999810784131087,0.08410272849208514,0.0032442778174429673,0.0022521726520254915,8.27582479548901e-05,0.2590971560366353,0.25908773728395074,435
1.495823112130759,0.08348610336303504,0.003005830427930775,0.0022543539994039,7.992162015626225e-05,0.2589398892697987,0.25893165559879955,436
1.5087950366463452,0.08169324092880109,0.0039394012985795425,0.0022700622498950636,5.813702065104749e-05,0.25762476364558584,0.25760994307063595,437
1.5042961003853432,0.08145635367121315,0.0036520067339375823,0.002276111300037029,5.718110374251944e-05,0.2575618188118018,0.2575481859908562,438
1.4973874857763176,0.08342187018152608,0.0031151818893172035,0.002272241666773372,8.074699349123801e-05,0.25898593308962614,0.2589776565637118,439
1.4939888388048024,0.08271574235442476,0.002938495595524167,0.0022731137279033095,8.390830398326225e-05,0.2591601475961505,0.2591524105532007,440
1.5072006756080112,0.08099274470659233,0.003869175981787174,0.002287924861925224,5.5377377992223596e-05,0.2574415978117756,0.2574269561516962,441
1.5028179886127995,0.08066213831025726,0.0036008334736982446,0.002293487817231996,5.579382439893357e-05,0.25746952638384346,0.25745540718644605,442
1.495773658664815,0.08265964284827954,0.0030616432276214054,0.0022910022002375365,8.455010069137852e-05,0.25919511286996405,0.2591875421087972,443
1.4926921791488588,0.08205708573489842,0.002893786189166408,0.002294193817508305,8.140238792437913e-05,0.2590223271900535,0.2590143740781395,444
1.5047937867511998,0.08019481110140188,0.0037710556200162455,0.002305156631999205,5.774993295299318e-05,0.2575993376654149,0.25758469035833437,445
1.5004840210736639,0.07984147955999635,0.003502816108030527,0.0023112372408977773,5.653077071698414e-05,0.25751869474822486,0.2575046714780236,446
1.4946817395959837,0.08201241794070725,0.003029594967442732,0.0023123683551600177,8.16189759324352e-05,0.25903432210696714,0.2590265821227453,447
1.4918872291680383,0.08130007760168462,0.00289386551272614,0.002314102011047793,8.595064478995257e-05,0.25927095705900705,0.2592630994406903,448
1.501587257250665,0.07945848943961151,0.0035976099490268683,0.0023242792842654535,5.540906149294712e-05,0.25744372631770857,0.2574305157623043,449
1.4977190521296673,0.07904400900526352,0.0033702438648540176,0.00233032740164655,5.616617001393488e-05,0.257494409250497,0.257480710623215,450
1.4940180470955329,0.08131059240992797,0.0030353219912550864,0.002333220490760011,8.598299524592962e-05,0.2592727016152753,0.25926542514997414,451
1.4916902283601876,0.0806798723012436,0.002919839607992047,0.0023364448820239678,8.300742873691355e-05,0.259110841274927,0.25910210996056066,452
1.4980970577368062,0.07857662015772271,0.0034375238503293673,0.0023416378486776548,5.90583236473076e-05,0.2576849413561398,0.25767204618237394,453
1.4944750822425037,0.07823083164099086,0.0032089500063978114,0.0023498128679296164,5.634220813416313e-05,0.25750614469179506,0.25749295885757967,454
1.4941871452046895,0.08078210802812759,0.0030801267742970335,0.0023570271023200585,8.374223746964387e-05,0.25915107848669455,0.2591429537135178,455
1.4918143438785243,0.07996724293483091,0.0029788159205299553,0.0023576033071030606,8.930716032149502e-05,0.25945024657464,0.2594414849046526,456
1.4943740013618765,0.07780394015258815,0.003228687937864264,0.002361464377429146,5.572545418304781e-05,0.2574649483710906,0.2574536901143253,457
1.491343224643699,0.07740996295507098,0.003056521196472952,0.002369718805573301,5.67530905576755e-05,0.2575334647113845,0.2575207007710954,458
1.4940021916869468,0.08012770830572685,0.003114141055997198,0.0023798286249156982,8.92549102505458e-05,0.25944748168828846,0.2594397091848585,459
1.491687713722971,0.07938205734147817,0.0030078492482980886,0.0023820033667118078,8.606303869048143e-05,0.25927701669129044,0.25926753954773407,460
1.4914647372879615,0.07690757547508605,0.003105677200256425,0.0023798344537883658,5.869340137234244e-05,0.257661161881356,0.257650015667503,461
1.4890635538696864,0.07656462810591576,0.002960078917379483,0.002390021410614869,5.655639586223723e-05,0.25752039865048637,0.2575076643638036,462
1.4930213902693632,0.07948560526528534,0.0030906295449816467,0.0024047045331239618,8.709423461509516e-05,0.2593324291915393,0.2593243145986277,463
1.4904445356684588,0.07859359701735703,0.0029792522088043357,0.002404711803139777,9.14561807790066e-05,0.2595632724931901,0.25955433610440115,464
1.489986087884917,0.07610386736929073,0.0030503427962742568,0.0024010085494439643,5.5971033543581185e-05,0.25748137912042834,0.2574701056601319,465
1.488001400376966,0.07571477110532325,0.0029415284341517715,0.0024108969067615526,5.550756999260771e-05,0.25745034026019,0.2574369385707023,466
1.490696513331106,0.07862414767203633,0.0029943451413431063,0.0024276299302852292,9.097747029377148e-05,0.2595382110635995,0.2595310726004227,467
1.4880887625548815,0.07781271556448621,0.0028738756244178244,0.0024292243084191056,8.91128596683393e-05,0.25943996078743653,0.25943154043165784,468
1.4895923727942784,0.07521557766086942,0.0030851817558475787,0.002421843631969705,5.656640554372013e-05,0.2575210641230959,0.25750824796509436,469
1.4874731354117698,0.07483927599910817,0.0029602446457036987,0.002432012388644897,5.4503674910140134e-05,0.2573826604222421,0.25736841268863514,470
1.488297075965431,0.07777287804182606,0.002890869196571137,0.0024516480208910387,8.967556648409487e-05,0.25946971839518446,0.25946278301708653,471
1.4857678709907531,0.07692898284676525,0.002778715827484443,0.002452287545846501,9.243309975330558e-05,0.2596142134235363,0.25960671300146043,472
1.4888629426992943,0.07436568575328678,0.003080217904487227,0.002444637102513544,5.349736914170569e-05,0.2573141895751823,0.2573003634805993,473
1.4860417448280998,0.07399101254113619,0.0029211040817759496,0.002453821931768168,5.4488670563528455e-05,0.2573816441639738,0.2573668962901748,474
1.4872971499522287,0.07694172267845262,0.002879839600441029,0.0024755999156224713,9.286960613278435e-05,0.25963688778251487,0.2596297639281615,475
1.4844652032035774,0.07616227257117361,0.0027428217051194284,0.0024769305210723134,9.096261180644925e-05,0.259537432139022,0.25953005437487725,476
1.4872435675059517,0.07340371915504348,0.003042117968162645,0.0024660760558561116,5.493395014881454e-05,0.25741174406930073,0.25739669218434263,477
1.483701621788759,0.07322121349980926,0.0028113573127268804,0.0024770457314546414,5.328854199880107e-05,0.2572999001362211,0.25728590170233445,478
1.4870920869993145,0.07615627021966408,0.0029178600707529807,0.0025007301525536343,9.603674688064945e-05,0.2597998340231174,0.2597919861554801,479
1.4834857025406851,0.07537072273769584,0.0027303761951888847,0.0025010172356587992,9.252656237801888e-05,0.2596190728439917,0.2596118905544063,480
1.4856518424677083,0.0724832823513949,0.00298795869983547,0.002488618066481749,5.280506846740799e-05,0.2572667096038997,0.257251105528241,481
1.4817316135454435,0.0724352055574459,0.002737539833460663,0.0024998047630368967,5.450148327988418e-05,0.25738251198982326,0.2573683690716681,482
1.486479555779371,0.07538947758195699,0.0029275891229046443,0.002526933600515441,9.737750261064298e-05,0.2598680039831084,0.2598598385835152,483
1.482456413165434,0.07461577723689511,0.0027120503489827287,0.0025259370186768285,9.355636309956152e-05,0.2596724538303143,0.2596655501598037,484
1.4839184843630266,0.07154945063804775,0.002933055871427161,0.0025103538138063516,5.2481711536119386e-05,0.2572444262392628,0.2572285702794405,485
1.4799843535355959,0.07167462498526643,0.0026686928770646295,0.002523041550144534,5.3790774976749676e-05,0.25733421945245366,0.25732024259944863,486
1.485393363190338,0.07461773464473842,0.0029052582292347874,0.0025532704368541447,0.00010051651706380472,0.2600257925903045,0.26001804505891507,487
1.4815706688255896,0.07393618228154565,0.00269821135316846,0.002552326573526183,9.387168808591725e-05,0.25968874027342653,0.2596818969703341,488
1.4816117635739492,0.07066811618123597,0.0028383707928594853,0.002532065779257403,5.254909042458766e-05,0.2572490751427053,0.2572336306053921,489
1.4778405129288172,0.07092226423680918,0.0025764452490137425,0.002546226250253487,5.39093986650906e-05,0.25734230200040087,0.2573286444172607,490
1.484414546900939,0.07394705933130005,0.0028836565458485426,0.0025813360699993232,0.00010226177995896595,0.2601124566727856,0.26010505760946945,491
1.4805438924703156,0.0732514260215365,0.0026751672388170508,0.002579341633165178,9.545057110536599e-05,0.2597698808132631,0.25976331943773817,492
1.4794138355185136,0.0698147020216085,0.002745947698298384,0.0025540127361547826,5.1918865081116144e-05,0.2572054746603618,0.25719073102755224,493
1.4757487869698198,0.07015369973490305,0.0024899362005682546,0.002569822811869573,5.430202400494603e-05,0.25736899070463154,0.25735572574889315,494
1.4831470160070843,0.07332607138430594,0.0028394217498475902,0.00261064136535468,0.0001038600212217928,0.2601911736920628,0.2601841796100035,495
1.4788630201470665,0.07250768061412925,0.002612497673954128,0.0026067579952352097,9.649687135127231e-05,0.2598232821068761,0.2598172836779675,496
1.4781716723424407,0.0689565035529291,0.0027164451871652855,0.0025760184614321787,5.111229797980448e-05,0.2571492865364178,0.25713446523964967,497
1.4745625828457067,0.069315440966213,0.0024625825202503333,0.002593937599175375,5.3373093331336954e-05,0.2573056891072189,0.2572921796399675,498
1.4812750215436645,0.07264475804590585,0.0027584610701512995,0.0026399421861532887,0.00010590779224141037,0.2602911511621106,0.2602849697754992,499
1.4772954867817145,0.07173815168285182,0.002559068350480391,0.002634986201367664,9.721443104767354e-05,0.2598597378792579,0.2598540487037391,500
1.4767135901692283,0.06809635065977884,0.00267524623508814,0.002598627463282411,5.084695544721927e-05,0.25713070511571046,0.25711595328974673,501
1.4733005517075972,0.06845071660895767,0.0024303917554347305,0.0026186960292967814,5.2134238373299655e-05,0.2572204043081603,0.25720674692147183,502
1.4796952327396105,0.07191007062202993,0.0026995684480687026,0.0026694052095296667,0.00010859459710400884,0.2604208731449917,0.2604152920398089,503
1.476030654400575,0.07097358422514242,0.0025253948937442403,0.002664004193923636,9.797534658589647e-05,0.259898249672841,0.25989271859220686,504
1.4749930269175224,0.06720745415174646,0.002619131475392432,0.0026222586125672176,5.0721272496962967e-05,0.25712188686353293,0.2571072086659392,505
1.4715216783602654,0.06762571509118652,0.0023631047398843886,0.0026443514284349187,5.134401118972939e-05,0.2571654735495799,0.25715217232898263,506
1.478839085141003,0.07115264568992305,0.0026883484954609766,0.00269934920885404,0.00011254392957455069,0.26060867237568164,0.2606033315027472,507
1.475098439279222,0.0702532450794897,0.002511022502931852,0.0026939025005653827,9.837420595058084e-05,0.2599183771833189,0.2599128766235131,508
1.4730866611199467,0.06630784002011522,0.00255314862301061,0.00264648996664228,5.0965996754138934e-05,0.25713904732819015,0.2571244786001925,509
1.4694553270332174,0.0668591472614144,0.0022729814597077062,0.0026708631870012386,5.060150777538462e-05,0.25711347367854726,0.2571009402358881,510
1.4782986132224227,0.07040975408014588,0.002693644083256186,0.0027297604740666006,0.00011825490248639864,0.2608745069996942,0.26086948296990736,511
1.4746403341096408,0.06960577620333436,0.0025236898444574115,0.0027252080092620657,9.78102731348295e-05,0.2598899076403589,0.2598841372738091,512
1.4703964595722643,0.06545335736140612,0.002437331977907846,0.002671155909741929,5.2339551003003954e-05,0.25723460786795,0.2572207712096273,513
1.4666951314856431,0.0661880384989161,0.0021316707833075647,0.002699735109908741,5.012416673271108e-05,0.25707984228162684,0.2570689067295139,514
1.478402512077785,0.06968881090512347,0.0027300226033935104,0.0027604089815234227,0.0001284208547742278,0.2613322925648003,0.2613278744528842,515
1.4753994992682398,0.06903800291475128,0.002612466990786785,0.0027585753971861777,9.518788567440244e-05,0.2597564279157078,0.25974952349684877,516
1.4659700372476203,0.064700443008824,0.002204993593611598,0.002697768504349828,5.5113824997003295e-05,0.25742386860046723,0.25741238110763137,517
1.462182452217108,0.06573692128022393,0.0018745841218503906,0.0027351217524399754,5.2886502281372285e-05,0.2572723106562751,0.2572642319567382,518
1.4827792318627926,0.06890138090595271,0.0030255659975407805,0.002790128319596363,0.00014795534530174525,0.2621636896253458,0.2621595661502156,519
1.483061309281772,0.06869461983386264,0.0031432929005492678,0.0027958037405385527,9.986771876945351e-05,0.2599933837497343,0.2599821184711038,520
1.4577648385667716,0.06447858138884126,0.0016587389559229852,0.0027374840109644833,5.150173759323867e-05,0.25717647111004,0.2571728544617927,521
1.4723094165018398,0.06540648720505615,0.0025775948740360535,0.002775458945341459,0.00014044155847172746,0.2618508041276416,0.26183254699410885,522
1.45528761203259,0.06749868236561396,0.0013698995375226004,0.0028335899852110977,8.057970810521837e-05,0.25897662008248196,0.2589756004661783,523
1.4718940828356393,0.059841442823467636,0.0029654157006958485,0.0026379990002882423,6.698104445654775e-05,0.2581841947958579,0.2581841918328794,524
1.466459959248082,0.059894656145279494,0.002340782072799099,0.0026593279731976062,2.574864840961488e-05,0.25507431260464064,0.2550718318903388,525
1.456526930172136,0.06762240192688142,0.0014455628586332492,0.00288320754144261,0.00010243494604121093,0.26012101506970575,0.2601157955903809,526
1.4628642772261884,0.0661432108884698,0.0019654531322658045,0.0028583046776977667,8.054845522031885e-05,0.2589748791200951,0.2589746039971838,527
1.4580907963320353,0.06263640597155276,0.0018659350367878902,0.0027843415243586685,7.036326833856861e-05,0.2583882816082061,0.25838819456782197,528
1.455133410570046,0.062337509055487926,0.0016315012564200107,0.0027967586277421754,5.2518503622548546e-05,0.2572469651318706,0.25724696134494496,529
1.4606333703191994,0.06540381714900043,0.00181606343870515,0.0028916294775698853,0.00013425927134670025,0.26158703030749036,0.2615760030878496,530
1.4584156043098222,0.06716375302600605,0.0015704385225249803,0.0029447936557293053,6.434036520258813e-05,0.2580212446168028,0.2580198609290928,531
1.4577524614243935,0.06095976580104414,0.001968659727088236,0.0028068215743059645,0.00010735397048785557,0.2603611761150873,0.26035997868015914,532
1.46115205820809,0.060321279635133854,0.001952911105174583,0.0028035378693364644,2.5326782351759532e-05,0.2550325721407407,0.2550308428445185,533
1.451201080124975,0.06214031759465314,0.0014384625967137242,0.002867985754255847,7.013548984347047e-05,0.2583746934178793,0.2583727344827652,534
1.4673374064214504,0.06686048484638973,0.00216275215679035,0.003001064358407471,0.0001364252677862448,0.26168012276417696,0.2616784689664246,535
1.456927114776528,0.0667642180431865,0.001505973115024799,0.0030158794068863098,0.00012150114072611262,0.2610227555867901,0.26101938862765484,536
1.4751798254790522,0.05748407646772254,0.002909480146599297,0.0027471869175210877,1.49105635113683e-05,0.253861419882811,0.25385971547358005,537
1.47035502197819,0.05570099305129446,0.0028706886306986016,0.0027216472338032417,2.4973522770384225e-05,0.25499735157562325,0.25499734953054154,538
1.4697889492806473,0.06617852052713268,0.0023647067887032575,0.00302635734866355,0.00013935186783229912,0.26180473921068564,0.261804737141293,539
1.4799120962494672,0.07244649301350825,0.002520515994794988,0.0031825428510637056,0.00017124267975047398,0.263085972632956,0.26308234145845383,540
1.45958913272343,0.0637789837226113,0.0019028224973897119,0.002995256132987124,8.365573852965935e-05,0.25914635110465695,0.25912997972335317,541
1.4671364083316283,0.05514381284340003,0.0025983612966358222,0.0027543529173789444,1.856974455468304e-05,0.25430926264628684,0.25430909790254413,542
1.468641494936479,0.057401950516728674,0.00291213430128058,0.0028354201591223307,6.842740957508399e-05,0.2582720861682579,0.2582650240890674,543
1.4553555191733014,0.06323431873739332,0.0016097693341677864,0.0030217415195324233,0.00013485917816539143,0.2616128884505704,0.2616127397010047,544
1.48151906393349,0.06524130050052275,0.0029930367140450866,0.003064416956166795,2.664146642716112e-05,0.25516153721551643,0.25514075853225204,545
1.4819774650377868,0.062048718050541796,0.003366082226291202,0.003000979680584256,4.1088039973943355e-05,0.2564099953177786,0.25637633355748096,546
1.4536720828451863,0.058229643245484734,0.001853658697273762,0.002914441023381677,0.00012433648871367636,0.2611506272789326,0.2611493453554917,547
1.4789154879677762,0.060555930200557925,0.003101829407121392,0.0029868242477116324,2.4261189180225295e-05,0.254925564859001,0.25490361966781294,548
1.4550546530440889,0.06061793977721197,0.001783539537780528,0.0030023049211702355,6.491877606216062e-05,0.2580572188788788,0.25805346143793123,549
1.4959294331615287,0.05816689443993653,0.004240023879552447,0.0029664390439222404,0.00023475567877736283,0.2653217387648192,0.26524524634341257,550
1.5032518840189883,0.05908643889448139,0.005113940090207233,0.0030131544721473335,8.558750512225085e-05,0.2592513515294929,0.25918148010141884,551
1.4684577972675554,0.0613857192287905,0.0016510824773104987,0.0030734274582611943,1.1818042335050305e-06,0.2510871081976993,0.25108703808182026,552
1.4736127908098406,0.059781533855719125,0.0030786006467088596,0.0030178987033800554,0.0001229185129342242,0.26108686217710964,0.2610728080567712,553
1.4824692938857724,0.057142185631877514,0.0031070214293188276,0.0029474562903342876,0.00029235680777088687,0.2670984446009246,0.26709777443813904,554
1.4496383499979195,0.057417451250334144,0.0015569472344348417,0.0029785666039412913,4.568423443352165e-05,0.25675901135030277,0.25675836217373144,555
1.4755065045277886,0.061434277690046044,0.0027043246631966184,0.003113589898787137,1.6861223590953298e-05,0.25410624202781,0.25410218590654543,556
1.4672986946091495,0.06234599806278784,0.0025092353830834927,0.0031420002702756632,0.00010608655358744403,0.26029983269706086,0.26028497935924594,557
1.461025809471887,0.05931427268616953,0.0020663038183291117,0.0030607320870817355,0.00018937379698399142,0.2637613152345258,0.2637569888645651,558
1.4675813516500646,0.05802750459557781,0.002705318508593822,0.0030053802334973952,4.4715341833350486e-05,0.256686953105365,0.2566813901845307,559
1.4573053095819084,0.05621880226585611,0.0019151054573411043,0.002978222128038539,2.1386794930079385e-05,0.2546245859198505,0.25462257497004226,560
1.4615620501178728,0.056858950979244115,0.0024552828774405747,0.0030295305639981705,0.00013018682159198354,0.261409943978477,0.2613948261842921,561
1.456291158472898,0.06156398176835674,0.0018310418476620573,0.00316766786946992,8.171573097142151e-05,0.259039675379759,0.2590333078715047,562
1.4556562640194621,0.061866737667180156,0.0017449326451868656,0.0031741309212883267,6.65238892780347e-05,0.25815621782924136,0.2581561130341401,563
1.4527773840658744,0.05573518180363029,0.00192831577087767,0.0030107909274496797,0.00013865598880425035,0.2617752277601858,0.261773951396489,564
1.4581928519598828,0.05552120377900778,0.001956460611923342,0.003015503995852398,1.7449456577316734e-05,0.2541772546699138,0.2541772516151945,565
1.449780960386984,0.05692255711932954,0.0015691082262507996,0.0030961759449661,4.111984511585334e-05,0.25641247573998166,0.25640885939614644,566
1.477590651460585,0.061387242189840464,0.002654088271647461,0.003176363772109381,0.0002651772499274013,0.2662842638742868,0.266272416562594,567
1.4794926168152218,0.06326691729191904,0.0029812579410834266,0.0032242689683619676,0.00020158842420155794,0.26419818383461624,0.26419553630971687,568
1.4558568012460216,0.058645422016790474,0.001743425320020557,0.0031755424961383565,2.806221696681166e-05,0.2552973783107129,0.2552969380821269,569
1.4661213043940071,0.054458641557069844,0.0028493479799995298,0.0030329960300863362,4.5230984004263046e-05,0.2567253984271761,0.2567214719553418,570
1.4640841200942663,0.052504968758331896,0.002954134611489047,0.0030120380273326083,0.00010280651586321767,0.260139354805076,0.26012482437289064,571
1.449879715904808,0.05781894247728319,0.0015996050778276816,0.003167665538041116,5.695081994463172e-05,0.257546576703687,0.2575459888736655,572
1.464007026440182,0.0600269827869086,0.0024473280775061555,0.003254317246423716,7.981796817984798e-05,0.25893409022675773,0.2589339077860498,573
1.4453519100796666,0.057364039913357305,0.0013025854876401873,0.0032007315128745875,0.0001464112602576861,0.2621000520766518,0.2620958630927213,574
1.4822638424931376,0.05413801671805335,0.0034419692734802836,0.003090686863547791,8.561647835360931e-06,0.2529260293633798,0.25292330976671556,575
1.4922322184347507,0.052266427988910354,0.00374034393189194,0.0030321475864842086,4.3670053373843873e-07,0.2506608332117399,0.2506590629810211,576
1.452492480083829,0.052267183551661,0.002070953454158313,0.0030576201571203727,4.2632484676454733e-05,0.25652935560958773,0.25652719457952905,577
1.4720351724802851,0.05840839527033806,0.0026790594635099337,0.003261622219088302,0.00022879573770713118,0.26512599542863646,0.26512433508100613,578
1.4792007685174293,0.06284428408395717,0.0029350205104744665,0.003398066827022369,0.00021359244798095533,0.2646148023586005,0.26461467337046657,579
1.455998168076053,0.05802878007738207,0.0019709489656598864,0.003282061209652021,5.1786544204096326e-05,0.25719628683447904,0.25719451261518195,580
1.4668649906395628,0.051198253426642776,0.002918161324587702,0.0030748305248467166,2.3825965529889493e-05,0.2548811848489777,0.2548666993530297,581
1.4576920992597886,0.050903418924016716,0.0025661708852274495,0.003042927235112894,5.331025376975306e-05,0.2573013871127172,0.2572978837291686,582
1.4552266715554825,0.05535051688916612,0.0021782861239094315,0.0032052837837729014,8.681102417424214e-05,0.25931724337850215,0.2593133880098487,583
1.457614107217087,0.05890645587113839,0.002052840051782646,0.0033207643092518255,0.0001327171984627077,0.26152029506838725,0.26152018480834643,584
1.4453748685178507,0.05624957988735129,0.0014474663654654367,0.003276641787511199,0.000111083174964361,0.26053960032279977,0.26052115550663024,585
1.4643364064383708,0.05261045380541296,0.002422600192771499,0.003138263070041136,1.1118619974387615e-05,0.25333445947259636,0.2533341817490781,586
1.4564992008825097,0.05021257156730476,0.002056513489728909,0.0030517457462735176,1.1024461116153068e-05,0.25332031039454944,0.25331514748307865,587
1.4718892790867728,0.0535327135726583,0.0031879331702591683,0.003171778397678787,0.00018643807595287702,0.2636542328950724,0.26365092829643333,588
1.469451318798701,0.05849928514952689,0.002213584784537169,0.003340882283072752,0.0002808316275353189,0.26675803173213725,0.26674760156045363,589
1.4679412512294174,0.06065767593580689,0.0026725662050388925,0.003440583437063837,8.81707585536905e-05,0.25938992857021237,0.2593887304383811,590
1.4616236081591794,0.05772782224222328,0.0021183173218877133,0.003351316275153942,2.2537789609935133e-05,0.254747398193741,0.25474680306893815,591
1.4608512920931633,0.050852140869004483,0.0028280645694196927,0.003148353068242474,6.814963851533136e-05,0.2582552794329042,0.25824938333712744,592
1.4600005230752877,0.04919751664101885,0.002898452546054906,0.003065904225676648,0.00011039557378859009,0.260506929798404,0.2605052682258951,593
1.4660941062101192,0.052911569636870215,0.0028870958597371986,0.003221000160019939,3.640328915477016e-05,0.2560335138314891,0.2560267242119355,594
1.4572835462151255,0.05704941830054935,0.001965828815049589,0.0033652340164292993,3.0167181137312097e-05,0.25549246585217533,0.2554869012069272,595
1.4734061006219419,0.055720140659152345,0.0032088228498656094,0.0033431490019371684,0.0001683604612978537,0.2629753790425503,0.2629602509383478,596
1.475213037507313,0.05394107976903868,0.0030946539949517895,0.003302240904243282,0.0002450189305939359,0.2656530805464591,0.2656114113384418,597
1.4578780287174176,0.053384200220188804,0.0024863674918096023,0.003295779590173068,9.222169439569025e-05,0.2596032127121964,0.25959625796466895,598
1.4552959575787903,0.05314737444795945,0.0017339775517317257,0.0032849503743232716,9.386690277550607e-06,0.25306377059806223,0.253057928478914,599
1.4616017845167306,0.05188280615222012,0.0026559531200543163,0.0032338540782774336,3.6326239087103994e-05,0.2560271252755442,0.25602202592889,600
1.4552501490829632,0.051052228839231974,0.0023859523397396147,0.003210600622474597,0.0001458193375789442,0.2620755677953024,0.26207556682615624,601
1.4621737051919164,0.05264771204922968,0.00278530394557908,0.0032870563121622518,0.0001274886012829178,0.26129108503567827,0.26129045611751545,602
1.4591960400665405,0.05463198864198745,0.0024481274269567716,0.0033715626995440735,6.156811951466129e-05,0.2578465355103167,0.25784446613034456,603
1.4606382060976162,0.054840832201856406,0.002458751298158292,0.0033857103227904976,4.557638684371776e-05,0.25675102857672205,0.2567453632130427,604
1.4547441153571445,0.05333178781370161,0.0022691036952458745,0.0033394659497688493,7.528127439797434e-05,0.258676478225523,0.2586728347515361,605
1.453239056745859,0.05164324330047837,0.002281662961149317,0.003283051636623266,0.00011259367700275092,0.26061101677516113,0.26061101387100877,606
1.4508232601239384,0.05099900453657849,0.002176103868149209,0.0032606654170974636,9.732745327381276e-05,0.25986546771693125,0.2598650933378797,607
1.4587671778435245,0.05172954584605239,0.0025825315717789214,0.003291528355578165,5.3260791604297013e-05,0.2572979991507465,0.2572976254589554,608
1.4527643609218328,0.052602940189231416,0.0020484189799013985,0.0033420317302184028,4.011532678915594e-05,0.2563336661412768,0.2563314410426158,609
1.4582823756347711,0.05333311783498047,0.002506609933187179,0.0033769589573688728,7.644243682651621e-05,0.25874313655540826,0.2587400416364353,610
1.4560357326813789,0.05296676272892456,0.002343056984470404,0.0033749661467491216,0.00013227189710668218,0.2615009520087114,0.261495493655049,611
1.4498857758358081,0.052383567446654,0.0019987668650945714,0.003357349834989401,0.00011846789539162516,0.26088429581514694,0.26087925844549054,612
1.446666107689807,0.05198895952641858,0.001746585337291319,0.0033462490788217394,5.0719908509992484e-05,0.2571217911026646,0.2571216485827494,613
1.4603165928519255,0.051090101051713584,0.0026943023430656557,0.003324033731479157,4.648477649818176e-05,0.2568179745158061,0.25681796896855463,614
1.4560029889008979,0.05052742907256405,0.0025453058821312095,0.0033099681419513334,7.924035228720218e-05,0.2589017050213542,0.2588980233040088,615
1.4508096752310842,0.05091180810533854,0.002171531963952985,0.0033361956702728634,0.00010630009235775742,0.26031019361398017,0.26029583275588003,616
1.4469282816827564,0.05285373943842797,0.0017751293475134233,0.0034122946068186532,7.281112374107718e-05,0.25853294343946315,0.2585274393221929,617
1.4581721448299698,0.05321857526327495,0.0024720498590940685,0.003437059593453561,6.08415808735941e-05,0.2578001013373926,0.2577999347596299,618
1.451634325480501,0.05158243937384922,0.0021910429695362822,0.0033895057678323855,9.001217903863405e-05,0.25948747485048757,0.2594859118455115,619
1.4526606438801182,0.04982821696362318,0.002360694976647145,0.0033286873666696208,0.00011282092587302175,0.26062171953466207,0.2606101273237239,620
1.4492056463287903,0.05006161713120825,0.0021000960068179716,0.0033425454219892805,6.674532542331743e-05,0.2581697812347282,0.25816273650840316,621
1.4535895050958891,0.051656568807782265,0.002142984554019549,0.0034069350671969687,3.69880132891052e-05,0.25608177714891833,0.25608156605136484,622
1.4490519045695265,0.05202143150822394,0.00196633601656676,0.003427199525462826,6.931412217620164e-05,0.25832551032527146,0.2583241832244312,623
1.45279402081431,0.051088506007963774,0.00222750923888646,0.0034013215415860942,0.00014146197310566553,0.26189377875637787,0.2618800773060147,624
1.4488005769369334,0.05081023005577067,0.002039045580995676,0.003402423196776151,0.00011197179226349952,0.26058167247005404,0.26057134971764695,625
1.4516543780760645,0.0511318809545441,0.0020836139727366827,0.0034253497492174765,4.167266428988718e-05,0.2564554368008592,0.25645515099085114,626
1.4479177662197942,0.050490366227263495,0.001884525170025209,0.0034086177546558526,4.2761802386239956e-05,0.25653925090405927,0.2565387096893789,627
1.4523510127377952,0.04962024804363427,0.0023598392016412175,0.003375961580868801,0.00010765975869712428,0.26037592206491184,0.2603649876451874,628
1.448075601623631,0.050178358157445035,0.00202268615966606,0.0034040544479436267,0.00011915635608686057,0.26091587633160346,0.2609063353841961,629
1.452309995742127,0.05174555752270075,0.0021728458917783257,0.0034707368303011446,5.892170520206059e-05,0.2576760474986845,0.2576759014545171,630
1.4492595588418997,0.051486624487647445,0.0019600700270062154,0.0034729489438710247,5.231585888629224e-05,0.25723297026720643,0.25723275582450655,631
1.4489147660188197,0.049717136599071524,0.0021295972853491623,0.0034135879819620274,0.00010118104965999277,0.260058879145312,0.2600489921525687,632
1.4455486738899448,0.04919616012838115,0.0019386861995675019,0.0034020955660301598,0.00010332908199187934,0.26016509134203325,0.2601557633964657,633
1.4533816100335133,0.05048277156249784,0.0022951347786225504,0.003457385340620098,5.087933697758847e-05,0.25713297532433615,0.2571329610347808,634
1.4507707322076322,0.05088408130127729,0.0020911023829828994,0.0034768115590811965,5.023572777319111e-05,0.25708771668262714,0.2570876952839857,635
1.4458021575405384,0.049892179236945465,0.0019092666358957338,0.003445543505023552,0.00010415529193545896,0.2602056500006349,0.2601996457149597,636
1.4424265356843482,0.04956831952249079,0.0017004275397116452,0.003443775496704246,0.00010939332582791664,0.26045912643713215,0.26045131046007447,637
1.4559030177415067,0.05035560945267554,0.0024694782457085774,0.0034857911557335183,5.04460152866569e-05,0.2571025358349435,0.25710244978330365,638
1.45285786723134,0.05018348998447459,0.0022479422819692988,0.0034874542220645764,4.494994644734074e-05,0.25670447212294456,0.25670445520664664,639
1.4427980412319308,0.049100512228954,0.0017664509844819902,0.003450309896067032,9.275132575338405e-05,0.25963074897156935,0.2596251289984871,640
1.439718569642647,0.04919912271368157,0.0015485926347740316,0.003458886130375623,0.00010584059924761723,0.26028788604367376,0.2602824445716518,641
1.4588149559841848,0.05040076437931205,0.0026741718870807486,0.0035123375093176925,5.3376878754270826e-05,0.25730594817626506,0.25730593740395413,642
1.4554108453310408,0.050287155660035616,0.00243558990460615,0.003516730750482027,4.933943308816866e-05,0.25702420337747767,0.25702420284376243,643
1.440080962806353,0.0489319085964187,0.0015963185582276566,0.0034740122183329865,9.247854193840915e-05,0.25961657641462954,0.2596103605291878,644
1.4373094615592084,0.04876535749700552,0.0014223827140524992,0.00347663349988378,9.635458789214209e-05,0.2598160372804988,0.2598106706785336,645
1.461747238880982,0.04991669722348949,0.0028832232410595676,0.0035288127924811997,4.945279476340236e-05,0.2570322681094653,0.25703215162022086,646
1.4582496812390588,0.04981616379122308,0.0026621457855755767,0.003532237287567315,5.052999502556253e-05,0.25710844533112287,0.2571083691439793,647
1.437476360179041,0.04856338566319713,0.0014469740581091164,0.0034904287707931522,9.626952660970633e-05,0.2598117035528855,0.2598064297160092,648
1.4350500432443003,0.048549164296573195,0.0012861002961551187,0.0034995089085313414,8.910266335733818e-05,0.2594394207108984,0.2594341382552586,649
1.4653413320616078,0.04975532303472332,0.003115125065006286,0.0035548069981495714,4.607325765705323e-05,0.2567877284607631,0.2567876800782157,650
1.4616930521868876,0.049579356411136276,0.0029076478192533615,0.00355763822548749,5.057610897979339e-05,0.2571116881947814,0.2571116718544976,651
1.4350341856101982,0.048236727466934304,0.0013051666071605538,0.0035134089967713924,9.833268268844422e-05,0.2599162837135917,0.2599109449598425,652
1.4329895849554657,0.04822716403731482,0.0011644359182977685,0.003521555542164232,7.995098443897136e-05,0.25894153143700627,0.2589375862433828,653
1.4681891998737222,0.04918732204767487,0.0033766103878880025,0.003566961232740955,5.265313966857515e-05,0.2572562483191092,0.2572562479743453,654
1.4638929085196768,0.049000459374028145,0.003135602133984983,0.0035695561254627316,6.127061975072923e-05,0.2578275551579487,0.25782747990877924,655
1.433387072256234,0.047917106048015586,0.0012161650911600185,0.0035363895658879945,9.894378938109321e-05,0.25994704928011786,0.25994105583224875,656
1.4323912758845443,0.04818450945191578,0.0010854549230470422,0.003559321217714216,6.00626694104275e-05,0.2577500109296973,0.2577479165110187,657
1.461808178172292,0.047634693430121645,0.003126960310333782,0.0035481718047118633,0.00010484152084204432,0.2602392148547652,0.260237190397426,658
1.4546748042758568,0.047274396443729674,0.0026447112007675615,0.0035430333659217535,0.00012606258496039894,0.2612277595699409,0.26122364744863,659
1.4383029144101762,0.047552154907639435,0.0015676330997504025,0.0035614779830856398,8.574132627741274e-05,0.25925966123988414,0.2592536130618014,660
1.4395202199318538,0.04838154142594182,0.0014466637112437353,0.0036054868526747305,4.016765028694615e-05,0.25633779538064666,0.25633658090730155,661
1.4453242697144983,0.047504921741993625,0.0020382697958932078,0.003583938607504267,8.321147590282306e-05,0.2591220324436401,0.2591204155884876,662
1.440434592751318,0.04649619853364098,0.0017253520811340824,0.00355292682405026,0.0001357289465323514,0.2616502766719229,0.2616433671460446,663
1.4504383321582341,0.0473197519058575,0.002369237080538918,0.003589046402666766,6.871512107455184e-05,0.258289458430715,0.2582838089773488,664
1.4500584829156677,0.048092007447279456,0.002109205164863862,0.003632231561209124,3.296526080839343e-05,0.25574153819184314,0.25574029152823824,665
1.4381492412192487,0.047570198180904626,0.001513404459793262,0.0036243112586915325,6.097069585349525e-05,0.2578083734448024,0.2578076771964795,666
1.4389463998935605,0.04585791942090824,0.0016120358698204047,0.003564805983102357,0.00015577886989846272,0.2624811405688127,0.26247169619921984,667
1.444608705571544,0.04684216648543597,0.002017890726558088,0.0036080847359800257,7.136253444922737e-05,0.25844763484350664,0.25844200565188885,668
1.4402400339180863,0.04780616531238453,0.0014088319139096347,0.003661244295959056,2.6812956523738742e-05,0.25517812287646197,0.25517774843148877,669
1.449729748836084,0.04647580622379066,0.00240326357981458,0.003617474394201544,9.69087738284588e-05,0.25984422540520374,0.2598421767980364,670
1.451319155556925,0.04534997020755397,0.0024133969106597186,0.003579385969982046,0.0001725303620543729,0.2631350813493626,0.26312628424322637,671
1.43569818831351,0.04601400339598934,0.0014951959102013886,0.0036125187892742743,0.00010131604611758956,0.260065587221697,0.2600579304575072,672
1.43921179660626,0.047959959156124846,0.0011948341896794842,0.0037035175609914242,1.755998627984586e-05,0.254190463730883,0.254190449618137,673
1.4412645422774761,0.04574834157244095,0.001882657213414244,0.0036251706150067405,0.00010486811488170643,0.26024051340908777,0.260237686515391,674
1.4384022606478566,0.04444020357188271,0.0015601040890454386,0.0035782951719989598,0.0001859175562807535,0.2636351588285855,0.2636227956271593,675
1.4535567462224763,0.04764589695454956,0.002198475809834219,0.0037136142178755757,1.9087154394398046e-05,0.2543688847998543,0.2543688467526091,676
1.455492769315972,0.04853933183112127,0.0018586507987331342,0.0037585189460243537,4.265297551193528e-06,0.2520652596812976,0.2520639732140396,677
1.43542326261141,0.045496534518475656,0.0015145776366313332,0.0036487243075496887,9.729571796982832e-05,0.2598638591823803,0.2598618942705826,678
1.443598877308876,0.04358892105390012,0.001763512829106998,0.0035737784143782124,0.0002294359552614987,0.2651471434687039,0.26513156612458416,679
1.4377441440492633,0.046596654385971,0.0014209944698577762,0.0037099071706200326,3.6743907089580976e-05,0.2560616752708786,0.2560615719009713,680
1.4372516803489834,0.04752273044474922,0.0010231388169879248,0.003758969315564914,1.4036768090504388e-05,0.2537465675078002,0.2537448677483172,681
1.4554445873160378,0.042683783860212404,0.0023667980947747608,0.0035590171284242945,0.00027480499310407176,0.2665772432299243,0.26655960631488235,682
1.4463594293681705,0.04275586353587714,0.0019124977094564183,0.0035699611558147023,0.0002468949690257459,0.26571289180977664,0.2656976570233997,683
1.4552182026751617,0.048406925199621406,0.001607786452097122,0.0038174648704061807,9.94995103974874e-07,0.25099749441300434,0.25098943058721274,684
1.4569519080846485,0.04850445780140215,0.0015417351658026783,0.003829303627721604,8.887829594482695e-08,0.2502981246315634,0.2502857195533719,685
1.4365306647077103,0.04299716095426395,0.001593403982792107,0.0036070208761964434,0.00017038673749994292,0.2630532270914109,0.2630495765983623,686
1.4340982748209696,0.04338080144772014,0.0013622717909743114,0.0036310375573228564,0.00018181309105267702,0.2634838084773063,0.26348016757041004,687
1.4640891714136566,0.049540914398164645,0.001860476146169601,0.0038941118073139015,7.354896071900891e-10,0.24997288008836316,0.24995202763040122,688
1.4526557640909792,0.04825785353845017,0.001409393700329634,0.0038535732354521425,7.259070308860868e-07,0.25085200177868716,0.2508352296490303,689
1.4469253922562533,0.04146170952652033,0.002146921683297021,0.00356603617253205,0.00022595229852726597,0.2650317097672642,0.2650256070048471,690
1.4439820531034364,0.0417914326567982,0.001918621376290609,0.003589386372763782,0.00022810723754889043,0.2651032194431813,0.26510001638651626,691
1.4476549307344908,0.04808467010195684,0.0014586762238204924,0.0038691135245133663,6.493590410603079e-06,0.2525482524228583,0.25252688959881037,692
1.439721295597023,0.04717654182504914,0.0011843052208087698,0.0038386335685364928,1.3012652136165163e-05,0.25360730538437837,0.25359287661756924,693
1.4560290505814586,0.040812570135362235,0.002555063195971843,0.00356384552871446,0.00027104031060435317,0.26646330193504186,0.26645715783548285,694
1.4514993592501828,0.04094100143211136,0.0023799780836262054,0.0035776447076276852,0.00024675103435579205,0.2657083109962781,0.2657053655456085,695
1.438926419479105,0.04667343102301948,0.0011637160370449205,0.0038426503609760155,1.3039388393337028e-05,0.2536110093316602,0.25358995402622214,696
1.434141836072405,0.04609043898539892,0.0010863233707603488,0.003824814555933984,2.4711615176153437e-05,0.25497107786864714,0.2549565337168451,697
1.4561294447405146,0.04074943995270169,0.002548266364239491,0.0035918451482722224,0.00027420526523841274,0.2665591444597362,0.2665554794595552,698
1.4497995280102953,0.041065750083537085,0.002278615144326825,0.00361555393615368,0.00024294257853175937,0.2655866153648494,0.2655843172888144,699
1.438267417467722,0.04647802982774554,0.001193378143780626,0.0038666958799990435,1.5846710021548724e-05,0.2539807926373461,0.25396332461361404,700
1.4356295098019252,0.04591442328767997,0.0010972766225361085,0.0038521048274248603,1.812758194910888e-05,0.25425764981522775,0.2542398546983168,701
1.4518897246834823,0.040222912138564826,0.0024567148296485,0.003600919120610599,0.0002462429007766444,0.26569212862478014,0.2656899899638572,702
1.4471973470339514,0.040457363990417335,0.0021817244988547972,0.0036218586190715006,0.00023603891265125835,0.2653635579424578,0.2653613163178298,703
1.4391752796265664,0.04639682693644383,0.0012693899198266405,0.0038982040471608618,1.6349986546405944e-05,0.25404351166022876,0.25402767495178136,704
1.437351002320892,0.04613590863958197,0.0011368446809561063,0.0038979102498037472,1.492866376159633e-05,0.253863762901835,0.2538476009886273,705
1.4472314421881642,0.03999448208616602,0.002279898877315086,0.003625794047437009,0.0002230897027659363,0.26493618769184213,0.2649333507277828,706
1.4416854485061714,0.0402145511202042,0.0019524340350685534,0.003646076606675358,0.0002112268369857712,0.26453364499999127,0.26453161231055045,707
1.4445813356962054,0.046658858811056046,0.0014842652170996044,0.003945970646354472,1.0725521729936317e-05,0.2532749842335401,0.2532557121434697,708
1.4412455103089579,0.04626633142843546,0.001283345115866394,0.003939813823273939,1.0520241810236322e-05,0.253243492224476,0.2532273815668637,709
1.442476794385979,0.03988797829757506,0.002101632147452914,0.003656710371350506,0.0001944389651117381,0.26394413730252747,0.26394049685382837,710
1.4375664498689225,0.040167290014880105,0.0017726765417207537,0.003680180431607539,0.0001904846279219159,0.263801616858974,0.26379948683450144,711
1.4475713985023901,0.04673332629421553,0.001676908574465949,0.003982872461875569,1.0672778460435806e-05,0.2532669218632278,0.2532469370119687,712
1.4430464528746216,0.04608927528261265,0.0014211867234482862,0.003966888932954652,1.0748671378563364e-05,0.25327851664302065,0.25326199263670274,713
1.4399228684389052,0.039585354896582485,0.0020271018864401144,0.0036765532095880127,0.00017572042970061917,0.2632559582716837,0.26325265113099344,714
1.435827642004549,0.03992576898699499,0.001737455960441202,0.003703827535354234,0.00017417020084504545,0.26319735582778025,0.2631953370831137,715
1.4471436007773184,0.04651832797224468,0.0017204960266375868,0.004008727659142461,1.2971527346678739e-05,0.2536016006645211,0.25358339782952055,716
1.4422834429655156,0.045879930956911036,0.0014796897206098252,0.003992700787343693,1.4784158432741442e-05,0.2538450173514227,0.2538298558782319,717
1.4396453123217463,0.03928470963606028,0.002028586770568444,0.003695564006538,0.0001757142809732138,0.26325572634649697,0.26325236283562553,718
1.4368904387324708,0.039341182981147756,0.0018643761297277696,0.0037081746899929615,0.00016946374982728854,0.263017824312353,0.2630151944235059,719
1.4436309844014674,0.04575058653309247,0.0015780708168336662,0.004011077401043508,1.4795390828042243e-05,0.2538464777170864,0.2538303625160134,720
1.4398087363274839,0.04536959247152914,0.0014197633001240976,0.004006017411723586,1.8543799111953626e-05,0.25430625116684497,0.25429177321285856,721
1.4405839446692563,0.038919169718042566,0.002070749298786972,0.0037124213664186372,0.00018705352098581746,0.26367675111222755,0.2636731172584437,722
1.4384350189529151,0.038870104495154455,0.001969579175024829,0.0037193122825045187,0.00017726683373145462,0.26331415914473966,0.26331088525975804,723
1.4398171736028145,0.045002332834347354,0.0014105588196613188,0.004015462983044996,1.6641782408456195e-05,0.25407943407943506,0.2540646064675016,724
1.4363317399976554,0.044579063414842836,0.001281272540861588,0.004008015329916435,2.1047581738330715e-05,0.2545877643507847,0.2545741953052612,725
1.4425138248344003,0.03835602416634138,0.0021918672404850556,0.0037180506081286573,0.0001976843258428992,0.2640600258123127,0.26405578418391523,726
1.4393645026203716,0.03848614263019406,0.0020211620205635356,0.0037349811171856705,0.00018634905853470566,0.26365097280543426,0.2636474993901236,727
1.4376917803255758,0.044564001344269286,0.001342878033941462,0.004033869882814825,1.9172852783681547e-05,0.25437868162620686,0.254364333122209,728
1.4342095092380442,0.04398155412613265,0.0012059726071267985,0.004019227445629267,2.2837124473347155e-05,0.25477882040605704,0.2547661456058334,729
1.4428870693085496,0.037858385297047686,0.002253748728449043,0.003729795449156284,0.000196812580554401,0.2640289907175962,0.2640250426850121,730
1.438816315259518,0.03810526206550151,0.0020118853532142826,0.003752634785777607,0.00018591805782253008,0.2636351772200632,0.26363242898071654,731
1.4370888939364943,0.04420100559945629,0.0013561169878582734,0.004056328721508562,2.1023302673284167e-05,0.25458511752011703,0.254570380340619,732
1.4335379892849638,0.043652517027547175,0.0011941340088223644,0.004042801892349101,2.36331525237972e-05,0.25486139409262376,0.25484903476349013,733
1.441995083398883,0.037556109028652605,0.0022451077781835667,0.003752413834022598,0.0001895875247332552,0.263769078572412,0.26376541673709497,734
1.4377410317745474,0.03776403672880888,0.001981872324222885,0.003773287153990871,0.00018118848103600323,0.26346062706696843,0.2634582136418495,735
1.4369785351274933,0.04380081507907829,0.001394758212525092,0.004078583451044169,2.2341590075626648e-05,0.25472668912407265,0.25471159879413535,736
1.4333946563174362,0.04333916374659256,0.0012121624191826403,0.004068394392518295,2.4141958087621817e-05,0.2549134466607079,0.2549008902371618,737
1.4408881324611198,0.03727024457463584,0.00221883097074141,0.003776517185162024,0.00018255883920181463,0.26351143364716767,0.26350767653518326,738
1.4366720293831374,0.037462433170862425,0.0019523380415742467,0.003796698798911804,0.00017555288149281108,0.26324963703249304,0.26324711143096413,739
1.4368728383383889,0.04346113701450184,0.0014253526198970581,0.004103158262196309,2.341636728109353e-05,0.2548390461127265,0.25482398612161383,740
1.4331276438030474,0.04296835036847042,0.0012363661843357028,0.004091046535857094,2.5483287274164665e-05,0.25504809739150947,0.25503568554062656,741
1.4399919796710252,0.03694954371516206,0.002200718119372397,0.003797717679284147,0.00017734201625062504,0.26331698225014305,0.2633131286160033,742
1.4360132339842635,0.037138001780221586,0.001950942630222188,0.0038185144573322674,0.0001698644518047701,0.26303320573783634,0.2630304972637629,743
1.4360785680724621,0.04306707438588115,0.001416071951755687,0.004124920006689483,2.470757844333965e-05,0.25497067183017946,0.254956617866353,744
1.432444106689545,0.042578922681145215,0.0012437986877815903,0.0041125098278302725,2.7726369889375028e-05,0.2552655835279079,0.25525391602607317,745
1.4393050257776612,0.036611983680599265,0.0021840265608336247,0.003818396981759891,0.00017558091029674252,0.2632506947099668,0.26324673565119533,746
1.4356177443360503,0.03677007613423646,0.001961820101163697,0.003837528518731501,0.00016625168683529363,0.2628938623707287,0.26289089237742785,747
1.434935021939121,0.04260857414382098,0.0013815180928433875,0.00414356873374158,2.556210416223048e-05,0.2550558979580516,0.2550429579543461,748
1.4315294705322275,0.04215691387772177,0.0012302240536536373,0.0041328496935739,2.9456059735166934e-05,0.2554273437089581,0.2554163060134992,749
1.4387989866007616,0.03625678918293708,0.002171938962916948,0.003838393935754175,0.00017608864799356018,0.26326983978778795,0.26326571137972743,750
1.435206877786641,0.03641765716101608,0.0019610392217653317,0.0038576681856725375,0.0001653243931940535,0.2628578533664859,0.2628546888536542,751
1.4338605710843662,0.04218365760351126,0.0013470006394067442,0.004163998965324661,2.6264154772173005e-05,0.25512485656113154,0.25511264899953473,752
1.4305164326256699,0.04170641587202573,0.0012036842797786662,0.004151970771243932,3.0488097887883526e-05,0.2555216028368476,0.2555112929535355,753
1.4384032802966473,0.03588340958622172,0.002171452406715783,0.003857859401919791,0.00017579923254602023,0.2632589302941836,0.2632546852416033,754
1.4348268645774815,0.03605848611713473,0.0019579913895706033,0.0038783656598769577,0.00016577727855609346,0.26287545255733147,0.26287223214211697,755
1.4327400164298647,0.0417492692442216,0.001319776046929135,0.004184705744522076,2.782540162574817e-05,0.25527497882704264,0.25526349201109594,756
1.4294407866298402,0.041256047804340786,0.001172806881489848,0.004171934858017423,3.154910814502876e-05,0.2556168592776594,0.2556072124911957,757
1.4382067337221116,0.03550686200906544,0.0021885302404011675,0.0038773398235802787,0.0001744278319915898,0.26320711293173454,0.2632027904656709,758
1.4346520631719095,0.035672711646561064,0.0019710144765095012,0.0038975078805148886,0.00016604978239576616,0.26288603051353543,0.26288270324387464,759
1.431567708293697,0.0412930431440872,0.001293070437972302,0.004204805701742339,2.972603542449164e-05,0.25545215878570054,0.25544138505245173,760
1.4283595371268545,0.040820220709214185,0.0011439873142234532,0.004193175290306681,3.3015600086424394e-05,0.25574592029934495,0.2557369684157566,761
1.4381265332851363,0.035134604434198455,0.0022107603442176873,0.00389764254467198,0.00017364989203486286,0.26317762846778064,0.2631730021394579,762
1.4345100676102527,0.035286621472186724,0.0019882974109314932,0.003917362262642001,0.00016572866220152573,0.26287356447148674,0.2628700631628484,763
1.4304873511188685,0.04081678984089443,0.0012695866836627354,0.004224933568858168,3.1353305722878175e-05,0.2555994022647849,0.25558915735943566,764
1.427342494730134,0.04035929667978127,0.0011211620317493013,0.0042134793014523015,3.457260705372483e-05,0.2558798475366054,0.2558715665538187,765
1.4379556086357141,0.034780001045472235,0.002226874737205827,0.003919210688413547,0.00017256915184595158,0.26313655783856454,0.26313167710600477,766
1.4343087809415076,0.034926645267714745,0.0020011203481006745,0.003938958015041498,0.0001650430225311545,0.26284690711927017,0.2628431472983646,767
1.4294532482472149,0.04035501895038475,0.0012473088092819534,0.0042459406647659195,3.298470365629802e-05,0.2557432311163924,0.2557337379758429,768
1.4264066649091847,0.039904041614455196,0.001101807898836887,0.004234804031138321,3.60433344326251e-05,0.25600361011664025,0.2559958206814625,769
1.4377492481474203,0.03439917518607533,0.0022417504277902765,0.0039398430241907355,0.00017164782667566564,0.26310144368669597,0.26309627024174936,770
1.4340777591177851,0.034551486689124264,0.0020142247088001603,0.003960349407175777,0.0001639886696558113,0.2628058060916059,0.26280178473565924,771
1.428490294375869,0.03991591515856046,0.001224368159182461,0.00426850335987722,3.4287990413906106e-05,0.2558555947959115,0.25584668036966285,772
1.4255315173221956,0.03945554461847282,0.001086306505203934,0.004256342231145233,3.7628295691972954e-05,0.25613419071206406,0.2561269801549929,773
1.4373972553055987,0.034030959977583604,0.00224666963229227,0.0039616314626830665,0.00017056939035602772,0.26306022168096804,0.2630549573445964,774
1.4337726903979808,0.03417973169689585,0.0020227338207509287,0.003982033641892768,0.00016276203244976797,0.2627578224023447,0.2627536176362899,775
1.4275490021128756,0.03947213400299131,0.001201517135927432,0.004290763687601946,3.545866918664421e-05,0.2559547182289882,0.2559464825352358,776
1.4247492301612608,0.03903075975350037,0.001071820213427629,0.004279884360879662,3.883990324822003e-05,0.2562321668180674,0.2562252804466858,777
1.436940536474181,0.03365645468844854,0.0022430979951915094,0.003983045921449382,0.00017000494708464302,0.26303859452106104,0.2630330767888421,778
1.433286387364352,0.03381685206559203,0.0020185311258095902,0.004004645626968103,0.0001615379328222263,0.26270975738644237,0.26270545581145965,779
1.4268317914538615,0.0390600633734794,0.0011868381883788231,0.0043152925552900805,3.613186628313283e-05,0.2560109788124009,0.2560030095164104,780
1.424136313645308,0.03860069309920927,0.0010664272195769963,0.004302788102343481,3.974799455725966e-05,0.2563046010624987,0.2562982457332584,781
1.4360155508903216,0.033344065891280375,0.0022121466211800344,0.004009400829459961,0.00016723822968733062,0.2629320620817923,0.26292690784674716,782
1.4324170522319892,0.03348822954306658,0.001987849915941178,0.004029490756456415,0.00015989808016767722,0.26264508126378305,0.26264077434684846,783
1.4263948330013232,0.038661714471460815,0.001191141041669624,0.004340273508484167,3.6961736627765744e-05,0.2560796164868983,0.2560722385117695,784
1.423989461694067,0.03826401189303705,0.0010767210251768733,0.004332028323353976,3.9448411928248746e-05,0.2562807970774615,0.2562741854940007,785
1.4340123791316508,0.03305162896856615,0.002116146390630323,0.004035691274387948,0.0001619747483182154,0.26272693004295283,0.2627217261493379,786
1.4300690441624848,0.033257752149592985,0.0018671672640115239,0.00406153537947196,0.00015348957956346702,0.26238909115163284,0.26238539007689277,787
1.427598087912708,0.038488890955495646,0.001268208138018612,0.004378630774808247,3.524737286040839e-05,0.2559369497943311,0.25592860978800736,788
1.4254766314537464,0.03807065741378969,0.0011743213453626776,0.00436678190171144,3.757059139498673e-05,0.25612948541029235,0.2561229338349063,789
1.4294910698014096,0.033020902257211486,0.0018620586876581572,0.004082185642295711,0.0001475762731504724,0.2621480975115642,0.2621448489407188,790
1.425415229374444,0.0332369438892547,0.0015946470472860855,0.004106507683149732,0.0001407714181604129,0.2618647131512065,0.2618621239856717,791
1.4319130267380746,0.038607235885040316,0.0015087565821971386,0.004430694888528658,3.1086985651143827e-05,0.2555755704328027,0.2555659865453354,792
1.429414646690588,0.03825179524737969,0.0013740743040900252,0.0044247019512366256,3.1897578112819047e-05,0.25564779409263644,0.25563871441464486,793
1.4252856316728184,0.03288765210645703,0.0016226772368582473,0.004119334706649978,0.000135386810827876,0.2616355838198122,0.26163294968752226,794
1.4216544276009344,0.033184498854434474,0.0013762229091828445,0.004149713176585918,0.00012856163534082855,0.2613385023411749,0.2613368641955339,795
1.43667567450998,0.0387647675034608,0.0017750174319654142,0.004486114485965059,2.7394418703428295e-05,0.2552339677782184,0.2552219712764014,796
1.4340625536691582,0.03841536453484156,0.001636484895319323,0.004478854477604576,2.8445013236907992e-05,0.2553333866573602,0.2553229318414873,797
1.421202114958576,0.032905160335271515,0.0013750562363784732,0.004166938968316428,0.00012323995227866958,0.2611013491197543,0.26109966860850503,798
1.4190147017402017,0.033168704643363876,0.0012213043515367536,0.00419641098101973,0.00011762913516890501,0.26084569661980755,0.2608449471383166,799
1.436432275523933,0.038088538372899154,0.0018485977049507926,0.004494745323774313,3.148386766156394e-05,0.25561104871316975,0.2556023446791395,800
1.4340010293006382,0.038113253341767066,0.0016669976776162105,0.004511772901909919,2.977693764757523e-05,0.255456824868692,0.2554468330175045,801
1.421241011741628,0.03284702395414182,0.0013916656396627315,0.004215068229069161,0.00011722902311577764,0.26082723524801127,0.26082625470337195,802
1.4327352381224165,0.03179632594402068,0.002165332444132329,0.00414704081871771,0.00014538790735146224,0.2620576907968094,0.26205204454781855,803
1.4129339571590087,0.03412032099470915,0.0007670333163801541,0.004317505005477426,8.076448495409405e-05,0.25898690630607074,0.2589868539733268,804
1.4979361695202036,0.03810562622519607,0.006014155333119614,0.0045622468392175495,3.932382162720864e-05,0.2562708708826772,0.25625958129715654,805
1.5298021977740286,0.03993756454589254,0.007926257973465889,0.004666961075877845,2.9437866335397226e-05,0.2554256673631358,0.25540902624088224,806
1.4432575596968706,0.03839458634247493,0.002370644006687875,0.004615189873955552,4.213091127219436e-05,0.25649083286429364,0.2564849323450292,807
1.475106129919058,0.03335517504503596,0.00495350250285995,0.0043166833225170625,0.0001128620083194864,0.2606236532473291,0.26061825911723,808
1.550951782474142,0.03067317069509984,0.009986092345905988,0.0041024009745228565,0.0001834017528828789,0.26354259033135385,0.2635163921735051,809
1.4969151163790178,0.02947966555081704,0.006385858117436431,0.004028953437220201,0.00020165686052092446,0.2642005936679043,0.26417259708598495,810
1.4514096337582854,0.030519699647748845,0.0035377465007752707,0.004164573067134482,0.00012814102308069316,0.26131993918184604,0.26131581853231994,811
1.4649775517301482,0.034398736897708476,0.00408405358093652,0.004449838996997711,4.1858987434684784e-05,0.25646985219573715,0.25646509318424654,812
1.4571230235785717,0.03817171777717981,0.0029362024013133764,0.00466000804820069,1.2795834897684086e-05,0.2535771266258946,0.2535598117362314,813
1.462675704461067,0.03678825489139238,0.003708769642846523,0.0045739426016998,3.387999117559596e-05,0.25582065212631677,0.25581767401136823,814
1.4501768972381777,0.03336829866267087,0.0033022468536154925,0.004377309375838169,0.00010150396169331836,0.26007491745342454,0.2600727997821654,815
1.431571809686614,0.031156593086069675,0.0020255619389746163,0.004243033334702878,0.00017660847903344957,0.2632894122907467,0.2632803298103428,816
1.4399101788471769,0.03291258535771122,0.0026488068675914137,0.004375086751318265,0.00010137275164573311,0.2600684036294605,0.26006839197652265,817
1.4228511603307616,0.03483982858779169,0.0012535473335518713,0.004509447751215321,4.298884331473886e-05,0.25655658777983936,0.25655201218438106,818
1.4547404889846458,0.03379148050151795,0.0035038855086495955,0.004433917216256249,5.274898785271711e-05,0.2572628498437402,0.2572625545710567,819
1.4570219952637398,0.03250186523068339,0.003810931908352208,0.0043523850495109685,7.810591780585702e-05,0.2588377552469989,0.2588372010804623,820
1.4152906272601091,0.0318118153307836,0.0010798773429157396,0.004327908915923452,0.00010284858170104306,0.26014142897727155,0.2601406116774284,821
1.4506474665534017,0.03653520678539416,0.0030561849455516587,0.004592422844945437,5.498292720772397e-05,0.25741504735033593,0.25741077425873454,822
1.4521344475345006,0.03872457155367657,0.0029473007458444096,0.004691856839045766,4.326730987749722e-05,0.2565777891329456,0.2565706317482658,823
1.428422682455289,0.03472279457300975,0.0017512028968064066,0.004522651272685202,7.481926104940393e-05,0.258649812775396,0.2586497313399225,824
1.4321256839813112,0.031178652213687222,0.002208155031982983,0.0042873902728666246,0.0001279975273610553,0.2613135992222217,0.2613096701379484,825
1.4386997968963824,0.030448498291231054,0.0027105886078989724,0.004257313534963759,0.000120016902315359,0.2609552226045553,0.260953109816894,826
1.425036428751989,0.03222861039597969,0.0016841754951794528,0.004393127464968426,7.037876375550988e-05,0.258389205192121,0.25838915510307775,827
1.4306892671720801,0.03496367296906252,0.0017649520677173636,0.004555365570203051,4.243989808770268e-05,0.2565145911681166,0.25651335515226376,828
1.4315664056869108,0.034969327403396616,0.0018901735872762708,0.004579214478516906,5.515551413804602e-05,0.25742667584710993,0.2574259285710278,829
1.4203498639732193,0.032718735790627056,0.001354843813892928,0.00446278771113908,0.00010492174078776892,0.26024313139561184,0.26024301580904013,830
1.4235454707700241,0.031107494552948863,0.0016228798814893418,0.004354382115239235,0.00013601370223713006,0.26166249125346425,0.2616591607350988,831
1.4229743322494186,0.03226984397819576,0.0015600571258312418,0.004434582929232859,8.176683695587578e-05,0.25904250169786414,0.2590414638633624,832
1.4180741953769556,0.03394623656040405,0.0009923897716187591,0.004559007413285906,4.2517439931333455e-05,0.25652053984968526,0.25651974045868053,833
1.42495492013263,0.03204872111816323,0.0017100613798141653,0.004449509762957695,8.602250671695603e-05,0.2592748318969648,0.2592747756349566,834
1.4188111229429923,0.030616488308631014,0.0013446358027295342,0.004357627882989111,0.00013396809591517716,0.26157445877417934,0.26157039705386437,835
1.4296219762391984,0.032924757765346174,0.0019492580829514284,0.004522536451343431,7.381316391427613e-05,0.25859145877684786,0.2585908339915741,836
1.4272418461498895,0.0349272324057741,0.0015311094453855033,0.004652358622028145,4.150064955133804e-05,0.25644209977812654,0.2564416261353451,837
1.4276995632453247,0.03296605937392502,0.0018070838091805612,0.004546393171097459,6.809309450397255e-05,0.2582518540040389,0.25825184434178355,838
1.427938663370883,0.03116940530556904,0.0019481118784506653,0.004389418756512262,0.00011755694632455218,0.2608423681142337,0.2608381818369487,839
1.4282847059560881,0.03019593780067421,0.0020344706917036536,0.004376969689494313,0.0001182812952681698,0.2608757204482356,0.2608695166574599,840
1.4233127009531161,0.032208465924867855,0.0015802879574527558,0.004518988510799422,7.630617932868559e-05,0.25873534082498706,0.2587348778427833,841
1.4286143207103597,0.03363106689251914,0.0017685636247113529,0.0046449370401754385,5.199425352380148e-05,0.257210704093485,0.257209955566225,842
1.4241485927235487,0.03341500065262991,0.0015315751433703864,0.004603435754554544,6.465976561485352e-05,0.25804112962306003,0.25804105139531675,843
1.424237836573826,0.03093732697268526,0.0017310593374611106,0.0044587297493723695,0.0001047541763214855,0.26023494876985154,0.26022743639608564,844
1.4231014219074851,0.030387597839061264,0.001680949579773181,0.0044333819403623125,0.0001147588460101911,0.26071255553125355,0.2607053337742868,845
1.4236683997467647,0.03168700150957755,0.0016406646943605352,0.004561630044958135,7.774927582484562e-05,0.25881755497997294,0.2588174925421492,846
1.4208526781492612,0.03288907129028055,0.0013230316837992094,0.004635626861547648,5.731562785614952e-05,0.25757070854386493,0.25757043861530615,847
1.4278194278172838,0.031474227380888085,0.001930564160444452,0.004543515916860276,7.737541107367629e-05,0.25879632940911584,0.258793943193859,848
1.4219035442981838,0.03037835229387092,0.0016156895306745284,0.00448192895002121,0.00010059845526395127,0.2600298781280707,0.26002317458617186,849
1.4300312042333931,0.031108538824527115,0.0021120984903337204,0.004547588751897738,9.392448540242284e-05,0.25969146456436915,0.2596898049076299,850
1.4273564908290788,0.031928921538872515,0.0018727362678729474,0.004614431148217016,7.992051539196285e-05,0.2589398274811074,0.2589396337092506,851
1.4196288534558257,0.03215646866847716,0.0013356867347381544,0.004617063188184623,7.49138611509498e-05,0.2586552793802944,0.2586544910538536,852
1.4176740718259593,0.0309781801603909,0.0012927034229701843,0.004568043867449884,8.238474170328763e-05,0.2590766040843086,0.25907476578945604,853
1.425536366607193,0.03060713687961207,0.0018450979998725428,0.004552898146012633,8.776604172427833e-05,0.25936835320236584,0.2593671999035372,854
1.4206087242583336,0.030490922186489938,0.0015239371526342132,0.0045590500662064685,8.721899493554422e-05,0.2593391110356149,0.2593373507254833,855
1.4249774306804683,0.031296123557098064,0.0017559985745330777,0.0045910385708829715,8.032145384302212e-05,0.2589622237108333,0.2589588523249428,856
1.423612763289945,0.03164212857116861,0.0016344147823502818,0.004640428389727203,7.437730497642786e-05,0.2586242277901519,0.25862255515377003,857
1.4192941786106388,0.03140324593705835,0.0013683981462866324,0.004653975257486508,7.836925509812648e-05,0.2588526411368657,0.25885245743981206,858
1.4160885133688024,0.030315991838766498,0.0012353215259737946,0.004587811554190519,9.382717396895915e-05,0.25968644279232367,0.2596848805959178,859
1.4285919310477433,0.03020173717758936,0.002075481953795225,0.004554314623169737,9.3542481566487e-05,0.25967173622295847,0.2596656952416601,860
1.4246136358157853,0.030745136407953715,0.0017668297172355242,0.004601957142288679,7.898802934714212e-05,0.25888752098996914,0.25888353853259116,861
1.4184347353851117,0.03125351368504185,0.0013000264658592716,0.004681014380643529,6.680621966122547e-05,0.25817350718242943,0.2581732873862495,862
1.4161354792497516,0.03081188373411407,0.0011978114496312255,0.00465782417159074,7.895493728053594e-05,0.2588856590796933,0.2588850413663785,863
1.4260919850977587,0.029916425361576047,0.0019254074819114236,0.004581767019383068,0.00010094687430416171,0.26004723217130776,0.260041397633989,864
1.4223307533557834,0.030001136279453323,0.0016690886184257364,0.004590585607854673,0.00010080266815036526,0.2600400531945984,0.26003431377599184,865
1.4201492952036334,0.03066723889685327,0.0014746760383342215,0.00467985338327018,7.871656706122279e-05,0.2588722357419775,0.2588715624650274,866
1.4188028302246904,0.030919609445735963,0.0013511102982361252,0.004705663696457387,6.86831061839585e-05,0.2582875271452924,0.25828713727607117,867
1.4217300334673146,0.030093266508268594,0.0016192247777198094,0.004640345650329606,8.017209456506611e-05,0.25895388712041123,0.2589499249706053,868
1.4184995032848817,0.02979069390003168,0.0014300650637240281,0.004618441304102441,9.062377576210935e-05,0.25951965208198857,0.2595150222390785,869
1.4231620533086158,0.03012147398522807,0.0017181646967860617,0.004675755402636233,8.618939454304389e-05,0.25928382434899777,0.25928303639614775,870
1.4212471615077824,0.030375162804473096,0.001570575579864638,0.0047031172356826485,8.191549407511867e-05,0.2590507178762305,0.2590501226782794,871
1.4179853210031956,0.030049419958992806,0.0013753259871005503,0.004676954030510607,8.335766468938492e-05,0.2591300418777454,0.2591264218670525,872
1.4152502519881347,0.029971074256450892,0.0011977335552620402,0.004674583686220174,8.278302798576504e-05,0.25909851790050253,0.25909475499314144,873
1.4252148329956194,0.03000233200258448,0.0018580273921398743,0.004705013860542685,7.998364690240588e-05,0.2589433576973308,0.25894263510797905,874
1.4223995961881506,0.029753575673795433,0.0016893013123689602,0.004697779278866034,8.25091194684236e-05,0.2590834530586349,0.25908259073799045,875
1.4164248672660946,0.02938869075571383,0.0013175586227856604,0.004668185129539484,8.72467120183495e-05,0.25934059484285393,0.25933655914241843,876
1.4139068180682601,0.029755238500821606,0.0011223252062320685,0.004702370296371175,8.241220268062281e-05,0.2590781166923885,0.2590749853286451,877
1.4263036940239047,0.030108983954937336,0.0019207427318570988,0.004751332840833255,7.769488839668565e-05,0.2588144703979698,0.2588139896941729,878
1.423198196323923,0.029752179736231916,0.0017420980432120434,0.004734790388919462,8.20564404825262e-05,0.2590585010063766,0.2590575298324874,879
1.4153594161686696,0.02906781355624927,0.0012685124656567949,0.004680666260867291,9.021489912890894e-05,0.2594981524060687,0.2594930293914757,880
1.412982528663107,0.029336330911162743,0.0010893845264659076,0.004711871783834777,8.34959763841163e-05,0.2591376132761305,0.2591341933836448,881
1.4269100249278528,0.02992142893627811,0.001969268456088358,0.004777514474102807,7.463099016432607e-05,0.25863892297478835,0.258638703426735,882
1.4238511332578119,0.029650360019904457,0.0017880544471535324,0.0047666410323326,7.792274512005087e-05,0.2588273860864953,0.25882691809797986,883
1.4141130124695087,0.028832665989995097,0.0012009621715765666,0.004700412701649702,8.950495916963859e-05,0.25946070606084126,0.2594559233843642,884
1.4119176187365394,0.028948440411482545,0.0010457513347416156,0.004722685802190512,8.62254092804856e-05,0.25928576379628976,0.25928167512038897,885
1.4278951168722978,0.029747918502803228,0.002046862474503325,0.0048043537671112555,7.492062841702493e-05,0.2586556703043164,0.25865540685619814,886
1.4250571229593936,0.02962507314132733,0.0018675521157873096,0.004804513823432493,7.60653290979571e-05,0.2587215439629665,0.25872123039484884,887
1.4126034231955695,0.028728945367161075,0.0011068954350604498,0.004731524066079512,8.810200062215552e-05,0.25938626659658437,0.25938220180745064,888
1.410704280683442,0.028574078053662015,0.0009905408957681125,0.004733097531362631,8.782990596767043e-05,0.25937176109211446,0.25936783624845544,889
1.4291844893570809,0.029433322729295015,0.002153186562839798,0.004819615581416221,7.455806374956932e-05,0.2586347011384048,0.2586344928508628,890
1.4263164301327145,0.02943880297861382,0.0019600663046328358,0.004829541645455038,7.36322688393497e-05,0.25858092470770777,0.25858071924784376,891
1.4113025619536763,0.028596111325257766,0.0010277584347391723,0.004761749774316461,8.534310083908972e-05,0.25923813297366355,0.25923457276738515,892
1.409703727636343,0.028312210800354592,0.0009418081896628466,0.004754415200568117,8.956306844108607e-05,0.2594637766478867,0.25946003384859195,893
1.4297632250353862,0.029159978936428334,0.0022126489101612244,0.004840026637860144,7.636721448186415e-05,0.2587388337026095,0.25873867162859343,894
1.4264164956750414,0.029167352810664154,0.0019858423429126642,0.004849685738544742,7.427315866513328e-05,0.25861818766708716,0.2586180391760165,895
1.4108830924678613,0.02831923173379749,0.0010176059157585697,0.004781450453854633,8.431472827472948e-05,0.2591823051721629,0.2591789999627039,896
1.4096122184433875,0.028035122567443338,0.0009537807043376418,0.004775311512611468,8.831883429839035e-05,0.2593978100799277,0.25939419043960993,897
1.4276808367114968,0.028899462784797967,0.002092510130917237,0.0048614073790752155,7.739607569948122e-05,0.2587975039471137,0.25879731894194574,898
1.4236938431818156,0.02891255874231856,0.0018250790319798602,0.004869497330489204,7.685197964755995e-05,0.25876652608777045,0.2587663178276093,899
1.4122265868542019,0.02802089912479553,0.001128453211814689,0.004798217245536112,8.706615130750095e-05,0.2593309244615687,0.2593272998782678,900
1.4111821353283687,0.027763592961616054,0.001076179508800054,0.004795254734078255,8.758166775650348e-05,0.2593585077740259,0.25935478978748316,901
1.422636585716358,0.028512329480842202,0.0017812614228092719,0.004874775398400396,7.68665687937735e-05,0.25876735814220986,0.258767080131766,902
1.418608307728585,0.028491370838478698,0.001514615650790228,0.004878355573450533,7.727415617100337e-05,0.25879057200476757,0.2587901975265905,903
1.4155510705204422,0.027662700482437227,0.00137431151744805,0.0048080119796612775,8.847536894357745e-05,0.259406134644134,0.25940187669626785,904
1.4141959691928854,0.027513183518753388,0.0012940274441614415,0.004814778062455191,8.86647948598555e-05,0.25941619853549486,0.2594121357962691,905
1.417706708117592,0.028216665719660222,0.00147412644705463,0.004893755166265956,7.834595985831066e-05,0.2588513253164885,0.2588509417358706,906
1.4145046422864547,0.028120180201905504,0.0012680116308226236,0.004891352234792945,7.916273289938816e-05,0.2588973441486428,0.2588967881347682,907
1.4184671800260957,0.02734052827204544,0.0015903566854531626,0.004817849330388828,8.97307373837772e-05,0.25947263096419243,0.25946776565544266,908
1.4162331427634371,0.02724583155059365,0.0014473794224139538,0.004829788638794301,8.822092595402041e-05,0.2593925995312278,0.2593882002490708,909
1.4153705780438341,0.027974286994554967,0.0013332475380952568,0.004915126313551899,7.737862106167646e-05,0.2587965118690124,0.2587961126449441,910
1.4129091337660675,0.027831670488242515,0.0011813503491724404,0.004910425403935078,7.965182260634014e-05,0.25892478697820515,0.2589241951747814,911
1.4189240308475457,0.027059162050679205,0.001639743863832503,0.00483211633737711,9.169743725786823e-05,0.2595758778844484,0.2595707063574902,912
1.4160499723885467,0.027010483026964995,0.0014511289242685303,0.004846713926092503,8.950513986438208e-05,0.2594607156105858,0.25945610750364956,913
1.4152463220509606,0.027795469230644805,0.0013358033629167097,0.0049398267527269,7.662876709769657e-05,0.25875378587227815,0.25875342346582497,914
1.413117556239915,0.027632693376268,0.0012068999197636411,0.004935035344259561,7.830740079898167e-05,0.25884914689667776,0.2588486466388464,915
1.4174875176355173,0.026796771080106644,0.0015614399753957995,0.004849273056462023,9.166707784347536e-05,0.2595742925505478,0.2595692396963731,916
1.414560306223504,0.026769075924054513,0.0013680116116020014,0.004863171478694218,9.010320451412195e-05,0.25949227077753906,0.25948774747907116,917
1.416185882009004,0.02760999188542898,0.001410411730310343,0.004963409914886824,7.639057382437095e-05,0.2587401701255966,0.2587398720466706,918
1.4141501015584597,0.027485199478783584,0.001284381557264797,0.004962037067855725,7.741803284152901e-05,0.25879875177746986,0.2587983454139453,919
1.4153910809095789,0.02658860589445418,0.0014354919696227672,0.004871691468832772,9.123924839396153e-05,0.2595519238059127,0.25954707425892604,920
1.4126618743836454,0.026574832806969262,0.0012543667885197107,0.004883606003118643,9.000470598009836e-05,0.2594870810041919,0.2594827751336227,921
1.4176481106548668,0.027424656965818722,0.0015195385403066696,0.0049863958544165785,7.593051387557595e-05,0.25871381167317586,0.2587136040300766,922
1.415579953471869,0.02730274305273339,0.0013907986241430146,0.004985622872877681,7.665524047582479e-05,0.2587552978519194,0.25875501636692255,923
1.4132038054195368,0.026360670158968504,0.0013048023925131846,0.004893086401442637,9.0562947168782e-05,0.25951645664986617,0.2595119859678016,924
1.4106969485731073,0.02639775538518277,0.0011350400789369804,0.004906364433330928,8.938570613254963e-05,0.25945440141587767,0.2594504146909884,925
1.4195216115749005,0.02727595533411563,0.0016535037830408621,0.005011855714284124,7.540238269602887e-05,0.25868345453699326,0.258683315180038,926
1.4173348042642135,0.02713991673711883,0.001518128821373975,0.0050099852487721554,7.632979822579574e-05,0.25873669263656424,0.25873649088312,927
1.4111084276102797,0.026133613753607315,0.0011802245445181167,0.004914142361604793,9.032900247402237e-05,0.2595041571153902,0.2595000268326048,928
1.4088650157157485,0.026217272688569444,0.0010247241664195711,0.004929638517021261,8.851615119232148e-05,0.25940830224813816,0.2594047443864203,929
1.4215429975860652,0.027119174029552547,0.0017972162772612534,0.0050372179312770035,7.448012048765175e-05,0.25863018658475306,0.2586301166884263,930
1.4191323619949099,0.026963128405952327,0.0016488471819022612,0.005033690710117708,7.57446124043682e-05,0.258703138077979,0.25870300542065316,931
1.4093411888707865,0.02590711974678109,0.0010774713234447085,0.004934765522440025,9.015249476138849e-05,0.25949486675848527,0.25949098982110885,932
1.4073857736197197,0.02605457706371921,0.0009366911700554347,0.004954707806670672,8.774627533653666e-05,0.2593672981876599,0.2593641050150461,933
1.4231469168293012,0.02694596733017363,0.001914901943550939,0.005062224513504791,7.403910068846146e-05,0.25860459764826116,0.2586045657091564,934
1.4203555694921026,0.026751549745617095,0.0017443848631308943,0.005055358037939454,7.570914200351302e-05,0.25870110004559843,0.2587010051492329,935
1.408207317963859,0.025657754113543128,0.0010184900722503484,0.004953382871999276,9.021135415137848e-05,0.2594979657901773,0.25949423081440914,936
1.4065415443719749,0.02590143809617904,0.0008901253062381518,0.0049800853442544014,8.663633606847156e-05,0.2593078642055238,0.25930494421016964,937
1.4232345451555288,0.026724675832188977,0.001935540048924231,0.005084281220738641,7.410916544874843e-05,0.2586086680415003,0.2586086434577981,938
1.4198518865462075,0.02647871953904756,0.001730441383620717,0.0050724927354390634,7.677069371178523e-05,0.25876188870688194,0.258761775124279,939
1.4082365851337273,0.02538137258044182,0.0010389393237499257,0.004969376963936858,9.12627066738938e-05,0.25955315166182835,0.259549293145136,940
1.4068174865605632,0.025739483154736804,0.0009189258732026017,0.005003159231378954,8.597196641075133e-05,0.25927210690246566,0.25926926263070943,941
1.4206222024935926,0.026458468920090888,0.0017790110827477015,0.005103590112577467,7.407713998497378e-05,0.25860680776972356,0.2586067714817189,942
1.4166637607394144,0.026134363958736005,0.0015424251478246905,0.005083790018623219,7.801687636924808e-05,0.25883271625091897,0.25883251438514865,943
1.4102135805423957,0.02505313481093453,0.0011925316922478699,0.0049787581943653465,9.295828453432714e-05,0.25964148767225925,0.2596371005463516,944
1.4088025351448992,0.02547980021795866,0.0010690402758314398,0.005016001476264582,8.725257663070042e-05,0.2593409087689957,0.259337656211529,945
1.4162147465825052,0.02623768198132941,0.0014990853448503573,0.005126623084317043,7.363718594697211e-05,0.2585812112167789,0.2585811551415679,946
1.412480072231596,0.025826447439103912,0.001284674418887693,0.00509902656810575,7.860033952248004e-05,0.25886568325186954,0.2588653805439703,947
1.4134409491211168,0.024689486820642047,0.0014314951133210876,0.004983337150100103,9.525296749114346e-05,0.2597597626759642,0.25975464349635874,948
1.4115479610255925,0.025073851284467034,0.0012798318545600151,0.0050172857868459745,9.0112848176867e-05,0.2594927787384341,0.25948880069191016,949
1.4127659551636804,0.02602994198336172,0.0012824195730869615,0.005147282877389414,7.333086642889685e-05,0.25856334434837797,0.2585632700262737,950
1.409868840304547,0.025593743271103055,0.0011256738177831075,0.005119399132818452,7.830318694320973e-05,0.2588489087995758,0.25884858185139364,951
1.4152479292856976,0.024358391376421352,0.0015734532151677688,0.004991565390955171,9.701841472359509e-05,0.2598497926233802,0.25984422495113796,952
1.4125340844264809,0.02467542988316758,0.0013722517569066943,0.005021876479286264,9.256104182530644e-05,0.25962086492085334,0.25961640737516517,953
1.4118912634237075,0.025831736338835953,0.0012369456612916084,0.005167901811785882,7.315243606028156e-05,0.25855291973891265,0.2585528554972193,954
1.4096261876902962,0.025457931305750595,0.0011166872715333656,0.005146966484230869,7.690456713236307e-05,0.25876952490915917,0.258769304797125,955
1.4143575945474407,0.024107402248739036,0.0015307647821423435,0.005008052078937064,9.72267378424698e-05,0.2598603619529138,0.2598550112232292,956
1.4113057757761769,0.024364250199199276,0.0013110723779541245,0.00503512737534842,9.349927742960893e-05,0.25966950243960923,0.2596651562764312,957
1.412923762387323,0.02567774855642809,0.001314955485316532,0.0051922137192221525,7.257682520020772e-05,0.25851920331957207,0.2585191809223283,958
1.4108230923289724,0.025381118091066374,0.0011988906101953573,0.005178574684374826,7.507963198460369e-05,0.25866485037289183,0.2586647598300191,959
1.4122388121033635,0.023917742964458238,0.0014024433222602647,0.005029885129215714,9.64620765927328e-05,0.25982151091190825,0.25981667374027084,960
1.4094277610559074,0.024116209990135074,0.0012024392011708543,0.005053443908274972,9.344619804425574e-05,0.25966675736967965,0.2596627612539201,961
1.4144495679789117,0.02554060173149331,0.001424356138377983,0.005217629029801239,7.182556270039944e-05,0.25847499632450655,0.25847499576508887,962
1.4122105276898904,0.02529117274523369,0.0012951209870024696,0.005207678964500324,7.372271358353694e-05,0.2585861931950974,0.25858617253360744,963
1.4103510390791125,0.023746578732935862,0.0012882509452327594,0.005051825495273373,9.568672934519737e-05,0.2597819593816984,0.2597776378986353,964
1.4078721002610095,0.023904904380732426,0.0011128670376739942,0.005073410839847392,9.300987550094124e-05,0.2596441627682729,0.2596405618880952,965
1.4157240824435924,0.025398905957169544,0.0015172693371664028,0.005242461234343229,7.108936956172673e-05,0.2584314512132685,0.25843144231561854,966
1.413300259487975,0.025167056825360554,0.0013745372947861242,0.005233231345855427,7.289461052439155e-05,0.25853783406517084,0.258537833507775,967
1.4089192869501534,0.023565972507609487,0.0012049538167221822,0.0050719628315621665,9.527454225256128e-05,0.2597608679046774,0.2597569228489682,968
1.4066544667598253,0.023712195753282088,0.0010445581307766125,0.005094136772336893,9.244631729041241e-05,0.25961490079462146,0.25961164256098823,969
1.416772572201719,0.02525166228938518,0.0015954101449686142,0.005267223656556848,7.034908791542703e-05,0.2583874363136436,0.25838739743461125,970
1.4142100140506324,0.02502081161215365,0.0014438286517629842,0.005257038584137583,7.232273038781997e-05,0.2585042771819726,0.2585042722767991,971
1.407710145437412,0.023376096898953393,0.0011370419395356178,0.0050909567337816455,9.510636175715119e-05,0.2597522490614807,0.2597485848132545,972
1.4055579836514005,0.02353636890557149,0.0009831559547903049,0.005116113628769768,9.172340239898162e-05,0.2595772335462273,0.2595742959443185,973
1.4178439271477796,0.02510349496658791,0.001675018377329395,0.005292550765612434,6.958517570506816e-05,0.2583417729353578,0.2583416871361539,974
1.4151600532211661,0.02485967266815795,0.0015169621251814674,0.005280452011077998,7.185747832644574e-05,0.2584768790439905,0.2584768568044965,975
1.4065479389015842,0.023180880616215826,0.0010725889930988364,0.005109948550611798,9.499563453636005e-05,0.25974657039867666,0.25974312999303734,976
1.4044702148771027,0.02338108898143294,0.0009208725622044958,0.0051404168787814505,9.069293965125376e-05,0.25952328407910075,0.25952066113621475,977
1.419030259726176,0.02494956808242114,0.0017629013177032993,0.005318020829134669,6.89547035199902e-05,0.25830389688760585,0.2583037545177051,978
1.416185755935036,0.024679327798230625,0.0015969692356177304,0.005302990881704384,7.169061015477825e-05,0.2584670307755894,0.258466985995609,979
1.405424322527237,0.02298201007991505,0.001010930985203606,0.005129359034639867,9.49511840167691e-05,0.2597442898159265,0.259741040583603,980
1.4034210008106809,0.023253314260296056,0.0008591004319909207,0.0051682487057269555,8.912942057764669e-05,0.25944083791713674,0.25943854439843406,981
1.4200976118648196,0.02475443012895772,0.0018467211924004297,0.005340817699418824,6.883710979163697e-05,0.2582968132310928,0.2582966326799549,982
1.4169908901555923,0.024436719998988714,0.0016680016181620137,0.0053211148425027725,7.23593211169233e-05,0.2585064282232276,0.25850637885009403,983
1.4044935298379564,0.022770823834092555,0.0009628911185677285,0.005148806974778112,9.511691968084214e-05,0.2597527903535779,0.2597496457517898,984
1.4025824986809392,0.023167680289592704,0.0008080173303610006,0.005201603407461888,8.677494216659606e-05,0.25931530687452625,0.25931336310220116,985
1.420213982613733,0.02445005859263872,0.001877506140989382,0.00535456297666409,7.012958061078565e-05,0.2583743406075216,0.25837419142648316,986
1.4166311124526905,0.02404273680532016,0.0016749408034827632,0.00532589500149739,7.514108828583534e-05,0.258668395946531,0.2586683835695685,987
1.404220911165181,0.022523499264778223,0.0009609664251416113,0.005165491098508028,9.587957717776182e-05,0.2597918117413358,0.2597885579094974,988
1.4024324023106076,0.02311904052660258,0.0007993749759547291,0.00523995390974084,8.370626170327857e-05,0.2591491126183515,0.2591474499537789,989
1.417923434643862,0.024031840225120168,0.0017576412786820073,0.005358608962586026,7.269349023143768e-05,0.25852604774977467,0.2585259956037758,990
1.4136318280067033,0.023462478139509024,0.0015204729319802201,0.005312765703368121,8.046940653291979e-05,0.25897047415318275,0.25897044131413255,991
1.405717217718705,0.022215515568398573,0.0010805962809047917,0.005175194717377272,9.754980918668972e-05,0.25987673069323497,0.25987292538330475,992
1.4038981099622139,0.02296887893269013,0.0009059568090088366,0.00526720358174154,8.239978677325433e-05,0.2590774328294543,0.25907565404401206,993
1.4135721532363248,0.023824514006453527,0.0014795128870502194,0.005383202844591049,7.172110727079808e-05,0.25846883151744077,0.2584688092210959,994
1.4089812995290114,0.02301178078851771,0.0012429523253860602,0.005311001799062554,8.329147768961048e-05,0.25912641647579215,0.2591262255366834,995
1.4094194565594051,0.021828033383823765,0.001351620313443126,0.005173110433347459,0.00010056888218064063,0.2600284037703236,0.26002353213925244,996
1.406937551646975,0.022554679367530115,0.0011383400193670187,0.0052636094152275735,8.5774253427288e-05,0.25926143905812093,0.2592588458370163,997
1.4098505425310965,0.023785896503770984,0.0012275586703906945,0.005422361431446852,6.86749110971911e-05,0.25828703270762166,0.25828700714686986,998
1.4057165902026907,0.022768658362478603,0.0010412699421345982,0.005328269864182172,8.308123507927176e-05,0.25911489084297074,0.25911460769205985,999
1.412447448343805,0.021419177457735254,0.0015779033298440508,0.00516651347604794,0.00010441937406359548,0.26021857984573177,0.2602126884650871,1000
1.4086454030476003,0.022084423721824082,0.001285026452976417,0.005251817096855353,9.031126689544556e-05,0.25950322402637366,0.2594998191672674,1001
1.4089018276815066,0.023687283030789034,0.0011666112994207585,0.00545288095696605,6.689792747439455e-05,0.2581791153234561,0.2581790667403292,1002
1.4053138245269046,0.022714410806029674,0.0010155868392008314,0.005362981112473803,8.044627387358965e-05,0.2589691846827674,0.2589690244342575,1003
1.4121169848179234,0.02111031449197828,0.0015742770322638303,0.005170656333678645,0.0001068595026958115,0.2603372870084859,0.26033123100958316,1004
1.4075921988409987,0.021744342158216027,0.0012376576914405707,0.005253024863249724,9.31174477261717e-05,0.2596497382206033,0.2596461948474877,1005
1.4104681055963382,0.02362867804874763,0.0012702491020877198,0.005485060074061548,6.512016031767351e-05,0.25806970633404175,0.2580695505943837,1006
1.4070481447973022,0.02284398046009372,0.0011159943878864282,0.005414783692475943,7.533501679192307e-05,0.2586795746895757,0.25867957041298845,1007
1.4099195430305576,0.020894556315173795,0.0014418800769738214,0.0051843625571064665,0.00010727181679393275,0.2603572108597794,0.2603517668620206,1008
1.4057509366587062,0.02146766175163128,0.0011332476398297638,0.0052590658077904156,9.48495878096967e-05,0.2597390753056795,0.25973583352535995,1009
1.412611559258472,0.023596927677122615,0.0014100343160568557,0.0055170216909397295,6.330574852720368e-05,0.2579564909682098,0.2579560953545395,1010
1.4091306450540944,0.02298961264918696,0.0012366620392544954,0.0054650816518296425,7.06357359177278e-05,0.25840450688129457,0.2584044208081176,1011
1.407946853265619,0.020761781438868122,0.001320348235834857,0.005204836621586977,0.00010624263817434078,0.2603074069568607,0.2603028560550809,1012
1.4045053119714246,0.02122188137380008,0.0010663906510640993,0.005265609939479705,9.620822716573637e-05,0.25980857926336615,0.2598057261294414,1013
1.4139218846623862,0.023503244466232177,0.0015004321768141713,0.005540689982912867,6.228174854530974e-05,0.2578918786448671,0.2578911844752929,1014
1.4104708517703501,0.023030208532297404,0.0013164901378347992,0.00550238564098169,6.7608808529087e-05,0.25822245757234946,0.2582221195955485,1015
1.4066839101016908,0.020653044194029278,0.0012446988341994548,0.005225758498339197,0.00010491321583782146,0.26024271525708986,0.26023899001982226,1016
1.4038553332483341,0.020994188442014353,0.001037931798376677,0.005272123093848626,9.746215899543663e-05,0.2598722924893581,0.2598697825046783,1017
1.4143594539089688,0.02335386148728926,0.0015385322281886151,0.005557623496235566,6.19872428968509e-05,0.2578731977554772,0.2578722279110311,1018
1.4110776547335888,0.022979566668134627,0.0013559464442370692,0.005529343232564286,6.59035506914131e-05,0.2581181001897866,0.25811747831257487,1019
1.4058780054777715,0.020538538532024538,0.001199570963676765,0.005244948158511039,0.00010381969483349008,0.2601891950041939,0.2601860961934601,1020
1.4034605409177814,0.020783717014016056,0.0010253166071371844,0.00527988689121561,9.845037257509856e-05,0.25992221611209404,0.2599199763588017,1021
1.414384828096461,0.023177226745347432,0.0015518868149989016,0.005571703616545452,6.198408851006714e-05,0.2578729974285571,0.2578718109161613,1022
1.411306015844876,0.02287401060672178,0.0013754560334332065,0.0055507265929791065,6.490993089533933e-05,0.2580566699631634,0.2580558117651546,1023
1.4052656518483027,0.02041400461120737,0.0011677157700736393,0.0052630041298084625,0.00010297526238493582,0.2601476727570875,0.2601449905686149,1024
1.4031105677581948,0.020593730923990573,0.0010143885910740397,0.005290191613005465,9.909213130511175e-05,0.25995450306670864,0.2599524524299024,1025
1.4142935533111927,0.022993928137767183,0.0015582081140822785,0.0055855420609415675,6.207185639779302e-05,0.25787856943853343,0.2578772371066475,1026
1.4113639227857877,0.022735469377725068,0.0013869115750879324,0.005569213675355878,6.434736278768153e-05,0.2580216807956738,0.2580206644823434,1027
1.4047436386245946,0.020277834596696544,0.001142434435294068,0.005280149294849299,0.00010233870357327667,0.2601162593666472,0.2601138177213602,1028
1.4027508314000605,0.020419605182061873,0.00100187279478703,0.005302923000821427,9.936322496477e-05,0.259968110400912,0.25996616034449443,1029
1.4141739450592021,0.022811324478535715,0.0015625696295633127,0.005600241591531999,6.214566545533712e-05,0.25788325221309943,0.2578818595480565,1030
1.411318304581469,0.022575449778223258,0.0013937787933241954,0.005586325152124046,6.410120619298932e-05,0.2580063228883795,0.2580052427428179,1031
1.404295421190414,0.02012942495089697,0.0011226494470964658,0.005296513664188658,0.00010198419315416644,0.26009872235256354,0.26009637677000896,1032
1.4023986730404077,0.02025480442199348,0.000989336461453627,0.005317316894755874,9.937590442168799e-05,0.2599687463816514,0.25996682801239973,1033
1.4140020704615148,0.022628896992802537,0.0015632158934691669,0.005615638989571892,6.214360500312998e-05,0.2578831215265991,0.2578817303055841,1034
1.4111552055879832,0.02239969244691303,0.0013943836018578536,0.005602420591473019,6.4034723617257e-05,0.2580021699317908,0.2580010944192205,1035
1.4039416728702805,0.019969631055150986,0.001109717170094088,0.005311975207641284,0.00010190717338211277,0.26009490828993076,0.260092563480363,1036
1.4020904005775527,0.02009417920735167,0.0009794591098942977,0.005332667239327792,9.933198458685724e-05,0.2599665432616759,0.25996461055602377,1037
1.4137290238055622,0.022443534629002913,0.0015573175364754193,0.00563140922152193,6.214016622530721e-05,0.2578829034134199,0.257881552281251,1038
1.4108467959449023,0.022208682503105856,0.0013867119468276572,0.005617578864483893,6.410373392732587e-05,0.258006480745454,0.25800545093449473,1039
1.4037053953795353,0.019797279463985597,0.001105310638717224,0.005326325438379859,0.00010203694437025418,0.26010133379164624,0.2600989359770967,1040
1.4018617210858275,0.01993248102974407,0.0009749485693329907,0.005348164743531631,9.930120766707271e-05,0.2599649991303097,0.259963035815792,1041
1.413304183359709,0.022254476451654563,0.0015417564900594228,0.0056470816407414295,6.220474441689125e-05,0.25788699844154234,0.25788569555676866,1042
1.4103642990418088,0.02200708606855649,0.0013686517119379017,0.005631797683604319,6.435473678189015e-05,0.2580221404115043,0.25802116673611825,1043
1.4036088576481272,0.01961539955339425,0.0011106862820558312,0.005339509090251253,0.00010241899834213624,0.2601202271882669,0.2601177587774396,1044
1.4017429961010508,0.019766105439323972,0.0009780429690590658,0.005363115744254211,9.935316512606749e-05,0.25996760578705175,0.25996561071381996,1045
1.41269618173154,0.022058940441783154,0.0015145692383493308,0.005662172632030088,6.23192282970972e-05,0.257894252865034,0.2578929962148436,1046
1.4096994650150856,0.021794755549009146,0.0013394850728622066,0.005644939790403884,6.472953790886817e-05,0.2580454669167717,0.2580445509029803,1047
1.4036620498235624,0.019424384736714304,0.0011264842406743278,0.005351422775110056,0.00010303024776737053,0.2601503816562418,0.260147833354445,1048
1.4017489312163616,0.0195926710608379,0.0009898337015421357,0.005377011589544466,9.95887999214793e-05,0.2599794188168189,0.259977391319216,1049
1.4119150815487889,0.021860768701658,0.001476209029003263,0.005676578302934478,6.249776138710214e-05,0.257905552566842,0.25790433186905226,1050
1.4088815074618766,0.021578609205816383,0.0013005535346369635,0.005657200531565516,6.518177772272343e-05,0.2580735232533711,0.2580726543509278,1051
1.4038533646220288,0.01922783221896991,0.0011517086968423757,0.005362119392724291,0.00010381757699071997,0.26018909107775173,0.2601864697138963,1052
1.4018699977412474,0.019410603985713187,0.0010097673521072155,0.005389512722332518,0.00010003828803176723,0.26000191421837676,0.25999985359785316,1053
1.4110247423936662,0.021662586632609216,0.0014306777080817714,0.005690440552926579,6.271491675469163e-05,0.2579192750144626,0.25791808202470984,1054
1.4079907021236364,0.0213640854231264,0.0012566423162164093,0.005669112331184962,6.56385794075441e-05,0.2581017639688863,0.2581009338117464,1055
1.404131078526951,0.019029076974439833,0.001182728265666371,0.005371994711446158,0.00010469845888135198,0.2602322264870043,0.260229534368955,1056
1.4020614475027884,0.01922145307813194,0.0010347600647958467,0.005400732146466887,0.00010066123896264743,0.26003300747346714,0.26003091133596146,1057
1.410125941386704,0.021469751752236463,0.0013841913081671542,0.005704063565441227,6.29236053397651e-05,0.25793244006216026,0.25793125964794733,1058
1.4071317320816943,0.021159557619705154,0.0012139639950196728,0.005681283914257823,6.602059719285987e-05,0.2581253059753378,0.25812449513870395,1059
1.4044112084235407,0.018834096706493476,0.001213621113041621,0.005381638052042762,0.00010557264106895954,0.26027485479551704,0.2602721133391101,1060
1.4022483520951154,0.019030146160621514,0.0010595215273190184,0.00541124596891156,0.000101367588754701,0.2600681472354501,0.2600660208093445,1061
1.4093303561481063,0.021285874696394588,0.0013438039881200194,0.005717952391707454,6.307276732548967e-05,0.25794183652094965,0.25794065538632777,1062
1.4064063504084678,0.020969580264577146,0.0011788195418528517,0.005694385403406267,6.625337995593292e-05,0.2581396179244442,0.2581388088732816,1063
1.4045986300774251,0.018646992175418747,0.0012378807128880086,0.005391736016443073,0.00010632267252984906,0.2603112885969625,0.260308523888134,1064
1.4023514852666727,0.018842342749037108,0.0010784641151272622,0.005421762748872111,0.00010203149675700279,0.26010106413983214,0.2600989250231135,1065
1.4087159325850958,0.021114192891710355,0.0013143810672484628,0.005732452915308664,6.312291630063623e-05,0.25794499315925673,0.2579437902194499,1066
1.4058733214176058,0.020798158622497075,0.0011547884813176597,0.005708770272045843,6.630478928735938e-05,0.2581427752816444,0.2581419434772535,1067
1.4046267141310032,0.018471950935586557,0.0012508742949879387,0.005402822850230353,0.00010687597861988655,0.2603380838949917,0.26033533651435303,1068
1.402317170921423,0.018663054039535533,0.0010877433512957565,0.005432945261153621,0.00010256225675573692,0.26012730254094035,0.2601251779201185,1069
1.4083145072758867,0.020954221319500917,0.0012980297962554344,0.005747801074724889,6.30573074304331e-05,0.25794086314139925,0.25793961921932673,1070
1.4055456808331914,0.0206428626257215,0.0011429032809723543,0.00572446848988309,6.617355553007284e-05,0.25813471299617097,0.2581338388575814,1071
1.4044746242506951,0.018308808450784114,0.0012512815698690507,0.005415081239746491,0.00010719117127042706,0.2603533169211817,0.26035062130878295,1072
1.402133544825209,0.01849453941566941,0.0010864716158783222,0.005445111924651104,0.0001029017898450744,0.26014405194412343,0.260141970289831,1073
1.4081101526375557,0.02080568812896491,0.0012937358230820804,0.005764016225425576,6.288700898733954e-05,0.2579301329741272,0.257928827585989,1074
1.4053956326979635,0.02050156445710547,0.001141578872896573,0.005741259045126027,6.591183275374453e-05,0.25811861027231536,0.2581176740913924,1075
1.404165540661322,0.018156711105136978,0.001240682733258855,0.005428427703955756,0.00010730448970389564,0.26035878804223234,0.26035617608495065,1076
1.4018228383075462,0.01833641986542312,0.0010761695799568131,0.005458283004489288,0.00010304728033664538,0.2601512206328424,0.2601492060182504,1077
1.4080618812481238,0.020665125359549185,0.0012990232010676695,0.005780948796409048,6.262209863179477e-05,0.2579134125781356,0.2579120321487223,1078
1.4053788358959665,0.02036887833475169,0.0011483103940158152,0.00575879595182589,6.555835965945272e-05,0.25809681169717147,0.25809580275617,1079
1.4037430633542238,0.018012802010131026,0.0012221274056945898,0.005442635454623476,0.00010726564963361698,0.2603569131324742,0.2603544005686773,1080
1.4014230923204773,0.01818729750427856,0.001059440818822047,0.005472322869996401,0.00010303993960902802,0.2601508590576871,0.2601489266221524,1081
1.4081190151849519,0.02053028920104873,0.0013107618772791394,0.005798380434148636,6.229788514079852e-05,0.25789290093316763,0.2578914350421177,1082
1.405446522875824,0.02024134377082275,0.0011601931873959186,0.005776722933083494,6.516039421252138e-05,0.2580721988461956,0.25807110930773436,1083
1.403254080782336,0.017874857572612486,0.0011988387080090247,0.0054574274999518845,0.00010712553695613163,0.2603501467118168,0.26034774176550957,1084
1.4009717467330118,0.018045031621081016,0.0010388942455372265,0.0054870329601164804,0.00010291959524729535,0.2601449295338753,0.26014308553112353,1085
1.4082380666702843,0.020397903572800156,0.0013263550393616656,0.005816118471116399,6.19431529822304e-05,0.25787039725695154,0.25786884406907074,1086
1.4055598107948077,0.02011497071511166,0.001174993494869987,0.005794798953775934,6.475330888814397e-05,0.25804694407139406,0.258045774825205,1087
1.4027352325012366,0.01774042579046899,0.0011733767113244454,0.005472598942259865,0.00010692742035819488,0.2603405715682546,0.2603382705920976,1088
1.400498673892481,0.017907880484858203,0.0010166095504755997,0.005502236242148697,0.0001027214022880284,0.26013515674708726,0.26013340095361565,1089
1.4083824536852019,0.020266237965053346,0.001343553835936166,0.005833981778270555,6.15827025981193e-05,0.2578474647242354,0.2578458248747555,1090
1.4056865926611064,0.019987855558320184,0.0011907776177040928,0.005812826734242186,6.436612246860031e-05,0.25802285002156966,0.2580216035953377,1091
1.4022138805113533,0.017608130705928083,0.001147618401825839,0.005487981620279028,0.00010671032971251043,0.260330069201729,0.26032786553037274,1092
1.400025224062882,0.01777425121238739,0.0009940907670358758,0.0055177934104096785,0.00010247747229341919,0.2601231157403943,0.2601214426093359,1093
1.4085247167983082,0.020133117213994807,0.0013607263312381459,0.00585184501927111,6.123298567309246e-05,0.2578251508402773,0.25782343193061513,1094
1.4058027805040958,0.01985765061303114,0.0012061406987851752,0.005830680552596967,6.401290082458003e-05,0.2580008062609077,0.257999491696288,1095
1.401709393942367,0.01747641800768052,0.0011229348406231856,0.005503446967590068,0.00010649804886040527,0.2603197891868199,0.2603176702612751,1096
1.3995678743618354,0.017642901564525432,0.000972498208875076,0.0055335660736060294,0.00010221612946265297,0.2601101992790772,0.26010860069166075,1097
1.4086390681418406,0.019997430202655406,0.0013762959993390037,0.00586956312153086,6.091452058039943e-05,0.25780477549839836,0.2578029864349462,1098
1.4058850414784057,0.019723329755620106,0.0012196554868152021,0.005848221403308014,6.3712808763534e-05,0.2579820303659867,0.2579806573345731,1099
1.4012384334011903,0.01734440453670256,0.001100473397122837,0.005518861987487005,0.0001063155177558726,0.2603109416522388,0.2603088947498291,1100
1.39914073655712,0.01751249582991451,0.0009528445222860209,0.005549405935597899,0.00010196260513429572,0.2600976534469299,0.26009611891361545,1101
1.4087006402310736,0.019857304672212608,0.0013887854358807152,0.005886981747224135,6.064251141225073e-05,0.2577873301851309,0.2577854848855366,1102
1.4059104825028867,0.01958303881679723,0.0012299671914145465,0.005865299966570263,6.347968102358535e-05,0.25796741369727877,0.2579659966544226,1103
1.4008166408309957,0.017210784146944325,0.0010813440445241657,0.005534078862111413,0.00010618535642211403,0.2603046279128416,0.26030263688076044,1104
1.3987582931587532,0.01738179178867392,0.0009361601652924562,0.005565130157883888,0.0001017463319206392,0.26008693867933375,0.2600854562302454,1105
1.4086813030492071,0.019711670802169592,0.0013964610755666605,0.005903913526801435,6.0436440826031937e-05,0.25777408778095745,0.2577722011241222,1106
1.4058532936831216,0.019435857860826564,0.0012354788634588879,0.005881732237980264,6.333265452620592e-05,0.2579581816092752,0.25795673529111335,1107
1.400460880684327,0.01707461729978054,0.001066709726727893,0.00554890942658602,0.0001061362177676952,0.2603022433366571,0.2603002920809653,1108
1.3984356859581535,0.01724922249514949,0.0009235401873027201,0.005580502328025448,0.00010160071153707528,0.2600797178302309,0.26007827321314275,1109
1.408553257861456,0.019559080938550535,0.0013976181060621725,0.005920162171733246,6.030968577021365e-05,0.25776593109486645,0.2577640223924312,1110
1.4056890601605911,0.019280593242040133,0.001234679739592208,0.00589734308638645,6.328227736712655e-05,0.2579550158621543,0.25795355900658895,1111
1.400187707882018,0.016934768302080582,0.0010577267830395437,0.005563154795365759,0.00010619411041061314,0.26030505266413584,0.26030312178539844,1112
1.398188415801265,0.017113311202041785,0.0009160935528178908,0.0055952428480130715,0.00010156689865598014,0.26007804041746113,0.2600766174434831,1113
1.408291762833463,0.019399212009120682,0.0013906786602033668,0.005935536799637661,6.02758335241108e-05,0.257763751253364,0.25776183974985034,1114
1.4053982832051786,0.019117385277312583,0.0012262823619929582,0.005911981636236842,6.333533047415526e-05,0.25795834973308884,0.2579568998821832,1115
1.400011279946757,0.016790675424673725,0.0010553560890471528,0.0055766120456855585,0.00010638084366718986,0.2603141089613786,0.2603121793198502,1116
1.398029114164347,0.016972559295161442,0.0009147393405897136,0.00560906094526191,0.00010168351470956862,0.26008382440890204,0.2600824046073331,1117
1.407885069231061,0.019232249348206706,0.001374859861200911,0.005949923756840395,6.03381004616687e-05,0.25776776032467974,0.25776586661354467,1118
1.4049761761339299,0.018947088612884307,0.0012098857240059092,0.005925616668947153,6.34838896995452e-05,0.2579676778109776,0.25796625249559485,1119
1.3999378252534773,0.016642161456197437,0.0010600126381005073,0.005589155513202003,0.00010670492339083668,0.26032980751954443,0.260327859538066,1120
1.3979635680395839,0.016826097305498878,0.0009199007427382321,0.005621722703474929,0.00010197848209458747,0.2600984395871138,0.26009700445430045,1121
1.4073406525983556,0.019059869600384697,0.0013505242355189087,0.005963301495260651,6.0490301414087264e-05,0.257777551119349,0.2577756910455599,1122
1.4044379952179566,0.018772306327882005,0.0011862645535777254,0.005938349527485945,6.370648328483484e-05,0.25798163412371394,0.25798024458716157,1123
1.399960370170766,0.01649017047798214,0.0010711725465448367,0.005600784051394942,0.00010715519536314995,0.2603515793656403,0.26034959828007115,1124
1.3979849484668503,0.016673967601084774,0.000931107708890692,0.005633153811377375,0.0001024555169691189,0.26012203126695027,0.2601205641645587,1125
1.4066905992792011,0.018884275865601485,0.0013195973547129158,0.0059757837756965965,6.0714249571012214e-05,0.25779193490546554,0.25779011974481025,1126
1.4038214738707424,0.018596209960628923,0.0011576106617402588,0.005950440594012368,6.396638406045993e-05,0.2579978987278197,0.25799655042407577,1127
1.4000547204019012,0.01633645142708685,0.0010871362983068296,0.00561168210854123,0.00010769242374968783,0.2603774960250384,0.2603754734711483,1128
1.3980710711176838,0.01651771394702944,0.000946784965520465,0.005643511291915437,0.00010308355732590162,0.26015300730453306,0.2601514977362267,1129
1.4059858569968142,0.01870845735982527,0.0012851915633978791,0.005987588381617008,6.098662249320071e-05,0.25780939322183233,0.25780762541110025,1130
1.4031785376639276,0.01842252895872543,0.0011270234506620097,0.005962233118795044,6.422534713722355e-05,0.25801407182006897,0.2580127612992127,1131
1.4001813518290653,0.016183587158494214,0.0011051518692704793,0.005622191489749181,0.000108256700064292,0.260404648002902,0.2604025858537105,1132
1.3981855889933532,0.01635997303967438,0.0009643671156264749,0.005653187392664126,0.00010379596796920111,0.2601880306227063,0.2601864760436529,1133
1.4052855873138268,0.018534991290614235,0.00125097762638386,0.005999020273991405,6.127803068520151e-05,0.2578280285311949,0.2578263044053107,1134
1.4025627826076295,0.018254094699984322,0.0010977888543420875,0.005974086830844098,6.444854606718285e-05,0.2580279851810515,0.25802670376146947,1135
1.4002938554317204,0.0160341463673008,0.0011220250732176323,0.005632741116546077,0.00010877966297127893,0.2604297489409515,0.26042765795106654,1136
1.3982864707561777,0.016204089144709385,0.0009808869560624057,0.0056627089105872755,0.00010450810021153416,0.2602229203367499,0.26022132765544154,1137
1.4046417315141115,0.01836626464461733,0.0012201635431617446,0.006010409172395577,6.155960676402285e-05,0.2578459930387442,0.2578443026691397,1138
1.4020158333584833,0.01809282066949036,0.0010724958719630705,0.005986283181710012,6.461420192599763e-05,0.25803829595909467,0.2580370309769083,1139
1.4003511605820673,0.015890134685330695,0.0011349511791602755,0.0056437131070495045,0.00010920367873091532,0.2604500563984562,0.26044795373915364,1140
1.3983367040689207,0.01605285410068361,0.0009937585067114948,0.005672585093949068,0.00010514018595117041,0.26025378885832795,0.2602521710227319,1141
1.40408887844407,0.018203632914580818,0.0011948841704427851,0.0060220620307927936,6.180542393510492e-05,0.25786164257233213,0.2578599747115621,1142
1.4015599216465344,0.01793910405931716,0.0010525817462742051,0.0059989921579455315,6.471433786270791e-05,0.258044522227125,0.2580432618177054,1143
1.400328458585963,0.015752459957956464,0.0011422582855043525,0.005655355144940711,0.00010949648133437086,0.26046405663853034,0.26046196062939797,1144
1.398314534227213,0.01590809178569069,0.0010014657148332425,0.005683170707607487,0.00010563895776419566,0.2602780814242832,0.26027645443177305,1145
1.4036389217153453,0.01804770117427063,0.001175845662454769,0.006034184248500392,6.199944929958388e-05,0.25787397290442277,0.25787231629057555,1146
1.401196613231911,0.017792269696002273,0.0010382178955238405,0.006012239440103614,6.475592028988716e-05,0.25804710633022127,0.2580458411089709,1147
1.4002214091136398,0.015620860224640888,0.001143681269916919,0.005667726491132882,0.0001096570315403509,0.2604717253373239,0.2604696506862244,1148
1.398216680114017,0.015770099286575988,0.0010037975808350995,0.005694608541253616,0.00010598622743331781,0.2602949612642942,0.2602933385720555,1149
1.403283425950415,0.017897884949791668,0.0011625171133978996,0.006046852847848012,6.21376329364354e-05,0.25788274272930656,0.2578810899732291,1150
1.4009108117796178,0.017650698680517544,0.0010285554456132937,0.006025935397529362,6.475628316639021e-05,0.2580471288772077,0.25804585428564364,1151
1.4000440761856052,0.015494237978699244,0.0011402044397702512,0.00568072682006177,0.00010971128972310528,0.2604743157162225,0.2604722710941861,1152
1.3980562955546263,0.015638190980116685,0.0010016722631665397,0.005706840664906273,0.00010619669859647049,0.26030517824185834,0.2603035692999578,1153
1.402999237228526,0.017752974621030995,0.0011534657134431646,0.006060006115173099,6.222842983695833e-05,0.2578884998470532,0.2578868473109562,1154
1.4006776154524538,0.01751242686827382,0.0010221281663579562,0.0060399067976030065,6.473789764037303e-05,0.2580459864305362,0.2580447025309743,1155
1.3998210847318808,0.015370997146616659,0.0011335305382800497,0.005694150351337727,0.00010969980158478865,0.2604737673062174,0.2604717542062326,1156
1.3978555341096888,0.015510854829977586,0.0009966391229568813,0.005719678335934208,0.00010630617254492401,0.26031048847266336,0.2603088966364954,1157
1.4027567986987153,0.01761122870944907,0.0011468912825624347,0.006073494430088937,6.22884977349281e-05,0.25789230623676807,0.257890654966895,1158
1.4004693407244628,0.017375553181948257,0.0010172784035291408,0.006053958854219709,6.472266109581902e-05,0.258045039533515,0.25804375028330656,1159
1.3995796434920464,0.015249641032214697,0.0011255251303252801,0.0057077646467613916,0.00010966529388904068,0.2604721198374083,0.26047013484353837,1160
1.3976383434935575,0.015386564957311038,0.0009903585386615795,0.005732879039078009,0.00010635796938790575,0.26031300001880664,0.26031142470522334,1161
1.4025277299479346,0.017471064864976262,0.001141068002598502,0.006087132462295257,6.233714342816775e-05,0.2578953874780259,0.25789374121727787,1162
1.4002622470366382,0.017238592096160795,0.001012569037278846,0.006067920038748243,6.472723294158362e-05,0.25804532366916233,0.258044035313292,1163
1.3993420193648023,0.015128916209056653,0.0011177186171905296,0.005721368273400983,0.00010964128106022253,0.2604709732623201,0.2604690093692987,1164
1.3974239662951573,0.015263884883751565,0.0009841744201102205,0.005746219645934875,0.00010639034605404096,0.26031456960100813,0.260313006868194,1165
1.4022907270664278,0.017331239343564262,0.0011347092883413877,0.006100760554774393,6.239072355633285e-05,0.2578987798776984,0.2578971440414164,1166
1.4000402530278548,0.01710075070749788,0.0010070073759450068,0.006081679702256264,6.476122740435382e-05,0.2580474360764379,0.2580461551264432,1167
1.3991223486928621,0.01500818239756622,0.0011110737739569347,0.0057348313363886055,0.00010964825858124613,0.2604713064409961,0.26046935655400494,1168
1.3972241962796557,0.01514196207868233,0.000978905925315872,0.00575953860549111,0.00010642989793134045,0.2603164867048497,0.26031493225341734,1169
1.4020345364667879,0.01719114339964489,0.0011271347391434894,0.0061142754219439864,6.245887622549856e-05,0.25790309282657736,0.2579014724546597,1170
1.399796966050487,0.016961810730192806,0.0010001839552267978,0.006095197696040669,6.482560956908792e-05,0.2580514352490154,0.2580501674203926,1171
1.3989253317512158,0.014887189367931897,0.0011059151521569215,0.00574810263864989,0.00010969139045645808,0.2604733657654289,0.2604714233422145,1172
1.3970426619578211,0.015020347841766523,0.000974813686093447,0.00577275604266975,0.0001064889872735095,0.260319350138139,0.26031779981000397,1173
1.4017576073380613,0.017050729848690663,0.0011182522073719219,0.00612764499565592,6.254449564755391e-05,0.2579085078015738,0.2579069066974252,1174
1.399533961463574,0.01682217257590072,0.000992163362368694,0.006108498324222944,6.491579603586473e-05,0.2580570339477915,0.25805578283576724,1175
1.398748540098771,0.014766184259941006,0.0011020707146461289,0.005761198286121641,0.0001097653536887564,0.26047689618583464,0.2604749574246194,1176
1.3968768009710173,0.014899116814458413,0.0009717223108710503,0.005785862382656355,0.00010656750947493645,0.26032315404684714,0.2603216055929524,1177
1.4014656991602517,0.01691035185615837,0.0011084101367277639,0.006140893624270501,6.264397120319224e-05,0.2579147944511018,0.257913214562763,1178
1.3992584886938038,0.016682413536181998,0.0009833643774049081,0.006121647646622747,6.502266249626145e-05,0.2580636630941689,0.25806243062209533,1179
1.3985848222838357,0.014645510908246747,0.0010990545216040168,0.005774175191216002,0.00010985779683830598,0.26048130701956135,0.26047936982782605,1180
1.3967203673668338,0.014778532266618731,0.0009692052137706328,0.005798897659769744,0.00010665751666377755,0.26032751260777626,0.2603259650908354,1181
1.4011677808046283,0.016770573770880797,0.001098148759881934,0.006154079821197685,6.275097115900896e-05,0.25792155105765335,0.2579199925950004,1182
1.3989792896840927,0.016543281479752727,0.0009742946174244799,0.006134724873587202,6.513726614804507e-05,0.25807076614380847,0.25806955226657213,1183
1.3984261204994715,0.0145256484787454,0.0010963118928179853,0.00578710120646253,0.00010995602639586411,0.26048599191282656,0.2604840566299869,1184
1.3965664955316164,0.01465900051802079,0.0009667879852282772,0.005811917851773672,0.00010674803926138006,0.26033189427265785,0.26033034845322156,1185
1.400872740482311,0.016631884971523958,0.0010880045272368755,0.006167266709547876,6.28578599142421e-05,0.2579282948932442,0.2579267569309618,1186
1.3987042183102185,0.01640526439206827,0.0009654225941975822,0.006147798810969613,6.525138891873411e-05,0.2580778331821556,0.2580766372124128,1187
1.3982655886175692,0.014406881772685072,0.0010933792006950387,0.00580003225757491,0.00011004955216410567,0.2604904505224564,0.26048851801970424,1188
1.3964098049232934,0.014540810282635415,0.0009641010586990985,0.005824971937331071,0.00010683016853302195,0.26033586805899833,0.26033432519116556,1189
1.4005865126483232,0.01649465346475054,0.0010783330663102194,0.006180500697762637,6.29595043601066e-05,0.2579347025375944,0.257933183505809,1190
1.3984378110610838,0.016268735249528488,0.0009570143661463456,0.0061609098286600755,6.536078194385135e-05,0.2580846015327814,0.2580834221003553,1191
1.398099573561843,0.014289426499061538,0.0010900045352761321,0.005812997343072525,0.00011013326449400047,0.2604944396941428,0.26049251162833614,1192
1.3962476737030243,0.014424138569238909,0.000960962783658155,0.005838083202075271,0.00010689885509460502,0.26033919025333246,0.26033765195906755,1193
1.4003115030396303,0.016358960991624934,0.0010692806486633905,0.006193799740749657,6.305289128588198e-05,0.2579405850720134,0.25793908356141754,1194
1.3981814630369318,0.016133707740080144,0.0009491575757455632,0.006174067978884404,6.546363882696255e-05,0.25809096031549794,0.25808979655565556,1195
1.3979274045165175,0.014173264129595995,0.0010861451321543915,0.005825998235976558,0.0001102064749356169,0.260497927173286,0.2604960044074282,1196
1.396080213665842,0.014308975961462075,0.0009573810680570019,0.0058512485630030685,0.00010695431800725054,0.2603418720745932,0.2603403394235422,1197
1.400046599742223,0.016224754085518628,0.0010607792240287578,0.006207153597410129,6.313873425407963e-05,0.2579459885636766,0.25794450346606557,1198
1.3979335727492657,0.016000124465535594,0.0009417538658238715,0.006187256383051156,6.55615782769655e-05,0.25809701045306016,0.25809586163002496,1199
1.397750976184189,0.014058341308534767,0.001081927376282949,0.005839015190184781,0.00011027234777074398,0.26050106412563717,0.260499147323984,1200
1.3959094662061577,0.014195218343988299,0.0009534959147734829,0.005864443079724517,0.00010699984083920109,0.26034407273945814,0.2603425463798135,1201
1.3997888619254804,0.016091797716392985,0.0010526546451543033,0.006220533119888875,6.321898676833922e-05,0.25795103683605725,0.2579495677413947,1202
1.3976913678149672,0.01586774210468105,0.0009346407339588417,0.006200445619059612,6.565675785334628e-05,0.25810288577318885,0.2581017519240178,1203
1.397573092061807,0.013944505538390927,0.0010775433829287844,0.005852020669847285,0.00011033511423992715,0.26050405227709417,0.26050214111745124,1204
1.3957381801644715,0.014082708025672349,0.0009494959249708924,0.005877634632397377,0.00010704082703833714,0.26034605369396163,0.26034453357866183,1205
1.3995347060677856,0.015959897275760877,0.0010446915414528593,0.006233903160661018,6.32971444543128e-05,0.2579559502546404,0.25795449711227575,1206
1.3974518197249095,0.01573641663486195,0.0009276336226729716,0.006213604519758507,6.575207520404986e-05,0.2581087653316673,0.25810764658390695,1207
1.397396453344006,0.013831677390381134,0.0010731742385904893,0.005864989551488651,0.00011039857189852109,0.2605070724704135,0.2605051665616433,1208
1.3955686689090108,0.013971317020743187,0.0009455398514217027,0.005890794342604794,0.00010708151035976911,0.26034801963468224,0.2603465054585381,1209
1.3992815457051182,0.01582885270506025,0.00103673787126428,0.006247234892982884,6.337554794345027e-05,0.25796087607889046,0.2579594392495353,1210
1.3972130613710656,0.01560599379540886,0.0009206221683238727,0.006226712214319394,6.584894859625435e-05,0.2581147365081224,0.25811363337268106,1211
1.3972225525291468,0.013719790499459346,0.0010689216628641286,0.005877908563931279,0.00011046456853765083,0.2605102125828953,0.2605083111462614,1212
1.3954021635251652,0.013860983064373384,0.0009417111789767312,0.005903906867786805,0.00010712474060882333,0.26035010824140614,0.2603485995187253,1213
1.3990281188191604,0.015698611595997794,0.0010287183031342589,0.006260512617211052,6.34560258651368e-05,0.2579659290647819,0.25796450884395417,1214
1.3969744179093613,0.01547648052098008,0.0009135627546142972,0.006239760289584983,6.594812784394435e-05,0.2581208452665929,0.25811975800543197,1215
1.3970516230401016,0.01360887599809244,0.001064799428342899,0.005890776901888002,0.00011053292181368755,0.26051346383518237,0.2605115664840896,1216
1.3952386382674207,0.013751716715198587,0.0009380076235000529,0.00591697102118587,0.00010717041251505904,0.26035231435549844,0.26035081079674816,1217
1.3987747683797869,0.015569160266240908,0.0010206562142029412,0.006273735106084149,6.353846163553346e-05,0.2579711016575837,0.2579696983253443,1218
1.3967365396305331,0.015347895974449193,0.0009064954959814528,0.006252752961409668,6.604888134603652e-05,0.25812704628669214,0.25812597518374647,1219
1.3968827666566426,0.013498979674510282,0.0010607465556920497,0.005903604562892139,0.00011060192341020394,0.2605167449056352,0.26051485133590085,1220
1.3950772068181492,0.013643590060811232,0.0009343666667725921,0.005929998041230757,0.00010721710394543497,0.26035456923031736,0.2603530707594964,1221
1.3985226306439276,0.015440586360550729,0.0010126197821518034,0.006286911168579113,6.362231010621654e-05,0.25797635945191894,0.2579749729926209,1222
1.396500562334992,0.015220344186227048,0.0008994869327257666,0.006265700026391414,6.615039456521567e-05,0.25813328928326146,0.25813223429696325,1223
1.3967146888308837,0.0133901839724156,0.0010566739748053007,0.005916405137912132,0.00011066929777486409,0.26051994761274333,0.26051805797680094,1224
1.3949166333186445,0.013536690867298667,0.0009307027874083894,0.005943003746973085,0.00010726203287235652,0.2603567385248618,0.2603552453694244,1225
1.3982731558048804,0.015312950355445953,0.001004697520022377,0.006300053295134598,6.370616092841929e-05,0.2579816139300532,0.25798024424001226,1226
1.3962677006445277,0.01509387723949802,0.0008926119160627898,0.006278611669626865,6.625164150371381e-05,0.2581395111341968,0.258138472240969,1227
1.3965462155239086,0.013282539943812139,0.0010525020817099867,0.005929190835520932,0.00011073327487863213,0.2605229879254246,0.26052110241802645,1228
1.3947559383137904,0.01343110468220516,0.0009269470084652568,0.005956003169941059,0.00010730312712935327,0.26035872227301,0.2603572348169716,1229
1.3980272881931934,0.015186325524311367,0.0009969452178423886,0.006313171462787932,6.378923704958222e-05,0.257986816452729,0.2579854632756088,1230
1.3960385899797378,0.014968546940067893,0.0008859087703240013,0.006291492561329266,6.635240310844118e-05,0.258145698442027,0.2581446755057804,1231
1.3963767760286645,0.013176082626009175,0.0010481915374414888,0.0059419675499620805,0.0001107930148743005,0.26052582608987535,0.2605239450488621,1232
1.394594652728135,0.013326878541882161,0.000923066494445903,0.005969005114335241,0.00010733879440481981,0.2603604437359034,0.26035896243412404,1233
1.3977853736876222,0.01506071726642218,0.0009893838428259463,0.006326269865756913,6.387091421436542e-05,0.2579919280661406,0.2579905912380878,1234
1.3958133013932001,0.014844333641524324,0.0008793841128766147,0.006304341090428871,6.645287855601135e-05,0.25815186350204733,0.2581508565622643,1235
1.396206424275315,0.013070807511184555,0.0010437458155176625,0.005954734997917201,0.00011084887140700224,0.26052847906428095,0.26052660263595434,1236
1.3944328989630312,0.0132240355712366,0.0009190679813945676,0.0059820123207241175,0.00010736892290590286,0.2603618976498469,0.26036042288918737,1237
1.3975470689788478,0.014936123229885318,0.0009819914270514053,0.006339346929015147,6.395143892469898e-05,0.2579969643568481,0.25799564377269757,1238
1.3955913546182064,0.0147212110883043,0.0008730098113747913,0.006317150071708323,6.655390138612381e-05,0.2581580574517543,0.2581570666226111,1239
1.3960356856108118,0.012966697645957028,0.0010391999741354496,0.005967487872237338,0.00011090179394758858,0.26053099206853697,0.260529120299385,1240
1.3942711240932575,0.013122569450302046,0.0009149814347072544,0.005995022599088959,0.00010739379001310504,0.260363097510547,0.26036162957451336,1241
1.3973117845784622,0.014812505146790254,0.000974732140660186,0.006352397876147882,6.403110234794827e-05,0.2580019436606332,0.2580006393917214,1242
1.3953721343698895,0.014599126348628385,0.0008667505325059472,0.0063299105834283996,6.665631529691605e-05,0.25816433189531857,0.2581633574905957,1243
1.3958652007046901,0.012863727599306027,0.0010345969324753168,0.005980219758727223,0.0001109530286980146,0.2605334243576348,0.2605315570755877,1244
1.394109852659934,0.013022477487445993,0.0009108412366005455,0.006008033025499651,0.00010741418445255325,0.26036408145725193,0.26036262052688713,1245
1.3970789260142196,0.014689848018767378,0.0009675688419221813,0.006365418206158129,6.411041419285855e-05,0.25800689791322823,0.25800561010245704,1246
1.3951551072711894,0.014478052147831022,0.0008605744590319631,0.0063426147749448755,6.676090225164146e-05,0.25817073449890776,0.258169776895081,1247
1.395695459386895,0.012761882165726404,0.001029969357682248,0.0059929253726377805,0.00011100343106373548,0.2605358165826734,0.26053395355206116,1248
1.393949405327646,0.012923759679070102,0.0009066685452239125,0.006021042185158763,0.0001074303412406169,0.2603648608886283,0.2603634071056534,1249
1.3968482249737477,0.014568142367974003,0.0009604844989318899,0.006378406148599615,6.41894413521135e-05,0.2580118313357255,0.2580105601984615,1250
1.3949400519200008,0.014357971328907369,0.0008544689117648077,0.00635525800523448,6.68680617616151e-05,0.2581772893896214,0.2581763490448052,1251
1.3955266616204203,0.01266115683258359,0.0010253302573515724,0.0060056022893599055,0.00011105352365266634,0.2605381935668627,0.2605363344896649,1252
1.3937898571982896,0.012826437885389235,0.0009024669450129074,0.006034052025417892,0.00010744223698128784,0.260365434722253,0.2603639882526274,1253
1.3966197044557729,0.014447411818085544,0.0009534787399808452,0.00639136346788447,6.426806637304862e-05,0.2580167366411183,0.25801548236275057,1254
1.3947269940805116,0.014238893827325367,0.0008484352712914885,0.006367838456259801,6.697796628837744e-05,0.2581840067380457,0.25818308409363394,1255
1.3953587726997647,0.012561555975207013,0.0010206769421713586,0.006018249997839732,0.00011110338925601598,0.26054055924778263,0.26053870386755174,1256
1.3936310749723946,0.012730540965125305,0.0008982262490875782,0.006047066724841068,0.0001074492507013334,0.2603657730392544,0.26036433411953297,1257
1.396393612754801,0.014327685728838555,0.000946564813449796,0.006404294248837362,6.43458055051219e-05,0.258021583727988,0.25802034646740646,1258
1.394516101081593,0.014120832250586243,0.000842483824409101,0.006380355619221611,6.709064651295634e-05,0.2581908880173615,0.25818998352381367,1259
1.395191682938701,0.012463085622933058,0.0010160015494062643,0.006030868553308405,0.00011115315585194142,0.2605429197024326,0.2605410677752468,1260
1.3934729000034891,0.012636107642794374,0.0008939338836882404,0.006060091418032283,0.00010745079732473694,0.2603658476414009,0.2603644165865874,1261
1.396170183586074,0.014209003839848815,0.0009397543684419918,0.006417203154916416,6.442219437442697e-05,0.2580263437737507,0.25802512363999386,1262
1.3943074831184985,0.014003800767171466,0.0008366211707068129,0.006392808171353662,6.720622890392046e-05,0.258197940528201,0.2581970546285676,1263
1.3950253715988243,0.012365745210293207,0.0010113024234244443,0.006043456565270432,0.00011120308973030744,0.2605452875603422,0.26054343885645304,1264
1.3933152623627478,0.012543170709362516,0.0008895835680243381,0.006073130129149768,0.00010744630305157804,0.26036563085642056,0.2603642080406347,1265
1.3959495268092652,0.014091395964406214,0.0009330514916785638,0.006430093708966577,6.449676909109265e-05,0.25803098805198293,0.2580297851436208,1266
1.3941011059104798,0.0138878008125737,0.0008308455761022208,0.006405192648696395,6.732502311344739e-05,0.25820518269835885,0.25820431587456355,1267
1.394859993869499,0.01226952624061529,0.001006589638273741,0.006056010513782901,0.00011125388582145446,0.2605476957588591,0.2605458500025669,1268
1.3931582546001287,0.012451762068311414,0.0008851795330149328,0.006086185397434833,0.00010743557068826668,0.2603651131536644,0.26036369898017997,1269
1.3957315664554917,0.013974888789218104,0.0009264485952088185,0.006442968015001248,6.456924100168142e-05,0.2580354988022948,0.2580343132213639,1270
1.3938967753946159,0.013772826128733885,0.000825145623892707,0.0064175032718582015,6.744753449048448e-05,0.2582126447926648,0.2582117975763214,1271
1.3946958524761688,0.012174410955398934,0.0010018834232407474,0.00606852475863116,0.0001113064809560848,0.2605501886692175,0.26054834551990325,1272
1.393002074150122,0.012361909598941992,0.0008807331517898287,0.006099258500259119,0.0001074185166144809,0.26036429045398096,0.2603628853403679,1273
1.3955161317584588,0.013859503008542752,0.0009199322480576263,0.006455827320538705,6.463934372322905e-05,0.258039859683056,0.2580386915527984,1274
1.3936942264168544,0.013658864288756421,0.000819505824312832,0.006429732722800123,6.757438598727967e-05,0.25822036410308447,0.25821953709432915,1275
1.3945333046409414,0.01208037809838972,0.000997207619072936,0.006080992637817445,0.00011136201154262609,0.260552820075346,0.26055097910766106,1276
1.3928469390314886,0.012273648103173876,0.000876256633643715,0.006112350994304785,0.00010739512600539138,0.26036316196946624,0.26036176635216807,1277
1.395303058113759,0.013745264111615444,0.0009134890395652597,0.006468673467301809,6.470678386201767e-05,0.2580440527013451,0.2580429021561629,1278
1.393493217875352,0.013545905157011416,0.0008139121329415088,0.006441873225007277,6.770621677412924e-05,0.25822837874517995,0.2582275726050968,1279
1.3943726554180556,0.011987403782057354,0.0009925828153673328,0.006093407339493943,0.00011142156265307214,0.26055564127152264,0.2605538019906094,1280
1.3926929895283213,0.01218702159657377,0.0008717566350898791,0.00612546584799998,0.00010736513032732365,0.26036171464224545,0.2603603290064319,1281
1.3950922856897028,0.01363220372203108,0.0009071116419341765,0.00648150986828061,6.477108758239665e-05,0.2580480486816617,0.258046915847803,1282
1.3932935968939977,0.013433942681945183,0.0008083560331102698,0.006453917078228125,6.784365213709127e-05,0.2582367258141261,0.2582359412582483,1283
1.3942141087883864,0.011895464611303244,0.0009880228570675732,0.006105762483995587,0.00011148618517485643,0.26055870186977814,0.2605568637234262,1284
1.392540257127773,0.012102089895974147,0.0008672317716351216,0.006138608411713379,0.00010732797970701512,0.2603599218002365,0.2603585467131236,1285
1.3948838740416019,0.01352036267857148,0.0009007995533952365,0.006494342066638738,6.483158970851615e-05,0.25805180661147026,0.25805069158659677,1286
1.393095294872825,0.013322975218403364,0.0008028342959486808,0.0064658564593877005,6.798732343810083e-05,0.2582454425859441,0.2582446803789003,1287
1.39405777763446,0.01180453462019409,0.0009835357307842246,0.006118051833041867,0.00011155688107110648,0.2605620490943333,0.2605602114859191,1288
1.392388677746498,0.012018927623081174,0.0008626736383045199,0.006151786417399511,0.00010728276454621484,0.2603577393550048,0.2603563755027591,1289
1.394677967963633,0.013409787174020988,0.0008945570746139218,0.006507177411800034,6.488742945387248e-05,0.258055273394111,0.25805417623151977,1290
1.3928982796317815,0.013213001008117313,0.0007973463315106,0.006477682532464679,6.813797186035019e-05,0.2582545727848478,0.25825383374612215,1291
1.393903736188977,0.011714584772623972,0.0009791268969117702,0.006130268793368002,0.00011163476028396466,0.26056573519845944,0.26056389748098385,1292
1.3922381362693472,0.011937625826016056,0.0008580695726579307,0.006165009981329756,0.00010722830459603367,0.26035511007165224,0.26035375828278645,1293
1.3944747416869223,0.01330052640421811,0.0008883898975618821,0.006520024731409446,6.493760413625718e-05,0.2580583871920042,0.25805730789893455,1294
1.3927025046162578,0.013104014827531155,0.0007918912034704992,0.006489384499920142,6.829652995950054e-05,0.258264171462373,0.2582634564826657,1295
1.393752059854347,0.01162558046592292,0.0009748020496020695,0.0061424058956988685,0.00011172108543373704,0.260569819555401,0.26056798101951706,1296
1.3920884880916766,0.011858292180421613,0.0008534040988757243,0.006178291668919656,0.0001071631174697506,0.2603519620106408,0.26035062328363895,1297
1.394274376282159,0.013192630301763621,0.0008823037790054157,0.006532894135214782,6.498098022624428e-05,0.258061078105703,0.2580600166423629,1298
1.392507889925023,0.012996005379615158,0.0007864666994406764,0.006500948922379761,6.846420227530741e-05,0.2582743097763685,0.2582736198379695,1299
1.3936028265018903,0.011537483251368778,0.0009705670287715971,0.006154454874041062,0.0001118173117921792,0.2605743705151739,0.2605725303719109,1300
1.3919395408826525,0.011781055098558084,0.0008486574866186168,0.00619164741517127,0.00010708535046853463,0.2603482051810222,0.26034688071259465,1301
1.3940770835227665,0.01308615073921642,0.0008763059841890586,0.0065457974738100215,6.501627036187346e-05,0.25806326673017044,0.2580622230133127,1302
1.3923143421237798,0.012888955781226237,0.0007810706449929939,0.006512359440846351,6.864249246298414e-05,0.25828507649107624,0.25828441268978314,1303
1.3934560778529714,0.011450252309053536,0.0009664252357733027,0.006166407100700898,0.00011192500713988123,0.2605794615713599,0.2605776189450024,1304
1.391791002241861,0.011706068780608956,0.0008438020984153454,0.006205097933107382,0.00010699257790737572,0.26034372166617875,0.26034241290018223,1305
1.3938831552493491,0.01298114350789517,0.000870408299986397,0.00655874897278735,6.504198339341542e-05,0.2580648610275327,0.25806383492720963,1306
1.3921217830027182,0.012782843141949933,0.0007757029442842832,0.006523596470501333,6.883326641743574e-05,0.25829658161036434,0.25829594517634435,1307
1.3933117753978426,0.011363848022093632,0.0009623745058776852,0.006178254273975732,0.00011204580120434083,0.260585168926585,0.2605833228511958,1308
1.3916424256670794,0.011633519305483326,0.000838798550362007,0.006218670574756032,0.00010688158307018008,0.2603383549499028,0.2603370636356101,1309
1.3936929980933834,0.012877669742365969,0.000864629157692277,0.006571765757123789,6.505639273607232e-05,0.2580657543190995,0.25806474566203086,1310
1.3919301507497133,0.01267763635657347,0.0007703659948752649,0.006534636326475826,6.903886437238854e-05,0.2583089628939109,0.2583083552179675,1311
1.3931697875897733,0.01127823460938767,0.0009584061089605259,0.006189988846116052,0.00011218135147880205,0.2605915698307098,0.26058971925146635,1312
1.3914931856712451,0.011563630151950971,0.0008335938380113436,0.006232401119048843,0.00010674813445809067,0.26033189887959085,0.2603306271447857,1313
1.3935071197065068,0.012775794242917724,0.000858992901750163,0.006584867696658333,6.50575704221739e-05,0.2580658273240985,0.2580648359062673,1314
1.3917393502632507,0.01257328819211385,0.0007650623381882759,0.006545449374698273,6.926233747810877e-05,0.258322399742749,0.2583218224140123,1315
1.3930299179093257,0.011193384383947735,0.0009545062688090149,0.006201604345770548,0.00011233338324435243,0.2605987444182956,0.26059688818275145,1316
1.391342479986231,0.011496667595810703,0.0008281212229453819,0.00624633580695371,0.00010658677693382282,0.26032408722037076,0.26032283764389175,1317
1.3933260742865239,0.012675581156690966,0.0008535266944018852,0.006598076651900823,6.504348685310494e-05,0.2580649542375084,0.2580639798624831,1318
1.3915491654584262,0.012469723409128759,0.0007597901992628781,0.00655599716775037,6.950778352557204e-05,0.2583371328120387,0.25833658767168816,1319
1.3928919493884826,0.01110928451315024,0.0009506586483035179,0.006213095899294799,0.00011250369948445918,0.2606067761117344,0.2606049129574257,1320
1.3911893304801073,0.011432948476260333,0.0008222999023426534,0.006260534124676397,0.00010639053885787267,0.2603145789471928,0.2603133546406341,1321
1.3931503982320124,0.0125770878355322,0.0008482570500625958,0.006611415290652048,6.501217457495976e-05,0.25806301274803406,0.2580620552944573,1322
1.3913591657343696,0.012366821955814353,0.0007545391269826791,0.006566228796764628,6.978080299171148e-05,0.2583534904675657,0.2583529796784714,1323
1.3927556566081398,0.011025949991263651,0.000946844383327749,0.006224461842569119,0.00011269408382766229,0.26061574697454976,0.26061387551495396,1324
1.3910325371715633,0.011372852364748788,0.0008160313595902497,0.006275073457465424,0.00010615043087894985,0.2603029331201823,0.26030173782086974,1325
1.3929805680453826,0.012480358145517638,0.0008432080266276786,0.006624905659786456,6.496194244886398e-05,0.25805989717359124,0.25805895670339746,1326
1.3911686252020954,0.012264398343237075,0.0007492868612521027,0.006576076318810358,7.008908747380514e-05,0.258371922567356,0.2583714486943696,1327
1.3926207603850196,0.010943445457872424,0.0009430379952110976,0.006235707047605005,0.00011290598418377808,0.26062572276053625,0.2606238414932277,1328
1.390870572439717,0.011316841027481065,0.0008091913806878791,0.006290056433369624,0.00010585462187138229,0.26028856753252766,0.2602874057266382,1329
1.392816961764926,0.0123854126035816,0.0008384002267950578,0.006638566916961963,6.489171870269263e-05,0.258055539628274,0.25805461655028494,1330
1.3909764322851963,0.01216217110088708,0.0007439965363692043,0.00658544845427697,7.044328340839533e-05,0.258393049708443,0.25839261580659817,1331
1.3924868287089582,0.010861920383172855,0.0009391991963902222,0.00624684876776428,0.00011313992986171024,0.2606367255234734,0.2606348328731798,1332
1.390701429759625,0.011265485768314243,0.0008016185860381891,0.006305621876836954,0.00010548721542778464,0.26027069692999383,0.2602695740089259,1333
1.3926597612431229,0.012292230169405264,0.0008338471960263383,0.00665241078722257,6.480166553733029e-05,0.25804994816985366,0.2580490434951419,1334
1.3907809378625235,0.012059715228250275,0.0007386114369474924,0.006594220854302304,7.08583291253014e-05,0.25841773895564013,0.2584173486585548,1335
1.3923531344500781,0.010781665901586468,0.0009352609680632674,0.006257926209034577,0.00011339453604087978,0.260648687057139,0.26064678148680376,1336
1.3905224457172443,0.011219506055026302,0.0007931003671572702,0.006321960751506311,0.00010502650934211495,0.26024824420777115,0.2602471666649157,1337
1.3925087232752023,0.01220071348649662,0.000829545700048012,0.006666432606149565,6.469431307651633e-05,0.25804327750836165,0.25804239325583195,1338
1.390579718701662,0.011956386026923655,0.000733046683765843,0.0066022211599288255,7.135554536587359e-05,0.258447221162363,0.258446878751989,1339
1.3922184025684154,0.010703209277751676,0.0009311089159773127,0.006269017037581995,0.00011366471836176768,0.2606613656893368,0.2606594459298578,1340
1.3903300602728141,0.011179823520054036,0.0007833534269412342,0.006339340246765554,0.00010444243530047178,0.2602197081807883,0.2602186838503862,1341
1.392362765925754,0.012110628321743956,0.0008254579949462323,0.006680594782103747,6.457656656941692e-05,0.2580359546146937,0.2580350944543438,1342
1.390369281026671,0.011851203153241709,0.0007271800893653689,0.006609206877562356,7.196581060603781e-05,0.2584832665056591,0.2584829769000626,1343
1.3920802936551286,0.010627474337847772,0.0009265409840345862,0.006280266823363403,0.00011393831676423593,0.26067418927901487,0.26067225480187195,1344
1.3901194737513651,0.011147635900566362,0.0007719953423879151,0.006358140808900589,0.00010369271665942989,0.26018296207689245,0.2601820004199657,1345
1.3922192382013088,0.012021497334527271,0.0008214807578819129,0.00669479623615866,6.446331086921496e-05,0.2580289047116786,0.2580280749785128,1346
1.3901447294713831,0.011742671856303621,0.000720844939644863,0.0066148331902753914,7.27344117290463e-05,0.25852844720503365,0.25852821572111007,1347
1.391934428105339,0.010556056665171796,0.0009211931644568054,0.006291941710327958,0.00011418980122184496,0.2606859628121122,0.2606840147614914,1348
1.3898842765657906,0.011124502089197498,0.0007585113010386334,0.006378911164312437,0.00010271738854227505,0.260134958734118,0.26013407113237896,1349
1.3920725006829613,0.011932405454806155,0.0008173828456093761,0.006708813669383141,6.43840893216619e-05,0.2580239696735258,0.2580231809500816,1350
1.3898994067031456,0.011628502298910217,0.0007138260602925691,0.006618606641299336,7.372844955849912e-05,0.2585865272117719,0.2585863587794492,1351
1.3917727105097333,0.010491703566184805,0.0009144124455031906,0.00630452242586683,0.00011436867474314569,0.26069432909270823,0.26069237208140444,1352
1.3896163680005686,0.01111239486021812,0.0007422363608268387,0.006402443626680536,0.00010143195448344488,0.26007134323133935,0.2600705431351402,1353
1.3919111720876807,0.011841636602266302,0.000812681322588911,0.006722187641183732,6.439565966783289e-05,0.2580246906275465,0.2580239601250899,1354
1.389624740832749,0.011505183124853964,0.0007058724201708455,0.0066198268382617696,7.504734007296485e-05,0.2586629867870709,0.25866288390289155,1355
1.3915805273782298,0.01043915541657325,0.0009050434056218712,0.006318873551934998,0.0001143779998252189,0.26069476506638734,0.2606928105717939,1356
1.3893069064668877,0.011113574873774307,0.000722404940410282,0.006429858467701531,9.972153813577435e-05,0.2599860672006438,0.2599853697090799,1357
1.3917132844841782,0.011746011636807203,0.0008064232785616552,0.006734006530099631,6.46053264573514e-05,0.2580377438661201,0.25803709858892704,1358
1.3893112294364776,0.011367436656196571,0.0006967710659736135,0.006617548766268028,7.683397680387962e-05,0.2587654992330089,0.25876545718356225,1359
1.3913325840903457,0.010406568042212011,0.0008911030625899572,0.006336542453677173,0.00011403555568839724,0.2606787431698865,0.2606768157421051,1360
1.3889502178381208,0.011129855819003644,0.0006984117764210344,0.0064626253296750785,9.744615068146862e-05,0.25987148168622465,0.2598709015252272,1361
1.391439333947106,0.011639746038494674,0.0007968862022343584,0.0067425236928345105,6.521225355187593e-05,0.25807541042621834,0.25807488979134346,1362
1.388952805876892,0.011207945151848421,0.0006865728120208875,0.006610705633505824,7.927176163671017e-05,0.25890346907877543,0.2589034660728954,1363
1.390989583238577,0.010407569498047563,0.0008694729028004321,0.006360234372881208,0.00011301156189233464,0.2606306896244945,0.26062883703394923,1364
1.388554599433862,0.011160209972176788,0.0006706117168701715,0.006502245635083144,9.449040387532844e-05,0.2597206174636866,0.2597201632216624,1365
1.3910290489005044,0.01151282928216973,0.0007815236521368193,0.006744627674211924,6.656770309672592e-05,0.2581589033023272,0.25815855515243874,1366
1.3885584820802481,0.01101919840638616,0.0006760667078816896,0.006598852858247032,8.251027955879486e-05,0.2590835169157543,0.25908349846275824,1367
1.3905070141312321,0.010462463425073166,0.0008363513757269213,0.006394301259768916,0.00011076784742057903,0.2605246305123068,0.26052293508199953,1368
1.3881619524478843,0.011195207986933216,0.0006419740997845047,0.006548859726163373,9.093487013855625e-05,0.25953597767082937,0.2595356397935539,1369
1.3904276473698889,0.011350278895068207,0.000758491951156946,0.006735788953068954,6.920071582480011e-05,0.25831869676240216,0.2583185494839899,1370
1.3881698318751328,0.010802708888035521,0.0006671722150961987,0.0065844598617087365,8.638170298470594e-05,0.2592941757560693,0.2592940477737981,1371
1.3898822644947422,0.010590529606184628,0.0007904042003541091,0.006444075657226222,0.00010666572233812205,0.2603279098726762,0.2603264818699935,1372
1.3878536355997588,0.011210628239966042,0.0006192750427320294,0.006598099603063019,8.738432908694261e-05,0.2593479585518413,0.25934769431891175,1373
1.3896735595276886,0.011137265317556981,0.000730994148913667,0.006712782117183929,7.357901401205566e-05,0.2585778210526949,0.2585778131353815,1374
1.3878493771905096,0.010586468755702825,0.0006614590829147277,0.0065759108481568,8.993764861755346e-05,0.25948354620474606,0.2594832218060668,1375
1.3892184456872874,0.010775919346670772,0.0007381679240550467,0.006511000743021264,0.00010063542621075354,0.2600317209994474,0.2600306348742316,1376
1.3876684225631417,0.011173471622086283,0.0006080213269776873,0.006639930482013838,8.497205722758867e-05,0.25921802892312606,0.2592177595869146,1377
1.3889359694446803,0.010875152401134883,0.0007075086565686237,0.006680381104557644,7.937971185654512e-05,0.2589095292724445,0.25890946132691167,1378
1.3875805774039822,0.010415105120174526,0.0006551484901002071,0.00658372178784573,9.177822394112625e-05,0.25958009519478414,0.25957958508223905,1379
1.3886630314969002,0.010939172848798332,0.0006922672756456568,0.006585445435030793,9.401027156653703e-05,0.2596958894159606,0.25969509987897826,1380
1.3874761993680553,0.011058601491346963,0.0006024584923440855,0.006665668536387485,8.451262771314315e-05,0.2591930749868117,0.2591926964669388,1381
1.3883951408390771,0.010599164610672528,0.000694814583549831,0.006652099637373386,8.516254717167438e-05,0.2592283556049642,0.2592280200267185,1382
1.3872786409187565,0.010310519448041205,0.0006418343665621899,0.006611547403911355,9.12626159080724e-05,0.2595531469112577,0.2595525654540636,1383
1.3882723527892986,0.010999110766478009,0.000661532988539597,0.006650231612333623,8.881163597574513e-05,0.2594239925708664,0.25942336064282934,1384
1.3871732470572282,0.010870279270500036,0.0005956427067694329,0.006673892026504433,8.605528912146692e-05,0.2592765990061804,0.2592760012059816,1385
1.3880678640121935,0.010366524107136548,0.0006901845310696832,0.006642333197519783,8.907916154211629e-05,0.2594381757528728,0.25943757420512736,1386
1.386980990619055,0.010263109749630643,0.000624577057701712,0.0066534215510399095,8.89938254535352e-05,0.25943365387607237,0.25943312060133794,1387
1.3879350750450983,0.010922355734071498,0.000643095856021025,0.006691028815059607,8.645232751108058e-05,0.2592979743767705,0.25929734397520215,1388
1.3868446182959961,0.01066085217090269,0.0005887316167662955,0.006673038080994523,8.868861780259196e-05,0.2594174634484341,0.25941661339030353,1389
1.387803827348128,0.010217033307163942,0.0006826934257994771,0.0066586259975264924,8.994867644564951e-05,0.25948412760593453,0.25948347373783076,1390
1.3867865223013454,0.010234868906155064,0.0006124301700760002,0.006695585063901223,8.65381476475949e-05,0.2593025882230482,0.25930213406564484,1391
1.3875295683785855,0.010735810866716837,0.0006286770731213471,0.006705841795349019,8.700198074580075e-05,0.25932748523160454,0.25932673847904897,1392
1.3865689116931745,0.010496272035941065,0.000581751411091968,0.006677670336301427,9.077040370517454e-05,0.25952735029822954,0.25952637722063465,1393
1.3875096115664705,0.01014386050394684,0.0006674369869861547,0.006694244601815726,8.83636231656233e-05,0.25940019271960013,0.25939966223469596,1394
1.3866399433457035,0.01017762007079563,0.0006057305484226669,0.006725209238094612,8.53183481189955e-05,0.25923679317290343,0.2592363697242408,1395
1.3871110472887787,0.010528359158603003,0.0006153217457114739,0.006707720221637768,8.90879952075645e-05,0.2594386437165286,0.2594377677735354,1396
1.3862868753871076,0.01039145107933466,0.0005699474300293775,0.006696538466533675,9.117823880648271e-05,0.25954872969595866,0.2595478329572611,1397
1.3872399591076217,0.010101713429597996,0.0006513252456229273,0.006731041651514035,8.632913330344544e-05,0.2592913472275793,0.2592909330115945,1398
1.3863883981947323,0.01006550457284774,0.0005965821849319328,0.006739713202290655,8.56734799551853e-05,0.25925599697251384,0.2592555431971107,1399
1.3869030939076228,0.010399074402776154,0.0006104090782563416,0.006714846404387808,9.077692708450689e-05,0.2595276926422144,0.25952680510281273,1400
1.3860681232885643,0.010321813925024407,0.000559825029124488,0.006724665442424637,9.033416936412283e-05,0.2595044289341403,0.2595036785002551,1401
1.3870193394827637,0.010031724019171923,0.0006408017194563111,0.0067539879299939745,8.556331874661507e-05,0.2592500442564679,0.2592496456655339,1402
1.3861130732452234,0.009930778473070046,0.0005876705442317365,0.006749256558135806,8.664382076247482e-05,0.259308266259754,0.25930778257636583,1403
1.3867862075242026,0.010330489958721358,0.0006071739422791168,0.006735414792660358,9.095806098293781e-05,0.259537193559058,0.25953641595429405,1404
1.3859213995244337,0.010239557176409387,0.0005553296020490117,0.006748702361831322,8.968845990102613e-05,0.25947039914158987,0.25946970923162077,1405
1.386703747246381,0.009913312548366023,0.0006278158421246866,0.006766269695412274,8.594767318659349e-05,0.25927079679351206,0.25927035552622163,1406
1.3858113149017743,0.00980885875151803,0.0005758196336118617,0.006764950830745336,8.704643659356555e-05,0.2593298679837158,0.2593294061316785,1407
1.3865556090940818,0.01024325511337121,0.0005974976678750396,0.006758802226013712,9.05550823715505e-05,0.25951604342001183,0.2595153398549197,1408
1.385689757862242,0.010113967054379891,0.0005481990817036877,0.006765370573920747,8.96934988499888e-05,0.2594706651746321,0.2594699518284946,1409
1.3863749098832767,0.00979089767537549,0.0006141697813887068,0.006780685300854801,8.626659656713025e-05,0.2592879812966613,0.25928753005711175,1410
1.385500642564652,0.009697901996166618,0.000562427952211223,0.006784142267190804,8.70021082397226e-05,0.2593274920659158,0.25932705503917863,1411
1.3863355429891628,0.010127158245525002,0.0005904992495426293,0.006776367770860283,9.053963140077088e-05,0.2595152315474071,0.25951450445591884,1412
1.3854859188596553,0.009999505245554449,0.0005422061293495822,0.006782005303774251,8.980053444136717e-05,0.25947631439122654,0.25947558825178435,1413
1.3861051281714736,0.009677805254064442,0.0006036727366704297,0.006798639048055813,8.627375732905501e-05,0.2592883667740381,0.25928793545860573,1414
1.3852987947412077,0.009595471275927931,0.0005557658056627602,0.006800073517966553,8.705713176001043e-05,0.2593304411342664,0.25932998197819457,1415
1.3860663573921557,0.010004640876458457,0.000580654652237035,0.0067939391965931815,9.052205333771991e-05,0.25951430782231266,0.25951356036640943,1416
1.385277152511494,0.009904498225757149,0.0005345706488470226,0.0068007912921133045,8.981770098546066e-05,0.2594772201085266,0.2594765223312786,1417
1.3858520105978933,0.009563764706135246,0.0005944496589474192,0.006812917162189462,8.647695087154808e-05,0.2592992984074901,0.25929884784614776,1418
1.3850898090368815,0.009497977666925086,0.0005482276866153835,0.006816446043524942,8.695934320243243e-05,0.25932519936529147,0.2593247125608244,1419
1.385822066755392,0.009910138457039945,0.0005705908625460044,0.006814153448296271,9.04073302869632e-05,0.2595082769357525,0.2595075647859726,1420
1.3850441150909094,0.009788647172534673,0.0005267867599213291,0.006815499220023465,9.019299603661506e-05,0.25949699931750103,0.2594963017809939,1421
1.3856643171897027,0.00946617534704662,0.0005883501891938256,0.006827779362277111,8.640606392469776e-05,0.2592954862123881,0.25929500432717345,1422
1.3849018221056844,0.009408742060586412,0.0005413942282556475,0.006836513351781859,8.655885524089174e-05,0.25930370115818924,0.2593032289241975,1423
1.3855899361051245,0.00979843526918712,0.0005625962943053176,0.006828672085183267,9.092185387218119e-05,0.25953529516439744,0.2595345922454581,1424
1.384821816028655,0.009667424914018775,0.0005200502039073531,0.006829366577693475,9.048756482465759e-05,0.25951249519446173,0.25951177805361897,1425
1.3854495507557425,0.009380875216451444,0.0005793038768069895,0.006848690801737666,8.573794304553126e-05,0.2592594785514915,0.25925901347893926,1426
1.3846915822423678,0.009302877742155533,0.0005344520616531268,0.006851864164082867,8.669807933268605e-05,0.2593111803404663,0.2593107116203513,1427
1.3853532329312759,0.009672636690107478,0.0005552272836091537,0.0068408249000932305,9.155110459915623e-05,0.2595682341421579,0.2595675116521742,1428
1.384599862040744,0.00956950554971543,0.0005116516509359642,0.0068494285364055505,9.010477298907091e-05,0.25949235339571125,0.2594916661702102,1429
1.385226625206001,0.009278192529726031,0.0005711679064704105,0.006864874159941404,8.56155828336652e-05,0.25925286889746446,0.25925241268627736,1430
1.384489749676398,0.00919113754957658,0.0005285958313551075,0.006863619663125848,8.712624821396904e-05,0.25933414421433315,0.2593336548605073,1431
1.385123776156911,0.009575924008743856,0.0005462960380029687,0.006860981335355503,9.131296685212524e-05,0.2595557818545698,0.2595550926400623,1432
1.3843987157818425,0.009468957834667033,0.0005048895156174385,0.006866636454085212,9.008117718468158e-05,0.25949111042948514,0.25949044852613545,1433
1.3850088558847782,0.009163339550517178,0.0005644645744237891,0.006875510119843672,8.598042454035394e-05,0.25927256299737855,0.2592720827644178,1434
1.38429734316676,0.009102788497313895,0.0005214598299403855,0.006882167249824824,8.681467482338753e-05,0.25931743928466333,0.2593169614823518,1435
1.384904189006107,0.009476760299311134,0.0005382214134184273,0.006878998349373138,9.137366860541595e-05,0.2595589575062041,0.25955829706202166,1436
1.3841995859322664,0.009351395938902067,0.0004995027322621695,0.006878347108032065,9.059449661756746e-05,0.25951811413135856,0.2595174420307433,1437
1.384802789760126,0.009074318325737931,0.0005563381686774021,0.0068936653515509014,8.549990899840388e-05,0.2592466160836494,0.25924614378850913,1438
1.3841034396945169,0.009012178591127962,0.0005144271987282533,0.006899805460355949,8.66236684697112e-05,0.25930718370237266,0.2593067143118998,1439
1.3847021849256016,0.00935995749815546,0.0005325563264813408,0.006890427520344073,9.215009847338697e-05,0.25959948428163654,0.2595988142686505,1440
1.3840092800434296,0.009253995319797306,0.0004932346277333566,0.006895687287421035,9.046391803671494e-05,0.25951125218027127,0.25951059967853213,1441
1.3845935548478978,0.008984172487108722,0.0005480707055425752,0.006911253147161599,8.504201737454149e-05,0.25922182288783197,0.2592213544324177,1442
1.3839039900999248,0.008907075404720438,0.0005082622661696727,0.006912170300297162,8.699121542440503e-05,0.2593269081385208,0.259326423144791,1443
1.3845038239483782,0.009262996041928286,0.0005257511389730708,0.006907687051178833,9.231286577777295e-05,0.2596079584604521,0.2596073135189848,1444
1.38382444185799,0.00915609563818071,0.00048736281260346377,0.006912503575648465,9.032983331230804e-05,0.25950420082449377,0.2595035629108678,1445
1.3843805591528981,0.008879236336655296,0.0005408529414357942,0.006923548975878534,8.509468552022623e-05,0.2592246780713598,0.25922419082871123,1446
1.383707232260896,0.008815508737102198,0.0005011687000583985,0.006928910674888485,8.693090899868194e-05,0.25932367465105266,0.2593231979049424,1447
1.3843129478528864,0.009163575714897142,0.0005196087434515219,0.006924064200095668,9.25361615349861e-05,0.2596195717958226,0.25961894407554204,1448
1.3836516268842785,0.009050574501819304,0.000482868927420884,0.0069256846093269965,9.054165509483375e-05,0.25951533788653003,0.25951469860889137,1449
1.3841686187583913,0.008787188947367219,0.0005325563697103587,0.006940148084644668,8.469411126976536e-05,0.25920294036000263,0.2592024574246083,1450
1.3835129575867149,0.008723652454271933,0.0004943053418648224,0.006944521488637221,8.696791217880938e-05,0.2593256588066908,0.25932518160277157,1451
1.3841335231253444,0.009059140754438942,0.0005145624598619039,0.0069375351605945055,9.308910783867322e-05,0.25964826968107096,0.2596476498027414,1452
1.3834836668524244,0.008956574050655702,0.0004778667728156657,0.006941726297874485,9.04105737051679e-05,0.2595084474918447,0.2595078246869096,1453
1.3839635839987843,0.008694745535569467,0.0005247850831553593,0.006955212922700079,8.436929805840599e-05,0.25918527615580533,0.2591847830164125,1454
1.3833176917193932,0.008628642987709352,0.0004876790489392988,0.00695879908078844,8.720785077801831e-05,0.25933851437745953,0.2593380355081592,1455
1.3839622195113748,0.00896448877970015,0.0005093930827008396,0.006953273458358573,9.340721268221403e-05,0.25966474069399764,0.25966414348587674,1456
1.3833218725922711,0.008858858267564513,0.00047353011519418926,0.00695620685752453,9.031825826943862e-05,0.2595035918614721,0.2595029690379807,1457
1.3837536181396657,0.008601024251817815,0.0005168054066590089,0.006969910189687027,8.410547479022859e-05,0.2591709037063001,0.2591704031948303,1458
1.3831207311468743,0.00853739399399012,0.00048066892510704063,0.006974075508528821,8.741364349659681e-05,0.25934952637819675,0.25934905338784575,1459
1.3837977292122765,0.008865309522470284,0.0005049672649695882,0.006967361735215304,9.381072836705777e-05,0.25968559385722206,0.2596850042922125,1460
1.3831692757432723,0.008766313319997138,0.00046944193811126827,0.006971136862662904,9.012519485912961e-05,0.2594934290358716,0.2594928126941055,1461
1.3835448028089512,0.008508840444966064,0.000508796700731808,0.006984662035194658,8.384511639491941e-05,0.2591566978979826,0.25915619190605854,1462
1.3829268034469606,0.008446055124319554,0.0004739185882229046,0.00698833079740014,8.775558549705275e-05,0.2593677951246306,0.2593673219709685,1463
1.383641384433994,0.00877309455516154,0.0005006209324148717,0.006982427206615029,9.409079449495332e-05,0.25970004095326166,0.2596994700500941,1464
1.383021090969173,0.008673005325628863,0.00046569185025946484,0.006985148482077802,8.99069943433185e-05,0.2594819298849611,0.2594813133256257,1465
1.3833408525970479,0.008418731628264942,0.0005009896659286078,0.006999161256229397,8.361389594645159e-05,0.25914406342642327,0.25914354924388266,1466
1.3827340286342575,0.008357079175537066,0.0004670949666710088,0.007003303881537519,8.814435500036834e-05,0.2593885225142388,0.25938805926343383,1467
1.3834886471748122,0.008677325193764247,0.0004967422001939236,0.0069957494644019074,9.442429075190368e-05,0.25971721620382626,0.2597166509916238,1468
1.3828756506090818,0.008583418411623736,0.0004618219672140676,0.006999875542958385,8.94852186257378e-05,0.2594596627120494,0.2594590463998541,1469
1.3831380227599401,0.00832940981564413,0.0004932649638960214,0.007013768078205796,8.346733995662835e-05,0.25913604618840275,0.2591355302856374,1470
1.3825446968983766,0.008266140624299584,0.0004606947976176767,0.007016727471469168,8.876258858575034e-05,0.25942138994977654,0.2594209292966201,1471
1.3833380993501858,0.008588999468235478,0.0004925456600204514,0.0070108849834146884,9.443229496011355e-05,0.2597176280521593,0.25971707476563227,1472
1.382733776402656,0.008493206142435856,0.00045821271077755015,0.0070136414031565395,8.90395789573247e-05,0.2594360785794378,0.2594354574416578,1473
1.3829401584620906,0.00823986734515774,0.00048602797980990686,0.007027415499533623,8.350920356571008e-05,0.2591383370240821,0.25913781651878254,1474
1.382361543893172,0.008180899650384037,0.0004542799161698812,0.0070317582082644985,8.932866159125819e-05,0.2594513841098147,0.2594509355022809,1475
1.3831875528606634,0.008496275953633196,0.0004886435191188486,0.007023813790621713,9.446220345836457e-05,0.2597191668088558,0.25971861209510294,1476
1.3825914595206232,0.008405245812786084,0.00045434990565729704,0.007027804937436553,8.84176200485857e-05,0.25940306439670524,0.25940244014523406,1477
1.3827490021592639,0.00815433472571448,0.00047902566433103826,0.00704190636264346,8.362666292836684e-05,0.25914476150199484,0.2591442448551777,1478
1.382185066224339,0.00809246343201265,0.00044855898881020353,0.007044828306120229,9.017050889419665e-05,0.25949581533593596,0.25949537212344365,1479
1.3830328391655315,0.008410167240450453,0.00048406702885015645,0.007038571773608614,9.406987989394737e-05,0.2596989628256813,0.2596984139978123,1480
1.382446404958024,0.008315467193330572,0.0004503730499829749,0.007041150111194225,8.773499424580497e-05,0.25936669601544776,0.2593660640458279,1481
1.382565857723446,0.008067866675568401,0.00047284130545256943,0.007055314023542746,8.405314043411448e-05,0.2591680499799093,0.259167537878614,1482
1.38201938459454,0.008009784429085221,0.00044310483368982696,0.007059431345383877,9.092948180472028e-05,0.2595356951400892,0.2595352650665715,1483
1.3828719712374047,0.008318445037707633,0.0004794529143753094,0.0070511693516521565,9.358789624219288e-05,0.2596740837417397,0.2596735265946335,1484
1.3822981521037319,0.008228147570548041,0.00044591971348733743,0.007055023469510004,8.69154402037263e-05,0.2593228450702415,0.2593222114222092,1485
1.382392557775713,0.00798471312779881,0.00046720550445914123,0.007069135088473018,8.467832850009119e-05,0.25920208283488533,0.25920157998689575,1486
1.3818636272578317,0.007925723053985282,0.0004383742004409769,0.007072623040345135,9.184116056448586e-05,0.2595833793916596,0.2595829561662454,1487
1.382705290129927,0.008232183589322357,0.00047407265694362604,0.007065341352543485,9.26699505211723e-05,0.25962652328315744,0.25962596608314104,1488
1.3821456291470045,0.008137410161689023,0.0004413797776635175,0.007067636283750131,8.614040307830703e-05,0.2592811854349704,0.2592805426061112,1489
1.3822284097025468,0.007903188374748894,0.00046220037922629225,0.007082940192884711,8.55837747620182e-05,0.2592511499156601,0.25925066011125203,1490
1.3817178409463036,0.007845154797441247,0.0004340110801735125,0.007086487620318417,9.266054785032494e-05,0.2596260348976266,0.2596256216813,1491
1.382533527920273,0.0081408004435879,0.0004686239447550388,0.007077710898433782,9.160902146356149e-05,0.2595712601815833,0.25957069054985915,1492
1.381990785732275,0.00805066108163497,0.00043633155082541185,0.007081247831657294,8.530280722545237e-05,0.259235951885185,0.25923530873764306,1493
1.3820729570117611,0.007822246279999997,0.00045782027413145495,0.007096128744126025,8.680747767593851e-05,0.2593170530574822,0.25931657488987675,1494
1.3815797810393955,0.00776574196828855,0.00043004045873480125,0.007099964890190588,9.340633641395524e-05,0.2596646953606389,0.2596642893238549,1495
1.3823617978489662,0.008052443850450723,0.0004628363474770596,0.007090714966235347,9.024882496928499e-05,0.25949993815607686,0.25949935990095174,1496
1.3818362317022592,0.00796206564770938,0.0004314912877443366,0.0070936787418442535,8.465320209576579e-05,0.25920071747722784,0.25920006807352214,1497
1.381923272940313,0.007744457795501902,0.00045354827241395946,0.007110080246806437,8.819434809276923e-05,0.2593911845947553,0.25939072364194843,1498
1.3814447623596287,0.007686727566514542,0.00042621913755410204,0.007112844973761591,9.402474862303382e-05,0.2596966359436164,0.2596962340582564,1499
1.3821948494874767,0.007964410606923059,0.0004571570714856734,0.007103384634006282,8.873699839107031e-05,0.25942003176168055,0.2594194418071442,1500
1.3816853654195438,0.007876727136193815,0.00042674710184297356,0.007106447833082388,8.415258568042494e-05,0.2591734718444232,0.25917282138323855,1501
1.3817765871138268,0.0076660332269881835,0.0004494149421591301,0.007123188338785022,8.979225407431074e-05,0.2594758774830783,0.2594754312624657,1502
1.3813094522240525,0.007610269443827284,0.0004222177808693013,0.007126138787120331,9.434493087207376e-05,0.25971313187762185,0.25971273444743925,1503
1.3820379910954987,0.007876514127505509,0.0004519657487767626,0.007115253202731963,8.723625401327388e-05,0.2593400350113516,0.25933942966694096,1504
1.3815411409813363,0.007794339075598211,0.0004223969879347823,0.007119281104976862,8.388649127343517e-05,0.25915895688784674,0.2591583094827434,1505
1.3816296718231023,0.007588830718584919,0.0004449847870549523,0.007136313631280855,9.13872467827462e-05,0.25955966771298805,0.25955923659878816,1506
1.3811691595740854,0.0075335863153318285,0.0004179266312538657,0.0071387237859757155,9.441471261375694e-05,0.25971672334759804,0.2597163258859117,1507
1.3818940697319984,0.007792767974695428,0.0004471965489101302,0.007127632128414892,8.577380721851984e-05,0.25926141496848726,0.2592607982319045,1508
1.3814058075254405,0.007713405182656347,0.00041876900233938383,0.007131496156117534,8.394069896479422e-05,0.2591619156820391,0.2591612723298965,1509
1.3814793594051076,0.007512394947413354,0.0004400854031059322,0.007149406991072585,9.282420083497398e-05,0.25963453168737194,0.25963411530644276,1510
1.3810229481558647,0.007457949959406665,0.00041320866310762814,0.007151107760641049,9.416182632548897e-05,0.2597037016816001,0.25970330028310123,1511
1.3817635457211375,0.007711384758297356,0.00044316652193430734,0.007139671270517378,8.458526519854387e-05,0.2591970248014531,0.2591963992017035,1512
1.3812799042439408,0.007635554353787784,0.00041574415816788516,0.007143732214954427,8.425479487528603e-05,0.2591790410651269,0.2591784069099775,1513
1.381324215853619,0.00743638543369094,0.00043471328808688387,0.007162091979545713,9.395624128319463e-05,0.25969310276862856,0.2596926962376858,1514
1.3808703134339808,0.007383128652019172,0.00040802521842556736,0.007163393402269083,9.362797758296715e-05,0.25967615510329217,0.2596757477939793,1515
1.381643881423492,0.007632282154175789,0.0004398850369686531,0.0071514077688995484,8.379912999677577e-05,0.25915418647378213,0.2591535557186132,1516
1.3811633388466187,0.007560603300561123,0.000413273620871427,0.007155974766403892,8.477529934201147e-05,0.2592073502888731,0.25920672979459414,1517
1.3811632534652951,0.007360717400757612,0.00042890497094189,0.007174333599671921,9.465786947329989e-05,0.25972922758872974,0.25972882529589014,1518
1.3807139848731287,0.0073094712867834005,0.00040250073676908094,0.007175619936640384,9.29017042307055e-05,0.2596385530154015,0.2596381377968709,1519
1.3815322451436585,0.007555876579049221,0.00043728642193211804,0.007162916510027402,8.35083650735384e-05,0.2591382911462449,0.25913766272399247,1520
1.3810545487749921,0.007487460010824115,0.00041125144455742875,0.007167987417669639,8.542021630849835e-05,0.25924230578960133,0.2592417000139289,1521
1.3809982376559857,0.007286588733436945,0.00042277949098353,0.007186520522356699,9.482893504497045e-05,0.259738014943764,0.2597376117344397,1522
1.38055635847085,0.007235923762785749,0.00039684444079268966,0.007187401118308832,9.217478640490336e-05,0.2596007700943676,0.2596003461469663,1523
1.381424793989874,0.007482596045523157,0.0004350900025369398,0.007174632231217694,8.36689454070845e-05,0.2591470730513692,0.259146454763928,1524
1.3809521414397303,0.007415501148967255,0.00040954838767061905,0.00717962409444268,8.607784520463008e-05,0.2592778146782866,0.25927722258321906,1525
1.3808311765120367,0.007213599858625274,0.00041651022886493084,0.007198487165434309,9.452698025496224e-05,0.25972249866315045,0.25972208986576817,1526
1.3804002552627972,0.007163565314971968,0.00039118197299008227,0.007199118007188678,9.156633528233154e-05,0.25956903000739007,0.25956859861608345,1527
1.381321463582071,0.007411307351533112,0.0004333141808752396,0.007186048200081647,8.422912355987178e-05,0.2591776425927289,0.2591770398337647,1528
1.3808546035815517,0.00734487448175487,0.00040797615549249236,0.007191136933557182,8.659052222044566e-05,0.25930540285105624,0.25930482226077844,1529
1.380664478156597,0.007141887810570232,0.0004102065701608634,0.007210287519933699,9.38871821962144e-05,0.25968953983407955,0.2596891220427991,1530
1.380245524821862,0.007091503124712249,0.0003855985940566393,0.007210524963577667,9.123340678150494e-05,0.2595516180190324,0.2595511820512215,1531
1.3812222600545139,0.007342167438726394,0.00043173482613069605,0.007197603775833074,8.493569424334372e-05,0.25921605632813427,0.2592154711033522,1532
1.3807626465709248,0.007275109412687861,0.00040660075495831897,0.007202256423086201,8.688723939458755e-05,0.25932133249029277,0.2593207603284357,1533
1.3804984107480558,0.007070944280471938,0.0004038680553518184,0.007221873852250032,9.313953285867101e-05,0.2596508824911855,0.25965045458120584,1534
1.3800916452826093,0.00702069874606798,0.0003800155031424072,0.007221968093832458,9.117917150544372e-05,0.25954877853473646,0.2595483408836481,1535
1.38113089354347,0.0072742303683780915,0.00043053921786385886,0.007208696249156621,8.561107232357679e-05,0.25925262515849296,0.2592520570237396,1536
1.3806766923832385,0.00720653406268492,0.0004054135935626882,0.007213240838549217,8.690233438327793e-05,0.2593221421563543,0.259321574533713,1537
1.3803323616216427,0.007000912093365097,0.0003974312273434901,0.00723344611954168,9.250382456862672e-05,0.2596178908586356,0.2596174542175007,1538
1.3799364897535258,0.006949602765188599,0.0003743996663386829,0.007232898648220566,9.140772101772591e-05,0.2595607385184266,0.25956030119908946,1539
1.3810470688831313,0.007208798121167749,0.00042945715725750916,0.007220294799744551,8.593725746923285e-05,0.25927023502772356,0.2592696818583401,1540
1.380598456562563,0.0071381420103903345,0.0004046586664846896,0.00722339452437696,8.676153372468237e-05,0.25931458714730193,0.2593140196445658,1541
1.380165701962725,0.006931909780246706,0.0003908699151404819,0.00724522335897833,9.214578393987826e-05,0.2595992595516466,0.2595988184120293,1542
1.3797809995272379,0.006879094678923543,0.000368727491217414,0.007243454781897139,9.174245278652128e-05,0.25957822806089526,0.25957778999298636,1543
1.3809723615323177,0.007146298742659738,0.00042857784428132093,0.007232141319632186,8.588112865671998e-05,0.2592672071659546,0.2592666703011398,1544
1.3805267953670914,0.00706893263077156,0.000404374519339582,0.007232567293683572,8.657566087609451e-05,0.25930460428369173,0.25930402903618516,1545
1.379997929853398,0.006865350412364379,0.00038407638606989655,0.007258040359938848,9.205204463099804e-05,0.2595943756769786,0.2595939385373655,1546
1.3796238686882574,0.006805122081265644,0.0003631780709877911,0.00725172323552241,9.217026646378705e-05,0.2596005346967649,0.25960008774955395,1547
1.380907682126009,0.007095911206718,0.0004271540500436977,0.007248724502640986,8.513804177681117e-05,0.259227027786715,0.25922652357200054,1548
1.3804717403748652,0.006990590087021208,0.00040602679685221104,0.007236568884008008,8.683284820812738e-05,0.2593184144685739,0.25931780783459835,1549
1.3798225888725961,0.006805454896476647,0.00037632132705686596,0.007274844810304622,9.188831056060106e-05,0.25958583906398397,0.2595854270394924,1550
1.379468786061076,0.006720847623545881,0.0003584513190750863,0.007253439880991092,9.281866765205957e-05,0.2596342445293889,0.25963375434103586,1551
1.3809014210370387,0.007085051401728003,0.00042605873496377993,0.007281677929372281,8.320915973693579e-05,0.2591219054882703,0.25912151330772104,1552
1.3805540064161603,0.006878728685404033,0.00041961826244514837,0.00722273087168081,8.845007435234948e-05,0.25940478996853994,0.2594040481146903,1553
1.3795108028221161,0.006753091361257899,0.00035881554230199266,0.007302961250688122,9.0643672763635e-05,0.25952069707340986,0.2595203582582304,1554
1.379277257931047,0.006580765361475259,0.0003548923633304331,0.007229587935831841,9.483072129929653e-05,0.2597381066588581,0.2597374455115334,1555
1.3819382503834339,0.0072368537534055,0.0004774411879760825,0.007390061006783757,7.641129490304694e-05,0.2587413554385488,0.2587412724381109,1556
1.3816578505022656,0.006800923082057029,0.000499038108760307,0.00718525951395555,9.102726934854368e-05,0.25954082120933747,0.25953981254410363,1557
1.3784806169528014,0.0065020008872908605,0.00030709900743740716,0.007241381835214815,9.40208856044451e-05,0.2596964367478185,0.25969578503051555,1558
1.3900897617494536,0.007370885271775131,0.0009850091297499736,0.007656136173150686,6.394052627935382e-05,0.2579962820285026,0.25799589964860586,1559
1.3794984854734038,0.006783774523983021,0.00034636961155702205,0.007399656776611584,7.744012205905712e-05,0.25880000693517097,0.258799978699968,1560
1.4188946745370623,0.005579421380957231,0.0029639719736277164,0.00660151714592719,0.00015137908959556685,0.2623036209952829,0.2622943574514095,1561
1.4362724841537375,0.005459220344333971,0.004081640317463809,0.006470476522685396,0.00016629247823895575,0.2628954440884739,0.2628834033099375,1562
1.3892898682702002,0.005938081225375131,0.0010467989873544513,0.006902425945802451,0.0001167653513513647,0.26080580174495926,0.2608029981428103,1563
1.4174543285431782,0.008275488005744886,0.002654781533147135,0.007933102051845307,4.319975471001657e-05,0.25657265203019425,0.25656852740573166,1564
1.4651994769562648,0.009347344244732728,0.005617578646382003,0.008261305392402558,2.6727919139105247e-05,0.2551699051383082,0.2551588480024703,1565
1.418491225220261,0.008094032636610127,0.0027046702089388143,0.007893572916219485,3.8766984677125835e-05,0.2562263138916317,0.2562201887102972,1566
1.3824176153810486,0.006147668404614484,0.0005942148164553491,0.006972886394471942,9.404683362609769e-05,0.25969777467391864,0.25969764740208706,1567
1.3962593291897476,0.005790642258760846,0.0014983054429809925,0.006733573798772574,0.00012977689571046764,0.2613919662793772,0.261390373890562,1568
1.3800789439205157,0.006446847574127273,0.00041223413178065316,0.007095755527891315,0.0001056197811494231,0.2602771484931095,0.26027714842598754,1569
1.411097863184241,0.008058637259452446,0.002270031282006018,0.007805593926570833,4.7324889401594585e-05,0.25687930878806836,0.25687327012449124,1570
1.417220778163171,0.008079718171127803,0.0026285464072111583,0.007817550087311791,3.980563760560654e-05,0.2563091709126958,0.2563017354136404,1571
1.3816240678159923,0.00675469443497291,0.00047861130192302726,0.007224487185955083,7.041481625066087e-05,0.2583913536602065,0.25839012683074764,1572
1.4160355965116773,0.00569859362765627,0.002760589122261555,0.00654311888378542,0.000153701372911762,0.26239763577912184,0.26239642530704693,1573
1.4327850557419162,0.005835616197218025,0.003788398018837408,0.006470921280106672,0.0001767621664839332,0.2632951933601559,0.2632936131797175,1574
1.3924068820694564,0.006558133498575323,0.0011937440847705847,0.00687297181548463,0.00012810662867455164,0.2613184198841778,0.2613183508847442,1575
1.40344631640941,0.008046001544336715,0.0017938197327775417,0.007612977816513992,5.401076977029014e-05,0.25734920198186784,0.2573420682929062,1576
1.4243355026903504,0.008208417337553842,0.003072981622154268,0.007735296572926587,3.706735021460817e-05,0.2560882961667948,0.256078516638126,1577
1.3918166692644083,0.007197924390925552,0.001079514717200764,0.0073122942188249525,5.4640482449159275e-05,0.2573919200786507,0.2573878560999816,1578
1.3986673317183502,0.0061062652488357745,0.001661145028179483,0.006654861747805419,0.00011751373783570245,0.2608403753549267,0.260840351918566,1579
1.4143949889646568,0.005869719204328956,0.0026715016010422834,0.006567801043947625,0.00014281122050965463,0.26195036486931067,0.2619503528712864,1580
1.3869184775201964,0.006310456890906723,0.0008680724537886147,0.006906496173831405,0.00011399403567013017,0.2606767989430414,0.2606749205478089,1581
1.3999286326415017,0.007786075609813357,0.0016017765984267436,0.007484317190689778,6.065846570324588e-05,0.25778835449265414,0.2577799948271323,1582
1.4154567691966444,0.00795963139387725,0.002590563896230835,0.007522711987793087,5.178915662385961e-05,0.2571964683438378,0.2571891188815131,1583
1.3871132659314753,0.006857838622979104,0.0008412010880314009,0.007163767960290134,7.225897030870303e-05,0.2585005276488406,0.25849831259029277,1584
1.3958814777865973,0.006012880750089712,0.0014781586644748456,0.0067131637242658195,0.00011956909962280235,0.2609347656409638,0.2609347084923553,1585
1.4084784468101184,0.006142311965627236,0.0022994063020546195,0.006723301998939197,0.00012507344152144938,0.2611836238099039,0.2611833903315456,1586
1.38512715359556,0.006489204292751246,0.0007506023871696539,0.007002863590463042,9.783528181503013e-05,0.2598911719131269,0.2598891224184524,1587
1.3953380668893705,0.007203439224121046,0.0013523087189117973,0.007323495826112687,6.623449212761197e-05,0.25813845760126647,0.2581342030465547,1588
1.40557820858425,0.007243819105146974,0.002033526524728571,0.007274544493118559,6.649824154628753e-05,0.2581546453967225,0.25815196593826745,1589
1.3838811517741998,0.006634051754183901,0.0006573775235170106,0.0070304772891867625,8.604963095203173e-05,0.2592762940311329,0.2592756350029234,1590
1.3960879473733647,0.006262347410131333,0.001488312884776596,0.006859056105121145,0.00010984599747006561,0.26048074412768796,0.2604805344867356,1591
1.4084478519097887,0.006378536210242029,0.002304908764500024,0.006905039537712321,0.00010936172496147993,0.2604576156441839,0.2604572651589123,1592
1.3856633699129801,0.006553372871845497,0.0007831420724024941,0.007058315668370525,9.373537567846343e-05,0.25968170313934813,0.2596809847430353,1593
1.3931843170363158,0.006862665257203764,0.00125273956481423,0.007197581474390485,7.650451290121271e-05,0.25874668582385424,0.25874599213709654,1594
1.407924315543758,0.006914084442117177,0.0022314604999983823,0.007180664733655594,7.604132553684657e-05,0.2587201677470589,0.2587197947801863,1595
1.386532858590204,0.006606613412955363,0.000835721115906401,0.007083247994386793,8.563699310082955e-05,0.25925402577805085,0.25925388695655055,1596
1.3903243490036719,0.006396014843653329,0.001103054078653378,0.006988267470267847,9.969788885013547e-05,0.25998488301634703,0.2599848302451798,1597
1.4046491111325345,0.006490953810974297,0.0020514257983519466,0.0069996161364204385,0.00010020480416446151,0.260010234970492,0.2600102337948901,1598
1.3852895696868848,0.006501735860600558,0.0007618150887496141,0.007069218081410362,9.188512534722818e-05,0.25958567292093926,0.25958563165167803,1599
1.3909137315161935,0.0066582289594908205,0.0011201898047453812,0.007167484546756918,8.065330286194452e-05,0.2589807183934218,0.2589805716901846,1600
1.4058944048368975,0.006815730273701797,0.002107943734327664,0.007195162092214315,8.028582238463231e-05,0.25896023562104437,0.2589601186446755,1601
1.3861446929930077,0.006613041787729657,0.0008100970232367529,0.007158875985306788,8.753277033558963e-05,0.2593558949510771,0.25935584163221365,1602
1.3896859619829183,0.0063302055351392526,0.0010646131796810704,0.007060607931198856,9.9736006285507e-05,0.25998679159117216,0.25998670344650276,1603
1.4046315050531544,0.006430744184956695,0.002054128321992268,0.007024951617330605,0.00010010399801351385,0.2600051985494299,0.26000478378937747,1604
1.3862278317514147,0.006462365916974022,0.0008267279128434717,0.007058939141295632,9.136415018086018e-05,0.25955845961339274,0.25955742847486263,1605
1.3890644480462173,0.006591979478382975,0.000997792300744871,0.007191887727063686,7.782936165488111e-05,0.2588220950830787,0.2588209540763579,1606
1.4029867259324789,0.0068072572943489035,0.00191120270531981,0.007259892723867674,7.761507843431477e-05,0.25880994202218804,0.2588092291972283,1607
1.3851824401033141,0.0066519362244109636,0.000743095794311213,0.007229542186003755,8.772290472954619e-05,0.2593660506473938,0.2593656170767226,1608
1.3908504879667585,0.006221521747857322,0.001145322583786326,0.007069657753887467,0.00010551749427547676,0.26027217086479176,0.260271342693251,1609
1.406207951443385,0.006289879114587185,0.002164281404019279,0.007010234015530343,0.00010586950675741862,0.26028929087728686,0.2602876647981004,1610
1.3873329384345952,0.006383467265214236,0.0009054138813287334,0.007061354589046672,9.255269049496624e-05,0.2596204308892568,0.25961820370525457,1611
1.3879403197010276,0.006605259579044152,0.0009144167725502327,0.007248595354367441,7.300858496554531e-05,0.25854450612765567,0.25854297809094023,1612
1.4015032361196484,0.006839433407347794,0.0018033945790464111,0.007321005166738925,7.326375311673531e-05,0.2585594248122602,0.2585586413500382,1613
1.3847528924452732,0.00663463526930392,0.0007154493037733231,0.00725602458661418,8.76160152080155e-05,0.2593603426864627,0.2593597800395435,1614
1.3911305674013255,0.006116571040691511,0.0011656568743101425,0.007056856944620088,0.00011064506934796027,0.26051879600277333,0.26051738813276376,1615
1.4061407993748947,0.006242576906698846,0.0021585795917658294,0.0070113368923165565,0.00011000804991859567,0.26048847223949206,0.2604861097286503,1616
1.3873281978512984,0.006406408816769447,0.0009033523813893404,0.007099087786234029,9.25685067696799e-05,0.2596212528690228,0.25961867351604195,1617
1.3879659710636136,0.006622284109390298,0.0009098938610277078,0.007307267019657829,7.039683994714348e-05,0.2583902824712368,0.2583889559046854,1618
1.401276141225359,0.0068447066918858,0.0017858363296452018,0.007349067280484688,7.213230006162748e-05,0.2584930736521961,0.25849248389221585,1619
1.3851695411835288,0.006609267210884847,0.0007454247780214726,0.007248738528657786,8.893921636607725e-05,0.2594307590556687,0.2594303099999564,1620
1.3900628208926908,0.006070333311429104,0.0010971121292505028,0.007069799965309438,0.00011103148985822064,0.26053714808941303,0.26053595628347714,1621
1.4037284483372838,0.006312144382839865,0.0019953966068318755,0.007056657119716084,0.00010782861056347966,0.26038405559323907,0.26038207582683165,1622
1.3867337417558332,0.006550729558096901,0.0008536453706317322,0.007159866018734303,8.956924193455774e-05,0.25946410280663507,0.25946199793841884,1623
1.3884042635474565,0.006585794577011312,0.0009429461808367473,0.007327985940924769,7.108767406126016e-05,0.25843135066648637,0.25843035616767135,1624
1.401426122804337,0.006817666459981124,0.0018022426763725924,0.0073391943950123495,7.477063941421077e-05,0.2586470017586566,0.2586466613414374,1625
1.386373326135217,0.006653839341761131,0.0008232676890186251,0.0072398213057914725,9.12562024597719e-05,0.2595528112333371,0.2595526343730057,1626
1.388509619783839,0.0060804125956091595,0.0009958457110477706,0.007108312629194394,0.0001084044828847055,0.26041174735021483,0.2604111347481016,1627
1.4010738411675419,0.006441262979423933,0.0018140196701169605,0.007114318941522505,0.00010285092895907513,0.2601415447028091,0.26014013263708263,1628
1.3868401854645216,0.006754436614871937,0.0008457917175118564,0.00720442977015178,8.61699895256193e-05,0.25928277919190257,0.2592809072199957,1629
1.3882479760160897,0.006509883574888966,0.0009417937661430237,0.007320227496458762,7.334319905955498e-05,0.2585640644007127,0.25856317885129754,1630
1.4007478825716078,0.006828290427933252,0.0017621283309307728,0.007322672425014345,7.897032677748349e-05,0.25888652501135756,0.2588863557548611,1631
1.3874959912104998,0.006794826067265185,0.000888703961193111,0.007245670200786465,9.444244795329311e-05,0.25971815043891033,0.25971813422461015,1632
1.38796087884422,0.006102533181779129,0.0009599330783100555,0.007148840230113442,0.00010613340970667437,0.26030210705179646,0.26030177661496123,1633
1.4003890964798398,0.006656528249944903,0.0017562580623111973,0.0071551810307656115,9.863801977191228e-05,0.25993166752221963,0.25993028841382865,1634
1.3885124504336512,0.007050144324600604,0.0009354480866601077,0.007227368118574327,8.313280001384551e-05,0.2591177190137581,0.2591155316798909,1635
1.387328781851857,0.006455023385812087,0.0008856730425353313,0.007320291369324898,7.422699100351437e-05,0.25861550874896627,0.2586147136654512,1636
1.3991138068113285,0.006962354096314425,0.001647918311347946,0.007320731262887353,8.264999270084145e-05,0.2590912041392129,0.2590911785119284,1637
1.388897362711872,0.007027034258749813,0.0009652716926298955,0.007249227749455533,9.910360995680488e-05,0.25995507960574926,0.2599550527021506,1638
1.3870939766012078,0.006092977295486966,0.0009036429928082749,0.0071674807762544855,0.00010505112734769982,0.26024944522145954,0.2602490611731559,1639
1.398347345924656,0.007048737753293912,0.0015949575919200392,0.007188359321682594,9.294961932341168e-05,0.25964103829073465,0.25963891108990644,1640
1.3895026645696442,0.007415952490284283,0.000969868667864414,0.00726995519014762,7.669899113157279e-05,0.2587577960202081,0.25875489105808136,1641
1.385992317527083,0.006424319495183854,0.0008014162528353119,0.007331909925385786,7.601546669554953e-05,0.25871868491778144,0.25871823201907335,1642
1.3961837726349997,0.007347088972546848,0.0014310095137990092,0.007293864943805911,9.278737123016445e-05,0.2596326201643252,0.2596325572990286,1643
1.3887836797872382,0.006955333296662785,0.0009540829012425383,0.007206576186818662,0.00010980656017889432,0.2604788625422273,0.2604787871912501,1644
1.3838262451204393,0.006200999508963049,0.0006823778787037972,0.007201314295765216,9.871469080199902e-05,0.2599355266997779,0.2599346452402599,1645
1.3915960975619845,0.0076068187723072975,0.0010951602537560615,0.007294314716395247,7.57493380325446e-05,0.25870340956364485,0.2587000631469017,1646
1.38486547064751,0.006787581056164002,0.0006909355709398032,0.007343572791604662,6.993818845589502e-05,0.25836290550322644,0.2583609232063432,1647
1.382202518093928,0.006467046683662481,0.0005574508477277696,0.007276860368673824,9.040648503115657e-05,0.2595082324872269,0.2595081676357691,1648
1.3859777853610908,0.006335715703939243,0.0008045234461293218,0.0071873786903312795,0.0001130135516154649,0.2606307832079986,0.26063078072764656,1649
1.3812018912354718,0.006058046410213769,0.0005137583256123929,0.007217809618159173,0.0001041032539842152,0.26020310021435716,0.26020269396898527,1650
1.38374802724352,0.006683463183892423,0.0006307786697628089,0.007345126275360885,7.387920510343707e-05,0.25859530133872205,0.25859336853665627,1651
1.3833091463766203,0.006491619709916202,0.0006084568461994212,0.0073468559133415545,7.06592540650296e-05,0.2584059059038886,0.2584042192927321,1652
1.3786817031378498,0.006118606424391192,0.0003461784119758323,0.007247303849820213,9.292435988837433e-05,0.2596397282061464,0.2596393574522502,1653
1.3779085352527907,0.006134471329467816,0.0002910393015534182,0.007283524640044928,0.00010096266438257181,0.26004801793303395,0.2600476958961503,1654
1.3868259055381207,0.006373113789851173,0.0008232036589135225,0.007272700638124852,6.029174587759924e-05,0.25776477597085706,0.25776124035867537,1655
1.3866307380688685,0.006491119287290214,0.0007624213601794387,0.007308418000574107,5.054797802319894e-05,0.2571097101223045,0.2571059105694454,1656
1.3786894879156817,0.006221793879404652,0.0003272376835843967,0.007337784062595194,7.55245724283119e-05,0.2586904874678186,0.2586897062971344,1657
1.38347176960655,0.006018389995906521,0.0005677656847160731,0.007157990620914741,0.00015330889352584023,0.262381796861758,0.2623816048584528,1658
1.3798760957992795,0.006177540327127818,0.0003996927033311868,0.007306601874083096,0.00011862840811661445,0.2608916669117548,0.2608915480897811,1659
1.3839061619724828,0.00663820697694385,0.0005071237194946431,0.007397910590026941,3.990412431734527e-05,0.2563169711347564,0.25631467436898525,1660
1.3831412948339055,0.006263298818456668,0.0005595458944272276,0.00722411740820588,5.3673025080799877e-05,0.25732618762254966,0.2573217947195452,1661
1.3797736182171492,0.006127427437218621,0.00038031436919983464,0.007285555898092191,0.00012736911372837893,0.2612857925609316,0.26128548784633565,1662
1.379787582964405,0.006307188148994171,0.00040400481827623997,0.00742882717648517,0.00010160465557742886,0.2600799134707312,0.2600798969916148,1663
1.383596149448601,0.0058912731441240615,0.0006714673720502598,0.007092790369218474,7.261748078458982e-05,0.2585215890997272,0.25851710643479997,1664
1.3811224299458342,0.00618478161641033,0.0004380772984308912,0.007261326030775197,5.547033476767491e-05,0.2574478409467224,0.2574452512334253,1665
1.3851801131682961,0.0066878952936549095,0.0007368189317275595,0.007566419680184102,0.00010282119166566955,0.26014007848419674,0.2601398742602324,1666
1.3862173119711252,0.006442028315146794,0.0006924088811960485,0.007333631838215406,0.00016247785895174535,0.2627466803110357,0.2627466666220562,1667
1.3815780315228645,0.005644188087188897,0.0005469884955918015,0.007086103512239837,0.00011983207573864287,0.26094678380797953,0.260944740255714,1668
1.3846351666003411,0.006491337301941296,0.0005637102398331422,0.0074007425133079145,3.9626269716236524e-05,0.2562949400089466,0.25629352696347235,1669
1.3833022877220287,0.006536262217162815,0.0004760230069367262,0.007466204488203788,4.021100706406468e-05,0.2563412149517316,0.25634036196359355,1670
1.3818810042754126,0.005730942104259383,0.0005474872818829183,0.00713776847630798,0.00012739075107493568,0.261286751130194,0.2612856604052131,1671
1.383939697760084,0.00608331478628571,0.0005582103207232077,0.007228061848029452,0.0001644199497033725,0.26282263427316604,0.26282263054876454,1672
1.381657836783138,0.006352338078169505,0.0005229219331344494,0.007514613321598629,8.119782646210484e-05,0.25901098365674385,0.2590109393214784,1673
1.3816618455579048,0.006261778201509847,0.00043531683593993635,0.007329092620130121,4.827873947865602e-05,0.2569482903997067,0.2569465916879945,1674
1.3812686877940445,0.005652361477427135,0.0005497163035036166,0.0071107852656121795,9.326670219802409e-05,0.2596574687262255,0.2596553215236747,1675
1.3803520699843912,0.006165851796111284,0.00042539318176368433,0.007365345071551566,0.00012251887580381045,0.2610688244996391,0.26106872780402585,1676
1.3778876532604412,0.0060609247390778385,0.0002965944673199508,0.0073890330238515186,9.097947755043771e-05,0.2595383162848816,0.2595383005652422,1677
1.3912342820006056,0.005710354046793762,0.001198359097774621,0.006989938299422956,7.611051234675923e-05,0.2587241339023859,0.25871826392055625,1678
1.3904282634031024,0.005881666953951392,0.0010957124320463906,0.007041670208780129,6.010500351625704e-05,0.25775274167738466,0.25774704448889924,1679
1.3803302376118451,0.006251812602591915,0.000381656264407984,0.007462780531807271,5.568778014630547e-05,0.25746242454878476,0.25746236475248113,1680
1.3816005911577294,0.006210883183504789,0.0005016880706325638,0.007405700279152552,0.00012454625114285205,0.2611600291730287,0.2611597103682586,1681
1.3842323317371696,0.005650431303837788,0.0006307735546192312,0.0071062140534473095,0.00015723168653774712,0.26253920597716407,0.2625387108286971,1682
1.3781547128532154,0.005797929092489637,0.0003322769208410813,0.0072488792290542085,9.230094690521812e-05,0.2596073381800173,0.2596064325631594,1683
1.3929497692252442,0.006734855724712366,0.0010939908900490505,0.007679612503123346,3.8661663408723194e-05,0.25621785038487765,0.2562177102141869,1684
1.393388323451354,0.006670417958420661,0.0010987045746895445,0.007632566952947708,3.508589371110897e-05,0.2559233346782964,0.2559232707066663,1685
1.3789830972686836,0.0057795446283101,0.0003685651086310076,0.007216651795881814,7.087583679037344e-05,0.25841877881823566,0.2584177616643572,1686
1.3880703679273252,0.005879650004113697,0.0008748051048685164,0.007227616428559892,0.00015604951916142756,0.26249197819248127,0.262491795572813,1687
1.392805180629957,0.006373532731748619,0.0010554894946069268,0.00738529658718121,0.00018417910564165534,0.263571260281995,0.26357108917938205,1688
1.3818406758261783,0.00621450883064866,0.0005057692791843878,0.007458214899836269,0.0001302282218615733,0.2614117580530597,0.2614115415811032,1689
1.3857851132973442,0.0058555877859487225,0.0007700895439709909,0.007173012847184935,5.518269627280689e-05,0.25742850565543346,0.25742629373589426,1690
1.3908116016103003,0.006196597743511688,0.0009120874223535163,0.007149569699466318,3.014856670464749e-05,0.2554907710482816,0.25548651720941673,1691
1.3812765419276967,0.006109413353217182,0.0004163973460453299,0.007381930687063877,4.763287618656262e-05,0.25690165749559934,0.2569010156596595,1692
1.3834240407398257,0.006231125269286777,0.0005746463944800348,0.007415842049309808,0.00014470446614248022,0.2620293169441361,0.26202910405954166,1693
1.385739907286535,0.005843026205114647,0.0006166257794995205,0.007198024867487612,0.00018513828346928434,0.26360655296058794,0.2636064860337026,1694
1.3786378260820467,0.005691258193219102,0.000367407341310366,0.007235241882739806,0.0001036460388380778,0.260180669861953,0.2601796507498626,1695
1.391613069063743,0.0067033452728791545,0.0008843874181794825,0.00761146343808143,2.6009242676918014e-05,0.25509992575209856,0.2550997355730599,1696
1.3948782775225497,0.006752344839516371,0.0009955689400918935,0.007560646900130038,1.8827590931226994e-05,0.25433907719811794,0.2543387688632534,1697
1.3802766486786984,0.005798005949186998,0.000402409310155963,0.007218601028917048,5.412547418497749e-05,0.25735700171163345,0.2573558982087148,1698
1.3888483464966492,0.005653680617998528,0.0009009679653941428,0.0071470527055729595,0.00016823621282759172,0.26297059030374453,0.2629704586707666,1699
1.3973188883819003,0.006306004894977206,0.0011661401084752444,0.007295571241077036,0.00022725493356943633,0.2650749770669622,0.2650749292556826,1700
1.3868351284256968,0.006415938699915676,0.0006623825559300779,0.007467999042720616,0.0001821833610122182,0.26349753166368645,0.26349751822824546,1701
1.3827892320812036,0.00599974161649013,0.0006103532471791231,0.007409210234845104,7.270565977970227e-05,0.2585267613886928,0.2585254132404031,1702
1.3899368443957338,0.006278681414218513,0.0008210068803792048,0.007263386874077754,2.7668268992067753e-05,0.25526006359201747,0.2552567411977395,1703
1.3874473906341758,0.006162946397595322,0.0006637900633327203,0.007215545927727551,2.7706569977513912e-05,0.255263703066997,0.2552620341163425,1704
1.3812626688941476,0.0057422121371510605,0.0005384337347556265,0.007306874526378122,8.171468251658293e-05,0.2590396173877318,0.25903961536681236,1705
1.3844986287486976,0.006097055689946851,0.000582827009507002,0.0073579707658379045,0.0001676522269426587,0.2629480588098239,0.2629480345488116,1706
1.3841338034582058,0.005941620346674766,0.0006160939422500444,0.007340184322136647,0.0001533629409504459,0.26238397920502315,0.26238318958575974,1707
1.378715095778448,0.005905387232495459,0.00035847314594235894,0.007370207627736828,8.357592879546659e-05,0.25914198713603703,0.25913982355262144,1708
1.3864529833465142,0.00601961392979169,0.0007785549471920697,0.0073777484310848076,4.971388617465736e-05,0.25705080748387427,0.257050611224575,1709
1.387742124859278,0.005951229519963141,0.0008679646959734037,0.0072852677551955925,4.942851990045421e-05,0.257030541935047,0.2570305414920025,1710
1.378812922596089,0.005640135616508385,0.00037116611856633517,0.007191392097608262,7.320003885044164e-05,0.25855570212492474,0.25855563300382933,1711
1.3884878063176365,0.006390588957765103,0.0009510717725764474,0.007564231130017594,0.00012302617522093548,0.2610917165137293,0.26109107288991595,1712
1.3950771004503635,0.007403099425675374,0.001218400029987503,0.00768051943040642,0.0001621455947498601,0.2627336402787993,0.2627314380554647,1713
1.3847058775116232,0.006891398498171394,0.0005586695970550793,0.007512582618372233,0.00016289130829314323,0.2627628879291931,0.26275884640832214,1714
1.3838992136476975,0.0055397588139788735,0.00073177181991304,0.007208301207853849,8.885432795512727e-05,0.25942625736732916,0.25942434948414045,1715
1.3878500060456207,0.006311191653509476,0.0007765445137085087,0.007155514585267114,3.7692462499996666e-05,0.256139418742845,0.25613940832996873,1716
1.3878101534089131,0.00670494083166949,0.0006640591242160394,0.007267472219600583,2.8783724102229015e-05,0.2553650465144516,0.2553644939907143,1717
1.3824054131995744,0.005861206170554819,0.0005803854245694327,0.007340131128513538,6.613622779524475e-05,0.2581324183239209,0.2581323315387772,1718
1.381735720851158,0.005988821599604867,0.0004700849836263718,0.0073336634333256755,0.00014760975503647062,0.26214947550458334,0.2621482394110213,1719
1.385840471493631,0.00648502827896174,0.0006710042821045745,0.007433791588964831,0.0001601580456391267,0.26265535640111043,0.26265204312170437,1720
1.380402325382971,0.006376389994495732,0.0004336720229496411,0.007507691985859501,0.00010846642290445241,0.2604147214511216,0.26041192211958875,1721
1.3855604217297528,0.005770698649368418,0.0007660098099208954,0.007232401008407691,5.6409120259412076e-05,0.2575106005258842,0.2575104532773985,1722
1.3935110175494152,0.006481079039255958,0.001137673460645681,0.007104228012475923,3.708060280352938e-05,0.25608938443551804,0.2560884073542693,1723
1.3869285393385284,0.00650304872990932,0.0007373167479101888,0.0071547757976208395,4.266335045245427e-05,0.25653171879771736,0.25652880724591176,1724
1.3824153575071467,0.005714644154219507,0.0006152513728175808,0.007372479922754221,0.00010627875875455206,0.26030915897416235,0.26030897655335755,1725
1.3901484261483983,0.00706515775970397,0.0008740468197282658,0.007549666218988494,0.00017274370460760075,0.2631431999378995,0.2631359804991954,1726
1.3907300646386507,0.00758433772687269,0.0009174573089214766,0.007604066078621372,0.00016138655169046636,0.26270380067894905,0.2626942633021864,1727
1.382073131530221,0.006420897207459363,0.0005503959011260127,0.007493642851618188,9.678241697409355e-05,0.2598378054958458,0.2598362600732208,1728
1.381392487607905,0.0056286312590522105,0.0004905329762704025,0.007241822557961847,5.4722649258035486e-05,0.2573974758707302,0.25739636895139995,1729
1.3852645723762034,0.005696475371669116,0.0007614945469085673,0.007080633890718655,5.9148427206375605e-05,0.2576908014671018,0.2576892783530633,1730
1.3795253927838107,0.00594228384515914,0.0004072533958591055,0.0072517441432540025,7.951824977875784e-05,0.25891730058811285,0.2589172691430278,1731
1.3817791944812259,0.006210437569346856,0.0005359423082145116,0.007623029009200998,0.00010887514309714091,0.2604343252343954,0.26043242949844797,1732
1.3834023585119588,0.00658129932880534,0.0005706019628136702,0.0075140652005800624,0.00013602024514998187,0.2616627717610344,0.26165707811608296,1733
1.3794160292981974,0.005862609845798436,0.0004068147547980781,0.007288240880816666,0.00010477761623195577,0.26023609379753604,0.2602351356208592,1734
1.3809449832129586,0.0055143950528098165,0.00047265003735121774,0.007317870724992419,5.587450223455531e-05,0.2574749248982552,0.25747339571523603,1735
1.3808047356513673,0.005617308946601678,0.00048790350269265934,0.0072117960593689355,6.520350406708453e-05,0.25807486867181656,0.2580746664014411,1736
1.3776451188899783,0.005800776673413539,0.00029639306087217725,0.007353051096568469,9.884247861297033e-05,0.25994195547228865,0.2599409556108018,1737
1.3810978007892498,0.006357616318617656,0.0004859744418997784,0.007637766891710976,0.00010307813609505514,0.2601527403244176,0.2601514049573283,1738
1.3789815431431267,0.006180325022838204,0.0003478195259630572,0.0073564888689534825,0.00011259311603600925,0.2606109903419054,0.26060853888632834,1739
1.3789253145751752,0.0055583573714106296,0.000391398281863547,0.007294141738923751,7.838456815049815e-05,0.2588535059807117,0.25885350543054697,1740
1.3789759258463847,0.005539563217362982,0.0003608403962595492,0.007325264838462716,6.175936877084274e-05,0.2578587129207551,0.2578584727252567,1741
1.3811444424498724,0.005648055381119762,0.0005331682203235588,0.007282098243138162,0.0001076809034812609,0.260376940950071,0.2603738011480439,1742
1.3809147107501065,0.006005358938106505,0.00045336412698989727,0.007482913632409743,0.00013169747302451326,0.2614759519441532,0.2614705832623784,1743
1.3832411859740614,0.0061357671223444725,0.0006463622715691451,0.007645376539553721,9.87527889985084e-05,0.2599374437859295,0.2599370927356945,1744
1.3801124184061895,0.005718201149463843,0.00046065787986153113,0.007425345236264158,7.943054285833588e-05,0.25891238143586415,0.2589123748457166,1745
1.382529497656123,0.005274832692833318,0.0006489435730586881,0.007092723390000993,7.664330419875964e-05,0.25875461616513024,0.2587544179631697,1746
1.3811935514994274,0.005396292134175102,0.0005396126111792442,0.007230712961927819,6.986350123314755e-05,0.2583584389232169,0.25835839257725196,1747
1.3805045050099598,0.005877640067908923,0.00046898719196675014,0.007576942467867637,7.449135442710278e-05,0.25863083741169435,0.25863082933339254,1748
1.3794546879745342,0.00566414166211735,0.0004169842363988974,0.007466276527880531,0.00010979351478381884,0.2604782400613757,0.2604766241387332,1749
1.3815829652705156,0.005426833083348764,0.0005531030834822451,0.007266738346579834,0.00012400098051433195,0.2611355727519662,0.2611306695866699,1750
1.3787263412383965,0.005640768501760566,0.000380228976353285,0.0074304421219116195,9.168700531905533e-05,0.2595753331701333,0.25957444503434585,1751
1.3809392076111306,0.005777110150349769,0.0004916647955416853,0.0075387729598023505,6.784471275275632e-05,0.258236790197204,0.2582363655837825,1752
1.3794827604976092,0.00537620689335872,0.00043956411297188394,0.007272733488988064,7.742603981677154e-05,0.2587992067720205,0.25879917956161014,1753
1.380318592435216,0.005235581424678822,0.0005140691182064256,0.007180249920519121,9.421660039632167e-05,0.25970652359994667,0.25970519773840967,1754
1.3786055376467385,0.005691178051297875,0.0003682819684246128,0.007507958414927075,8.996381478098486e-05,0.2594849256602772,0.25948392963526673,1755
1.3796694343101745,0.0057359405664576535,0.0004359082489418652,0.007574135151887028,9.64931604609468e-05,0.2598230932226538,0.259822644254327,1756
1.379009495168638,0.005321328105537689,0.00041201024947123467,0.007290909869892111,0.00010871173324117846,0.2604264918952243,0.26042522082248676,1757
1.3782977337399522,0.005429407108743164,0.0003620598072827838,0.00734390296539474,8.242308124028371e-05,0.25907871583652026,0.259078489294726,1758
1.3789110948860959,0.005666921796453649,0.00036349513937036543,0.007499708890973711,6.762083516243722e-05,0.2582231888682212,0.25822310518178937,1759
1.3794903666627716,0.005248220113473946,0.0004561517971749942,0.007242888306397685,9.98569188735933e-05,0.2599928433828212,0.25999189971383374,1760
1.3774291541415922,0.005432897103353869,0.0003026020797139848,0.007366879610602251,0.00010479579005352065,0.26023698149131474,0.2602355361354907,1761
1.3887640946731454,0.006095180504128378,0.0009888549020165686,0.007749979015648818,6.674065407609339e-05,0.25816949533790756,0.25816943252893726,1762
1.3892705498425333,0.006027689754244205,0.001015130010652612,0.007672685554410181,6.229964558381603e-05,0.2578930124530382,0.25789284196039447,1763
1.3782015090160245,0.005354389175594013,0.00036221627968541193,0.007275667812655377,8.418111888647095e-05,0.2591750269147546,0.259174823254479,1764
1.3858611470070257,0.005194732445671218,0.0008821351689121133,0.00724047571171861,0.00010369588842753127,0.260183117814674,0.2601825915211989,1765
1.3882528641737677,0.005522503183477241,0.001017578258850852,0.0073789845482061705,0.00010574987321718604,0.26028347573620836,0.26028289488177914,1766
1.379191327544715,0.005863130375135511,0.0003952681678130145,0.007528814422861776,9.765223486061023e-05,0.2598819145341685,0.2598811766423872,1767
1.386116458545569,0.005582872338175881,0.0008765006062698347,0.007420295970559894,9.060915470605308e-05,0.2595188841103384,0.25951733846813146,1768
1.3933349043693866,0.005543739661016325,0.0013581421049630588,0.0073425477031392045,8.433164182812459e-05,0.2591832261122181,0.2591821559804227,1769
1.3829070447242717,0.005564844789653629,0.0006574937473706574,0.007335863499133252,7.946732313061037e-05,0.2589144446338855,0.25891430053686265,1770
1.3818336955362818,0.005424151530798028,0.000595647359456589,0.007400277306277723,7.996400834331194e-05,0.25894225968887685,0.2589421410158871,1771
1.3866238654738743,0.0053604672694725596,0.0009252396790602232,0.007394687153639971,8.886420688712434e-05,0.25942678136413083,0.25942678029166455,1772
1.3805943579332103,0.005496311997500245,0.0005137098920483117,0.007367732946645596,9.796323036771766e-05,0.25989763761549783,0.259897010247443,1773
1.3820505010351833,0.0054971921869189635,0.0006108541741703517,0.0074264500700655526,9.591003355067311e-05,0.2597933668138528,0.2597915608112711,1774
1.38434575886536,0.005694024474007236,0.000750657041608647,0.007514407106051587,8.979702137882604e-05,0.2594761290292411,0.25947490331044,1775
1.3789101253993707,0.005867448356472128,0.0003765821491027198,0.007507986996210604,8.842357722326465e-05,0.2594033811590972,0.25940301626315737,1776
1.382836126625199,0.005188109900996801,0.000684443407613798,0.007280931060038794,9.683882751476224e-05,0.2598406721068615,0.2598403076557339,1777
1.3834528205270211,0.005137318684689168,0.0007297433300600123,0.007231708685885012,9.252216829712212e-05,0.25961884443668376,0.25961854753715946,1778
1.378167232123657,0.005424262594529802,0.0003496259002845716,0.007401363919541538,7.85602891956589e-05,0.25886342423647085,0.2588633184250764,1779
1.3809127131847454,0.0056242057198134885,0.0005229473709533974,0.007564317174536364,8.27643845235774e-05,0.2590974933098946,0.25909725160491653,1780
1.3788029832418682,0.005720495246995406,0.00037623917553230966,0.007471299696166174,0.00010282124848620946,0.26014008128597643,0.2601389088202798,1781
1.3804092783692212,0.005262444327353605,0.0005094475400024313,0.00731957407801672,0.00010835352489271708,0.26040929992327616,0.2604076899343668,1782
1.378318042593634,0.0053346480636172425,0.0003723054370010768,0.007390088422392691,8.673589368120837e-05,0.2593132107074418,0.2593126784932123,1783
1.380685172030953,0.0055348677946810984,0.0004978396894307806,0.007517397547807895,7.100411523989734e-05,0.2584263939641995,0.25842630545157497,1784
1.379765177252879,0.005368292106272179,0.00046205363616331775,0.007449253974866713,8.071598354196603e-05,0.25898420745207756,0.25898399025589,1785
1.3779527270799974,0.005229361847204631,0.00035355155654343706,0.007334777473750033,0.00010183941165948523,0.26009155149912466,0.2600909456859074,1786
1.3781881897580295,0.005432740448339265,0.0003581328761436187,0.007486658954200293,9.154054630183203e-05,0.259567682389264,0.2595672289367872,1787
1.3775194783299647,0.005421016321384384,0.0003122965804325105,0.007481430344808376,8.570567612780382e-05,0.25925773601523633,0.2592564953872059,1788
1.3767906923995548,0.005255163638378883,0.00027705714391487447,0.007385147711244191,9.346977627189223e-05,0.2596679768448157,0.25966706985319987,1789
1.3824442943385655,0.0056268041644241895,0.0006240607334385738,0.007564329070719913,8.175092117158975e-05,0.2590416216007744,0.2590415561793234,1790
1.3815274004152456,0.00558802683421166,0.0005671437324543923,0.007500525574383881,8.345237557956567e-05,0.25913522717722803,0.25913521047201227,1791
1.37821711139666,0.005126312122998924,0.0003809643797299582,0.00729672613840108,9.398861336462933e-05,0.2596947724761662,0.2596937359972056,1792
1.3784389337154972,0.0053963090478101,0.00037496812589236407,0.0074831727241072956,8.50533121695187e-05,0.2592224352624195,0.2592216328305007,1793
1.3786800719662402,0.005558127084223917,0.0003808929854923404,0.007592523708478416,8.665295731674379e-05,0.25930875702318756,0.25930847681700653,1794
1.378047593864334,0.005154990127500321,0.00036233908046777897,0.0073522406170619305,0.0001049305475155029,0.2602435612711353,0.26024228383160447,1795
1.3776418127526253,0.005355165933735567,0.0003260866961345162,0.007417281667118831,8.750658709851623e-05,0.2593544955555346,0.2593539049849286,1796
1.3777737832847188,0.005456039662421686,0.00031472361639542227,0.007549765799114452,7.42368784968067e-05,0.2586160825493264,0.25861606489822864,1797
1.3797201135273542,0.005088708994984822,0.0004797867747239091,0.00727909598553604,0.00010331905466608673,0.26016459810647163,0.26016342862038555,1798
1.3779366721118058,0.005221772726214958,0.00035228623862893415,0.007391222784945582,0.00010251326002589119,0.26012488321048155,0.2601240008986406,1799
1.3810026052448567,0.0057062769816939975,0.0005172178260689311,0.007685940415160685,7.721030734828247e-05,0.25878693958942944,0.25878689803497784,1800
1.379474689380051,0.005568352075294522,0.0004300653691873434,0.007524107969606489,8.179512217100972e-05,0.25904406557754917,0.25904364195439267,1801
1.3794442997383793,0.004994367715961621,0.0004697798825922633,0.007247467387850076,0.00010001550609991406,0.26000077527494314,0.25999933124827973,1802
1.3785635063208725,0.005230050216108788,0.0003960731588867218,0.007441894241083895,8.790912314783015e-05,0.25937598651597954,0.25937588065083295,1803
1.3787762916769324,0.005499598914835077,0.0003858070876959147,0.007601652799485868,7.964602107889792e-05,0.25892446194898594,0.258924459976009,1804
1.3789982527027291,0.005132187571996762,0.00043131454052065284,0.00737132478357061,9.824126829985641e-05,0.25991167333500537,0.2599104835809651,1805
1.3777328052280735,0.005156861041159181,0.00034386022419744504,0.007355134288303699,0.00010129823349290127,0.26006470235490853,0.26006359315779853,1806
1.3821240261020427,0.005579908785659613,0.0005997901369536232,0.007653312455183436,7.6680316424393e-05,0.25875672977911235,0.25875666353149407,1807
1.380458428103567,0.005444233060571178,0.0004946604698130349,0.007615585278438496,7.448406737782828e-05,0.2586304152494436,0.25863037510810033,1808
1.3792868808464038,0.005039820568567663,0.00045789667628286376,0.0072851998144861175,9.503056927376585e-05,0.2597483623893332,0.25974712055023563,1809
1.3789122793547308,0.005053882999955309,0.00043143234313947206,0.007330269438161265,9.693866000561266e-05,0.2598457432429255,0.2598446959978521,1810
1.379057768733513,0.0055475360987219105,0.0004041792662373519,0.007633109647168827,8.27104744531426e-05,0.2590945299193055,0.2590945078987987,1811
1.3775671651318493,0.0053178006312555245,0.0003244602827713268,0.007499960807175958,9.171985340178425e-05,0.2595770482614313,0.2595769690856285,1812
1.380615659445971,0.0049318481466026865,0.0005502967169851776,0.0072388535408537446,0.00010275769906875497,0.2601369472262982,0.2601350606287975,1813
1.378207956439807,0.005132671854281113,0.00037889169750622445,0.007380880210955934,8.78516879397013e-05,0.25937292312673593,0.2593722264107794,1814
1.3815625146679016,0.005547935290592287,0.0005580524515573136,0.007692949576787258,7.272100196241879e-05,0.25852766099012026,0.2585273922219613,1815
1.3792998587255747,0.00539063217690542,0.00043271479176000197,0.007571717412302838,8.517334769579156e-05,0.2592289407678125,0.2592288998292855,1816
1.3806608231875415,0.004879572250498514,0.0005494639067465671,0.007215774973038746,0.00011071554697606762,0.26052214555003245,0.2605204864307309,1817
1.3788334670346525,0.005013008982524814,0.0004285174526505312,0.007317801812337419,9.804486133763571e-05,0.2599017605170816,0.2599005270547678,1818
1.3808657136662064,0.005570906391278394,0.0005063134938207088,0.007702137123727127,7.073384419575777e-05,0.25841034150292114,0.2584102278014091,1819
1.3785786691310837,0.005375264290968769,0.00038004470213753627,0.007594673835245422,7.88540635868123e-05,0.2588799810577958,0.2588799559947616,1820
1.38206251420046,0.004811817060717646,0.0006454957616736048,0.007168356710615882,0.0001124036345498853,0.2606020580336973,0.26060029346606745,1821
1.3802101568692504,0.004867039308136583,0.0005235843200887859,0.007220857083591183,0.0001077170134577081,0.26037868071855513,0.2603773608640708,1822
1.3805587799310544,0.005578895194331909,0.0004901457191903622,0.007674873557547613,7.328776469796834e-05,0.25856082733723607,0.2585606273751828,1823
1.3797278157080302,0.005506349347040938,0.00043962504030186397,0.007654698212822598,7.326086292723568e-05,0.2585592559797704,0.25855913260107105,1824
1.3802571314860559,0.004881254903651745,0.0005279608899926182,0.007216536121712028,0.0001053145332426106,0.26026228694018105,0.2602607796343364,1825
1.3792726247203155,0.004909603362639696,0.00046063018431410105,0.007242607383131803,0.00010509720787852317,0.26025169292744,0.26025055981606815,1826
1.3810699718071646,0.005550684545272331,0.0005275845290098746,0.007684632440009632,7.421632448108546e-05,0.2586148896963969,0.2586145138133635,1827
1.3803760951328676,0.005539114408254787,0.0004832607769563398,0.007661036813716629,7.488948144803048e-05,0.25865387089388503,0.2586535436805168,1828
1.3797153282108732,0.0048651100355961915,0.000493447263859852,0.00721961728914213,0.00010481069766767703,0.2602377095909035,0.260236664310639,1829
1.3793319747351798,0.00486918061186834,0.0004689797176755402,0.00722323510294345,0.00010303873572215194,0.26015079975776056,0.2601498083048404,1830
1.3805086424855146,0.005481407358817367,0.000492206158852794,0.007654436968494097,7.264377397850133e-05,0.25852313170017344,0.2585228106265069,1831
1.380102223701125,0.005488740114894393,0.00046723855490260187,0.007655600017079537,7.416860994106506e-05,0.25861211994465155,0.2586118291845583,1832
1.3794292805605632,0.004885438037221652,0.00047166013981691466,0.00723634950210488,0.00010634486528721529,0.2603123646797044,0.2603114280199606,1833
1.3792152010167835,0.004859922189649642,0.00045858332525843735,0.0072229258914014195,0.00010696933123330404,0.26034259789575637,0.26034179198641794,1834
1.3799555664996188,0.005446580553045331,0.00046157390845378405,0.007618343557457298,7.492551028714925e-05,0.258655952303886,0.25865555165602644,1835
1.379479591303159,0.005426723540929923,0.0004277570200609686,0.007619527254204213,7.286576037668965e-05,0.2585361443507411,0.2585358105199003,1836
1.3795124497998439,0.004884356848124591,0.0004806794091675501,0.007230844059957328,0.00010203124664794198,0.2601010517594923,0.2601001431213321,1837
1.3791415012290904,0.004875506642258605,0.0004541259803999655,0.007232422737836863,0.0001052669751709282,0.260259969550195,0.2602591245954489,1838
1.3794504929514249,0.005414598445829718,0.0004354040296683709,0.007609013686542969,7.884148593802011e-05,0.25887927282709683,0.2588789467686769,1839
1.3787983461287932,0.005393131017518809,0.0003933315660312279,0.007592022188870273,7.875247566702687e-05,0.2588742591615879,0.25887401260224874,1840
1.3798275828546986,0.004844337556907364,0.0005029285760693833,0.007214804761078422,0.0001040775739870042,0.2602018416958412,0.26020083788939435,1841
1.3791409224025808,0.004866360029167966,0.00045768953943102443,0.007232868733209591,0.0001011025391321181,0.2600549758394597,0.2600541186912808,1842
1.379298625115314,0.005379647992634791,0.0004228009113150036,0.007605471496934592,7.524626725436609e-05,0.25867446063189903,0.2586741559801886,1843
1.3785202339149265,0.005337296821546269,0.0003791391709770692,0.007579108031569555,7.924745452600224e-05,0.25890210393817115,0.2589019068265884,1844
1.3799344280262844,0.0048235283257065135,0.0005077871069985593,0.007209935506854138,0.00010811063331026665,0.260397626330575,0.2603964837775902,1845
1.3790507303280295,0.004857629380700362,0.0004501070382217423,0.007240371848378123,0.00010415960885758404,0.26020586149512054,0.26020487290897965,1846
1.379341040072541,0.005394044252165912,0.0004239500570555145,0.007614507861574941,7.478806976721933e-05,0.25864800958413087,0.2586477795109508,1847
1.3784841589291275,0.005320284110136624,0.0003749201298410247,0.007579317965793789,7.6865516614481e-05,0.25876729813651167,0.2587671522567038,1848
1.379945343938268,0.004805834913626136,0.0005112936996865646,0.0072042781452999,0.00010646984189022083,0.26031842245162606,0.26031721467805735,1849
1.3790376537143993,0.0048354232427217465,0.00045025944149509835,0.0072351894723839665,0.00010474364552184333,0.26023443430394877,0.2602334212795621,1850
1.3793447567615824,0.005385520361776432,0.00042659376304019235,0.007617193376956207,7.60035664585627e-05,0.2587180024351088,0.25871779435744335,1851
1.3785614903500836,0.00533334642168532,0.00037993758585888165,0.007589700928542396,7.743515103383932e-05,0.2587997244862461,0.2587996149785411,1852
1.3797534609091466,0.004799326179356414,0.0004993716352883511,0.00721228397344539,0.00010591438563473145,0.2602914714999718,0.26029010362721305,1853
1.3789232474435784,0.004825712039873061,0.0004441936279920138,0.007237834552725082,0.00010352317908694126,0.2601746341008874,0.26017350630555275,1854
1.379379282464347,0.005360121260094019,0.0004293529820408279,0.007618738766158019,7.517524327909032e-05,0.2586703658099927,0.2586701607759379,1855
1.3786847486566438,0.005321956065343286,0.0003886354536315516,0.007595948843397815,7.724501580882774e-05,0.2587889143703206,0.2587887723003549,1856
1.3794894290956137,0.00478835996001318,0.00048210029174871054,0.007219119464306853,0.00010635875779849494,0.2603130382428504,0.2603117645291194,1857
1.3787849732322863,0.004810748564076348,0.00043571295389729567,0.007240731168362829,0.00010385120871773882,0.26019074132326686,0.26018959951242376,1858
1.3793670534142097,0.005347801866477834,0.0004285147050574928,0.007620875912027561,7.463183061715493e-05,0.25863897161803157,0.25863880024952657,1859
1.3787644443299227,0.005313025765641809,0.0003930286996211259,0.007604570382638511,7.616162954330347e-05,0.25872706305370274,0.2587269336516732,1860
1.3792140371561845,0.004786918994315517,0.0004642890405067549,0.007230617184932419,0.00010583766314430451,0.26028774334556926,0.26028655050525,1861
1.3786144751044596,0.0047966997634371475,0.000424726664688341,0.00724503140193008,0.00010458120926205286,0.26022649545357807,0.2602254757327973,1862
1.379339637470402,0.0053290572178093555,0.0004287398590531916,0.007617577221093849,7.514601233650445e-05,0.2586686799650526,0.25866847414567756,1863
1.3787945968581268,0.005302727163059643,0.000394717705803016,0.007606346885394823,7.548007945061651e-05,0.2586879272240631,0.2586877800832296,1864
1.3789519483353838,0.004787433165975567,0.0004481931542498598,0.007242645652241367,0.00010411005360209343,0.26020343342224045,0.2602022916312109,1865
1.3784070062533338,0.004796144703565516,0.00041143499271533037,0.007256078899299958,0.00010390789659241754,0.26019352228586456,0.2601925394364104,1866
1.379331154030096,0.005309860191713783,0.00043073041132669497,0.0076196833500324955,7.601112962716446e-05,0.2587184361916094,0.2587182159335367,1867
1.3787890568268488,0.005286557867453004,0.0003968095357264069,0.007607393435233445,7.644143684284485e-05,0.2587430793684402,0.2587429072069739,1868
1.378739117020558,0.004778371810229748,0.00043500267024280774,0.007250767463290665,0.00010359217868295058,0.2601780243015504,0.26017698560462016,1869
1.3782115907506156,0.004789670651805311,0.0003999537422965718,0.007264593704709428,0.00010233632570452688,0.2601161418388893,0.26011522764332146,1870
1.3793300179679344,0.005291869465624084,0.0004308479984627533,0.007621844978570902,7.533598947796077e-05,0.2586796307224421,0.25867940681647666,1871
1.3787728758981668,0.00526712642186501,0.0003973637783412247,0.007609773085446164,7.668995699488904e-05,0.25875728022818095,0.2587571095437836,1872
1.378552221959954,0.004772846527791238,0.0004224778150020643,0.007260560794177578,0.00010412998160092507,0.26020440990949134,0.26020340820595295,1873
1.3780215352034586,0.004784355315439647,0.00038753870784291583,0.0072753046547393094,0.00010244729518716752,0.2601216251257971,0.2601207538382584,1874
1.3793499609107331,0.005279537742876681,0.0004324178424040616,0.007625250161598202,7.496410931087908e-05,0.25865818163997956,0.25865795387422236,1875
1.3787657218142324,0.005248428348965678,0.00039704785993674994,0.0076109775994881515,7.592520917075608e-05,0.2587135072829921,0.2587133370700207,1876
1.378384663969425,0.0047645517075321385,0.0004125335213035678,0.0072679692359000556,0.00010321073095952306,0.2601592682295293,0.260158296071178,1877
1.3778464850316052,0.004779280283430489,0.0003762887866965796,0.007285616653875857,0.00010228511970441846,0.2601136106166106,0.2601127697223123,1878
1.3793892043876523,0.005269870049441677,0.00043646143093954736,0.00763148449560075,7.549085568812235e-05,0.25868854738653835,0.25868832421886023,1879
1.3787850552004088,0.005237692312204823,0.00039961107596799884,0.0076158470799238985,7.632435883392415e-05,0.2587363813351939,0.2587362227367627,1880
1.378215265577955,0.004755998765075989,0.00040217132112896565,0.007276563880352466,0.00010265581381385588,0.2601319205392589,0.26013094308917306,1881
1.3776797838764536,0.004772269527926657,0.0003662991081169742,0.007295001810512837,0.00010119435156752948,0.2600595403258563,0.2600587116452107,1882
1.3794416341687594,0.0052549322821952,0.0004403736861725311,0.007637018240497375,7.512147039927096e-05,0.25866726429730114,0.2586670383383246,1883
1.3788267217931591,0.0052233513414400665,0.00040356808667834135,0.007620990536852542,7.6496143076976e-05,0.25874620735387494,0.25874604534862367,1884
1.3780417439267718,0.004747427264620972,0.00039105258678968197,0.007285546233511191,0.0001027956095149611,0.26013881696821484,0.2601378570492648,1885
1.3775200961525733,0.004765055115290004,0.00035630927916677224,0.0073047909227575555,0.00010083582048865512,0.26004170406298927,0.2600408739143534,1886
1.3795024474232929,0.00524378012543416,0.0004443478262420019,0.007643692014303809,7.460590193292424e-05,0.2586374708064875,0.2586372577078342,1887
1.3788860663231255,0.005210258600530349,0.00040761592025677,0.007627527385692137,7.596103209048419e-05,0.25871556263763185,0.2587154065340162,1888
1.3778637608240691,0.004739197573230482,0.00037999551705993355,0.007294825040829699,0.00010237884916945538,0.2601182433835847,0.26011730858302773,1889
1.3773673436466285,0.004755970867306897,0.0003467406798786896,0.007313542694566035,0.00010078066586543283,0.26003895740928473,0.2600381553391966,1890
1.3795639921457523,0.005232866310649735,0.0004490819137835687,0.007649755241019316,7.455786963635423e-05,0.25863468989810023,0.25863447712972076,1891
1.3789548100750424,0.005200874911784521,0.0004123019776264553,0.007634604298734107,7.562025778988784e-05,0.25869599090327766,0.2586958379066794,1892
1.3776828109395658,0.00473278269583286,0.00036877951137196947,0.007305220265392736,0.00010168174591859556,0.2600837367041487,0.26008281643667175,1893
1.3772178722882944,0.004747620236840581,0.00033751043688266526,0.007322715567387318,0.00010041341261431949,0.2600206493110137,0.26001986811555733,1894
1.379625431979186,0.005219108783048046,0.00045410848610916155,0.007655467400955411,7.457923548503716e-05,0.2586359270194367,0.25863570828077126,1895
1.3790248621610783,0.0051892220188098775,0.0004176469445844889,0.007641037162516779,7.55673973727895e-05,0.2586929510163574,0.25869279013317925,1896
1.3775060709168037,0.004725394018510135,0.00035777510924113443,0.007315243285415597,0.00010117136762247949,0.2600583978655887,0.26005751344687533,1897
1.3770730278045689,0.0047395256490523245,0.0003286657357933914,0.007331913608797664,9.984362223667489e-05,0.25999217805269076,0.25999141751756394,1898
1.3796882585241628,0.005206010431542124,0.00045884022974950584,0.007661651790947059,7.438607978208638e-05,0.25862473650508155,0.2586245167516343,1899
1.3790958465852752,0.005177565420079696,0.0004230004041061353,0.007648059159399607,7.54794858162061e-05,0.2586878930596668,0.258687727280751,1900
1.37733673601326,0.0047181877847369035,0.0003471035668177183,0.007325542794371904,0.00010089387893162557,0.26004459451305156,0.2600437491582127,1901
1.376936503486788,0.004730472674481056,0.00032032364067030117,0.0073406886152881795,9.948183737620035e-05,0.25997405822001257,0.2599733276888667,1902
1.3797456727451174,0.005192550778817902,0.00046302875983699,0.007667304923607837,7.406847187016044e-05,0.258606304193448,0.2586060806865032,1903
1.379160695660472,0.005165241371024706,0.0004275224838827948,0.007654703229440693,7.508447084057336e-05,0.258665129591678,0.2586649595922531,1904
1.3771796342012221,0.0047110968791153505,0.00033735229826956824,0.007335786286090672,0.00010039923284177453,0.2600199417584023,0.26001912969199725,1905
1.3768117417308607,0.004721207339243184,0.00031265707887491456,0.007349489707793511,9.936473505416457e-05,0.25996818614664496,0.2599674827012394,1906
1.3797913383526592,0.0051791628847785605,0.0004668900394907347,0.007672977476962701,7.403456019921863e-05,0.2586043338033353,0.2586041066740547,1907
1.379211684757991,0.005152967312157192,0.00043133074756264255,0.007661044151857334,7.483476204919616e-05,0.25865070875993385,0.25865053526640447,1908
1.3770413385857472,0.004702909693259407,0.0003289652954136449,0.007345330337667621,9.97995461640054e-05,0.2599899722804423,0.25998918730757287,1909
1.3767054959605085,0.004710944237436614,0.0003063639087497734,0.007357492407784359,9.908879493856221e-05,0.25995433548452945,0.2599536515465757,1910
1.379812225345267,0.0051643031404845505,0.0004693120790660325,0.007678365482603918,7.406929231198832e-05,0.2586063518584815,0.2586061237890839,1911
1.3792372975291605,0.005139665336394194,0.00043391887393594796,0.007667204086453643,7.484415232176737e-05,0.2586512514887597,0.25865107669518056,1912
1.376928928590256,0.004693535891269055,0.000322205284600413,0.00735420244996741,9.95265798978562e-05,0.2599763009125555,0.2599755341685001,1913
1.3766263939197405,0.004698798853963593,0.0003019907896478016,0.0073641623324966436,9.883814595696256e-05,0.2599417375723242,0.2599410601404859,1914
1.379785015539422,0.005147104107246607,0.00046845297951024186,0.007682527407737891,7.39605769216261e-05,0.2586000335418896,0.25859981086486433,1915
1.3792143557350363,0.005123905307945682,0.0004332821469672099,0.00767212173671,7.475330581947155e-05,0.2586459994112579,0.2586458278538457,1916
1.3768556062814243,0.004682281989668062,0.00031810412825570314,0.007361431090291234,9.94035392579772e-05,0.2599701323591002,0.2599693737194514,1917
1.376587969315851,0.004684097933514645,0.00030035003023159984,0.007368786016867463,9.893411268411993e-05,0.25994656285779766,0.2599458788516385,1918
1.3796747616175802,0.005126719551752031,0.0004625466003552068,0.007684721215245169,7.40141999565983e-05,0.2586031505831642,0.25860294212530544,1919
1.379109241925994,0.005104678700645611,0.00042747888517489184,0.007675064787753387,7.470840642759208e-05,0.25864340247978723,0.2586432427437755,1920
1.3768406199745642,0.004668070902158784,0.00031804439164239475,0.007366136658494571,9.938126513737255e-05,0.25996901525414484,0.2599682453137806,1921
1.37661019829119,0.004665644093043839,0.00030286544446634327,0.007370166179627336,9.934300195520499e-05,0.25996709596398093,0.2599663889473703,1922
1.3794318684986464,0.005100230842371148,0.000448779494216682,0.0076828927597667185,7.441212187665237e-05,0.25862624610573176,0.25862606077086847,1923
1.378876229070024,0.005080081950454422,0.0004139934297074377,0.007674147831836351,7.496467223858616e-05,0.2586582141483441,0.25865807475674124,1924
1.376910269572962,0.004650261892570413,0.00032373881255258724,0.007367258404533613,9.963788860885656e-05,0.25998187801011696,0.2599810725635622,1925
1.3767131757343187,0.004643535851548015,0.00031088162104475517,0.007367908345956682,9.999136526582514e-05,0.259999568253971,0.2599988143755996,1926
1.379031018556329,0.005064645535896919,0.00042574070945240787,0.007675404230852748,7.522903721872053e-05,0.2586734674276624,0.2586733156988119,1927
1.3785013355857159,0.005047082556098059,0.00039229148134141043,0.007667873190766881,7.566650675316759e-05,0.25869864970861384,0.2586985382733252,1928
1.377074538214046,0.004628809125834766,0.00033579296954664334,0.0073646508838791066,0.00010026749470314003,0.2600133658029226,0.26001250264939996,1929
1.3768935487937968,0.00461963239317801,0.00032407325636523197,0.00736311943153391,0.00010078030215779582,0.26003893929445715,0.2600381166235739,1930
1.3785266050486533,0.005022442051234064,0.0003966327109264137,0.007663037087894587,7.635752408500219e-05,0.2587382792405028,0.25873816773057373,1931
1.3780486334618054,0.005008495959083437,0.0003661770129400418,0.0076573374939428035,7.668221213672295e-05,0.2587568380216105,0.25875675755382493,1932
1.377294331716336,0.004606681653293893,0.00035147432118060875,0.007360578550890767,0.00010106345466316574,0.2600530321129083,0.26005210388709865,1933
1.3770980715590753,0.004597467413497377,0.0003387325609575008,0.0073588423271029385,0.0001015434426391581,0.26007687663113715,0.26007598656418995,1934
1.3780476195936973,0.004980033616274127,0.0003692069302438782,0.007649768634328877,7.756237483608645e-05,0.25880695037093354,0.2588068737227272,1935
1.377633645328269,0.00496949943508123,0.00034254994576272295,0.007646036764310762,7.773455943879952e-05,0.25881672044690085,0.25881666641109324,1936
1.3774890928168393,0.004586951841529917,0.00036539932225548903,0.007358112914173711,0.00010167317598235481,0.2600833117566777,0.2600823261821674,1937
1.3772484543536956,0.004580025409542312,0.00034961614123958353,0.007358193433776719,0.00010201096795411906,0.2601000479184071,0.2600991096325846,1938
1.3776963149137562,0.004944768134185303,0.000349436127541498,0.007640385368001954,7.857849644506406e-05,0.2588644512771555,0.25886439758753577,1939
1.3773316952005397,0.004935657870088866,0.00032584105676509653,0.007637448620918528,7.865537911793434e-05,0.2588687867895183,0.25886875010129695,1940
1.3775976287607823,0.004570737809789779,0.00037352496068076906,0.0073586739420927645,0.00010195824973032072,0.26009743778046296,0.26009641769031544,1941
1.3773025145860012,0.004567377130477887,0.0003540431021057803,0.007361715557251874,0.000102015754423619,0.26010028486843906,0.2600993253416,1942
1.3774904954417226,0.004918386435158409,0.00033819246766878745,0.007636663701747481,7.918271632719523e-05,0.25889846707737885,0.2588984264735203,1943
1.3771494378946214,0.004908124185566324,0.00031635210773319297,0.007632994905380386,7.935723619122172e-05,0.25890826785583043,0.2589082419897311,1944
1.3776094796186866,0.004557395144161671,0.00037513920336688976,0.0073622244772197,0.00010203414686232282,0.2601011953184919,0.26010015728535035,1945
1.3772691329350708,0.004557848695108069,0.0003526148190669916,0.007368384192123763,0.00010172492728027713,0.26008587761576935,0.260084914896834,1946
1.3773940595493688,0.004899123405556452,0.00033328357746350613,0.007637575338889938,7.93935437169834e-05,0.2589103054783202,0.25891027195244315,1947
1.3770557220312134,0.004886063818153617,0.00031204142044125174,0.007632095804402203,7.977742083626401e-05,0.25893182068988535,0.258931801297172,1948
1.377550084946885,0.004545969114110882,0.00037196836255196065,0.007367755185762377,0.00010196143381651286,0.26009759544725936,0.2600965521720551,1949
1.3771797508346604,0.00454985749830775,0.00034740145900602866,0.00737675803305081,0.0001013360517702641,0.2600665809374516,0.26006562543681583,1950
1.3773660844617004,0.004884229917275753,0.00033240133623220843,0.00764147665530656,7.939516021144809e-05,0.2589103961871203,0.2589103668067712,1951
1.3770198163269138,0.004867915438107174,0.0003110634375287567,0.007633922642324755,7.997448592407283e-05,0.2589428455160577,0.2589428303657156,1952
1.3774476783367962,0.004535579895743004,0.00036593699867759003,0.007374466722642303,0.00010176438162967351,0.26008783334664454,0.26008679109553173,1953
1.3770617420930482,0.004542276568718274,0.0003402664741564971,0.007385735215258274,0.00010090457116604306,0.2600451267371817,0.26004418458794654,1954
1.3773776647797416,0.004871710030466455,0.0003338782873540632,0.007646940699950199,7.929512623632004e-05,0.25890478108862425,0.2589047535955462,1955
1.3770206217697858,0.004852739436645886,0.0003121773223123947,0.0076376434636322285,8.003147250019696e-05,0.2589460311032433,0.258946018142251,1956
1.377321333213045,0.004525908057980813,0.0003583035095544736,0.007381880764338109,0.00010149511662315531,0.2600744784789663,0.26007344552042266,1957
1.3769307397799917,0.004534668908932318,0.0003322651885647849,0.007394805586312287,0.00010045570669806007,0.2600227594353082,0.26002183545003826,1958
1.3774135191608012,0.00486037072011915,0.0003368146900860448,0.0076532182607155315,7.912820258312727e-05,0.25889540345252127,0.2588953762605768,1959
1.3770466503308465,0.004839597005964592,0.0003147226587532951,0.007642716251777899,7.998485285615625e-05,0.25894342511883206,0.25894341273812643,1960
1.377181506750283,0.004516738994107789,0.0003497545639560216,0.007389747988890643,0.00010119140376514411,0.26005939380704146,0.26005838036427387,1961
1.3767950374795914,0.004526863461622204,0.00032394442530146023,0.007403705309448248,0.0001000229540788046,0.26000114763808657,0.2600002484684204,1962
1.3774646150790786,0.00484972166745686,0.0003406676572847206,0.007659838232643616,7.891867168737365e-05,0.2588836181642039,0.2588835896950109,1963
1.377090466871268,0.004828084327023232,0.00031824096129178886,0.0076487239303387414,7.984410652096866e-05,0.2589355529499281,0.25893553975105105,1964
1.3770342551317871,0.004508148986203304,0.000340688706208339,0.007397994443325829,0.00010085007937942319,0.2600424140215101,0.26004142996912044,1965
1.3766586137472683,0.004518911739058041,0.00031555931443580956,0.007412399379666594,9.962272448430385e-05,0.2599811183984714,0.2599802503234078,1966
1.3775258219709092,0.004839363106352911,0.0003451609195095017,0.00766652813442184,7.870097249687784e-05,0.25887135685771223,0.25887132571394494,1967
1.3771469080758223,0.004817577170066818,0.0003224570816155153,0.007655284269765205,7.96365163510458e-05,0.2589239294232443,0.25892391424452427,1968
1.3768838175744336,0.004500092800760617,0.0003313965177596899,0.007406543492551595,0.00010045647118647843,0.2600227975728575,0.2600218499671755,1969
1.376523886450793,0.004510940462972572,0.00030727292390010365,0.007420938405524269,9.923660654782172e-05,0.2599617572018104,0.2599609242833393,1970
1.3775936091988639,0.004829207237273365,0.0003500881939544236,0.007673179185776977,7.849452668456934e-05,0.25885971369089145,0.258859678752299,1971
1.3772119269523893,0.004807786015304407,0.0003271665959465903,0.0076621310329481095,7.940603951821301e-05,0.25891100665010486,0.25891098849688393,1972
1.3767334156111786,0.0044925032224505035,0.0003220845220028032,0.007415312236514245,0.00010002643852151638,0.26000132183871294,0.2600004149568467,1973
1.3763922165010722,0.004502998257455907,0.00029918169642307023,0.007429358173103656,9.884461674305122e-05,0.25994206300236783,0.2599412666386812,1974
1.3776661481723447,0.004819087537472935,0.0003553259431538492,0.007679754631475623,7.828814666082531e-05,0.2588480589205105,0.25884801961054044,1975
1.3772829274021414,0.004798312092152709,0.0003322386649194693,0.007669109498021697,7.916721965840425e-05,0.25889759628542475,0.25889757456558465,1976
1.376585472609293,0.004485214840282039,0.0003129095799910128,0.007424247249179507,9.958438489844558e-05,0.2599791976079465,0.25997833230410516,1977
1.376264746176044,0.004495071847362511,0.00029135711450367863,0.007437706241758102,9.845731367922246e-05,0.25992256588182827,0.25992180532974646,1978
1.3777421345450998,0.004809024743615492,0.0003607795282894535,0.007686280696729277,7.8076756422978e-05,0.2588361052745527,0.2588360613881711,1979
1.3773580216332768,0.004789033650886071,0.0003375484947676562,0.007676134222755059,7.891416776080789e-05,0.2588833646644055,0.2588833390876046,1980
1.3764419255582085,0.0044780852611848885,0.000304008819389067,0.007433258210080285,9.913047715496771e-05,0.2599564289358669,0.2599556038338847,1981
1.3761424975166656,0.004487055733306939,0.0002838708642456282,0.0074459681575550175,9.808361076893436e-05,0.2599037170178138,0.2599029898866384,1982
1.3778206804940158,0.0047989628656255655,0.00036640055752653206,0.007692825110553872,7.786631593340674e-05,0.2588241892507701,0.258824140956253,1983
1.3774358622942195,0.004779781092120162,0.0003430240846820829,0.007683224289844606,7.865324852591233e-05,0.2588686666712597,0.2588686372851072,1984
1.3763045281719006,0.00447092366766746,0.00029550774456791793,0.00744227700253699,9.867111888090399e-05,0.2599333337244303,0.2599325456358925,1985
1.3760268837533378,0.004478796095703057,0.00027682723061820243,0.007454069411078899,9.772674274663967e-05,0.25988568372681625,0.2598849866179535,1986
1.37790019250516,0.004788951040408943,0.00037207440975455295,0.0076994325497801025,7.765290779192539e-05,0.25881208873037065,0.2588120362629861,1987
1.3775146714360564,0.004770610202948397,0.0003485450771182311,0.007690402506905156,7.838658836521736e-05,0.2588536200712035,0.25885358696759897,1988
1.3761752758080867,0.004463553382249892,0.00028754447934186723,0.007451186376753737,9.822243703524217e-05,0.259910723335622,0.25990996857865506,1989
1.3759199034973353,0.004470031529047531,0.0002703735314439343,0.007461845420388573,9.740110027952244e-05,0.2598691995764359,0.25986852812183864,1990
1.3779777251232534,0.004778920218038468,0.00037759732786374226,0.007706149511666461,7.742757512550614e-05,0.25879929401290275,0.2587992377381142,1991
1.3775913750942617,0.004761448786880161,0.0003539011777530849,0.0076977252532495,7.810648517304498e-05,0.2588377873459959,0.25883775067844633,1992
1.3760570887874495,0.004455712502558848,0.0002803253475746727,0.007459814546753587,9.780412561344853e-05,0.2598895968377608,0.25988887128623644,1993
1.3758250154680338,0.004460347131492916,0.00026476019216609283,0.00746897133363076,9.714057501660331e-05,0.2598559918332253,0.25985534086482404,1994
1.378046516898615,0.004768855914447375,0.00038251257306662383,0.007712941712151499,7.718560400669239e-05,0.2587855337917905,0.2587854741074339,1995
1.3776590492960117,0.004752367517227486,0.0003586113182254218,0.007705185071665605,7.780214789893478e-05,0.25882055258467035,0.258820512554429,1996
1.3759552500622285,0.004447046533471822,0.0002742208195997555,0.007467822114034952,9.744190475468693e-05,0.2598712666236247,0.25987056492559724,1997
1.3757487188207214,0.004449046231904253,0.00026045409613715013,0.007474843429051258,9.700315624001354e-05,0.2598490180343024,0.25984838024575907,1998
1.3780904871147617,0.004758321491159044,0.00038579269329516383,0.007719549652370278,7.693862019245933e-05,0.25877146625100156,0.25877140398656023,1999
1.3777006940961036,0.004742955185660708,0.00036157621204297385,0.00771253932441361,7.747965933747482e-05,0.2588022530830166,0.25880221033210526,2000
1.3758810373402044,0.004436800869547121,0.00027001983725405247,0.007474491881474782,9.719458655734102e-05,0.2598587314882464,0.25985804474599206,2001
1.3757044729388919,0.0044349714989583774,0.00025840472016290105,0.007478363843963809,9.708800631038998e-05,0.2598533246323457,0.2598526878353589,2002
1.378071177707634,0.0047459916533119945,0.0003850548780910317,0.007724941856234066,7.675158887606408e-05,0.258760798415445,0.25876073612114614,2003
1.3776757160074955,0.004731893189568955,0.00036026678282626175,0.007718697346231267,7.720445852422774e-05,0.25878660676963683,0.2587865636381161,2004
1.375859200765313,0.0044234896958950925,0.00026943856224280287,0.007478262359921718,9.719356488433717e-05,0.2598586796724682,0.25985799029464896,2005
1.3757198253005403,0.004416379505433339,0.00026051234535495846,0.007477719310529222,9.75474044335642e-05,0.25987660895416864,0.25987595111412126,2006
1.3779105202822555,0.004727676534259465,0.0003756864443966748,0.007726150346149518,7.684186828092174e-05,0.25876594936563757,0.2587658940183897,2007
1.3775067337925366,0.00471503163280007,0.0003501141325793225,0.007720660511503465,7.719973856953678e-05,0.2587863381775081,0.2587863009783217,2008
1.375936847960057,0.00440476682427949,0.000275697404053643,0.007476600677678324,9.767149876731431e-05,0.2598828891912899,0.25988216336568193,2009
1.3758400996413163,0.004391871817593831,0.0002697966516691112,0.00747100715467003,9.853331884723056e-05,0.2599263950579871,0.2599256798089757,2010
1.3775252123786528,0.004696649649251489,0.0003531177881437952,0.007718159873924821,7.761170915060688e-05,0.2588097507995747,0.25880971361717076,2011
1.3771328992762328,0.0046868437390045195,0.0003278937277598294,0.007714162653994259,7.781502716583059e-05,0.2588212826258901,0.25882125982949816,2012
1.376158944358891,0.004380236512950585,0.0002917283015412178,0.007468428909834404,9.873659101549396e-05,0.2599366287550403,0.25993582276136623,2013
1.3760925336986427,0.004363462803973636,0.00028787623689987543,0.007459167102507314,9.99553223360192e-05,0.2599977658672335,0.25999695338939793,2014
1.3769758601032394,0.004652231885757729,0.00032144735171194254,0.007699935114328165,7.920433033334993e-05,0.25889968147370174,0.25889966675700704,2015
1.376651999159201,0.004649138079302403,0.00029987259329947744,0.0077001012726031015,7.903648974041725e-05,0.25889024688860873,0.2588902389792963,2016
1.3764704779872667,0.004355536145798231,0.0003135827467282152,0.00745863795008862,9.995002692358328e-05,0.2599975010339376,0.259996600081924,2017
1.3763916901903157,0.004338203629858007,0.0003087908451491939,0.0074486012157730696,0.00010126085108920344,0.2600628450792608,0.2600619322827771,2018
1.3764963271060582,0.004607637388210204,0.00029439207890222756,0.007680316380163244,8.098786638593708e-05,0.2589993258850837,0.25899932360953426,2019
1.3762757937339978,0.00461405431593282,0.0002784765716807833,0.007686992924347736,8.022603985479469e-05,0.25895689900885316,0.25895689778628334,2020
1.3766922619533855,0.004337384434591574,0.000329223951301578,0.007454391203025195,0.00010061636329230081,0.26003077082243936,0.26002981475152526,2021
1.3765521051156413,0.004321771205987811,0.0003202357404427643,0.007445972426499981,0.00010181720311280018,0.26009045108569484,0.26008949227707745,2022
1.3762610115269442,0.004577294458011388,0.00028175323451308304,0.00767035316213428,8.206847118781204e-05,0.2590591650381154,0.25905916498588344,2023
1.376119700756215,0.004590704996449526,0.0002702386038424442,0.007682169439378854,8.081532785768767e-05,0.25898973458216024,0.2589897344277462,2024
1.3766797052316444,0.004328273337668335,0.0003291122986273044,0.007459260119599397,0.0001003773552308234,0.2600188499954248,0.2600179084948355,2025
1.3764790884483054,0.004314389445597592,0.00031607238498729257,0.007452655243662683,0.00010144969162537295,0.26007222376763806,0.26007129021998804,2026
1.3762602255594831,0.004562741590542086,0.00028280619703748347,0.0076719844367465016,8.223154500560352e-05,0.25906816105975206,0.2590681610248198,2027
1.3761459650599734,0.004577413098120417,0.00027292486368732654,0.007684925363311856,8.08749032042329e-05,0.2589930474926041,0.2589930472008581,2028
1.3764822341407346,0.0043259832087570145,0.000316542973110701,0.007471260651015028,9.945803938091218e-05,0.2599728651540524,0.25997198588449,2029
1.3762685712138096,0.0043125252249205095,0.00030268267792781585,0.007465127258268502,0.00010050394119490578,0.2600251653948903,0.2600242928159526,2030
1.3763673752841175,0.004555016614138295,0.000290226914225495,0.007678828828676551,8.198361963658234e-05,0.2590544806386994,0.259054480298074,2031
1.376233813167189,0.004566549445404884,0.0002794636358557831,0.007689683026638948,8.084826700307482e-05,0.2589915664376723,0.2589915658282383,2032
1.3762644884895163,0.004324239782747586,0.00030252877608777796,0.00748406692869893,9.852941011120699e-05,0.2599261981700552,0.25992537626269435,2033
1.3760661466441537,0.004311056598326913,0.00028975767835494467,0.007478069495448822,9.952814157790162e-05,0.2599763791817423,0.25997555867155575,2034
1.376461659692116,0.004546793564275235,0.00029682932454698876,0.00768541481890456,8.174771973265878e-05,0.2590414445600611,0.2590414439873698,2035
1.3762890036587292,0.004553572119290086,0.00028409621746919804,0.007692987216392168,8.094979752754113e-05,0.2589972105414701,0.2589972101090818,2036
1.3761151394311502,0.004318896108203298,0.00029312297922820654,0.0074936259633975166,9.797372678706539e-05,0.25989816785001474,0.25989737226051773,2037
1.3759301734823157,0.004307066682583996,0.0002812567668431474,0.007488665902475105,9.881524535415052e-05,0.25994058576514234,0.25993979235755504,2038
1.3764950489081529,0.004535819447367253,0.00029968632030601486,0.007690135343255984,8.165366904750922e-05,0.25903624197592723,0.2590362416370745,2039
1.3762888339712271,0.004538154585229603,0.00028531161991806117,0.007694597223358714,8.116222425917008e-05,0.2590090079508884,0.25900900790672626,2040
1.3760304420092173,0.004310091329190545,0.0002881307424168765,0.007500043043496959,9.77342778876262e-05,0.2598860648332704,0.2598852712978271,2041
1.37584828120841,0.004300563661155222,0.00027639990575544133,0.007496967318597706,9.835028489224252e-05,0.2599171712142245,0.259916387353795,2042
1.376480202808052,0.0045228306653295955,0.00029957245254088726,0.007693481085809185,8.167688899704993e-05,0.25903752670795777,0.25903752665951013,2043
1.3762541668678374,0.004521652055647173,0.00028434318672400176,0.007695447576343851,8.142343064512924e-05,0.2590234932617656,0.25902349313922185,2044
1.3759786550315944,0.004299574368199566,0.0002853940387594329,0.00750489429274602,9.76430754081697e-05,0.2598814510780639,0.25988065079818495,2045
1.3757921700743132,0.0042926142397652295,0.00027329623828026175,0.007503961071484943,9.801915009415352e-05,0.259900462115182,0.25989968227318766,2046
1.3764466360695975,0.0045091981278900855,0.00029829114409102964,0.00769637112789497,8.174038705944312e-05,0.2590410390475566,0.25904103902813297,2047
1.3762111233869152,0.004505365668943225,0.0002827851079411635,0.00769640347522468,8.16734211138245e-05,0.25903733484572883,0.25903733413509206,2048
1.3759347048416781,0.004288706078259188,0.00028319131285598533,0.00750936229935895,9.758980943412127e-05,0.2598787554597794,0.2598779508646204,2049
1.3757418511394983,0.004284118980092907,0.00027059057089351695,0.007510422379263121,9.77422364127791e-05,0.2598864673373647,0.25988569404891054,2050
1.3764151740919406,0.004495899181343748,0.0002971106418575718,0.00769942510341898,8.178562989066097e-05,0.2590435407828273,0.2590435406346042,2051
1.376175425061269,0.004490019687838132,0.00028159748239031077,0.007697930707225259,8.186808527391697e-05,0.25904809843414167,0.2590480970383915,2052
1.3758858231870956,0.0042781068598997316,0.0002806489215995263,0.007513975609454101,9.751955181862927e-05,0.25987519882425814,0.2598743971056539,2053
1.3756878226737497,0.004275525358143661,0.0002676348051573646,0.007516725040107367,9.74829784612958e-05,0.2598733468723273,0.2598725857346172,2054
1.3763951076549592,0.0044833427139707935,0.00029660311705323017,0.007702900434526874,8.179093607336056e-05,0.259043834146719,0.259043833909449,2055
1.3761531307444927,0.004475881905141888,0.00028115486727903086,0.007700196122707895,8.199147318291484e-05,0.25905491431118566,0.259054912469904,2056
1.375827788172054,0.004267991274213125,0.00027747699941637146,0.0075189096559444245,9.741234521395022e-05,0.25986976925839456,0.25986897752722843,2057
1.3756272580607476,0.0042670170375147315,0.0002642333784271143,0.007523012322885429,9.722655910792079e-05,0.2598603528896242,0.2598596089217218,2058
1.376388739465619,0.004471597023533784,0.00029691588992218426,0.007706833581393155,8.175452925782464e-05,0.25904182112507346,0.25904182090996664,2059
1.3761450250337088,0.004462913111703709,0.0002815163679544395,0.007703178331843534,8.20455512077034e-05,0.2590578999336327,0.25905789798817613,2060
1.3757607607652094,0.004258350255165586,0.00027368658833682455,0.007524165022534854,9.726518030345664e-05,0.2598623111035627,0.2598615347019299,2061
1.375560568496061,0.004258625946148873,0.0002604132136492909,0.007529314193293545,9.696619664041992e-05,0.2598471415466835,0.25984641791179025,2062
1.3763953030855174,0.004460597917247318,0.0002980056520132878,0.0077111805064644205,8.168059083536272e-05,0.25903773150936465,0.2590377313862071,2063
1.3761497586539975,0.004450989403602488,0.00028261050385076236,0.007706794919171315,8.204056997944833e-05,0.25905762496350165,0.2590576231933886,2064
1.375686663721073,0.004249113044706309,0.000269406707017155,0.007529686103410161,9.708554868338869e-05,0.25985319992100986,0.2598524423052415,2065
1.3754894286463548,0.0042503168873588015,0.00025628785269101665,0.007535603877803304,9.670146073125555e-05,0.25983369008720814,0.2598329882760092,2066
1.3764129678771564,0.004450214149505927,0.00029976143089606796,0.007715862036451883,8.157221197507916e-05,0.25903173360850945,0.2590317335754215,2067
1.3761653936866134,0.0044399362724940475,0.0002843263773189992,0.00771094258624056,8.198385662074786e-05,0.2590544937252586,0.25905449228938504,2068
1.3756078021016933,0.004240190472458074,0.0002647931412674484,0.007535408582079308,9.688139329504281e-05,0.2598428346168694,0.2598420975450995,2069
1.375415752825004,0.004242030660187366,0.0002519869752712735,0.0075418425348122336,9.643764125153948e-05,0.25982026686254195,0.2598195870817075,2070
1.376439718008893,0.004440321321543536,0.0003020609826103304,0.007720807707786233,8.143440370557912e-05,0.25902410126857955,0.25902410126815256,2071
1.376189962244656,0.004429598454853767,0.0002865475605677052,0.007715528099949035,8.18809585959736e-05,0.25904880978891554,0.25904880874717584,2072
1.3755263739665375,0.0042314960291946644,0.0002599958148051621,0.007541270918640037,9.665714598087686e-05,0.2598314366183624,0.25983072080642716,2073
1.3753413387707412,0.004233692216316133,0.0002476340760478483,0.007547984499676759,9.618012011469276e-05,0.2598071463797933,0.259806488101429,2074
1.3764736351628608,0.004430804690035304,0.0003047883138134691,0.0077259685262439605,8.127268500101204e-05,0.25901513643829155,0.2590151363780486,2075
1.3762216328371417,0.004419827213088511,0.00028916666707735884,0.007720481060268768,8.173839306338205e-05,0.25904092877216617,0.2590409281180075,2076
1.3754443390716213,0.004222925827629037,0.00025515008827474965,0.007547210837821433,9.641775556267286e-05,0.25981925432824066,0.2598185599496441,2077
1.3752678147526827,0.004225202525764794,0.00024334365446787603,0.00755396838230277,9.59335279858271e-05,0.25979456624796765,0.25979392855695693,2078
1.3765128537449791,0.004421597677615671,0.00030782414362849305,0.007731325113924713,8.10887842497485e-05,0.25900493110744044,0.25900493086745685,2079
1.3762586062774207,0.004410539856368717,0.0002920718225939159,0.007725770025800157,8.156052742848386e-05,0.2590310867246685,0.2590310864050693,2080
1.3753635198649716,0.004214383210660591,0.0002503812102698973,0.007553168549501431,9.617136165355252e-05,0.25980669983498794,0.259806026777842,2081
1.375196763044484,0.004216435896576096,0.00023922838482669047,0.007559709791151238,9.570676451432779e-05,0.25978298341582606,0.25978236504810087,2082
1.3765553457037758,0.004412668687354292,0.00031103162699242556,0.007736891924090369,8.088007360006929e-05,0.25899333495429083,0.25899333438416955,2083
1.3762989032530208,0.004401689836357454,0.00029513073863902907,0.007731399217466678,8.13455406710864e-05,0.2590191762745323,0.25901917619073506,2084
1.3752857844796256,0.00420573838220046,0.00024582015494837206,0.007559054828635277,9.592674517209057e-05,0.2597942199879363,0.25979356779250307,2085
1.3751299716227579,0.004207199488389463,0.0002354184478954573,0.007565060876088253,9.551539816730789e-05,0.2597731979498682,0.2597725971023092,2086
1.3765983158563804,0.004404049772071431,0.0003142152606851687,0.007742719718654473,8.064114000775615e-05,0.25898004120300994,0.2589800401123869,2087
1.3763396853000047,0.004393314238010821,0.00029814367338609494,0.0077374192942520756,8.10875133732066e-05,0.25900486054157457,0.2590048605411418,2088
1.3752135435392583,0.004196816160073244,0.00024163662044661557,0.007564723351294006,9.569803034468398e-05,0.25978253700962506,0.2597819044748613,2089
1.37507000583954,0.004197176655870936,0.00023210277449244184,0.007569748999068667,9.538647510751428e-05,0.25976659997683504,0.25976601368263047,2090
1.3766366712669817,0.004395775956913294,0.00031702244380354814,0.007748855072259483,8.036362521157213e-05,0.25896457613117163,0.2589645742922942,2091
1.376375575460131,0.004385455670162558,0.0003007363213617864,0.007743875800225888,8.077653545428551e-05,0.2589875767287009,0.25898757659856453,2092
1.3751508098380298,0.004187296597258977,0.00023811555982645674,0.007569868859861784,9.551096724694225e-05,0.25977297125990567,0.25977235544944877,2093
1.3750214466005986,0.0041858305153035695,0.00022961614993576363,0.007573263241222215,9.536789114066122e-05,0.2597656485263735,0.2597650713854944,2094
1.3766590237343825,0.0043877547508684705,0.00031869684630213583,0.007755206382469012,8.004696130510573e-05,0.25894689674161414,0.25894689396312676,2095
1.3763943045120086,0.004378025549723621,0.0003020914707843327,0.007750660762587456,8.041167226183644e-05,0.2589672555590792,0.25896725506776597,2096
1.3751056646684958,0.004176575100023635,0.00023582796794882727,0.007573845776371444,9.542149707258952e-05,0.2597683927578998,0.2597677871143054,2097
1.374993585232638,0.004172272584241552,0.00022862264452240696,0.007574680564149683,9.554289623358789e-05,0.25977460465868507,0.2597740266984566,2098
1.3766385790975368,0.004379088340846232,0.00031756420479842924,0.0077610063641190994,7.974001011048907e-05,0.2589297262057965,0.2589297226772795,2099
1.3763674751357173,0.004370087575171459,0.0003004310145419251,0.0077569376910004975,8.004525964263208e-05,0.2589468016431925,0.25894680078514365,2100
1.375095315748921,0.004163459063058699,0.0002359813093470054,0.007575314368448596,9.554613773911286e-05,0.25977477046989406,0.2597741607278829,2101
1.3750052326926212,0.004155264917951424,0.00023042488605608694,0.007572557526809975,9.6036009196335e-05,0.25979979638545286,0.2597991996750121,2102
1.3765217852913665,0.004366576642935182,0.00031050518682554617,0.007763613720917921,7.964952892181814e-05,0.25892465847648066,0.25892465552733995,2103
1.3762427208792931,0.004358507569690085,0.0002927078778333056,0.007760047426131806,7.988708429532176e-05,0.2589379575013155,0.2589379569444802,2104
1.3751516431809125,0.004146266446852749,0.00024076610040066993,0.007572224882235549,9.60738375557999e-05,0.25980172625386977,0.2598010854537859,2105
1.375086881915313,0.00413398806846016,0.00023704618743010776,0.007565535775714656,9.695602955518536e-05,0.2598466252876397,0.25984598160591477,2106
1.3762540586628988,0.004344591214536716,0.00029469397258511233,0.00775839810313767,8.016840085596658e-05,0.25895368085515486,0.25895368025714427,2107
1.3759822608126986,0.004338619063625757,0.0002770937490565099,0.007756066116565299,8.027785616831667e-05,0.2589597910783855,0.2589597910458724,2108
1.375304090983841,0.004125007019990126,0.0002520801530672764,0.007564005799539472,9.706825599301045e-05,0.2598523223654634,0.2598516174641789,2109
1.375257158146665,0.004110153061817136,0.00024956516506497903,0.00755459458632778,9.821168111207151e-05,0.25991018068009214,0.25990946091716083,2110
1.375878613357401,0.004312227364776783,0.00027311594295487444,0.007744218446125077,8.143508086999157e-05,0.2590241387882718,0.25902413781001626,2111
1.3756536301749624,0.004311424205459774,0.00025795891327620507,0.007745505134560134,8.121413904804312e-05,0.25901188876141085,0.25901188592699764,2112
1.3755177340899893,0.0041040283732851944,0.0002673518957817607,0.007554765764755226,9.81542301521331e-05,0.25990728167320043,0.25990650271155036,2113
1.3754629545150625,0.004088733278298971,0.00026422349545822686,0.007544691623593705,9.93743948846475e-05,0.2599686706678798,0.259967873048751,2114
1.375549662312023,0.004278784501724229,0.00025473709041568893,0.007728194702861436,8.291152856697408e-05,0.2591055767838712,0.2591055685970727,2115
1.3753973956413894,0.004285747840363821,0.0002434511400657171,0.007735458122380516,8.213214833020294e-05,0.25906267887162526,0.2590626698339625,2116
1.375672054099905,0.0040882228990535155,0.0002784430860098006,0.007550229760025339,9.877538531538066e-05,0.25993858064893477,0.2599377586668971,2117
1.375577633544199,0.004073814930209103,0.0002725856898299914,0.0075410885290814285,9.994558193305684e-05,0.25999727872638634,0.25999644431327756,2118
1.3753887368990183,0.0042553231456537504,0.0002462740224733878,0.007719776338670058,8.380495660870021e-05,0.25915450471673374,0.2591544897585528,2119
1.3752976468864069,0.004268877322211031,0.00023824880843507262,0.007732418440770402,8.250215852900752e-05,0.2590830698846264,0.25908305792416064,2120
1.3756543366910965,0.004080038067351796,0.0002778843106828375,0.007553913466494245,9.857499756606402e-05,0.25992849422450676,0.2599276878574299,2121
1.3755202405013836,0.004066115576406561,0.00026937471173319204,0.007545524405382917,9.972453624960132e-05,0.2599862173143589,0.2599854051094355,2122
1.3754018535326897,0.004244133352058955,0.00024792851919579526,0.007721527441679926,8.386048349148887e-05,0.2591575369773476,0.25915752302590117,2123
1.3753361671711994,0.004259906888113719,0.00024128873586208403,0.0077361137436742005,8.236542938634599e-05,0.2590755401704993,0.2590755306363502,2124
1.375496813829561,0.004078289432909695,0.0002678254297282231,0.007564663041120486,9.767918133490493e-05,0.25988327786389237,0.25988253156970775,2125
1.3753631850601964,0.0040629572555556884,0.00025944159970712956,0.007555040813338111,9.899113345643502e-05,0.25994942880051086,0.25994866923668736,2126
1.3754885321752284,0.004237693001018533,0.0002539243855003684,0.007727308396307969,8.359268026211982e-05,0.2591429032731469,0.25914289275909086,2127
1.375409608892284,0.004252053351471679,0.0002465566389001694,0.007740879525645915,8.220486761019876e-05,0.2590666900029834,0.2590666828149171,2128
1.3753441658337726,0.004076596033953388,0.00025801996349254655,0.007575552146648261,9.68171345961823e-05,0.2598395698379646,0.25983887529545224,2129
1.375235661904767,0.004059184882633126,0.0002514531148303182,0.0075638438261814486,9.832597285920811e-05,0.2599159453840372,0.2599152229069864,2130
1.3755298115112455,0.004228644132793774,0.0002571976140851456,0.00773094652212771,8.34979970694629e-05,0.2591377238451084,0.2591377137678572,2131
1.375420389139628,0.004240579796442005,0.00024812026620387763,0.007742671446159784,8.230595202177972e-05,0.25907226278399054,0.2590722548592107,2132
1.3752771658890266,0.0040702957884991295,0.000254055053429118,0.007581682208073477,9.646894734822311e-05,0.25982186068666335,0.25982117891686984,2133
1.3751870377184197,0.004052199887611959,0.00024878025287314916,0.007569133261046329,9.801906490405744e-05,0.25990045781285176,0.2598997393998067,2134
1.37548372443862,0.004214790396192672,0.00025521636192973434,0.007730625380944697,8.372646982450228e-05,0.2591502169277292,0.25915020318692233,2135
1.3753562029730328,0.004225295322564147,0.00024514983236138355,0.007741304819162801,8.264948192910016e-05,0.25909117604763543,0.2590911641067356,2136
1.3752772163795945,0.004060487137564492,0.0002546951713468499,0.0075841644638846815,9.648775553141918e-05,0.25982281810538194,0.259822121683974,2137
1.3751881497740046,0.004043292585842645,0.0002494637852550064,0.007572321062469549,9.793975793887343e-05,0.25989645178530535,0.2598957190496917,2138
1.3753941671762275,0.00419846899841172,0.0002506341981272106,0.00772825863945293,8.414348526187815e-05,0.2591729758127817,0.2591729553824524,2139
1.3752673489497689,0.004208684786333105,0.0002406863406130278,0.007738824787652787,8.308280612394275e-05,0.2591149770226777,0.2591149589639639,2140
1.375291006589893,0.004050211543946823,0.0002562711307011683,0.00758616298781144,9.655036572675188e-05,0.25982600456578114,0.25982529049936,2141
1.3751909082518252,0.004034579589168603,0.000250246570010076,0.00757573706279675,9.785252227082865e-05,0.25989204338197264,0.25989129912106196,2142
1.375317140944408,0.004183050012343113,0.00024678180911241027,0.007726639786839395,8.451767132678961e-05,0.2591933492986392,0.2591933221781874,2143
1.375197866497323,0.004193099100705563,0.00023738462989390124,0.007737192119654053,8.345956996268168e-05,0.25913562094018144,0.2591355970780559,2144
1.3752816826369572,0.00404107995766849,0.0002562620801491813,0.007589421723896502,9.649167948057532e-05,0.2598230178397769,0.25982229781061583,2145
1.3751687071749021,0.004026976242882248,0.0002493326218243389,0.007580429699722695,9.764606820709752e-05,0.2598816025120978,0.2598808597003188,2146
1.3752735298398737,0.0041699139135187,0.00024488967851912433,0.007726945195248998,8.473710296885539e-05,0.25920527582253,0.2592052444173183,2147
1.3751587757827832,0.00417919411445661,0.0002359065224722837,0.007736966561584665,8.373349241877082e-05,0.259150600658906,0.25915057284296567,2148
1.3752432704127313,0.00403314869067194,0.0002542649818332608,0.007594016413167072,9.631023439983559e-05,0.259813777784311,0.2598130648861351,2149
1.375122253293928,0.004020332822371093,0.00024676931947788,0.007586225805116862,9.73351299052584e-05,0.25986585677502255,0.2598651271817851,2150
1.37525630281044,0.0041586225365551335,0.0002445427184218003,0.0077287991330059775,8.482470847794726e-05,0.2592100330334884,0.2592099997774829,2151
1.375140539791175,0.004166505728643319,0.00023567568533299605,0.007737733969120158,8.393262420153689e-05,0.2591614750014142,0.2591614447988866,2152
1.3751885807284252,0.004025785794319187,0.0002511545430412107,0.007599236508837258,9.607855557765201e-05,0.25980196692392155,0.2598012680036821,2153
1.3750649659304552,0.0040141030852241695,0.0002434611592985272,0.007592475887720509,9.698620831158388e-05,0.2598481576100093,0.25984744676551846,2154
1.375250484303366,0.004148248079758927,0.0002448516982788579,0.007731384810724324,8.484704606366209e-05,0.2592112456304054,0.2592112117761692,2155
1.3751299884081045,0.0041543975262050324,0.00023588860899637955,0.0077389178150564725,8.409520404077951e-05,0.2591703437253344,0.2591703117747617,2156
1.3751316049038471,0.004018361351947931,0.00024788931216127117,0.00760436561708447,9.58605493779126e-05,0.25979084007518827,0.25979015562871466,2157
1.3750083888697169,0.004007809987820742,0.0002401918075615462,0.007598617619859482,9.665374286922455e-05,0.25983126354388003,0.2598305715694265,2158
1.375245069486974,0.004138161779093996,0.00024515799145990416,0.0077341409352083305,8.48536375810126e-05,0.2592116034207413,0.25921156924846434,2159
1.375118811912275,0.004142514842273434,0.00023603396975365744,0.007740191627472781,8.424556559295774e-05,0.25917853831462057,0.2591785046520432,2160
1.3750793829041257,0.004010572341655395,0.0002449538488068779,0.0076090491618060535,9.5684132712669e-05,0.2597818266552147,0.2597811541985461,2161
1.3749573254680472,0.004001218175353129,0.00023729316016274412,0.007604372789992101,9.63583418555718e-05,0.2598162284944663,0.25981555307136206,2162
1.3752358128133773,0.00412812198470324,0.0002452060372018761,0.007736844681315235,8.486157033008864e-05,0.25921203399527426,0.2592119993758077,2163
1.3751045609113968,0.00413078262578543,0.0002359586804326738,0.007741478568654885,8.439048238663294e-05,0.25918642925116353,0.25918639373159325,2164
1.3750327566794416,0.0040024194096554885,0.00024240546013594932,0.007613267238771768,9.555090466247054e-05,0.25977501430497524,0.25977435107339136,2165
1.3749116326205124,0.0039943036712212126,0.00023475944618456582,0.007609706174950648,9.610071999033061e-05,0.25980309746918445,0.25980243609121784,2166
1.3752231678036622,0.004118123404304014,0.00024502500713352446,0.007739482101483822,8.486850834463657e-05,0.2592124105610115,0.25921237536520186,2167
1.3750882900968657,0.004119257878181666,0.00023572508085836823,0.007742821840978423,8.452343588647137e-05,0.25919366281122336,0.2591936253955032,2168
1.3749897491538934,0.003994029565363603,0.00024010755586832203,0.0076171426657935986,9.544787774375073e-05,0.25976974297224603,0.2597690872475667,2169
1.3748692569622158,0.003987135275311301,0.00023245273139079435,0.00761469122886142,9.587426908899777e-05,0.259791540690259,0.25979089174134645,2170
1.3752093886944814,0.004108244687565064,0.000244756030824959,0.007742117852250245,8.486846081149937e-05,0.2592124079811686,0.25921237226197935,2171
1.3750721107312711,0.004108025895224253,0.0002354630620026854,0.007744295086908989,8.463605345684075e-05,0.25919978551145845,0.2591997463737691,2172
1.3749480090381907,0.003985534607226703,0.00023789817798963568,0.007620810088257373,9.535928028316286e-05,0.2597652076415795,0.2597645589136864,2173
1.3748281287882236,0.003979797116856358,0.00023023289828551094,0.00761941713271131,9.566960573977558e-05,0.25978108407794226,0.2597804469537475,2174
1.3751966872794557,0.004098565887951744,0.00024453789160578136,0.0077448209107325245,8.485638643819656e-05,0.25921175262576,0.2592117166389813,2175
1.3750578420198496,0.004097156335297088,0.0002352866736525015,0.007745962472758174,8.472360009253981e-05,0.2592045423619287,0.2592045018852756,2176
1.3749058312081737,0.0039770324036748125,0.00023565928389246158,0.007624372991030653,9.527440855561879e-05,0.2597608610560554,0.25976021967949803,2177
1.3747868344668652,0.003972359826125126,0.00022800353476630104,0.007623958839731287,9.547842046427356e-05,0.25977130597536857,0.25977068073323445,2178
1.3751866012255876,0.004089141577132517,0.00024446664280602704,0.007747641284768179,8.482806726891869e-05,0.25921021537581607,0.25921017950954034,2179
1.3750466494065694,0.004086686598613248,0.00023526990965849585,0.007747864222686085,8.478342184038373e-05,0.25920779136603256,0.2592077500846403,2180
1.3748622989834958,0.003968577269995213,0.00023332716581765417,0.00762789427971384,9.51875780126177e-05,0.2597564121485625,0.25975577901717,2181
1.3747446479936813,0.003964867388549823,0.00022571477007819236,0.007628367926904696,9.529543258552757e-05,0.2597619379523498,0.25976132501580557,2182
1.3751799934307416,0.004079999622991367,0.00024459606495112876,0.0077506106604197595,8.478084962679826e-05,0.25920765168904636,0.25920761638243134,2183
1.3750391357719745,0.004076631034927958,0.00023545147162121964,0.0077500244840006585,8.481409732100885e-05,0.2592094569503858,0.25920941546282045,2184
1.3748170958279646,0.003960193496126478,0.00023087945086693756,0.007631409944239971,9.509620760797565e-05,0.25975172844207506,0.259751104667471,2185
1.374701351323928,0.003957338907150295,0.00022335149326081506,0.007632674372889891,9.511808846980396e-05,0.2597528502741406,0.259752250202121,2186
1.375177229927978,0.004071142116133866,0.0002449493909117749,0.007753742500664454,8.471355228783844e-05,0.2592039965388867,0.2592039622199215,2187
1.375035517526634,0.004066984348816281,0.0002358457782080302,0.007752453497825374,8.481474857586867e-05,0.2592094923082583,0.25920945119873223,2188
1.374770285126731,0.00395188953383612,0.0002283198770555665,0.007634941589640477,9.499877308530012e-05,0.25974673140520965,0.259746118031927,2189
1.3746570402982352,0.003949780495449903,0.00022091995837377978,0.007636897179330324,9.494550207391926e-05,0.2597439982591295,0.25974341153977765,2190
1.3751783623059164,0.004062556388533122,0.0002455307624824781,0.007757040962446887,8.462653211355829e-05,0.25919926802053067,0.2591992350703425,2191
1.375035770131512,0.004057727113892734,0.0002364525713689648,0.007755152021396654,8.478552138066222e-05,0.25920790537422395,0.2592078651809721,2192
1.3747221483749146,0.003943662571770783,0.00022566738946507145,0.007638501324913864,9.489404821427235e-05,0.2597413576165888,0.2597407555491017,2193
1.3746119822001954,0.003942188526098157,0.00021843844125070289,0.007641047701440541,9.477690049325815e-05,0.2597353428544278,0.2597347698386572,2194
1.3751832662306431,0.004054222919672755,0.0002463332572317831,0.007760507489543585,8.452059273594207e-05,0.2591935081843626,0.25919347692517036,2195
1.3750397336883196,0.004048833387336564,0.00023726347193333988,0.007758118061963085,8.472764412297588e-05,0.25920476203510856,0.25920472323986493,2196
1.374673081013699,0.0039355025772172215,0.00022294881910444488,0.007642096922529109,9.47818758406526e-05,0.2597355983812323,0.2597350083977025,2197
1.374566536159954,0.003934550789160802,0.00021593185025353093,0.007645130954093848,9.461184222984047e-05,0.2597268618901391,0.25972630280322523,2198
1.3751917058686836,0.004046119679628868,0.0002473421931555879,0.007764143565008739,8.439589538651123e-05,0.2591867238658028,0.2591866945647429,2199
1.3750471597874676,0.004040274674161671,0.00023826397938178062,0.007761349575402863,8.464203753016418e-05,0.2592001107346686,0.2592000737617221,2200
1.374623537977106,0.003927393029784653,0.000220195289245185,0.007645732799290462,9.466282129869347e-05,0.25972948206734014,0.25972890483230077,2201
1.374521111745599,0.003926845610371678,0.00021342893103374456,0.007649145985739145,9.445107403520073e-05,0.2597185942417204,0.25971804917956737,2202
1.3752033619347117,0.004038227152593211,0.000248536723231268,0.007767955773136302,8.425211212914614e-05,0.25917889492962776,0.25917886780249544,2203
1.3750577309917036,0.004032024487233795,0.00023943408868121505,0.007764848711640924,8.45287374828065e-05,0.25919395113554594,0.25919391635027333,2204
1.3745740060480884,0.003919309115041517,0.00021744060898581458,0.007649407702629384,9.453755166025863e-05,0.25972304230476545,0.25972247835516266,2205
1.3744761515887987,0.003919037959526711,0.0002109614456203977,0.007653081515467359,9.429653260538527e-05,0.2597106401748487,0.2597101090807959,2206
1.3752178320044928,0.004030535472903966,0.0002498892161096694,0.00777196138684977,8.408826097959477e-05,0.2591699651569455,0.25916994037569613,2207
1.3750710537959052,0.004024067188424616,0.00024074722386627218,0.007768628685656823,8.438696616303342e-05,0.25918623786775813,0.2591862055786056,2208
1.3745250025449913,0.003911216163734165,0.00021472121649865323,0.00765311191373022,9.440747210739209e-05,0.2597163507608254,0.2597158004500301,2209
1.3744321376717614,0.003911073524603643,0.0002085650246371672,0.007656908384773016,9.415167287573518e-05,0.2597031784934492,0.2597026610810191,2210
1.3752345990781054,0.004023053040591846,0.00025136164674077717,0.007776194987911132,8.390149295534445e-05,0.25915977581359634,0.25915975351578824,2211
1.3750866151420817,0.0040164067597202174,0.00024216597071384158,0.007772720809943634,8.421410232839735e-05,0.25917682419622373,0.25917679466366395,2212
1.3744771093365205,0.0039030627350773155,0.00021207887387020383,0.007656819314544627,9.427552584006745e-05,0.2597095584781218,0.2597090218916992,2213
1.3743896347985352,0.003902867329090113,0.0002062827882596158,0.007660567145289579,9.40227869459752e-05,0.259696534790634,0.25969603041161893,2214
1.3752529345524689,0.0040158227498448265,0.00025289678406310753,0.007780721756859449,8.368567649424048e-05,0.25914798756526486,0.25914796786842353,2215
1.3751036657850981,0.00400908317204331,0.00024363190294733166,0.007777187704817683,8.400413588083847e-05,0.25916537701793213,0.25916535047365435,2216
1.3744310645323188,0.00389476849426867,0.0002095675830427314,0.007660473158611029,9.414737459822208e-05,0.2597029570028019,0.2597024338502993,2217
1.3743494041169162,0.003894281866205958,0.0002041743176617322,0.0076639433286976475,9.392131870372083e-05,0.25969130118733913,0.25969080863819405,2218
1.3752716217583316,0.00400894255774504,0.00025439658777646974,0.007785651854214028,8.342961561246385e-05,0.2591339813669869,0.2591339643832582,2219
1.3751208975076972,0.004002193215911694,0.0002450408673205598,0.007782136535750028,8.374584328144582e-05,0.25915127550024836,0.25915125216086454,2220
1.3743879879731395,0.0038862012270953505,0.00020727008836419274,0.007663955347595134,9.4033952136437e-05,0.25969711050449756,0.25969659986269006,2221
1.374312676361451,0.003885089267745562,0.0002023361774085447,0.007666820531768132,9.386815348629362e-05,0.25968855786411443,0.259688075008076,2222
1.375201667708473,0.003998837767311869,0.0002503825572431114,0.00778767780844968,8.34069263058594e-05,0.25913273925533076,0.25913272107512814,2223
1.3749859825155326,0.003989159936173817,0.00023706652552776117,0.007781400475498996,8.395659804458366e-05,0.25916278331319603,0.25916275418299,2224
1.3744681772820522,0.003869689670211958,0.00021363110388960275,0.007658185739785415,9.477291493870262e-05,0.2597351381571451,0.25973457653481336,2225
1.3744128279043766,0.003866388604705817,0.00021015820910113599,0.007658453284920346,9.480844908152737e-05,0.2597369630317429,0.2597364142591715,2226
1.3749570469198598,0.003978613373206446,0.00023597744228284195,0.007780151414856376,8.414832973025626e-05,0.2591732398709647,0.25917320855921083,2227
1.3747913059706531,0.003971374025599404,0.0002256874647116403,0.007775847198492044,8.454436142527626e-05,0.2591948007822506,0.25919475874174414,2228
1.374551645075548,0.003854893390369811,0.0002200784868715206,0.007653653357652785,9.539386481510087e-05,0.2597669782847665,0.2597663738217002,2229
1.3744784621974149,0.0038518993455615848,0.0002154005898015014,0.00765426744093965,9.539920344099284e-05,0.2597672515807157,0.25976666446138885,2230
1.3748102136290283,0.003961864260211965,0.00022767597869774683,0.007775299428779793,8.468677156113933e-05,0.2592025415816034,0.2592024999879453,2231
1.3746751284644632,0.0039566621586953074,0.00021916927618602778,0.0077726832725130155,8.491801270272367e-05,0.2592150969990947,0.2592150461625298,2232
1.374594313117973,0.0038432553545187965,0.00022363800688310993,0.007652235848788056,9.56883926086018e-05,0.25978204439821256,0.2597814208700669,2233
1.3745095281932966,0.00384029975121502,0.00021817875058015746,0.007652910620763195,9.571907535089495e-05,0.2597836125920283,0.25978300839894986,2234
1.3747214712944733,0.003947937130150883,0.00022293159874526203,0.007772668284252776,8.506516571165074e-05,0.25922307788710747,0.2592230295957117,2235
1.3746053949555928,0.003944298085157269,0.00021549331843954945,0.007771384845845186,8.51565947608635e-05,0.2592280330927486,0.25922797703457895,2236
1.3746038280326895,0.0038336786742779235,0.00022488835976158185,0.007652905380821779,9.577531876774637e-05,0.2597864865384747,0.25978585877066734,2237
1.3745124083260913,0.003830635605722187,0.00021898838501398265,0.007653491944213951,9.582672246737958e-05,0.2597891124453333,0.2597885053466242,2238
1.3746690573357518,0.003936062666649541,0.00022036637213444197,0.007771715193223201,8.52908028852337e-05,0.25923530199209716,0.2592352503559192,2239
1.3745645256379468,0.003933500170415004,0.00021356963033318678,0.007771373351224215,8.529381730294227e-05,0.2592354651914748,0.2592354069053571,2240
1.374589028035076,0.0038254414056244374,0.00022445372350145872,0.007654977776615547,9.573682842512034e-05,0.2597845198362066,0.25978389699104243,2241
1.3744947533534237,0.0038223286599962554,0.0002183650750410967,0.007655483392174139,9.580267592014826e-05,0.2597878841390848,0.2597872813452993,2242
1.3746399934840334,0.003925766641246747,0.00021918030745371833,0.007772098172357946,8.540514243879872e-05,0.2592414902715308,0.2592414370365576,2243
1.374542007475832,0.003923784017557056,0.00021275174686970417,0.007772265175039787,8.535994365967836e-05,0.2592390445209274,0.2592389854550984,2244
1.3745581681648722,0.0038180191439547346,0.00022290987952466624,0.007657894113968709,9.561696099297025e-05,0.25977839255670226,0.25977777950894837,2245
1.3744638846419952,0.0038148438685476527,0.0002168236372983139,0.007658320129505595,9.569065483258208e-05,0.2597821600289804,0.2597815658610156,2246
1.3746255530756533,0.003916537598194014,0.00021884770447171427,0.0077733861910814234,8.54384586278734e-05,0.2592432926291378,0.25924323882976724,2247
1.374530788203681,0.00391481300715383,0.0002126089153233032,0.007773785352353926,8.53808504747495e-05,0.2592401758898167,0.2592401166024814,2248
1.3745182481098353,0.003811101954838392,0.00022073310922427738,0.007661338664542894,9.546174485544435e-05,0.2597704526433244,0.25976985098781424,2249
1.374426001996454,0.0038078302514313895,0.00021478914660176743,0.007661647302756517,9.554019833473326e-05,0.2597744666521879,0.25977388308773625,2250
1.3746193373848103,0.003907914505195861,0.00021899204055226914,0.007775195557796663,8.542086760589191e-05,0.25924234102410704,0.25924228734697724,2251
1.3745256678939328,0.003906205498987198,0.0002128255027339663,0.007775615258961946,8.536397295583396e-05,0.2592392625764091,0.2592392034225908,2252
1.374474698447044,0.003804363242059259,0.00021830420789376774,0.007664978273699838,9.528498959819917e-05,0.25976140305479695,0.25976081297774056,2253
1.3743856847435127,0.0038010280626168623,0.00021257806158263672,0.007665206176783682,9.537890596768169e-05,0.25976621246787523,0.2597656398236634,2254
1.374616832103727,0.0038996614972166663,0.0002193489031464601,0.007777336700168692,8.538756436944252e-05,0.2592405391817492,0.2592404859703057,2255
1.374522956089213,0.0038977997049976488,0.00021318314852127057,0.007777620086525899,8.533765915012531e-05,0.25923783844576886,0.2592377796759635,2256
1.374431247391039,0.003797589741759177,0.00021588228831351058,0.007668575174393452,9.510696340957134e-05,0.25975227990828664,0.259751701252675,2257
1.3743460016093443,0.0037942198851650096,0.00021040890328683453,0.007668746600765523,9.52116876079736e-05,0.2597576476472546,0.25975708579467355,2258
1.374614893638394,0.003891587667991209,0.0002197242866662623,0.007779633308672399,8.534269848451564e-05,0.259238111196804,0.25923805863034693,2259
1.3745202009422228,0.003889513269298745,0.00021353105761225542,0.00777972623346949,8.53138618225118e-05,0.2592365503204666,0.25923649204456195,2260
1.374389990644231,0.0037906845848078327,0.00021360936893781738,0.007672028748116506,9.495401202178046e-05,0.2597444349257297,0.25974386700994845,2261
1.3743086254241423,0.0037872915486010443,0.00020839766548959434,0.007672142802472618,9.505764069178787e-05,0.25974975080152246,0.25974919930995244,2262
1.3746115404300743,0.0038835677325284733,0.00021999494313391205,0.007781961562918149,8.528664298665484e-05,0.259235076772104,0.25923502503957124,2263
1.3745158843411078,0.003881265369236801,0.00021376809385393285,0.007781842911466668,8.528298268002867e-05,0.25923487859584676,0.2592348210118925,2264
1.3743519128148871,0.0037835860841138194,0.00021155619176062816,0.007675246041839507,9.482712636693164e-05,0.25973792207644586,0.25973736425840965,2265
1.3742742903969716,0.003780184269153171,0.0002065953771653405,0.007675319246786556,9.493169533701736e-05,0.25974328975947125,0.25974274779606654,2266
1.3746056728464549,0.003875567270406455,0.00022009745935473783,0.007784281150621162,8.523231488786063e-05,0.25923213490411945,0.259232083979629,2267
1.3745092205973737,0.0038730559461775398,0.00021384370316270118,0.007783962237967751,8.524823453898664e-05,0.2592329970507407,0.25923294014528137,2268
1.374317267991726,0.0037762913975714647,0.0002097411490942709,0.007678205800435758,9.472240601056725e-05,0.2597325436557237,0.2597319949237407,2269
1.374243171346399,0.0037728617531551266,0.0002050172959063652,0.00767822012148323,9.483221846235017e-05,0.2597381835299172,0.25973765019438305,2270
1.374596704204146,0.0038675368492753657,0.00021999828506972686,0.007786537616647183,8.51831593709476e-05,0.25922947232353766,0.25922942218030176,2271
1.3744997916441246,0.0038648695393575937,0.00021373372337108766,0.007786065481106958,8.521407251657513e-05,0.25923114686897436,0.25923109061092103,2272
1.3742860028209478,0.003768811889750727,0.0002081601243355907,0.0076809207199004985,9.464135637544848e-05,0.25972837891816764,0.25972783807482536,2273
1.3742151901624307,0.003765316015146781,0.00020365922851199174,0.007680836088215836,9.47594133386656e-05,0.25973444468568524,0.25973391874063784,2274
1.374584336351664,0.003859432920880916,0.00021968123805754064,0.007788688210919461,8.51401863058858e-05,0.259227143995077,0.2592270945151343,2275
1.3744873545928826,0.003856666683632494,0.00021342496722948887,0.007788112967482763,8.518091186162585e-05,0.2592293505655396,0.2592292948791801,2276
1.3742579973478515,0.003761150018179514,0.00020680560914218592,0.007683387333327516,9.458227352922329e-05,0.259725341820688,0.25972480763635597,2277
1.374190222918144,0.003757554755719567,0.0002025127454329028,0.007683170194413117,9.471330023571811e-05,0.2597320758441207,0.2597315558150846,2278
1.3745683785495824,0.0038512440657501364,0.00021913668912303087,0.007790714946314508,8.510708293531856e-05,0.2592253500169543,0.2592253009572486,2279
1.3744717320345656,0.0038484364596395875,0.00021290870427114223,0.007790086409097946,8.515262113140851e-05,0.259227817788156,0.2592277624984574,2280
1.3742331605143132,0.0037533154825508774,0.0002056711461686772,0.0076856065595881,9.454527168529459e-05,0.2597234392930328,0.2597229105261806,2281
1.3741681988519352,0.003749576517676298,0.000201573773897667,0.0076852078387950745,9.469227138496994e-05,0.25973099539538325,0.2597304798034264,2282
1.3745486131467757,0.0038429271923510265,0.00021835391937866441,0.007792568493124592,8.508499441131623e-05,0.25922415277471683,0.2592241037999302,2283
1.3744527288927608,0.0038401469766728975,0.00021217531941593518,0.007791947383476383,8.513108202076154e-05,0.2592266506393578,0.25922659544186766,2284
1.3742114551787599,0.0037453225148110524,0.00020475333437216882,0.00768758450232499,9.453095430859336e-05,0.2597227030350923,0.2597221782395338,2285
1.3741490967783083,0.003741392121554896,0.0002008400031387618,0.007686950838650633,9.469820215601372e-05,0.25973130012670526,0.2597307874455117,2286
1.3745248000581634,0.003834434281214134,0.00021732309662711392,0.0077941908218819396,8.507841321264847e-05,0.25922379603052065,0.2592237467603907,2287
1.374430125475134,0.003831748364303638,0.00021121503018729424,0.007793635194193778,8.511846334253599e-05,0.25922596679717286,0.25922591134894885,2288
1.3741929011418956,0.003737179256955107,0.00020405341592538245,0.007689313133911577,9.453661702870357e-05,0.2597229942419351,0.25972247199105547,2289
1.3741329239065025,0.003733023675598873,0.0002003104331494984,0.007688407042025613,9.473062436065286e-05,0.2597329658563386,0.2597324545002501,2290
1.3744967563034411,0.00382572510919976,0.0002160395042279059,0.007795529974812227,8.509497985369358e-05,0.2592246940249362,0.2592246439654238,2291
1.3744037684996322,0.0038232004592137496,0.0002100248057798313,0.00779509772931712,8.512194885116229e-05,0.2592261556918991,0.2592260995368633,2292
1.3741775082023637,0.0037289043420981587,0.00020357089276022995,0.007690795236687895,9.456127265450534e-05,0.2597242620622084,0.25972374089312084,2293
1.374119652042702,0.0037244996063040842,0.00019998175339113535,0.007689588521333462,9.4785151438938e-05,0.2597357666076657,0.25973525508128575,2294
1.3744644957509693,0.003816754457201085,0.00021450968176270945,0.007796528228919697,8.513887777146952e-05,0.2592270730880095,0.2592270216919733,2295
1.3743737227784703,0.0038144639845738883,0.00020861520487648524,0.007796285723585884,8.514732513533833e-05,0.2592275308254884,0.2592274734631914,2296
1.374165152696843,0.003720533010567555,0.00020329507472437728,0.00769205773169111,9.460449781242135e-05,0.2597264843500836,0.2597259629403074,2297
1.3741091044039782,0.003715872501060089,0.0001998388746696951,0.007690539176238385,9.485817716926135e-05,0.25973951626977754,0.2597390032405332,2298
1.3744284061045433,0.0038075008330107,0.00021276215588507107,0.007797151553921557,8.52125422063576e-05,0.2592310639801898,0.25923101065127024,2299
1.3743404079214145,0.003805515441730765,0.0002070168870754904,0.00779716441297601,8.519652223234613e-05,0.2592301962185181,0.25923013711626897,2300
1.3741554831028657,0.00371211291256975,0.00020319978243924197,0.0076931422611749255,9.466151807729051e-05,0.259729415094305,0.2597288923606128,2301
1.3741008691474457,0.003707211021768258,0.00019985021074291968,0.007691325392946893,9.4944269298024e-05,0.2597439350007081,0.2597434194150198,2302
1.37438937290495,0.00379798493135619,0.00021085457560849157,0.0077974115473927845,8.531697767471783e-05,0.25923671898861916,0.2592366631227814,2303
1.3743047079172346,0.0037963724628247942,0.00020528759902524237,0.00779774584986243,8.527008777990298e-05,0.2592341804065062,0.25923411904577043,2304
1.3741478151622148,0.003703712594546489,0.000203235529238377,0.00769412309787097,9.472545456611942e-05,0.25973270027105116,0.25973217552361516,2305
1.374094231041249,0.003698595178995305,0.0001999637769426441,0.007692034265079589,9.503493606485311e-05,0.2597485863623837,0.25974806762804103,2306
1.3743487585483976,0.0037882693217644765,0.0002088701184013601,0.007797364926312428,8.544785303292904e-05,0.259243800789336,0.25924374185349264,2307
1.374267908996959,0.00378709040623672,0.0002035065906362418,0.007798083063124155,8.536425541348799e-05,0.2592392778621215,0.2592392137937249,2308
1.3741411387902052,0.0036954118105531858,0.0002033306724673913,0.007695095649272585,9.478765415657644e-05,0.25973589513894724,0.2597353681075916,2309
1.374088187888198,0.003690110835760894,0.0002001083841429245,0.007692770471440878,9.512077254779552e-05,0.25975298787796824,0.25975246589530093,2310
1.3743082413965424,0.0037784605893214254,0.0002069075790333505,0.007797119725452588,8.559664298868382e-05,0.25925184538287815,0.25925178300780694,2311
1.374231523823206,0.0037777563404461025,0.00020176398577608314,0.0077982686836379775,8.547176776690801e-05,0.2592450942540846,0.25924502720799436,2312
1.3741342208127894,0.0036872868415637563,0.00020339920624941273,0.007696160257372708,9.483882800265016e-05,0.25973852288607724,0.25973799389062796,2313
1.3740815785642977,0.0036818355306180964,0.00020020303890117805,0.007693637218602908,9.519242148344302e-05,0.2597566603652809,0.2597561355763866,2314
1.3742694987361055,0.003768693138375614,0.00020506245609111507,0.007796816681027984,8.575193474857921e-05,0.2592602340547407,0.2592601680752364,2315
1.3741969923102741,0.003768475963504401,0.0002001429488104909,0.007798417985278328,8.55836069294497e-05,0.2592511408447526,0.25925107074102854,2316
1.374125828951916,0.0036793965503487697,0.0002033562776030436,0.007697404180519205,9.487100144932626e-05,0.25974017461082327,0.2597396444711114,2317
1.3740733031473764,0.003673819898435907,0.00020017258122188096,0.0076947142860248645,9.524199422697445e-05,0.25975920049117623,0.2597586738472462,2318
1.3742338746941816,0.0037590909525610935,0.00020340882205048208,0.007796593396293964,8.59013918195677e-05,0.25926830037383164,0.25926823087940454,2319
1.3741653994527872,0.00375934304271298,0.000198704194847199,0.007798640134498081,8.569087339840009e-05,0.2592569365018023,0.2592568634832338,2320
1.374114996067748,0.0036717748828899613,0.0002031358966191733,0.007698889047324577,9.487966683888875e-05,0.2597406194278849,0.2597400893767107,2321
1.3740625736073326,0.0036660868089606583,0.00019996376735138306,0.007696050196584362,9.52659874059904e-05,0.259760429673226,0.25975990247125347,2322
1.374202115966148,0.003749744034463994,0.00020198540765069682,0.007796554232018402,8.60355547944206e-05,0.2592755352834443,0.25927546256920647,2323
1.3741372642459746,0.0037504164484492776,0.00019747446426219344,0.007799007693527233,8.578651667791404e-05,0.2592621010941316,0.2592620254568845,2324
1.3741012613274557,0.003664419638392521,0.00020270779983516473,0.007700630803408229,9.48630298267568e-05,0.2597397653886917,0.25973923680803146,2325
1.3740491019727221,0.003658624393101172,0.00019955833985983528,0.007697649474191755,9.526436974635964e-05,0.25976034680461507,0.25975982044588874,2326
1.3741742863063857,0.0037406914672889232,0.00020079198996678018,0.007796751964376336,8.615008633938803e-05,0.2592817070811025,0.2592816315682661,2327
1.3741125022498286,0.003741715082947626,0.00019644586087277265,0.007799551199441015,8.586830436898048e-05,0.25926651522250843,0.2592664373432541,2328
1.374084758915813,0.003657299273099983,0.00020208257539969444,0.007702605093743806,9.482389399323306e-05,0.25973775610668254,0.25973723031205376,2329
1.3740331484151136,0.0036513930381981245,0.00019897573345446993,0.007699476622964966,9.524055027448885e-05,0.25975912651186,0.2597586022762753,2330
1.3741498312532443,0.0037319181485340113,0.00019979323667367337,0.0077971801157670235,8.624505705983635e-05,0.25928682168773776,0.25928674380900857,2331
1.3740905143423219,0.0037332164034911816,0.00019558089699174756,0.007800254177444897,8.593739197410197e-05,0.2592702422823841,0.2592701625086092,2332
1.3740661373032717,0.0036503568275249787,0.0002013062695286226,0.007704750994550525,9.476831231615673e-05,0.2597349017620188,0.25973437974172325,2333
1.3740153972771487,0.003644334618052344,0.00019826434284426066,0.007701467892053221,9.520067736926973e-05,0.25975708344584947,0.2597565622801684,2334
1.374127800404906,0.0037233715309047126,0.00019893186093109444,0.007797790041983028,8.632437095521182e-05,0.25929109094537406,0.2592910110569142,2335
1.3740704057191093,0.0037248738286647914,0.0001948253373404077,0.007801071207573863,8.599748186978555e-05,0.2592734827260197,0.25927340132290666,2336
1.3740463200470379,0.003643525680767557,0.00020044371017305433,0.007706989813054972,9.470414334621953e-05,0.259731605383811,0.2597310877275314,2337
1.3739967224208247,0.0036373868614462024,0.00019748526529176643,0.007703548365778329,9.515216195630439e-05,0.2597545969653443,0.2597540794114167,2338
1.3741071191023375,0.0037149826393627263,0.000198144260521072,0.0077985119818646895,8.639393623286425e-05,0.25929483384643665,0.25929475216412273,2339
1.3740512333146324,0.0037166330860628582,0.00019412257392570616,0.007801945520978038,8.605305480811993e-05,0.25927647857800146,0.2592763956781847,2340
1.3740262235615464,0.0036367428165731495,0.00019955919910034318,0.0077092439161432404,9.463862727502676e-05,0.25972823865224465,0.25972772551678824,2341
1.373977929109973,0.0036304943268318647,0.00019669480059157337,0.007705648683604564,9.510144613746033e-05,0.2597519970332984,0.25975148325330405,2342
1.3740868606792205,0.0037066859654012615,0.00019737623334449211,0.0077992773736171,8.645953967338226e-05,0.2592983622038175,0.2592982788103173,2343
1.3740322360138004,0.003708448994822685,0.00019342720082897422,0.007802827709860259,8.610818791638065e-05,0.2592794497636649,0.25927936539153695,2344
1.3740065273283142,0.0036299650370740007,0.00019870025267437156,0.007711457229884263,9.457725429883263e-05,0.25972508376821674,0.25972457500242496,2345
1.3739595722412208,0.00362362122959978,0.00019593159310540964,0.007707721363793995,9.505319770208055e-05,0.2597495229474103,0.25974901283104157,2346
1.3740664224770474,0.0036984348543155914,0.0001965930173952725,0.0078000354327093955,8.652549757552983e-05,0.2593019082760222,0.25930182314702344,2347
1.3740129659795584,0.0037002921759853942,0.00019271266544613742,0.007803684075136898,8.616529724064788e-05,0.25928252644707506,0.2592824405473626,2348
1.3739875704602043,0.003623171393072763,0.00019789068288607868,0.007713600549170664,9.452229262400717e-05,0.25972225758885287,0.25972175287388377,2349
1.3739418882582273,0.0036167518839272344,0.0001952122073277207,0.007709744197924142,9.500926718436941e-05,0.25974726972974327,0.2597467630390942,2350
1.3740455855012499,0.00369020784297787,0.00019578254742277267,0.007800761793166712,8.659397541214777e-05,0.25930558839688,0.2593055014595171,2351
1.3739933129600848,0.003692154100717062,0.00019197270017793413,0.007804503400347353,8.622538171638456e-05,0.25928576231207673,0.25928567480682685,2352
1.3739693691012955,0.0036163640039114987,0.00019713151309771286,0.007715673437356147,9.447366516789959e-05,0.25971975643562634,0.25971925545498903,2353
1.3739248382887088,0.0036098889388148404,0.00019453396646541214,0.0077117181916548086,9.496934625896285e-05,0.25974522171420245,0.25974471822270195,2354
1.374024444077645,0.0036820055146603295,0.00019495097229251646,0.0078014554852743785,8.666484316245097e-05,0.2593093954241106,0.2593093066060864,2355
1.3739734197493985,0.003684040941640313,0.00019121599945103732,0.007805290795421065,8.628773796467438e-05,0.25928911933202897,0.25928903015608595,2356
1.3739517235594458,0.0036095579136641753,0.00019640870568584008,0.007717692840804772,9.442943815334844e-05,0.25971748106009723,0.25971698358915113,2357
1.3739082151213977,0.0036030448078174107,0.00019388250149168752,0.007713658198871086,9.493181252586974e-05,0.259743295773293,0.2597427953475799,2358
1.374003268366546,0.003673843215872308,0.0001941144923215739,0.007802132104598301,8.673659672186008e-05,0.25931324845163384,0.25931315772232577,2359
1.3739535504141982,0.003675967978441134,0.00019045832981319215,0.007806062063509414,8.635088045915109e-05,0.2592925174446514,0.2592924265780842,2360
1.3739343547346015,0.003602772879032198,0.00019570263433546847,0.007719682582943578,9.438719307139488e-05,0.2597153071527047,0.25971481310934136,2361
1.373891768983651,0.003596234416776829,0.00019324044945888047,0.007715583074428925,9.489480902493692e-05,0.25974139666705637,0.25974089929151734,2362
1.3739823500775128,0.003665740611710728,0.0001932902742793479,0.0078028125956399646,8.680729646511118e-05,0.2593170433327913,0.2593169507110417,2363
1.3739339579327976,0.0036679507593146868,0.00018971465467686955,0.007806834097794808,8.641317788966288e-05,0.2592958688614708,0.25929577632630346,2364
1.373917023493141,0.0035960240205591813,0.00019499658335572897,0.007721661882509267,9.434482831629562e-05,0.25971312659838713,0.2597126360095686,2365
1.373875305483773,0.0035894680328664155,0.00019259438710770974,0.007717506657274422,9.48568133771258e-05,0.2597394462561855,0.25973895200614,2366
1.3739618941359617,0.0036577130957773,0.000192490190594266,0.0078035139496497345,8.687533031129918e-05,0.25932069366041494,0.2593205992094643,2367
1.3739148005211388,0.0036600002774481197,0.00018899424087265223,0.007807619280986297,8.64735510426068e-05,0.2592991156054007,0.25929902145791306,2368
1.3738995989522707,0.003589319028042571,0.0001942814071068689,0.00772364099969082,9.430138295208965e-05,0.2597108899155582,0.25971040286878977,2369
1.37385873575108,0.0035827495829050334,0.00019193819937471916,0.0077194348011809435,9.481724377194134e-05,0.2597374146348988,0.2597369236222582,2370
1.373941972548644,0.003649767307669891,0.00019171825248088406,0.0078042440263764975,8.693987805920812e-05,0.25932415562178196,0.2593240594239219,2371
1.373896115360032,0.003652119627939955,0.0001882991414521283,0.007808421624216436,8.653151025893495e-05,0.25930223146663933,0.2593021357729621,2372
1.3738820696960534,0.0035826566687200147,0.00019355642211716894,0.007725619209537884,9.425681893788712e-05,0.25970859510629046,0.25970811168515984,2373
1.3738420740771928,0.0035760762693136244,0.00019127298945342174,0.007721364833901834,9.477628458248602e-05,0.2597353112216552,0.25973482354445954,2374
1.373922540893521,0.0036419013747062677,0.00019097171209751101,0.007805001610885622,8.700100536547672e-05,0.2593274329461796,0.2593273350819333,2375
1.3738778439427417,0.003644306150045438,0.00018762578358204118,0.007809238781875393,8.65872820431094e-05,0.25930522874748974,0.2593051315678949,2376
1.373864509575714,0.0035760306353047684,0.00019282688929808038,0.007727589073773777,9.421191994817631e-05,0.2597062824988858,0.2597058027468456,2377
1.373825401135312,0.0035694416779305247,0.00019060445498236703,0.0077232890251944224,9.473467901914891e-05,0.25973317414922537,0.2597326898612735,2378
1.3739034880308583,0.00363410757056879,0.0001902440133964788,0.0078057790113064025,8.705931271769077e-05,0.2593305580067695,0.2593304585384635,2379
1.373859881093311,0.003636553329661462,0.00018696787054052672,0.007810064112153605,8.66413551334395e-05,0.25930813381583223,0.259308035192211,2380
1.373847024615388,0.003569432538570715,0.0001921003489257527,0.007729540397869521,9.416764699535145e-05,0.2597040015970398,0.25970352549949477,2381
1.3738088144226757,0.0035628385455842276,0.00018993946499219782,0.007725198448648919,9.469329186592226e-05,0.25973104782980344,0.2597305669334547,2382
1.3738846948883925,0.0036263767686865655,0.0001895282545642988,0.007806566925956617,8.711562654149555e-05,0.259333575228255,0.2593334741976049,2383
1.3738421257412727,0.0036288546721005826,0.00018631941462116116,0.007810890860877311,8.669431448456385e-05,0.25931097817012605,0.25931087812784176,2384
1.3738297050444321,0.0035628557934677873,0.00019138319180474688,0.007731464967974509,9.412482229569435e-05,0.25970179479764927,0.2597013222960516,2385
1.373792389039514,0.0035562614753233595,0.00018928330348938572,0.007727086354762385,9.465280386763598e-05,0.25972896725596484,0.2597284897148903,2386
1.373866076124387,0.0036187016125222094,0.00018881957323201037,0.007807357900489544,8.717061288796065e-05,0.25933652038438093,0.25933641781613503,2387
1.3738245131556142,0.0036212054385356255,0.00018567662137381995,0.007811714254182893,8.674653940160254e-05,0.2593137822285902,0.25931368078098344,2388
1.3738125987381429,0.0035562968575614455,0.00019067882982863347,0.007733358451587727,9.408382196326557e-05,0.25969968153927053,0.2596992125522736,2389
1.373776158820138,0.003549707727473046,0.0001886383822114704,0.007728949484948933,9.461350908268262e-05,0.2597269475727323,0.2597264733343478,2390
1.3738446102996635,0.003610850778507562,0.00018794304133531124,0.0078078884976193275,8.724854504123204e-05,0.25934069296365275,0.2593405881330005,2391
1.3738019590011006,0.0036132568147431254,0.00018474188975310045,0.00781212990752252,8.683497569402819e-05,0.2593185286228046,0.259318424528102,2392
1.3738028611856081,0.0035492565723199304,0.00019049219875118354,0.007734556860553157,9.410972841988306e-05,0.25970101687555913,0.2597005472046973,2393
1.3737679728117564,0.0035427130802754194,0.0001885513931956045,0.007730136742776991,9.463699229812016e-05,0.25972815461935717,0.2597276791720164,2394
1.3738187057061588,0.003602638561146104,0.00018681262292404108,0.007807945897395163,8.736754897306585e-05,0.2593470609804936,0.25934695261132834,2395
1.3737794086567927,0.003605315186842472,0.00018380807066360348,0.007812487998239438,8.692695183482525e-05,0.2593234624381088,0.2593233555915865,2396
1.3737898096282692,0.0035425224885945864,0.0001900670245048932,0.007736090736219653,9.41025015060402e-05,0.25970064438612406,0.25970017612298385,2397
1.37375392049845,0.0035361301497025114,0.0001880517513172374,0.00773182867092349,9.461285580418737e-05,0.2597269139918161,0.25972644075926726,2398
1.3737999145504698,0.003595012077811998,0.00018609196032325938,0.00780861038008248,8.74311115797339e-05,0.25935046050094507,0.25935035033384635,2399
1.373762944653116,0.0035978226397077283,0.0001832286878117893,0.007813310248241757,8.69752624228526e-05,0.25932605288548444,0.2593259447741775,2400
1.3737711904785526,0.0035362139959343123,0.00018924673067495005,0.007738134887180035,9.404236010925094e-05,0.2596975440246101,0.25969708044231027,2401
1.3737353704220912,0.0035298556030183103,0.00018723617726204233,0.007733892553135236,9.455149254064146e-05,0.25972375917742935,0.2597232908143575,2402
1.373770935922584,0.00358662808065167,0.00018478018137557006,0.00780833312280895,8.758272355070767e-05,0.2593585641821119,0.2593584493705305,2403
1.3737250377223296,0.0035888394743148625,0.00018139696754651598,0.007812311455545166,8.719132686371615e-05,0.25933762961697004,0.2593375142447176,2404
1.373765923626066,0.0035289386544565425,0.0001893701334240824,0.007738855209808179,9.411407575511198e-05,0.25970124093892694,0.25970077394412366,2405
1.373719881625803,0.003523420440591326,0.00018663240217751956,0.007735702162914116,9.451362438785818e-05,0.25972181178525167,0.25972134642121514,2406
1.373754766786922,0.003579336866503902,0.0001841987688226187,0.00780928288618889,8.761767188730123e-05,0.2593604311806295,0.25936031524500097,2407
1.3737108662831257,0.003581575694852282,0.00018094656129476492,0.007813307009486138,8.7223044807859e-05,0.2593393278563213,0.2593392116622448,2408
1.373740403146917,0.0035231151594451947,0.0001880619604261954,0.007741487423932017,9.399682959586115e-05,0.2596951962123446,0.2596947374965121,2409
1.3736915337265505,0.0035178233269315433,0.00018512695082738048,0.00773864807214254,9.436891201070983e-05,0.2597143662691248,0.2597139114153519,2410
1.3737201531422278,0.003570587854842829,0.0001825543986402653,0.007808471787884812,8.782109880434738e-05,0.25937129120262237,0.25937116853988595,2411
1.3736562548993954,0.003571223789481383,0.00017815800162996617,0.0078105480886192435,8.760175807572209e-05,0.2593595810844141,0.25935945097278545,2412
1.3736963227885448,0.0035185961818894767,0.0001854385724223857,0.007745903985488729,9.371330898125246e-05,0.25968056346403723,0.25968012361206394,2413
1.3736063833498016,0.003516563067096062,0.00017958568230624426,0.0077477163212886935,9.364636689713925e-05,0.25967710529534216,0.2596766996650684,2414
1.3736676704259585,0.003560481286265678,0.0001798664420992648,0.007806050929076424,8.818376177721194e-05,0.2593906209473715,0.25939048494706357,2415
1.3735710910283343,0.0035570632627803943,0.00017373907533124578,0.007803125876171734,8.842052168996743e-05,0.25940321868776683,0.25940305491780385,2416
1.3736386143272294,0.0035150472747868464,0.0001818393994925662,0.007751849348900952,9.329678335949294e-05,0.25965902600470114,0.2596586128389584,2417
1.373546332148674,0.003514988176423189,0.00017569887302621942,0.007756370066819526,9.297476468925172e-05,0.2596423422823115,0.2596419783473942,2418
1.3736102966588104,0.0035496548906879468,0.00017691722194761172,0.007802824079777723,8.862818226652181e-05,0.2594142542066019,0.2594140997213661,2419
1.3735278443207648,0.003545496226383718,0.00017180151389777288,0.007798906402377217,8.895777436560782e-05,0.2594317429124,0.25943155451475863,2420
1.3735843315160334,0.003511743449889809,0.0001784384213209091,0.007758241170814338,9.284266052077735e-05,0.25963548963575683,0.2596351033349107,2421
1.3735138780685165,0.003511625749438953,0.00017374617875966138,0.007762574183476469,9.254184557207045e-05,0.2596198672325594,0.2596195265940051,2422
1.3735607887813877,0.0035388856441270593,0.00017447320516130507,0.007799662933389154,8.907652512358624e-05,0.2594380360840371,0.2594378611756448,2423
1.3735024833323783,0.0035356358389046494,0.00017086701887766178,0.007796830249963081,8.930842021114009e-05,0.2594503132334934,0.25945010746412195,2424
1.3735400096017312,0.0035083430654363913,0.0001756927736006947,0.00776447325472019,9.240787237081229e-05,0.25961290135031106,0.25961253876419327,2425
1.3734929844588601,0.003507125733617369,0.00017263450876560193,0.007767180007776285,9.226016158794746e-05,0.25960521533272146,0.2596048870269586,2426
1.3735216397260623,0.003528493218139712,0.00017266963464722423,0.007796883598888093,8.949278913617995e-05,0.2594600628505407,0.25945986767411494,2427
1.3734845506316393,0.0035268422340467504,0.0001703164976324571,0.00779605610990527,8.954370257594998e-05,0.2594627534352296,0.25946253565265504,2428
1.3735055852275033,0.0035047173759468917,0.00017361062917463683,0.007770289904243476,9.201559629647076e-05,0.25959247602532687,0.25959213378909285,2429
1.373476928295488,0.0035019864750852215,0.0001718884450906942,0.007770814548713808,9.206879774203844e-05,0.2595952487066276,0.2595949270688832,2430
1.3734914333203512,0.003518573253173467,0.00017140656135410733,0.007794558367739701,8.986516362428103e-05,0.25947972381582296,0.2594795100212103,2431
1.3734697778549487,0.003518659707091905,0.00016991524719772358,0.007795969264783262,8.971269332285586e-05,0.2594716784849812,0.25947145265748955,2432
1.3734789990710778,0.0035008167515668738,0.00017206251682095897,0.007775596174786293,9.166923802552706e-05,0.2595744053614586,0.2595740810370058,2433
1.3734629905273072,0.003496554157864102,0.00017130449535285417,0.007773915262505311,9.192428713123793e-05,0.25958771542815273,0.2595873984063055,2434
1.3734679455009706,0.0035091412043777325,0.00017053878088928203,0.0077926808997679795,9.019336490507542e-05,0.2594970187377448,0.259496788821316,2435
1.373456433941045,0.0035107975433445113,0.00016957894692605936,0.0077961631546088084,8.98519202368316e-05,0.25947902527883704,0.2594787940945087,2436
1.373458102994362,0.0034966438033633626,0.00017090876166964096,0.007780374281333225,9.136822376171598e-05,0.2595586726987441,0.25955836443750446,2437
1.3734500479597103,0.0034910748715326016,0.00017079036767207083,0.007776775658243519,9.179610782998869e-05,0.25958102853716597,0.25958071607252464,2438
1.3734492314740216,0.0035002033439655625,0.0001699397463859287,0.007791224900866562,9.047705058559276e-05,0.2595119425243003,0.25951169920834666,2439
1.373443788100537,0.003503083577738028,0.00016927685506309346,0.00779637440143139,8.998509677463114e-05,0.2594860474790416,0.259485812418539,2440
1.3734411938581277,0.0034922124389120414,0.0001700380971518367,0.007784622668420305,9.111334885782198e-05,0.2595453312597218,0.25954503730494366,2441
1.3734376181019907,0.0034857156129507226,0.00017030144020873522,0.007779587378311856,9.166670739702572e-05,0.2595742732046368,0.25957396607133376,2442
1.3734338280151606,0.003491778416074804,0.0001695134447612453,0.007790185547667545,9.071514387095213e-05,0.2595244497936076,0.2595241956596478,2443
1.3734315316821057,0.0034954208722504125,0.00016899782990086292,0.007796444957273423,9.012491225203772e-05,0.25949341415150723,0.25949317570598696,2444
1.3734270234905634,0.0034875062204500545,0.00016937124743860143,0.0077883145738301945,9.090545814926306e-05,0.2595344353870202,0.2595341538341785,2445
1.3734255123898707,0.0034805531484681986,0.0001698188854610828,0.007782443659129036,9.15266910474217e-05,0.2595669582965236,0.25956665745022,2446
1.3734206706562546,0.0034838901768472173,0.00016918936637534443,0.0077895845320282535,9.090509135787696e-05,0.2595344161519139,0.25953415350050585,2447
1.3734195697508091,0.003487777893157305,0.0001687384801895334,0.00779631718618442,9.027707387826514e-05,0.2595014248341112,0.25950118270741496,2448
1.3734146801958067,0.003482493208505016,0.00016885236775892215,0.0077914168437148035,9.074822647178137e-05,0.2595261863550836,0.2595259149604488,2449
1.37341370360481,0.0034755941317436974,0.00016933985019299875,0.007785362981671856,9.137467244243115e-05,0.25955901001372167,0.2595587162091881,2450
1.3734089759056693,0.003476561866926871,0.00016891511979814585,0.007789459087636926,9.104243467884328e-05,0.25954161593645664,0.2595413469011766,2451
1.3734079271546378,0.0034801757422418486,0.00016849799477879044,0.0077960133883269245,9.04389445941143e-05,0.259509939252914,0.25950969276810826,2452
1.3734034892556701,0.0034771367229885345,0.00016844135340412424,0.007793899327323743,9.064528353843752e-05,0.2595207816663569,0.25952051790928793,2453
1.3734022483488189,0.0034707858878593504,0.00016887194909917823,0.00778830196205216,9.121685743205028e-05,0.25955075166843167,0.2595504652848724,2454
1.3733981677006022,0.003469805181220241,0.00016865275570874762,0.007789846586941026,9.112462218995792e-05,0.2595459217569577,0.25954564846447653,2455
1.3733966762116536,0.003472679790781336,0.00016827482489791877,0.007795620697548532,9.060189245284681e-05,0.2595185026371193,0.259518251188885,2456
1.3733929655212551,0.003471413285051131,0.00016810886484089674,0.007795745667028202,9.059733046718271e-05,0.2595182629963236,0.2595180042829478,2457
1.3733912166033273,0.003466028548668683,0.00016842781934144264,0.007791156571480214,9.106360206040747e-05,0.25954272508565596,0.2595424460587473,2458
1.373387850584495,0.003463607535055124,0.00016837782997035518,0.007790755360892398,9.115214044011553e-05,0.25954736300975906,0.2595470876195573,2459
1.3733858699486716,0.003465395518166798,0.00016806330913840588,0.007795277433177253,9.075398712854215e-05,0.2595264887093064,0.2595262320715674,2460
1.3733827996932375,0.0034653436823955603,0.00016783307548499588,0.007796984859162841,9.060215185013233e-05,0.2595185162630597,0.2595182600793821,2461
1.3733806335431862,0.003461200353668129,0.00016801959476077936,0.0077937872959141065,9.092857285279773e-05,0.25953564747947394,0.25953537521738296,2462
1.3733777987124056,0.0034579157425327733,0.00016807988351167378,0.007792138986813755,9.112974390093127e-05,0.2595461900201563,0.25954591462043486,2463
1.3733754993911982,0.0034584418286070545,0.00016785290525350618,0.0077951395645151625,9.088047873123606e-05,0.2595331253391129,0.2595328638875419,2464
1.3733728414400193,0.00345900263126703,0.0001675974333509366,0.007797705373122621,9.065158491655236e-05,0.259521112588167,0.25952085672687136,2465
1.373370457286403,0.0034561811936350403,0.00016765548071097548,0.007796050581952831,9.082627888195254e-05,0.25953028220368907,0.2595300155974299,2466
1.3733679257720148,0.00345262437018407,0.00016776171279073474,0.007793885525936203,9.106928818671075e-05,0.25954302301090754,0.25954274940501915,2467
1.3733654956929866,0.00345191889266652,0.00016763107292309314,0.007795346575528498,9.096823410583263e-05,0.25953772688358356,0.2595374616529595,2468
1.3733630530175018,0.003452517534330761,0.00016738778398239857,0.00779805993002702,9.073049575812473e-05,0.2595252556794096,0.25952499847822047,2469
1.373360603624633,0.0034508831428763003,0.00016733829108653753,0.0077978359214754,9.076707596354529e-05,0.2595271756551218,0.25952691319140303,2470
1.3733582244820506,0.0034475809737525066,0.0001674352546254638,0.007795820744661444,9.098866044921279e-05,0.25953879764169535,0.2595385270960983,2471
1.3733557723124763,0.003445880229036096,0.0001673882021647821,0.007795984540745035,9.101023539271847e-05,0.25953992847943413,0.2595396610184508,2472
1.3733534407213632,0.003446057730225917,0.00016718942428832153,0.007798255829870696,9.081932065711647e-05,0.25952991713799844,0.25952965765896074,2473
1.373350995710898,0.003445284453339065,0.0001670654528298923,0.007799108084620806,9.075397647468825e-05,0.25952648815013635,0.2595262281084802,2474
1.373348700703782,0.003442608457104347,0.00016711569402796505,0.0077977338661172095,9.09085932509313e-05,0.25953459979500615,0.25953433284371813,2475
1.3733462702935766,0.00344030497287262,0.00016712244566314313,0.007797049443706298,9.100788985298395e-05,0.25953980554586853,0.25953953761622,2476
1.3733440021507721,0.003439797721740839,0.0001669869991091803,0.007798513808478672,9.089731075801418e-05,0.25953400811610805,0.2595337462462616,2477
1.373341594415714,0.003439445757102706,0.00016682933419427478,0.00779993088274165,9.0780620988942e-05,0.2595278864911869,0.25952762723628536,2478
1.3733393425799028,0.0034375448369823552,0.0001668162677760178,0.007799426706311376,9.084852412681803e-05,0.2595314492144069,0.259531185609316,2479
1.3733369666077704,0.0034350919101645808,0.000166840771224135,0.007798437713812295,9.097242302376944e-05,0.25953794647834477,0.2595376796515663,2480
1.3733347203656456,0.0034338723463680893,0.00016676796870000114,0.007799014380011005,9.094783243896481e-05,0.2595366572990207,0.2595363936886099,2481
1.3733323848485002,0.003433501663331168,0.00016661712208261602,0.007800460715005609,9.083158809184121e-05,0.2595305607438304,0.2595303010596297,2482
1.3733301355425618,0.0034322874614414363,0.0001665451975932815,0.007800766176716894,9.082088551791705e-05,0.2595299992401845,0.2595297381160319,2483
1.3733278457328069,0.0034300792114285777,0.00016655566085479372,0.0077999653482212295,9.092240690249348e-05,0.259535324163472,0.2595350594474314,2484
1.3733255897141332,0.0034283369501767152,0.0001665274380090733,0.007799845819715572,9.096349452509727e-05,0.25953747841544594,0.2595372141898123,2485
1.3733233450083813,0.0034276270274091534,0.00016641208092536787,0.007800909717499501,9.088662861024979e-05,0.2595334478867957,0.2595331872003275,2486
1.3733210853711406,0.003426828213231412,0.00016630386442317645,0.007801729450458449,9.082740151640682e-05,0.2595303411017868,0.2595300813028112,2487
1.3733188785275265,0.0034250907958041986,0.00016628011942393378,0.007801421761841334,9.087836752314234e-05,0.2595330146083567,0.25953275226120975,2488
1.3733166244066701,0.003423146202427947,0.0001662701903933795,0.007800973413820223,9.094845002726354e-05,0.25953668967867066,0.2595364260306326,2489
1.3733144435443057,0.0034219790399596926,0.00016619854720652144,0.007801477473824216,9.092672656540204e-05,0.25953555066922734,0.25953528910628254,2490
1.3733122071165904,0.0034212566645479255,0.00016608558219873584,0.0078024132982698995,9.085826563040018e-05,0.25953196021972397,0.2595317007050054,2491
1.373310039595798,0.003419997368920817,0.00016602370955173045,0.007802644615430037,9.0855952909814e-05,0.2595318389049445,0.2595315785016934,2492
1.3733078315297942,0.0034181710877506906,0.0001660075557451518,0.007802255954599346,9.091720980221181e-05,0.2595350516412976,0.2595347894202538,2493
1.3733056684119305,0.0034166402934423436,0.00016596866922770568,0.0078022803284710915,9.094120250489164e-05,0.25953630969006836,0.25953604790019263,2494
1.3733034940366557,0.003415722867075323,0.00016587685440033523,0.007802994209629515,9.089593853143593e-05,0.2595339361510048,0.2595336763416824,2495
1.373301333006231,0.00341476405991637,0.00016578986933901116,0.007803579734012235,9.085975349401288e-05,0.2595320382654505,0.25953177901065383,2496
1.3732991906404908,0.0034132524284362876,0.00016575170722386807,0.007803506587003649,9.08882704367887e-05,0.25953353399515566,0.25953327346527627,2497
1.373297036020682,0.0034115893429700014,0.0001657253559825448,0.007803310415332245,9.093178923183086e-05,0.259535816128252,0.2595355549167769,2498
1.3732949185107677,0.003410371769766187,0.0001656633479544397,0.007803652104476713,9.092320812865968e-05,0.2595353661769572,0.25953510607987496,2499
1.3732927784764832,0.0034094594989150196,0.0001655740495868849,0.007804298111201841,9.088225415086367e-05,0.25953321845710375,0.2595329595969192,2500
1.373290676968814,0.003408271637283888,0.0001655112157139482,0.007804578072210539,9.0875614249743e-05,0.259532870199984,0.25953261107138753,2501
1.3732885591911226,0.003406716517750415,0.00016547871627782537,0.0078044489151483445,9.091059870698844e-05,0.2595347049617169,0.2595344449021939,2502
1.3732864673554368,0.003405276033195853,0.0001654379466436672,0.007804487368897108,9.093087460602568e-05,0.2595357681707362,0.2595355082343738,2503
1.373284375467257,0.0034042138792079474,0.0001653649931084799,0.007804951556138658,9.090849426992932e-05,0.259534594604383,0.25953433575921514,2504
1.3732822919994663,0.003403204258773717,0.00016528838678854475,0.0078054310782514034,9.088262312623251e-05,0.2595332378091723,0.2595329795138124,2505
1.3732802244397402,0.0034018859359046666,0.00016523943034066108,0.007805537155176364,9.089328573256934e-05,0.2595337970259792,0.25953353823654446,2506
1.37327815266695,0.0034004061858010364,0.00016520390864329217,0.007805479223542367,9.09215746241322e-05,0.2595352805215228,0.25953502129305184,2507
1.3732761044266206,0.003399144280157659,0.00016515131603136952,0.007805685018034827,9.092446545518294e-05,0.25953543210636953,0.25953517336089854,2508
1.3732740495883702,0.003398121853295079,0.0001650780225021198,0.0078061422805119005,9.090135690721936e-05,0.25953422030934986,0.259533962367986,2509
1.3732720155103908,0.003397011326384984,0.00016501386141851436,0.007806467510966839,9.089013986911585e-05,0.25953363203973784,0.2595333742391053,2510
1.3732699813847007,0.0033956583642288487,0.00016497050601704257,0.007806512892196532,9.090697437601358e-05,0.25953451489987894,0.2595342566888442,2511
1.3732679590019523,0.0033942899313561146,0.0001649292016038649,0.007806556049294436,9.092501956736594e-05,0.25953546116175646,0.2595352028798692,2512
1.3732659460037628,0.0033931381099732414,0.00016487009979552857,0.007806845170396517,9.091862686518744e-05,0.25953512594909933,0.2595348682134944,2513
1.3732639363193833,0.003392100088733152,0.00016480168567564496,0.007807240603013889,9.090066838597255e-05,0.25953418420138674,0.2595339269827777,2514
1.3732619419185585,0.0033909256790909414,0.0001647461026838638,0.007807462325110502,9.089942206057133e-05,0.25953411884027944,0.2595338615951916,2515
1.3732599479078877,0.00338959758979072,0.0001647037165336192,0.007807511791085242,9.09157804715862e-05,0.25953497668961945,0.25953471920339816,2516
1.3732579688120359,0.00338833049391959,0.00016465712356330368,0.007807637591546441,9.092506569243343e-05,0.2595354635803632,0.259535206223849,2517
1.3732559930098691,0.0033872344816590124,0.00016459626124222664,0.007807949164574237,9.091552586328414e-05,0.2595349633383293,0.2595347064617072,2518
1.373254027398065,0.0033861683105516453,0.0001645336885113894,0.007808275624242721,9.090377448747717e-05,0.2595343470928783,0.25953409053626086,2519
1.3732520702443212,0.003384970359613507,0.0001644830493198444,0.00780844237682831,9.090775289280348e-05,0.2595345557260317,0.2595342991147035,2520
1.373250118541663,0.003383692438340229,0.00016443964054465454,0.007808520676812405,9.092093754928256e-05,0.25953524711527093,0.25953499041084016,2521
1.373248178528491,0.003382501845918208,0.00016438961112484404,0.007808698222446778,9.092440540288657e-05,0.2595354289574663,0.2595351724628862,2522
1.3732462424756784,0.003381430201361726,0.0001643298180126642,0.007808999732245337,9.091512018110043e-05,0.2595349420649053,0.2595346859570006,2523
1.3732443176300282,0.0033803438672252756,0.00016427215754965705,0.0078092705874089445,9.090843654611742e-05,0.25953459157731035,0.25953433568100537,2524
1.3732423985969002,0.003379151407392972,0.00016422403571976133,0.007809415139165815,9.091433969096034e-05,0.2595349011369264,0.2595346452143885,2525
1.3732404879678848,0.00337792785687206,0.0001641791791569168,0.007809524382295326,9.092399848865399e-05,0.25953540762047717,0.2595351517037341,2526
1.3732385859497411,0.0033767904809007014,0.00016412762269792878,0.0078097273070562205,9.092428017506942e-05,0.25953542239101496,0.2595351666999441,2527
1.3732366899854351,0.003375729688555643,0.00016407005228885689,0.007810006515951088,9.091660725051826e-05,0.25953502004457873,0.25953476466254966,2528
1.3732348038865827,0.0033746366656257736,0.0001640160015526492,0.007810239060451426,9.091333298842241e-05,0.25953484834637774,0.2595345931267943,2529
1.3732329236130487,0.003373465984812991,0.0001639690490625483,0.007810378991863501,9.091933716590426e-05,0.259535163195557,0.25953490799024764,2530
1.37323105233551,0.003372291590572125,0.00016392307935201173,0.007810512194736756,9.092610666734285e-05,0.25953551816459614,0.2595352630214695,2531
1.3732291882824237,0.003371190995322745,0.00016387138501517372,0.007810723054292025,9.092500174610272e-05,0.25953546022728335,0.2595352052990024,2532
1.3732273315520611,0.00337013795082318,0.0001638162286467396,0.0078109786579293305,9.091916716466273e-05,0.25953515428111484,0.25953489960793763,2533
1.3732254833544697,0.003369050160613684,0.00016376470348997073,0.007811187150101261,9.091788924828007e-05,0.2595350872700925,0.2595348327417473,2534
1.3732236416315955,0.0033679083559311233,0.00016371829957638495,0.007811329847404083,9.092319948790263e-05,0.25953536572386726,0.2595351112444752,2535
1.373221808511068,0.0033667755549931454,0.00016367177825480617,0.007811478429132638,9.092792071461846e-05,0.2595356132846618,0.25953535889584106,2536
1.3732199822898543,0.0033657019309017004,0.00016362076136723034,0.007811687477653278,9.092645999236878e-05,0.25953553669136503,0.2595352824991391,2537
1.3732181637807936,0.0033646581282384905,0.00016356781190326932,0.0078119225705757835,9.092221015723112e-05,0.2595353138468134,0.2595350598748023,2538
1.3732163530359907,0.003363583887683529,0.00016351806618319735,0.007812116721765558,9.092195563112609e-05,0.2595353005003055,0.25953504666935384,2539
1.3732145492290453,0.0033624727934735495,0.00016347200873341163,0.007812264096773156,9.092635545895592e-05,0.25953553121010864,0.2595352774530979,2540
1.3732127534991156,0.003361374840799551,0.00016342545201262706,0.007812420967910337,9.092974726623973e-05,0.25953570905943757,0.25953545540556583,2541
1.37321096470025,0.0033603230439604513,0.00016337551170483557,0.007812623584174833,9.092843357953226e-05,0.25953564017670194,0.25953538670152615,2542
1.3732091835671882,0.0033592912259424426,0.0001633244685684061,0.00781284216158035,9.092539290759735e-05,0.2595354807381483,0.25953522746074226,2543
1.373207409836469,0.003358235500476671,0.00016327604323822687,0.007813027819889462,9.092557038453766e-05,0.25953549004427867,0.25953523690912417,2544
1.3732056432285675,0.0033571545041177204,0.00016323033143308128,0.00781317939429181,9.092910399116374e-05,0.25953567532958016,0.2595354222853557,2545
1.3732038842971388,0.0033560864011561017,0.00016318411747099685,0.007813339637412887,9.093168149895964e-05,0.25953581047939606,0.25953555754301083,2546
1.3732021323607113,0.003355054075355365,0.00016313540704988668,0.007813534115786022,9.093071689523062e-05,0.25953575990129946,0.25953550712823337,2547
1.3732003879099595,0.003354036753419214,0.00016308600125227476,0.00781373963823347,9.092855078778515e-05,0.2595356463224988,0.25953539373191375,2548
1.3731986506875742,0.003353002106557482,0.00016303863740289162,0.007813919994478826,9.092883653405877e-05,0.2595356613055445,0.25953540885947846,2549
1.3731969206001455,0.0033519497545537336,0.00016299334307458063,0.00781407455392354,9.093162995918593e-05,0.2595358077769629,0.2595355554335064,2550
1.3731951979157146,0.003350908146557541,0.00016294771234930707,0.007814235123735372,9.093371980977893e-05,0.25953591735543985,0.2595356651211578,2551
1.373193482239265,0.0033498943820739306,0.00016290026030434736,0.007814421201020818,9.093315311288219e-05,0.2595358876415823,0.259535635557812,2552
1.3731917738573982,0.0033488933615543445,0.00016285228958114645,0.007814616213070797,9.093161580694638e-05,0.25953580703490514,0.2595355551220144,2553
1.3731900725938255,0.003347880848248186,0.0001628058541004438,0.007814792830962756,9.093185586759007e-05,0.2595358196222239,0.2595355678555998,2554
1.3731883783985186,0.0033468556130825367,0.00016276105834066415,0.007814949174226154,9.093403993049928e-05,0.25953593414042375,0.25953568248483083,2555
1.3731866914105144,0.0033458383980183933,0.0001627161449366849,0.007815108390011254,9.093582903815374e-05,0.25953602794868774,0.2595357764025433,2556
1.3731850113954045,0.003344842952516186,0.00016266992386966772,0.007815286426333008,9.093563900787259e-05,0.2595360179848757,0.2595357665785703,2557
1.3731833385045893,0.0033438593199875575,0.00016262324995898537,0.007815472610139337,9.093456794732362e-05,0.2595359618260207,0.25953571058072245,2558
1.3731816726356454,0.0033428691086954333,0.00016257768422031226,0.007815646096120775,9.093470658942329e-05,0.2595359690954524,0.25953571799705716,2559
1.3731800137398764,0.0033418696576188395,0.00016253345394162224,0.007815803262526273,9.093638996297165e-05,0.25953605735946317,0.2595358063784994,2560
1.3731783618955535,0.0033408755941052902,0.00016248931906714828,0.007815960356064728,9.093797230226244e-05,0.2595361403252187,0.25953588945399336,2561
1.3731767169590012,0.003339898510507692,0.00016244427902684604,0.007816130962238885,9.093811044017205e-05,0.25953614756807863,0.2595358968277547,2562
1.37317507899833,0.003338932794678662,0.0001623988126102327,0.007816309357479158,9.093740738732366e-05,0.25953611070548804,0.2595358601170109,2563
1.3731734479612847,0.0033379645472763828,0.00016235410114668182,0.007816479765978256,9.093744448101722e-05,0.25953611265039467,0.2595358622081338,2564
1.373171823795334,0.00333698976276506,0.00016231048638652286,0.007816637024948845,9.093871072418621e-05,0.25953617904216286,0.25953592872238074,2565
1.3731702065444868,0.0033360181524421622,0.0001622671453883625,0.00781679179294826,9.094012038649753e-05,0.25953625295315186,0.2595360027439595,2566
1.3731685961196938,0.0033350595968911698,0.000162223227336903,0.007816955687040824,9.09405265056936e-05,0.2595362742465647,0.2595360241609215,2567
1.3731669925391554,0.0033341119641979275,0.00016217891099921396,0.00781712692963505,9.094013592310442e-05,0.25953625376775935,0.25953600382507386,2568
1.373165395779354,0.0033331650621782898,0.0001621350630680509,0.007817294004323414,9.094010486878196e-05,0.2595362521395348,0.2595360023409079,2569
1.373163805788946,0.0033322139758745024,0.00016209210250291156,0.00781745076787624,9.094102289664748e-05,0.25953630027299096,0.2595360506007346,2570
1.3731622225878506,0.0033312644336808426,0.00016204954468204225,0.007817603322862854,9.094225978404699e-05,0.2595363651243043,0.25953611556429323,2571
1.3731606461217958,0.003330324640084747,0.000162006684699335,0.00781776128615158,9.094286518877883e-05,0.2595363968661533,0.25953614742405556,2572
1.3731590763806558,0.003329395066168263,0.00016196347778088988,0.00781792580597204,9.094275153787205e-05,0.2595363909073544,0.2595361415996471,2573
1.3731575133537028,0.0033284687415433534,0.0001619205161391335,0.007818089118706021,9.094270296117714e-05,0.2595363883604422,0.2595361391931352,2574
1.3731559569962983,0.0033275404438068037,0.00016187824460441272,0.007818244835324582,9.094333788148158e-05,0.25953642164973223,0.25953617261139994,2575
1.373154407309703,0.003326612728300228,0.00016183644802277592,0.00781839542207541,9.094438872219938e-05,0.25953647674574837,0.25953622782202745,2576
1.3731528642613917,0.0033256919851090056,0.00016179457852376797,0.007818548295285914,9.094511942901628e-05,0.25953651505682324,0.2595362662472417,2577
1.373151327827627,0.0033247804013432137,0.00016175244464248102,0.007818706486722875,9.094525106775988e-05,0.2595365219586472,0.2595362732755211,2578
1.373149797999872,0.0033238738345269573,0.0001617103970728191,0.007818865547562618,9.09452405893544e-05,0.2595365214092642,0.25953627286148123,2579
1.3731482747429404,0.0033229673984594603,0.000161668851652582,0.007819019614243602,9.094566032291876e-05,0.2595365434158776,0.25953629499808184,2580
1.3731467580446133,0.0033220612719842063,0.00016162779490154193,0.007819168448993247,9.09465131762644e-05,0.25953658813078684,0.259536339830294,2581
1.3731452478841117,0.0033211598984850934,0.00016158684661270946,0.007819317102923627,9.094729281147087e-05,0.25953662900670205,0.2595363808184802,2582
1.3731437442340089,0.003320266302774745,0.00016154574436921305,0.0078194694515699,9.094763077519919e-05,0.2595366467259304,0.25953639865734185,2583
1.373142247082317,0.0033193787212892375,0.00016150463542584584,0.007819623827027942,9.094770911670442e-05,0.25953665083332217,0.25953640289395147,2584
1.3731407564026794,0.0033184931734640227,0.000161463857960593,0.007819775561314617,9.094798818141949e-05,0.25953666546448073,0.25953641765422364,2585
1.3731392721751217,0.0033176082921529196,0.00016142352946171986,0.00781992270309846,9.0948644566035e-05,0.25953669987815675,0.2595364521875973,2586
1.3731377943830572,0.0033167265831244553,0.00016138343599833067,0.007820067965138587,9.094939987564067e-05,0.2595367394782305,0.25953649189979294,2587
1.3731363230009397,0.0033158510982693404,0.0001613433138840212,0.007820215108690817,9.094989040533727e-05,0.25953676519608915,0.25953651773210995,2588
1.3731348580120353,0.003314981874640222,0.00016130315645553653,0.007820364539835034,9.095009171749417e-05,0.25953677575061374,0.25953652840929237,2589
1.373133399395765,0.0033141162208966905,0.00016126319137157205,0.007820513220009831,9.095030850164715e-05,0.2595367871163011,0.25953653990126196,2590
1.373131947129635,0.0033132520636020833,0.00016122359552280034,0.007820658490815337,9.095079256941597e-05,0.25953681249524263,0.259536565401243,2591
1.373130501196707,0.0033123902034919088,0.00016118430081791217,0.00782080103688668,9.095146450700708e-05,0.25953684772380303,0.25953660074293977,2592
1.3731290615749534,0.003311533072234826,0.0001611450976824349,0.007820943751514264,9.095204006431807e-05,0.2595368778992036,0.25953663102960517,2593
1.373127628244493,0.0033106818061725434,0.00016110588581985457,0.00782108825395731,9.095237166179171e-05,0.25953689528419976,0.25953664853111447,2594
1.373126201186956,0.0033098351108230215,0.00016106677320266546,0.007821233224331538,9.095259790849774e-05,0.2595369071458465,0.25953666051458835,2595
1.373124780380649,0.0033089909647685475,0.00016102793147931347,0.007821376199093852,9.095295735077829e-05,0.2595369259906313,0.2595366794800779,2596
1.3731233658068915,0.0033081489297699285,0.00016098939814578704,0.00782151643190899,9.095351283868521e-05,0.25953695511359287,0.25953670871748824,2597
1.373121957446172,0.0033073104399336424,0.00016095104972889382,0.007821655532520452,9.095410179093889e-05,0.25953698599091657,0.2595367397048005,2598
1.3731205552778685,0.003306476995516382,0.00016091275548404987,0.007821795438469498,9.095454037887031e-05,0.2595370089849423,0.25953676281045623,2599
1.3731191592835092,0.0033056484967051132,0.00016087452117513848,0.007821936256868072,9.095482747588803e-05,0.259537024036663,0.25953677797869074,2600
1.3731177694431067,0.003304823522123511,0.00016083646652556628,0.007822076351972306,9.095512541083933e-05,0.25953703965656216,0.25953679371704275,2601
1.3731163857369655,0.0033040010135052616,0.0001607986814708637,0.00782221432139874,9.095556496107781e-05,0.2595370627009094,0.2595368168764617,2602
1.373115008146396,0.0033031813681379434,0.00016076113155652242,0.007822350495006715,9.095610708516108e-05,0.2595370911228299,0.2595368454084407,2603
1.3731136366515189,0.0033023658296367046,0.00016072370876238248,0.007822486390544614,9.095660417093594e-05,0.2595371171834541,0.25953687157761496,2604
1.3731122712332546,0.003301555039411289,0.00016068635572764504,0.007822622951155038,9.095697112388908e-05,0.2595371364215832,0.2595368909271305,2605
1.3731109118726847,0.003300748404921989,0.0001606491209198013,0.007822759599653941,9.09572696122157e-05,0.25953715207030986,0.2595369066904657,2606
1.3731095585502537,0.0032999448610421932,0.0001606120942277517,0.007822895026107552,9.095762569871688e-05,0.2595371707386791,0.2595369254730437,2607
1.3731082112471744,0.003299144044687648,0.0001605753061305753,0.007823028666739567,9.095808842001498e-05,0.259537194997483,0.2595369498423102,2608
1.3731068699444542,0.0032983465862732046,0.00016053870164574124,0.007823161222747333,9.095858644230178e-05,0.2595372211069211,0.2595369760589649,2609
1.373105534622932,0.0032975533171839926,0.0001605022076829161,0.007823293782292021,9.095901696246624e-05,0.25953724367741887,0.25953699873688313,2610
1.373104205263966,0.003296764359465495,0.00016046581154485773,0.007823426634547732,9.095935746320812e-05,0.2595372615285106,0.25953701669803897,2611
1.3731028818486193,0.003295979066902554,0.00016042956679037065,0.00782355905731622,9.095968031059465e-05,0.25953727845407665,0.25953703373524617,2612
1.3731015643580433,0.003295196775511776,0.0001603935292535411,0.007823690186462213,9.09600664973752e-05,0.25953729870022824,0.2595370540915068,2613
1.3731002527736775,0.0032944174837339934,0.000160357698236325,0.007823819934244292,9.09605203897541e-05,0.25953732249584516,0.2595370779940253,2614
1.3730989470767458,0.0032936417655464348,0.00016032202321241985,0.007823948997213264,9.096097382239429e-05,0.2595373462673007,0.25953710187055684,2615
1.3730976472486602,0.003292870099687642,0.0001602864612294665,0.007824078052233348,9.096136466077641e-05,0.25953736675717026,0.2595371224663755,2616
1.3730963532709484,0.00329210237638133,0.00016025101971936626,0.007824207064405847,9.096170005277192e-05,0.2595373843402042,0.25953714015730567,2617
1.3730950651250178,0.003291338065537626,0.00016021574261948802,0.007824335404293,9.09620413116435e-05,0.2595374022307777,0.2595371581562146,2618
1.3730937827924687,0.003290576793999805,0.00016018066090015215,0.007824462559535414,9.096243523022301e-05,0.2595374228820066,0.2595371789139404,2619
1.3730925062549393,0.003289818694790493,0.0001601457621080906,0.00782458864600522,9.096286813907659e-05,0.2595374455772537,0.25953720171322314,2620
1.373091235494038,0.003289064202351275,0.00016011100749620561,0.007824714223251674,9.096328657582407e-05,0.25953746751374934,0.2595372237528033,2621
1.373089970491533,0.0032883135680990337,0.00016007637366236837,0.007824839682643827,9.09636557259677e-05,0.25953748686635886,0.2595372432094356,2622
1.3730887112291914,0.0032875666174757806,0.00016004187382287661,0.007824964874737734,9.096399231766295e-05,0.25953750451206514,0.25953726096040936,2623
1.3730874576888021,0.0032868229622381,0.00016000753992211493,0.007825089321571624,9.09643420591508e-05,0.2595375228471103,0.2595372794005367,2624
1.3730862098522754,0.0032860824005615866,0.00015997338819531148,0.007825212732823444,9.096473078470709e-05,0.2595375432258369,0.25953729988261304,2625
1.3730849677015224,0.0032853450844792403,0.00015993940440676323,0.007825335276160668,9.096514104196895e-05,0.25953756473330425,0.25953732149160375,2626
1.3730837312185091,0.0032846113174518016,0.00015990556098874166,0.007825457362666642,9.096553426276624e-05,0.25953758534760063,0.2595373422069069,2627
1.3730825003852887,0.00328388122690337,0.00015987184528166027,0.00782557921651803,9.096589117430382e-05,0.25953760405837356,0.25953736101943514,2628
1.3730812751839196,0.0032831546485296657,0.000159838269786339,0.007825700677802843,9.096622854457122e-05,0.25953762174467887,0.2595373788082106,2629
1.373080055596523,0.003282431309537876,0.00015980485661232666,0.007825821404195205,9.09665787098651e-05,0.2595376401017162,0.25953739726726577,2630
1.3730788416052884,0.00328171109567981,0.0001597716144181996,0.007825941227453162,9.096695631808182e-05,0.25953765989737954,0.2595374171634616,2631
1.373077633192423,0.0032809941327555684,0.00015973853113516686,0.007826060299764978,9.096734612527854e-05,0.25953768033251684,0.25953743769775117,2632
1.3730764303402023,0.003280280626623374,0.00015970558758035357,0.007826178913071077,9.0967721120233e-05,0.2595376999911002,0.2595374574551316,2633
1.3730752330309548,0.0032795706453437813,0.00015967277629185407,0.007826297204401854,9.096806986449541e-05,0.2595377182734916,0.25953747583681774,2634
1.3730740412470324,0.0032788640593722006,0.0001596401068919428,0.007826415043886085,9.096840569919097e-05,0.2595377358790853,0.25953749354207406,2635
1.37307285497085,0.003278160677455205,0.0001596075945131731,0.00782653219095347,9.096875120090077e-05,0.25953775399142276,0.2595375117535566,2636
1.3730716741848712,0.0032774604249531094,0.0001595752443647656,0.007826648537999198,9.096911566741239e-05,0.2595377730979203,0.25953753095797216,2637
1.3730704988715903,0.0032767633905152298,0.00015954304753202394,0.007826764199770261,9.096948782313813e-05,0.2595377926074715,0.25953755056434535,2638
1.3730693290135627,0.0032760697133006186,0.0001595109905942158,0.007826879382274728,9.096984879840774e-05,0.2595378115308706,0.2595375695842307,2639
1.3730681645933864,0.0032753794363110274,0.00015947906832486955,0.00782699418090086,9.0970190727814e-05,0.2595378294557941,0.25953758760590623,2640
1.3730670055936924,0.0032746924672035953,0.00015944728721573146,0.007827108505551713,9.097052286547857e-05,0.25953784686737413,0.25953760511439394,2641
1.373065851997168,0.0032740086698377757,0.00015941565766959147,0.00782722218762101,9.097086101897605e-05,0.2595378645942882,0.25953762293772836,2642
1.373064703786541,0.0032733279854976448,0.00015938418349717377,0.00782733514760376,9.097121213620829e-05,0.25953788300076114,0.2595376414396192,2643
1.3730635609445763,0.003272650468123448,0.00015935285875836447,0.007827447460779841,9.09715688958956e-05,0.2595379017029898,0.2595376602363468,2644
1.3730624234540922,0.003271976211748421,0.00015932167395175159,0.00782755927250457,9.097191807768243e-05,0.2595379200079306,0.25953767863540944,2645
1.3730612912979456,0.0032713052499468995,0.00015929062472626923,0.00782767065892499,9.097225336090959e-05,0.2595379375842427,0.2595376963059168,2646
1.3730601644590315,0.0032706375225124112,0.0001592597148538005,0.00782778156714927,9.097258031551067e-05,0.25953795472391805,0.25953771353981275,2647
1.3730590429202907,0.0032699729313386797,0.00015922895146792233,0.007827891879919944,9.097290998691744e-05,0.2595379720059831,0.25953773091567595,2648
1.3730579266647054,0.003269311423899687,0.00015919833783078937,0.007828001531177948,9.097324827383237e-05,0.2595379897396586,0.2595377487423322,2649
1.3730568156752958,0.0032686530256778043,0.00015916787045481997,0.007828110561931077,9.097359120019858e-05,0.2595380077165097,0.2595377668113617,2650
1.373055709935127,0.0032679977987533776,0.0001591375426261195,0.007828219073269133,9.097392961767479e-05,0.25953802545696303,0.2595377846435595,2651
1.3730546094273035,0.003267345772708029,0.0001591073503884108,0.007828327130988993,9.097425798315125e-05,0.2595380426704409,0.2595378019486993,2652
1.3730535141349656,0.0032666969127665866,0.00015907729535725133,0.00782843471280715,9.097457888917191e-05,0.25953805949285136,0.25953781886270966,2653
1.3730524240412985,0.003266051148798043,0.0001590473822614137,0.007828541739992326,9.097489984037166e-05,0.2595380763176005,0.25953783577870304,2654
1.3730513391295227,0.0032654084320363043,0.00015901761403262855,0.007828648155262713,9.097522606899873e-05,0.25953809341897,0.2595378529706516,2655
1.3730502593828993,0.0032647687662358755,0.0001589879890639318,0.007828753972687817,9.09755561979801e-05,0.2595381107247704,0.2595378703663176,2656
1.373049184784727,0.003264132189169218,0.00015895850276854046,0.007828859259138395,9.097588420759824e-05,0.25953812791943986,0.25953788765036895,2657
1.3730481153183443,0.0032634987267518263,0.00015892915154763873,0.007828964071747607,9.097620522103902e-05,0.25953814474733106,0.2595379045674336,2658
1.373047050967125,0.003262868362998925,0.00015889993542531126,0.007829068411144693,9.097651961300085e-05,0.259538161228088,0.25953792113723023,2659
1.3730459917144813,0.0032622410498053416,0.00015887085723858985,0.007829172229114386,9.097683208873677e-05,0.2595381776083661,0.2595379376062459,2660
1.3730449375438627,0.003261616743186477,0.000158841919505924,0.007829275477502447,9.09771471411299e-05,0.2595381941236866,0.25953795420976356,2661
1.3730438884387532,0.003260995431645447,0.0001588131219455045,0.00782937815133714,9.097746522789266e-05,0.2595382107980424,0.2595379709716841,2662
1.3730428443826763,0.003260377133448135,0.00015878446168065592,0.007829480289945154,9.097778284855183e-05,0.2595382274479356,0.2595379877086275,2663
1.3730418053591893,0.0032597618689875385,0.0001587559356241147,0.00782958194018878,9.09780959789827e-05,0.25953824386241947,0.2595380042098525,2664
1.3730407713518855,0.0032591496347069634,0.00015872754275394067,0.00782968311761424,9.09784035420244e-05,0.25953825998503,0.2595380204190023,2665
1.3730397423443923,0.0032585404003451723,0.0001586992843777086,0.007829783798603966,9.097870798104847e-05,0.2595382759438511,0.2595380364640907,2666
1.3730387183203738,0.003257934128909193,0.00015867116241296685,0.007829883946381703,9.097901280927961e-05,0.25953829192304784,0.2595380525291145,2667
1.3730376992635263,0.0032573307998716968,0.000158643177366257,0.007829983544974476,9.09793195557645e-05,0.25953830800277305,0.25953806869411444,2668
1.3730366851575821,0.003256730415911183,0.00015861532772865538,0.007830082611828873,9.097962672601009e-05,0.25953832410468475,0.25953808488078134,2669
1.3730356759863067,0.0032561329896683444,0.00015858761111196723,0.007830181181191834,9.097993139233283e-05,0.25953834007531357,0.25953810093578134,2670
1.373034671733499,0.0032555385239213127,0.00015856002597258034,0.007830279275554776,9.098023177780937e-05,0.25953835582151397,0.25953811676608335,2671
1.3730336723829901,0.0032549470022622674,0.00015853257243543333,0.007830376890130048,9.09805285872279e-05,0.25953837138023195,0.2595381324086349,2672
1.3730326779186457,0.0032543583965796764,0.00015850525165681998,0.007830474001503145,9.098082414924447e-05,0.25953838687353603,0.25953814798540475,2673
1.3730316883243616,0.003253772683164202,0.00015847806442614696,0.00783057059045373,9.098112033799798e-05,0.2595384023996683,0.25953816359452875,2674
1.3730307035840672,0.0032531898533237047,0.0001584510102339233,0.007830666658669497,9.098141711087191e-05,0.25953841795639465,0.25953817923374817,2675
1.3730297236817228,0.0032526099106372835,0.00015842408749932327,0.007830762226572028,9.098171276806194e-05,0.259538433454612,0.2595381948140293,2676
1.3730287486013213,0.003252032858720792,0.000158397294630096,0.00783085731631093,9.098200551332508e-05,0.2595384488001627,0.2595382102413113,2677
1.3730277783268847,0.003251458690462948,0.00015837063096401911,0.007830951935378559,9.098229490572945e-05,0.259538463969934,0.259538225492526,2678
1.3730268128424674,0.0032508873871084313,0.00015834409685766874,0.007831046073854838,9.09825820583443e-05,0.2595384790222731,0.2595382406259825,2679
1.373025852132154,0.0032503189266824785,0.00015831769295848968,0.007831139715806163,9.09828685806445e-05,0.2595384940415479,0.2595382557259695,2680
1.3730248961800582,0.003249753293947781,0.00015829141933610424,0.007831232854083891,9.098315525520379e-05,0.2595385090687803,0.2595382708334566,2681
1.3730239449703234,0.003249190483888503,0.0001582652751724205,0.00783132549644497,9.09834415225114e-05,0.2595385240746413,0.2595382859191292,2682
1.3730229984871238,0.0032486304968097385,0.00015823925918293283,0.007831417659256368,9.098372607777042e-05,0.2595385389907349,0.2595383009146541,2683
1.373022056714662,0.003248073329912933,0.00015821337035003188,0.00783150935522273,9.098400797682938e-05,0.2595385537675703,0.25953831577059755,2684
1.3730211196371684,0.003247518972310581,0.00015818760836145215,0.007831600585411866,9.098428733008133e-05,0.2595385684109347,0.2595383304927552,2685
1.3730201872389036,0.003246967406891508,0.000158161973452631,0.00783169134122287,9.098456509909089e-05,0.2595385829712327,0.25953834513149066,2686
1.3730192595041544,0.003246418616746892,0.00015813646584846816,0.007831781613558577,9.098484226334786e-05,0.25953859749980823,0.25953835973809597,2687
1.3730183364172375,0.0032458725906775072,0.00015811108528117208,0.00783187140128139,9.098511907319679e-05,0.25953861200978406,0.25953837432567295,2688
1.3730174179624948,0.0032453293237102846,0.0001580858309413792,0.007831960712584263,9.098539494770026e-05,0.25953862647070847,0.25953838886379393,2689
1.3730165041242977,0.003244788812858863,0.00015806070184530726,0.007832049559107213,9.098566901501272e-05,0.25953864083688094,0.2595384033068039,2690
1.3730155948870433,0.003244251051918571,0.00015803569728912027,0.00783213794814482,9.098594080741186e-05,0.2595386550837847,0.2595384176302173,2691
1.3730146902351548,0.0032437160293200115,0.00015801081703871982,0.007832225879049116,9.098621056922957e-05,0.25953866922422775,0.2595384318468376,2692
1.3730137901530828,0.003243183730259505,0.00015798606114635457,0.007832313346007029,9.098647899529751e-05,0.2595386832946323,0.25953844599305487,2693
1.373012894625303,0.003242654140986163,0.00015796142957713008,0.00783240034433266,9.098674666541144e-05,0.2595386973253905,0.25953846009922965,2694
1.373012003636317,0.0032421272518036942,0.00015793692194565108,0.007832486875165837,9.098701363211502e-05,0.25953871131925665,0.2595384741681098,2695
1.373011117170652,0.0032416030567382816,0.00015791253754293943,0.007832572945299926,9.098727944693506e-05,0.259538725252723,0.25953848817620856,2696
1.3730102352128597,0.003241081550534755,0.0001578882755974604,0.007832658562868229,9.0987543551286e-05,0.2595387390965099,0.2595385020942773,2697
1.373009357747517,0.0032405627255077812,0.00015786413555040035,0.007832743732562156,9.098780570075366e-05,0.2595387528378061,0.2595385159095222,2698
1.373008484759226,0.0032400465705523626,0.00015784011714343923,0.00783282845392617,9.098806610972309e-05,0.2595387664878496,0.2595385296331746,2699
1.3730076162326112,0.0032395330727570245,0.00015781622027910103,0.007832912723585633,9.098832524637096e-05,0.2595387800711816,0.25953854328975345,2700
1.3730067521523224,0.0032390222201317473,0.00015779244478274072,0.007832996539310093,9.098858346952556e-05,0.25953879360661114,0.2595385568980489,2701
1.3730058925030317,0.0032385140033569446,0.00015776879024901973,0.007833079902762325,9.098884078775363e-05,0.25953880709458754,0.2595385704585083,2702
1.373005037269436,0.0032380084154306128,0.00015774525607168815,0.007833162819128943,9.098909689759287e-05,0.2595388205192043,0.2595385839552408,2703
1.3730041864362545,0.003237505449728028,0.00015772184161248182,0.007833245294283472,9.098935143884954e-05,0.2595388338615813,0.25953859736938684,2704
1.3730033399882287,0.003237005098043684,0.00015769854637236408,0.007833327331800298,9.09896042591848e-05,0.25953884711373365,0.2595386106929725,2705
1.3730024979101225,0.003236507349993349,0.00015767537004442338,0.007833408931945415,9.098985550035166e-05,0.2595388602830921,0.25953862393342403,2706
1.3730016601867228,0.003236012194022741,0.00015765231242631994,0.00783349009310644,9.099010546797582e-05,0.25953887338567694,0.2595386371067474,2707
1.3730008268028373,0.0032355196191182203,0.00015762937327092193,0.007833570814358374,9.099035440286463e-05,0.2595388864341109,0.2595386502255532,2708
1.3729999977432958,0.0032350296159459717,0.00015760655218641754,0.007833651097238369,9.099060232495542e-05,0.2595388994294392,0.25953866329088576,2709
1.3729991729929496,0.003234542176706091,0.00015758384864856766,0.007833730945599492,9.099084904873659e-05,0.25953891236193816,0.2595386762930316,2710
1.3729983525366707,0.003234057293963812,0.00015756126210254382,0.00783381036388428,9.099109433794983e-05,0.2595389252192241,0.25953868921962103,2711
1.3729975363593516,0.0032335749593847985,0.0001575387920734927,0.007833889355199524,9.099133807632109e-05,0.25953893799520267,0.2595387020645677,2712
1.3729967244459054,0.003233095163245852,0.00015751643820954752,0.00783396792053125,9.099158033580777e-05,0.2595389506936459,0.25953871483164204,2713
1.3729959167812653,0.003232617894954127,0.0001574942002366969,0.007834046059490458,9.099182130907469e-05,0.259538963324653,0.2595387275309345,2714
1.372995113350385,0.00323214314409776,0.0001574720778670215,0.00783412377189377,9.099206116875067e-05,0.25953897589727276,0.2595387401714858,2715
1.3729943141382361,0.0032316709012570983,0.00015745007072766955,0.007834201059011206,9.099229995722262e-05,0.25953898841372725,0.2595387527555168,2716
1.372993519129812,0.0032312011580656755,0.00015742817835532192,0.007834277923687412,9.099253757679711e-05,0.2595390008688959,0.2595387652779129,2717
1.3729927283101222,0.0032307339065753386,0.00015740640025154254,0.00783435436939706,9.099277387411267e-05,0.2595390132547404,0.25953877773064543,2718
1.3729919416641985,0.003230269138432377,0.00015738473595476663,0.00783443039899451,9.0993008751157e-05,0.25953902556612346,0.25953879010858355,2719
1.3729911591770882,0.0032298068444296772,0.00015736318507950407,0.007834506014021093,9.099324222628634e-05,0.2595390378040076,0.2595388024126904,2720
1.3729903808338575,0.0032293470146800346,0.0001573417473012518,0.007834581214954735,9.099347441164311e-05,0.2595390499742712,0.25953881464884,2721
1.3729896066195928,0.003228889639219201,0.00015732042230380157,0.007834656002120315,9.099370543217738e-05,0.25953906208346383,0.2595388268235763,2722
1.372988836519395,0.003228434708593745,0.00015729920972781553,0.007834730376585783,9.09939353462384e-05,0.2595390741346442,0.25953883893995644,2723
1.372988070518384,0.0032279822140568143,0.00015727810915366073,0.007834804340466081,9.099416411880018e-05,0.25953908612597665,0.2595388509961477,2724
1.372987308601697,0.0032275321472958487,0.00015725712012515332,0.007834877896513976,9.099439165788606e-05,0.2595390980526403,0.25953886298733553,2725
1.372986550754488,0.0032270844999249633,0.00015723624219391493,0.007834951047349771,9.099461788299271e-05,0.2595391099104158,0.259538874909306,2726
1.3729857969619275,0.0032266392630941215,0.00015721547495350913,0.007835023794866666,9.099484277778037e-05,0.2595391216984469,0.2595388867612052,2727
1.3729850472092027,0.003226196427446892,0.0001571948180431273,0.007835096140166593,9.09950663958451e-05,0.25953913341954316,0.25953889854584083,2728
1.3729843014815162,0.0032257559834090736,0.00015717427112230993,0.007835168084000147,9.099528882161766e-05,0.2595391450781303,0.25953891026763587,2729
1.3729835597640874,0.003225317921585771,0.00015715383383623838,0.007835239627370578,9.09955101168919e-05,0.25953915667744754,0.2595389219298274,2730
1.3729828220421505,0.003224882233005838,0.00015713350579434933,0.007835310771903732,9.099573028783488e-05,0.2595391682178183,0.25953893353274,2731
1.372982088300956,0.003224448909081555,0.00015711328657385724,0.007835381519783623,9.099594929061955e-05,0.2595391796969456,0.25953894507408026,2732
1.3729813585257689,0.0032240179413445336,0.00015709317574284597,0.0078354518733485,9.099616706717542e-05,0.2595391911117859,0.2595389565508091,2733
1.372980632701869,0.003223589321147847,0.00015707317288627426,0.007835521834639135,9.099638358530677e-05,0.2595392024606519,0.2595389679612422,2734
1.3729799108145508,0.003223163039520381,0.00015705327761865765,0.007835591405182023,9.099659885808645e-05,0.25953921374422895,0.2595389793060654,2735
1.3729791928491235,0.003222739087242398,0.00015703348957741076,0.007835660586109829,9.099681293335124e-05,0.25953922496502474,0.2595389905877851,2736
1.3729784787909103,0.003222317455068407,0.00015701380840333078,0.007835729378503289,9.099702586348056e-05,0.25953923612578494,0.2595390018091455,2737
1.3729777686252476,0.0032218981339446353,0.0001569942337215801,0.007835797783720143,9.099723767612055e-05,0.25953924722795885,0.259539012971596,2738
1.3729770623374862,0.0032214811150918,0.00015697476513446717,0.0078358658035155,9.099744836333487e-05,0.25953925827113067,0.2595390240747227,2739
1.37297635991299,0.0032210663899208437,0.00015695540222883064,0.007835933439908224,9.09976578932225e-05,0.2595392692536285,0.2595390351168566,2740
1.3729756613371367,0.003220653949852677,0.00015693614459178873,0.007836000694905174,9.099786623436416e-05,0.2595392801738058,0.25953904609635403,2741
1.3729749665953153,0.003220243786160106,0.00015691699182450997,0.007836067570264288,9.099807337693072e-05,0.2595392910311475,0.2595390570127019,2742
1.3729742756729284,0.0032198358899217495,0.0001568979435461856,0.00783613406743095,9.099827933854643e-05,0.2595393018265776,0.2595390678668244,2743
1.3729735885553915,0.003219430252100277,0.00015687899938713733,0.007836200187662777,9.099848415342284e-05,0.2595393125618895,0.25953907866051434,2744
1.3729729052281314,0.0032190268636838643,0.00015686015897642386,0.007836265932246171,9.099868785317908e-05,0.25953932323874074,0.25953908939542897,2745
1.3729722256765877,0.0032186257158009876,0.0001568414219318135,0.007836331302667613,9.099889045152329e-05,0.25953933385785,0.25953910007228764,2746
1.3729715498862103,0.0032182267997461246,0.00015682278785756061,0.0078363963006468,9.099909194111663e-05,0.2595393444188328,0.25953911069070795,2747
1.3729708778424616,0.003217830106912843,0.00015680425635025827,0.007836460928030383,9.099929230282202e-05,0.2595393549206863,0.25953912124968925,2748
1.3729702095308154,0.0032174356286840348,0.00015678582700842439,0.007836525186624706,9.099949152054723e-05,0.2595393653625672,0.2595391317483904,2749
1.3729695449367558,0.0032170433563465783,0.00015676749943990904,0.007836589078070163,9.099968959252726e-05,0.25953937574438324,0.25953914218672025,2750
1.3729688840457772,0.003216653281075446,0.00015674927326323412,0.00783665260382286,9.099988653313544e-05,0.2595393860668879,0.25953915256543314,2751
1.372968226843386,0.0032162653939868946,0.0001567311481028978,0.007836715765240001,9.100008236544978e-05,0.2595393963312911,0.25953916288573864,2752
1.372967573315098,0.0032158796862224556,0.00015671312358200764,0.007836778563708208,9.100027710986475e-05,0.25953940653866187,0.2595391731487064,2753
1.3729669234464388,0.0032154961490131733,0.0001566951993166794,0.007836841000737912,9.100047077565658e-05,0.25953941668948666,0.25953918335482373,2754
1.372966277222944,0.0032151147736911526,0.0001566773749150328,0.007836903077976139,9.100066335960218e-05,0.2595394267835967,0.2595391935039235,2755
1.3729656346301593,0.003214735551648792,0.0001566596499807719,0.007836964797141126,9.100085485175221e-05,0.2595394368204707,0.2595392035954862,2756
1.3729649956536387,0.003214358474274357,0.00015664202411878094,0.007837026159924583,9.100104524401388e-05,0.25953944679968466,0.25953921362908955,2757
1.3729643602789465,0.003213983532901953,0.0001566244969394712,0.007837087167918916,9.100123453678725e-05,0.2595394567212597,0.25953922360475595,2758
1.372963728491655,0.0032136107188007346,0.00015660706805967054,0.007837147822605568,9.100142274011757e-05,0.2595394665857226,0.25953923352301284,2759
1.3729631002773455,0.0032132400232042163,0.00015658973710002409,0.007837208125402933,9.100160986955533e-05,0.25953947639388847,0.25953924338467593,2760
1.3729624756216072,0.003212871437358764,0.00015657250368074322,0.00783726807774055,9.100179593959625e-05,0.25953948614651734,0.2595392531905058,2761
1.3729618545100393,0.0032125049525629367,0.00015655536741815754,0.007837327681116684,9.100198095846517e-05,0.25953949584404046,0.25953926294093466,2762
1.3729612369282473,0.0032121405601782086,0.00015653832792378953,0.007837386937111033,9.100216492688331e-05,0.2595395054864958,0.2595392726360018,2763
1.372960622861844,0.0032117782516088065,0.00015652138480611125,0.007837445847351642,9.100234784089496e-05,0.2595395150736762,0.25953928227550177,2764
1.3729600122964518,0.0032114180182651907,0.00015650453767372842,0.00783750441345929,9.100252969684301e-05,0.2595395246053901,0.25953929185924446,2765
1.372959405217699,0.0032110598515321786,0.00015648778613812798,0.00783756263700123,9.100271049548686e-05,0.2595395340816775,0.25953930138727105,2766
1.3729588016112213,0.003210703742757378,0.0001564711298146531,0.007837620519477107,9.100289024339931e-05,0.2595395435028831,0.2595393108599271,2767
1.3729582014626611,0.0032103496832633313,0.00015645456832140696,0.007837678062340125,9.100306895115664e-05,0.2595395528695614,0.259539320277768,2768
1.3729576047576675,0.0032099976643740367,0.0001564381012769178,0.007837735267038078,9.10032466297207e-05,0.259539562182287,0.2595393296413692,2769
1.3729570114818972,0.003209647677440335,0.00015642172829790816,0.007837792135050824,9.100342328707092e-05,0.25953957144147843,0.25953933895115006,2770
1.3729564216210122,0.003209299713851544,0.00015640544899828165,0.007837848667905633,9.100359892676824e-05,0.2595395806473224,0.2595393482072984,2771
1.37295583516068,0.0032089537650291018,0.00015638926298967225,0.00783790486716557,9.100377354889021e-05,0.25953958979982317,0.2595393574098201,2772
1.3729552520865744,0.003208609822407667,0.000156373169883085,0.007837960734400263,9.100394715262262e-05,0.2595395988989382,0.2595393665586739,2773
1.3729546723843753,0.0032082678774145367,0.00015635716929066773,0.007838016271155906,9.100411973896021e-05,0.25953960794471975,0.2595393756539133,2774
1.3729540960397675,0.003207927921457865,0.00015634126082671564,0.007838071478939534,9.10042913121694e-05,0.25953961693739164,0.2595393846957631,2775
1.372953523038441,0.003207589945928118,0.0001563254441075107,0.007838126359223473,9.100446187946409e-05,0.2595396258773321,0.25953939368460255,2776
1.3729529533660914,0.003207253942210405,0.00015630971875022355,0.00783818091346515,9.100463144926985e-05,0.2595396347649829,0.25953940262087427,2777
1.3729523870084182,0.0032069199017001207,0.00015629408437153113,0.007838235143130702,9.100480002911633e-05,0.2595396436007388,0.2595394115049741,2778
1.3729518239511258,0.0032065878158139397,0.00015627854058665116,0.007838289049710338,9.100496762423703e-05,0.25953965238487425,0.2595394203371776,2779
1.372951264179923,0.0032062576759913316,0.00015626308700920173,0.007838342634719253,9.100513423742528e-05,0.25953966111753585,0.2595394291176325,2780
1.3729507076805225,0.003205929473687004,0.00015624772325185368,0.007838395899685437,9.10052998700828e-05,0.25953966979879717,0.25953943784641376,2781
1.372950154438642,0.0032056032003590644,0.0001562324489273455,0.007838448846131977,9.100546452382416e-05,0.259539678428743,0.2595394465236073,2782
1.3729496044400014,0.0032052788474588663,0.00015621726364934568,0.00783850147556301,9.100562820172768e-05,0.25953968700753477,0.2595394551493758,2783
1.3729490576703256,0.0032049564064272323,0.0001562021670327656,0.007838553789459433,9.100579090879297e-05,0.2595396955354347,0.2595394637239824,2784
1.372948514115341,0.0032046358686976654,0.00015618715869344485,0.007838605789285174,9.100595265140282e-05,0.2595397040127775,0.259539472247763,2785
1.3729479737607793,0.0032043172257043844,0.00015617223824743756,0.00783865747649971,9.100611343621339e-05,0.2595397124399121,0.2595394807210675,2786
1.3729474365923735,0.0032040004688905204,0.00015615740531028572,0.007838708852570259,9.100627326909494e-05,0.2595397208171463,0.25953948914420466,2787
1.3729469025958605,0.0032036855897128514,0.00015614265949659317,0.00783875991897801,9.100643215449435e-05,0.2595397291447134,0.25953949751740896,2788
1.3729463717569783,0.0032033725796410785,0.0001561280004200789,0.007838810677216417,9.100659009558969e-05,0.25953973742278,0.25953950584084834,2789
1.3729458440614697,0.0032030614301527998,0.00015611342769400894,0.007838861128783283,9.100674709498711e-05,0.2595397456514829,0.25953951411466053,2790
1.3729453194950758,0.003202752132726764,0.00015609894093175262,0.00783891127517117,9.100690315554596e-05,0.25953975383097205,0.259539522338997,2791
1.3729447980435436,0.003202444678837837,0.00015608453974722225,0.007838961117860544,9.100705828106501e-05,0.2595397619614467,0.2595395305140579,2792
1.37294427969262,0.0032021390599554513,0.0001560702237549706,0.007839010658318577,9.100721247638843e-05,0.2595397700431608,0.25953953864009843,2793
1.3729437644280527,0.0032018352675458,0.0001560559925699891,0.007839059898003233,9.100736574706686e-05,0.2595397780764055,0.25953954671741064,2794
1.3729432522355927,0.0032015332930763253,0.00015604184580729773,0.007839108838370258,9.100751809874738e-05,0.2595397860614768,0.25953955474629176,2795
1.37294274310099,0.003201233128020024,0.00015602778308155323,0.007839157480879606,9.100766953658246e-05,0.25953979399864496,0.25953956272701306,2796
1.3729422370099977,0.0032009347638578523,0.0001560138040068341,0.007839205826998529,9.100782006494295e-05,0.25953980188813913,0.2595395706598049,2797
1.3729417339483687,0.0032006381920781576,0.0001559999081966723,0.007839253878200487,9.100796968750604e-05,0.25953980973015217,0.25953957854486115,2798
1.372941233901856,0.0032003434041738966,0.00015598609526428671,0.007839301635960867,9.100811840760893e-05,0.2595398175248591,0.25953958638235824,2799
1.3729407368562134,0.003200050391638912,0.00015597236482288722,0.00783934910175182,9.100826622873501e-05,0.2595398252724426,0.25953959417248,2800
1.3729402427971955,0.0031997591459651284,0.0001559587164859078,0.007839396277038552,9.100841315486764e-05,0.2595398329731116,0.25953960191543635,2801
1.3729397517105566,0.0031994696586414256,0.00015594514986708,0.007839443163278453,9.10085591905642e-05,0.25953984062710506,0.2595396096114674,2802
1.3729392635820503,0.003199181921154647,0.00015593166458032788,0.007839489761923097,9.100870434079624e-05,0.2595398482346836,0.2595396172608349,2803
1.37293877839743,0.0031988959249919027,0.00015591826023956303,0.00783953607442189,9.10088486106487e-05,0.25953985579611394,0.2595396248638068,2804
1.3729382961424494,0.0031986116616427984,0.0001559049364584583,0.007839582102225642,9.100899200497458e-05,0.25953986331165046,0.2595396324206384,2805
1.3729378168028608,0.003198329122601017,0.00015589169285031194,0.007839627846788594,9.100913452822228e-05,0.25953987078152646,0.25953963993156426,2806
1.3729373403644154,0.0031980482993642775,0.00015587852902803443,0.007839673309568276,9.100927618441874e-05,0.2595398782059531,0.25953964739679675,2807
1.3729368668128639,0.003197769183432971,0.000155865444604252,0.007839718492023556,9.100941697736954e-05,0.2595398855851299,0.25953965481653646,2808
1.3729363961339556,0.003197491766308229,0.00015585243919145897,0.007839763395611911,9.100955691088134e-05,0.25953989291925655,0.25953966219098423,2809
1.372935928313438,0.0031972160394900737,0.00015583951240216503,0.007839808021787178,9.100969598897161e-05,0.2595399002085437,0.25953966952035196,2810
1.3729354633370567,0.0031969419944765714,0.00015582666384895765,0.007839852371998605,9.100983421598722e-05,0.2595399074532192,0.2595396768048687,2811
1.3729350011905574,0.003196669622763867,0.0001558138931444735,0.007839896447691449,9.100997159653986e-05,0.25953991465352494,0.25953968404477723,2812
1.372934541859681,0.0031963989158471547,0.0001558011999013084,0.007839940250308697,9.10101081353747e-05,0.2595399218097097,0.2595396912403278,2813
1.3729340853301688,0.0031961298652219004,0.0001557885837318863,0.007839983781293042,9.101024383716598e-05,0.25953992892201855,0.25953969839176616,2814
1.3729336315877578,0.003195862462384881,0.0001557760442483676,0.007840027042088386,9.1010378706428e-05,0.2595399359906882,0.2595397054993306,2815
1.3729331806181835,0.0031955966988344293,0.00015576358106260423,0.007840070034140268,9.101051274741141e-05,0.2595399430159415,0.259539712563245,2816
1.372932732407179,0.003195332566070003,0.00015575119378617245,0.00784011275889526,9.101064596420584e-05,0.25953994999799296,0.2595397195837249,2817
1.3729322869404734,0.003195070055591233,0.0001557388820304358,0.007840155217799705,9.101077836083532e-05,0.2595399569370535,0.25953972656098256,2818
1.3729318442037939,0.0031948091588968283,0.00015572664540662958,0.007840197412298374,9.101090994137683e-05,0.25953996383333694,0.25953973349523285,2819
1.3729314041828644,0.003194549867483784,0.0001557144835259128,0.007840239343833537,9.101104071004933e-05,0.25953997068706447,0.2595397403866981,2820
1.3729309668634038,0.003194292172846992,0.00015570239599938906,0.007840281013844864,9.101117067125817e-05,0.2595399774984671,0.2595397472356106,2821
1.3729305322311296,0.0031940360664795015,0.00015569038243806987,0.00784032242376997,9.101129982950409e-05,0.25953998426778074,0.25953975404220736,2822
1.3729301002717547,0.0031937815398729993,0.00015567844245281603,0.007840363575045407,9.101142818934607e-05,0.2595399909952445,0.2595397608067286,2823
1.3729296709709875,0.0031935285845184087,0.00015566657565427392,0.007840404469107672,9.101155575527325e-05,0.2595399976810937,0.2595397675294108,2824
1.3729292443145333,0.0031932771919062604,0.00015565478165283274,0.007840445107393821,9.101168253167518e-05,0.2595400043255585,0.2595397742104854,2825
1.372928820288093,0.003193027353526654,0.00015564306005860892,0.007840485491341535,9.101180852282287e-05,0.25954001092886286,0.25953978085017737,2826
1.3729283988773622,0.0031927790608689824,0.0001556314104814651,0.007840525622388766,9.10119337328962e-05,0.2595400174912259,0.25953978744870715,2827
1.372927980068033,0.003192532305421322,0.00015561983253104233,0.007840565501973052,9.10120581660529e-05,0.25954002401286563,0.25953979400629373,2828
1.3729275638457925,0.0031922870786697975,0.0001556083258168071,0.007840605131530882,9.101218182651102e-05,0.2595400304940032,0.2595398005231596,2829
1.3729271501963223,0.0031920433720982206,0.00015559688994806569,0.007840644512497276,9.10123047185374e-05,0.25954003693486233,0.25953980699952967,2830
1.3729267391053,0.003191801177187833,0.00015558552453397276,0.007840683646305819,9.101242684650481e-05,0.25954004333567227,0.2595398134356342,2831
1.3729263305583967,0.003191560485417439,0.00015557422918351316,0.007840722534388932,9.101254821485488e-05,0.2595400496966659,0.2595398198317074,2832
1.3729259245412795,0.003191321288263529,0.00015556300350546328,0.007840761178178406,9.101266882802395e-05,0.2595400560180758,0.2595398261879828,2833
1.372925521039609,0.003191083577200674,0.00015555184710836374,0.00784079957910594,9.101278869043465e-05,0.2595400623001338,0.25953983250469365,2834
1.37292512003904,0.0031908473437014884,0.00015554075960049025,0.007840837738603388,9.10129078064524e-05,0.2595400685430689,0.25953983878207,2835
1.3729247215252223,0.0031906125792367434,0.00015552974058984765,0.007840875658102901,9.101302618038227e-05,0.25954007474710666,0.25953984502033856,2836
1.3729243254837984,0.0031903792752750277,0.00015551878968417525,0.007840913339036696,9.10131438164934e-05,0.259540080912471,0.25953985121972456,2837
1.372923931900406,0.0031901474232825127,0.0001555079064909599,0.00784095078283681,9.101326071901885e-05,0.2595400870393838,0.25953985738045093,2838
1.372923540760676,0.0031899170147225726,0.00015549709061745656,0.00784098799093473,9.101337689222564e-05,0.2595400931280688,0.2595398635027426,2839
1.372923152050232,0.003189688041055481,0.0001554863416706999,0.007841024964761217,9.101349234042e-05,0.25954009917875176,0.25953986958682657,2840
1.3729227657546914,0.003189460493738267,0.00015547565925750378,0.007841061705746251,9.101360706794206e-05,0.2595401051916602,0.2595398756329316,2841
1.3729223818596654,0.003189234364224677,0.00015546504298445495,0.007841098215319182,9.101372107917965e-05,0.2595401111670242,0.2595398816412888,2842
1.3729220003507574,0.003189009643965191,0.00015545449245789634,0.007841134494908978,9.101383437853967e-05,0.25954011710507474,0.2595398876121305,2843
1.3729216212135642,0.0031887863244071317,0.0001554440072839031,0.007841170545944489,9.101394697040147e-05,0.25954012300604146,0.2595398935456874,2844
1.3729212444336751,0.0031885643969946985,0.000155433587068274,0.007841206369854636,9.101405885914238e-05,0.2595401288701538,0.25953989944219025,2845
1.372920869996672,0.003188343853168911,0.00015542323141651694,0.007841241968068523,9.101417004909731e-05,0.2595401346976391,0.2595399053018674,2846
1.372920497888129,0.00318812468436753,0.00015541293993385377,0.007841277342015387,9.101428054459063e-05,0.259540140488724,0.2595399111249468,2847
1.3729201280936134,0.003187906882024811,0.00015540271222521794,0.007841312493124494,9.101439034991918e-05,0.25954014624363375,0.25953991691165484,2848
1.3729197605986831,0.003187690437571364,0.00015539254789526238,0.007841347422824985,9.101449946939253e-05,0.25954015196259433,0.25953992266221876,2849
1.3729193953888894,0.0031874753424338768,0.00015538244654836705,0.00784138213254576,9.101460790731497e-05,0.2595401576458314,0.25953992837686535,2850
1.3729190324497742,0.0031872615880349903,0.00015537240778864414,0.007841416623715422,9.10147156680438e-05,0.2595401632935733,0.2595399340558242,2851
1.3729186717668718,0.0031870491657931977,0.00015536243121992834,0.00784145089776232,9.101482275594049e-05,0.2595401689060488,0.2595399396993254,2852
1.3729183133257084,0.003186838067122791,0.00015535251644576843,0.007841484956114633,9.101492917537722e-05,0.25954017448348704,0.2595399453075989,2853
1.3729179571118004,0.003186628283433859,0.00015534266306942867,0.007841518800200528,9.10150349307505e-05,0.2595401800261185,0.2595399508808768,2854
1.3729176031106562,0.003186419806132243,0.0001553328706938616,0.007841552431448275,9.101514002643352e-05,0.25954018553417246,0.2595399564193894,2855
1.3729172513077754,0.003186212626619555,0.00015532313892171153,0.007841585851286356,9.101524446679851e-05,0.2595401910078781,0.2595399619233671,2856
1.3729169016886484,0.003186006736293045,0.00015531346735530484,0.007841619061143484,9.101534825620494e-05,0.259540196447464,0.25953996739303953,2857
1.3729165542387562,0.003185802126545567,0.0001553038555966488,0.007841652062448592,9.101545139898585e-05,0.2595402018531573,0.2595399728286353,2858
1.3729162089435707,0.003185598788765331,0.0001552943032474352,0.00784168485663078,9.101555389949652e-05,0.2595402072251863,0.25953997823038377,2859
1.372915865788554,0.003185396714335857,0.0001552848099090356,0.007841717445119271,9.101565576207428e-05,0.25954021256377835,0.2595399835985136,2860
1.3729155247591591,0.003185195894635763,0.00015527537518250962,0.007841749829343356,9.101575699108076e-05,0.25954021786916215,0.25953998893325453,2861
1.3729151858408286,0.003184996321038688,0.0001552659986685975,0.007841782010732361,9.101585759086923e-05,0.2595402231415659,0.25953999423483615,2862
1.3729148490189957,0.003184797984913199,0.00015525667996772188,0.007841813990715736,9.101595756582998e-05,0.2595402283812197,0.2595399995034897,2863
1.3729145142790835,0.0031846008776227055,0.00015524741867997943,0.007841845770723048,9.101605692035333e-05,0.25954023358835376,0.25954000473944655,2864
1.372914181606505,0.00318440499052545,0.00015523821440513425,0.007841877352184112,9.101615565882433e-05,0.25954023876319793,0.2595400099429378,2865
1.3729138509866619,0.003184210314974396,0.00015522906674261138,0.007841908736529029,9.101625378563863e-05,0.2595402439059826,0.25954001511419517,2866
1.3729135224049467,0.0031840168423172294,0.00015521997529149232,0.00784193992518825,9.101635130519403e-05,0.2595402490169384,0.25954002025345035,2867
1.3729131958467415,0.0031838245638962704,0.00015521093965050907,0.007841970919592602,9.101644822185125e-05,0.25954025409629383,0.2595400253609332,2868
1.3729128712974168,0.0031836334710483366,0.00015520195941804332,0.007842001721173277,9.101654454000492e-05,0.2595402591442793,0.25954003043687507,2869
1.3729125487423322,0.003183443555104665,0.00015519303419212459,0.007842032331361864,9.101664026402959e-05,0.25954026416112413,0.2595400354815068,2870
1.3729122281668362,0.003183254807390847,0.00015518416357042825,0.00784206275159028,9.101673539830086e-05,0.2595402691470577,0.25954004049505897,2871
1.3729119095562676,0.0031830672192266324,0.00015517534715027824,0.007842092983290775,9.101682994721234e-05,0.2595402741023103,0.259540045477763,2872
1.3729115928959528,0.0031828807819258608,0.00015516658452863715,0.00784212302789597,9.101692391515559e-05,0.25954027902711213,0.25954005042985034,2873
1.3729112781712067,0.0031826954867964614,0.00015515787530211506,0.007842152886838823,9.101701730653694e-05,0.2595402839216942,0.2595400553515532,2874
1.3729109653673328,0.003182511325140232,0.00015514921906695217,0.007842182561552684,9.101711012575748e-05,0.2595402887862872,0.25954006024310367,2875
1.372910654469624,0.0031823282882528603,0.00015514061541902472,0.007842212053471345,9.101720237722786e-05,0.25954029362112235,0.259540065104734,2876
1.3729103454633602,0.003182146367423872,0.0001551320639538374,0.007842241364029067,9.101729406536825e-05,0.25954029842643134,0.2595400699366771,2877
1.37291003833381,0.003181965553936516,0.00015512356426651796,0.007842270494660632,9.101738519459249e-05,0.25954030320244553,0.25954007473916574,2878
1.3729097330662294,0.003181785839067718,0.00015511511595181282,0.00784229944680136,9.101747576931865e-05,0.25954030794939653,0.2595400795124327,2879
1.372909429645864,0.0031816072140879916,0.00015510671860408546,0.007842328221887124,9.10175657939532e-05,0.2595403126675153,0.25954008425671,2880
1.372909128057944,0.0031814296702613702,0.00015509837181731486,0.007842356821354366,9.10176552729185e-05,0.2595403173570337,0.259540088972231,2881
1.372908828287691,0.0031812531988453198,0.00015509007518509096,0.007842385246640089,9.101774421063054e-05,0.25954032201818317,0.25954009365922825,2882
1.3729085303203106,0.0031810777910905963,0.0001550818283006149,0.007842413499181872,9.101783261150748e-05,0.2595403266511953,0.2595400983179347,2883
1.3729082341409982,0.0031809034382412134,0.00015507363075669426,0.00784244158041787,9.101792047997487e-05,0.2595403312563021,0.25954010294858343,2884
1.372907939734936,0.0031807301315343343,0.00015506548214574644,0.007842469491786817,9.101800782047315e-05,0.2595403358337363,0.2595401075514085,2885
1.372907647087292,0.0031805578622002436,0.00015505738205978605,0.007842497234728057,9.101809463743109e-05,0.2595403403837301,0.25954011212664335,2886
1.3729073561832232,0.003180386621462178,0.00015504933009043083,0.007842524810681551,9.101818093528592e-05,0.259540344906516,0.25954011667452176,2887
1.3729070670078718,0.0031802164005363537,0.00015504132582889443,0.007842552221087946,9.101826671849508e-05,0.25954034940232773,0.2595401211952787,2888
1.372906779546368,0.003180047190631864,0.00015503336886597862,0.007842579467388557,9.101835199148948e-05,0.2595403538713975,0.2595401256891476,2889
1.3729064937838278,0.003179878982950596,0.00015502545879208146,0.007842606551025404,9.101843675874031e-05,0.2595403583139597,0.2595401301563641,2890
1.3729062097053542,0.0031797117686871656,0.00015501759519718247,0.007842633473441237,9.101852102468702e-05,0.25954036273024705,0.25954013459716224,2891
1.3729059272960364,0.0031795455390288686,0.00015500977767084304,0.007842660236079574,9.101860479378916e-05,0.2595403671204933,0.25954013901177697,2892
1.3729056465409502,0.003179380285155585,0.00015500200580220765,0.007842686840384652,9.101868807049891e-05,0.25954037148493175,0.25954014340044296,2893
1.3729053674251581,0.0031792159982397205,0.000154994279179998,0.007842713287801508,9.101877085928114e-05,0.2595403758237965,0.25954014776339535,2894
1.3729050899337074,0.003179052669446083,0.0001549865973925135,0.007842739579775935,9.101885316459759e-05,0.25954038013732145,0.25954015210086945,2895
1.3729048140516327,0.00317889028993187,0.0001549789600276245,0.007842765717754519,9.101893499091316e-05,0.25954038442574057,0.25954015641310046,2896
1.3729045397639523,0.0031787288508465434,0.0001549713666727746,0.007842791703184637,9.101901634270126e-05,0.25954038868928836,0.2595401607003243,2897
1.3729042670556741,0.003178568343331813,0.0001549638169149781,0.0078428175375145,9.101909722445859e-05,0.2595403929282005,0.25954016496277765,2898
1.3729039959117884,0.0031784087585214954,0.00015495631034080753,0.007842843222193129,9.101917764063528e-05,0.2595403971427103,0.2595401692006952,2899
1.3729037263172714,0.003178250087541517,0.0001549488465364061,0.007842868758670418,9.101925759573758e-05,0.25954040133305395,0.2595401734143145,2900
1.3729034582570865,0.0031780923215098374,0.00015494142508747414,0.00784289414839712,9.101933709425483e-05,0.2595404054994667,0.259540177603872,2901
1.372903191716181,0.003177935451536353,0.00015493404557926716,0.007842919392824893,9.101941614067638e-05,0.25954040964218394,0.2595401817696043,2902
1.3729029266794872,0.003177779468722849,0.0001549267075965964,0.0078429444934063,9.101949473949052e-05,0.2595404137614409,0.259540185911748,2903
1.372902663131924,0.003177624364162951,0.00015491941072382745,0.007842969451594815,9.10195728952131e-05,0.2595404178574742,0.259540190030541,2904
1.3729024010583943,0.003177470128941994,0.0001549121545448712,0.007842994268844867,9.101965061233243e-05,0.25954042193051924,0.25954019412621987,2905
1.372902140443786,0.0031773167541371042,0.00015490493864318836,0.007843018946611822,9.101972789536545e-05,0.2595404259808127,0.2595401981990227,2906
1.3729018812729723,0.0031771642308169278,0.00015489776260178313,0.00784304348635202,9.101980474881953e-05,0.2595404300085908,0.2595402022491869,2907
1.37290162353081,0.0031770125500417195,0.00015489062600320276,0.007843067889522758,9.101988117720955e-05,0.2595404340140902,0.2595402062769505,2908
1.372901367202142,0.003176861702863232,0.00015488352842953375,0.00784309215758233,9.101995718505243e-05,0.2595404379975477,0.25954021028255153,2909
1.3729011122717947,0.00317671168032465,0.00015487646946240124,0.007843116291990037,9.102003277687891e-05,0.2595404419592008,0.2595402142662287,2910
1.3729008587245795,0.0031765624734605017,0.00015486944868296534,0.007843140294206163,9.102010795720811e-05,0.25954044589928627,0.2595402182282202,2911
1.3729006065452918,0.0031764140732966546,0.00015486246567191913,0.007843164165692047,9.102018273058349e-05,0.2595404498180423,0.25954022216876554,2912
1.3729003557187118,0.0031762664708502165,0.00015485552000948688,0.007843187907910066,9.102025710154217e-05,0.2595404537157067,0.2595402260881036,2913
1.372900106229603,0.0031761196571294635,0.00015484861127541962,0.00784321152232364,9.102033107461598e-05,0.25954045759251704,0.25954022998647347,2914
1.372899858062713,0.0031759736231338443,0.00015484173904899368,0.007843235010397286,9.102040465435587e-05,0.2595404614487118,0.2595402338641149,2915
1.372899611202775,0.0031758283598538415,0.0001548349029090113,0.007843258373596593,9.102047784531167e-05,0.25954046528452945,0.25954023772126744,2916
1.372899365634503,0.0031756838582709906,0.00015482810243379149,0.007843281613388264,9.102055065203114e-05,0.2595404691002084,0.2595402415581712,2917
1.3728991213425983,0.0031755401093577773,0.00015482133720117787,0.0078433047312401,9.102062307908643e-05,0.25954047289598825,0.25954024537506665,2918
1.3728988783117435,0.0031753971040775625,0.00015481460678852375,0.007843327728621043,9.102069513102635e-05,0.25954047667210745,0.25954024917219387,2919
1.3728986365266056,0.003175254833384584,0.0001548079107727036,0.00784335060700116,9.102076681242518e-05,0.25954048042880573,0.25954025294979366,2920
1.3728983959718353,0.003175113288223821,0.00015480124873010025,0.007843373367851651,9.102083812784979e-05,0.25954048416632247,0.2595402567081068,2921
1.3728981566320657,0.003174972459531048,0.00015479462023660712,0.007843396012644917,9.102090908187761e-05,0.2595404878848976,0.2595402604473746,2922
1.3728979184919148,0.003174832338232661,0.00015478802486762851,0.00784341854285449,9.102097967908827e-05,0.2595404915847711,0.25954026416783826,2923
1.3728976815359824,0.0031746929152456868,0.00015478146219807164,0.0078434409599551,9.102104992406451e-05,0.2595404952661832,0.2595402678697394,2924
1.3728974457488523,0.0031745541814777465,0.00015477493180235063,0.00784346326542268,9.102111982139973e-05,0.2595404989293747,0.2595402715533201,2925
1.372897211115092,0.0031744161278269506,0.00015476843325438168,0.007843485460734361,9.102118937569685e-05,0.2595405025745868,0.2595402752188227,2926
1.3728969776192503,0.003174278745181887,0.00015476196612757617,0.007843507547368506,9.102125859154078e-05,0.25954050620205976,0.2595402788664891,2927
1.3728967452458605,0.003174142024421566,0.00015475552999484913,0.007843529526804699,9.102132747353976e-05,0.2595405098120352,0.259540282496562,2928
1.3728965139794373,0.0031740059564153373,0.0001547491244286089,0.007843551400523766,9.102139602630098e-05,0.25954051340475454,0.2595402861092843,2929
1.37289628380448,0.0031738705320228907,0.00015474274900075685,0.007843573170007804,9.10214642544401e-05,0.2595405169804597,0.2595402897048991,2930
1.3728960547054694,0.003173735742094163,0.00015473640328268968,0.007843594836740169,9.102153216257492e-05,0.25954052053939275,0.2595402932836498,2931
1.3728958266668683,0.0031736015774692923,0.00015473008684529084,0.007843616402205487,9.102159975533275e-05,0.2595405240817962,0.25954029684578034,2932
1.3728955996731234,0.0031734680289786333,0.0001547237992589334,0.007843637867889686,9.102166703732614e-05,0.25954052760791174,0.25954030039153375,2933
1.3728953737086638,0.003173335087442613,0.00015471754009347734,0.007843659235279977,9.102173401319936e-05,0.25954053111798286,0.2595403039211547,2934
1.3728951487578993,0.003173202743671747,0.00015471130891826646,0.007843680505864897,9.102180068758615e-05,0.2595405346122524,0.25954030743488754,2935
1.372894924805225,0.0031730709884665795,0.00015470510530212768,0.007843701681134288,9.102186706512762e-05,0.2595405380909636,0.2595403109329766,2936
1.3728947018350144,0.0031729398126176074,0.0001546989288133694,0.007843722762579315,9.102193315047023e-05,0.25954054155436,0.25954031441566705,2937
1.3728944798316265,0.0031728092069053136,0.00015469277901977943,0.007843743751692498,9.102199894826572e-05,0.2595405450026854,0.2595403178832038,2938
1.3728942587794013,0.0031726791621000117,0.00015468665548862309,0.007843764649967685,9.102206446317855e-05,0.2595405484361843,0.25954032133583277,2939
1.37289403866266,0.0031725496689619117,0.00015468055778664072,0.007843785458900113,9.102212969986262e-05,0.25954055185510055,0.2595403247737992,2940
1.3728938194657068,0.0031724207182409997,0.00015467448548004813,0.007843806179986347,9.10221946629771e-05,0.2595405552596784,0.2595403281973486,2941
1.3728936011728277,0.0031722923006770303,0.00015466843813453243,0.007843826814724375,9.102225935720238e-05,0.2595405586501631,0.25954033160672757,2942
1.3728933837682897,0.0031721644069994826,0.00015466241531525394,0.007843847364613523,9.102232378722095e-05,0.25954056202680015,0.25954033500218304,2943
1.3728931672363427,0.0031720370279275153,0.0001546564165868385,0.007843867831154564,9.102238795770367e-05,0.2595405653898343,0.25954033838396107,2944
1.3728929515612174,0.0031719101541699143,0.0001546504415133853,0.007843888215849637,9.102245187334259e-05,0.2595405687395114,0.25954034175230895,2945
1.372892736727127,0.003171783776425093,0.00015464448965845441,0.00784390852020231,9.102251553882873e-05,0.25954057207607745,0.25954034510747376,2946
1.3728925227182656,0.0031716578853809964,0.0001546385605850717,0.007843928745717576,9.102257895885625e-05,0.2595405753997784,0.25954034844970303,2947
1.372892309518809,0.0031715324717151,0.0001546326538557299,0.007843948893901862,9.102264213813314e-05,0.25954057871086095,0.25954035177924484,2948
1.372892097112915,0.0031714075260943744,0.00015462676903237944,0.007843968966263022,9.102270508136311e-05,0.2595405820095717,0.2595403550963469,2949
1.3728918854847216,0.0031712830391752425,0.00015462090567643224,0.007843988964310366,9.102276779325521e-05,0.2595405852961574,0.25954035840125755,2950
1.3728916746183495,0.003171159001603524,0.00015461506334876155,0.007844008889554664,9.102283027853224e-05,0.25954058857086565,0.2595403616942257,2951
1.3728914644978993,0.003171035404014393,0.00015460924160969498,0.007844028743508131,9.102289254191811e-05,0.25954059183394396,0.25954036497550026,2952
1.3728912551074546,0.0031709122370324294,0.00015460344001901798,0.007844048527684477,9.102295458813563e-05,0.25954059508563987,0.25954036824533006,2953
1.3728910464310786,0.003170789491271459,0.00015459765813597128,0.007844068243598871,9.102301642192246e-05,0.2595405983262017,0.2595403715039648,2954
1.372890838452817,0.0031706671573346265,0.00015459189551924707,0.007844087892767975,9.10230780480205e-05,0.25954060155587794,0.25954037475165426,2955
1.3728906311566953,0.0031705452258143055,0.00015458615172699345,0.007844107476709954,9.102313947116217e-05,0.25954060477491664,0.259540377988648,2956
1.37289042452672,0.0031704236872920353,0.0001545804263168068,0.007844126996944461,9.102320069610737e-05,0.25954060798356726,0.25954038121519685,2957
1.3728902185468799,0.0031703025323386066,0.00015457471884573252,0.007844146454992658,9.102326172760016e-05,0.25954061118207844,0.2595403844315508,2958
1.3728900132011441,0.003170181751513902,0.00015456902887026893,0.00784416585237723,9.102332257041427e-05,0.25954061437070036,0.25954038763796133,2959
1.372889808473462,0.003170061335366972,0.0001545633559463583,0.007844185190622386,9.102338322930961e-05,0.2595406175496825,0.25954039083467934,2960
1.3728896043477647,0.0031699412744359114,0.0001545576996293899,0.007844204471253837,9.10234437090536e-05,0.2595406207192747,0.2595403940219561,2961
1.372889400807964,0.0031698215592479055,0.00015455205947419916,0.007844223695798859,9.102350401441995e-05,0.25954062387972715,0.25954039720004307,2962
1.3728891978379516,0.0031697021803191614,0.00015454643503506668,0.007844242865786256,9.102356415019828e-05,0.2595406270312909,0.25954040036919285,2963
1.372888995421601,0.003169583128154893,0.0001545408258657137,0.007844261982746367,9.10236241211666e-05,0.2595406301742163,0.259540403529657,2964
1.3728887935427656,0.003169464393249297,0.0001545352315193054,0.007844281048211098,9.102368393212194e-05,0.2595406333087548,0.2595404066816885,2965
1.37288859218528,0.0031693459660855267,0.00015452965154844837,0.0078443000637139,9.102374358786458e-05,0.259540636435158,0.2595404098255402,2966
1.3728883913329588,0.0031692278371356596,0.0001545240855051891,0.007844319030789807,9.102380309319686e-05,0.25954063955367757,0.25954041296146535,2967
1.3728881909695978,0.00316910999686069,0.00015451853294101242,0.007844337950975402,9.102386245292116e-05,0.25954064266456517,0.25954041608971684,2968
1.372887991078973,0.0031689924357105,0.0001545129934068449,0.00784435682580885,9.102392167186318e-05,0.25954064576807373,0.25954041921054904,2969
1.3728877916448408,0.0031688751441238073,0.00015450746645304596,0.007844375656829888,9.10239807548348e-05,0.25954064886445544,0.25954042232421554,2970
1.3728875926509383,0.003168758112528192,0.00015450195162941468,0.007844394445579841,9.102403970665542e-05,0.25954065195396286,0.2595404254309703,2971
1.3728873940809823,0.0031686413313400576,0.00015449644848518725,0.007844413193601631,9.102409853216766e-05,0.2595406550368498,0.25954042853106857,2972
1.3728871959186713,0.003168524790964579,0.00015449095656903226,0.007844431902439745,9.102415723619827e-05,0.25954065811336924,0.2595404316247647,2973
1.3728869981476832,0.0031684084817957376,0.00015448547542905555,0.007844450573640306,9.102421582359524e-05,0.2595406611837752,0.2595404347123141,2974
1.3728868007516766,0.003168292394216258,0.00015448000461279428,0.007844469208751004,9.102427429920336e-05,0.2595406642483217,0.2595404377939721,2975
1.3728866037142897,0.003168176518597618,0.00015447454366722077,0.007844487809321144,9.102433266787694e-05,0.259540667307263,0.2595404408699946,2976
1.3728864070191427,0.0031680608453000083,0.00015446909213873811,0.007844506376901648,9.10243909344735e-05,0.25954067036085376,0.25954044394063747,2977
1.3728862106498332,0.003167945364672326,0.00015446364957318357,0.007844524913045034,9.102444910385374e-05,0.2595406734093487,0.259540447006157,2978
1.3728860145899424,0.003167830067052187,0.00015445821551582405,0.007844543419305449,9.10245071808932e-05,0.2595406764530034,0.2595404500668099,2979
1.3728858188230293,0.003167714942765871,0.0001544527895113549,0.007844561897238669,9.10245651704653e-05,0.25954067949207316,0.2595404531228533,2980
1.3728856233326332,0.0031675999821283132,0.00015444737110390641,0.007844580348402071,9.102462307744451e-05,0.2595406825268135,0.25954045617454385,2981
1.3728854281022749,0.003167485175443114,0.00015444195983703546,0.007844598774354679,9.102468090672228e-05,0.2595406855574808,0.2595404592221395,2982
1.3728852331154546,0.003167370513002513,0.00015443655525373024,0.00784461717665712,9.102473866319959e-05,0.2595406885843318,0.2595404622658983,2983
1.3728850383556526,0.0031672559850873597,0.00015443115689640465,0.007844635556871671,9.102479635175624e-05,0.2595406916076224,0.2595404653060775,2984
1.372884843806329,0.0031671415819671564,0.00015442576430690485,0.00784465391656224,9.102485397731017e-05,0.2595406946276102,0.25954046834293637,2985
1.372884649450925,0.0031670272938999445,0.00015442037702650184,0.00784467225729435,9.102491154476345e-05,0.2595406976445522,0.25954047137673303,2986
1.3728844552728607,0.0031669131111324344,0.0001544149945958973,0.007844690580635184,9.102496905903189e-05,0.25954070065870594,0.2595404744077267,2987
1.372884261255537,0.0031667990238999047,0.00015440961655521697,0.007844708888153563,9.10250265250271e-05,0.2595407036703289,0.25954047743617625,2988
1.3728840673823342,0.0031666850224261736,0.00015440424244401774,0.007844727181419937,9.10250839476893e-05,0.25954070667967993,0.2595404804623419,2989
1.3728838736366133,0.00316657109692369,0.00015439887180128162,0.007844745462006404,9.102514133193963e-05,0.259540709687017,0.25954048348648306,2990
1.3728836800017157,0.0031664572375934446,0.00015439350416541692,0.007844763731486711,9.10251986827215e-05,0.2595407126925991,0.2595404865088602,2991
1.3728834864609618,0.003166343434624988,0.00015438813907425936,0.007844781991436242,9.102525600497617e-05,0.25954071569668524,0.2595404895297337,2992
1.3728832929976522,0.00316622967819643,0.0001543827760650705,0.007844800243432034,9.102531330364708e-05,0.2595407186995345,0.2595404925493641,2993
1.3728830995950683,0.0031661159584744523,0.00015437741467453974,0.007844818489052767,9.102537058369777e-05,0.25954072170140696,0.25954049556801295,2994
1.372882906236471,0.0031660022656142674,0.00015437205443878085,0.00784483672987877,9.102542785007587e-05,0.25954072470256195,0.259540498585941,2995
1.3728827129051004,0.003165888589759664,0.00015436669489333663,0.007844854967492028,9.102548510776192e-05,0.2595407277032605,0.2595405016034108,2996
1.3728825195841783,0.0031657749210429547,0.00015436133557317187,0.007844873203476167,9.102554236171206e-05,0.25954073070376227,0.25954050462068334,2997
1.3728823262569052,0.0031656612495850013,0.00015435597601268306,0.00784489143941646,9.10255996169015e-05,0.25954073370432806,0.259540507638021,2998
1.3728821329064622,0.0031655475654952287,0.0001543506157456897,0.007844909676899816,9.102565687832452e-05,0.2595407367052196,0.2595405106556868,2999
1.3728819395160103,0.0031654338588716323,0.00015434525430544065,0.007844927917514823,9.102571415096698e-05,0.25954073970669816,0.2595405136739436,3000
