total,pde,bc,diss,ctrl,energy,var,epoch
3.5532930669782914,0.09690958957727938,0.06756291779008913,0.0013677408617069047,0.0027618399337944314,0.30255321049940176,0.15098578797709247,1
9.493989109661506,0.2852638125813019,0.4581314936987455,0.0014470343541706258,0.0008379918156015973,0.22105191171076063,0.11427245988731197,2
4.692574097279309,0.12200904868495911,0.10640852859212797,0.0012990803516520837,0.0033732623390779095,0.19192020713640665,0.10027695042832223,3
4.3024632252987,0.0683284740145943,0.09132597395204259,0.0012302991408938266,0.0029169283132369824,0.19599140519105332,0.10219262011592602,4
4.926719560501018,0.06983349959120386,0.16305916430542963,0.0011706256225654087,0.0012137405458054354,0.21516122066137455,0.11437424181620844,5
3.7670753700165234,0.07144917625668024,0.10958115912431265,0.0011677339797478775,0.0001145711110750391,0.23929621043391458,0.13146531048194107,6
2.756665488883768,0.0825477101985658,0.04959186345639677,0.0012110829584809817,0.00019101430893803004,0.2638207926305994,0.15076352373020674,7
3.223667369425683,0.13968465263989305,0.07826543406037723,0.0013535308094909356,0.00023296145394048008,0.2652630748520893,0.15514335896189918,8
3.7015268303435476,0.19992539562407938,0.10682525549748768,0.0015527225098737976,0.0002051052358789558,0.26432149558806467,0.15595495896925265,9
3.356849976782547,0.22159961590481198,0.08231527094986192,0.0017020879596318702,0.0001965941429145582,0.26402120333332907,0.15548878457226695,10
2.6827184385040885,0.20062198125470543,0.03798120355174058,0.0017523817461020982,0.0002214798550735077,0.26488219926870715,0.15442301849912396,11
2.505301307312095,0.15031924102153515,0.02858076007207951,0.001647339091890914,0.00020614720302334854,0.2643578272389435,0.15182530616221995,12
2.695644906997993,0.11499183751113395,0.04393423143883526,0.0015033617650834913,4.5005660464418616e-05,0.25670862582534,0.14769129854299015,13
2.688661359566668,0.10286518652442997,0.043696624783162163,0.0013992376264850893,6.137319088399104e-06,0.24752263868432578,0.14527624550836707,14
2.4759564297823564,0.10771538976253837,0.029243705211669344,0.0013535508532008594,7.303580705258755e-05,0.24145390106232162,0.1473450021616253,15
2.3226701507733014,0.12950193746765928,0.023258514930098378,0.0014068651286727458,1.572467027660373e-05,0.24603456556269004,0.15863675546783126,16
2.348610806969788,0.16011403909504313,0.028823883919023123,0.0015777405925464336,0.0001104946346565686,0.2605116428143544,0.17657362917659739,17
2.4197593844889145,0.18365050597652166,0.03255009686937458,0.0017077690649346057,0.0003676238778757827,0.2691735202264942,0.18743922664978593,18
2.355767182234623,0.18351163328468295,0.02966503454763814,0.0017252268225469694,0.00018291186388699694,0.2635244912616703,0.18439674386048768,19
2.220749628858892,0.15924310935410732,0.020977298591783267,0.0016326777964039776,2.5359089353423623e-06,0.25159245374668854,0.17441538446900112,20
2.21330813742223,0.13334868229505767,0.021015388819754087,0.0014566794468843915,1.3710995413753357e-07,0.24962971638689035,0.17124041698948206,21
2.2525276739152096,0.12738503947440555,0.025843277806399098,0.001446440735817475,1.8457423664987623e-05,0.2542962103841627,0.17661443080961892,22
2.186193245399238,0.14025877687788246,0.022434948826417975,0.0015105561802204234,2.348996246491073e-05,0.2548466444541467,0.1818284332032574,23
2.1483964588193567,0.1619143013166973,0.020410062637187427,0.0016774282808382822,2.049996955927949e-06,0.25143178104329117,0.18639429276519734,24
2.157526416271291,0.17353035933572397,0.023197774945730054,0.001754142805522071,8.144670064109986e-05,0.25902478258137557,0.1979575035026982,25
2.128464415739495,0.17725124105309473,0.02183639640060648,0.0017010012003942,0.00011228119820036221,0.26059628228202525,0.20165932276366708,26
2.1001565196217693,0.16379429148339383,0.020027832733983602,0.0016395403975867225,3.422847724640703e-06,0.25185009397724567,0.19490763572109188,27
2.090368707128958,0.14772030397073102,0.020321900499840104,0.0015747152514727406,1.422252869601164e-06,0.2511925824372349,0.19446401781916625,28
2.0762649834861997,0.14675572580191903,0.020905180203870347,0.0016301172302224205,2.7708535556779357e-05,0.2552638897743759,0.19981598989887314,29
2.042659680240457,0.162008665297408,0.019021326077572023,0.0016934674548021215,2.2361826858400036e-05,0.25472882933276303,0.20375781705103765,30
2.0451121547884274,0.1792191292968197,0.019864093990433044,0.0017469137681006964,1.513007922786627e-05,0.2538897402519791,0.20911601751564132,31
2.0352094184865503,0.18964289695258998,0.0202224494327936,0.001816580273935717,5.733180392987252e-05,0.2575717768013771,0.21638007650600954,32
2.00519885152782,0.19291724654134998,0.018561897894490424,0.0018508472351126141,7.496417420096308e-05,0.2586581853873062,0.21897155874234708,33
1.9961429084219033,0.17663202888045929,0.01840427903002631,0.0017990768333612116,6.220192875907198e-06,0.25249403145046473,0.21391865622423603,34
1.9792533293028174,0.16771930941807267,0.01796828033282201,0.0017751270337835344,4.690562260405174e-06,0.2521657705927464,0.21416047989361545,35
1.9632208798203579,0.17970129399677934,0.017471081066560014,0.0018065435053996497,4.7245183209162474e-05,0.2568735131635258,0.22047755931918572,36
1.9451091789870818,0.18689094815526155,0.016867129477282708,0.001856454071554757,3.445040844612558e-05,0.25586944703069425,0.22351581141532345,37
1.9387516240684028,0.18562113786400652,0.01740538894359211,0.0019070130459213385,1.269982688762236e-05,0.25356368164790605,0.22549468684492463,38
1.9198120562721428,0.1858213184886532,0.017243208712803024,0.001924958044491052,4.568023459036743e-05,0.2567587154541649,0.2308115651308041,39
1.8957580524339956,0.18558761013277048,0.016018883144324265,0.0019079632628118243,2.90842008036768e-05,0.25539297698898084,0.23130497783815557,40
1.9175990983489886,0.17681624727170892,0.018070340877406693,0.0018905185455068414,3.355777685404234e-06,0.251831878185198,0.23015425875594123,41
1.9008229203331972,0.17908246171012102,0.017469400562646384,0.0019165573973573392,7.286122353330387e-06,0.2526992818217686,0.2326571475996402,42
1.86535462722454,0.19133097594530124,0.015270764705788236,0.001989703199397217,4.4400711059405057e-05,0.2566633858555096,0.2378715178750606,43
1.8696083922678914,0.1883158096731142,0.016222460770758534,0.002058436326184565,2.038620881452533e-05,0.25451510894824536,0.2383971130887967,44
1.8532728892102257,0.18470382303366953,0.01616173365691169,0.0020436287310596716,3.332691560578198e-05,0.2557729468736324,0.2418550152270573,45
1.847002923330093,0.1859096529995407,0.015796860735269983,0.0019911615170339044,2.0018567502575064e-05,0.25447421138331383,0.24169505244025294,46
1.8375802901763054,0.17976876233278416,0.01595138532887519,0.0019798566731855675,3.2548483491163034e-05,0.2557051278242615,0.24366203945941942,47
1.8279991594773461,0.17285035201659651,0.015833256786511152,0.002016504864704212,1.4323348903491986e-05,0.25378462004744096,0.2429922781362716,48
1.8132391384944249,0.17738356029503335,0.015244894195084319,0.0020660975061369373,3.007682712558304e-05,0.25548423441563023,0.24632484871398896,49
1.8093871925395208,0.18603124689357753,0.014864698775997318,0.002115716988163624,3.449171537310642e-05,0.2558729647856178,0.24822451985468755,50
1.7951046737240943,0.18596380174805135,0.014129991285220743,0.0021446329490464157,4.019727586105135e-05,0.2563401321643205,0.24930345572595353,51
1.7886441380353786,0.17811398741615603,0.014021003401475336,0.0021309101096621424,2.133271016861588e-05,0.25461873469346485,0.24761444579247846,52
1.7823289463977123,0.16978590325738185,0.014599148663771398,0.002092641549076027,4.794615142878871e-05,0.2569243159538534,0.2505988427523355,53
1.774675224131343,0.1730613010402326,0.012885370191981996,0.002109771051399192,2.554549026756968e-07,0.2494945745330163,0.2445788134872324,54
1.7742159759649172,0.173691655473599,0.01429101957917605,0.002142640638768944,0.00017499959710462546,0.2632287413273004,0.25895768967586114,55
1.760067178306666,0.17560508379049866,0.013123397978766214,0.0022000678848312374,2.1291266263194815e-05,0.2546142460124266,0.2507540383689969,56
1.7425263523842558,0.16831618587029076,0.012118462808885065,0.0021836220954247715,9.575886525846938e-06,0.25309449293517483,0.24896348703174487,57
1.767408636933018,0.16489762747566505,0.01422467809518208,0.002165866598841116,0.00022486690416598993,0.2649955628159129,0.2607749483788273,58
1.7338395034017409,0.16734884943418799,0.012200158792825487,0.0021979977934181,4.6643806273981e-05,0.2568296270962609,0.25307000601640767,59
1.7777940633158937,0.17224696418792193,0.011651867842411436,0.0022815903664685313,3.8050704015237434e-05,0.2438314747293022,0.24096915062328567,60
1.7826453403156726,0.1719559822850912,0.01388878179676917,0.0023149538872450533,2.2253328071305322e-06,0.24850824505795002,0.24614427220531648,61
1.7348008709287988,0.16576061677789536,0.012655169219208649,0.002278827836294031,0.00019112867405554471,0.26382492944125013,0.26160716668701667,62
1.7287631101885057,0.16243408395651987,0.012672781056358173,0.0022409793201883946,0.00010788587611315676,0.26038681260604796,0.2580538907381353,63
1.7281045145003953,0.1586969989674617,0.011153864530238394,0.0022378749006095526,1.7749768980985885e-06,0.2486677174105699,0.24618468380591332,64
1.7149608498038615,0.15331595497078807,0.011365073398456537,0.0022457213485100745,2.3284681495159686e-06,0.2515259318954383,0.24891819087778397,65
1.7066173648947123,0.15362737859691378,0.011603289564316121,0.002280496572252632,0.0001692096275731275,0.26300806010030425,0.2605336961047313,66
1.6996712072673557,0.1599890537266425,0.010977152951530546,0.002334434371310389,7.452176502929917e-05,0.25863259897303814,0.2566498056115625,67
1.6928428614093893,0.15860961761792833,0.009524731693148051,0.0023276824485247917,1.3621236402349773e-07,0.25036906959238536,0.2487619559285893,68
1.6873343665629528,0.14946621625956788,0.01086387776486692,0.0022786119541419562,5.346807852893971e-05,0.25731218698673247,0.2555999989996722,69
1.6763159683113495,0.14842822499322858,0.010200092328165159,0.0022862453617022915,0.00010043359348200102,0.2600216562244971,0.2580184761617553,70
1.6832108209430667,0.15193779541263142,0.00924486633996741,0.002347456230761258,8.132102043718648e-08,0.25028516840715126,0.2484517438925237,71
1.6683765773323669,0.14837590828332758,0.009245606984846957,0.0023587206006732623,1.1545152125096037e-05,0.25339781578739873,0.25184806158791273,72
1.677562729706609,0.14313827555960676,0.01043189840560102,0.0023338927700668802,0.0002179122262320643,0.26476185036613176,0.26334645080424934,73
1.6704755852196187,0.14445835247390992,0.010236088166395398,0.0023436811635458204,0.00010718447829028454,0.2603529936873488,0.2589913951717632,74
1.665036756168388,0.14179286467772964,0.008328302493874428,0.002354342386000664,2.2310353185054838e-06,0.24850633493764315,0.24714108976822005,75
1.6553912912723099,0.13473222913039445,0.009017483990617836,0.0023291274410286813,3.239227902930472e-06,0.25179978551581306,0.25040581061144745,76
1.6605582702731052,0.13276013879362047,0.010127402300729046,0.0023360047338208574,0.0001897786702416467,0.26377601793849176,0.26240854163666527,77
1.6472535013451468,0.14082921534322868,0.008946619662540893,0.00240244480990667,0.00011981480453047466,0.26094599490820614,0.25971240071334195,78
1.6480821211113343,0.14006327179954955,0.007754743818806127,0.002439999444041638,7.060533836607438e-08,0.24973428334947528,0.2486766593892194,79
1.6447278828363996,0.1303739594383348,0.008908497356212096,0.0024015268519783995,7.877543547893846e-06,0.25280669619800467,0.251812481548715,80
1.634125258954215,0.12475636639352257,0.009084795078213456,0.0023776635115873397,0.00016002896321946542,0.2626502554606405,0.2615812022341497,81
1.6338885106253922,0.13382037437399505,0.008555722632370989,0.0024338311861497063,6.899953098354218e-05,0.2583065956313969,0.25721330018833605,82
1.6225072998006502,0.12968620704293463,0.007310002395789174,0.0024452122798514315,3.6777025200247077e-06,0.2519177336937189,0.2509872601359696,83
1.6268431370045164,0.11854093430700022,0.00918105852206414,0.002396589983623653,6.696827445409019e-05,0.25818341459624833,0.2574031646332701,84
1.6105219623716542,0.1195747545989467,0.008039637859606277,0.0024316022428609073,7.642031958063415e-05,0.2587418716291555,0.2579509670911744,85
1.6357205480721668,0.13306866029041167,0.007849187223760863,0.002521345054377544,1.884411543023731e-06,0.25137273870165583,0.2504612514123858,86
1.6195331992728648,0.12579732792828044,0.0078118184299602236,0.0025046456068475074,1.8940665150553104e-05,0.2543520874474846,0.2534256765459679,87
1.6337552228878658,0.10913757148057938,0.010050401631326655,0.0024209587782810936,0.0001941528011962713,0.2639338724407923,0.2631718558205564,88
1.6305323127261653,0.10674557626072362,0.01023193093451116,0.0024303886762555398,0.00013278883146493036,0.261523403640632,0.26088728668502026,89
1.6132782023169507,0.11649839425816125,0.007378574632284683,0.002519744081594779,5.091612208638463e-07,0.2507135553383332,0.2500952701557975,90
1.6112313528212976,0.12166062266555795,0.007156692166466859,0.0025488114400741427,3.6174474236503363e-06,0.2519019588385794,0.2512242727464731,91
1.5970856906666173,0.1087289728022437,0.007780294458346767,0.002485059581753618,0.00015709760188242978,0.26253385822013436,0.2618072526315327,92
1.5957244817037848,0.10392394403706524,0.008124542880123441,0.002486182529535626,0.00010771318776350372,0.2603784964114993,0.2596803166239905,93
1.5923200164826927,0.10946978317994163,0.0062765416219994225,0.0025650677508443874,1.7408762539848007e-09,0.2500417238091979,0.24942086224794485,94
1.5866936790975443,0.10965941882231892,0.00659809841232791,0.00256974522238966,9.846583096541871e-06,0.25313792656009376,0.252585728281112,95
1.5969764841491125,0.09961495775768181,0.008077912787045786,0.002498553914239764,0.00023834693738548652,0.2654384888310186,0.26489115583835476,96
1.5878097752502351,0.09865033072694103,0.0077403993525530694,0.0025070558183666134,0.0001922153480525704,0.2638641749863658,0.2632837284388653,97
1.582636797611728,0.10571715940271635,0.006102154985925756,0.0025962669648971416,7.896936153055467e-07,0.2508886470701609,0.2502888784571687,98
1.575768635909961,0.10352048983682244,0.0057459762621701336,0.002606955173794714,4.1905069857626645e-07,0.2506473412535721,0.2501025295376238,99
1.5740619506595608,0.09412897181159559,0.007285309836492175,0.0025412000354028165,0.00015675321373157008,0.2625201123689674,0.2620516156712339,100
1.5668182351297617,0.09510846173859018,0.006739076154696865,0.002561197661266736,0.00015698349319186994,0.26252930537547353,0.26207173124543515,101
1.5736287546323418,0.10248413322776279,0.005701491637798499,0.00265046316554188,5.123081474047338e-07,0.2507157570449564,0.2502168776522086,102
1.5655203913428501,0.09814812358737214,0.005533303203169351,0.002638589699139255,1.1377723517174078e-06,0.25106666412319784,0.25056093227829274,103
1.5703725047804669,0.08808938900939102,0.007360635797359128,0.0025548341492424823,0.00018022090902046093,0.26342463813368766,0.26296359389159857,104
1.5609593516528935,0.08906265225063402,0.0065952487202976615,0.002574570295595811,0.00020002870962226323,0.26414315062573623,0.263718926170735,105
1.565373479505757,0.09797780694988274,0.0058092023999608035,0.0026821659854216816,4.8037621367876775e-06,0.25219174864817745,0.2517792689009629,106
1.553811439178542,0.0937444064915612,0.004938459925162295,0.0026840058364228534,2.7368643239336526e-07,0.25052315048732976,0.25011332162861016,107
1.5607041085315096,0.08387952557553731,0.007148113616668004,0.0025950774867026837,0.00013596102326221635,0.26166023255609494,0.2612391001321797,108
1.5496359096789938,0.08510383860043962,0.006148041224438093,0.0026100316106232877,0.0001894867113132108,0.2637654172226348,0.26333676718368054,109
1.555464481410358,0.09510245255379653,0.005572626062775356,0.002723334387730089,1.1400230153552367e-05,0.2533764226858544,0.2529923693788097,110
1.5445509582842871,0.08985594695875088,0.004881685842071699,0.002719434140722893,2.8997882985386146e-06,0.2517028764777689,0.2513789860297369,111
1.5541257555447625,0.07937430361833599,0.007037527620284553,0.002621324417688585,0.00013477271479643552,0.26160916512056037,0.2612856044519204,112
1.542266663174777,0.0805741569708859,0.006063286142396823,0.0026387838493495057,0.00016645700055652616,0.26290182159838393,0.262538389033351,113
1.5502394110784463,0.09292303218530824,0.005363785015730848,0.00277173759468381,1.0924871602913815e-05,0.2533052793532338,0.25294692985933004,114
1.5408326113641404,0.08931954089871923,0.004806367957081608,0.0027771241528275737,5.396640943158158e-06,0.2523230671413367,0.2520219618656981,115
1.5419300171025512,0.07660562182880108,0.006441043374162262,0.002666744244853413,0.0001271763751130752,0.26127725033477023,0.2610147281111518,116
1.5356670100822754,0.07660026860820111,0.005985991321428526,0.0026725898850375523,0.0001416102383349712,0.2619000100140702,0.2616207306247022,117
1.5366236518703604,0.08759060100175844,0.0048481871264824256,0.0027964609132095845,1.17011824934644e-05,0.2534206991234928,0.2531255445703745,118
1.53002357072341,0.085205057574782,0.004642211550684211,0.0028011328370931925,1.465799981940203e-05,0.2538285767354726,0.2535604251520447,119
1.5364002655879383,0.07411394454819432,0.0061706695650130036,0.002701715850879062,0.00015567521964514642,0.2624769876029892,0.26224023179310985,120
1.5300336767922782,0.07403322987749647,0.0058110534740774345,0.00272058294351597,0.00013488620559372756,0.261614052074695,0.2613853218325405,121
1.53057161655658,0.08367536461574962,0.0046071428572601065,0.0028433146761533347,7.744801822544722e-06,0.25278294840457827,0.25255213458269454,122
1.5265044689361393,0.08279507309770968,0.004530581713099717,0.002843133663281881,1.2477570688790356e-05,0.2535323604981358,0.2533071547290058,123
1.5250620944231355,0.0718357446527707,0.005579136429323662,0.002737051771881879,0.00015357975298100032,0.2623927298437834,0.26217982880557295,124
1.5204653416045262,0.07126792087532755,0.005366967655105673,0.0027560842408964146,0.0001342409319154002,0.2615862389029141,0.2613891014349997,125
1.5246218141496903,0.08007536281376532,0.004439062972439069,0.0028855670219441153,7.05775460256866e-06,0.25265664348428024,0.25247468704356985,126
1.5203090511329336,0.07955508219686422,0.00430181303278996,0.0028892997802348135,1.0721633034900252e-05,0.2532743904829602,0.2530982586821523,127
1.5176419859495873,0.0695168707017996,0.005246618038161319,0.002776193813196856,0.00015397477554557633,0.2624086572821388,0.2622308087785223,128
1.514042394953508,0.0686028688436976,0.005097597183996484,0.0027890123909261586,0.00014413987592853071,0.2620058267490636,0.26183353649896873,129
1.5169705499439545,0.07730068469995084,0.004160985215109915,0.0029258856243367113,8.232310096695844e-06,0.2528692002538505,0.2527127273112118,130
1.5122540244917595,0.07678870031529159,0.003948995669583121,0.0029329564054362475,1.04187442424537e-05,0.2532278079624497,0.25308256376981564,131
1.5130634749990115,0.06688763571245895,0.005106563534661063,0.002808780977375297,0.00015977241032820284,0.26264011116755714,0.262495704659048,132
1.5092367062896588,0.06561398548296139,0.004946162082957279,0.002814492520151942,0.0001565843456908035,0.2625133666809058,0.2623670478561935,133
1.508555817339522,0.07436438866227021,0.0038523744884364918,0.002959124497810508,9.967698809712185e-06,0.253157166262602,0.25301567444999257,134
1.5040566640584396,0.074116948003212,0.0036043194649538683,0.0029746775174004786,1.1156473745241286e-05,0.25334013079762474,0.25321043235681384,135
1.5083860651414542,0.06448855303675953,0.004931417548335321,0.0028463367102793385,0.00016829260326884518,0.2629727639024552,0.26285218083699724,136
1.5037888961770849,0.06311234988401933,0.00472484224860818,0.0028484643835626983,0.0001658598294636114,0.2628786579061489,0.2627564869691031,137
1.5025492768795277,0.07180942415982183,0.0036408968606009375,0.0029932690410302758,1.049866358817853e-05,0.253240164129821,0.2531136932405813,138
1.4980856951246706,0.07136765144208809,0.003358139553878683,0.0030100348635789067,9.909705048399029e-06,0.2531479684001589,0.25302853043985146,139
1.503015113581194,0.06223010790348276,0.004737284143935032,0.0028843624357309935,0.00016525997907460938,0.2628553482673403,0.26274597490915774,140
1.497537853940523,0.06113945001419786,0.004418603963460436,0.0028891450324063247,0.00017251982095552477,0.26313468008577007,0.2630242773857452,141
1.498556699149319,0.06975068120508542,0.003569263799349287,0.0030330415075822343,1.2631222570988568e-05,0.2535540431301531,0.25343988587132876,142
1.49321606995112,0.06865321551014816,0.0031927304364347,0.003043946197685769,9.064130894031904e-06,0.2530106695092673,0.2529037204248949,143
1.4982349651712619,0.059944202261568214,0.004613960924301185,0.0029175412606217504,0.00015281693487312714,0.262361914692843,0.262262278217823,144
1.4921428596297868,0.059204980568842804,0.004195857030389685,0.0029267071699499506,0.0001708475512259103,0.2630708665063151,0.2629681899995539,145
1.4949659795555492,0.0678870024909337,0.003534260739608475,0.0030755450483789444,1.627660873493943e-05,0.2540344279315585,0.2539303284384404,146
1.4890972548032355,0.06634418360993716,0.0031271189825867888,0.003083347565231632,1.0906468259942994e-05,0.2533024942482831,0.2532063985954963,147
1.4941311726771456,0.05784173038627664,0.004508790028842216,0.002950848754102768,0.00014366435487000914,0.26198600662731375,0.26189401993969763,148
1.488142578228231,0.0571320638457808,0.004102123717094449,0.002958377047848034,0.00016131089248900803,0.2627008225123024,0.2626043792766253,149
1.4910033459682963,0.06590737865831878,0.0034508166188204612,0.003112014261691417,1.887265033225374e-05,0.25434426637445884,0.25424855738676205,150
1.485420858933802,0.0644656668705051,0.0030972104091972746,0.003122533366619553,1.4621212674527018e-05,0.25382376943270996,0.2537372295482738,151
1.4901007063932745,0.05594691587225161,0.004370718511079487,0.002986425680025441,0.00014292023668331313,0.2619549252060945,0.2618724227089363,152
1.484837123276844,0.05508446167033989,0.004051919389074927,0.0029909355537900686,0.00015142725484713004,0.2623055782004394,0.2622185379927281,153
1.486461519081951,0.06364777190810923,0.00330223132338645,0.003145755421788105,1.8967936202068644e-05,0.2543552194206571,0.2542674202413814,154
1.481672395149798,0.06265475831466573,0.003037823404836276,0.00315863248523572,1.8173100675393207e-05,0.25426299198631586,0.2541839466101,155
1.4859337413970946,0.05407238727596147,0.004202265831571431,0.003020861609805284,0.00014935860409384725,0.26222123578423423,0.2621488653328888,156
1.481381854505373,0.05317994118054782,0.003965470275247209,0.003024059109156993,0.00014657632219686054,0.2621068708672745,0.26203123770095543,157
1.4820262779917757,0.06136647899198293,0.003129827137306734,0.0031778056924429638,1.7207863529498307e-05,0.2541482361949988,0.2540685192193917,158
1.4778017748701417,0.06068684895497068,0.0029369835181480113,0.003190355885077751,1.9630547105755343e-05,0.25443063732500815,0.2543576682188485,159
1.48199931769562,0.05226311486483272,0.004037404802250654,0.00305409933890553,0.0001575516690577589,0.2625519587737436,0.26248792755281214,160
1.4777558397657997,0.05158016707682088,0.0038281335326430205,0.0030603243971940625,0.00014821548301681395,0.26217437813675976,0.26210877011873673,161
1.4780723555601658,0.05934932938840321,0.002980258482482859,0.0032122851893323424,1.6018064063815506e-05,0.25400225737101145,0.2539305938338489,162
1.4740158713334686,0.05866366116452985,0.0028177398286138595,0.0032188186644571165,1.9445931341957356e-05,0.25440975411354844,0.2543420404484584,163
1.4785244907241017,0.05049657076291632,0.003910122559259671,0.0030819455118949062,0.00016197966330474392,0.2627271231354436,0.26266807351814847,164
1.4742990319208054,0.05010786382247301,0.003687092397169618,0.003094425247570893,0.00015172447647328785,0.26231764898319837,0.26225884756773155,165
1.4745736726976597,0.05760319709277148,0.002866656295469357,0.0032495137569585153,1.608507015945879e-05,0.2540106196727512,0.25394679078535004,166
1.4704640479653506,0.05682607799363359,0.0027056083720512015,0.0032494962532352762,1.949403960968282e-05,0.25441520550027774,0.2543530856412005,167
1.4755970624569845,0.04887344799568439,0.0038172443054012087,0.0031070542011366717,0.0001639753458014493,0.262805285853953,0.2627499166914112,168
1.4712897039845265,0.04862853980306727,0.0035798861190047917,0.00312380834296788,0.00015383315811488726,0.26240294957318167,0.26234937616122306,169
1.4713603599179885,0.05598814846361146,0.0027706382626686192,0.003285699699756106,1.654449438778698e-05,0.2540674923955414,0.25401071665599295,170
1.4672434090330826,0.05521530857607188,0.0026100347743852267,0.0032821723722499963,2.0147385251563322e-05,0.25448858388041967,0.25443158618370726,171
1.4728852631610734,0.04736312435618325,0.003730779077072526,0.0031316449342420386,0.0001660191973145514,0.26288484370547627,0.26283256691146734,172
1.468575518786288,0.04714729019315399,0.003496900842010007,0.0031497749752388803,0.0001544090745875619,0.2624261447998791,0.26237683037360254,173
1.468291444962798,0.05442297321658492,0.0026725981712069653,0.003319518591942747,1.658110105401581e-05,0.2540719898150678,0.2540214240108518,174
1.4642883627992773,0.053745036907078325,0.0025246175414055795,0.003315339288362617,2.093194361265657e-05,0.2545751441084032,0.25452373262377426,175
1.4701879544112337,0.04596039432516521,0.0036332502463908103,0.003156880112691185,0.0001694289698917513,0.2630164883855728,0.2629679295448206,176
1.465944083267815,0.04577472334790442,0.0034110689926161886,0.0031746465457036755,0.00015528560169631025,0.26246136435934325,0.2624156507350703,177
1.4654539861395666,0.05293546655757122,0.002576058455962723,0.0033511946128253617,1.6172771676745487e-05,0.25402153847137454,0.2539761531323535,178
1.4615923709111849,0.05233384495481777,0.0024432854251938514,0.00334716642950921,2.1125780040185393e-05,0.2545962789341146,0.2545505050841248,179
1.4674934275363332,0.04466590195702284,0.0035284424719508943,0.0031817066567116597,0.00017282857406615784,0.26314642818662765,0.2631018404457239,180
1.4633141731435548,0.044510444828349635,0.003314080645030014,0.0031987689950715072,0.00015740496276678615,0.26254611345265083,0.2625038103081485,181
1.4628703279100386,0.05154326994547994,0.002490833847967776,0.0033814617308176287,1.581696787375111e-05,0.2539770551761009,0.25393639346608976,182
1.4590485246232618,0.050958009121233334,0.002360303427808319,0.00337783228005587,2.0712945366912497e-05,0.2545511476977695,0.2545103505302827,183
1.4649309591486854,0.04349003311344863,0.0034287808510099125,0.0032064018353356203,0.0001749817688267225,0.2632280674637954,0.26318698377633987,184
1.4606970376368928,0.043335773403821665,0.0032089889306897742,0.003223126806158621,0.00016036728258269644,0.2626636204374064,0.2626245340911418,185
1.460591857161575,0.05029691625559976,0.0024237719595670507,0.003411230651076061,1.5854907293070085e-05,0.25398182210716025,0.25394534905942295,186
1.4566701063906606,0.049646664398134546,0.0022807361912836784,0.0034068195804058212,2.011207599524039e-05,0.254484648926643,0.2544479600843895,187
1.462580986181254,0.042348279704611844,0.0033479527348507345,0.003229376219015415,0.00017524057540127143,0.26323784632790664,0.26319980384784186,188
1.4582113851152454,0.04221259141089701,0.003111083160469704,0.0032466755925228056,0.00016266800818958248,0.2627541369049255,0.2627178401647436,189
1.4585853625161271,0.04917537456892135,0.002373055425173357,0.0034411559131263324,1.624055889334091e-05,0.25402995767885234,0.2539968644347083,190
1.4545362028815867,0.04845920192321179,0.002213890419775901,0.0034358809586692543,1.9827829070270486e-05,0.25445284505347654,0.2544195535115324,191
1.4603902195299843,0.04125608031006031,0.00327821249606659,0.003251525019259053,0.0001744585604769614,0.26320827621141235,0.2631727388831321,192
1.4559265747498118,0.041141116120389995,0.0030278248816064065,0.0032688765427160565,0.00016350673198045146,0.26278697509110155,0.2627528682448946,193
1.4567531486434278,0.048107632238478935,0.002330927534454805,0.003470018332486565,1.667129026204788e-05,0.2540830491378439,0.25405278831560213,194
1.4526328624755998,0.04737402463883293,0.002161626836545164,0.0034644391413749275,1.9928706487658624e-05,0.2544641579819333,0.25443375432489457,195
1.4582835186412706,0.04023659564997906,0.0032089497380435846,0.0032731518134438997,0.00017371323492694387,0.26318003167397347,0.26314649852679944,196
1.4537986004687373,0.040125038810175505,0.002955081165501968,0.0032903235280966987,0.00016322490923902585,0.2627759504240986,0.262743789689827,197
1.4550333625885663,0.047075557437807974,0.00229037317491239,0.00349788228370605,1.692199807681787e-05,0.2541136356276192,0.2540860550921663,198
1.4508918956994636,0.04635702757789519,0.0021186538073232463,0.003492120854354957,2.0224571662213655e-05,0.2544971737416086,0.2544693614862263,199
1.4562265795650744,0.039273559398294265,0.0031371728748297596,0.00329424560682533,0.00017351261019756017,0.26317241854017553,0.26314075641467527,200
1.451772151146407,0.03916202841690868,0.002886818941699511,0.0033112645379940304,0.00016257296075834928,0.2627504102192184,0.26272018571855205,201
1.4533903913611739,0.04607491785745756,0.0022489662181173087,0.0035246536800698446,1.6967843166105453e-05,0.25411920419087297,0.2540941189286442,202
1.4492536109768115,0.0453815879316285,0.002079345580798732,0.0035184490335205035,2.050038141147688e-05,0.25452773468872425,0.2545023696094416,203
1.4542306796917388,0.03835246507374865,0.0030651393176987316,0.003314555231403769,0.00017372648722475373,0.26318053440588635,0.26315078082802384,204
1.4498240711065296,0.03826496420136366,0.0028188134488235286,0.003331832868746754,0.0001620862152470653,0.2627313084656317,0.26270300707466493,205
1.4518247927150116,0.045113609004088145,0.0022084659621766835,0.0035507139588754847,1.692740783125025e-05,0.2541142931144062,0.25409157838311897,206
1.4476915189295239,0.044437013405603736,0.002041333503708315,0.0035436431099901094,2.0670132898317924e-05,0.2545464417843318,0.254523379547815,207
1.4523088712611332,0.03747541552074146,0.0029950905131344257,0.003334074355151904,0.00017393748815799985,0.2631885362401595,0.26316057136803084,208
1.4479325657467506,0.037417525687312624,0.002750630475792702,0.003352052833523112,0.00016178508884596545,0.262719476752051,0.26269305253366887,209
1.4503443542157548,0.04419737939954504,0.0021711884786549808,0.003576147286935191,1.691875311473794e-05,0.2541132411933581,0.2540927440424768,210
1.4461838677328775,0.043518358031417945,0.002004537780909554,0.0035677120418904787,2.080154586271006e-05,0.2545608711736586,0.2545398091946383,211
1.4504783238888168,0.036629091382436335,0.0029298604737302953,0.003352764231110556,0.00017392614047205782,0.2631881060229306,0.2631617392162335,212
1.4461080737475536,0.03660689133598235,0.002684603451680246,0.0033719333365425943,0.00016143278801216375,0.26270562033165495,0.2626809648314917,213
1.448940548431686,0.043321867962987995,0.002137422459264164,0.0036011147506450807,1.6974183090404915e-05,0.2541199736759359,0.25410141885801,214
1.4447459787086674,0.04264080568734589,0.0019702925323681836,0.003590979564982372,2.0980561799211002e-05,0.2545804543223583,0.25456109668916166,215
1.4487246903587847,0.03580974562082183,0.002868569663440528,0.003370643720314529,0.00017373751927402724,0.2631809528970415,0.26315597459424944,216
1.4443684987116698,0.03582989758462845,0.002622678527181296,0.0033911115473403927,0.0001608583166630584,0.26268299320598487,0.262659890521325,217
1.4475941621290513,0.042475666761266594,0.0021058074905453148,0.003625404857442346,1.7048220261845228e-05,0.2541289490505267,0.2541120873170747,218
1.4433868985640368,0.041807460734079795,0.0019392814132614118,0.0036137158148254783,2.1226449808021037e-05,0.2546072171435717,0.2545893258150364,219
1.4470145264093188,0.03502961025053231,0.002807464719084847,0.003388113320368022,0.0001735610959625226,0.26317425883921075,0.2631504595436431,220
1.4426909273791721,0.03508311595786422,0.0025634062914751087,0.0034097657442886393,0.00016010746517803123,0.2626533578617706,0.26263164677436174,221
1.4462953207212714,0.04165225918142985,0.0020750731731645784,0.003648836294534579,1.708371102509387e-05,0.2541332446122984,0.25411785310559865,222
1.442091506968823,0.041007261949037116,0.0019102254202834619,0.0036356660629705737,2.147376841131755e-05,0.2546339797594851,0.25461731142113836,223
1.4453337927632504,0.034280630000904914,0.002746001413454075,0.0034051369070272593,0.00017344067171045152,0.2631696876086888,0.2631469253594821,224
1.4410557297401625,0.03436384105460236,0.0025050963093479397,0.0034279814123531764,0.00015935164235910283,0.2626234560386252,0.26260302544335967,225
1.4450472509069408,0.040847405516679834,0.0020457264979463355,0.0036715125391554846,1.708040613178169e-05,0.2541328447988984,0.2541187397223446,226
1.440854585730593,0.0402342935769926,0.0018822654664900937,0.003656931862659535,2.1659718483348805e-05,0.25465400026679724,0.2546383971832142,227
1.4436879515828684,0.03356197415978663,0.0026848586819749913,0.0034217608221310783,0.00017330787151293909,0.26316464475452866,0.2631427979131943,228
1.4394553411269522,0.03367408396840875,0.002446720066725676,0.0034458002520360406,0.00015870987893473303,0.26259801091183577,0.26257874172729107,229
1.4438632348167497,0.04006844203767362,0.0020187121640987448,0.0036934988760532425,1.7067415537789695e-05,0.2541312728713787,0.25411831756441844,230
1.439668497385023,0.03948378091536043,0.001855019615137312,0.003677475584589702,2.1769580884541766e-05,0.2546657883454505,0.2546511012923817,231
1.4420931378282826,0.03287114244906462,0.002625718930523608,0.0034379491820102077,0.00017304383323339542,0.2631546126219435,0.26313355813178835,232
1.4378909777216682,0.033008906876258653,0.0023888044175129166,0.003463314892355052,0.00015815223464166924,0.2625758592009321,0.26255768254725836,233
1.4427428481431692,0.039314575741197996,0.0019947995957342226,0.003714896669375376,1.7084948480844915e-05,0.25413339430502885,0.25412147089198706,234
1.438527997589581,0.03875525101109835,0.0018288519265437448,0.0036973523804721426,2.1848184159037037e-05,0.2546742041203864,0.2546603123108382,235
1.440558955720777,0.03220501596642553,0.0025695841707907667,0.0034537333384553896,0.00017260927951347316,0.2631380850778747,0.26311774701897833,236
1.4363763369852742,0.03237095763175184,0.0023323572723125525,0.0034804920833203276,0.00015759582745851657,0.26255371767479724,0.26253656290832655,237
1.4416748421382963,0.03858709089862481,0.0019734825072650415,0.003735625323850574,1.71508237105595e-05,0.25414135529875903,0.2541303596295389,238
1.4374263371856455,0.038050158399643756,0.0018040250991378124,0.0037164870660522744,2.1950225258211574e-05,0.254685106749927,0.25467190779957233,239
1.439095625203102,0.03156509463388955,0.0025168348049113866,0.0034690974143388735,0.00017205708845211457,0.26311705334486807,0.26309735506369647,240
1.4349266467147295,0.031758846368327896,0.0022787198418429094,0.0034973560333523388,0.0001569689842096334,0.26252872636023444,0.26251253892233434,241
1.44063468229103,0.03788378214818429,0.001953301237646227,0.003755653584691607,1.726716645985056e-05,0.25415537801648064,0.25414520237216565,242
1.4363514108958924,0.037368532516688244,0.001780414564663582,0.0037348746646384766,2.2123344429483352e-05,0.25470354594210404,0.2546909295819684,243
1.4377035238611733,0.03094969989387606,0.0024671639534779846,0.003484093076456807,0.00017150932810470354,0.2630961569975586,0.2630770548896026,244
1.4335591568471662,0.03117127925007181,0.00222906611061265,0.003513823612936869,0.0001562898348838909,0.26250159329381223,0.26248631693295776,245
1.4395864653482655,0.03719853970235492,0.0019320805279614609,0.0037748056312439924,1.7424522588810206e-05,0.25417426910833624,0.25416479663307473,246
1.435283050021428,0.03670857175554069,0.0017569412270886185,0.003752437972851247,2.237910133777219e-05,0.2547306554871151,0.25471852272551465,247
1.4363908721345198,0.030359169178889273,0.002420601561244636,0.0034987541917729723,0.00017110318098803432,0.2630806414593488,0.2630621090124947,248
1.4322875075675348,0.030607411120029286,0.0021840023910447664,0.0035298863900970236,0.00015567174960944626,0.2624768485447827,0.262462433857645,249
1.438500418705091,0.036528561765455436,0.0019079892503794057,0.0037929890153956206,1.76219141439982e-05,0.254197846369747,0.25418896650685713,250
1.4341939990133805,0.03606552146051827,0.0017320052083167163,0.0037690315758536087,2.271338323220058e-05,0.2547658559810595,0.2547540971536032,251
1.435173439782928,0.029791513998638965,0.0023780233060150535,0.0035130115921736564,0.00017092523265847104,0.2630738377173067,0.2630558549544174,252
1.4311219874345598,0.030066213582461122,0.0021438880103646428,0.0035455252434455596,0.00015524240754087525,0.2624596311157624,0.2624460352009786,253
1.4373551122340669,0.03587141166776437,0.0018800127097494388,0.0038101780683651126,1.7874783734628376e-05,0.25422785805516557,0.25421945737495405,254
1.4330618855131958,0.03543604997244866,0.0017042689062212533,0.0037845659602802144,2.3124834374767558e-05,0.25480882879449535,0.25479732522555754,255
1.4340679380232921,0.029244594713810416,0.0023405910031174555,0.003526790580503493,0.00017100266128183085,0.26307679858688016,0.263059346546884,256
1.4300689251871226,0.0295473780741397,0.002108950904832686,0.0035607078867945312,0.00015507367011736588,0.26245285790962725,0.26244004649594754,257
1.4361452492565232,0.035228282405423056,0.0018479720903662312,0.003826363063319661,1.8199576677363702e-05,0.2542660961870736,0.2542580757953376,258
1.431879093375888,0.03481888579169615,0.0016733236714925475,0.003798975360937176,2.3618760355530603e-05,0.2548599136160564,0.25484853520282097,259
1.4330767654353134,0.02871794209279224,0.0023085834335560646,0.003540079980023062,0.000171310831066054,0.26308857635749794,0.2630716334482756,260
1.4291236641580625,0.02905043697305697,0.00207893969515768,0.0035754755724997753,0.00015515897873098563,0.2624562827011507,0.26244423310357545,261
1.4348775356593626,0.03459920473395357,0.0018124161152831366,0.0038415645615292393,1.8605805929182144e-05,0.25431344478684753,0.2543057052320195,262
1.4306570531038767,0.03421551476007644,0.0016397522268590805,0.00381227125574779,2.4194281125795863e-05,0.254918768252906,0.25490738029827464,263
1.4321837550994814,0.028211232853662383,0.0022812172459462567,0.0035529393536719283,0.00017177401672149,0.2631062586851279,0.2630898099606355,264
1.428271395481241,0.028576273266581763,0.002053048545903432,0.0035898929892304293,0.00015542082176550214,0.26246678875113805,0.2624554735266373,265
1.43357929075452,0.033988483380042636,0.0017745740168969184,0.00385586752571733,1.907988211897639e-05,0.25436805244004423,0.25436049644860703,266
1.4294281083952098,0.033630042026580924,0.0016051602516156407,0.003824564053911221,2.483577264275915e-05,0.25498355020469937,0.2549720113944637,267
1.4313540386041614,0.02772587447440628,0.002256434255593095,0.0035655105542284392,0.0001722928715128939,0.2631260379213567,0.26311007278841303,268
1.4274819840440724,0.028125653528428187,0.00202963958722846,0.0036041321232829523,0.0001557246426356203,0.26247896801164344,0.26246836967757053,269
1.4322905278000477,0.033399668913562976,0.0017362367566137835,0.003869408410707721,1.9586982637247004e-05,0.254425718318787,0.25441824172968225,270
1.4282360496486408,0.033068128335665296,0.0015715879747870744,0.003835998508526341,2.550823264862174e-05,0.2550505675570793,0.2550387296953139,271
1.4305424907793416,0.02726244470958473,0.0022316316050232897,0.0035779445254565724,0.0001727466512552847,0.2631433120352248,0.2631278224011417,272
1.4267185079409468,0.02770096786211839,0.002006584971306055,0.0036183968208032265,0.00015591431220368022,0.26248656526846675,0.26247666894080707,273
1.4310569429468576,0.032839154357079986,0.0016992494566322545,0.003882351336909664,2.008038707112922e-05,0.2544811144898484,0.25447360849651374,274
1.4271239247718521,0.03253443714836699,0.001541081277168737,0.0038467393532759173,2.6171908999913698e-05,0.25511584880541965,0.2551035472248135,275
1.4297035111160927,0.026822172616805837,0.0022041063237795405,0.0035904459975277547,0.0001730233491123793,0.2631538340080898,0.26313881994912947,276
1.42594685523062,0.027303854442203918,0.0019819342157226666,0.0036329349844134904,0.00015585470220742413,0.2624841780749645,0.2624749845339764,277
1.429907358379122,0.032309445006947206,0.0016648387821978146,0.003894769752618713,2.0525104128266804e-05,0.25453046400805335,0.2545227996978185,278
1.4261188220976828,0.03203205841410997,0.0015148966980079756,0.00385685381289946,2.6796968546721136e-05,0.2551765788457939,0.255163626620998,279
1.4288116636850132,0.026405693552913025,0.002172373770899643,0.003603155319744019,0.00017305597615994718,0.26315507416018424,0.2631405411979307,280
1.4251566931714217,0.026935701327409696,0.001955089788476843,0.0036479074595248844,0.00015548685848024252,0.2624694369752705,0.2624609478459792,281
1.4288451056960083,0.03181177188771352,0.001633042894151592,0.003906657777002379,2.0911445398778606e-05,0.2545729033883058,0.2545649293546817,282
1.425222761285794,0.0315597736468118,0.001493340323848817,0.0038663108587733796,2.7388282967017513e-05,0.25523338159959863,0.2552195581759895,283
1.427871995798244,0.02601259051332411,0.0021366972569915525,0.003616137076598397,0.00017287284954863906,0.2631481120146065,0.26313407853792264,284
1.424367166772245,0.026596368535333047,0.0019272308487280779,0.003663361717891622,0.00015484113231273574,0.26244351768242147,0.26243573530778197,285
1.42784242394904,0.031342135539273175,0.0016026063241993463,0.00391787752559405,2.125839091636506e-05,0.2546106822614842,0.25460221380416526,286
1.4244131001218217,0.03111337609619133,0.0014756711413643833,0.0038749314541771784,2.798681685363196e-05,0.2552902567852262,0.25527529712782876,287
1.4269179516842079,0.02564241758266004,0.0020989108675597053,0.0036293801869459975,0.00017258886285376906,0.2631373080520238,0.26312380037264,288
1.4236190035013692,0.026285668151915045,0.001900779838261328,0.003679281438467896,0.00015400983139575512,0.2624100697578924,0.26240299292325014,289
1.4268545710659544,0.03089503568159428,0.0015714696375249688,0.003928222156903946,2.160207246973143e-05,0.2546478029723442,0.2546386148177327,290
1.423656164363648,0.030685902304196096,0.0014608063483011764,0.0038824497427229266,2.865708594477234e-05,0.25535323135543125,0.25533680782056684,291
1.425987362039488,0.025295089140122046,0.002061039238057794,0.0036429112268101037,0.00017234161558121673,0.2631278945601043,0.26311496287163794,292
1.4229533696370846,0.026004106382925222,0.0018781410702548758,0.0036956725990842884,0.00015308736888844555,0.2623728480508105,0.26236647220301906,293
1.4258448799075032,0.03046526314517461,0.0015379525404973925,0.003937476813410805,2.1971746090572753e-05,0.2546874029153224,0.25467721219077544,294
1.4229339945568389,0.03027158848395868,0.001448355957767049,0.0038886412394299815,2.9445486082356424e-05,0.2554263695121468,0.255408082437995,295
1.4250977663512328,0.02497265591249797,0.0020238885035103607,0.003656875916970951,0.000172194447370373,0.26312228819110345,0.2631100072319004,296
1.422387030730864,0.025752912056507725,0.001860303998125104,0.0037126805619425315,0.00015208566256213972,0.2623323015922471,0.26232661962218023,297
1.424812033690051,0.030051783375072187,0.0015020195999247128,0.003945503966403201,2.2368948365104997e-05,0.2547295822611627,0.25471801995523097,298
1.4222610275711987,0.02986805224676532,0.0014393868679440155,0.0038934216170853635,3.0359245498960586e-05,0.2555099224585252,0.25548928899910267,299
1.4242365508442862,0.02467864168790977,0.001986589999488706,0.003671590276336632,0.00017209279228615253,0.2631184142443419,0.2631068836010571,300
1.421908058137807,0.02553430112363052,0.0018465958323569734,0.0037306088592757316,0.00015091059228419397,0.2622845672404116,0.2622795663017999,301
1.4237898095704073,0.02965847739668911,0.0014653063322352992,0.003952182942069144,2.2771962849073142e-05,0.2547719977838504,0.2547585646670951,302
1.4216729085553477,0.029474619238374203,0.001435976264262256,0.003896800021129322,3.1378808106847996e-05,0.25560167904354114,0.2555781181346053,303
1.4233814470539183,0.024418181621310823,0.0019478055911929435,0.003687506957523894,0.00017190489946267279,0.2631112508733024,0.2631005938325855,304
1.4214967632735775,0.02534936867855558,0.0018360014290444867,0.003749789369634354,0.00014942687176592356,0.2622240284589788,0.26221968227811376,305
1.4228191273564037,0.029289376744243388,0.0014300865825413738,0.003957250270184596,2.3171115211725335e-05,0.2548136384587675,0.2547976413030991,306
1.4211943972400545,0.02908845245517495,0.0014398153015124562,0.003898784511925986,3.250227348951145e-05,0.25570107652022944,0.2556739106722624,307
1.4225411972361037,0.0241986212577881,0.001907981819392656,0.003705164617524816,0.00017153526912554978,0.2630971473659553,0.26308751484923787,308
1.4211538033032978,0.02519628272779722,0.001828798525813175,0.003770390152829967,0.00014757535938646497,0.2621480599021599,0.2621443172948284,309
1.4219242178959501,0.02894386780843114,0.0013983982957663887,0.003960202290254635,2.3598842385325503e-05,0.2548578639735305,0.25483835498338214,310
1.420809918359122,0.028699746329522963,0.0014508031957456038,0.0038993313939228013,3.3773901803259614e-05,0.25581153179491084,0.2557800272365,311
1.421779240102978,0.024030084111115728,0.001870730376454321,0.0037251846378530034,0.00017096831204951898,0.26307548515541657,0.26306706189838275,312
1.4208949489056533,0.025069388074599908,0.001826160105059648,0.003792314783397044,0.00014541692228098747,0.2620588939078585,0.2620556696628429,313
1.4211281575952162,0.028615869882326395,0.001372988599457219,0.003960379298752836,2.4122497214640944e-05,0.2549114658926476,0.2548872030707762,314
1.4204681692131746,0.028293665287315917,0.0014667588711876475,0.003898588263727391,3.523993597697916e-05,0.25593632343938394,0.25589980923597844,315
1.4211919763842016,0.0239248470903787,0.0018417456696560696,0.0037483200982831076,0.0001701774615756455,0.2630452083760914,0.2630381888744673,316
1.4207036578271741,0.02495681136660798,0.001827325064325617,0.0038151653064742333,0.00014308576383407893,0.2619618461716442,0.2619590113612344,317
1.4204921819671736,0.02829575833613161,0.0013592263586055598,0.003957209633669933,2.4803509759657875e-05,0.2549803122150783,0.25494978151332315,318
1.4200989799548909,0.027857441563669958,0.001483269641681361,0.0038972913947197094,3.68478834604192e-05,0.2560702457495903,0.256028347063367,319
1.4208680610105395,0.02388939768755678,0.001826822812291755,0.0037751980250697588,0.00016906399045693807,0.2630024609384892,0.2629969652943939,320
1.4204930141118899,0.024836970512043265,0.0018272843758903143,0.003838046464603228,0.00014080881602165696,0.261866289058575,0.2618636581223668,321
1.4200987117989954,0.027967354306461547,0.0013638099493499048,0.003950639232268397,2.566601672338083e-05,0.25506616390609116,0.25502780932657004,322
1.4196048501307295,0.027385845805502178,0.001492630679389797,0.0038969770839230823,3.839424976546241e-05,0.256196309366507,0.2561492787586205,323
1.4208330617916058,0.02390858656580325,0.001828601283686321,0.00380558360076866,0.00016762673945003672,0.26294707455180655,0.2629430371022196,324
1.4201263569986335,0.024679863707811594,0.0018178511118740644,0.0038593553870341123,0.00013901182114177223,0.26179032743997266,0.2617876518978811,325
1.419923151017405,0.02759945863993574,0.0013863812072585449,0.003941835893908086,2.6648890870358314e-05,0.2551622563739472,0.2551151412250707,326
1.4188636985726577,0.026882356482473238,0.0014846752679581587,0.003899680261077117,3.958364074700764e-05,0.25629155312677304,0.2562405759535701,327
1.4209346701598111,0.023929476621344183,0.0018389118661694668,0.0038374254617054722,0.0001662799587228969,0.2628949586553388,0.2628920755295659,328
1.4194732293806283,0.02445931920388966,0.0017910187682582347,0.0038773287619731193,0.00013815661660858064,0.2617540042797585,0.2617509912018473,329
1.4197180641298397,0.02715446529731183,0.0014100937575314664,0.0039338652308100455,2.7481452591107485e-05,0.25524227551652023,0.2551870700201198,330
1.4178269103342211,0.026359429325208728,0.0014544587937463725,0.003906875055199889,4.0210775702144665e-05,0.2563411967089931,0.2562883456919955,331
1.4207551152273497,0.023868402224495957,0.0018322472288028922,0.003866690836275863,0.00016594870144308,0.26288210780280463,0.26287990943595835,332
1.41845896729274,0.02417102552472835,0.0017425027281516368,0.0038915283860255457,0.00013812321627988298,0.261752583387489,0.261748964583484,333
1.4191505154509112,0.026618076175420474,0.0014084307639166014,0.003930996244210514,2.7638479035747747e-05,0.25525723111873044,0.25519663409039084,334
1.4166945519562688,0.02584486782795066,0.001414184873846246,0.003917909271252096,4.03302169003142e-05,0.2563506076008768,0.25629811802998165,335
1.4198126719563644,0.02366722945310659,0.0017777071512254906,0.0038893696191040312,0.00016739768453811037,0.2629382257105876,0.2629362001634283,336
1.4171931535472473,0.02383940517087493,0.0016807655418026983,0.0039040079669411904,0.00013782138729676383,0.26173973540148004,0.26173545654101615,337
1.4179742515074996,0.02594325672671404,0.0013677633600229216,0.003935686884542711,2.7050283442085222e-05,0.25520098869851543,0.25513897126900403,338
1.416412542971148,0.02545199089830503,0.0014191866430943042,0.003929749162011934,3.994035110422187e-05,0.25631983790173624,0.256269099808812,339
1.4172127743355722,0.023330419192714218,0.0016352816844507185,0.0039056170528172494,0.0001648956502018083,0.2628411701258806,0.2628381686604026,340
1.4188078249951437,0.02355765832377922,0.0018071054670041383,0.003918339405545509,0.00013785838736283344,0.26174131114325966,0.2617372356749495,341
1.4107566708701968,0.024343980233390496,0.0010996622299540367,0.003941637133587401,3.765860003526273e-05,0.2561366603324009,0.256089572429343,342
1.4189579021735759,0.024982217219231082,0.0016667508264044443,0.003937328739615094,4.6794019274232946e-05,0.2568406154163374,0.2568000038131367,343
1.4068844509273055,0.02270624460621317,0.0011051471535050547,0.003923926413884936,0.00011950768727103634,0.26093195715647644,0.260919958674273,344
1.421128461443191,0.023845052133447325,0.0019983793654396696,0.003946038224971231,0.00010478433602272537,0.26023642203226915,0.26022933563537154,345
1.4077575662949837,0.023619181869507084,0.0010903017083868996,0.003953149667861945,6.501291688488893e-05,0.2580630587796995,0.2580447214416245,346
1.419312037626733,0.023696250456734413,0.0018736066836145039,0.003930760601981134,7.359192814448575e-05,0.25857857378265675,0.25855794835808343,347
1.4094058824975224,0.023013216795134208,0.0012744287057585896,0.003938258840432788,9.911516359850637e-05,0.2599556598776026,0.2599425175494686,348
1.4305790096554423,0.025073224752316464,0.0025501826550675287,0.003973158765369045,8.566454767545077e-05,0.2592555144468285,0.2592506176115892,349
1.430770706106501,0.02511683093873053,0.002541929524950824,0.003972767459997552,7.106421523070024e-05,0.25842995938487845,0.2584243840093569,350
1.4048411605029447,0.02233019081411594,0.0009991340682888343,0.003945583573183674,7.157198104299852e-05,0.2584600225202418,0.2584505305175705,351
1.4549956432805975,0.02641213859952586,0.004088184914722379,0.0039606895202107485,0.00010029910918801136,0.2600149442928062,0.2600084017143639,352
1.4258158278264,0.025985422305792417,0.0021504123626738285,0.003967371797072034,0.00011922834694080922,0.2609191733634378,0.26091293535392374,353
1.459763751327873,0.02468475015742366,0.004521944855531579,0.0039624013406071405,9.87024618157654e-05,0.259934911263608,0.2599282396718499,354
1.4738661311372887,0.026049835755788536,0.005355212162215737,0.003969475821758042,7.208398012820715e-05,0.2584902285085978,0.25848657280441667,355
1.42048183094829,0.023557179243626842,0.0019129811003309064,0.003981075836793789,5.491785882526553e-05,0.25741065846097805,0.2574097366898756,356
1.4266473405801932,0.023633553440417312,0.0023736958056493366,0.003982318941307607,7.534970695248386e-05,0.2586804208971964,0.25867626263745264,357
1.426221334289624,0.024510402636865117,0.0022891715083356847,0.003970692332165381,0.00010810172488359228,0.2603971979342317,0.2603852839938555,358
1.413327420208281,0.022948081079928948,0.0015354700995012743,0.003951053662345892,0.00010795613952714528,0.26039019439313554,0.2603842352245653,359
1.4270521917299839,0.023108289551939942,0.0024328823206465205,0.003967363038529892,7.297065764389778e-05,0.25854228644122274,0.2585420716278329,360
1.4255311061739473,0.02351013030445681,0.0022470125613188565,0.003990453734112369,5.354771715671985e-05,0.2573176305698443,0.25731723365190057,361
1.4265639880664471,0.022985354390713815,0.0024005092648305784,0.003993879664813042,6.998021184392924e-05,0.2583654176132414,0.2583567328115215,362
1.4200449278513332,0.023220248364770824,0.0019680070977892462,0.0039850320999636,0.00010066233508752334,0.2600330620992558,0.26001620764880007,363
1.449577357517942,0.025403499697265984,0.0037882576899205176,0.003960522822587879,0.00010800989858006489,0.2603927810801568,0.2603864539055377,364
1.429521065474824,0.023440853186921122,0.0025906167306004374,0.003949419431754907,9.714886026001939e-05,0.25985641213931415,0.2598548168673549,365
1.4321284178036895,0.023511234832236404,0.002745986776871109,0.00396902245553064,7.412756513589837e-05,0.2586097366473022,0.2586079462927691,366
1.4363123292065592,0.023824770281409287,0.0029685381546997324,0.004002811120374768,5.9991360867152264e-05,0.25774540901871246,0.2577410521917398,367
1.4060590612026282,0.022101563663352065,0.0010802563314448999,0.0040125005735821,6.495877904067496e-05,0.2580597009274957,0.25805048805066844,368
1.4051414254134396,0.02203055492896113,0.0010452587415180263,0.003957217228146466,0.00011050861701497457,0.2605123078824288,0.2604952133582787,369
1.4339883194684822,0.02332284579358091,0.0028934402409895,0.003996792478258138,8.385766217532584e-05,0.25915738293265744,0.2591544444764325,370
1.4179918302307766,0.02292614513944734,0.001818590011653028,0.004006959085204928,6.33340442283473e-05,0.25795826892159013,0.2579580140964422,371
1.4428302394626749,0.023130380775779953,0.0034766997611708466,0.003963179537239752,7.024532814850978e-05,0.2583812486031921,0.2583756254556181,372
1.4454210386890365,0.022986600251117595,0.0036753150467186708,0.003950219368338162,8.542767284525512e-05,0.2592427091723831,0.2592246436962533,373
1.404654248180247,0.021349845907835608,0.0010670685140383965,0.003988650843733965,9.573796499539516e-05,0.25978457791605725,0.2597618978433653,374
1.4065298709173333,0.022455293508968476,0.0011027204683940646,0.004063137386946717,7.023168444490758e-05,0.2583804346214804,0.2583802405324742,375
1.4237278373571025,0.021918794143828118,0.002306248298515431,0.003892349150101831,9.3203524124918e-05,0.2596541972284037,0.2596505711479788,376
1.4085771422096651,0.02046961157035479,0.001390312488731083,0.003866180344087369,9.348103150761483e-05,0.2596685589157648,0.25965489932678704,377
1.4533593900812576,0.02431533560404801,0.004037486049629509,0.004175807574331233,5.1521845250645874e-05,0.2571778719165673,0.25717268647411384,378
1.471166382424929,0.025548124463411908,0.005130928140272964,0.004292538231334272,4.914003771389149e-05,0.2570099955573375,0.2570073462051112,379
1.4088652385227356,0.023008354035464067,0.0012405020920238025,0.004129563126215248,8.799983810883951e-05,0.25938082289081504,0.2593747217305376,380
1.468319425117507,0.019325568749908043,0.005318825695122278,0.003621086878409524,0.00016068286447953919,0.26267607449013847,0.26265026663265423,381
1.4848134299188889,0.020831584538887168,0.006427238322774118,0.003560594498185624,0.00011855565172972232,0.26088832639709714,0.2608727750040681,382
1.4182266230033413,0.02306004777822674,0.001638495224761576,0.003960209431680485,3.1249431691196914e-05,0.25559011911243373,0.25559007832476976,383
1.4513430324160144,0.02581609763455156,0.0036968748925174846,0.004348998911723309,3.511057367393216e-05,0.25592541759489845,0.2559243668889723,384
1.443104250012205,0.026164941405539772,0.0032608131066129086,0.004225301605516107,0.0001336070514817718,0.2615588516506516,0.2615492518500741,385
1.4363962906832182,0.019478609581142704,0.00286388855938906,0.0038018928372425065,0.0002325362655342576,0.2652491398293234,0.2651923909765142,386
1.4296187922638475,0.019408493952511607,0.002860776552589205,0.003731899830004468,9.792100236354375e-05,0.25989550414903373,0.2598719331015749,387
1.4317143274331068,0.023826529504745297,0.001979249197069286,0.004082945541792163,5.571072495234219e-06,0.25236031194871233,0.2523545277028806,388
1.4371305427972192,0.024551536971472637,0.002634372475794435,0.004189750744890649,1.8888564417551412e-05,0.2543460976079181,0.2543318073773541,389
1.4040616768237972,0.020577799144766904,0.0009212278821876385,0.003935537776225354,0.0001707116641023722,0.2630656673806726,0.2630623078668923,390
1.4163767482954868,0.01955743078552166,0.0019115795367855841,0.003846423731519738,0.00013435144327020483,0.2615910069998342,0.26155223940038336,391
1.4098928473804448,0.022290122471667922,0.0009538510143278247,0.004108963746283388,1.7779009561587298e-05,0.25421651628261854,0.25421547481919815,392
1.4077523968813175,0.021723464339718362,0.0011665569568692497,0.0040351220184640605,5.061711862757471e-05,0.25711457086742234,0.2571117943518155,393
1.4276053174126442,0.019291296872828254,0.0023125309780633705,0.0037361501223694533,0.0002304107114306713,0.26517928560343573,0.2651671711329105,394
1.4220700671421964,0.020350200362310666,0.0020578835752375364,0.0038199564439346375,0.0001897411896902169,0.2637746575162585,0.2637508711552408,395
1.4200292409301905,0.023015972860001264,0.0016589681569825494,0.004195449790599309,2.2694410104502746e-05,0.25476386503844334,0.25476356945827877,396
1.420337313968325,0.02269725488089175,0.001605929848749456,0.004167253992780574,1.6868033071108482e-05,0.2541070711061666,0.2541048008955849,397
1.416161073026596,0.019069150094744358,0.0019338936314509982,0.003779207324171093,0.00013671071795489783,0.26169233586392804,0.2616910611807708,398
1.4120733767524631,0.01911016161796722,0.0015634776683587706,0.003776168895618601,0.00016767366502787808,0.26294888663275257,0.2629410176942058,399
1.4197098416566833,0.02352100075830205,0.001737851398391469,0.004177039838146841,3.465975202746741e-05,0.25588725335173096,0.25588699787335,400
1.4161705697304563,0.022926458186812045,0.0015251125228160991,0.004178777188845467,3.284968431872675e-05,0.2557314644131083,0.25573138806353585,401
1.4146756350814438,0.018435181599513285,0.0018091399372696373,0.0037822808799483193,0.00015967119319350032,0.2626361067261044,0.2626276373139546,402
1.4133005260015061,0.01881585526503101,0.0017500767844228077,0.003780193264469296,0.00014012763233051722,0.26183755178787055,0.2618306980528611,403
1.417591975841984,0.02275520429302284,0.001510571840175253,0.004152151397310966,2.244677800219199e-05,0.254737803077608,0.25473780307178223,404
1.4122978086936213,0.02269085731269414,0.0013033505072149692,0.004133939045920306,3.515032594613785e-05,0.2559287710316842,0.25592803063668235,405
1.420331168122444,0.018433312668487273,0.002054999479637199,0.0037687000611082667,0.00019374651032004917,0.2639192855535063,0.2639031713878151,406
1.415694682684168,0.018388034509335443,0.0018300511983918907,0.0037773789019148797,0.0001737986907116284,0.2631832731410537,0.2631725784262017,407
1.4130627972905014,0.022227102446414952,0.0012876481508445024,0.004131177069491205,2.5730206822986884e-05,0.25507249512794117,0.2550724705055657,408
1.4088561291841337,0.021897031709445486,0.0010890422305032661,0.004099171005115291,3.107406103187658e-05,0.2555744112722221,0.25557411833200744,409
1.4191486068386518,0.018090507361100742,0.0020196891077837722,0.003740932326255473,0.00018879020207013036,0.2637400946892709,0.2637230990093479,410
1.4140668029543506,0.018377882698652606,0.0017214271875883517,0.003781412919364705,0.00017383607821935045,0.26318469105513476,0.26317153805686616,411
1.414436195501509,0.022425688815376807,0.0013600468477744164,0.004159187475028803,2.5265481189703998e-05,0.2550264780104666,0.25502646390064304,412
1.4109520277262493,0.02211347898618426,0.001195832843942857,0.004126025071453515,2.9298418766455316e-05,0.2554128013788107,0.2554127991222408,413
1.4166567941239692,0.01811173388505474,0.001895548390202737,0.0037474891084128396,0.00017831376810782378,0.2633534178436767,0.263342535215196,414
1.4117401638662066,0.018151294893240234,0.0016126407238544341,0.003772330014532264,0.0001654264473231044,0.26286182130660757,0.2628521964091056,415
1.4162825305081692,0.022250616725571805,0.0014703637896203354,0.004156249713366918,2.34111310941506e-05,0.254838505047445,0.25483840055680934,416
1.4131364291412418,0.022230419192773652,0.0012981410865087598,0.004149384054703707,2.621024200147224e-05,0.2551195939293534,0.2551194090584255,417
1.4118480128471775,0.018501021343758223,0.0015868108786682665,0.003782266234648912,0.00016840232867258655,0.2629769922814413,0.26297053806978504,418
1.4080056728837906,0.018417541136603398,0.001377349115722536,0.0037953955925308655,0.0001562540651903772,0.26250016260655745,0.2624944322860819,419
1.4176843350995736,0.022179549989091534,0.0015241440948324085,0.004161704352733453,2.0385537504017033e-05,0.2545150346071782,0.2545146907572307,420
1.414111686471882,0.021977593267702523,0.0013523945221120986,0.00414328112092813,2.4040944653474707e-05,0.2549031566009536,0.25490303724852137,421
1.4101004882944446,0.018188776589166133,0.0015023307480558062,0.003784135409878287,0.00016516458100967367,0.2628516372890645,0.2628445011357359,422
1.406569616446145,0.01857863246281032,0.00127991823692789,0.0038084677858997613,0.00015339677202214457,0.2623853450505888,0.26238023608781863,423
1.4191965813089864,0.02238968009295815,0.0015957820479983167,0.004175296377188915,1.945269804512718e-05,0.25441052128949937,0.2544094830663827,424
1.4147930341032038,0.021918901141387743,0.0013829947462291742,0.004149605930062235,2.268715433119496e-05,0.2547631034348621,0.25476249701651577,425
1.4096493496897062,0.01797545480558579,0.001501085540206266,0.0037811064297733014,0.0001609046498284923,0.2626848196608581,0.2626781671543228,426
1.4063990614569761,0.018257076461020403,0.001292235493579486,0.003799851161643224,0.0001525820029040634,0.2623524087895464,0.26234622548091624,427
1.4180896379469996,0.022330384718391737,0.0015481747723930968,0.004169485095649896,2.0850262596449453e-05,0.2545662087771421,0.2545654292280092,428
1.4143393165581402,0.021910581456575557,0.0013808003241478207,0.004152027323027927,2.4725786974152763e-05,0.25497250308940606,0.25497158006337767,429
1.4089036129599712,0.01793449556928106,0.0014490881221610843,0.003785194037137629,0.0001624915560115334,0.26274721757920266,0.262741850967541,430
1.4067547251864712,0.018039576056048817,0.0013364271662569924,0.00379266395358862,0.0001504836508558801,0.26226717778691905,0.26225957859491594,431
1.416407954733148,0.022009449675923668,0.0014578609178143012,0.004154153342277254,2.0863636438358544e-05,0.25456767297848243,0.2545674527373569,432
1.4136613788887025,0.021778894125653092,0.0013567517914131744,0.00414442108539171,2.5697110824128887e-05,0.2550692317784975,0.25506834016471835,433
1.4082368057427082,0.017932745309885176,0.001399265820815519,0.0037894139157930214,0.00016422940657427197,0.2628152021667343,0.2628116217769973,434
1.40654662793257,0.018009789766138512,0.0013239712860229204,0.003794800998403541,0.0001507579057810139,0.262278351101879,0.26227175621092585,435
1.4148412903121106,0.021855081948591676,0.001370893187114112,0.004144313435764012,2.1331598787863595e-05,0.254618614379645,0.25461859770039486,436
1.4122502464850555,0.021580184986255403,0.0012910679917860542,0.00413249085996119,2.69293334769224e-05,0.2551893480782197,0.2551890244048986,437
1.4080603441909694,0.017768226543011155,0.0013884803905359691,0.00378548069832576,0.0001670981901428125,0.2629266465157369,0.26292300851499684,438
1.4063850271698928,0.017897070468502464,0.0013219714483427934,0.0037943676206462643,0.00015037043536592033,0.2622625623491145,0.26225637859660916,439
1.4135259209847153,0.021721259084712792,0.0012889300507535218,0.004140546094840731,2.1118956254316945e-05,0.2545955365578262,0.25459552495014875,440
1.4111583765285536,0.02145111102389634,0.001237888991735752,0.004128144433934781,2.786990245510798e-05,0.2552791952469205,0.255279127468861,441
1.4076411231523112,0.017656501470396824,0.001353160278674629,0.0037847445551115735,0.00017122434235674447,0.263085271963423,0.2630815754448263,442
1.405935660971947,0.017754415488587548,0.0012993375083928782,0.0037923671060652786,0.00015116211282332706,0.262294800235194,0.2622892787210578,443
1.4124590633004586,0.021479510106774596,0.0012196298419987293,0.004133603678192285,2.019501889578186e-05,0.2544938868361121,0.2544938229727029,444
1.4101139630051402,0.021277188030073006,0.0011693700871038117,0.0041237680255197815,2.696381633701789e-05,0.2551926694808179,0.25519266826052756,445
1.4071916774012272,0.017583874777771156,0.0013198725431451171,0.00378782693479131,0.00017343602191272037,0.26316951107341197,0.26316577639312133,446
1.4053027957808102,0.017669060069863556,0.0012487118029652971,0.003793619834304742,0.00015576323061814232,0.26248051403661493,0.2624751600868137,447
1.4117047169288626,0.02130016008733077,0.001181359249250911,0.004126678838529399,2.0199017795742592e-05,0.25449433174073105,0.25449417698749804,448
1.4091072594284595,0.02107087563800108,0.001096126914613239,0.004115935262166387,2.5334871230890984e-05,0.2550333757291594,0.2550333600002755,449
1.4068882125998219,0.017489438660694412,0.001314342884612392,0.003787931666140189,0.00017116450347020584,0.2630829852659936,0.26307941242267785,450
1.4044739610061754,0.017631635543067806,0.001186279350859055,0.00379939335216604,0.00015882484601411156,0.26260257299181844,0.2625979098369111,451
1.4116497069721525,0.02128537951003574,0.0011940045471223514,0.004127438587238322,2.119136830079847e-05,0.25460340833522277,0.2546032342465056,452
1.4086394678185619,0.020940496418330127,0.0010653763020914764,0.004112060495672966,2.468999583569063e-05,0.25496890288048485,0.25496883821055677,453
1.4065934942881713,0.01737918700852987,0.001319139163898304,0.003786241843204957,0.00016638272508046547,0.2628989427892547,0.2628953065673828,454
1.4038027493246068,0.017531390198254712,0.0011520757891341428,0.0038022092753890475,0.000157649010109084,0.2625558356993505,0.26255140255636444,455
1.4119034427661967,0.02123405276201303,0.0012281505914377797,0.004130945959408048,2.2126443009260885e-05,0.25470387531820954,0.25470365273517537,456
1.408707268307693,0.02088842412903841,0.00107825463425788,0.0041146572994686095,2.5071410676026847e-05,0.2550071359753882,0.2550070152282284,457
1.4060127362781047,0.017298357438241714,0.0012988488618815386,0.003788412796811661,0.00016260033090919642,0.2627514834787642,0.26274791155711025,458
1.4032244905745708,0.017438984084533423,0.0011311678060108756,0.0038040450939820125,0.00015402993175268732,0.2624108795720806,0.26240664222897797,459
1.4120784788213594,0.021151619493323306,0.0012479636264772958,0.00413284567931224,2.2311565178304507e-05,0.2547235119538649,0.25472322711622875,460
1.4089481151276044,0.02085530519486706,0.0011034464522785012,0.0041179507176661535,2.5622299138405388e-05,0.255061847403706,0.25506165946676923,461
1.405226325898296,0.01723886206641133,0.0012567397779124656,0.003793036259722476,0.0001607044198116902,0.2626769246985099,0.26267338498760534,462
1.4026032495101852,0.017363478486413255,0.0011062539559467163,0.0038072651696211494,0.0001502565046895822,0.262257916001082,0.26225382991320584,463
1.4122758429180466,0.02106618845034699,0.001258736353125134,0.004134726027911273,2.1757402046541748e-05,0.2546644830417252,0.25466415041730367,464
1.4092448394258337,0.020790714646335147,0.001126782810062817,0.004120460267145208,2.5564783632622552e-05,0.2550561629357273,0.2550558828978632,465
1.4043173330171261,0.017184562522521537,0.0012050105472482344,0.0037980246391883412,0.00015909840980057085,0.2626134218117278,0.2626097713782204,466
1.4018304984986811,0.017316562509950784,0.001066383373974524,0.003812557642308301,0.00014734009452991787,0.2621383728122808,0.2621344638102808,467
1.4125169689629635,0.020990362689413202,0.0012706491900176572,0.004137275965572333,2.114081455911253e-05,0.2545979141530821,0.2545975747543599,468
1.4095291440657263,0.020723206344285764,0.0011432630252668744,0.004122766666220117,2.5014378850536603e-05,0.25500143767836175,0.2550011579182052,469
1.4034380142226477,0.01711889436635923,0.0011585504402137736,0.0038021469555156204,0.00015669385487356502,0.2625177416043616,0.2625142067712752,470
1.4010833720047775,0.01725128425121435,0.0010273784556893643,0.003816940019856872,0.00014503455670152805,0.26204302938224133,0.26203903071999424,471
1.4129616255769146,0.020951303592241597,0.0012946912551509585,0.0041420672606685156,2.06059581689687e-05,0.25453937861044534,0.2545390684691602,472
1.4098727955568062,0.02067515808633377,0.001161878351706694,0.004126755043042976,2.443639560808405e-05,0.2549433182790595,0.25494305588977284,473
1.4026316792721982,0.01706285916681361,0.0011165780966609618,0.003806364943762913,0.00015414135337389048,0.2624153676294297,0.26241195387403227,474
1.4003177891098453,0.017195981203299293,0.0009867275728335872,0.003821818943674786,0.00014258887321523588,0.26194105829544584,0.2619372768878074,475
1.4131082386723708,0.020834307015846584,0.001309661780598267,0.004143228071422049,2.0440891698001198e-05,0.2545211604371003,0.2545207398031428,476
1.4101808557465279,0.020594485873208092,0.0011813165905056968,0.0041306007983847644,2.3947651414406858e-05,0.2548936337638208,0.254893417443537,477
1.4018154287947573,0.01701433468133744,0.0010745963365433073,0.003812010455302179,0.0001511593011082028,0.26229468588896043,0.26229175840960295,478
1.3999608174879232,0.017104802449639904,0.0009731715192504273,0.0038230466769054667,0.00014097403712653861,0.26187324880251983,0.26186906061687915,479
1.413459905479936,0.02077827357531031,0.0013438781347224153,0.004146600942997691,2.089233844905518e-05,0.254570813762237,0.25457063349588327,480
1.4099376557962375,0.020484063123263892,0.001177802848981141,0.004130793862821085,2.435078776138546e-05,0.2549346517365854,0.25493438575385124,481
1.4015164012503183,0.01693287560028968,0.0010649189304444617,0.0038139895543335494,0.0001494998144919354,0.26222701167464624,0.2622237285186854,482
1.4005978642235992,0.017115849451527183,0.0010195952352261184,0.0038313123800687967,0.00013928683079917546,0.26180198418907497,0.2617992341215112,483
1.4084432936385314,0.020035851451270084,0.0011747916434197469,0.004097029575099436,3.0052063010741938e-05,0.2554819761957475,0.25548043576220275,484
1.405328179078825,0.02001342807106764,0.0009787851229311538,0.004106571853809231,3.101220325258956e-05,0.25556886013943514,0.25556862035246924,485
1.4039365417243233,0.01679954464619721,0.0012112637330676766,0.0038073226689682126,0.00015736299023694293,0.2625444406107623,0.2625422742171606,486
1.4061443979895407,0.016697865044648565,0.0013789540465939999,0.0037972012862997418,0.00015269208068582665,0.2623568637075039,0.26235097768953636,487
1.400074904168984,0.019415687390949368,0.0007584860195810657,0.004060194456732447,4.1863646024925655e-05,0.2564702122086471,0.2564695902900439,488
1.3964434865207196,0.01899124591930731,0.000615083393660556,0.004027071547761508,5.5020640393990005e-05,0.25741758993164154,0.2574166360437876,489
1.4159587279650996,0.01664672724624355,0.0019163839063796877,0.003770944178012781,0.00018647299744649348,0.2636555116142345,0.2636531083660061,490
1.4106513548139041,0.01634027080188112,0.0016073215963797855,0.0037609616211780254,0.00018022588556938383,0.2634248234837328,0.2634198856900379,491
1.4036950515209337,0.019446702608625167,0.000985076726689795,0.004049421022356714,4.0099350572622015e-05,0.2563324048017023,0.2563301881111124,492
1.415450912945309,0.020240048930878267,0.0015439158874835427,0.004145945524614786,2.3041387522482672e-05,0.254800144531416,0.25480014235346404,493
1.3930143022409291,0.01794306450003093,0.0005231182451390761,0.003951437057100093,8.710519662618297e-05,0.25933301648054813,0.2593324595859157,494
1.4831921373971797,0.017806027664596363,0.00640401875942724,0.0037557831410028396,0.00016330924567037713,0.2627792505911097,0.26275999056366156,495
1.4966833220157367,0.017517801553649435,0.007223378010972568,0.0037084117426780913,0.00018907090553193313,0.26375030565230945,0.26372373915008573,496
1.4036093937239495,0.016692828304039495,0.0012367165255816519,0.003815165060717052,0.0001431967156695107,0.2619664830117086,0.2619572675216654,497
1.493634056474059,0.02216493021559566,0.006601975845522407,0.004218187656744656,2.136590999440493e-05,0.25462232733527224,0.2546170388519681,498
1.5669817878560877,0.02488032590908442,0.010555747973306506,0.004429152385940492,5.280860548998035e-07,0.2507266952971499,0.2507050691024702,499
1.4883047219963073,0.02309488997427981,0.005533070533548736,0.004377360289056892,1.3182591233643823e-06,0.25114815466003687,0.25113338344155883,500
1.43674606476289,0.020252741490499347,0.003211008533449335,0.004015820107948865,5.335533333887787e-05,0.2573044735155162,0.2573044663522086,501
1.459302848683854,0.016177947618952786,0.004716280846646336,0.0036562038606112236,0.00021345185276223726,0.26460999153874626,0.2645975464153492,502
1.480895236174202,0.015326757956647223,0.00582944554167921,0.0035691410544846413,0.0002846480966186455,0.2668715173182096,0.26685330480188035,503
1.4549500849315902,0.017725498373304508,0.004524049920849869,0.003759011449053328,0.00016486535719803898,0.2628399905450915,0.26283183495000517,504
1.4052553473488651,0.018976660338926643,0.0011244811050045698,0.004068277472214166,4.061152714072129e-05,0.25637271740631273,0.2563722584524026,505
1.467481899107816,0.023156649425936315,0.004857041868117416,0.004161842941057726,2.604261410085872e-05,0.2551031964591674,0.2551018999633384,506
1.4777031651058825,0.02358599464311532,0.005683061851578389,0.004104589207822653,4.645293383406184e-05,0.25681563891605635,0.2568111305542075,507
1.3973462661348637,0.01817722121900859,0.0007950424766842853,0.0039529735307024605,9.974038017072977e-05,0.25998701057227486,0.2599837509521404,508
1.533406446042144,0.022562301544281297,0.009546727827613392,0.0037797690941301296,0.00011951325915112191,0.2609322119971725,0.2609073504375207,509
1.661422827823418,0.027395092962541875,0.01774527420361765,0.003698343720669198,0.00011794868077061824,0.2608604180753145,0.2607710875905665,510
1.5538213020860103,0.02192379324956456,0.010948930574317721,0.003694815154201394,9.913730812095953e-05,0.25995677197293177,0.2598398414104513,511
1.4194702393379215,0.017456034926593023,0.00228404169241914,0.003805143596059167,6.991718142339726e-05,0.2583616494439433,0.2583038693568426,512
1.4783603232350255,0.023783837167556932,0.005773083317846412,0.004116188056087075,6.121206644534668e-05,0.25782381405999316,0.2578000994790888,513
1.546712970336897,0.02625786918315087,0.010162109442413964,0.004282719656257174,7.537202442772943e-05,0.2586817063085392,0.25852222826923604,514
1.4887059311909232,0.02210409378539036,0.006592453437355195,0.0041817007576889645,9.944503402093693e-05,0.2599722130954436,0.2598487813957314,515
1.4242734307257812,0.01863058026491599,0.002547213796806988,0.0038414247750753567,0.00011428003258501557,0.26069018393597676,0.26068958087025584,516
1.473090437372066,0.01749804070506297,0.005853204408909878,0.003615117236503782,0.0001033570329239501,0.26016646609810656,0.2600241870161693,517
1.475778366789224,0.018530944460365194,0.0059220546768437785,0.0037106153687468213,6.189410014957716e-05,0.25786728035280154,0.2577175521658501,518
1.4107046759548856,0.018968272092970553,0.001476303074101031,0.003955571700890122,3.98065796488328e-05,0.25630924556891177,0.2562833061405171,519
1.449764548084868,0.021170978832522776,0.0040727092193294,0.0041338857569969785,7.433058422698644e-05,0.25862151867288974,0.25860104059769207,520
1.4729490687366975,0.02129158409024299,0.005558274868880232,0.004080821183692201,0.0001360772050294548,0.26166521345837507,0.26160956314045536,521
1.4061013559272095,0.018290340982445998,0.0012451206420935309,0.003887188487861974,0.0001600801490571183,0.2626522784136739,0.2626423941982013,522
1.4624810349410344,0.019367620143524313,0.004857501503749905,0.0037334774532759487,3.782941355749961e-05,0.25615056205216236,0.25601035251343196,523
1.5190707587376298,0.01970552260010198,0.008047161505484467,0.0037315776428908203,6.941435521605457e-06,0.25263466041865085,0.25230349229659726,524
1.4475865620118562,0.018520916967020375,0.0035369629532638865,0.003840990561522443,1.15327926515768e-05,0.25339599656236234,0.2532059510958588,525
1.4161787326045097,0.019544376427870026,0.001961035626128596,0.003997053969419263,9.745100067372357e-05,0.25987172733992,0.2598716954674095,526
1.4706469269725875,0.02115837271259575,0.005018219330391241,0.003998170030494428,0.0002363675452876739,0.26537424942192867,0.2653303740628783,527
1.4451304794403652,0.02080030263081705,0.0034705622969654465,0.0038838119237704443,0.000212003001256545,0.26456032284176917,0.2645527140823222,528
1.3990217933342317,0.018395952773834174,0.000876227693565686,0.003766157957679688,8.031440611282398e-05,0.25896183051127525,0.2589112711108849,529
1.424393445939306,0.01999989805530618,0.001998879389369393,0.003975770362238294,1.5058780440923598e-05,0.25388056444875273,0.25379226168905494,530
1.4266728043736654,0.02222487058453021,0.0022084641896928103,0.0040641651006576365,2.8081346541898223e-05,0.2552991835731458,0.2552426363777973,531
1.4010785557741576,0.018237807375313237,0.0009393834159801899,0.003928696271640895,0.00015189991690259968,0.26232476843200714,0.2623143460175396,532
1.421810514056154,0.020521691210539154,0.002036737447105999,0.0037552080999779494,0.00018927248760412191,0.26375763379379324,0.26375532194065027,533
1.4191764381204843,0.021841746506495324,0.002006055727563053,0.003713697241033238,8.652193305945305e-05,0.2593017166727144,0.2592940975456659,534
1.4050891257591946,0.01750220039156986,0.0009988720057527388,0.0038403343966698002,2.0856504046410365e-05,0.2545668921649641,0.25454444725175324,535
1.415366236713559,0.019711272320903875,0.0017276831397533216,0.003978475043933875,3.8397149586119104e-05,0.2561965433578826,0.25617348226616476,536
1.408472926035784,0.019139961118826126,0.0013742546329687428,0.003965606316351957,0.00015081759750670135,0.2622807816325632,0.26226614398292025,537
1.4039313573987249,0.018587286377481364,0.0009766427285494022,0.0038606584306233533,0.00018812499049046305,0.2637158663776833,0.26370761220123023,538
1.4048609886229864,0.019894381407276902,0.0011229764138330559,0.0038019144997058726,5.657036526790236e-05,0.2575213273607723,0.25752032669774155,539
1.4064020757253073,0.017375258568751,0.0011157916861353053,0.003827082994861303,2.1859613998917646e-05,0.25467542661143533,0.2546752869361911,540
1.4005377166030377,0.01757819056177582,0.0010010820295343436,0.003890157546063606,5.9873096054445364e-05,0.2577377707419156,0.2577376770579274,541
1.416022567436082,0.019556144388828224,0.0017517663608874196,0.003932375130318815,0.00017990570273585926,0.263412893153077,0.26340825987455985,542
1.4219172291568676,0.020230580580091917,0.0019469945914977898,0.003931234184448174,0.00021506070556306028,0.264664948195035,0.26465959906270653,543
1.4051193504101556,0.017801508769655312,0.0013394838214255828,0.0038737538766960484,9.948799986904005e-05,0.2599743671412797,0.25997423182009977,544
1.4054079606470011,0.016840811980239827,0.0011263131816898,0.0038156090908860636,2.48867014211878e-05,0.25498865727638087,0.2549867879436052,545
1.412827884934871,0.017228625120207508,0.001760142099902291,0.0038503739995605964,4.2584366712870164e-05,0.2565256698286743,0.2565256247057577,546
1.3957321872826236,0.01808971879354771,0.0006860879606778844,0.003915876636280304,0.0001094997927504573,0.2604642148654573,0.26046317537560026,547
1.4418699270521063,0.01929387269112509,0.0036233209079556293,0.003931879790853187,0.00014040203289503574,0.26184913637760304,0.26184896015847464,548
1.4541999725171477,0.019768076857634508,0.004434838173545537,0.003919395306642212,0.0001315349721275914,0.26146886969703603,0.26146767842669033,549
1.3977280308457385,0.017674852772738912,0.0008565879286156828,0.003883081162102571,9.479224627457839e-05,0.25973613097049225,0.25973581628513503,550
1.4896175709034962,0.021337656737692424,0.006574544610500782,0.0038478037998934773,3.866805938995626e-05,0.25621836468775805,0.2562056662325537,551
1.580642996490264,0.02557646920767227,0.012152920175250178,0.0038477482517990137,2.030491056971252e-05,0.25450609704397414,0.2544734803976195,552
1.5137192463640763,0.02351446017270442,0.007852073900562584,0.0038637947707376072,2.18324649966846e-05,0.25467252233774057,0.2546403133995939,553
1.4329813925082573,0.0208409705322616,0.0029139097152967638,0.0038993339004778564,5.225395477402445e-05,0.2572286896996637,0.25721964864398483,554
1.4463890053185073,0.019951428041298683,0.0038840547230521707,0.003949425564594696,0.00013898353283614114,0.2617891277385624,0.2617878655324539,555
1.4636139659207632,0.020779473613483895,0.004733180118686124,0.003978498137277256,0.00020564368744690743,0.2643402819863107,0.2643326427581057,556
1.4618167915346774,0.0226942847631058,0.004662580359155281,0.00393997107406777,0.00016177214874399414,0.2627189680691475,0.2627189535546236,557
1.437791028914451,0.02068240666010603,0.0032969766878516073,0.0038486288607988777,6.894194922411083e-05,0.25830312888157897,0.25827977881446745,558
1.411217412673172,0.017089774482686542,0.0014847553880505244,0.003791398465629488,2.5192996356212703e-05,0.2550192625311108,0.2549552192625452,559
1.4427845922059022,0.019713057386372176,0.0036541405897076787,0.003856307775464438,5.5548532372315235e-05,0.2574530887806543,0.25743300991014945,560
1.447100509231624,0.021206057977224937,0.003893372406965881,0.003936508500304011,0.00011685068194349871,0.26080974939318663,0.2608094422154267,561
1.408160007710217,0.01941847518487094,0.0012983273624160069,0.003994239736630795,0.00016325218446801277,0.26277701782373386,0.2627756828260483,562
1.4325819437127114,0.020564397987187476,0.002932887820468125,0.003900932623778726,6.099639913139876e-05,0.2578100191505142,0.2577748641081739,563
1.4544823645520901,0.0208288441200056,0.004067598456445717,0.003805104417348185,2.2320793013740967e-05,0.25472448865103314,0.25460946824880015,564
1.4344680996798735,0.01912967901364903,0.0028837663942829464,0.0037570151972194884,2.511257800212129e-05,0.25501124515486134,0.25489316312683996,565
1.417280716144981,0.018946969796387048,0.0020697160885120203,0.0038315093494535957,9.954039060937697e-05,0.2599769930645148,0.25996017880944106,566
1.4197061500352595,0.01806936508551009,0.0021110999853192064,0.003946708726799037,0.00017633135007326175,0.26327898151490775,0.263278028748098,567
1.4270108883499546,0.021990683512409927,0.002510429233532947,0.004009275154382846,0.00010966934191945225,0.26047231311217595,0.2604699379992607,568
1.4160231112783561,0.02408072690502602,0.0015727200145589254,0.0039641624184547815,5.480300539329763e-05,0.2574029051995347,0.25737229377080856,569
1.4161761998173117,0.01783763227682455,0.0020494367888181336,0.003823824952769524,7.168226685024785e-05,0.25846653806760755,0.25843577599221734,570
1.4224285557652379,0.019116634911577512,0.0024028811529672976,0.003764265560412177,9.582995865562744e-05,0.259789277739222,0.2597714707364221,571
1.419177675567801,0.021355247245807753,0.0020368026089111497,0.0038168462952033254,8.647999759097632e-05,0.25929946222052525,0.2592863799592705,572
1.4064820119069832,0.018550717167791313,0.0013384501209038416,0.003921830393443752,6.324656360858114e-05,0.25795277081328144,0.2579349371637209,573
1.4035314549361029,0.019837560905484296,0.001084385071093071,0.003954709964465127,7.624579626769822e-05,0.25873188388995744,0.25871715627887537,574
1.4042588260236535,0.019798540710404496,0.0011063644004626644,0.0038738259037386473,0.0001302483219129619,0.2614126386919486,0.2614114393814896,575
1.403108396693062,0.017515129998049127,0.001225968074729405,0.0038788224411690254,9.042351668401748e-05,0.2595091280717013,0.2595090675307126,576
1.3995226130571123,0.018047188429241103,0.0008617458864599876,0.0038932099322052977,5.03598325006672e-05,0.25709646619809234,0.25709194249452455,577
1.414532017713582,0.017165766305595766,0.0020021241064713934,0.003815448545572694,9.970805365250095e-05,0.2599853920129608,0.2599566288832851,578
1.4121803670313742,0.017465587415079076,0.0017812270930990296,0.0038296538698884266,0.00013099726146797064,0.2614454035083072,0.261415628797097,579
1.4083254772550604,0.01930335733890724,0.001453768765201111,0.0039686525055639766,8.87441689704165e-05,0.259420412356708,0.25942001044586316,580
1.4133402127718917,0.019155417642117593,0.0017645562426188547,0.004023822228207363,6.635144604078295e-05,0.2581456396950014,0.2581321256378444,581
1.4037715331805964,0.017283608156109104,0.0012772525060295655,0.0039059805038434933,8.04897574073261e-05,0.2589716084069316,0.25896185609122213,582
1.4023542376839047,0.015951121976634796,0.0012785701004010379,0.003763987554052505,9.379004988866128e-05,0.2596845263120434,0.25967696480709,583
1.4063629785663172,0.01706246383216326,0.0014470970042375858,0.0038471185232184474,7.139079326868611e-05,0.2584493072656098,0.2584217753299455,584
1.4006333678379959,0.01808259674839466,0.0009961011112171977,0.003990397178087653,6.837834746063328e-05,0.25826912011405284,0.2582640457211759,585
1.4083558922293902,0.018053372344237994,0.0015264752167569813,0.003968795525510304,0.00011155773934553692,0.260562089724365,0.26055696069952167,586
1.404848632733455,0.017295425285821828,0.001322433007250125,0.0038752852587115015,0.00012469353003926944,0.2611666257230763,0.2611598695784376,587
1.4009795063192645,0.017890800873642452,0.001048605833256717,0.0038352141408410545,7.675973348902352e-05,0.2587612632359166,0.2587599306914985,588
1.3982980833310499,0.01746793997542995,0.0008142855202373229,0.003901709971052404,4.981341597734023e-05,0.2570578619976123,0.2570468295551607,589
1.4047505896302006,0.0177346825361037,0.0013204298221004569,0.003952342252537741,9.406308510884395e-05,0.2596986125352467,0.2596975144464704,590
1.4035448461216926,0.01788216069002845,0.0011801393004162682,0.003947190223969406,0.0001331411172410613,0.26153867918095747,0.2615386389495225,591
1.402248467306372,0.017594566633347616,0.0011626669525718965,0.0039056053547159237,9.16954954093464e-05,0.25957577649119623,0.2595728091088884,592
1.4022275215670221,0.018293934721752444,0.0010456289130200695,0.003878682438952353,5.5090247509579946e-05,0.2574222804790428,0.2574123469692812,593
1.4002322500264224,0.017288573707874743,0.0010186660363701908,0.003883190493964973,6.654179399442545e-05,0.25815731536686093,0.2581537598151517,594
1.3980379120108113,0.016798714672083177,0.0009304406906253998,0.0039194891861829085,0.00010505089899068324,0.2602494340814839,0.26024940528357887,595
1.4024539426964358,0.017273206379416223,0.0011949304993012552,0.003953369230294678,0.00010218351130778242,0.2601085860192107,0.26010734883841236,596
1.3987511493574085,0.01740924621104227,0.0009349449985698742,0.003945266046226375,8.085567610979314e-05,0.2589919784313461,0.25898427296183363,597
1.4014706936978043,0.016965081648375367,0.0011388471415301733,0.003899222730608067,7.534450440492567e-05,0.25868012122063544,0.258671153584683,598
1.3989523967198985,0.01678432333936756,0.0009925243086654624,0.0038789016378941105,8.224840122188684e-05,0.25906909042968956,0.2590652851089764,599
1.3994156625231873,0.017219666977203365,0.0009984805441393422,0.003917825838805981,8.785338437318434e-05,0.25937301362279946,0.259372306380181,600
1.397753413553549,0.017041816306292187,0.0008998106236102266,0.00395868653935291,8.888623998991821e-05,0.2594279499356922,0.2594275512650438,601
1.40169145993817,0.017111333157261675,0.0011563405308278821,0.0039430447271622,8.667480114541836e-05,0.2593099302438535,0.2593072907223701,602
1.40015462143206,0.016865513262891915,0.0010669850417476619,0.003911025238232345,8.285327979137244e-05,0.2591023776998855,0.2590959764931842,603
1.3977273719394683,0.01726537510593441,0.0008779525389729937,0.0039042137420208446,8.156261578533507e-05,0.2590312023443911,0.25902684339614157,604
1.396210499455687,0.017073429705527672,0.0007943645252851478,0.003927305289908824,8.71505215819683e-05,0.2593354443698181,0.2593352399064832,605
1.4013169410362163,0.016967555514420096,0.001142538351407056,0.003943273288106378,8.913428104638681e-05,0.25944109533086,0.2594410333372815,606
1.3992072351052898,0.016833361120756046,0.0010072135877737228,0.003943489194626269,8.316095826257977e-05,0.2591192630328651,0.25911717773983517,607
1.3983790637186098,0.017217896322820735,0.0009226651286772043,0.003935108233705754,7.9844360541887e-05,0.2589355671639738,0.25893086522513264,608
1.396126286486039,0.017078778265541144,0.0007889950216643274,0.003928734220711246,8.919832627082664e-05,0.2594444865541133,0.259443837874549,609
1.4003962474179787,0.016829146708562774,0.001090863512031453,0.003930133917602215,9.31773979301281e-05,0.2596528440332437,0.259652605520187,610
1.39797100104316,0.016715907049070517,0.000932071822400989,0.003933011812003606,8.185735264883831e-05,0.25904750532737275,0.2590473286757344,611
1.3980029520012789,0.017013285366858994,0.0009045415288283567,0.003933584897442803,7.481899530190459e-05,0.25864979741392274,0.25864476363605926,612
1.3964637447952084,0.016810970637437007,0.0008280448084896478,0.003939120773759343,8.751632680727018e-05,0.2593550161307862,0.25935164444214637,613
1.3988288970103249,0.01674052938123637,0.0009911374986152004,0.003953182279007077,9.82835279508354e-05,0.25991380491793314,0.2599137551369942,614
1.3968449847766653,0.01672744281476805,0.0008593031409405786,0.003954467573232649,8.642386642894867e-05,0.25929644375172295,0.2592962461595384,615
1.3982614037364602,0.017186400388049968,0.0009094474003284039,0.003930190860275135,7.385183494818777e-05,0.25859370903325146,0.2585916542264462,616
1.3965035116105038,0.016771466766170657,0.0008298657735713601,0.0039150793541785096,8.228144936587251e-05,0.2590709122675656,0.2590664688329791,617
1.398303877092069,0.016587642150228885,0.0009670436886599384,0.0039446603845865805,9.554177403881922e-05,0.25977454725492793,0.2597739404295699,618
1.3964517185726462,0.016675122259171532,0.0008375355704137744,0.003975319558583323,8.897102875521862e-05,0.25943244553417716,0.25943239359274956,619
1.398210877775301,0.017107751444210898,0.0009171516434169158,0.003954808144489483,7.780043758606787e-05,0.2588204556336999,0.258818907659234,620
1.3966828187327824,0.016871135690427336,0.0008363863776616106,0.003919506036468277,8.313598859605532e-05,0.2591178938684356,0.2591155166620262,621
1.3974389373435587,0.01644439260364168,0.0009193106097387213,0.003930994816989989,9.203861324008209e-05,0.25959367568974906,0.2595932919947741,622
1.3958470311965976,0.01656808533725049,0.0008029635013176315,0.003968109369681995,8.572132246762503e-05,0.2592585810180408,0.2592583058985782,623
1.3978454255463681,0.01694320768004583,0.0009063305498111355,0.003961841923664499,8.026920487793214e-05,0.2589593082812197,0.25895682182568147,624
1.3960984911825964,0.016570160696191886,0.0008197494578057803,0.003929847166671301,8.722178799332623e-05,0.25933926056994483,0.25933624970225233,625
1.3970550021488286,0.016343769473990705,0.0009000795083444947,0.0039346524040063,8.983241231072775e-05,0.2594779962181216,0.2594774797926451,626
1.395268432048315,0.016517533064517163,0.0007639143370502799,0.003967147500509432,8.069983717736115e-05,0.2589833088100856,0.25898309985666546,627
1.3976955141153822,0.017000854234332,0.0008946126914566975,0.0039641215499818866,8.226814068608087e-05,0.25907017864686693,0.2590686396711116,628
1.3957955218985243,0.016511978625938,0.000804799785491702,0.003937408849906068,9.38422564581539e-05,0.25968722129705696,0.2596853087066166,629
1.3968787883547018,0.016264350847591445,0.0008935720526342843,0.0039416593466649,8.979449998559889e-05,0.2594759959891084,0.25947539124190283,630
1.3951600626425413,0.016362532669740804,0.0007599276513687648,0.003965438818580989,7.515538326695618e-05,0.2586692204532447,0.258668508919954,631
1.3972243728760605,0.016862368892393977,0.000870803185616761,0.0039573920061435775,8.057990588279188e-05,0.25897663109873587,0.25897474842082585,632
1.395441161307096,0.016459634005569778,0.0007841027038961879,0.003939727348730505,9.740929045025155e-05,0.2598696145036294,0.2598684798842583,633
1.3966839181111095,0.016301710187526457,0.000878414365175203,0.003957665067778011,9.14495379957451e-05,0.25956292517986757,0.25956276745673373,634
1.3950483056908511,0.016355658109269606,0.0007522392970522133,0.00397736849576952,7.471176786593347e-05,0.25864359692870587,0.2586430123601404,635
1.3967223262025972,0.01668033881651475,0.0008499907255408792,0.003951529004359478,8.11914932608416e-05,0.2590106322342465,0.2590083808156399,636
1.3950210485938777,0.01627055418926585,0.0007687894714106989,0.003930057917894327,9.716061660414692e-05,0.2598570085017792,0.2598557763390347,637
1.396592288410854,0.01624089619656297,0.0008754730567274082,0.003963279813242025,8.774990054106142e-05,0.2593674916888707,0.25936739552922317,638
1.394958030953655,0.01634617184106046,0.0007455309073606765,0.003988823126088796,7.390624907861e-05,0.25859687437843604,0.2585963637366373,639
1.3963645833987939,0.016594701300380606,0.0008351747874853325,0.003955616714176267,8.569237537680901e-05,0.2592570176286323,0.2592546292414526,640
1.3947312028278929,0.016190695913037026,0.0007535950606208891,0.003932686474948084,0.00010003163074805873,0.2600015814123597,0.2600004073412389,641
1.3963451778166456,0.016177221451603652,0.0008611258254272512,0.0039692036555848175,8.387359042066977e-05,0.25915825258554653,0.2591582301928186,642
1.3947300932307327,0.016222153240306143,0.0007339353516117553,0.0039876206703514435,7.129094664402404e-05,0.25844339662955756,0.25844302077767667,643
1.3960596946264896,0.016402920730971913,0.0008287203202113782,0.003948545357465127,8.829805860098515e-05,0.25939670466711523,0.25939391100212,644
1.3944505129471878,0.016100132908615616,0.0007399188282391002,0.003937984048862061,0.00010157163900419443,0.26007827559675734,0.2600766665534731,645
1.39611468384011,0.016205682274626654,0.0008420598069883261,0.0039862060568875216,8.170487065721896e-05,0.2590390746571327,0.25903905853499265,646
1.3944516490845325,0.016173004717255548,0.0007197611900838616,0.003992974186474782,7.185786568455393e-05,0.2584769018918797,0.25847670836578845,647
1.3959350027462674,0.016260813557572067,0.0008306554900582198,0.003938765261790206,9.144309875178236e-05,0.2595625884964157,0.25956001671874157,648
1.3942872904340846,0.01600545601367451,0.000736384844760401,0.0039359641326727896,9.96095314949948e-05,0.25998045747924386,0.25997863583640335,649
1.3959126524627798,0.01617764873813627,0.0008265362790161013,0.003997688078984701,7.807667316246636e-05,0.25883610056317075,0.25883606424964983,650
1.3942469063632408,0.016113069825736046,0.0007136247020979565,0.00399942893042709,7.38536658501339e-05,0.2585938155583032,0.25859363368004407,651
1.395779214181047,0.01614185487418048,0.0008279298766128936,0.003936600678791066,9.582213339642504e-05,0.25978887804584494,0.25978636809963546,652
1.3941619583166638,0.01598570447867245,0.000730221038491963,0.003939339851246829,9.751868475229305e-05,0.2598751549229515,0.2598733937046964,653
1.39560919220049,0.01611805919104586,0.0008058323749120553,0.004004714177309649,7.49063631236748e-05,0.25865484622183865,0.2586548323164827,654
1.393973228105791,0.016001785783670338,0.0007059387653338986,0.0039990575785268925,7.58556814705912e-05,0.25870951671854364,0.258709382043949,655
1.395594477951372,0.01600539354251489,0.0008237925176072337,0.003934854216359181,9.857949274835253e-05,0.2599287205997728,0.259926071931926,656
1.3939596511292343,0.01595305386560104,0.0007195047672839705,0.003945474590689578,9.493286506016389e-05,0.2597433497864012,0.2597414208337869,657
1.3953242266493424,0.01606199571118315,0.0007881856677317376,0.004010644988994256,7.345423017885782e-05,0.25857054433387155,0.2585705397911664,658
1.3936620877062766,0.015897173241161595,0.0006958215337541944,0.003998581605160853,7.860063165707755e-05,0.25886569972743706,0.2588656273116461,659
1.3954397045874556,0.01593515835782987,0.0008176685724560855,0.003937387088685666,9.965914545882318e-05,0.25998294272541034,0.259980335659825,660
1.3937749465975575,0.0159133756900153,0.0007099719837096229,0.003951984847105521,9.228246251876856e-05,0.2596063761387304,0.2596043808744776,661
1.3950348537977595,0.015965356689042774,0.0007752048658915593,0.004010895668257402,7.337713819546484e-05,0.2585660456568632,0.2585660446503935,662
1.3933746531952744,0.01578469256520046,0.0006864590123519831,0.003995723688828401,8.069662720341826e-05,0.2589831301450785,0.25898307273953947,663
1.3952627339243204,0.015913643284015632,0.0008076845173890828,0.003943475209644576,9.870413397534699e-05,0.25993499541898973,0.2599322410836127,664
1.3936024795736164,0.015891709753892355,0.0006997430097781152,0.003960529433238536,9.079585057588936e-05,0.25952868566885745,0.2595266305663602,665
1.3947435896968974,0.015857822495964485,0.0007659866726166403,0.004010528079621461,7.524968226964301e-05,0.2586746574727561,0.25867465580333243,666
1.393108443538261,0.015674471078322465,0.0006771483022217568,0.003993995335438827,8.184030085153233e-05,0.2590465629302809,0.2590465275546638,667
1.395083469646428,0.015899744715454793,0.000797526194181599,0.003949141523163166,9.592306977499891e-05,0.25979403235521503,0.259791146697001,668
1.3934276253696023,0.015842304232848742,0.0006912151283211864,0.003964840340686493,9.006199033280767e-05,0.2594900995955157,0.2594879557313702,669
1.394493081393846,0.01575209203737648,0.0007599903390973983,0.004009465934406473,7.787891314355402e-05,0.25882490301043326,0.25882489842996326,670
1.3928746374986192,0.015594460172931509,0.0006671041987909184,0.003997148525363852,8.209083080954415e-05,0.25906039904251155,0.2590603608259815,671
1.3949190241219227,0.01588883603727043,0.0007875913982915996,0.003956136671047712,9.345333900801245e-05,0.25966712671935216,0.2596641138328253,672
1.3932698762026516,0.015766848949041186,0.0006858318062411957,0.003965965986081294,9.05128250074489e-05,0.2595138228387672,0.25951177024279504,673
1.3942617303089668,0.015648337665060633,0.0007536407801355222,0.004007797753527136,7.971812829958963e-05,0.25892850089878416,0.25892848234606547,674
1.392655998686626,0.015529060170278086,0.0006559579380890016,0.004001491686785325,8.109078559629734e-05,0.25900504223178866,0.25900499123500564,675
1.394761398650357,0.015852083387520755,0.0007794518924695629,0.003961267026792474,9.232515791199372e-05,0.2596085981241799,0.25960527848333614,676
1.39310841897195,0.015676553320520162,0.0006812483237554214,0.00396657279867735,9.196277499423602e-05,0.2595897223627296,0.2595876732145591,677
1.3940479211654464,0.015563280587354783,0.0007455761136666221,0.004009424823512591,8.021865731191351e-05,0.25895648688448286,0.2589564412425841,678
1.3924331703071533,0.015467341269658779,0.000643843443172843,0.0040061476467451946,7.975689542986253e-05,0.258930671611355,0.25893062493432967,679
1.3946221215037966,0.015787849279733344,0.0007744006525380403,0.003962931530837312,9.285183349492547e-05,0.25963596562337815,0.2596324597518,680
1.3929372290780027,0.015583009350824352,0.0006760772854771586,0.003967095136295881,9.331125614250364e-05,0.25965977516003885,0.25965772281618743,681
1.3938656900520392,0.015496829300243473,0.0007367338227252032,0.004013593723982348,7.92012211954726e-05,0.2588995067950686,0.2588994403752425,682
1.3922167692164842,0.015397528484723757,0.0006330780389904006,0.004009582431291588,7.888313261110725e-05,0.2588816176798547,0.25888156717444216,683
1.394496262185061,0.015713555665715726,0.0007708053776850363,0.0039633322668745094,9.457716106253864e-05,0.25972507897461705,0.259721460219572,684
1.3927594002873012,0.015511549150794874,0.0006689454687532876,0.003970091029818538,9.409201220700173e-05,0.25970010372145585,0.2596981542408441,685
1.393707547374979,0.01543520387210001,0.0007284885047585676,0.004018638054982937,7.771898745597643e-05,0.25881583730884233,0.258815733716184,686
1.392010232276003,0.015308602089860282,0.0006249730782007891,0.004010165029107169,7.86609846161758e-05,0.2588691028078479,0.2588690463586582,687
1.3943625186789759,0.01563794727643409,0.0007666252059724217,0.003963581117982455,9.596991429581254e-05,0.2597964235461628,0.25979263525510904,688
1.3925650584514497,0.015459536326679462,0.0006594597875643439,0.003975103112236051,9.410837233259294e-05,0.2597009469812278,0.2596990804716669,689
1.393566307025218,0.015372101964232493,0.000722310778026219,0.004023082300686815,7.700124251126963e-05,0.2587750351857568,0.25877488020233125,690
1.3918137998169868,0.015216751858634414,0.0006184043821080354,0.004010099558878323,7.900593104459623e-05,0.2588885280583793,0.2588884728012429,691
1.3942147576679151,0.015578683571478798,0.0007606064608933181,0.003965542525247876,9.630842229213041e-05,0.25981368545920086,0.259809786899933,692
1.392356319703148,0.015400711508715755,0.000649506227071456,0.003979726356166253,9.377057961928541e-05,0.25968352103417375,0.2596817540759361,693
1.393444889098379,0.01529706723624468,0.0007192565635827243,0.004025028596706356,7.704301072468732e-05,0.25877741480873995,0.2587772146956561,694
1.3916416083783043,0.015134997586559725,0.0006125224221995007,0.004011067047616188,7.913994103784875e-05,0.25889606323256803,0.2588959960188925,695
1.3940444369180969,0.0155394524612102,0.0007518548229822728,0.0039697501184549925,9.620383217122126e-05,0.2598083552225244,0.2598043586526079,696
1.3921339948362588,0.01532851424498699,0.00063950080931676,0.003983446251240336,9.40489126337846e-05,0.2596978818632619,0.2596962709740215,697
1.3933444165944646,0.015213743287841357,0.000718174227063103,0.004025647502095015,7.709921875154936e-05,0.2587806160804097,0.2587803683109719,698
1.3914948644618068,0.01506096986709495,0.0006068685445389481,0.004012995584366358,7.846250449015937e-05,0.2588579063265627,0.2588578146401869,699
1.3938480890183054,0.015496131782770955,0.0007415199599954627,0.003973844393683522,9.655182294423511e-05,0.25982607871657026,0.25982197651977784,700
1.391890696705901,0.015246598633354785,0.000628633480939548,0.003986414565275514,9.507191453542017e-05,0.25975048278473534,0.25974902823042095,701
1.3932667417280182,0.015138700282593924,0.0007170711956969603,0.004027321600949523,7.643132706773257e-05,0.25874250119060516,0.2587422232894763,702
1.3913684423746102,0.014990299833389198,0.0006018518547181635,0.0040153991987269344,7.743828852007145e-05,0.25879990275628495,0.2587997774672454,703
1.3936308257258845,0.015435193466533626,0.0007306610814783122,0.003976654293658237,9.786541782336983e-05,0.25989269517489394,0.25988858032010675,704
1.3916335417148629,0.0151621479625269,0.0006169507027004446,0.003989428683290858,9.60575345515533e-05,0.259800894579147,0.2597996179424045,705
1.3931993531847047,0.015071596750880139,0.00071475505548573,0.004029872399371629,7.488535745368369e-05,0.2586536326160569,0.25865335109242527,706
1.3912557485036434,0.014916545442897125,0.0005983047173435891,0.0040170044848724835,7.673986819902896e-05,0.25876012946245824,0.25875995711330235,707
1.3933984817790392,0.015367078725211137,0.0007188591862371035,0.003979372490954187,9.985132479876768e-05,0.25999256347484306,0.2599885352396922,708
1.3913802787027518,0.01508475342987883,0.0006051421546919002,0.003993729009355193,9.652509902267988e-05,0.25982471877575536,0.259823643173056,709
1.3931122794731332,0.014999527580962969,0.0007108157531212291,0.004031776944192587,7.310687975996978e-05,0.25855025612247784,0.2585499878097387,710
1.3911369447542312,0.014836100927356714,0.0005953093466342519,0.004017331527453813,7.643552718704446e-05,0.2587427413999869,0.25874251060882825,711
1.3931669737619459,0.015305967822985512,0.0007064452802951152,0.003983161617000541,0.00010176819520946055,0.2600880223636479,0.26008416782117183,712
1.3911521201556587,0.015011437801092306,0.0005948019326476653,0.003998665575457586,9.670272172211673e-05,0.2598337542028524,0.259832870277914,713
1.392980760576354,0.014917329411778592,0.0007047791330243227,0.004032273559750969,7.159714916103537e-05,0.2584615098629639,0.2584612782065933,714
1.3909954938264606,0.014756661926249514,0.0005908417942142944,0.004017770003721511,7.62135860282225e-05,0.25873003929133326,0.25872973691620355,715
1.3929544528113855,0.015254184661672785,0.0006945572900114328,0.003988182670866928,0.00010355874356279674,0.26017638165375084,0.2601728174668231,716
1.390965899090759,0.014932544355244562,0.0005875913189895296,0.004002751257328935,9.699522485559545e-05,0.2598486153775846,0.25984790868394364,717
1.392794199250178,0.014827782497885914,0.000695226616509275,0.004031811535078747,7.004099468529617e-05,0.2583690498077916,0.25836888417782244,718
1.3908275124695841,0.014682976792567439,0.0005841258151704547,0.004019099173099823,7.593618312325052e-05,0.2587141369695025,0.25871373239594286,719
1.3927615886780709,0.01519997032881631,0.0006835395744103289,0.003993576518470691,0.00010583443540725279,0.260287586471435,0.2602844057330944,720
1.3908176339588716,0.014848513359951947,0.0005832420429332165,0.004006120723035605,9.729634842032545e-05,0.25986389113992675,0.2598633416309767,721
1.3925623650662724,0.014736242396660817,0.0006815136097984538,0.004031416825851003,6.804651409427725e-05,0.258249031100334,0.25824894235028334,722
1.3906447218219682,0.014611358650085296,0.0005766967307814738,0.004020616057590851,7.594998946474454e-05,0.2587149291141549,0.25871439818398784,723
1.39257193038152,0.015134770957976438,0.0006725467062570117,0.00399868255161421,0.00010870759176525479,0.26042629328981565,0.26042355790470056,724
1.3906866613215758,0.014766116809355984,0.0005801047971918485,0.004009644690459984,9.704029992172619e-05,0.2598509035078883,0.2598504740349844,725
1.3923119318183768,0.014644333570608658,0.0006656748725155821,0.00403113588409051,6.588257317669723e-05,0.25811680806577914,0.25811678404648547,726
1.3904673732994701,0.014540410881773247,0.0005705688629979017,0.0040219612206407185,7.665933161619797e-05,0.25875553148679153,0.2587548706123216,727
1.3923658529831653,0.015062912649906177,0.0006605335900487628,0.004004110912658801,0.00011149435409014331,0.260559088696007,0.2605568418470234,728
1.3905492350057154,0.014682885202631717,0.0005768001018804989,0.004013149911283531,9.595365494150056e-05,0.25979559364926397,0.2597952518982951,729
1.3920685687780583,0.014549538689855606,0.0006509065640285279,0.00403021333529273,6.407149696828154e-05,0.25800446731321214,0.25800446710883645,730
1.3903070821312664,0.014474684853161876,0.0005660031512027773,0.00402383699507825,7.801211991367386e-05,0.25883244699467106,0.25883166554123394,731
1.3921356127960751,0.014987072588968524,0.0006475822038989713,0.004010235272677066,0.0001136536310084571,0.26066084569855774,0.26065907990941134,732
1.390394535289894,0.014591210881022592,0.0005729057389175351,0.0040158581330424666,9.421758604691566e-05,0.25970657437239913,0.25970629203851414,733
1.391838135681717,0.014454500453166942,0.0006381038487339053,0.004029014373737733,6.276781422468934e-05,0.25792261410297695,0.257922575384429,734
1.3901604020173888,0.014417404664778718,0.0005621680752269382,0.004026769572298725,7.987668105244794e-05,0.2589373755125567,0.2589365002048998,735
1.3918850369668379,0.014900419676779473,0.000634705680052902,0.004016048544087635,0.00011513237171523943,0.26072997538278814,0.2607286393132153,736
1.3902301755638797,0.01449182366928861,0.0005686299339350055,0.004017653972369832,9.183013286972387e-05,0.25958280401916495,0.25958254972688605,737
1.3916010822672562,0.014365850459267126,0.0006259521363669551,0.004028727255207175,6.203081051287646e-05,0.2578759641005325,0.2578758197061807,738
1.3900120534188587,0.014365565037637699,0.000558228258617796,0.004030410276044321,8.253375971645277e-05,0.25908480928343863,0.2590838851487201,739
1.3916219665284644,0.014799384385667939,0.0006233443798336252,0.004020758228464829,0.00011557516205086351,0.260750588916467,0.260749605940334,740
1.3900698952987882,0.014390433527826338,0.0005640722627521925,0.00401898488574079,8.856666681105957e-05,0.2594109864951056,0.25941072996906783,741
1.3913367699540733,0.014285578208543396,0.0006145322012551601,0.0040295673245653125,6.232260610012796e-05,0.2578944668027757,0.25789416691219924,742
1.3898552446156047,0.01431655274779593,0.0005534861157409383,0.004034454856470126,8.621023998506203e-05,0.25928494695650234,0.25928402503078024,743
1.3913437024406998,0.014688065077743678,0.0006143035918789315,0.004024566921667954,0.0001141250633439723,0.26068293327433867,0.2606822092462372,744
1.3899163842922926,0.014286688800964406,0.0005588326926521855,0.004019861333266832,8.460011393520464e-05,0.2591978320236458,0.2591975493763391,745
1.3910497740121728,0.014214536092871637,0.0006055687770830278,0.004031424021001266,6.420436559730426e-05,0.25801276266947326,0.2580123004501612,746
1.389711252720549,0.014272125325892308,0.0005483051666722985,0.004039127603727553,9.05587279295962e-05,0.2595162349660775,0.25951536177144824,747
1.391033338885906,0.01456498426288931,0.0006066417451617882,0.004027194232270384,0.00011031920247943555,0.26050329483921286,0.2605027360392652,748
1.3897636576703203,0.014179216569479403,0.0005523498691271105,0.0040201675630369554,8.044045525408173e-05,0.2589688603096537,0.25896853591418184,749
1.3907640124430833,0.014158359267663581,0.0005997248878886264,0.004035020177606041,6.792391900540221e-05,0.25824159687229375,0.25824101387477094,750
1.3896040269539602,0.014230937099685672,0.0005438812388057801,0.00404419136625712,9.504495968411315e-05,0.2597491004551247,0.2597483067393064,751
1.3907000185270582,0.014425973879455984,0.0005995449092973373,0.00402799822941848,0.00010432813515213312,0.2602141145065117,0.2602136451458014,752
1.3896146005538177,0.014075130864791272,0.000544707165791479,0.004020560310843856,7.658068454832643e-05,0.25875103905535374,0.25875067032625726,753
1.3905073531128749,0.014118907567611267,0.0005965663583192474,0.004040572252329331,7.358868647510021e-05,0.258578384840697,0.2585777499896203,754
1.3895232023681316,0.014186484772638548,0.0005401944361734175,0.004048841133456328,9.90931880462265e-05,0.259954556145114,0.2599538434249728,755
1.3904040137521938,0.014277418067809744,0.0005939188809696478,0.004027413657577061,9.657409727361345e-05,0.2598272120804231,0.2598267779199416,756
1.389478103781293,0.013982699847028959,0.0005373487722056357,0.004021701729652482,7.370377545955895e-05,0.2585850903000236,0.2585846937043959,757
1.3903126646128081,0.014090327986431688,0.0005952489255727216,0.0040471554975491895,8.0985069011076e-05,0.25899917046238574,0.2589985435451872,758
1.3894430900404668,0.014135233723712396,0.0005368520151343482,0.004052772948507285,0.00010172053393142625,0.26008565981636433,0.2600849998522397,759
1.3901986464139549,0.014129333475647456,0.0005898703438976308,0.004026262005877149,8.819704969252877e-05,0.2593913284306603,0.2593909007314236,760
1.3893457652728693,0.013904734396194907,0.000531575447747003,0.004023680497896419,7.247716875216135e-05,0.25851335238035883,0.25851295676244707,761
1.3901962695234924,0.014066495541509192,0.0005940118991484525,0.004054004155858923,8.897633884570668e-05,0.25943272701002773,0.2594321246835651,762
1.3893360384173732,0.014074476565950966,0.0005334292785506996,0.004055849290787289,0.00010223276845569859,0.2601110221271491,0.260110374433568,763
1.3900862274243182,0.013990033109846867,0.0005867996331144218,0.00402512073058372,8.081408212053891e-05,0.25898966529524536,0.2589892462917963,764
1.389194287685061,0.013842778388105593,0.0005264835387726309,0.0040266763431777,7.29701938041928e-05,0.25854225929155705,0.2585418865176137,765
1.3901349210620324,0.0140399621303757,0.0005917979740389248,0.004060292643104879,9.602851603607311e-05,0.25979941406595686,0.25979880821728313,766
1.3891810798742092,0.01400143388895269,0.0005288477651147737,0.00405792750940973,0.00010077789597284186,0.2600388194511527,0.2600381549061723,767
1.3900267775327362,0.013870241274261973,0.0005841912668964537,0.004024919196200904,7.5448341032614e-05,0.25868610045029494,0.2586857151101535,768
1.3890155476814903,0.013794016741302133,0.0005209536273029476,0.004030419806483684,7.486330066820801e-05,0.25865235809870396,0.2586520112415046,769
1.3900745772743868,0.014002125230549948,0.0005882552354441842,0.004065224509133008,0.00010093733984689138,0.2600467576783205,0.26004610200069833,770
1.3889813561891433,0.013919471339965147,0.0005223185648682679,0.004059576321319147,9.794749058991879e-05,0.25989684245554706,0.25989616175432445,771
1.389963396832793,0.0137751602413731,0.000581553485887474,0.004026032196917001,7.256244863123278e-05,0.25851835950352137,0.25851803379421967,772
1.3888188933233436,0.013751627819113535,0.000514561312075955,0.0040342003668820845,7.760684247066944e-05,0.2588094745853921,0.2588091387204251,773
1.3899700806253865,0.013950110952034236,0.0005834166083126253,0.00406900940683877,0.00010297384617632074,0.2601476029768769,0.26014686555387195,774
1.3887590740565952,0.013834088063763475,0.0005140345927209171,0.004061359156996231,9.472953670944442e-05,0.2597329099815751,0.2597322484484999,775
1.3898560282119274,0.013703172168243936,0.0005783966659911757,0.004028088858975163,7.212018688944438e-05,0.25849236050161817,0.2584920992354982,776
1.388621720021805,0.013710503793080522,0.000507296385436652,0.004037693656505124,8.033595581867709e-05,0.2589630327355576,0.2589626828153312,777
1.3898068286694092,0.01388379540650957,0.0005773352917630355,0.004072113022555748,0.00010237915520708711,0.2601182585066348,0.26011745222929467,778
1.3885431153379484,0.013751117032589046,0.0005053152002098644,0.0040636005987143165,9.213114587709357e-05,0.25959849706345184,0.2595979005413858,779
1.389695849324533,0.013650568084744595,0.0005736116301123598,0.004030690403977326,7.346082947739701e-05,0.258570929324023,0.2585707107813639,780
1.3884430702847812,0.013664421198951497,0.0005002941026407858,0.0040406168419529695,8.23152168989359e-05,0.2590727733851858,0.25907238907658237,781
1.3895979581822044,0.013807287990370419,0.0005698133518482325,0.0040751045205226315,0.00010017947547661562,0.2600089697510091,0.26000815601109545,782
1.3883502211458065,0.013675886741181028,0.0004973396276310761,0.004066520198976949,9.068023120362078e-05,0.25952261682541206,0.259522104376979,783
1.3895079509301076,0.013609002259910075,0.0005673642344443625,0.004033119952561875,7.56682434127182e-05,0.2586987495315544,0.25869853965119766,784
1.3882935213263292,0.013609120951618977,0.0004946779748158236,0.004043047418618979,8.315976240325902e-05,0.2591191974648682,0.25911877867259503,785
1.389372393416722,0.013729010387303911,0.0005611276204700512,0.0040785662001269025,9.760571809770337e-05,0.259879560622705,0.2598788090877716,786
1.3881783590350378,0.013608345850136377,0.0004903565643422233,0.004069736928077945,9.04683716382606e-05,0.2595114863001668,0.2595110392523543,787
1.3893292981758756,0.013569722527609724,0.0005609014577935079,0.0040350341722374975,7.773303482817502e-05,0.25881663398515414,0.25881640444593795,788
1.3881728644222053,0.013544648276433577,0.0004907598705191754,0.00404536443963221,8.295233284073172e-05,0.2591078171281999,0.2591073882963531,789
1.3891547375926085,0.013654699283581628,0.0005521184709322941,0.004082449545334619,9.572509746228833e-05,0.25978392035240927,0.2597832596986264,790
1.3880169160534432,0.01354638696953066,0.0004838131592870554,0.0040728707471768075,9.110090094782513e-05,0.25954467919564744,0.25954425892372435,791
1.3891850347425745,0.013524765959874329,0.0005557281320629103,0.004036501432507825,7.893246726850854e-05,0.258884394592121,0.25888413959252154,792
1.388075317112327,0.01347381236026057,0.0004883452341115647,0.004047743914433462,8.218646093128892e-05,0.25906567487456333,0.25906526867475993,793
1.388957186906239,0.013587357489436926,0.0005435855694782696,0.004086577962718033,9.497354251184899e-05,0.2597454370097933,0.25974484192245195,794
1.3878576135176206,0.013486715933627835,0.000477240413756014,0.004075652696156848,9.202472477589555e-05,0.2595929518280817,0.25959252601492316,795
1.3890800637598526,0.013468560833498249,0.0005526301208664686,0.004037712974254369,7.90694457833329e-05,0.25889210018968145,0.25889184231738,796
1.3879911478860987,0.013402385635058672,0.0004867522869521281,0.004050326701727465,8.135578547193242e-05,0.25901974420213414,0.25901937557196725,797
1.388782010440837,0.013526086894884664,0.0005359192876590392,0.004090632826097299,9.532325024850257e-05,0.25976336265067024,0.2597627801550513,798
1.3876950044200125,0.013425966979601502,0.00047045629286800536,0.004078044626705473,9.27400728452667e-05,0.25963016473614375,0.2596297264875443,799
1.3890046450416607,0.013402090538834578,0.0005511792547406725,0.004038965649395799,7.834302922196997e-05,0.2588511597670571,0.2588509299336977,800
1.3879053553656915,0.013334415235423766,0.00048509974140239213,0.004053015272143256,8.087243674022663e-05,0.25899291035984606,0.2589925670614417,801
1.3886278436439954,0.013468812421730453,0.0005291954502432733,0.004094520011356302,9.638746068078185e-05,0.2598177115806476,0.2598170968418778,802
1.3875245577877073,0.013361908550017055,0.0004633572255726846,0.004080197702284406,9.289841781639573e-05,0.2596383825311302,0.2596379517035157,803
1.3889407758935586,0.013330658829527876,0.0005503364394282536,0.004040262508484052,7.727497041492843e-05,0.2587906183181235,0.2587904278203547,804
1.3878037210344187,0.0132719118356212,0.0004825344501359996,0.004055824504357892,8.092733686979995e-05,0.25899596225368915,0.2589956160705577,805
1.3884857925436236,0.013412761213527254,0.0005230670828773552,0.004098344324587748,9.75935699696198e-05,0.2598789457924224,0.25987829006851726,806
1.3873474748318297,0.013293649594672729,0.00045610304809338926,0.004082089200435042,9.244352925682761e-05,0.25961475580848664,0.2596143580991383,807
1.3888633248243598,0.013261922154209656,0.0005485555946645184,0.004041667957500326,7.639232156187433e-05,0.25874027010806155,0.2587401069576015,808
1.387681853863731,0.013213552398490069,0.0004788372029571505,0.004058843239861335,8.151279354369038e-05,0.2590284435836799,0.25902806925324434,809
1.3883442645803996,0.01335494241265037,0.0005171662798192948,0.004102162576094485,9.840032640999816e-05,0.259919693866748,0.2599190279741643,810
1.3871763691008165,0.013223318195423031,0.00044934298591659997,0.004083655550884922,9.156395905283524e-05,0.25956890584407827,0.2595685482234759,811
1.3887517572219443,0.013200689220688898,0.0005447619630624766,0.004043313468716934,7.608596032605093e-05,0.25872272665661666,0.25872257470212023,812
1.387543371152263,0.013155126987396945,0.0004742581860079601,0.004062170509737506,8.239897254571928e-05,0.2590773879803454,0.25907697357592924,813
1.3882055476973234,0.013294573767509355,0.0005119020619400377,0.004105982163781607,9.849144593949695e-05,0.2599242856639406,0.25992365471435797,814
1.3870293809564243,0.013153631795952617,0.00044408618092065384,0.004084704665576561,9.068263507664734e-05,0.2595227430437163,0.2595224089488353,815
1.3885981872538058,0.013149532774996498,0.0005383237544160928,0.004045698484815177,7.636319078394336e-05,0.2587386034801874,0.25873846285387975,816
1.38739684121298,0.013089257309932925,0.0004695444811654255,0.004065564084639395,8.325771570105363e-05,0.25912456660346417,0.2591240987860852,817
1.388082633761943,0.013232287486504003,0.0005080687818017445,0.004109924318632541,9.7981807020646e-05,0.2598985760097423,0.25989802594152944,818
1.3869316285286073,0.013086000987100067,0.00044197948030225565,0.004084908614299499,9.014832943067996e-05,0.2594946474094976,0.2594942953719496,819
1.3883926162066158,0.013111590644200843,0.0005278887679640795,0.004049745536762805,7.690050222153969e-05,0.25876929314263925,0.2587691959129226,820
1.3873106938193622,0.01300268656614194,0.0004700170244223014,0.004068001432420961,8.391917680290942e-05,0.2591607410618852,0.2591601413743065,821
1.3879443105070155,0.013162299646429513,0.0005038247255524566,0.0041149914666773054,9.716367337877562e-05,0.2598571635564586,0.25985678212249785,822
1.387062931436629,0.013014395476564996,0.00045545672703429315,0.004082475099285946,9.004554338051385e-05,0.2594892330238283,0.25948873461691374,823
1.3879990666426156,0.013081977206683127,0.0005042504052435418,0.004058076758471955,7.737340226355986e-05,0.25879621522380847,0.2587962028086599,824
1.3877399021091514,0.012868814450782314,0.0005080550596396106,0.004067572048895715,8.48348650516226e-05,0.2592105844033711,0.259209545545201,825
1.3872037839005655,0.013039254277494937,0.00046308858322722125,0.004120845692733953,9.571041560060858e-05,0.2597831700179752,0.25978301128583686,826
1.3879030114301043,0.012885035967906508,0.0005197850558050362,0.004071615565604862,8.912317508441565e-05,0.2594405071412724,0.2594395561692352,827
1.3867224024453684,0.01296241125433465,0.0004281870743409469,0.004069367193005918,7.825470415931826e-05,0.25884616889728645,0.2588461502843055,828
1.3884575243223007,0.012705526504616132,0.000568372319240239,0.004072952216768406,8.890232002525987e-05,0.25942880268248625,0.25942676105966883,829
1.386159387699875,0.012922211526166518,0.0004015200633375695,0.004125817052163727,9.415329748844882e-05,0.2597032622085796,0.25970317632804124,830
1.3892011092126526,0.01268438570226664,0.0006180828233399698,0.0040507567723439405,8.53638381280154e-05,0.2592392552799463,0.25923799242151374,831
1.3848941073696408,0.012798823513840197,0.0003165771205577931,0.004067856306820575,7.77489997244241e-05,0.2588175393236676,0.25881750726098435,832
1.3933598672167655,0.012825008125071116,0.0008822300990773912,0.004107955802570448,0.00010417763161306221,0.26020674441793573,0.2602015087472372,833
1.3852373533479592,0.012960545252544309,0.00033283759086167415,0.004154932252171731,0.00010384864594978849,0.2601906155824753,0.2601894651526347,834
1.397070024201465,0.01323343231367113,0.0010182868636215189,0.003920664088401427,5.002984561708919e-05,0.25707317790085116,0.25707197229278395,835
1.3880220861918329,0.012860841419421622,0.0004848306253979672,0.004004114222049892,6.114626417868763e-05,0.2578196076742179,0.2578188395418342,836
1.411529826511971,0.01497735825179866,0.0017942179002414156,0.004297748391744577,0.00016904521792092845,0.263001739034488,0.2629863122534241,837
1.4154248782282421,0.015465758259577793,0.002020633403503748,0.004342270042275969,0.0001693769559132556,0.2630144902287126,0.26300160712283094,838
1.3852481369909853,0.012644168557974516,0.0003453364102861677,0.004082336305741449,7.422614928834368e-05,0.25861545989999046,0.25861540534603905,839
1.4277026546381797,0.013651770653475694,0.003036916957911482,0.003823807820547771,5.0800649281101047e-05,0.25712745742050425,0.25712711643721553,840
1.4330392559194978,0.014521976183572878,0.003317247845778832,0.003800441592444828,4.747210594961889e-05,0.2568900004317575,0.2568885243928861,841
1.395455853650751,0.013304381055366299,0.0009545065140206665,0.0039983902890828186,6.241654828972647e-05,0.25790041443784606,0.2578984387246181,842
1.400192450979663,0.013981451063859047,0.0012416794433146698,0.004273128188695271,0.00011892690520243884,0.2609053613054515,0.26089817047840985,843
1.4156987394815013,0.014712070142113886,0.002165195112244212,0.004239422821556663,0.00014498539589182538,0.262040988160937,0.262019105332329,844
1.3879899174955264,0.012609654881235733,0.0005363462273649052,0.004096581414337307,0.00010718289840027498,0.2603529173859485,0.26034904443496587,845
1.434656547426976,0.014897031615873616,0.00336471935636592,0.003979694298489162,4.22612990313647e-05,0.2565008690981564,0.256487212739143,846
1.4653131633264527,0.01735085530272235,0.00508066403832325,0.0038890653747605413,2.493630337565101e-05,0.2549936262751282,0.25496988137495485,847
1.4195110949036616,0.014905566816408181,0.00231216309848079,0.003856312077447752,3.6181196614023597e-05,0.25601508076537827,0.25601145570078293,848
1.4092618163117154,0.012331159976856004,0.0019751268580982836,0.0040320443678951,0.00010258518185794077,0.2601284343241165,0.2601170496356827,849
1.4239673603501832,0.015421686321872848,0.002587928811645298,0.00429413706443675,0.0001698299939188516,0.263031883744066,0.26300452078542086,850
1.4356346430470366,0.015871091082417396,0.003417241432720451,0.00438255960651973,0.00014600401741942618,0.2620832122144497,0.26207536727195524,851
1.4116939123774956,0.0136465351526625,0.002055016072783823,0.004224607678015216,9.494744985765075e-05,0.25974409820648636,0.25974369710654494,852
1.3904749317839533,0.012416475642425727,0.000679710840122301,0.0039311538054876615,6.156606364361089e-05,0.25784640450420515,0.2578462491644543,853
1.3947550887881597,0.012458110237476944,0.0009925976886232296,0.003932844123354155,7.46625874064956e-05,0.258640751553337,0.25864016269057666,854
1.3889634330683456,0.012810275722866644,0.0005957468790018269,0.004150898290968219,9.245370467636146e-05,0.2596152849503466,0.25961456603074423,855
1.3890605231273174,0.012935621440533288,0.0005818722214989198,0.004183406365590169,0.00010893304311823517,0.26043709936324433,0.2604252421148711,856
1.3852322061737676,0.012110866632656776,0.00039017853814903513,0.003980191930634287,8.25606638094823e-05,0.2590862898814358,0.25908576952840645,857
1.401511050099882,0.01362474469781694,0.0012947011608149695,0.004172827171331412,5.147029873058491e-05,0.2571742803632549,0.25717410546260866,858
1.3878465053130153,0.013090469341306133,0.0004933112147680373,0.004151609547182947,7.77194616294143e-05,0.25881586420207425,0.2588145409439906,859
1.441423770245127,0.011787550034223262,0.003979397428818977,0.0038425045178479425,0.00017525400080425872,0.26323835340230267,0.26322652051729295,860
1.4626044016562405,0.012279597671988208,0.005312717826953115,0.003792606558220512,0.00018707506485817098,0.26367753869883653,0.2636672680205629,861
1.3977902878108697,0.012606489695418008,0.0011916990630474534,0.0039829439250276336,0.00010648289756405571,0.2603190550712774,0.26031808307469584,862
1.47625245448567,0.016182554539029916,0.0057493240648016225,0.004422193039496811,1.593883091023265e-05,0.2539923465418514,0.2539899616010464,863
1.5619430443209223,0.01996633645383797,0.010937230402966269,0.00457076880286071,6.047071224349052e-06,0.2524590793448665,0.2524555944543648,864
1.4854235288200095,0.019074579990350102,0.006310312960922441,0.0044284001865948375,2.489839270441624e-05,0.2549898289253657,0.25498963737957364,865
1.4120722037152196,0.014514836728592715,0.0019992475670639826,0.004019060458367943,0.00011911377413581914,0.26091392569774136,0.26090908323927114,866
1.440125234505073,0.011362855707492887,0.00393262011805144,0.0037669570885242145,0.00017280863229708566,0.2631456697165677,0.26314212217367544,867
1.426090502018512,0.012881978820446865,0.0030259148265830084,0.0038309130285285762,0.00012905140142326687,0.2613600792877192,0.2613600721789385,868
1.425930271475086,0.015525734665557477,0.002706609589579544,0.004210772841457847,3.7233749843327994e-05,0.2561019463979396,0.2561000345586445,869
1.438497366288938,0.01591902940969711,0.003419036524590774,0.004371802685715723,2.70532988267244e-05,0.2552012785761507,0.2552012771290296,870
1.3934592001218098,0.013780180370746162,0.0008267648127004334,0.004197566330486384,8.44627816920407e-05,0.2591903635233891,0.25918486830510323,871
1.4540267242242035,0.011477516572848583,0.0045347256335927,0.003683904993822718,0.0002425914308178812,0.2655753468923771,0.26557353852803683,872
1.5064258524766,0.012838431023513565,0.008000987501880562,0.0035682997674357834,0.00023041727317433256,0.26517950174328303,0.26517946682818605,873
1.435381610606366,0.013237746547113405,0.0036574189936821396,0.0038089360959266323,8.108190473528954e-05,0.25900454911338094,0.2590033300060495,874
1.4387258582360853,0.015707140656110483,0.002764988309970073,0.004370083763512055,1.7524442649458533e-06,0.2513237991784806,0.25132340867127323,875
1.49303495677545,0.019826235832609316,0.006290826302136245,0.00455740788681087,4.669640925170888e-06,0.252160935196893,0.2521517511264598,876
1.4473912359501566,0.0189218809588357,0.004075452413924176,0.00433729527770839,8.581814929711875e-05,0.2592638085740757,0.2592413889909072,877
1.4376364595696574,0.012942382779733428,0.0028917798780501553,0.0037980665601312605,0.00031919029944741365,0.26786589766699154,0.26785037704575465,878
1.4688694507350155,0.01170785143847194,0.005305203305968725,0.003588795468406828,0.00027912697442683245,0.26670709353618494,0.2667039041657709,879
1.4246134804343695,0.012166672307493218,0.003007580865402684,0.0037478959832572024,7.76219311764427e-05,0.25881033093455874,0.25881029129618016,880
1.4271389231803457,0.014376313931010895,0.0018173816246260677,0.004246800357411124,6.046720635694679e-08,0.25024590080592984,0.25024435673176665,881
1.4637307278483163,0.018167311019676075,0.004266458178844617,0.0044307517370810534,1.7758781379638466e-06,0.25133262077800245,0.25131965602954126,882
1.4210331228092492,0.01733165728142287,0.002423751015680514,0.004223060127014635,8.819648410851118e-05,0.2593912983185772,0.25936127476177223,883
1.4236819839894395,0.01122955011685591,0.0019226530988445487,0.003732360163782644,0.00034260131457892676,0.26850949255325296,0.2684896264005738,884
1.45395546491955,0.011277409795571472,0.0042120344425178305,0.003593547790848965,0.00030029429060288284,0.26732900143121013,0.26732332178657603,885
1.4168695561014804,0.01332378543838169,0.002410826797248209,0.003808593662462456,7.554839744414108e-05,0.2586918581122877,0.2586907580587853,886
1.429936798708957,0.01464034573380602,0.001953102970564714,0.00428688000470275,1.5082734042357075e-08,0.2501228117829948,0.25011798606225083,887
1.451706444712016,0.016397033011377807,0.0035961748148751835,0.004408144129803699,1.934245796055937e-06,0.25139077165489376,0.25137754336676243,888
1.405583475711182,0.015233882520356566,0.0015363176840264576,0.004144860431076622,9.830153369227938e-05,0.25991471299091806,0.2598954733344264,889
1.4362157008736323,0.010848228856467848,0.0028128877315529185,0.003647414209713473,0.0003386121671491276,0.268401417530971,0.26839201890730713,890
1.4696638980852306,0.010692168636110345,0.005382932473302065,0.003524285134471809,0.0002863866737374223,0.26692296291248735,0.2669185676292518,891
1.4126779130967693,0.011709384233717356,0.0022343965057494775,0.0037503917906280305,7.309622109581371e-05,0.25854963280473575,0.2585452648223943,892
1.4272489889701585,0.014656829371214522,0.0017865509612107438,0.004282539299217402,3.27097579437117e-08,0.25018085839196375,0.2501703487339778,893
1.4708223359084327,0.017797073815829168,0.004824982765199517,0.004456159703416216,2.572916868685836e-06,0.251604031442549,0.2515904088252096,894
1.4200760091815074,0.016366872210753846,0.002429873650460802,0.004240908792045239,9.223217122126813e-05,0.25960375818215287,0.2595927885401041,895
1.4192653688418748,0.011075201817599589,0.0016064920928449424,0.0037194450337311594,0.0003479795661146968,0.2686542104125234,0.26864939261155113,896
1.458439884291045,0.010401217667980347,0.004655575018669413,0.0035236463349392045,0.0002861493433677504,0.2669159493782569,0.266911948681665,897
1.4179927693107879,0.011446971932320948,0.0025930492300975877,0.003675791352735974,6.698082553614525e-05,0.2581841814212629,0.2581772701029855,898
1.4181294690440485,0.013611913316155317,0.0011019317749006196,0.0041654451083645355,1.3191395696569125e-07,0.24963680038963995,0.249625375426567,899
1.4520913980744137,0.016154420569322526,0.003622639374905981,0.004370213583384041,1.7413327249534369e-06,0.2513195956672229,0.251309407335374,900
1.4110586148613384,0.015448326361590483,0.001889931221238165,0.004203697715043898,9.884940251313768e-05,0.2599423036824037,0.25993602782788106,901
1.4222485775974865,0.01111900088611992,0.0016957313107836295,0.0037066862543356782,0.00036377090473574083,0.2690727791560575,0.2690679695393946,902
1.4625486683761826,0.01053566503543433,0.0047480336984140475,0.0035175582347740306,0.00031411487291620665,0.2677232861771232,0.26771534786218315,903
1.4172856349569565,0.01138111443502145,0.0025753040249428386,0.0036589646159583666,8.514836370269821e-05,0.25922758710079175,0.25921410032525466,904
1.4172245322136425,0.013786676062158174,0.0011151761777496796,0.004156474177031709,2.5934218999082964e-09,0.24994907434929323,0.24993812788914702,905
1.4596649704761562,0.016220737421336107,0.004005164343530533,0.004367765449860349,6.636000477405757e-07,0.25081461650347914,0.2508110205802319,906
1.4181060515091486,0.015406266219172973,0.0023505418066151603,0.0042123359840242815,7.383804271974656e-05,0.25859290653502914,0.2585924256268238,907
1.4151294394083282,0.011144103258424246,0.001415575078889844,0.0037091764651482925,0.00033455638374866984,0.2682908825306126,0.2682885370062101,908
1.4561393971489025,0.010244868930783219,0.004423197446574499,0.0035056606972502444,0.00030056686686768337,0.2673368643897241,0.2673236139459636,909
1.4174872990533622,0.011126473475817703,0.002602467196843397,0.003639819127761264,8.537101225396089e-05,0.2592396435133592,0.2592127303188095,910
1.4147141248807125,0.014004804266891465,0.0010439526564703198,0.004147073500480565,1.3938746319400478e-07,0.2503733463046476,0.2503601641529881,911
1.454634696855776,0.016265449823709126,0.00385062151923517,0.004367640402558251,2.5578191390846147e-06,0.2515993183357558,0.2515987497334191,912
1.4151458974865783,0.015050818343583275,0.002191420387051668,0.0042082706142113,9.1207319642105e-05,0.25955025233394935,0.2595488302568424,913
1.417380918162531,0.010969410663526993,0.001568256138008899,0.0036767064139411796,0.0003359994307603227,0.2683302872525316,0.2683290613117478,914
1.4625028907121527,0.010177510970755855,0.004960841311831714,0.0034576384670454807,0.00028217822483384345,0.2667981613527744,0.2667771223461938,915
1.4221542097412057,0.010849295613559547,0.00291528375318052,0.003587940054804223,7.382349992138715e-05,0.25859206028385434,0.258548950974173,916
1.4131815453341985,0.013806332860716797,0.0009267528834751195,0.004111139998337197,6.960202500300084e-08,0.2502638219570146,0.2502501150517536,917
1.4577390712121312,0.0163495330966789,0.004127920182126504,0.004364688277066999,3.7951684537627997e-06,0.2519481192093306,0.25194785002175885,918
1.4228627946925116,0.015265308992431094,0.002687667274839208,0.0042337739186098676,0.00010016183734243407,0.26000808859585256,0.2599991593252482,919
1.4118096063602839,0.011276181901340093,0.0011980312722397193,0.0037219523098031213,0.0003327076100827986,0.26824027439713555,0.26824015068358664,920
1.4540607725857746,0.010509148548913844,0.004509054928151658,0.003489520455168162,0.00025858661857502475,0.2660806286747448,0.26605250931669566,921
1.4238506984258494,0.011259049227367994,0.002957526997401759,0.0036033701225658935,5.870571019087299e-05,0.2576619651650783,0.25760026583729423,922
1.410948436246032,0.013868535321722464,0.0008560248659272941,0.004084353165028478,3.4311277881268753e-07,0.2505857582938488,0.2505725961333417,923
1.4491718896616226,0.016039116966218087,0.00384127682380124,0.004309162930543825,1.098382958223294e-05,0.2533141861115865,0.25331009399655546,924
1.4213082591215764,0.014778880956042672,0.0025528502807168176,0.0041564597962535435,0.0001381358465395838,0.26175312071492435,0.2617305241866341,925
1.4109311162624396,0.011113189256079846,0.0013705426650176776,0.0036830859251836324,0.00029785850630371696,0.2672585777601666,0.2672578522556098,926
1.4466217496253968,0.010846372549951239,0.004377744745349081,0.0035076511639459177,0.00017570578711878897,0.2632554059582794,0.26320274277264344,927
1.4198616482859199,0.012112888493972393,0.0023708389787049106,0.0036899848112194526,2.388321251248036e-05,0.2548870453765522,0.2548030771597185,928
1.4091153430870391,0.01428636939066121,0.001090795466482336,0.0041180622654226175,5.157966600242976e-06,0.2522711157170525,0.2522665064307851,929
1.4378195620257859,0.015690020643961303,0.0036297442159187905,0.004245570978226015,6.875765058547486e-05,0.25829202331071704,0.258267789583831,930
1.4139526843107575,0.013463765118408192,0.0016185434925869505,0.003984941966102503,0.000261793969815774,0.26618004851092153,0.2661513099176031,931
1.4035161593988876,0.011138853530730148,0.00134804767604603,0.003666174460942403,0.00021048229551827774,0.2645080079789845,0.26449984084817063,932
1.4186550808446972,0.01198465102242243,0.002368966912734172,0.0036725494924495106,3.001329896241329e-05,0.2554784394641552,0.2553835375728521,933
1.4033406969289561,0.01330680230911428,0.0006082181835283377,0.00394693478952022,2.4246534219627188e-06,0.25155712986676215,0.2515111130534779,934
1.3997368076165613,0.01398246969095441,0.001170128063937965,0.004088214870970593,5.5433749228444045e-05,0.2574453844244904,0.25744476186824905,935
1.407787342868325,0.012432812627297065,0.0010226337755922118,0.0038625951888811502,0.00030556479859747713,0.2674804118543436,0.2674704139705982,936
1.4038541383387628,0.01140575526197837,0.0009797768341170297,0.0037236876607687278,0.0002810625842538808,0.26676492124210194,0.26676410447738924,937
1.3909532289776847,0.012227341424876317,0.0006689108185827112,0.003802394811383218,5.0486148462599565e-05,0.2571053605441666,0.25706050945977976,938
1.3998341624468649,0.013763372484470975,0.0008273203875168134,0.004078712791028278,1.6484257477491056e-05,0.254060080969327,0.2540562556369028,939
1.39762315204788,0.013619111295777054,0.0011151062120173475,0.004051397356776652,8.307735817749315e-05,0.25911467817191003,0.25911119144959976,940
1.4010898103575153,0.01130158521455528,0.0010877671083099254,0.003703064598025241,0.00022861996925002413,0.2651201841671993,0.2651126920064829,941
1.4109065312827034,0.011587452583378734,0.0020271878500150316,0.0036505445867368908,0.0001524402381851907,0.26234666911297094,0.2622967427774378,942
1.392935014273454,0.013106870933676837,0.0005205792436027758,0.003920539632320205,2.3800718791805213e-05,0.25487859803548163,0.2548442963613105,943
1.3988782405764604,0.01365257779333797,0.001076053883867679,0.00408292444810079,4.3979073470530265e-05,0.25663167199660314,0.2566289890188565,944
1.398158279932256,0.012615678994357947,0.0009982522934608056,0.003909602590137362,0.00018557140933161224,0.2636224597386673,0.2636067185202262,945
1.3896621633931505,0.011653764528507051,0.0006264189321596993,0.003770483288560947,0.00014940986328589725,0.26222333274053755,0.2622178181665783,946
1.4011632018738094,0.013636337026723844,0.0008793978193154593,0.003939531581626101,1.4741313521157793e-05,0.25383944182416635,0.2537945850469932,947
1.3936506450679496,0.013281703517341528,0.00046567045065857746,0.003999003972561298,1.7643799174274006e-05,0.25420045225830196,0.2541845971557739,948
1.3925077352896094,0.012139713735056621,0.0007065991781443452,0.0038690052952401366,0.0001724833221340539,0.2631332906057109,0.2631274080452498,949
1.3908198314714735,0.011932857435448906,0.0005820180328357685,0.0038514150373297864,0.00017953182740788136,0.2633989487426395,0.2633962485445056,950
1.3920100145231127,0.013312444497309511,0.00048659194199018874,0.003971488887988759,2.6808452690712632e-05,0.25517768796768525,0.255156647947411,951
1.390403066009491,0.012927044332605196,0.0004621830154782105,0.00392857017721939,3.227977950094655e-05,0.25568152967966784,0.25565407786234035,952
1.395012399022912,0.011680768126868366,0.0007881165078830687,0.003811905981224644,0.00020130475097344762,0.26418819054613546,0.2641875030866255,953
1.395762987473018,0.012227996928559824,0.0008368576427622221,0.0038886387413092755,0.00019288307802254272,0.26388823523787464,0.26388312737119246,954
1.3901766216583502,0.01321307263996226,0.0004420790249806494,0.00403760132444039,3.331410436123096e-05,0.2557718371738322,0.2557623052997322,955
1.390762815646744,0.012854983251758892,0.0005243555515054059,0.003915253745540154,3.643854508931496e-05,0.256036434799558,0.25599481465911417,956
1.3935617169051715,0.011337745764724318,0.0007922098190646576,0.0037724322677609432,0.00018259152007768446,0.2635126429715909,0.2635079219757114,957
1.3902780155400334,0.012119470625069252,0.000592123411044791,0.003902149871506859,0.00016361915532996186,0.26279137034605604,0.26279111353377743,958
1.3967315406994256,0.013620976417996061,0.0007166694785456776,0.0041030720373211324,2.179581675499501e-05,0.2546685990141578,0.25465757667718486,959
1.393722830490894,0.013317296912186154,0.000531395549472166,0.004008523748050595,2.1842720642651237e-05,0.25467361965104685,0.25463989702741185,960
1.3925412087153566,0.01126555851595482,0.0008355382342832224,0.003760507852901938,0.00015156955154866915,0.26231135863943006,0.262296754607459,961
1.3887926856789978,0.01173089211110661,0.0005222169123230767,0.0038553533821144657,0.0001626955816375261,0.2627552178200737,0.2627546128110581,962
1.3962809079771756,0.013586674208030598,0.0008012177564204864,0.004127101614532339,3.081334877102417e-05,0.2555509772807159,0.25554773080596666,963
1.3904912357996753,0.013256987001162488,0.0004505480896334469,0.004056444571822639,3.234789300518713e-05,0.25568752081360474,0.25567638946674603,964
1.3960561917682255,0.01111931548995527,0.0010095100560075071,0.0037428990797133818,0.00017289063437241222,0.2631487883233556,0.26314055618723314,965
1.393921595851117,0.01118586873732384,0.0008630831625991852,0.003764230311479238,0.0001731173192180698,0.2631574054896119,0.2631540164966565,966
1.3899795634122927,0.013117966469007517,0.0004800054304227653,0.0040710079602879565,3.839770456817421e-05,0.2561965881393049,0.25619473086486466,967
1.3879666895786085,0.013016177740815685,0.00040858170006008866,0.004056761529238044,4.685145165933596e-05,0.25684481202512793,0.2568436894559334,968
1.3983737144860044,0.01105630866748497,0.0010646694282082792,0.0037434782555773685,0.00019887518134269493,0.26410231120571004,0.26410117310963954,969
1.3977603065874447,0.011050038863759791,0.0010964006587366646,0.003737580097226639,0.00018147813996003458,0.26347138225870065,0.2634689630406352,970
1.3873195592594092,0.012895733137706193,0.0003193330050506241,0.0040274881292660224,3.864887092550076e-05,0.25621682160959286,0.256214136987004,971
1.3875061765282235,0.0129023118581719,0.0004179388139621691,0.004054235351077933,5.329072626358344e-05,0.2573000497439116,0.25729994078560353,972
1.3971911689613226,0.011109215580976523,0.0009531377677039454,0.003763693650858063,0.0002054549054423617,0.26433369824722014,0.2643335433847967,973
1.3953868064530786,0.011102252196987586,0.0009599453156159705,0.0037564586229729808,0.00017499776329310998,0.2632286720154787,0.2632276615078802,974
1.3895481377122252,0.013050643331677676,0.00038910482907025595,0.004041192084381286,3.0896851686123154e-05,0.2555584936526116,0.25555474611142853,975
1.3899633902426753,0.013068174988934951,0.0004840775521606115,0.004077245904640708,3.857696012574602e-05,0.2562110353505471,0.25621103280002244,976
1.3918168370334945,0.011389093317849075,0.0006683834835502879,0.0038200764858751244,0.00018376347856867865,0.26355593886710466,0.2635542014466515,977
1.3895026985139844,0.011308867383505537,0.0006093602875777328,0.0038079448228928517,0.00015927025176128533,0.2626202318426123,0.26262002684649227,978
1.393665574924756,0.013325521281677046,0.0005446685683420996,0.004070298394212439,2.2601210971212186e-05,0.2547540730927503,0.2547467099168503,979
1.3925822286558633,0.013204111014347179,0.0005126359804218949,0.004081435134081266,2.4915370141740183e-05,0.25499152983981266,0.254987526938754,980
1.3884358606732077,0.011466485130234278,0.0005367440315450331,0.003841676476563034,0.00015645167027757804,0.2625080642098439,0.2625079555510718,981
1.3864531869640118,0.01149617906372513,0.0004283877426045136,0.0038491228276569213,0.00014792286512756278,0.26216235442369457,0.262162088999922,982
1.3965418787530295,0.013539832054742514,0.0006819376256548973,0.004097840864188956,1.999140042086509e-05,0.25447117438944905,0.2544606407425744,983
1.3943304503047833,0.013307094493877703,0.0005643083186457248,0.004081018072943689,2.0916088637601386e-05,0.25457341105058373,0.2545620287514273,984
1.3874180612258171,0.011382626894270097,0.0005162639334513883,0.003834027784732217,0.0001420935876513361,0.26192030149162915,0.26191919589736073,985
1.3855841605359067,0.011586034862369133,0.000377839781764275,0.0038705440195169858,0.00014308516819707854,0.2619618212742491,0.2619613930258293,986
1.3975724630142585,0.013611759926226994,0.0007532994744203127,0.004114156216356392,2.048854662120802e-05,0.2545264275782573,0.2545145983986081,987
1.3945512457212919,0.0133261753047509,0.0005827731656108993,0.004080038323389744,2.1326623911104457e-05,0.2546180757801388,0.25460208019726527,988
1.3878070759586603,0.011285657975459986,0.0005554273681690903,0.0038228749930128187,0.00013929584838059505,0.2618023662195593,0.2617990928571271,989
1.386043788194085,0.011542490658927124,0.00040627872555838685,0.0038714216226585912,0.000144959929906577,0.2620399306437611,0.2620395791859376,990
1.3961919163045209,0.013513399137060851,0.0007327429846936811,0.004117417510541223,2.5025093024928725e-05,0.2550025086731488,0.2549938890109834,991
1.3924784971321238,0.013215828410774077,0.0005272545534354325,0.004072430838698702,2.6915942093369586e-05,0.2551880576416776,0.2551748637846364,992
1.3899341560239313,0.011141309492628631,0.0006779695121728949,0.0038028056482754704,0.00014985142294344456,0.2622413815782143,0.2622384665574337,993
1.3880731307796206,0.011339415910774038,0.0005312191721790752,0.0038428235016996375,0.0001531787525596978,0.2623765404115891,0.2623762732476005,994
1.3933064327653804,0.01326201989030634,0.0006412838357134204,0.00411044422288081,3.252741430816045e-05,0.25570328101255413,0.25569926837715645,995
1.3900026079124266,0.013039576570650184,0.00046388839892857824,0.004069786557972719,3.572731818915366e-05,0.255977233322295,0.25597005379736987,996
1.392351796607727,0.01100946811703082,0.0008054755676626796,0.003785385784384635,0.0001632823641123541,0.26277819878200187,0.2627762137442214,997
1.3905283962670103,0.011118935001249223,0.0006930145924941462,0.003809144916928934,0.00015844359540007514,0.2625874379998503,0.26258691474673074,998
1.390637154208906,0.013010633163029318,0.0005159649890333405,0.004092683317931384,3.652311448688281e-05,0.25604343565258064,0.25604121673366464,999
1.3884657399451048,0.01289053870561717,0.0004235069208157152,0.004068704508475131,4.2550883511518e-05,0.2565231038249838,0.256520173580221,1000
1.3936612182537544,0.010946629351696126,0.0008546919234407299,0.0037804122960339616,0.00017515063254515347,0.26323444870575097,0.26323369919756334,1001
1.3921390097948385,0.01099420568477754,0.0007928653388579959,0.0037915160407230343,0.00016321357990265224,0.26277550703113783,0.26277487895642626,1002
1.3889243996066396,0.012833301682707514,0.00042110151545313374,0.0040748951310191715,3.74428613978537e-05,0.25611905723113076,0.25611689898619044,1003
1.3876012465997554,0.01276309235016621,0.00039249840818820526,0.004066099081221772,4.538227679946484e-05,0.25673663690571674,0.25673525334247616,1004
1.3940283005530028,0.010926532097199989,0.0008514783587802868,0.0037839563464226998,0.0001826848538382354,0.2635160961019902,0.26351595247376725,1005
1.3925412269156743,0.010949766660070373,0.0008042636074016698,0.0037894296437116213,0.00016849249023994018,0.2629804657173747,0.2629799299727523,1006
1.3882046793216756,0.012756578274992571,0.00038286646128712443,0.004065180321476007,3.8050897209714404e-05,0.2561685409303752,0.2561657195010311,1007
1.3870911024251564,0.012666652399424702,0.0003638900398717658,0.004062238630149723,4.519970798362008e-05,0.2567230728081451,0.2567218700524984,1008
1.3939407328103695,0.010921830376321988,0.0008397154219799158,0.0037890541724987497,0.00018425040669770278,0.2635738869413924,0.263573878531853,1009
1.3921681472120744,0.010943295701243042,0.0007685972222820979,0.0037952921532043438,0.0001716040297614804,0.26309977212631885,0.26309941081309723,1010
1.3881644772232498,0.012748050704822008,0.0003858368521450383,0.004064765829934438,3.8740445099391655e-05,0.2562241822835929,0.25622057752541516,1011
1.3869155896515064,0.012610533406563361,0.0003461081433752097,0.0040598965988287205,4.363159581684187e-05,0.2566054216986383,0.2566035248955395,1012
1.3935545655093349,0.010918120716169948,0.0008276335947653243,0.003793482470165205,0.0001808682442434733,0.26344872649151113,0.26344871096739875,1013
1.3914867530275585,0.010951586577348585,0.000724095094327878,0.0038033149786944557,0.00017119629666201855,0.2630842002683396,0.26308388983179914,1014
1.3884900485642502,0.012774690069807849,0.0004087652482232362,0.004069606991798145,3.916549731783659e-05,0.2562582343610508,0.2562539528263203,1015
1.3870550550559968,0.012596933019323388,0.0003455079632877281,0.004060036134467965,4.2025186130530034e-05,0.25648268355933945,0.25647952239850746,1016
1.392963335761184,0.010909091564199593,0.0008118223389676391,0.0037974980500951687,0.00017487256074763394,0.2632239389270986,0.2632238385012947,1017
1.390754274284443,0.010959434232771162,0.0006870939549630822,0.0038115966477395274,0.00016775756701312955,0.26295212596499623,0.2629518439172111,1018
1.3889849832632633,0.012803783116887018,0.0004399211368632304,0.004077097810938162,3.918788180875861e-05,0.2562600225086463,0.2562555796249899,1019
1.3874191030966885,0.012614586213765747,0.00036148549417262544,0.004062819343581615,4.10297480202023e-05,0.25640544674634036,0.25640113057494834,1020
1.392275396922596,0.01089285133206337,0.0007905647624673051,0.0038008512929831872,0.00016843290383056756,0.2629781702805352,0.2629778486238873,1021
1.3900766263782824,0.0109602098129933,0.0006601936034098211,0.0038184263636770657,0.00016245709139754407,0.26274586565901054,0.2627455431135613,1022
1.3895129053465851,0.012823577810253287,0.00047084193109301183,0.00408542513639679,3.87903340480158e-05,0.25622818866509484,0.2562239561839366,1023
1.3878785749270346,0.01264884229116333,0.0003876987834935522,0.00406854363086079,4.0739670990268296e-05,0.25638276358564754,0.2563781198355401,1024
1.3915803079702347,0.010874009713128454,0.0007632524651709816,0.003804481578739784,0.00016332142828068348,0.26277972723811754,0.262779223010371,1025
1.389497425147562,0.010950049511205946,0.0006405100654446242,0.0038232734534652435,0.0001569015768490949,0.2625260359591171,0.26252568965226736,1026
1.389953730960437,0.012822759195298454,0.0004945760860327031,0.00409250404365147,3.803069004627106e-05,0.2561669027920238,0.25616318296565976,1027
1.388308287534024,0.012675784948811811,0.0004147023423866897,0.004075365558937339,4.0747544006737235e-05,0.25638338029626445,0.25637919644580853,1028
1.3909168464884116,0.010859842226557958,0.0007310711648050364,0.003808849388394583,0.00016000325981724596,0.26264923949560787,0.2626486910288027,1029
1.3889808252212568,0.01093689688950059,0.0006212225146400169,0.0038270801835301707,0.00015231699170760354,0.26234167702168565,0.26234129878996554,1030
1.3902957196177994,0.01281244242871561,0.000510706917832569,0.004097923245656502,3.7086992943391724e-05,0.2560899091079746,0.25608664693180333,1031
1.3886554216331288,0.012681765988170722,0.0004363023789663321,0.004081712427862634,4.056185829604384e-05,0.256368819223062,0.2563653589021085,1032
1.3903186504249125,0.010847794191978295,0.0006994023862140195,0.003813712004368865,0.0001577352625532679,0.2625592699848864,0.26255881410636944,1033
1.3885048328231226,0.010922515786834012,0.0006002247708589327,0.0038307032051953698,0.00014903161070889092,0.2622078503721536,0.26220746820981805,1034
1.3905833222254833,0.012803749480277614,0.0005234115105269691,0.004102108192675144,3.621668590477269e-05,0.25601803006845036,0.25601505773976885,1035
1.388940849915478,0.012676840529365069,0.0004521845495082244,0.004086971560892451,4.005817939130612e-05,0.25632915313381704,0.25632624054340436,1036
1.3897827801569822,0.010837827849258602,0.0006709817160226359,0.0038185398526986688,0.00015565725182650904,0.2624762675438814,0.26247591665982034,1037
1.3880563762741878,0.010908565449204623,0.0005781069061792759,0.0038343301344271104,0.00014664540844865136,0.2621097237147943,0.26210933310859097,1038
1.3908548742759486,0.012797855644559576,0.0005361334445853034,0.004105541337514171,3.553004707654454e-05,0.25596070860523684,0.25595777265835923,1039
1.389197099469368,0.012667051534884207,0.00046482224962030136,0.004091339530814963,3.93549061987471e-05,0.2562733488822755,0.25627064486213913,1040
1.389293404233169,0.010829272886409901,0.0006460899834193132,0.0038232656473534527,0.00015335747895921177,0.26238375867655744,0.2623834661615322,1041
1.3876306290599008,0.010895874360701545,0.0005560155801972481,0.003838145676101298,0.0001446916260490046,0.2620287832322727,0.2620283823314045,1042
1.3911259740246193,0.012795422107476539,0.0005502889513221985,0.004108638098631471,3.5059486540289134e-05,0.2559211051789585,0.2559180603034139,1043
1.3894453624786107,0.012658222013346019,0.00047669149464374914,0.004095023007030399,3.865519738642256e-05,0.25621733040672784,0.25621457385885854,1044
1.388836005979855,0.010820555397375932,0.0006238730149677032,0.003827731124798921,0.00015081293429319525,0.26228059177292345,0.26228029774604417,1045
1.3872282354078154,0.01088443034840444,0.0005351201282716527,0.0038421045954761504,0.0001427855326651959,0.2619492900485843,0.2619488649978258,1046
1.3913964046416225,0.012794070523105971,0.0005655349530670393,0.004111700714723818,3.4735562233877793e-05,0.2558936883387127,0.25589049221808274,1047
1.3896940304398278,0.012651318950489517,0.0004891981446624726,0.00409837176217032,3.807186992831756e-05,0.2561702406702103,0.25616731264324605,1048
1.3884002291120199,0.010811328349794303,0.0006031032723926974,0.003831976066573543,0.00014819452519011626,0.26217351737133177,0.2621731829834918,1049
1.3868479550498531,0.010873263614003374,0.0005157323857705375,0.0038461307092607167,0.00014080530719549902,0.26186614120915047,0.2618656941349146,1050
1.3916584023085958,0.01279203890612678,0.0005809655968278038,0.004114786888462476,3.449237843992225e-05,0.2558730212361205,0.25586975179205673,1051
1.3899353734237794,0.01264620202074512,0.0005021652721604521,0.004101550063924006,3.763434341858461e-05,0.25613468364453984,0.25613162978571136,1052
1.3879896456642793,0.010801492723070759,0.0005834476078907579,0.003836044451265834,0.00014570259147940183,0.2620707328476527,0.262070356432457,1053
1.3864948657807568,0.010862066892799283,0.0004980442109562623,0.0038501282634980194,0.00013881045677659114,0.26178178495715276,0.26178133130443026,1054
1.3918968127256586,0.012786419113229346,0.0005954590813460744,0.004117864266374963,3.429284464954598e-05,0.255856009276764,0.2558527668451468,1055
1.3901549747331388,0.012639752520111461,0.0005147257510420384,0.004104642060235927,3.7319617159435156e-05,0.25610897840554664,0.2561059056776701,1056
1.3876108163680074,0.010790519524174152,0.0005651195852926815,0.0038399573546165394,0.00014344578751752322,0.2619768855516584,0.26197648836070947,1057
1.3861727448465506,0.010849974541486384,0.00048209252184324146,0.0038539395774562627,0.00013690985029964664,0.261700848272653,0.2617004038305383,1058
1.3921019501524987,0.012776824027193623,0.0006084270773473265,0.004120787279954155,3.4140054618541544e-05,0.2558429491370832,0.255839814266693,1059
1.3903419186539752,0.012629925459064776,0.0005261858780672062,0.004107584542046972,3.711072093635558e-05,0.25609185693662906,0.256088874229676,1060
1.387270663509192,0.010777862444948959,0.0005485737379465851,0.003843658522927687,0.0001414627192648454,0.26189381012396135,0.2618934202405736,1061
1.3858846291328795,0.010836437753165448,0.00046800777693207395,0.0038574468574055828,0.00013515650307084346,0.2616256829077196,0.26162525497149736,1062
1.3922722849272542,0.01276479840337701,0.0006196259175222941,0.004123469461279729,3.403055620244663e-05,0.2558335714791581,0.25583056715927766,1063
1.3904981329629273,0.012617596636628606,0.0005364267318501159,0.004110361043816773,3.698407426666241e-05,0.25608145330218546,0.25607859953550083,1064
1.3869640236985408,0.010763911941758205,0.0005335496875136088,0.0038471968614442625,0.00013973220162785707,0.26182083760263447,0.26182046461903574,1065
1.3856250240900858,0.010821228447562075,0.0004554564445495174,0.003860710205859433,0.00013355438860290157,0.26155657339365357,0.2615561573375945,1066
1.3924121225874388,0.012750040217463834,0.0006292193313442513,0.004125901060988783,3.394916416698736e-05,0.2558265911274936,0.2558236975572491,1067
1.3906284770488329,0.012602572417311109,0.000545497345864268,0.0041129394588144555,3.690432514206597e-05,0.25607489301486586,0.2560721641100659,1068
1.386683637225886,0.010748765639051758,0.000519748947876345,0.003850590081217897,0.0001381968423311377,0.26175571530495434,0.2617553625146187,1069
1.385387880419916,0.010804815893897448,0.0004440549081345246,0.003863771331734953,0.00013209343460178973,0.2614931907928908,0.2614927797754916,1070
1.3925291726389324,0.01273326734216871,0.0006375700261035439,0.004128118725907468,3.3884851644118816e-05,0.255821069630585,0.25581824474350945,1071
1.390741729710559,0.01258587470251459,0.0005536825478774466,0.004115360657104819,3.6843541851112176e-05,0.2560698881250903,0.25606724534528413,1072
1.3864214271242608,0.01073296584714992,0.0005067722544135636,0.003853891066410396,0.00013679798850378653,0.2616960672238059,0.26169572716806766,1073
1.3851684109958693,0.010787465338873998,0.0004334986564102337,0.0038666975399726635,0.00013077021505583484,0.26143548053453963,0.261435066596246,1074
1.3926260556917716,0.012714543511715614,0.0006448722686999215,0.004130187696417286,3.3839509343276194e-05,0.2558171736559326,0.2558143975618032,1075
1.390836468861306,0.012567018242889106,0.0005608650634358473,0.004117620317328831,3.679407309989914e-05,0.25606581182529586,0.2560632406756632,1076
1.3861796960665045,0.010716285289857073,0.0004948620557457698,0.0038570123987678407,0.00013551493509069627,0.2616410882262225,0.26164075979647433,1077
1.3849678630568398,0.010768982442136778,0.0004238871450075991,0.0038694217507754774,0.00012959510386469843,0.2613839845337517,0.26138356864917145,1078
1.3926986701556057,0.012693683616742963,0.0006509669658419527,0.004132089845539355,3.3823996575641744e-05,0.255815840143577,0.25581310274884167,1079
1.3909088178514477,0.012545761636124178,0.0005668805681305763,0.004119733465887052,3.6765558090122826e-05,0.2560634609003541,0.2560609436139906,1080
1.385960455709781,0.01069869205685305,0.0004841396740235658,0.003859955878508729,0.00013436132263953463,0.2615914331572733,0.2615911126338228,1081
1.384790713650161,0.010748865287024817,0.0004154992561173611,0.003871873121612907,0.00012860459019322818,0.2613403963860717,0.26133998065920083,1082
1.3927319221982069,0.012669220726752603,0.000655160937505115,0.004133705302411499,3.3861321560679525e-05,0.25581904816621065,0.2558163620613852,1083
1.3909413532667527,0.01252048597680014,0.0005708831928488398,0.004121548933073453,3.6782418955152046e-05,0.2560648511074182,0.2560624009799776,1084
1.3857758667685525,0.01067929084916979,0.00047537583094166584,0.0038625508559346675,0.00013338965160062026,0.2615494437788415,0.2615491357278633,1085
1.3846471077741553,0.01072639908399715,0.0004089531699774515,0.0038738897051366484,0.00012786266486592638,0.2613076374573085,0.26130722618851254,1086
1.3927059611726063,0.012640053034099317,0.0006565594293220451,0.004134901634939284,3.399113628815322e-05,0.2558301917882822,0.2558275658314157,1087
1.3909141714911013,0.012489748513375034,0.0005720004086057751,0.004122936935619112,3.688931346821976e-05,0.25607365733872267,0.2560712742604039,1088
1.3856402308429474,0.010657186189696553,0.0004694185450195713,0.003864635365617102,0.00013268197583169006,0.26151876624607384,0.26151846737608747,1089
1.3845513850537179,0.01070042396854159,0.0004051389281334349,0.003875281771421598,0.00012745202456760464,0.2612894652029051,0.2612890588760444,1090
1.392586382907563,0.012603583395024803,0.0006535556545769683,0.004135413112071776,3.427203898822258e-05,0.25585423257039064,0.2558516817355963,1091
1.390792428220831,0.012451093930191646,0.0005686498521281409,0.004123610059496528,3.715831601361817e-05,0.2560957621355839,0.2560934683790349,1092
1.3855771456658426,0.010631147295284353,0.000467626814578154,0.003865925381590172,0.00013238209980578132,0.2615057420362957,0.2615054591747001,1093
1.3845258260119224,0.010669502145887065,0.00040542611160718553,0.0038757269145067055,0.00012748668663853694,0.26129100024969165,0.2612906004516477,1094
1.3923339859356256,0.0125573690635927,0.0006442825265119443,0.0041348837038498645,3.4775620272762343e-05,0.2558970857440572,0.25589461266000046,1095
1.3905420517844818,0.012402043278770399,0.0005593226652132141,0.004123248441765912,3.767070568025943e-05,0.25613764659134586,0.25613544149976014,1096
1.3856106576573073,0.010599993475428412,0.0004713743734353346,0.0038661598164488487,0.00013263246603931517,0.2615166169528779,0.26151634695415266,1097
1.3845924062523824,0.010632500092954042,0.00041111719605063847,0.0038750032554567605,0.00012808136514308232,0.26131730379300133,0.26131691043282596,1098
1.3919098423663054,0.012498948895957667,0.0006269138959888393,0.004132913693689824,3.558535104017839e-05,0.2559653458441383,0.25596295896164384,1099
1.3901300414491586,0.012340808376168069,0.0005425214481460415,0.004121458865084293,3.851583247711332e-05,0.2562061125092213,0.2562040190345513,1100
1.385765329072252,0.010562966171804907,0.00048203319721598967,0.0038650852776213568,0.0001335643239357714,0.2615570032420075,0.2615567562861305,1101
1.3847716557017744,0.010588858950411804,0.0004234310185368187,0.003872906242892295,0.00012930367122367743,0.26137117721362557,0.26137079456943774,1102
1.391305069509579,0.012427968973108714,0.0006010160850809606,0.004129245105423633,3.674633671968325e-05,0.2560618756766931,0.2560595658896973,1103
1.3895615617490982,0.012267924194469348,0.0005185457914222505,0.004118108284663134,3.9725220785939874e-05,0.2563027946806111,0.25630080186302884,1104
1.386042310495291,0.010520892247932756,0.0004995911182986459,0.003862796046642829,0.000135155922309077,0.26162565793015935,0.26162543146022477,1105
1.3850590932544569,0.010540118755783204,0.00044199592021002454,0.00386970090601696,0.00013109247801639402,0.26144956235043043,0.2614491936066983,1106
1.3905575785847692,0.012346771103968137,0.000568386087023383,0.004124007708587525,3.822979802463683e-05,0.25618302498981177,0.256180785505984,1107
1.3888811021093874,0.012186972041346614,0.0004893862632194402,0.00411336957740871,4.124068232750022e-05,0.2564218908685449,0.25642000639140755,1108
1.3864140385432802,0.0104762919428775,0.0005224050584811837,0.00385968098733789,0.00013720729690415773,0.26171355184835743,0.26171335571359483,1109
1.3854210472396,0.010489711664730233,0.00046474032998415415,0.0038659262595441106,0.00013321460594550746,0.26154186319211536,0.261541515959306,1110
1.3897608259548817,0.01226142853476998,0.0005334396577517096,0.004117886287073094,3.98940861451762e-05,0.2563161765448075,0.25631397916606974,1111
1.3881824031203724,0.012104500051506794,0.0004593549776810459,0.004107996228309544,4.2883060989387785e-05,0.25654851593793493,0.25654670507312916,1112
1.3868110065191868,0.010432972511292955,0.0005464927215503795,0.003856539680564591,0.0001393167695363909,0.26180325249820535,0.261803080695939,1113
1.3857875994525533,0.010442225710480481,0.0004874848839904568,0.003862485128489738,0.0001353015335126299,0.2616319187373636,0.2616315950580255,1114
1.3890227888004274,0.012179718095649708,0.0005012850050027289,0.004111905638702277,4.1537307951968585e-05,0.25644494437151855,0.25644277644260427,1115
1.3875537189695444,0.012027541436169258,0.00043242510643741244,0.004102861310970218,4.443499107496937e-05,0.25666595762625066,0.2566642110184119,1116
1.3871580747863268,0.010394025589274932,0.0005676855646787832,0.003854060580631418,0.0001410814576099273,0.2618777715759282,0.26187762716530816,1117
1.3860881493203328,0.010400941514789966,0.0005062122457886612,0.0038600345311145764,0.000136989025108868,0.26170423107721597,0.26170393643926737,1118
1.3884260900844243,0.012107966589425326,0.0004757935324236183,0.004106977650472275,4.2961768221100934e-05,0.25655452273022994,0.2565523618035417,1119
1.3870606436968997,0.011961277708653423,0.000411637456078895,0.004098780925175486,4.570784874786875e-05,0.25676075800098397,0.2567590348211727,1120
1.3873896990466426,0.010361137025395518,0.0005823868984787581,0.0038527962256015356,0.0001421959514453351,0.2619245943933257,0.2619244680525139,1121
1.3862714313408973,0.010367048989275741,0.0005180924334042008,0.0038589898559714003,0.00013804356416770362,0.2617491941922714,0.2617489247035245,1122
1.388002689912845,0.012049622285422746,0.0004584455032815882,0.004103633360303086,4.405858378722144e-05,0.2566376640309089,0.2566355095171543,1123
1.386718937008906,0.011908011130796006,0.0003976978839517843,0.004096118700239383,4.6622249613269035e-05,0.25682804874127807,0.2568263411592206,1124
1.387485289730589,0.010334258805621431,0.0005895427214247627,0.003852825132127835,0.0001425754441605358,0.2619404959763209,0.26194038588224133,1125
1.3863276075015452,0.010339848256730858,0.0005227351359791374,0.0038592821078762573,0.00013841160737973758,0.2617648462539779,0.26176460110358657,1126
1.387741948492911,0.012004410335889478,0.0004486915771868935,0.004101878452930583,4.480809700743403e-05,0.25669388504587837,0.2566917301458506,1127
1.386516762134573,0.011866836759395127,0.00039014779430703034,0.004094891210339747,4.718902886510846e-05,0.2568694271133122,0.2568677063476892,1128
1.387451366207302,0.010312426188248921,0.0005895053377223912,0.0038540677654761257,0.00014228677937014252,0.2619284022136304,0.2619282995931867,1129
1.3862731509413178,0.010317711527306038,0.000521140651241115,0.003860712592817452,0.00013818786040748903,0.26175533327504963,0.2617551053208906,1130
1.3876076062611715,0.011969695921795196,0.00044484057033345034,0.0041014490015492035,4.52717160393163e-05,0.2567284259704121,0.2567262755509064,1131
1.3864190816229183,0.011835284210452887,0.0003874086149600561,0.004094821237553206,4.74916461213371e-05,0.2568914182953393,0.2568896858023413,1132
1.387323750172627,0.010294169250440166,0.0005842440267549527,0.00385618016605542,0.00014151887254898026,0.26189617049932373,0.26189607365339385,1133
1.386144728824023,0.010298777089542703,0.000515430448780771,0.003862862088555806,0.0001375476524939021,0.26172807113270985,0.26172785713167696,1134
1.3875557957066258,0.011941918513722762,0.000444813466608125,0.004101893427233793,4.5537205806390255e-05,0.2567481260959166,0.2567459799857043,1135
1.3863898393681926,0.011809873745789658,0.0003878896168755174,0.004095553109314696,4.762746828726011e-05,0.25690126570183036,0.25689951184976145,1136
1.387139159975106,0.01027803934234858,0.0005757311161878715,0.0038588601358885773,0.0001404758205753019,0.26185224959977227,0.2618521531302986,1137
1.3859773645690352,0.010281317056135079,0.0005075423064630231,0.003865412113681248,0.0001366879892725074,0.2616913638756352,0.26169115802251514,1138
1.3875442889677727,0.011917441352072978,0.0004466517339058249,0.004102810697292226,4.5702525358149125e-05,0.25676036429182253,0.2567582309686094,1139
1.3863908127229774,0.011787253680412403,0.00038981129847599576,0.004096702424319274,4.769237763888343e-05,0.25690596681420375,0.25690420592228214,1140
1.3869370183480212,0.01026273549631224,0.000566148903434394,0.0038617469333167274,0.00013935438925358255,0.2618048460071948,0.26180475059497404,1141
1.3858043006454017,0.010263988558185172,0.0004993388549786163,0.003868002494065097,0.0001357847450911777,0.2616526711569141,0.2616524721177426,1142
1.3875379279929614,0.01189326577283119,0.00044869003070273155,0.0041038168995601015,4.584762918409255e-05,0.25677108774009705,0.256768972045316,1143
1.386393333196882,0.011764466566472653,0.0003918493474054149,0.004097962545633412,4.775760859648881e-05,0.25691068799733346,0.2569089260817306,1144
1.3867441553102442,0.010247171094237839,0.0005569944522136737,0.003864605672560583,0.00013829567567395578,0.2617599181831319,0.2617598223496144,1145
1.38564756824301,0.010245682734977432,0.0004920398685207962,0.0038704262033399718,0.00013497242668952735,0.26161776341166953,0.2616175684856511,1146
1.3875106611404167,0.01186712036223617,0.0004497226044597344,0.004104664605469426,4.603719182076606e-05,0.2567850712465505,0.25678298356216006,1147
1.3863739065949545,0.011739470442182601,0.0003928655743698677,0.0040990917027845155,4.787615299164084e-05,0.2569192595696101,0.2569175173936057,1148
1.3865818990075038,0.010230644104612807,0.0005495042067164225,0.00386722028941026,0.00013739764292372054,0.261721674066605,0.26172158052285,1149
1.3855226956325775,0.01022582305477669,0.00048653606343335924,0.003872500877646054,0.00013433380363307774,0.26159024605576076,0.2615900558629309,1150
1.387446663514852,0.011837710415848524,0.0004489942058219171,0.004105170448257988,4.6309429081173526e-05,0.25680510316462385,0.2568030487229902,1151
1.3863210390549898,0.01171100007610632,0.0003923220698023405,0.0040999542983439245,4.80759843675907e-05,0.2569336847611923,0.2569319710033596,1152
1.3864580702692477,0.010212728194497887,0.0005441461384824511,0.0038695134704456956,0.0001367008628977414,0.261691914423983,0.2616918234538599,1153
1.385434654793168,0.010204083016982736,0.0004831170407565181,0.003874187942157523,0.00013390222968260386,0.26157161309768884,0.26157142668473243,1154
1.3873401902644609,0.01180447163957961,0.000446245380211611,0.004105278361786283,4.668194186504007e-05,0.25683241844920524,0.25683040334844826,1155
1.3862305091810354,0.011678869527807226,0.0003899889750102177,0.004100497176666424,4.836593438576394e-05,0.2569545621275364,0.2569528920835122,1156
1.3863744719519475,0.010193468549465056,0.0005410501709438439,0.0038714541391271125,0.00013620749605206732,0.26167079671882204,0.2616707109413159,1157
1.385382494303394,0.01018069170196163,0.0004817412626901441,0.003875490167547822,0.00013366676796894514,0.2615614345117267,0.26156125274422637,1158
1.3871955010001424,0.01176782790266688,0.00044166500771487035,0.004105005323614614,4.7147168280829946e-05,0.2568663795613722,0.2568644039664961,1159
1.3861088015027818,0.01164356803287378,0.0003861747991260569,0.004100763648855822,4.8732224290647416e-05,0.25698084696083845,0.2569792230965922,1160
1.3863224690815363,0.010173105900551243,0.0005397356806859533,0.0038731222397561564,0.00013587616287318241,0.2616565931074728,0.2616565124361311,1161
1.3853572422242293,0.010156008520508398,0.0004818962966327536,0.00387651677321381,0.00013358215700591403,0.2615577747428263,0.2615575969308073,1162
1.3870243054765736,0.01172871354443396,0.0004358082377008717,0.00410446412839181,4.768001378600705e-05,0.2569050715989052,0.2569031362656621,1163
1.3859669823499552,0.011606282657884869,0.00038137122830081096,0.004100856371461246,4.914552572328251e-05,0.2570103869881257,0.2570088158598788,1164
1.3862901147465205,0.010152198734996344,0.0005395273552819664,0.003874626879420967,0.00013564358445409074,0.2616466125742248,0.26164653837934243,1165
1.3853467292301376,0.010130733353683892,0.00048287896212898386,0.0038773922279675688,0.00013358202231681887,0.2615577689160503,0.2615575955300159,1166
1.386843328623626,0.011688620745942988,0.000429456168507663,0.004103808193164992,4.8240825359221044e-05,0.2569455615582342,0.2569436630218861,1167
1.385821027215057,0.011568404380453014,0.0003763284193055073,0.0041009255683119306,4.956487541005586e-05,0.25704023262471176,0.2570387109735762,1168
1.3862610260901234,0.010131239998396279,0.0005394926296117404,0.003876119780915789,0.00013542991201443037,0.26163743580065774,0.26163736726695236,1169
1.3853362507148586,0.010105412042756907,0.00048383870521000725,0.003878271509411333,0.0001335940467225859,0.2615582890914956,0.26155811924007955,1170
1.386669281630572,0.011649005841432527,0.00042340094424070894,0.0041032156538469075,4.878822693797692e-05,0.2569848569733372,0.25698299392383883,1171
1.385684642115263,0.01153135423625079,0.00037167001080309626,0.004101117039957921,4.995135364265944e-05,0.25706762715786985,0.25706615599957866,1172
1.3862219850643673,0.010110754798608646,0.000538876010755524,0.0038777219260173914,0.00013516767232326304,0.26162616326752997,0.261626100636934,1173
1.3853141917992011,0.0100805900111217,0.0004841027017708589,0.003879263567037355,0.0001335584018458486,0.2615567470269903,0.26155658055967285,1174
1.386515060442988,0.011611080268350836,0.00041824829144552003,0.00410282121946771,4.928766037895493e-05,0.257020517101963,0.257018685735925,1175
1.3855682262660427,0.011496045616938268,0.0003678936647594465,0.004101537770420214,5.027662789692017e-05,0.25709060137766326,0.2570891750960982,1176
1.3861636713386392,0.01009093313233493,0.0005371465262040147,0.003879514787060107,0.00013481225463051884,0.26161086795336674,0.2616108099962041,1177
1.3852739112579555,0.010056417611845489,0.0004832925812738737,0.0038804310937859323,0.00013344246042307415,0.2615517297589181,0.2615515654416414,1178
1.3863857868979874,0.011575331861150836,0.00041424391692550326,0.0041026969446317256,4.972361547298958e-05,0.25705149739225575,0.25704969665884636,1179
1.385474036847206,0.011462843293072256,0.00036510573906707746,0.00410222343359636,5.053410212495863e-05,0.2571087342139764,0.25710735196599044,1180
1.3860858555189635,0.010071802463324665,0.0005342858563642126,0.003881497234255112,0.00013436246114740104,0.26159148226705287,0.26159142867477814,1181
1.3852167876062085,0.010032864063252763,0.00048149365433043347,0.00388175230207383,0.00013324956677036515,0.2615433776153414,0.2615432148371783,1182
1.3862783361876791,0.011541525798772732,0.0004112352781807402,0.004102817335704937,5.010089736043141e-05,0.2570781987369974,0.25707642646377493,1183
1.3853978581165016,0.011431288447908125,0.0003631298953721679,0.004103129151582833,5.0737134037174195e-05,0.25712300035358515,0.25712165783308166,1184
1.3859947808916362,0.010053016406547663,0.0005306489523200283,0.0038836022969442685,0.00013385233346971466,0.2615694569219871,0.26156940661419437,1185
1.3851500110306953,0.010009563407600904,0.00047912953570851576,0.003883155142110575,0.00013301404421817481,0.2615331714726772,0.2615330091702414,1186
1.3861830452827908,0.011508776123991656,0.0004087633772202135,0.004103096871959533,5.044229780348947e-05,0.2571022741290019,0.2571005311895639,1187
1.3853299652414581,0.011400560412207678,0.00036151601954868904,0.0041041604978323985,5.091377033861718e-05,0.25713538859058266,0.2571340867283141,1188
1.3859015762058284,0.010034175938948736,0.0005268666401970579,0.003885716371202474,0.0001333403668432852,0.26154730993969094,0.2615472627398426,1189
1.3850836496229049,0.009986146911930997,0.000476787421261947,0.003884535369264838,0.0001327833544092556,0.2615231659889657,0.2615230038363416,1190
1.386088991435982,0.01147607593867119,0.0004063001742653913,0.004103422677230835,5.077366210758325e-05,0.25712556398522834,0.2571238508270729,1191
1.3852611801682198,0.011369697751361449,0.0003598443430623771,0.004105216294214185,5.1090131918346046e-05,0.2571477361393903,0.2571464742669912,1192
1.3858151547523796,0.010014844622699463,0.0005234486178382353,0.003887740384848587,0.0001328765062553854,0.26152720721837625,0.26152716254491476,1193
1.3850247040069412,0.009962296951415848,0.0004748726721045305,0.0038858238127000362,0.00013259409737734464,0.261514951036689,0.26151478854259763,1194
1.3859893236111498,0.011442783383498377,0.00040351270436386614,0.004103730722636441,5.111127662229385e-05,0.25714921510533106,0.257147534337837,1195
1.385186474347017,0.011338265855944269,0.0003578702901434091,0.0041062455930091415,5.1278908364588984e-05,0.2571609292947626,0.25715971042208335,1196
1.3857390791355426,0.009994873068708913,0.0005205966209530717,0.003889628634500694,0.00013248239171077334,0.26151009955260046,0.26151005742653555,1197
1.384974367929093,0.009937997481364917,0.00047344998610530334,0.003887004488308787,0.0001324538509728868,0.2615088596730035,0.2615086966736146,1198
1.3858847243128263,0.011408962760977436,0.000400422362793391,0.004104027802004914,5.1451235945191044e-05,0.25717295168986876,0.2571713045769003,1199
1.3851079117359957,0.011306369875610484,0.0003556873903328185,0.00410726366130569,5.1472668372779666e-05,0.2571744455097784,0.25717327031963383,1200
1.3856695484230346,0.009974306670603056,0.0005180930662300786,0.003891406005078108,0.0001321422213764681,0.26149531301776807,0.26149527301597264,1201
1.384927759926899,0.00991342066735261,0.00047222914189031103,0.003888124177848751,0.000132342173181431,0.261504006831597,0.2615038426573565,1202
1.3857816281934656,0.011375249481389826,0.0003973281899419687,0.004104391764270154,5.1774878503129776e-05,0.25719547625269723,0.25719386472769806,1203
1.3850313510092866,0.01127460393807031,0.0003535604784328598,0.004108334053917079,5.1653151243539694e-05,0.25718701267868227,0.25718588320624824,1204
1.3856001563569067,0.009953361563664654,0.0005155696694169696,0.0038931274036268673,0.00013182420431991302,0.26148147221918483,0.26148143417416264,1205
1.384878716234629,0.009888825814296875,0.0004708497025270467,0.003889238307917429,0.00013222902592872638,0.26149908804769867,0.2614989219296681,1206
1.3856869218465468,0.011342321051342273,0.0003945515046836066,0.004104902528120034,5.2061665733744894e-05,0.25721537703337427,0.25721380153196105,1207
1.3849620037831836,0.011243413962476646,0.0003517390853519955,0.004109509750902412,5.180564279325264e-05,0.25719761368741423,0.25719652965129053,1208
1.3855266782925022,0.009932113894450397,0.000512785780832135,0.0038948251524083648,0.00013150788377758649,0.2614676886850658,0.26146765206792383,1209
1.3848244094356623,0.009864300902389402,0.00046915051164888726,0.0038903714136695536,0.0001320995172787116,0.26149345541074187,0.2614932861983276,1210
1.3856024872238941,0.011310396577759521,0.0003921778102257314,0.004105592431046505,5.230477677343696e-05,0.25723220414351233,0.25723066604640416,1211
1.3848998218331094,0.01121284245588513,0.00035022561464470375,0.004110793320574023,5.193138771978843e-05,0.25720634357491984,0.2572053060856262,1212
1.3854509946377886,0.009910455798542304,0.0005098506603405965,0.003896470898461509,0.00013120392730108342,0.26145442828346677,0.2614543928052944,1213
1.3847674635384222,0.009839751048693468,0.00046729228134493824,0.003891492955793961,0.00013196277443568868,0.26148750514409846,0.261487331861784,1214
1.3855247097239853,0.011279143097998502,0.0003900291884886318,0.004106427629549326,5.2511933928033995e-05,0.2572465118455733,0.25724501221429313,1215
1.3848407289642444,0.011182462484151856,0.0003488423251187256,0.004112137307312775,5.204415929094767e-05,0.25721416379706946,0.2572131731535116,1216
1.3853782305035074,0.009888093858635573,0.0005070597417997368,0.003897998413760762,0.0001309426680208897,0.2614430183090341,0.26144298351578443,1217
1.3847124809481262,0.009814985799525644,0.00046554939008012103,0.0038925559650812296,0.00013183904378607532,0.26148211843633723,0.26148194010197545,1218
1.385448744772231,0.011248108156637737,0.0003878655619869563,0.004107363420854045,5.269382722107217e-05,0.2572590513995337,0.2572575925649423,1219
1.3847806119612953,0.011151901003867874,0.0003474004882809622,0.0041134942353278124,5.215681412836887e-05,0.25722196746935133,0.25722102546960646,1220
1.385312053748578,0.009864813996171205,0.0005046209067455271,0.003899354511251317,0.0001307482112950732,0.26143451841115634,0.26143448403350183,1221
1.3846614439476943,0.009789951447852337,0.00046403879549082247,0.003893539623082753,0.00013173689575155155,0.261477669439026,0.2614774851817347,1222
1.3853736914466077,0.011217195159268641,0.00038563106002289214,0.00410839700120936,5.28494263621551e-05,0.2572697610938844,0.25726834511013297,1223
1.3847194462857042,0.011121098358056072,0.00034590364316046987,0.004114855021071948,5.226965129516044e-05,0.2572297753281247,0.2572288829236594,1224
1.385251325482106,0.009840546824063889,0.00050246487526725,0.0039005327276173648,0.0001306204104114569,0.2614289286642037,0.2614288942418944,1225
1.3846120138234577,0.009764761651489753,0.00046262149448981224,0.0038944678904041185,0.00013164538141491872,0.2614736821210507,0.26147349082326676,1226
1.3853027890548961,0.01118671164018168,0.00038346647457430764,0.004109578654690456,5.296601040088999e-05,0.25727777509963656,0.2572764047330023,1227
1.3846599021902597,0.011090300143228845,0.0003444763159159903,0.004116243866723493,5.2374539388022566e-05,0.25723702558984163,0.25723618424692857,1228
1.3851930395158027,0.009815326837646946,0.0005004154932051727,0.003901547578621468,0.00013054755711866474,0.26142574098772875,0.26142570610106364,1229
1.3845609775479273,0.00973959008618616,0.00046110844678673625,0.003895372382720039,0.00013154793619642597,0.2614694348682237,0.26146923525999893,1230
1.3852392180937323,0.011156941943431805,0.0003815135448495508,0.004110957492098243,5.303157271172247e-05,0.25728227798918185,0.2572809558410906,1231
1.3846035005129,0.011059593516049496,0.0003431974730664486,0.004117670834521899,5.2467785582925166e-05,0.25724346502600276,0.2572426754204555,1232
1.3851364807966464,0.009789069137791907,0.0004984328720950005,0.0039023883379040196,0.00013052891538035098,0.26142492518051436,0.26142488921848944,1233
1.3845078325605182,0.009714498094620968,0.0004594728843099516,0.0038962587422271527,0.00013143961038247553,0.2614647115263523,0.26146450219238376,1234
1.3851826167535775,0.011127828991018796,0.0003797492495498574,0.004112543015900764,5.304506727503904e-05,0.25728320446472835,0.2572819341010119,1235
1.3845483835088035,0.01102878879294162,0.00034199067356755267,0.004119109598205698,5.255686565396352e-05,0.25724961141399755,0.2572488748320963,1236
1.3850842761156497,0.009761569847747082,0.0004966699547544959,0.0039030097980065864,0.00013058105891577246,0.2614272069603982,0.2614271693095336,1237
1.3844544160601862,0.009689476852614412,0.00045782728648703375,0.003897110863301571,0.00013132515622047106,0.26145971885433805,0.26145949841961424,1238
1.3851308784694634,0.011099116589845238,0.0003780697539924918,0.004114319364562659,5.301076074930107e-05,0.2572808489030676,0.2572796341688809,1239
1.3844920191276666,0.01099759499545689,0.0003407543795549521,0.00412051845691799,5.265230736075376e-05,0.25725619096777047,0.2572555083268382,1240
1.3850386023024501,0.009732627929325478,0.000495252664378053,0.00390337156246323,0.00013071874278669954,0.2614332297618258,0.2614331895975241,1241
1.3844012580801976,0.00966459733461866,0.0004562063936170115,0.003897931933689455,0.0001312026436227709,0.2614543722491794,0.2614541392918724,1242
1.3850838378194479,0.011070717459976832,0.00037646483870516735,0.004116293825788502,5.2927678739774654e-05,0.2572751411491307,0.25727398675220586,1243
1.3844339051998071,0.010965948311604393,0.00033948041384912345,0.004121875011401184,5.275882481982248e-05,0.25726352702341104,0.25726289943385205,1244
1.3849990156660759,0.00970219148506751,0.0004941545837530169,0.003903465830115911,0.0001309413830068153,0.2614429621605079,0.26144291853457274,1245
1.3843464622777437,0.009640078692411588,0.0004545017833630617,0.003898754958398328,0.00013105711590043008,0.2614480179900466,0.26144777104771677,1246
1.385043528598387,0.011042704548146709,0.00037503599461588094,0.00411849592401921,5.278980078202485e-05,0.2572656590053501,0.2572645698575495,1247
1.3843749355286579,0.010933902292179791,0.00033822915821626117,0.00412316831775598,5.287755827474566e-05,0.25727169569459185,0.2572711235954478,1248
1.3849641384712752,0.009670285977458722,0.0004932988109442075,0.0039033010801495975,0.0001312402448301354,0.26145601347896097,0.26145596515736164,1249
1.3842880918524827,0.009616170013844705,0.0004526029524786212,0.0038996182918614496,0.00013087222798809005,0.26143994003428733,0.26143967771307125,1250
1.385011005119448,0.01101502481892503,0.0003738519110301024,0.004120938015826981,5.259683799908659e-05,0.2572523677512304,0.25725134938294614,1251
1.3843146771931483,0.010901437402191542,0.00033699909357316673,0.0041243726358614246,5.301450662332306e-05,0.2572811061400946,0.25728058974969314,1252
1.3849342025644815,0.009636959996208862,0.0004927052231954472,0.003902879980883711,0.00013161049580287726,0.26147216177548405,0.261472107322064,1253
1.3842260527898143,0.009593054436576182,0.00045050814600134726,0.0039005430717072662,0.00013063986775482917,0.2614297798646706,0.261429501134219,1254
1.3849851735522003,0.010987375229463896,0.0003728981518242181,0.004123590773692247,5.235836339223514e-05,0.2572359079176172,0.2572349657798811,1255
1.3842516123608626,0.0108684549506154,0.0003357376109393392,0.004125446784809734,5.317945360284883e-05,0.2572924243981579,0.25729196307992064,1256
1.3849097660348657,0.009602372801850298,0.0004924157229736785,0.0039022196929313366,0.00013204368931821707,0.2614910264693028,0.26149096413581313,1257
1.3841607125584519,0.0095708888967828,0.00044823925533234746,0.003901548812485502,0.00013035577015390305,0.2614173451447306,0.26141704961590356,1258
1.384964567670184,0.010959403577122823,0.00037216343946530123,0.004126401916182161,5.208922868169243e-05,0.2572172867950285,0.2572164260725562,1259
1.3841852179557834,0.010835023868190458,0.00033442650830759456,0.004126362962702409,5.3377799233176013e-05,0.2573060111711642,0.2573056034606106,1260
1.3848894946578034,0.00956696624955758,0.0004923669181949164,0.003901383887387512,0.00013251381128981973,0.26151146434168215,0.2615113921748782,1261
1.3840916330377744,0.009549835496163997,0.0004457648099780306,0.0039026635941642527,0.00013001510603140483,0.26140241667504766,0.26140210487414406,1262
1.3849482396297492,0.010930807821106248,0.00037168593269362694,0.004129301628682978,5.180779076297366e-05,0.2571977628998859,0.2571969874561777,1263
1.3841166732304993,0.010801431158985247,0.000333109826235168,0.004127120075843144,5.3606853682609115e-05,0.2573216701429803,0.25732131319425605,1264
1.3848701030536419,0.009531487838607166,0.0004923893849630024,0.0039004860594841605,0.00013297613287491822,0.26153152777713856,0.26153144368939263,1265
1.3840185431800913,0.009529957145749997,0.00044305659050150815,0.00390390899129427,0.00012961955988758576,0.26138505862468814,0.26138473233132875,1266
1.3849342738755457,0.010901277170934675,0.00037147927174367376,0.004132186495061279,5.154004538446234e-05,0.2571791395991764,0.2571784513084721,1267
1.3840477156339035,0.01076811001828606,0.00033183430967495694,0.00412773936044791,5.38582099298202e-05,0.25733881529470665,0.25733850502393046,1268
1.3848476455619605,0.009496917076885672,0.0004922800549394842,0.003899671655332186,0.00013337621594702956,0.261548862106157,0.2615487642366091,1269
1.3839424474397504,0.009511105317737542,0.000440157183158134,0.003905279714784931,0.00012918414372071669,0.26136592027601446,0.26136558275936506,1270
1.3849191231387623,0.010870503210313213,0.0003714841241840826,0.0041349171472363395,5.131855045816805e-05,0.2571636967033905,0.2571630943013104,1271
1.3839804106158173,0.010735576635721585,0.00033064098201790194,0.004128264867253458,5.411805424352311e-05,0.2573564974168094,0.25735622841734485,1272
1.3848174872048171,0.00946435081329905,0.0004917925533757476,0.003899105739589072,0.0001336565835322584,0.2615609940546762,0.26156088117244564,1273
1.3838648306302865,0.009492945352864596,0.0004371354577951386,0.003906750604971484,0.00012873299191367172,0.26134605622732726,0.26134571221314395,1274
1.3848989161952878,0.010838372859719364,0.00037159876627444185,0.004137353492898079,5.117333407641273e-05,0.25715355394726375,0.2571530325404391,1275
1.3839174774655971,0.010704425423033362,0.0003295862742094523,0.0041287676863215085,5.436659097835833e-05,0.2573733703947624,0.25737313634039083,1276
1.3847742260090656,0.009434822151711738,0.0004906219564478303,0.0038989519313716993,0.00013376544381544172,0.2615657011813137,0.26156557325899366,1277
1.3837862719609189,0.009475084605171519,0.00043400830037695556,0.003908295115899398,0.0001282889001867172,0.2613264690078911,0.2613261241903759,1278
1.3848713193229736,0.010805126135973377,0.00037173685286481263,0.004139399317528828,5.112104987841648e-05,0.25714989859217713,0.2571494494869092,1279
1.3838621111838574,0.010675218120124516,0.00032875168324629305,0.004129334763818753,5.458114659726777e-05,0.2573879054269304,0.2573876993852247,1280
1.3847125896729147,0.009409029754932281,0.0004884490468686025,0.003899337828984428,0.00013366972470340232,0.26156156238159023,0.26156142098065616,1281
1.3837056171130844,0.009457226135843865,0.0004306949005620125,0.003909905123883867,0.00012786361748054448,0.26130767957984946,0.26130733985252746,1282
1.3848368928856174,0.010771414108081146,0.0003718746618909938,0.004141039007142314,5.115760660825147e-05,0.2571524545862418,0.25715206606555274,1283
1.383817409407785,0.010648372985123717,0.000328235542291555,0.0041300490378106,5.474164332449282e-05,0.2573987595801251,0.2573985745611682,1284
1.3846286431761459,0.009387142136467266,0.0004850098445623617,0.0039003251930299025,0.0001333642545096545,0.26154834423238477,0.26154819264741247,1285
1.3836197105708603,0.009439297248608482,0.00042700335584293326,0.003911603466894818,0.00012745084210668943,0.2612894128326804,0.26128908337836076,1286
1.384799938329003,0.010738241968152004,0.0003721001219739731,0.004142352653934397,5.1255894896326404e-05,0.25715932223721816,0.2571589806441639,1287
1.3837863848192813,0.010624113547276543,0.00032816799818401237,0.0041309775020462285,5.483364320395555e-05,0.25740497422034375,0.25740480350913303,1288
1.3845201257298783,0.009368792503695364,0.0004801237843000591,0.003901906947749647,0.00013286940572699907,0.2615268992242927,0.26152674215640476,1289
1.3835236755297777,0.009421500404216599,0.0004226470229807503,0.003913447280212276,0.00012702483599199898,0.2612705295346758,0.261270214129902,1290
1.384768187726333,0.010706829331963798,0.00037262822872840347,0.004143502523301822,5.137058191041247e-05,0.257167327389649,0.25716701844844103,1291
1.3837721185981466,0.010602501706793043,0.00032871840181193646,0.004132169213311679,5.484870483652721e-05,0.2574059911447778,0.2574058286262827,1292
1.3843864044276781,0.00935325632677039,0.0004737047139098445,0.0039040240083904076,0.00013222095471232046,0.2614987370920602,0.26149858001532056,1293
1.383412252432447,0.009404231570242678,0.00041732240117323333,0.003915510692273467,0.00012654792078588118,0.2612493520162666,0.26124905261310405,1294
1.3847507016915324,0.010678346985891995,0.00037374096879262453,0.00414468512554971,5.145043189727744e-05,0.257172895642436,0.25717260540137477,1295
1.3837771173446527,0.010583426922573644,0.0003300555237383513,0.004133650401095897,5.478529416986938e-05,0.25740170886821884,0.25740154918142427,1296
1.3842290795988061,0.00933966056225164,0.00046580951767784934,0.003906583039111119,0.00013146187183442747,0.2614656823536337,0.26146553068739015,1297
1.3832824254762253,0.009387873584622997,0.000410862965695394,0.003917847917312434,0.0001259874586771836,0.2612244135115018,0.261224130178911,1298
1.3847538935165533,0.010653560855171116,0.0003756304328926365,0.004146059681782965,5.145621012918622e-05,0.2571732984135045,0.25717301390539354,1299
1.3838011798179342,0.010566509621627557,0.00033223041854601456,0.004135405412597784,5.46532861835268e-05,0.25739278609074595,0.2573926248265446,1300
1.384053703487071,0.009327104267752262,0.0004567467967014854,0.0039094574104365796,0.00013064292195463299,0.26142991347100375,0.26142977184223537,1301
1.383136512133556,0.00937253449849495,0.0004034219790451567,0.003920446145588416,0.00012533670046019653,0.2611953874636029,0.26119511853313404,1302
1.3847771539017144,0.010632462231129156,0.00037820846928217887,0.004147677334154102,5.137769709028727e-05,0.25716782373459945,0.25716753334527886,1303
1.383838889654187,0.010550956456063743,0.0003350435980107574,0.004137353207666297,5.44794051726956e-05,0.25738101654060574,0.2573808504387115,1304
1.3838708907339554,0.009314691554144012,0.00044714363545791664,0.003912483774840285,0.0001298265621761368,0.26139414596080535,0.2613940176882416,1305
1.3829832810680318,0.00935789963799484,0.00039553807148143944,0.003923202621246004,0.00012462639689960714,0.26116361934587556,0.2611633617618976,1306
1.3848112392932432,0.010614142735213682,0.00038103232144842236,0.00414945657660347,5.1239130914285734e-05,0.2571581513615099,0.25715784529568203,1307
1.3838795240495676,0.010535597149873566,0.0003380306808732535,0.004139352094123412,5.4304935245432884e-05,0.2573691882351744,0.25736901549347946,1308
1.3836940910335183,0.009301630634613886,0.00043781069451519076,0.003915484668827249,0.00012907876565953225,0.2613612836272814,0.2613611705229555,1309
1.3828348149201748,0.009343354586812921,0.0003879460963102172,0.003925957992227602,0.00012391320015321975,0.2611316306151983,0.2611313804011241,1310
1.3848422443154513,0.01059711399807584,0.0003834871349320968,0.004151237497464794,5.108551894392194e-05,0.2571474134443113,0.2571470843567424,1311
1.3839113704498804,0.010519235297946525,0.0003406640674269737,0.004141256170362487,5.417033046065963e-05,0.2573600496235188,0.2573598701541072,1312
1.3835338465701916,0.009287463532719956,0.0004293967510498834,0.003918328936787522,0.00012844349252994725,0.2613332913370277,0.2613331937517048,1313
1.3827003402294706,0.009328352416302189,0.00038120420859011556,0.003928579178031178,0.00012324798577481878,0.26110171093907686,0.26110146377054877,1314
1.3848593420928965,0.01057996119203613,0.000385140695819114,0.004152887589688059,5.095729236689153e-05,0.2571384376698891,0.2571380814497083,1315
1.3839278117858302,0.010501144535896057,0.0003426423068471985,0.004142989658608526,5.409613501164546e-05,0.25735500747869405,0.2573548229431264,1316
1.3833929952008683,0.009272236014746733,0.0004220981148064042,0.003920982804267691,0.00012792037699123004,0.2613101890784916,0.26131010611789796,1317
1.382581961929816,0.009312724067520662,0.00037543576947356427,0.003931026117934255,0.00012264897650209777,0.26107469983801357,0.26107445158281567,1318
1.384859984812499,0.010561844266256325,0.0003859707650139927,0.0041543757805998114,5.087277697504444e-05,0.25713251547317245,0.2571321318123317,1319
1.3839296908503025,0.010481283749833346,0.00034400597872656364,0.004144573051728202,5.407746861420349e-05,0.2573537384107815,0.25735355185172826,1320
1.3832673161624955,0.009256365353894081,0.000415691332088431,0.003923497936621619,0.00012747101600625122,0.2612903062848734,0.2612902361438089,1321
1.3824758589891306,0.009296661631250064,0.0003704032017328365,0.003933345457624246,0.0001221025195213956,0.26105000088332103,0.2610497480424394,1322
1.38484830516863,0.010542510950591992,0.00038626425201733353,0.004155759238679321,5.083026899535107e-05,0.25712953497749685,0.2571291274352713,1323
1.383922026217313,0.010460070895863892,0.00034498595577211306,0.004146079015176792,5.4096479454757775e-05,0.25735503089420825,0.25735484611080245,1324
1.3831506939908458,0.009240286735472744,0.0004098353258475573,0.003925945599827716,0.00012705004230104068,0.26127164771899125,0.26127158809929163,1325
1.3823771511391831,0.009280428532518366,0.00036580642612167,0.003935605475495949,0.00012158654497354734,0.2610266289034114,0.26102636889378183,1326
1.3848293468370665,0.010521960927818912,0.00038632239230049274,0.004157112035460686,5.082222289104196e-05,0.25712897067542306,0.257128546001166,1327
1.3839088830604325,0.01043796547153275,0.0003457634681444522,0.004147566310527556,5.413943184244571e-05,0.2573579502473478,0.25735777114592834,1328
1.3830398382787565,0.009224184371086795,0.0004043485879598188,0.003928359714770016,0.00012663308600888309,0.2612531367186613,0.261253085243556,1329
1.382283810174787,0.009264096268217304,0.0003615223125692575,0.003937837499476881,0.00012109269982811447,0.2610042128218294,0.26100394411007827,1330
1.3848047340564542,0.010500169609903107,0.0003862446479027546,0.004158465377150482,5.0846373152895025e-05,0.25713066428552733,0.25713023103974086,1331
1.3838907632661201,0.010415215323987067,0.0003463465062095263,0.004149045198051282,5.420437791442435e-05,0.2573623622509643,0.2573621923443783,1332
1.3829353833205082,0.009207968270754702,0.00039927371283776723,0.003930725908064098,0.00012622318143697982,0.26123490905334706,0.26123486359562403,1333
1.382197164164338,0.009247497086907972,0.0003576350836174074,0.00394002328261826,0.00012063117150541212,0.2609832222733318,0.26098294430005964,1334
1.3847723644664351,0.010477062136709092,0.0003859155354782503,0.004159797094249711,5.090686203667508e-05,0.2571349044868642,0.25713447126390043,1335
1.3838653195941595,0.01039185045492496,0.00034660363258467964,0.004150485235754173,5.429788041378407e-05,0.25736870954874624,0.25736855162661687,1336
1.3828401324465929,0.009191406590629617,0.0003947749819109851,0.003933004660157675,0.0001258400835990587,0.2612178466560681,0.2612178055421735,1337
1.3821200523983672,0.009230355822540538,0.00035432244315488823,0.003942118618937064,0.00012022121509681693,0.2609645435425656,0.26096425640749243,1338
1.3847285667778115,0.010452623541426858,0.0003851174754712025,0.004161056482719314,5.100942360325531e-05,0.2571420881822654,0.25714166201768357,1339
1.3838293047394168,0.010367781084761893,0.00034635963659434275,0.004151839217284364,5.44286294065123e-05,0.257377576120008,0.25737743212288394,1340
1.3827570630500923,0.00917424781197749,0.0003910233603295738,0.00393515408025746,0.00012550747224843384,0.261203011749009,0.2612029738389772,1341
1.3820550466437072,0.009212437282834362,0.0003517460799935386,0.003944079340609776,0.00011988009865280713,0.260948977059653,0.26094868101912794,1342
1.3846699920946162,0.010426936376043775,0.0003836369579617423,0.004162190916404766,5.1157830983316085e-05,0.25715247027140387,0.2571520557714843,1343
1.3837797631849917,0.010342844680024126,0.0003454591703114287,0.004153059060674628,5.4604569823130536e-05,0.25738949049820964,0.2573893615940876,1344
1.382688576538627,0.009156265594004294,0.0003881553402959658,0.003937136539429478,0.00012524674922259268,0.26119136940783355,0.26119133405920386,1345
1.3820039326414186,0.009193604041057426,0.00035001941174974397,0.003945870653933621,0.00011961893066806275,0.26093704396389,0.2609367389634309,1346
1.3845941405997177,0.01040009451914043,0.000381306768727972,0.004163156007618402,5.135416366301322e-05,0.2571661819445932,0.2571657812855586,1347
1.3837143317733505,0.010316815320356814,0.00034378592830923275,0.004154101115942639,5.483294665815126e-05,0.2574049271879034,0.25740481397109466,1348
1.3826364546257859,0.009137280847969224,0.0003862723590480272,0.00393891898179881,0.00012507463943102113,0.2611836773661896,0.2611836443037498,1349
1.3819678215020128,0.009173804260099871,0.0003492137751529884,0.003947466844471351,0.0001194433717024575,0.260929015129574,0.2609287005775196,1350
1.3844994835177973,0.010372120219503664,0.00037802455589417664,0.004163918503770183,5.1599798644951826e-05,0.2571832999829432,0.2571829135465219,1351
1.3836316686074772,0.010289464379919604,0.00034128147530205984,0.004154933666435152,5.511902785162147e-05,0.25742421900617307,0.25742412165478346,1352
1.3826014367471327,0.009117218615718986,0.0003854156909402563,0.003940481932728422,0.0001249991197034641,0.26118030051937174,0.2611802696584329,1353
1.381946891504471,0.009153067713068268,0.00034934129608013293,0.003948856645447636,0.00011935341863472531,0.26092489902171756,0.26092457390137286,1354
1.384386057313984,0.010342988845807796,0.0003737851970614701,0.004164463713468812,5.1894195272310354e-05,0.25720376257745287,0.2572033897552549,1355
1.3835322556967886,0.0102606908622036,0.00033797635962631216,0.0041555490014887385,5.546274792985546e-05,0.2574473315979521,0.2574472499161786,1356
1.3825825241545688,0.00909616357614765,0.000385523992732444,0.00394183209917597,0.0001250150537736192,0.2611810130924536,0.2611809843810467,1357
1.381939889032518,0.009131518282095243,0.00035032352405601325,0.003950052388817365,0.00011934158541078023,0.2609243574369745,0.26092402061707115,1358
1.3842560848272427,0.010312736952765892,0.0003687054259180875,0.00416480479570146,5.223271259995973e-05,0.2572272202540091,0.25722686014503343,1359
1.3834187175342152,0.010230611816976303,0.0003339988863521764,0.004155969419566358,5.5856777036467724e-05,0.2574737391603178,0.2574736725288406,1360
1.3825769135199195,0.009074344193752696,0.00038642856142512955,0.0039430043005630475,0.0001251048970125619,0.26118503004075366,0.26118500336822237,1361
1.381944136062887,0.009109363366909574,0.00035199231064498584,0.003951091159844296,0.00011939317830429506,0.2609267185515275,0.2609263691305104,1362
1.3841136614605118,0.010281524698208947,0.0003629989863150017,0.004164981193141167,5.260635604600025e-05,0.25725302392426774,0.2572526756807205,1363
1.383295174810671,0.010199549944926762,0.0003295422104943402,0.004156240231965519,5.628822619158314e-05,0.25750254797995875,0.2575024953412946,1364
1.3825807823431695,0.009052050219134336,0.0003879001325649255,0.003944049832791887,0.0001252448130257457,0.261191282903481,0.26119125808356214,1365
1.3819562095575728,0.009086844339397963,0.00035413339694136006,0.0039520241923911474,0.00011948961950767503,0.2609311307515588,0.26093076820630806,1366
1.383963734007878,0.010249637031072607,0.0003569188873427916,0.004165047681231234,5.3003693028621124e-05,0.25728036352310935,0.25728002647792136,1367
1.383166154567009,0.010167929070624929,0.0003248154671741437,0.004156416257574557,5.6742335180844485e-05,0.25753275083756555,0.2575327107507054,1368
1.382590227548791,0.009029552594110672,0.00038970500510631073,0.0039450227922743514,0.00012541120051498642,0.26119871423490154,0.26119869103766113,1369
1.3819726811840474,0.00906419081968146,0.00035653358972701643,0.003952904463984054,0.00011961190838085615,0.2609367229269492,0.2609363470579206,1370
1.3838110961278547,0.010217424239740827,0.00035070527370723747,0.004165061528383279,5.341303492708732e-05,0.2573084221913548,0.25730809576665375,1371
1.383035862534183,0.01013617858820143,0.0003200138545398243,0.004156552096718208,5.720536782632693e-05,0.25756342302309787,0.2575633938170772,1372
1.3826017601290088,0.009007068815855163,0.00039163469004556244,0.003945972464806604,0.00012558382016988654,0.26120641870402345,0.26120639689396574,1373
1.3819904905242688,0.009041602531188096,0.0003590049376642489,0.00395377960413506,0.000119741966512481,0.26094266724854964,0.2609422779070253,1374
1.3836599774901124,0.010185261671711129,0.00034456605117708675,0.004165076625985188,5.382357452328878e-05,0.25733645517421655,0.25733613889589046,1375
1.3829079230708077,0.010104661355817324,0.00031531061996661175,0.004156697849056697,5.766585939708791e-05,0.25759380401360793,0.2575937839420939,1376
1.3826123588956238,0.008984767044105849,0.0003935090927831139,0.003946941802336854,0.000125745880105573,0.2612136470474852,0.2612136264077002,1377
1.3820069838544091,0.009019255237879534,0.0003613871675795116,0.003954690611871645,0.00011986256343269053,0.2609481762605783,0.2609477730352463,1378
1.3835139378926562,0.01015349626147538,0.00033867482210728846,0.0041651411163590646,5.422577785419532e-05,0.2573638154413453,0.25736350902097527,1379
1.3827853985982592,0.010073658575686765,0.00031085899433207833,0.004156898213139276,5.8114745936124494e-05,0.25762330282332563,0.2576232901868931,1380
1.38261940181869,0.008962780238325134,0.00039517278298921606,0.003947967319071633,0.0001258830438650513,0.26121976131052044,0.26121974163345996,1381
1.3820198782189055,0.008997307136331251,0.0003635448094210272,0.00395567228730083,0.00011995733627216154,0.2609525036531453,0.2609520856103023,1382
1.3833759029537482,0.010122416719087523,0.0003331757353001363,0.004165297341487632,5.4611623808044414e-05,0.2573899677812589,0.2573896713631215,1383
1.3826708147877012,0.010043369585254756,0.0003067918122246592,0.004157191666381047,5.854507109330258e-05,0.2576514750926408,0.2576514682543554,1384
1.3826206223885067,0.008941219547672173,0.0003964925296424126,0.003949079325500372,0.00012598264258386255,0.2612241989729273,0.2612241800385107,1385
1.3820272796651574,0.008975896851053744,0.00036536722261096483,0.00395675322846811,0.00012001149859992289,0.26095497597441103,0.2609545415305478,1386
1.3832481240890433,0.010092226435475322,0.0003281834415505472,0.004165580588661678,5.497497496029669e-05,0.25741451110730146,0.2574142255201628,1387
1.3825661331001642,0.010013931402567768,0.00030321669209868796,0.004157609188855295,5.89517709061564e-05,0.2576780056594246,0.25767800296515164,1388
1.3826142015068117,0.008920175366617336,0.0003973628197665342,0.003950300843407908,0.00012603382868102065,0.26122647890841205,0.2612264604524863,1389
1.3820277876535472,0.008955133779170779,0.00036677381404600647,0.003957954777761093,0.00012001312409165891,0.260955050163813,0.2609545971126255,1390
1.3831320769533544,0.010063032399512629,0.00032377798541047634,0.0041660168809914315,5.531201044934038e-05,0.25743720447811813,0.2574369313819445,1391
1.3824726418479163,0.00998542990232972,0.0003002076311686991,0.004158172011706748,5.933178902314445e-05,0.25770271309495196,0.2577027127192347,1392
1.382598947577542,0.00889970910313524,0.0003977160514554661,0.003951645906039449,0.00012602864982029724,0.2612262482522122,0.2612262299433109,1393
1.3820206551424339,0.008935085197019469,0.0003677230129081404,0.003959289166531082,0.00011995450620877982,0.260952374455285,0.2609519000717408,1394
1.3830283517609268,0.01003485161374153,0.00031999752339247593,0.004166620450603252,5.5621558551112597e-05,0.2574579862262619,0.2574577280835148,1395
1.3823908246597385,0.00995789842467248,0.00029779705579147933,0.004158889012338701,5.968449989650142e-05,0.25772557440560256,0.25772557416631275,1396
1.3825745023066924,0.008879839909076852,0.0003975340484547006,0.00395311755190985,0.00012596351249133297,0.2612233467598276,0.26122332818612104,1397
1.3820059280767274,0.008915767106406874,0.00036822039149729996,0.003960757829556819,0.00011983311107196826,0.26094683109726136,0.260946332263623,1398
1.3829365921597703,0.010007623813903013,0.00031683292531130844,0.0041673917590487235,5.590518117118632e-05,0.2574769767400458,0.2574767365769429,1399
1.3823203047151291,0.009931311209541101,0.00029597316300372444,0.00415975533635508,6.001209649157396e-05,0.25774674747823717,0.25774674465560554,1400
1.3825414485003984,0.008860536153308545,0.00039685394901137054,0.003954706954569266,0.00012584009095884958,0.2612178469841075,0.2612178276425844,1401
1.381984476327304,0.008897144068332394,0.00036832054641433587,0.00396235104623071,0.00011965168731361027,0.2609385413704758,0.26093801465950306,1402
1.3828555654692016,0.009981230994400177,0.0003142295725825683,0.004168317491919432,5.6166932298150244e-05,0.2574944601071825,0.25749424114400254,1403
1.38225992144545,0.009905577077918937,0.0002946847846917529,0.004160753044873347,6.031957406134102e-05,0.25776656771433437,0.257766558884974,1404
1.3825012303632116,0.008841718893875746,0.0003957634222499286,0.003956394628979178,0.0001256649976711804,0.2612100400387858,0.261210019320579,1405
1.381957872789657,0.00887913930140606,0.0003681200778041197,0.003964049465613145,0.00011941735458550442,0.2609278247874636,0.260927266462648,1406
1.3827833742362692,0.009955516846707415,0.000312097616070198,0.00416937296479948,5.6412808455411e-05,0.2575108460545674,0.2575106513158747,1407
1.3822079455028031,0.009880544738320311,0.0002938530685014163,0.0041618540829688995,6.0614177498440404e-05,0.25778551074101375,0.25778549161856534,1408
1.3824559017507219,0.008823276665508892,0.00039438615272828243,0.003958153573743304,0.00012544825591993548,0.2612003685617901,0.26120034572260553,1409
1.3819281399987424,0.008861652877768723,0.00036774254887104335,0.00396582746740839,0.00011913994763802916,0.2609151247193071,0.26091453067177783,1410
1.3827177674819242,0.00993030263000647,0.00031032847266636136,0.004170526383945757,5.664997539978524e-05,0.25752661779285924,0.25752644977729716,1411
1.3821623875850073,0.009856023997483204,0.00029338700450592546,0.004163024821548011,6.090437314210631e-05,0.25780412539251557,0.2578040906571657,1412
1.382407768939161,0.00880508760101644,0.0003928612472174827,0.0039599536381469255,0.0001252010362549794,0.26118932689016544,0.26118930099914406,1413
1.381897423707719,0.00884458319493983,0.00036731889581810063,0.003967657649483735,0.00011883001486969108,0.26090091807462523,0.26090028373802027,1414
1.3826565079030013,0.00990540502261134,0.0003088145077583203,0.004171744253991263,5.688584305035979e-05,0.25754227041747774,0.2575421308562858,1415
1.3821213433046027,0.00983181937310773,0.000293199876988358,0.004164231339446424,6.119855005953174e-05,0.25782295021456303,0.257822893325484,1416
1.3823590072817817,0.008787043816592809,0.0003913207726765493,0.003961766456698888,0.00012493330984392664,0.2611773570151412,0.2611773268825226,1417
1.3818676631147682,0.008827847036262621,0.000366967451059411,0.003969515537855129,0.00011849687388729449,0.26088562694047956,0.2608849472198114,1418
1.3825977282037556,0.009880658676866732,0.00030746762047538935,0.0041729966772250365,5.7127090801191236e-05,0.25755824654276316,0.25755813621362494,1419
1.3820833030381277,0.009807766707185878,0.00029322356415283275,0.004165444257975086,6.150376845801749e-05,0.25784243383510613,0.2578423468378754,1420
1.38231134526474,0.008769071537491976,0.0003898708157634663,0.003963569814766764,0.00012465204602087667,0.2611647680683871,0.26116473215542857,1421
1.3818403277194649,0.008811395084154083,0.00036677780387798505,0.003971383558415579,0.00011814708993532844,0.2608695487457083,0.2608688179785949,1422
1.3825402039335914,0.009855940700859262,0.0003062328165658483,0.0041742614193674525,5.737884028759368e-05,0.2575748821962849,0.2575748007336778,1423
1.382047361521089,0.009783760640055985,0.00029341822988991476,0.004166642141065474,6.18249002240752e-05,0.2578628811655827,0.25786275451419327,1424
1.382265885280907,0.008751142008580792,0.00038858033772021943,0.003965350437766236,0.0001243603271173727,0.2611516961542795,0.2611516524696763,1425
1.3818162789828334,0.008795220189472663,0.00036680218169689446,0.003973253282613056,0.00011778362924894656,0.2608528166504805,0.2608520285820288,1426
1.3824834829283166,0.009831189295467117,0.00030509417554151183,0.004175525824062373,5.764421057104457e-05,0.2575923784528331,0.25759232411828814,1427
1.3820132838944648,0.009759763272286922,0.00029377581045297234,0.004167812754563756,6.216438766573439e-05,0.25788443959110185,0.2578842619952383,1428
1.3822230882100197,0.008733272231942224,0.0003874797121341756,0.003967104663861811,0.00012405742361302965,0.2611381068235598,0.26113805281006935,1429
1.38179578268266,0.008779357232379922,0.0003670560381129461,0.0039751254572241886,0.00011740582113199505,0.2608353966762641,0.2608345444143624,1430
1.3824278426386507,0.009806407052483094,0.00030407252315236053,0.004176786214956846,5.792442813644393e-05,0.25761080995272145,0.257610779356642,1431
1.3819814206828025,0.009735792957692078,0.0002943168123649653,0.004168952037610347,6.252264721197162e-05,0.2579071263561405,0.25790688464659767,1432
1.3821829101382792,0.008715517250166978,0.00038656855106305836,0.003968836966368481,0.00012373961918269935,0.26112383113781845,0.2611237635459471,1433
1.3817786581733478,0.008763874852407698,0.0003675270610005544,0.00397700793297775,0.00011701011016810044,0.2608171211589822,0.2608161970988451,1434
1.382374092114856,0.009781644810716179,0.0003032160468969194,0.004178045036256027,5.821948337014645e-05,0.257630169288433,0.2576301570647612,1435
1.3819525012674214,0.009711900037367424,0.0002950812339860014,0.004170061173910986,6.28989466937015e-05,0.2579308856184982,0.257930564611433,1436
1.3821450454895912,0.00869795750712674,0.000385830206249252,0.003970556882327233,0.00012340146406399142,0.2611086211594415,0.26110853589762795,1437
1.3817645131549092,0.008748861082274727,0.00036818947997493344,0.003978912257082828,0.00011659138523690606,0.26079774908195713,0.2607967448229741,1438
1.382323284399178,0.00975697219311163,0.0003025868531787464,0.004179306667656453,5.852910948142865e-05,0.2576504319800537,0.25765043040594066,1439
1.3819273660848728,0.009688139813918506,0.00029611585806448384,0.00417114263352012,6.329244879832061e-05,0.25795565514576396,0.2579552375005148,1440
1.382109207464296,0.00868068524686909,0.0003852487377908602,0.003972275341825228,0.00012303711863355005,0.26109220981741466,0.2610921017643172,1441
1.3817529903505685,0.008734406658717515,0.0003690191793025351,0.003980850020592828,0.00011614449975327657,0.26077703575911654,0.2607759420537436,1442
1.3822764302471133,0.009732447738097947,0.00030224729901152806,0.0041805731780018346,5.8853735900108734e-05,0.2576716188578493,0.2576716174042707,1443
1.3819067118347055,0.00966455117136349,0.0002974612741258785,0.004172196333091701,6.370309321307057e-05,0.25798142175386507,0.2579808878507474,1444
1.3820753697487174,0.008663793564825344,0.0003848236353928712,0.003974001537620167,0.0001226414706693445,0.2610743609598633,0.26107422372710637,1445
1.3817439516561363,0.008720590889678899,0.0003700050442541102,0.003982830053714328,0.00011566552438806536,0.2607547907644949,0.26075359752282806,1446
1.3822342977728255,0.009708100865865868,0.00030224978600611267,0.004181841250842828,5.9195098204058985e-05,0.25769383507777877,0.25769381989229617,1447
1.3818909175039158,0.009641144996861119,0.0002991422206137783,0.0041732170600831744,6.413207464783348e-05,0.2580082504111593,0.2580075783052764,1448
1.3820439052006595,0.008647370935266812,0.0003845782880271643,0.0039757412701964786,0.0001222107631194229,0.2610548976982794,0.2610547233396734,1449
1.381737548760774,0.008707474204677667,0.0003711533701733153,0.003984857177881975,0.00011515236975818231,0.26073090721971737,0.2607296035593517,1450
1.3821973463859278,0.009683930341253635,0.000302632502268978,0.004183101036762514,5.9556352950545096e-05,0.2577172762650138,0.25771722962238036,1451
1.3818799892613576,0.009617902125380285,0.00030116365389004087,0.004174193869700042,6.458181501348783e-05,0.25803628116814536,0.25803544668494693,1452
1.3820155900756035,0.008631502801246835,0.00038456021521730236,0.003977497177819411,0.00012174259139803509,0.26103370252444913,0.2610334811976962,1453
1.3817341706127417,0.008695098740331522,0.00037248465321975446,0.003986932637371452,0.00011460468528466174,0.2607053577840566,0.26070393209093556,1454
1.3821657892306423,0.009659915184520782,0.0003034214231730016,0.004184336959139603,5.994177654588681e-05,0.25774220747241294,0.25774210725499636,1455
1.3818736140004015,0.009594778005614507,0.00030351243526777736,0.004175111398624177,6.505550351271537e-05,0.2580656991955264,0.25806467622890517,1456
1.381991493698249,0.008616279226081689,0.00038483421717390285,0.003979270497186637,0.00012123536386447823,0.26101069316003667,0.2610104127580263,1457
1.3817343066205414,0.00868349415359098,0.0003740251009524175,0.003989055623242374,0.00011402326958377883,0.26067816789453035,0.2606766078690025,1458
1.3821397211791555,0.00963602884883925,0.00030463597524401606,0.004185529634837639,6.035630166066578e-05,0.2577689318223721,0.25776875108927194,1459
1.3818712587782813,0.009571709408821481,0.0003061615717052876,0.004175952152757596,6.555644176633444e-05,0.25809669326122303,0.25809545433641895,1460
1.3819728241255504,0.00860180460446228,0.00038547268873339354,0.0039810633284866745,0.00012068759801362132,0.26098579073228784,0.2609854365171456,1461
1.3817384019304246,0.008672682729053444,0.00037579761845672136,0.003991224803905593,0.00011340946243827306,0.2606493878903096,0.26064768057498233,1462
1.3821192081702176,0.009612248449717607,0.00030629306320173715,0.004186657462278763,6.080520707293199e-05,0.25779776936520515,0.25779747604860725,1463
1.3818722177660299,0.009548615951731404,0.0003090719116012684,0.0041766982254902475,6.60875293893346e-05,0.2581294236812541,0.258127940883245,1464
1.3819608268423451,0.008588203533291346,0.0003865490311644198,0.0039828800946256895,0.00012009758016429555,0.2609589041497905,0.26095845845230486,1465
1.3817467997516082,0.008662677343027843,0.0003778183753484145,0.003993438549132767,0.00011276500278418043,0.2606190867208146,0.2606172184846289,1466
1.382104207199788,0.009588554053047251,0.00030840203213069984,0.004187696076377713,6.129427323888655e-05,0.2578290659237796,0.25782862268989354,1467
1.3818754955517611,0.009525384597382565,0.00031218556068970146,0.004177330711729365,6.6651245063663e-05,0.25816402137819733,0.25816226785917706,1468
1.3819568250455918,0.008575618283564058,0.00038813969187100154,0.003984727255349091,0.00011946384152722085,0.26092995157936305,0.26092939368803125,1469
1.3817598767857615,0.008653468115123176,0.00038010598052810114,0.003995692630856825,0.00011209265814940025,0.2605873820252884,0.26058533832207476,1470
1.3820941286837298,0.009564912148878592,0.00031093965629017123,0.004188613116461109,6.183086986799995e-05,0.25786326076561117,0.257862625118768,1471
1.3818793921032713,0.00950181469731146,0.00031540438904177853,0.004177824623033084,6.72505325335633e-05,0.2582006422025085,0.2581985947785712,1472
1.3819624500983358,0.00856419961421424,0.0003903380093428934,0.003986611647155056,0.00011878655476628893,0.26089892447750185,0.2608982310111472,1473
1.3817785358987342,0.008644997154006344,0.00038271431333758866,0.003997974366288437,0.0001113976496046153,0.2605545084965912,0.26055227277284354,1474
1.382086569011685,0.009541218664372512,0.0003137792874434566,0.00418935136918753,6.242745233989109e-05,0.2579011045012638,0.2579002293152209,1475
1.3818805224486956,0.009477466965260641,0.00031854159239454595,0.004178134018833389,6.789154325739472e-05,0.2582396324710144,0.2582372767002649,1476
1.3819799107103945,0.008554116839174033,0.00039327038931937885,0.003988543732722692,0.00011806862255249328,0.2608659386411158,0.2608650853714822,1477
1.3818054870260008,0.008637129147420692,0.00038581790696614433,0.004000253157861636,0.00011068924366030967,0.26052089557311114,0.26051844552309744,1478
1.3820733104162886,0.009517066449483714,0.0003164740841956337,0.004189769666897735,6.311401360337315e-05,0.25794443286857993,0.25794326819345387,1479
1.3818715552379077,0.00945122866300753,0.00032121952732815714,0.004178147230850232,6.859211210779925e-05,0.25828203550510376,0.25827937763052794,1480
1.3820104293110442,0.008545755153758473,0.0003969958577165875,0.003990591605936716,0.00011730583715695974,0.2608307819273107,0.26082975146584203,1481
1.381848973958671,0.008629681285783192,0.00038996028729284854,0.004002478050615538,0.00010997816198656687,0.26048704734358374,0.260484343492793,1482
1.3820233612676545,0.009490438357380185,0.0003173662499170463,0.004189370073560741,6.39946347506096e-05,0.257999664664885,0.25799816850033075,1483
1.381835560695921,0.009419825978254956,0.00032267006183989876,0.0041775116338826895,6.94174951841607e-05,0.25833171622081313,0.2583288175822636,1484
1.3820351177195735,0.008541250630217472,0.00040028789114643067,0.003993319603963093,0.0001163832459901919,0.26078810669163927,0.2607869265907043,1485
1.3819382098912132,0.008622943271048577,0.0003970775112246613,0.004004673041959713,0.00010924540036272331,0.2604520524473772,0.2604490077054005,1486
1.381787888552291,0.009448736429061655,0.0003086354285563972,0.00418574249608463,6.555754182167574e-05,0.2580967611933214,0.25809499352238086,1487
1.3817150650069894,0.009370789587533136,0.0003206334836903062,0.004174559934137716,7.072567780345575e-05,0.25840985599183813,0.2584069509414327,1488
1.381903509953516,0.008553609297633226,0.00039349689212799953,0.004000405229751365,0.00011442537362041944,0.26069697964943467,0.2606958933867553,1489
1.3821818211306698,0.008620305598563149,0.0004143399986204371,0.004007562956303501,0.0001083181290586063,0.26040759958196924,0.26040405079604756,1490
1.3807196945167794,0.009328707968394486,0.00025556113082802296,0.004168827724779728,6.978335645464424e-05,0.2583536433042502,0.2583522893146096,1491
1.3809989598555896,0.009234413939327097,0.00029049758448787034,0.004157301225519248,7.54426229396187e-05,0.2586857712921547,0.2586836612266876,1492
1.3819150817570407,0.00861979536743095,0.00039590591880513695,0.0040196251658029085,0.0001096407413294184,0.2604709474895741,0.2604704240838225,1493
1.382551973983087,0.008609753643904419,0.00043949238585144545,0.0040086312594410515,0.00010837788849915861,0.26041047013823865,0.26040628680002403,1494
1.3790458028365846,0.009138601954379707,0.00016735351720757708,0.004144005533449314,7.556734970509095e-05,0.25869294827461264,0.2586925771521635,1495
1.3788093756079407,0.008872838432389589,0.00018106310830578003,0.004088899096270715,9.574711130203392e-05,0.25978504528870633,0.25978388214832404,1496
1.3886752266997864,0.00895764865312961,0.0008304915378811919,0.004070007872900387,8.679117306842942e-05,0.25931617802902185,0.2593084411554673,1497
1.384482472224755,0.009016029503476712,0.0005431366605872458,0.004072029002477778,8.252004835456691e-05,0.25908405462084894,0.2590717107046669,1498
1.3910574752261124,0.00909239079230279,0.0009829625699758087,0.004100697584079275,8.923452244084962e-05,0.25944640261903174,0.25944585498381845,1499
1.3941793037491594,0.009363874895839626,0.0011703923531769008,0.004125631221584054,9.425460582863252e-05,0.2597084811288189,0.2596967054067085,1500
1.3837617017027541,0.00918632014618595,0.0004885255149924952,0.004135775047292625,9.231080791526636e-05,0.25960785136829595,0.25959902012898606,1501
1.3835254823029637,0.008987999869524935,0.0004807839074503872,0.004087837746879058,8.114497481266952e-05,0.25900805055562354,0.25899903415805187,1502
1.389338756239457,0.00918078337020387,0.0008542386244206857,0.004057333306099842,8.306079292315248e-05,0.25911376941353864,0.25909306339914157,1503
1.3800203427165147,0.008774997530507438,0.00026858519844493627,0.0040706273462397385,9.275422356568517e-05,0.25963089941623757,0.2596292293086122,1504
1.398347460577424,0.009349193787111243,0.0014498965472956376,0.004147534515237134,9.30919195377628e-05,0.2596484153899883,0.2596391303671996,1505
1.4077416051909193,0.009936456027682273,0.0020319668808458083,0.004192662226361021,9.058082187179991e-05,0.25951739575050864,0.25948966989319794,1506
1.3882640409243765,0.00958739125793856,0.0007575228384451276,0.004178898272966224,8.548175876982454e-05,0.259245634579077,0.2592280544112237,1507
1.3887076196019734,0.009102075638233929,0.0008186872247447664,0.004072072937778929,8.177677892644988e-05,0.25904305141677575,0.2590316871051472,1508
1.4027334081004057,0.009598493207199483,0.0017108167561286148,0.003999311170920277,8.665886961252917e-05,0.25930907458411034,0.2592455759577029,1509
1.3895149122040102,0.008849861612049039,0.0008914635911737278,0.004017821868672096,9.439266677089396e-05,0.25971558885353296,0.25969376257038485,1510
1.3818986661158739,0.009000530474622652,0.000376180958292725,0.004107494207910697,9.869780583576999e-05,0.2599346769366583,0.2599284295614774,1511
1.3833651390525534,0.009354123724512433,0.0004346493382468481,0.004180732038620814,7.201882022060785e-05,0.25848639029391224,0.2584851170910757,1512
1.3808680534956703,0.009194565237180881,0.00027157264661367545,0.004148632048036997,6.899468611993497e-05,0.25830630399876714,0.2583003449019364,1513
1.3805730093124684,0.008499799474183776,0.0003149874321371966,0.004025942247400802,0.00010857358911951514,0.2604198651200251,0.2604170791612031,1514
1.380591493798072,0.008780993618003883,0.00030354513743499693,0.004083405912488717,0.00010119036380353309,0.26005934211584103,0.2600572363473494,1515
1.3824546739835815,0.009167248118615556,0.0003825122419859582,0.004173135936930943,6.98843077367505e-05,0.2583596834710861,0.25835958376469864,1516
1.3796314587362242,0.009169670396069009,0.00019066780924683333,0.004157426286946364,6.840559255576342e-05,0.2582707673498753,0.25826954280552494,1517
1.3847280090640648,0.008369639422185056,0.0005779054880733348,0.00399668017603373,0.00012443241228904647,0.2611549277133044,0.26115484764716873,1518
1.385472426714465,0.008193386193936508,0.0006059229194718024,0.00396374116245752,0.00013944061662746787,0.26180849764480935,0.2618084678038254,1519
1.3803368818747472,0.008749470630918974,0.0002914085733419923,0.004097508720926946,9.009317827316376e-05,0.25949174263626884,0.25949150635598583,1520
1.3858474031232852,0.009596763315316555,0.0005308878599812371,0.00423168895093289,5.415111104335675e-05,0.25735874384955454,0.2573587197102311,1521
1.3848339635770608,0.009554338066980365,0.0004800037485780704,0.004218490866104523,5.761962115020597e-05,0.25759075893110867,0.25759066055006924,1522
1.3806390905026074,0.008679584011138504,0.00031578195856830243,0.0040753198464186565,9.747509848729167e-05,0.2598729478114336,0.2598729370625379,1523
1.3827453572200559,0.008275647591731779,0.00044668552010521985,0.003987995205551921,0.00012717146103505614,0.2612770324569479,0.26127703241984723,1524
1.3802863915660206,0.008667463298224954,0.00029384164542393986,0.004077233593697795,9.356248005827054e-05,0.2596727700302587,0.25967265636360093,1525
1.3836155772104977,0.009281044190955313,0.00042375566435166987,0.004203810775911065,5.953703608239692e-05,0.25771602462945764,0.257715400427823,1526
1.3826212427679374,0.009307017565648027,0.0003686441057047787,0.004206357380251584,6.35963347015669e-05,0.25797473101123586,0.2579747049886919,1527
1.3825494405407988,0.008697783991158614,0.00043580197820176534,0.004070018799928862,0.00010645954733995639,0.26031792359634226,0.26031635684283105,1528
1.3829040401095662,0.008264416261661002,0.0004561452519753629,0.003989912741514461,0.00012807744018147096,0.26131713038634224,0.2613170838578816,1529
1.3832430400306175,0.00867654478804363,0.0004893651100307017,0.004074196068191982,8.956147160405341e-05,0.2594636922817711,0.2594610834264378,1530
1.3804723691277567,0.009169768766525397,0.00022508983653661606,0.004182554126680982,6.0630235107479404e-05,0.25778654192228356,0.25778487250997173,1531
1.3854558841835356,0.009054660968372374,0.0006112871454957548,0.004133080727605058,8.832849746716163e-05,0.25939832418397885,0.25939634100593184,1532
1.3814244679067342,0.008674087803021596,0.00034924983112425854,0.004067914659097899,0.00011674176254137382,0.2608047102016377,0.26080084025575595,1533
1.3895373301141358,0.00867630286813742,0.0009088212745839133,0.004073411734676054,9.732652741909284e-05,0.25986542079280417,0.25986364884770996,1534
1.3904838977015652,0.008916231508195288,0.000944733828025344,0.004102048273647296,7.723380354548847e-05,0.25878827648321834,0.25877833374145637,1535
1.3805545682890077,0.008959731225720415,0.0002665839309522291,0.004130735830523767,6.910193380610461e-05,0.25831275729262587,0.2583066413415422,1536
1.3822512574301058,0.008849838073471403,0.0004054029305589205,0.004101695620966182,0.00010592045121704089,0.2602917661855019,0.26028720611301037,1537
1.3842673375492494,0.008799510171674558,0.0005307654094377267,0.0040914062858919365,0.00011614622678385687,0.26077711588431046,0.26077146256835604,1538
1.378621737240653,0.008755592646630643,0.000176026953158943,0.004110196058636422,8.823542247318018e-05,0.25939337119851974,0.2593928173848275,1539
1.3956636590764882,0.009107253273022848,0.001263124626458792,0.0041264745062271685,6.874337550303298e-05,0.2582911624940676,0.25828458642443747,1540
1.399684923430315,0.009189149455721808,0.0015086689986090168,0.004130168917659422,6.276788663785155e-05,0.25792261867300526,0.25791004292869035,1541
1.3812226804879575,0.008878748557344796,0.0003173927028843274,0.004119987954982326,7.008042442330385e-05,0.25837140516420654,0.25836042780422724,1542
1.4036929557620639,0.009035057423826758,0.0017795876530028393,0.00409255826964271,0.00013175842484711638,0.26147860726948685,0.26146730927412176,1543
1.429557908966595,0.01005706698235752,0.0032866127216632113,0.004084406362548965,0.00017634182229316273,0.2632793758246825,0.26321948351191055,1544
1.4136174709754041,0.010281260014432365,0.0022307930068394587,0.00408807320702556,0.00016992948166173665,0.2630357002750806,0.2629682326377203,1545
1.3903506209174694,0.00927318016693438,0.0009220037572267087,0.004108912841866682,9.83266430495269e-05,0.25991597917754605,0.25991124176586844,1546
1.3959664788512502,0.009383057463076423,0.0011695268392123035,0.004131434769173506,4.586456788572822e-05,0.2567723384355574,0.2567377911094243,1547
1.4088441115115473,0.010207163803041876,0.0018656192539393524,0.004125546871322999,3.3759631508678344e-05,0.2558103039084611,0.2557043046239836,1548
1.3987055308350858,0.00938458988086785,0.0013965405273181825,0.004092456499892576,5.6418472118841384e-05,0.25751122307742497,0.2574516464503701,1549
1.380834780859534,0.008527814840052635,0.0003326452003237218,0.004070898868704,0.00010671877385748104,0.2603304779104106,0.2603291725481474,1550
1.4014696537188904,0.0096749590637745,0.0015906841673568,0.004121005024114614,0.00013024663109946556,0.2614125646153468,0.2613963840196921,1551
1.413963352436252,0.010627765386385204,0.002367424403933802,0.004162562056539013,0.00012547804200291029,0.26120169817496036,0.2611765216683011,1552
1.391991828927205,0.010040097056382213,0.000977798320245889,0.004175179431260208,0.00010221098264155676,0.2601099447397875,0.2601043852179498,1553
1.3922992126217923,0.008954671926914135,0.0010554737325822365,0.004115467117008796,7.350958270048837e-05,0.258573772955968,0.2585558845924291,1554
1.4098434607815937,0.00934819975132702,0.002156864426109893,0.004055187412517526,6.148166377289056e-05,0.2578410244083851,0.25777143544988734,1555
1.4037081379032814,0.00937753193249008,0.001746608537333604,0.004024349484612283,6.232593401120174e-05,0.25789467757487294,0.25781735785796844,1556
1.3952452658013117,0.008719077876083243,0.0012769887705364217,0.004057787529564199,7.996816771243918e-05,0.25894249225397703,0.25892587535258255,1557
1.394583892256707,0.009036273363972697,0.001219310646049331,0.004118138355523302,0.00010170565404429466,0.2600849221139429,0.26008432599395914,1558
1.3921216772219405,0.009648081578891323,0.0009988912907858112,0.004170576453181806,0.00011451120294583993,0.26070099074599357,0.26069143415981,1559
1.3954836029737032,0.009180055396286448,0.0012719280573490416,0.004145245083048318,9.688052858185372e-05,0.2598427906907469,0.25984246307292364,1560
1.3931097795509682,0.008925594152744314,0.0011211238502206056,0.004096978987658353,8.051320365368374e-05,0.25897291500314606,0.25895565352088834,1561
1.3843178426860336,0.008751864394550515,0.0005320435789100195,0.004056826034323086,7.271590758327425e-05,0.25852736228755846,0.25849524327179857,1562
1.3923614087879397,0.008765892286321273,0.001092188858672638,0.004095907603720441,9.179342487434532e-05,0.25958088852217504,0.25958067816130553,1563
1.396825686459264,0.009279320703901757,0.0013451122159126088,0.004139789657356755,0.00010791118669831844,0.2603880309346054,0.26037851998617434,1564
1.3876754196590455,0.009296001655723533,0.0007319924622576615,0.0041670014361167435,0.0001093744104322323,0.26045822214490744,0.26044731246552755,1565
1.388696368889885,0.008942498481837646,0.0008284751503059412,0.004113051185381961,8.106107488046557e-05,0.25900339240955683,0.2589947505346726,1566
1.3964105238294926,0.009726349483527371,0.0012558788358576307,0.0040582287133319305,6.641973985641488e-05,0.25814983066427855,0.25810265749729977,1567
1.3936807024231141,0.00944065300229524,0.0011028450800984147,0.00403186238929194,6.929654046545865e-05,0.25832445436442886,0.2582892527065205,1568
1.3841165257594321,0.0085470562897438,0.0005566950781069139,0.0040624510782614155,8.915434316633655e-05,0.25944215776008517,0.2594416140583848,1569
1.3869666143911534,0.009221293898547636,0.0006931017113406785,0.004130720465131705,0.00010609243319959155,0.2603001181158078,0.26028913966366557,1570
1.3856827621423324,0.009043301871794657,0.0006277805717038538,0.004169793557686346,9.250791831086691e-05,0.25961810367540644,0.2596161211750533,1571
1.3801056415308168,0.009151127768610682,0.00024208424081768388,0.004145253608893459,8.00199050798769e-05,0.2589453845685849,0.2589421440265003,1572
1.3850054738583777,0.00856419927740264,0.0006145419281579839,0.004033963085729132,9.401348549206412e-05,0.2596960551510428,0.25969244376448286,1573
1.3835761189247016,0.008321435659578992,0.0005348491763939193,0.004001622273386743,9.887517191598322e-05,0.25994359954523427,0.2599423770014829,1574
1.3811093875711298,0.008651257836861817,0.0003470651553699317,0.004097678956769352,8.438480711158598e-05,0.25918612035146427,0.25918611396547253,1575
1.3829697718367948,0.009309120111510033,0.0004180296905017875,0.004199102164918627,7.615311981749287e-05,0.2587265754919953,0.25872533112963275,1576
1.3812026933688482,0.009045586598901671,0.00032836941027324134,0.004176220491158319,8.768466949268378e-05,0.2593640092638081,0.2593635908984118,1577
1.381391762221459,0.00858474163996836,0.00036781433921324316,0.004057632004012579,0.00010463192387349979,0.26022897472249784,0.26022751672334465,1578
1.3816487780397906,0.008342187713838042,0.00040465732351086344,0.004016579357607818,9.877452971322217e-05,0.2599385376043572,0.25993609521370664,1579
1.3815340289295777,0.008924147884875042,0.0003449953773880508,0.00412608425823635,7.38786918981688e-05,0.2585952714848438,0.25859514744622647,1580
1.3817839544474162,0.009175459112310267,0.00033187615502528963,0.004207091821240518,6.772227218898968e-05,0.25822935429963917,0.25822750797528393,1581
1.3825194594672852,0.008802774852544788,0.00043301476800978366,0.004133311696934451,9.653434116251962e-05,0.2598251891158654,0.25982513914884076,1582
1.3811899054807453,0.008445109282439918,0.0003441388639794605,0.0040470815020271925,0.0001202851621728516,0.2609674592396257,0.26096691424790197,1583
1.3836804789136743,0.00864801718362363,0.0005203007128986163,0.004060048455095185,9.825277473137152e-05,0.25991225376649385,0.2599118178748157,1584
1.3819520331916022,0.00892014501821041,0.00036736282893173216,0.004121451971109763,7.072992318653088e-05,0.25841010839326883,0.2584099282069307,1585
1.3816854065540642,0.008870429382431889,0.0003391473890039682,0.004166315099209362,6.490629700645958e-05,0.25805644443948195,0.2580564442975232,1586
1.3814405114757482,0.008809429376176908,0.0003597385116386242,0.004143984597852065,8.70210308538436e-05,0.2593285063570672,0.25932785729951696,1587
1.3809843921457376,0.008592008787167715,0.00033164667366051035,0.004090692505532134,0.00011279731829312558,0.2606206081884761,0.26061995230238316,1588
1.3803925686879486,0.008659467354402255,0.0002956940434155257,0.0040791189319527976,0.00010545831911417728,0.26026929009786837,0.26026875936336374,1589
1.3819106576945897,0.00872200348216214,0.00038667990953363863,0.004125794908834786,7.625868750916988e-05,0.25873262202944625,0.25873029863017866,1590
1.3803020860706745,0.008817430605996827,0.00025420757684821075,0.004156717198113418,6.634574838229048e-05,0.2581452899507808,0.2581451401741501,1591
1.382981855459263,0.008746091466979935,0.00046705103199666173,0.0041258788102968924,8.830067588412246e-05,0.2593968439320935,0.25939530159480106,1592
1.3816092384991305,0.008702790200964301,0.00037008359656698955,0.004093442472466741,0.0001092131950577209,0.2604505117127211,0.26044950440449877,1593
1.381931441841831,0.008566003509013246,0.00040585023748543526,0.004097557568630398,0.00010365436745488574,0.26018107889444364,0.2601803154068115,1594
1.3814093766835651,0.008703842221657413,0.0003632258427133813,0.004126872325469752,8.495292846226774e-05,0.25921699129121145,0.2592146503122732,1595
1.3812754799019773,0.008741140786190857,0.00034199864264807596,0.004145473808507599,7.520642252935986e-05,0.2586721636590507,0.2586719921344212,1596
1.3803962267689198,0.008710659302908267,0.00029272549865777694,0.004133586144027332,8.106317068510141e-05,0.25900350879852413,0.2590034283949346,1597
1.3820097937231541,0.008579119791928469,0.00041434542982168003,0.004110307016401933,9.510436830458655e-05,0.25975214685618436,0.2597520904829598,1598
1.381034516463063,0.008553644886761788,0.00034808766332419724,0.004105205234977655,0.00010212112358437016,0.2601054996701979,0.2601053554254624,1599
1.3812755896600468,0.008672627060099795,0.00035932294689802963,0.004125180559383758,9.33544706443953e-05,0.25966201172864095,0.25966200456971716,1600
1.380721130124818,0.008740242169432371,0.00031163317425540634,0.004143347240744519,8.037234848684882e-05,0.25896506265939334,0.25896473940804554,1601
1.3814406346393198,0.008651491424075826,0.0003639370182061252,0.004135914155125721,7.91307213829503e-05,0.25889554503012324,0.25889420567484367,1602
1.3807523761695553,0.00855380213638675,0.00033194726602859225,0.004118300569905732,8.939360824366045e-05,0.2594548193131154,0.2594546709638857,1603
1.3814698878483276,0.008601239250447073,0.00037577001263436143,0.004115670594067219,9.83526400077416e-05,0.2599172899527916,0.25991665423060323,1604
1.3808343162167667,0.00865951563809388,0.0003307048594418705,0.004129943303742645,9.4000269419529e-05,0.259695373609074,0.25969531966500575,1605
1.3810731032543655,0.0086940380782157,0.0003406107748824728,0.004141945502249466,8.35680272197555e-05,0.2591415549672775,0.25913974953490415,1606
1.3803801992941431,0.008633681101946582,0.0002976996111004466,0.004135729179876955,8.245705063745613e-05,0.2590805864699069,0.25907921233046766,1607
1.3814719849588988,0.008591596111746038,0.0003776692120822378,0.00412136952912744,9.098601966277121e-05,0.259538659217247,0.25953840077514095,1608
1.3808864346414633,0.008561628098703991,0.00034057223950126336,0.00412089118595562,9.429339930564827e-05,0.25971047884018333,0.2597099098283582,1609
1.3807902254947302,0.008617146410378565,0.0003297971924042683,0.004135892584150566,8.832072345946533e-05,0.2593979105900974,0.25939747737051205,1610
1.3802642360795743,0.008679335755542358,0.0002888121865738236,0.0041440128446280505,8.501273997724841e-05,0.2592202353536799,0.2592191216195507,1611
1.3813873977566953,0.008673760174823637,0.00036626812295433253,0.00413359199000728,8.938417244060139e-05,0.25945432030558524,0.25945431464533925,1612
1.380663790500051,0.008557957989267704,0.00032614591772850855,0.0041239953127610255,9.192333444710657e-05,0.2595876657454829,0.25958753824107295,1613
1.380930700634522,0.008548831804146664,0.00034378123439646766,0.004129376774505322,8.834006496717283e-05,0.25939893956609855,0.2593986481815444,1614
1.3802918471578576,0.008599708025493034,0.0002966924658028724,0.004140689861340899,8.594403018946086e-05,0.2592706003144058,0.2592702096369055,1615
1.3811328962946372,0.008711487946200427,0.0003465423790066288,0.004142631693766777,8.867208215682737e-05,0.2594165854829034,0.25941653342510984,1616
1.3804439572996232,0.008635674449708664,0.0003061900823283036,0.004135983466203503,9.085176454699661e-05,0.2595316191985935,0.25953160036511,1617
1.3809390688823793,0.008548179451805561,0.0003446368948335153,0.004130140379667617,8.950567643252932e-05,0.2594607439682368,0.25946012877318314,1618
1.3803901022603122,0.008535089186010581,0.00030857619967305616,0.004132367838916058,8.819336874565361e-05,0.2593911324527798,0.2593907598256485,1619
1.3808428353378621,0.008642950902027217,0.0003315936006889994,0.004140965422074976,8.820475027621871e-05,0.2593917384054401,0.25939156288987447,1620
1.3802659882037958,0.008661401487037947,0.0002917107932732001,0.004145792312145492,8.764404498191578e-05,0.25936183982889666,0.25936177385973536,1621
1.3809060585471036,0.008583932940661964,0.00033952028090621946,0.004140152199534626,8.795911990103317e-05,0.2593786523499399,0.259377942667106,1622
1.380344061914261,0.008533375271428806,0.0003061860885354685,0.004132360508996473,9.056879850256212e-05,0.25951676407727764,0.2595162260804844,1623
1.3806759748777042,0.008580865488924824,0.0003253703978932904,0.004134068711944831,9.16028208976124e-05,0.25957093626024186,0.259570792477473,1624
1.380095630220154,0.008612264380639004,0.0002836558079873929,0.004144061040758456,8.771038424022621e-05,0.25936538222606137,0.2593652954743462,1625
1.3808829779803526,0.00858529658043863,0.00033609687295920636,0.004149175675774821,8.448934751671816e-05,0.2591918087184579,0.2591911442371993,1626
1.3802710463640344,0.0085584590211539,0.00029883957467794517,0.0041431555444760345,8.776378920472708e-05,0.2593682329819837,0.2593676741421865,1627
1.3806169121967156,0.008573183918571349,0.0003219789219987908,0.0041345824830444,9.336910113912806e-05,0.259662768813292,0.259662645997609,1628
1.380027231056813,0.008570336113764508,0.00028283753772518087,0.004136745016953609,9.167571646993406e-05,0.2595747436764612,0.2595746692087383,1629
1.3808168260767752,0.008556637403797356,0.00033397005245751506,0.0041475994794302916,8.507876691537891e-05,0.25922381520388277,0.2592231304626636,1630
1.380208499657221,0.008561438106581184,0.00029279277605401093,0.004151429011099748,8.45675623291856e-05,0.25919606232738696,0.2591955024883469,1631
1.380571041489999,0.008579236685575038,0.00031835178678419533,0.004143915211508385,9.071927234549788e-05,0.25952466652148504,0.2595245413861865,1632
1.3800145453117671,0.008559902984554045,0.00028272271369376203,0.0041382974798948235,9.288930723261947e-05,0.25963790989959024,0.2596378406013282,1633
1.3806981230931918,0.008522483196084302,0.00032982461628429377,0.004142835445505576,8.819572980482798e-05,0.2593912581587787,0.259390525072873,1634
1.3801139954850008,0.008534295139792068,0.0002890574886107234,0.004149223350067464,8.583618315329746e-05,0.25926478187294755,0.2592641869896636,1635
1.3805298194675895,0.008571030934019779,0.0003156479991403112,0.0041497832891704625,8.864309972965231e-05,0.2594150464539296,0.25941491596050903,1636
1.3799864647612137,0.0085596082437321,0.00028059861007695305,0.004147013391270855,9.019193042579879e-05,0.2594969432148349,0.2594968601715876,1637
1.3805607751866866,0.008508882079492356,0.00032170395786746195,0.004145443541516685,8.859552181097064e-05,0.25941251941888943,0.2594118034603056,1638
1.3799911805783913,0.008502976704872817,0.0002841392181478809,0.004146116100012984,8.855943139702168e-05,0.2594106020740982,0.2594099962520853,1639
1.380511902229769,0.008550367619920084,0.00031618076042352926,0.00414888200610497,8.996507716294495e-05,0.2594849922067941,0.2594848652479027,1640
1.3799723387741403,0.008551738664331197,0.0002797684083368852,0.00415190397662059,8.86291547831216e-05,0.25941430585774233,0.2594142185252602,1641
1.3804434214514358,0.00850897364571873,0.0003130288039524338,0.004151838677522186,8.651919976632595e-05,0.2593015697474311,0.2593008914972687,1642
1.3798894203810979,0.00848796018183182,0.0002783460334613427,0.004148833199819807,8.851743053707988e-05,0.25940837023809543,0.25940781235659754,1643
1.3804984128280495,0.008528481297571989,0.00031699579747980624,0.004148067291795054,9.182641555236797e-05,0.25958261005949673,0.2595824680901782,1644
1.379970387859256,0.008533249241462003,0.0002812213903401381,0.004151944597648545,8.996438458714053e-05,0.2594849556976899,0.2594848704521295,1645
1.3803125549978401,0.008505023065930872,0.00030412743103085615,0.004155651073257192,8.570468413212164e-05,0.25925768243850056,0.25925698941296577,1646
1.3797846781489802,0.008484970459498361,0.0002709239494602361,0.004153845931949992,8.689907194180892e-05,0.2593219671712471,0.25932144065016854,1647
1.3804757566463428,0.008511683122514636,0.0003165799370567089,0.004150275394139078,9.171970660102179e-05,0.2595770405972316,0.2595768580240262,1648
1.379958854845963,0.008509296845230692,0.0002822526966492374,0.004151937607542947,9.127693239302162e-05,0.25955389618914826,0.2595537909111276,1649
1.380187087063944,0.00849072293848763,0.0002971085487167122,0.004156965890306301,8.648142082240364e-05,0.25929953874245404,0.25929881194209625,1650
1.3796744132419931,0.008481059771970993,0.0002635712399842079,0.004157395996547426,8.639799160000543e-05,0.2592950519955515,0.2592944780685292,1651
1.3804627448950828,0.008503601782574761,0.00031615495433593983,0.004153624137918048,9.094130141709627e-05,0.25953631487615086,0.259536117005769,1652
1.3799473261263953,0.00848944649196818,0.0002827821389072213,0.004153719561227669,9.118929405974114e-05,0.2595493085644847,0.2595491658970678,1653
1.380071171319439,0.008471478989981818,0.0002909075795113761,0.004158249507387119,8.698887350017114e-05,0.25932678259102093,0.2593260957694285,1654
1.379572250396826,0.008469938919615613,0.0002576771963533787,0.004159674049570175,8.680058668026933e-05,0.25931668324460316,0.25931606976214183,1655
1.38045358321299,0.008498919554764756,0.0003158404133361562,0.004156620577578058,9.085364232419518e-05,0.25953171770061384,0.25953154367287745,1656
1.3799430502533412,0.008479432552040787,0.0002831154983621226,0.004156216246309758,9.087798865228142e-05,0.2595329947368223,0.25953284690726697,1657
1.3799564019135697,0.00845396569015698,0.0002843829896982254,0.004159817480949738,8.687930940259639e-05,0.25932090711264716,0.259320274475413,1658
1.3794739263957025,0.008453250860446066,0.00025229786853815406,0.0041613807691577515,8.693306754888157e-05,0.25932379040674347,0.2593232084677101,1659
1.3804413358251773,0.008489879557973708,0.00031564125991041206,0.004159382204357333,9.100833512000906e-05,0.25953982888316185,0.2595396666016391,1660
1.3799371175124748,0.008473897394244173,0.0002830956754975399,0.004159317335218026,9.096623879420458e-05,0.25953762228200533,0.2595374941473603,1661
1.3798417100551006,0.008441088616381993,0.00027762249033365843,0.004161974586143002,8.695426868288574e-05,0.25932492727493817,0.2593242959425972,1662
1.3793753734096441,0.008435452005337704,0.0002469328169191767,0.004162768077655891,8.695701763409808e-05,0.25932507467177063,0.25932454085750667,1663
1.380430140048259,0.008475035544314115,0.00031585567199027845,0.004161419838851261,9.088251866361182e-05,0.25953323233030706,0.2595330498656145,1664
1.3799296350830135,0.00846479446322752,0.0002831721258609463,0.004162237589314938,9.080336276686972e-05,0.2595290798489083,0.2595289544125194,1665
1.3797331235216803,0.008431620145350548,0.0002710395307825011,0.004164747888283623,8.704419878230084e-05,0.2593297480556712,0.25932909324460773,1666
1.3792787934973667,0.008421098318269147,0.00024159610779927757,0.004164623794850112,8.729724176749365e-05,0.25934329929775846,0.25934277614027407,1667
1.3804241694920698,0.00845952534724078,0.00031649724185118795,0.004163086594157436,9.101566315271264e-05,0.25954021295111973,0.25954000471137456,1668
1.3799256369989723,0.00845177688632794,0.0002837208053376516,0.004164489168220789,9.054136489020846e-05,0.2595153226372104,0.2595151794114336,1669
1.3796274572699647,0.008421044640459095,0.0002645479233699466,0.004167514925386993,8.672912746296677e-05,0.2593128474411947,0.25931219544748607,1670
1.3791863246633649,0.008409682562630248,0.0002362389379955977,0.004167006614713787,8.743084407617214e-05,0.25935044619663533,0.2593499175520472,1671
1.3804185513158915,0.008445447625303651,0.00031710264132175567,0.004164855968700387,9.147062910613102e-05,0.25956402787041793,0.2595638073442647,1672
1.379924194501251,0.008437845505228211,0.00028458020956280736,0.004166325001229358,9.078241730984143e-05,0.25952798075721406,0.25952781975182304,1673
1.3795225650619791,0.008408149650760678,0.00025828755179797315,0.004170027849750446,8.646922686098955e-05,0.259298883097501,0.25929825392728567,1674
1.3790958215906621,0.008398281661786867,0.00023082944882763006,0.004169701713966395,8.712755252757127e-05,0.2593342140819445,0.2593336915382632,1675
1.3804127579045773,0.008431921401543176,0.00031762662297840877,0.004166915612883511,9.166461630754511e-05,0.2595741640004517,0.2595739380158593,1676
1.3799223853807747,0.008423834562330314,0.00028544445536212153,0.004168034435939625,9.123547840707633e-05,0.25955172646211544,0.2595515580510486,1677
1.3794199871597792,0.008394380188856443,0.00025243290440515707,0.004172179327535669,8.661192708114826e-05,0.25930655291078003,0.2593059389906412,1678
1.3790060462213682,0.00838619109515127,0.00022553413094757044,0.00417240485576113,8.687824234109762e-05,0.259320849872254,0.2593203429833171,1679
1.3804097887544369,0.00841906495528702,0.00031826260986159323,0.0041693556320640136,9.151638890024404e-05,0.25956641985803697,0.2595661841067688,1680
1.3799217399779244,0.008410240539439204,0.0002863133252158903,0.004170021778866389,9.136155380615505e-05,0.259558323796888,0.25955815070626836,1681
1.3793206196675833,0.00838034277627466,0.0002468454335403206,0.004174125387065042,8.683913892170896e-05,0.25931875200451804,0.25931814208624415,1682
1.3789184071035128,0.00837336461181887,0.0002205771598481487,0.004174783879601845,8.69558820293614e-05,0.259325013781725,0.259324519520939,1683
1.3804094497622197,0.008406716874776716,0.0003190426072100442,0.004171939767717691,9.142694111509891e-05,0.25956174362316303,0.2595614937429159,1684
1.3799233238616728,0.008397565594182236,0.0002872406472323433,0.0041724456199744185,9.124038093314145e-05,0.2595519830890314,0.2595518011288542,1685
1.3792236689758508,0.008366297740591668,0.00024131822396439406,0.0041762231743471675,8.685193054402936e-05,0.25931943831698184,0.2593188320883542,1686
1.3788337460432827,0.008359444986340428,0.0002159315123555593,0.0041768437727461236,8.71265291628288e-05,0.2593341592638453,0.2593336713755478,1687
1.3804095063294806,0.008394159673258874,0.0003198829914220739,0.004174335439071587,9.154355344882503e-05,0.25956783953924945,0.2595675766760954,1688
1.3799260892922374,0.008385858306551315,0.00028818986037858056,0.004175038786470307,9.120574800478602e-05,0.2595501700510926,0.25954997603987284,1689
1.3791289204129382,0.008353055502228467,0.0002358373658832236,0.004178624399287277,8.676081492434501e-05,0.25931454856256303,0.25931395426020254,1690
1.378752039636951,0.008345024171026406,0.0002114670803263567,0.004178896724485298,8.718621189910218e-05,0.25933735572306754,0.2593368764436523,1691
1.3804082286609078,0.008380591090903836,0.00032070504951345466,0.004176508771177801,9.169587419275037e-05,0.2595757962693841,0.2595755231871523,1692
1.3799276191569383,0.008373806656018336,0.0002890941877844185,0.0041774888823976645,9.129139378211784e-05,0.25955465299119324,0.25955444960917645,1693
1.3790375681181157,0.008340424721627786,0.00023056745148486728,0.004181149311654989,8.672506253338082e-05,0.25931262919552694,0.2593120478641905,1694
1.3786731323432955,0.008330898810825936,0.00020714547348934544,0.004181130682349385,8.718826003956136e-05,0.2593374653969673,0.2593370007115235,1695
1.3804056062065686,0.008366471340089696,0.00032146775719473153,0.004178659561570542,9.178496683495394e-05,0.25958044711038863,0.2595801618626941,1696
1.3799269861398984,0.008360950383778898,0.00028990740688962307,0.004179794510645381,9.136809706812557e-05,0.2595586660715879,0.2595584549713127,1697
1.3789507530610958,0.008327894939698297,0.00022561017691750355,0.004183631204468634,8.672727656402868e-05,0.25931274806724786,0.25931217572486376,1698
1.3785976909897355,0.008317369665293053,0.00020302807850557618,0.004183484043300655,8.722024230632498e-05,0.25933917781747007,0.25933872936999447,1699
1.38040129914481,0.008352483737948212,0.00032210669260665975,0.004180885506339071,9.186027387277231e-05,0.25958437655107375,0.25958407552425117,1700
1.3799240652568028,0.008347502719983304,0.0002906029274366517,0.004182077333119653,9.140503687434796e-05,0.25956059814417215,0.2595603778952609,1701
1.3788688599642125,0.00831484230266847,0.0002210024706110792,0.004186070780015548,8.670260892714666e-05,0.2593114235714603,0.25931085663842723,1702
1.3785267357129838,0.008304016834831379,0.00019920419024276097,0.004185875638737422,8.72700748708276e-05,0.25934184536752924,0.2593414085119721,1703
1.380393457094651,0.008338839484000882,0.0003224883402409893,0.004183165930581899,9.19706850753129e-05,0.2595901347787877,0.2595898174900387,1704
1.379917828023736,0.008334167792859844,0.0002910707082584552,0.004184374972870952,9.146023917660125e-05,0.2595634846774908,0.25956325248717205,1705
1.3787921258089333,0.00830143146075363,0.00021675310725795821,0.004188489373754447,8.665667970570108e-05,0.2593089569612122,0.2593083977563582,1706
1.3784609523899678,0.008290512075092028,0.00019571992923132127,0.0041882778414007735,8.728662961449494e-05,0.2593427313786973,0.2593423021624682,1707
1.3803795445175167,0.008325358246006267,0.00032245475211940496,0.004185495168084367,9.208917451489706e-05,0.2595963104636572,0.2595959809475724,1708
1.3799057304803195,0.008321063329101328,0.0002911362094163641,0.004186715354044195,9.15583257253555e-05,0.25956861148366656,0.2595683687071476,1709
1.378721800299741,0.008287929298846518,0.00021295104176870887,0.004190911704231952,8.663959831868043e-05,0.2593080394454837,0.25930748941851983,1710
1.3784011914181602,0.00827673347299499,0.0001926415293874628,0.004190675337864955,8.72706896571537e-05,0.2593418782724436,0.25934145622287874,1711
1.3803569190763543,0.008311841100619215,0.00032184080956783697,0.004187854618034473,9.216254619510044e-05,0.2596001326134122,0.25959979496804203,1712
1.3798847338553182,0.008308133597646549,0.00029059607593718325,0.004189099750250413,9.164596008593726e-05,0.2595731896505782,0.25957294017771415,1713
1.3786597965812935,0.008274488316486642,0.00020971538416168222,0.00419335761789585,8.665642832943333e-05,0.2593089434593531,0.2593084012244519,1714
1.378348883699542,0.008262856695471539,0.0001900734485943542,0.004193085326502783,8.727003313318634e-05,0.25934184313362124,0.25934143000862986,1715
1.3803223231809956,0.008298254337654763,0.000320431815472652,0.004190245016818273,9.219235593653621e-05,0.2596016850571416,0.25960134112789646,1716
1.3798514143233551,0.0082951947977543,0.0002892309460437489,0.004191514514796205,9.167520076398492e-05,0.25957471674588783,0.2595744646238925,1717
1.3786084815508954,0.008260942041200644,0.00020719317432787158,0.004195808263313088,8.666305740770036e-05,0.2593092995121921,0.25930876010983545,1718
1.3783062645558,0.00824889400579669,0.00018817105770202377,0.004195507624076218,8.730329588904988e-05,0.25934362327413996,0.25934321805013616,1719
1.3802711372820184,0.00828467480324942,0.0003179162486450401,0.004192691277730273,9.22185098943114e-05,0.25960304690680575,0.2596026978516804,1720
1.3798014407040906,0.008282364007009466,0.0002867454116029433,0.0041939886090581815,9.166333944351249e-05,0.25957409731742437,0.259573844542899,1721
1.3785707582308573,0.008247379829233481,0.00020556110555449894,0.0041982663763277415,8.66357654704801e-05,0.2593078335540812,0.2593072935612861,1722
1.3782761630767788,0.008234805327550054,0.00018711219318605642,0.004197913729348623,8.734019411098354e-05,0.25934559757912695,0.25934519686637764,1723
1.3801977743845522,0.008270978582835344,0.00031393092671416284,0.004195178723948213,9.224999434838898e-05,0.25960468606193815,0.2596043355226167,1724
1.3797296501346423,0.008269602046393534,0.00028280063549303546,0.004196537147763112,9.164180504315536e-05,0.25957297263357393,0.2595727224978025,1725
1.3785502928424491,0.008233930100926712,0.0002050614913601438,0.004200762740929997,8.658921058734886e-05,0.25930533237382464,0.2593047873466431,1726
1.3782619338427269,0.008220686779971353,0.00018710216938840846,0.004200309494819384,8.735344233698142e-05,0.25934630634726796,0.2593459048455594,1727
1.3800969302720423,0.008256858249738331,0.00030814265492547444,0.004197670747903726,9.226746421896596e-05,0.2596055954640494,0.25960524891960157,1728
1.3796316138161262,0.008256692424064294,0.00027711620018502074,0.004199121584201549,9.161134298278219e-05,0.2595713814563407,0.25957113826313294,1729
1.378550643617353,0.008220707259738167,0.00020592878403332082,0.004203295556644721,8.653413138892457e-05,0.2593023723527348,0.2593018173212108,1730
1.3782666356794568,0.008206808020166961,0.0001883244795392111,0.004202727204351646,8.733746187423141e-05,0.2593454514002391,0.2593450434867774,1731
1.3799657747494942,0.00824202677900608,0.0003003818427613993,0.004200153555994523,9.226136093867489e-05,0.2596052777647851,0.2596049413675399,1732
1.379505686694802,0.008243242158688931,0.0002696082995744819,0.004201703416584097,9.156324380636287e-05,0.2595688684705331,0.25956863788663054,1733
1.3785740934686181,0.008207693000729743,0.00020831410245645274,0.0042058473343322255,8.646768035376781e-05,0.2592987999415929,0.25929822666776414,1734
1.3782918222077554,0.008193349412783456,0.0001908713189419949,0.004205193946383105,8.729512780572467e-05,0.2593431861699168,0.2593427647978669,1735
1.3798065989995298,0.008226344317741972,0.0002908104058836526,0.004202626272319047,9.223862890140486e-05,0.2596040943821583,0.2596037728339456,1736
1.379355430276659,0.008229028387665626,0.0002605286232967992,0.004204256425231634,9.149722381626098e-05,0.2595654181203051,0.259565203983873,1737
1.378619832128341,0.00819495616909348,0.00021215405380405303,0.004208394167416342,8.63802050896544e-05,0.25929409517326213,0.2592934959091824,1738
1.3783360065305246,0.008180408839696446,0.0001946359491085877,0.004207706648856775,8.722458254120969e-05,0.25933941018165546,0.25933896819654667,1739
1.3796281893550508,0.008209879642902594,0.0002800095416695441,0.00420509091225828,9.221287810189719e-05,0.2596027536728741,0.2596024501255283,1740
1.3791904210268162,0.008214007863424242,0.0002505192258754535,0.004206781285111607,9.142772475586214e-05,0.25956178460099694,0.2595615892154196,1741
1.3786825238124711,0.008182472853217927,0.00021709490792166572,0.004210934610133599,8.627329001555446e-05,0.2592883416181552,0.25928770879142526,1742
1.3783936750509749,0.008167938285241571,0.00019925313145227044,0.004210248384237248,8.712462735681429e-05,0.25933405738983933,0.2593335879828338,1743
1.3794443731573542,0.008192956261022703,0.00026887909740443367,0.004207539609802391,9.218880097927404e-05,0.2596014999338267,0.2596012151941474,1744
1.3790243668272943,0.008198510681206687,0.00024047229541288397,0.0042092739978297905,9.136593385172235e-05,0.2595585529161962,0.259558375613191,1745
1.378752029641707,0.008170227544132864,0.0002224672737179755,0.004213461961206836,8.615627495019699e-05,0.2592820404518725,0.259281371037298,1746
1.3784552333578661,0.008155783111197593,0.00020409784179865854,0.004212795808315215,8.700436480594153e-05,0.2593276130283123,0.25932711278211784,1747
1.3792705755077808,0.008175985071090096,0.0002584195654653465,0.004209973998914877,9.216674086383953e-05,0.25960035108023866,0.2596000841164781,1748
1.3788712511880818,0.008182905151713021,0.0002312957942639941,0.004211745091916685,9.131705676990583e-05,0.2595559958544312,0.25955583464093035,1749
1.378815397881292,0.008158056568003343,0.00022742716747049344,0.004215975314171184,8.604426360693423e-05,0.25927600472223544,0.25927529917593506,1750
1.3785088999085051,0.008143674086899571,0.00020841273313130417,0.0042153261044604725,8.688486619699738e-05,0.25932120519015633,0.2593206747113788,1751
1.3791199302552113,0.008159394795078191,0.0002494775151566632,0.004212393289568416,9.214865790318442e-05,0.2595994092476144,0.259599156945207,1752
1.3787418929510318,0.008167609778428028,0.0002236825620820492,0.004214200513581197,9.127913495196314e-05,0.25955401145864726,0.25955386267188507,1753
1.3788601401064116,0.008145836315399937,0.00023115695228348817,0.004218467903527349,8.59468011741552e-05,0.2592707497633231,0.2592700140716687,1754
1.3785437924442843,0.0081313728187993,0.00021149972302834624,0.004217818201187803,8.678776280525177e-05,0.2593159949981337,0.2593154401670355,1755
1.379000695223354,0.008143456831858305,0.00024258539596817407,0.004214797466444184,9.214368484019706e-05,0.2595991502144824,0.2595989079482277,1756
1.3786421267847617,0.008152838767396895,0.00021800741840331082,0.004216651158962983,9.12535319041247e-05,0.2595526714537937,0.2595525310926362,1757
1.3788777349356824,0.008133414789135965,0.00023310223380625542,0.004220944558590577,8.586879968758823e-05,0.25926654194873083,0.25926578431644454,1758
1.3785532458253278,0.00811871344698122,0.00021293257863336034,0.004220264788602008,8.672541007224148e-05,0.259312647855054,0.2593120772212602,1759
1.378915069025191,0.008128274002934024,0.00023788310025956387,0.004217182300629388,9.216074706542437e-05,0.25960003890957867,0.2595998011654597,1760
1.3785724451870316,0.008138703191043343,0.00021429607315069535,0.004219095931859308,9.124330292191781e-05,0.2595521360397514,0.25955199958303776,1761
1.3788657696392919,0.00812075599921975,0.0002331046034643531,0.004223406856361411,8.580870669320976e-05,0.259263298909849,0.25926252953578005,1762
1.3785364677932554,0.008105655995166378,0.00021266166513207618,0.004222667186130622,8.669717863164675e-05,0.25931113197369937,0.25931055518912144,1763
1.3788596637376913,0.00811376757862811,0.00023515013412470483,0.004219549869689179,9.220313812779514e-05,0.2596022465146337,0.2596020081079202,1764
1.3785286188489618,0.008125124584637954,0.00021227243238654224,0.004221539692729026,9.125248319846839e-05,0.25955261656293543,0.259552480127109,1765
1.3788283271296582,0.008107870364137102,0.00023143434618253753,0.004225865117077724,8.576455829866349e-05,0.25926091562960507,0.25926014326707514,1766
1.3784984073652904,0.00809224807825986,0.00021100984197470031,0.004225035275947296,8.669534136647183e-05,0.2593110333135733,0.25931045823311366,1767
1.3788267229095506,0.008099771507925428,0.0002338803545461452,0.004221900737221167,9.226498567434985e-05,0.2596054664475157,0.2596052234527829,1768
1.3785029341639095,0.008111970262495273,0.00021143097369382644,0.004223980722819021,9.127800925525585e-05,0.2595539525462112,0.2595538131773405,1769
1.3787742273617563,0.008094849247735509,0.00022867076134474223,0.004228325337366804,8.573227509910411e-05,0.25925917248457464,0.25925840389434535,1770
1.3784476768975915,0.008078619925599126,0.00020853756791693536,0.004227383393395861,8.671061669699101e-05,0.25931185355860964,0.2593112856420344,1771
1.3788061076910314,0.00808609632611212,0.00023341038073067393,0.004224242190862719,9.233687660174969e-05,0.2596092079070936,0.2596089582231566,1772
1.3784859787328485,0.008099061730846896,0.00021115555071880203,0.004226422096779595,9.131147813342457e-05,0.2595557039580255,0.25955556041084454,1773
1.378714103016516,0.008081762108509175,0.0002255142114342983,0.004230792019696799,8.57065602278981e-05,0.25925778376437353,0.25925702182041627,1774
1.378393815426062,0.008064912760672904,0.00020586615884702836,0.004229726610919657,8.673401546315486e-05,0.25931310987066913,0.2593125511549513,1775
1.378787484975923,0.008072580355230109,0.00023306220267033762,0.0042265834180982365,9.240890817729262e-05,0.259612955226011,0.2596126986972075,1776
1.3784687357430754,0.008086270727752996,0.0002108527915634906,0.004228866417262123,9.134201821196771e-05,0.25955730182697856,0.2595571543639999,1777
1.37865725293652,0.0080686627800939,0.00022257671305265787,0.004233261885828364,8.568090660527563e-05,0.25925639814427165,0.2592556427943679,1778
1.378344547007306,0.008051240290779197,0.00020349819183510933,0.004232075030062785,8.675689868210239e-05,0.2593143383383954,0.2593137882583186,1779
1.378762792916347,0.008059103722445799,0.0002323066000849907,0.00422893600004193,9.247365228521398e-05,0.25961632218081393,0.25961606027179374,1780
1.3784446999955806,0.008073507590083118,0.00021009456954049663,0.004231322030790398,9.136222073778193e-05,0.25955835868430255,0.25955820887466124,1781
1.3786094858252411,0.008055564233925637,0.00022024190186604753,0.004235731993258387,8.565148259987076e-05,0.2592548086203806,0.2592540574161513,1782
1.3783041552321893,0.0080376627738356,0.00020171166425350255,0.0042344332132564525,8.677270286180084e-05,0.25931518667884873,0.2593146427548307,1783
1.3787280035368283,0.008045606222483891,0.00023087930969971357,0.004231306341551303,9.252605981353072e-05,0.25961904672062314,0.25961878182831183,1784
1.378411296169185,0.00806074670176901,0.00020871071789899996,0.004233793952928624,9.13687741342203e-05,0.25955870148787064,0.25955855135926714,1785
1.3785721992755233,0.008042461592111874,0.00021860303618352785,0.004238198269963282,8.561804785782169e-05,0.25925300209974156,0.25925225224149584,1786
1.3782729485500755,0.008024186634128315,0.0002005257909685168,0.004236800688714812,8.677948864282766e-05,0.2593155509038826,0.25931501047046157,1787
1.37868370759066,0.008032093742019217,0.00022881944634051718,0.004233697606062939,9.25647615638373e-05,0.2596210582351339,0.25962079277229244,1788
1.3783700022332332,0.008047999539094389,0.00020679907877567213,0.004236285144799863,9.136272720012024e-05,0.25955838517743035,0.2595582365960424,1789
1.3785429153627182,0.008029319197916107,0.0002174993429406163,0.004240658612232883,8.558396695600989e-05,0.25925116030322737,0.2592504096599951,1790
1.378248052134089,0.008010770232320807,0.00019975351526413225,0.004239173852909693,8.678064525054275e-05,0.25931561298308076,0.25931507422769273,1791
1.3786339334874949,0.00801864246771641,0.00022639043910602217,0.004236109788041018,9.259145050172098e-05,0.25962244514152827,0.259622180792603,1792
1.3783249808849691,0.008035321729572104,0.00020463359622340682,0.004238793543262111,9.134752982354627e-05,0.2595575901682143,0.259557444199037,1793
1.3785168869294309,0.00801608982699123,0.00021662069749283242,0.0042431094402077315,8.555401202922165e-05,0.2592495411793895,0.25924878953034264,1794
1.378225008219728,0.007997340734903532,0.00019910613133683214,0.004241546668058699,8.678292539460709e-05,0.2593157353652091,0.259315198270064,1795
1.3785839134401052,0.008005365310030033,0.00022393340449746406,0.004238543906236331,9.260984606359917e-05,0.2596234009613857,0.25962313836688583,1796
1.3782808885105446,0.00802277912401863,0.00020252054660214598,0.004241317447830488,9.132776879396207e-05,0.2595565563250557,0.2595564132027947,1797
1.3784893521342108,0.008002723741958545,0.00021565608801702753,0.004245547871716824,8.553282997990041e-05,0.2592483960760718,0.2592476449259925,1798
1.3781998249901235,0.007983828932377176,0.00019832562924996763,0.004243912808511566,8.67929427225915e-05,0.25931627300601434,0.259315739136998,1799
1.3785376965960388,0.007992371076513873,0.00022171085901951317,0.0042410014882793565,9.262308323479422e-05,0.2596240886963283,0.2596238276267256,1800
1.3782408892519058,0.008010429102345111,0.00020066722414462525,0.004243855726461074,9.130684912467755e-05,0.2595554617431434,0.25955532104830686,1801
1.378457427876131,0.007989190670102767,0.00021441736326797636,0.00424797124087872,8.552332020114956e-05,0.2592478819305368,0.25924713406648686,1802
1.378170487548806,0.00797019346300436,0.00019728240678792034,0.004246267962848058,8.681443350769723e-05,0.2593174263349756,0.2593168982088813,1803
1.378496779700587,0.007979720439393857,0.00021981846431269885,0.0042434855142100755,9.263218451140988e-05,0.2596245615230726,0.2596243014054994,1804
1.378205709905152,0.007998289723230348,0.00019912094293809079,0.004246410112427424,9.128582021198278e-05,0.25955436131889426,0.2595542224887674,1805
1.3784209233571887,0.007975482518257117,0.0002128929055304796,0.004250378454525877,8.552637007303039e-05,0.25924804682476416,0.25924730513375766,1806
1.3781373946019104,0.007956435823157028,0.00019600283571961436,0.00424861130876185,8.684736901120415e-05,0.259319193581593,0.2593186735692428,1807
1.3784600971301906,0.007967420891691657,0.00021818472442489047,0.004245999086811516,9.263544437657185e-05,0.25962473087294247,0.25962447135594774,1808
1.378173962998753,0.007986346035239287,0.00019779006293636173,0.004248983286349022,9.126299971583535e-05,0.25955316699926445,0.2595530296843303,1809
1.3783817185185345,0.007961612764636411,0.00021120659959265292,0.004252768545841875,8.554127980479351e-05,0.2592488528912938,0.2592481197077195,1810
1.3781025282017088,0.00794258702231878,0.00019461548941424693,0.004250945099845323,8.688912704688996e-05,0.2593214337441667,0.259320923437158,1811
1.378425209805973,0.00795543849071166,0.0002166494181130474,0.004248545704936858,9.262966637476415e-05,0.2596244307039307,0.2596241720129205,1812
1.3781433642007226,0.007974553928507093,0.00019652500123528227,0.00425157822240408,9.123542657458889e-05,0.25955172374886276,0.2595515880452448,1813
1.378342304612128,0.007947600032740743,0.00020952237769257195,0.004255140278389143,8.556693122663282e-05,0.2592502395226628,0.25924951626160303,1814
1.3780680651184452,0.00792868890712863,0.00019326086025226347,0.004253272870865131,8.693642000982231e-05,0.25932397018494924,0.2593234702120521,1815
1.3783898572453754,0.007943734386723569,0.00021506453298499227,0.00425112831394093,9.261179778150265e-05,0.25962350236564125,0.2596232452741505,1816
1.3781121019875169,0.007962865410819815,0.0001952079757658824,0.00425419606251957,9.120080851726507e-05,0.2595499114402839,0.2595497777636654,1817
1.3783043633253265,0.007933458247923384,0.000207950885029786,0.004257491488861614,8.560272816397337e-05,0.25925217423981917,0.25925146176787706,1818
1.3780352255657504,0.007914768944387666,0.00019201718860347846,0.00425559771293844,8.698689432144512e-05,0.2593266764885164,0.25932618690507814,1819
1.3783530484114541,0.007932286811832315,0.00021336544724433854,0.004253749507680179,9.25801869200225e-05,0.25962185984724484,0.2596216053994843,1820
1.3780796125661996,0.007951239972365977,0.00019380405157754367,0.004256836132740569,9.115899390692208e-05,0.2595477219223709,0.25954759077448786,1821
1.378268184308158,0.007919192625520776,0.00020651124019071816,0.004259819945953988,8.564915304498399e-05,0.2592546827630656,0.25925398183296505,1822
1.3780039706526717,0.007900836133691556,0.00019088082322838313,0.004257921478504008,8.703968697765314e-05,0.2593295062558344,0.25932902699971755,1823
1.3783151742927742,0.007921102829774632,0.0002115776308646857,0.004256411057361884,9.253458625450643e-05,0.25961948991654477,0.2596192390850571,1824
1.3780464796775842,0.007939653915181671,0.00019235383179066427,0.004259495827196157,9.111177223100838e-05,0.2595452486730838,0.25954512036489746,1825
1.3782329798401525,0.007904802674092002,0.00020515159873103802,0.004262123861399367,8.570741451039268e-05,0.2592578299028656,0.2592571416018032,1826
1.3779734439709646,0.007886884044715273,0.00018979520321998195,0.0042602455562727815,8.709498678623397e-05,0.2593324694902386,0.25933200071688167,1827
1.3782773551045677,0.00791020405037497,0.00020977412447703813,0.004259114578549888,9.24756295935244e-05,0.2596164249902718,0.2596161785045359,1828
1.3780137415468423,0.007928092283239692,0.00019092774897481692,0.00426217194183311,9.106185511051644e-05,0.25954263355214463,0.2595425081214033,1829
1.3781976877143682,0.007890288787216291,0.00020380170072197156,0.004264402281477371,8.577871153743198e-05,0.25926167973628067,0.2592610055134847,1830
1.377942710633959,0.007872906214320071,0.00018869851687037338,0.004262571532919034,8.715294515444463e-05,0.2593355741737959,0.2593351162587277,1831
1.3782406196016486,0.00789960725028151,0.00020802216546336714,0.004261861130997346,9.240406922945574e-05,0.2596127035338377,0.2596124618713847,1832
1.3779822038064944,0.007916539231129584,0.00018958080713265976,0.004264861292340812,9.101174620113097e-05,0.25954000766253,0.25953988490137564,1833
1.3781616201633695,0.007875655782808655,0.0002024154929948985,0.004266655270501742,8.586359912190872e-05,0.2592662613346435,0.2592656028432353,1834
1.3779112521406691,0.007858902636336798,0.0001875558983034226,0.004264902075265629,8.721294662188978e-05,0.25933878721365305,0.25933834057588273,1835
1.3782054565715574,0.007889306046642041,0.00020635454241730455,0.0042646510788100864,9.232052468855184e-05,0.25960835702337043,0.25960812051904125,1836
1.3779521443074259,0.00790496900128253,0.00018833346732602445,0.004267560942753937,9.096329459173641e-05,0.2595374679339821,0.2595373475106976,1837
1.3781246605154196,0.007860915485575324,0.0002009839285205725,0.004268883763804485,8.596177214017721e-05,0.25927155715832984,0.25927091595048957,1838
1.3778790365909956,0.007844883667119239,0.00018636379563360055,0.00426724081076563,8.727346319499048e-05,0.2593420267177412,0.2593415916033869,1839
1.3781718493069992,0.007879267970968488,0.00020477208774374972,0.004267483579330213,9.222559849552002e-05,0.2596034159805519,0.259603184902314,1840
1.3779234358152086,0.007893346576797296,0.00018717977973977355,0.004270267840786791,9.091784660381902e-05,0.25953508503390604,0.25953496656435215,1841
1.3780870518060746,0.007846083247803717,0.00019952123982578909,0.004271089570584776,8.607219355344551e-05,0.2592775100944944,0.25927688744391153,1842
1.3778462811382128,0.007830864411338161,0.00018513473483457963,0.004269592091296365,8.733246502876022e-05,0.259345184055371,0.2593447604364591,1843
1.3781395723142906,0.007869440430205732,0.00020326306861625964,0.004270356581752518,9.212025484231387e-05,0.25959792971647083,0.25959770428815887,1844
1.3778958306169862,0.007881633996908128,0.00018610597624701367,0.004272978574144068,9.087667281462717e-05,0.25953292572165687,0.25953280880595325,1845
1.3780490832010412,0.00783117615993736,0.00019804433116323426,0.004273275310041109,8.619331768735561e-05,0.2592840356358297,0.2592834324463835,1846
1.3778131823675956,0.007816861159429863,0.00018387980348930655,0.004271960375604589,8.738784858100991e-05,0.25934814679928647,0.25934773438978925,1847
1.3781084678647018,0.007859761125175481,0.00020182094213832294,0.004273266793605868,9.200604685513516e-05,0.25959197825555996,0.25959175860267353,1848
1.3778691852137028,0.007869798105810469,0.00018510495165565815,0.004275689433894212,9.084123901207476e-05,0.25953106704477913,0.259530951245458,1849
1.37801088211385,0.00781620943230547,0.00019655932326601157,0.004275444643364775,8.632328101137385e-05,0.2592910322898682,0.2592904491182072,1850
1.3777797722268086,0.007802887495722207,0.00018259945042718395,0.004274350043288003,8.743775039852978e-05,0.25935081549377004,0.2593504138356552,1851
1.3780785608466282,0.007850165660556567,0.00020045154079509917,0.004276209814755297,9.188517083806768e-05,0.2595856752937948,0.2595854613844466,1852
1.3778435278161765,0.00785781620072345,0.00018418038265080805,0.004278396606404743,9.08131897457922e-05,0.2595295954660097,0.2595294802916135,1853
1.3779723796802665,0.0078011968586850396,0.00019505928948154353,0.004277602251880673,8.645997520109187e-05,0.25929838562338065,0.25929782270917273,1854
1.3777459188354506,0.007788954921796353,0.00018128352121258594,0.004276765279272091,8.748062559472656e-05,0.25935310780407916,0.25935271636469975,1855
1.3780500351469076,0.007840591714971139,0.00019917125253449271,0.004279180263401584,9.17603544813412e-05,0.25957916251461166,0.2595789541038468,1856
1.3778190213040646,0.007845677668763915,0.00018334411667750007,0.004281096480669776,9.079417152328737e-05,0.25952859756329794,0.2595284824524124,1857
1.3779333717365274,0.007786150296494197,0.00019352840686055989,0.004279753790484989,8.660109195486533e-05,0.2593059707690743,0.259305428077964,1858
1.3777113963561938,0.007775073574455583,0.00017991584593597855,0.004279210155598552,8.751524244317324e-05,0.2593549581743145,0.25935457642124676,1859
1.3780231517883523,0.007830981024857344,0.00019800146395283598,0.00428217192043859,9.163470961970003e-05,0.2595726020297357,0.2595723986440519,1860
1.3777958887679003,0.007833383464291662,0.00018261121110226789,0.004283785784906525,9.078564458571059e-05,0.2595281501135168,0.25952803444415634,1861
1.3778936041852499,0.007771081435516175,0.00019194756109805597,0.004281905592446441,8.67441520205906e-05,0.2593136540638243,0.2593131313146009,1862
1.3776759599198334,0.007761253681991056,0.00017847909114630973,0.004281688623652437,8.754061298019321e-05,0.25935631407019843,0.25935594152618713,1863
1.37799817750632,0.00782128040368163,0.0001969637459035673,0.004285177885914305,9.151159095998718e-05,0.25956616908485247,0.25956597002445764,1864
1.3777743566679652,0.00782094359832835,0.00018199628806226628,0.004286461724462637,9.078880483176521e-05,0.25952831594940917,0.25952819905219976,1865
1.3778528352593322,0.007756002504518678,0.00019029850261050827,0.00428406448734315,8.688657969404478e-05,0.25932129710362484,0.25932079380319234,1866
1.3776393976736154,0.007747506307149401,0.00017695814121748625,0.004284204514877998,8.755593661139032e-05,0.2593571329268847,0.25935676920137996,1867
1.3779753377623953,0.007811442854429808,0.0001960766519267514,0.004288190589089179,9.139448064810552e-05,0.2595600460588904,0.2595598504264024,1868
1.3777546172740724,0.007808374186378903,0.0001815112189855546,0.004289121865345304,9.080458315544287e-05,0.2595291438836573,0.25952902506434716,1869
1.3778108771351798,0.0077409279534941845,0.0001885665447116744,0.004286237645056844,8.702576752364304e-05,0.2593287602350818,0.25932827571563166,1870
1.377601563251359,0.007733843697894131,0.00017534220476682537,0.004286761594962206,8.756054109515526e-05,0.25935737896502836,0.25935702377439773,1871
1.3779547891373005,0.007801427532825535,0.00019535387031019717,0.004291201769099156,9.128692556789516e-05,0.25955441916433936,0.2595542258999719,1872
1.377736804858924,0.007795693506011139,0.00018116380311352273,0.004291763931022615,9.083372541827665e-05,0.25953067287332204,0.25953055143148085,1873
1.3777676244336823,0.007725875612345538,0.00018674240033028156,0.004288432553142436,8.715911150693171e-05,0.25933590442897375,0.25933543789140323,1874
1.377562399807031,0.007720279672996018,0.00017362635336663526,0.00428936361759849,8.75538173291324e-05,0.25935701968198915,0.2593566728501064,1875
1.377936593145598,0.0077911985390185755,0.0001948025437463883,0.004294202269801996,9.119252225874762e-05,0.2595494775908815,0.25954928552159856,1876
1.3777209700156539,0.007782917402138739,0.00018095637351631607,0.004294385413977766,9.087690724318097e-05,0.25953293801737853,0.259532813268352,1877
1.3777230803493221,0.007710868194513157,0.00018482379703093529,0.004290657113972196,8.728397659692381e-05,0.2593425893946445,0.25934213994729544,1878
1.3775219606004814,0.007706829509888205,0.00017181286221430958,0.004292014397948953,8.753514488415886e-05,0.2593560218514152,0.2593556832971173,1879
1.3779206886051951,0.007780721830369059,0.00019442161177476205,0.004297181732134217,9.111496539561745e-05,0.25954541593622915,0.2595452238276139,1880
1.377707051910411,0.007770054192645861,0.00018088430186893414,0.004296983116104783,9.093488102200864e-05,0.2595359782414815,0.25953584953782705,1881
1.3776773791522838,0.007695934640517992,0.00018281682700725698,0.004292919876242724,8.73975943680993e-05,0.259348668053156,0.2593482347384458,1882
1.3774804263192424,0.007693509893351328,0.00016991233026014116,0.004294717792101466,8.750382566101633e-05,0.2593543479548826,0.25935401765876276,1883
1.3779068609458283,0.007769961076248131,0.00019420001684685852,0.004300128143995724,9.105813686885232e-05,0.25954243872753985,0.2595422453437971,1884
1.3776948488234568,0.007757099693002904,0.00018093437756486086,0.004299552649737244,9.100861399025494e-05,0.2595398434992538,0.2595397102573476,1885
1.3776308013970224,0.007681111242047452,0.0001807367992810416,0.0042952303804776,8.749690293362326e-05,0.25935397792030873,0.2593535597235079,1886
1.3774381137443372,0.007680337854012734,0.00016794430819213477,0.0042974775601700614,8.745905951688726e-05,0.259351954850024,0.2593516328082799,1887
1.3778947169347222,0.007758873134647164,0.00019411528526798552,0.004303027429964814,9.10262103170423e-05,0.25954076570915785,0.25954056987451046,1888
1.377683995091116,0.007744033580288298,0.00018108351081000835,0.004302088074347846,9.109938335029473e-05,0.25954459969565485,0.2595444614261626,1889
1.3775837759932121,0.007666442362624849,0.0001786082363094428,0.004297599500985332,8.7578375728657e-05,0.2593583318881442,0.25935792772659755,1890
1.3773954724689859,0.007667329081297393,0.0001659372038689837,0.004300296958776964,8.740000133195412e-05,0.25934879678525286,0.25934848295059415,1891
1.3778836703833615,0.007747404571970023,0.00019413274578283497,0.004305863268390828,9.102369210591041e-05,0.259540633737122,0.25954043440111396,1892
1.377673950205968,0.007730817950804911,0.00018129807643033535,0.004304581887038935,9.120875238136837e-05,0.2595503273441997,0.25955018368836347,1893
1.3775368654781541,0.007651980065474732,0.00017646383753714892,0.004300039643081061,8.76379018100972e-05,0.25936151172675104,0.2593611204253058,1894
1.3773530655053714,0.007654494728539998,0.0001639272701331375,0.0043031780012857835,8.732594212608181e-05,0.25934483505076905,0.2593445292722339,1895
1.3778729496544342,0.00773549092911645,0.00019420597229243024,0.004308617502845251,9.105530699295554e-05,0.2595422904479457,0.25954208674930207,1896
1.377664009515597,0.007717399783358856,0.00018153440874695654,0.004307025659545884,9.13383570937109e-05,0.25955711028992084,0.25955696105903875,1897
1.3774907317952088,0.007637782281305047,0.00017434227965614722,0.004302564544296051,8.767080703318226e-05,0.25936326903560836,0.2593628892957538,1898
1.3773115316434859,0.007641837120312752,0.00016195651789850446,0.0043061203105435,8.723662813339166e-05,0.2593400550390986,0.2593397570078987,1899
1.3778616380556505,0.007723060395911989,0.00019427906416853553,0.004311271514323012,9.112560844637533e-05,0.25954597341533986,0.25954576474133023,1900
1.3776533474692567,0.007703718181301157,0.00018174112649181558,0.0043094116096856734,9.148943583965754e-05,0.25956501102140805,0.25956485623454467,1901
1.3774460786269755,0.007623908505833875,0.00017228468880832237,0.00430518847432093,8.767211920671496e-05,0.2593633391056137,0.2593629694838135,1902
1.377271524949595,0.007629344450174561,0.00016006924918919346,0.004309119714137114,8.713270268382407e-05,0.25933448995306246,0.2593341991693197,1903
1.377848762399717,0.007710043615245602,0.00019429167996601335,0.004313808810082474,9.123825523634571e-05,0.2595518718184629,0.2595516578492663,1904
1.3776411065840288,0.007689717553374326,0.0001818641176933219,0.0043117351583133205,9.166210484018198e-05,0.25957403284098096,0.25957387275046967,1905
1.3774035664928912,0.0076104127279861215,0.00017032958252719078,0.004307924611959238,8.763715640565607e-05,0.2593614719144831,0.25936111082602764,1906
1.3772336287289064,0.007616985924129299,0.00015830690968649067,0.004312166922446628,8.70161812642387e-05,0.259328246419571,0.25932796219231885,1907
1.377833438620862,0.007696389577815952,0.00019418748240503087,0.00431621868421715,9.139502569609568e-05,0.2595600745654046,0.2595598552898195,1908
1.3776265383024315,0.007675365501586663,0.00018185473003408468,0.004313998137577567,9.185452527938668e-05,0.25958407665241606,0.25958391174129003,1909
1.377363701091257,0.0075973334050381995,0.00016850635784215512,0.004310782630049226,8.756245528276075e-05,0.25935748124672237,0.25935712701614977,1910
1.377198247425357,0.007604709068981223,0.0001567013181426738,0.004315246863211017,8.689080824164687e-05,0.2593215239227096,0.2593212454177207,1911
1.3778150634336508,0.007682085268615629,0.00019392552717427937,0.00431850007473662,9.159484433172535e-05,0.2595705195434587,0.2595702952296352,1912
1.3776091798392753,0.007660671863901601,0.0001816803966197117,0.004316211600354689,9.20622817927648e-05,0.2595949091602143,0.2595947400964695,1913
1.3773267102804072,0.007584682023582337,0.00016682825690562633,0.0043137658128837904,8.744691302965923e-05,0.2593513054184782,0.25935095638867867,1914
1.3771654958875044,0.007592441266059595,0.00015526733538631475,0.004318339250380859,8.676211794473694e-05,0.25931461850774024,0.2593143448486467,1915
1.377793505831322,0.007667172933739488,0.00019349203005126966,0.004320664175141748,9.183324327492585e-05,0.25958296630876504,0.2595827374201374,1916
1.3775890185321031,0.007645701583015569,0.00018133495978169957,0.004318396768429028,9.227838547217291e-05,0.2596061639311524,0.2596059914716084,1917
1.3772924441489247,0.00757243287300714,0.00016528689197989395,0.004316868458585017,8.729284637013463e-05,0.2593430640782419,0.2593427187765307,1918
1.3771351223217696,0.007580096221074443,0.00015399725705661242,0.004321420589173111,8.663709652050871e-05,0.259307905055409,0.2593076354698353,1919
1.3777692226396054,0.0076517577832870935,0.00019290794937802983,0.004322734449466515,9.210259054768929e-05,0.25959700945855996,0.25959677652292423,1920
1.3775665724468118,0.007630574144369792,0.00018084434822651408,0.004320582953412243,9.249414182691713e-05,0.25961738747409696,0.2596172123311347,1921
1.3772603443219182,0.0075605178623455935,0.0001638510365322533,0.004320074480912566,8.710656361222808e-05,0.25933308971414226,0.25933274704660564,1922
1.377106506098808,0.007567584103358806,0.00015285972374277375,0.0043244671813117965,8.652349255234545e-05,0.25930180050056684,0.2593015344826339,1923
1.3777432300163905,0.00763600144049696,0.00019222802702725946,0.004324743918823365,9.239303900582446e-05,0.25961212978511133,0.259611893245229,1924
1.3775428335383342,0.007615446551899838,0.00018026409342023647,0.004322802718358002,9.270069093468333e-05,0.2596281198026761,0.25962794250514676,1925
1.3772295140751774,0.007548828914763512,0.00016247145674925796,0.0043233578706984134,8.689815055952712e-05,0.25932191775116725,0.25932157717754545,1926
1.3770787510006057,0.0075548224601968495,0.0001518047602704049,0.0043274581975873486,8.6428961201973e-05,0.25929671776499497,0.2592964552116074,1927
1.3777169184698355,0.007620103171502715,0.00019153013383332824,0.004326731054598955,9.269372248391035e-05,0.25962775791573045,0.2596275180028986,1928
1.3775190776505233,0.007600485093665954,0.00017966852867896125,0.0043250861091755554,9.289059670451959e-05,0.25963797679518474,0.2596377975831315,1929
1.3771988816419436,0.007537227961748183,0.00016109113295753038,0.004326684959061025,8.668047354828712e-05,0.25931023488147786,0.25930989651762787,1930
1.3770508548589426,0.007541745261404349,0.000150773946887866,0.004330378021719282,8.6360243055481e-05,0.25929302120171266,0.2592927624816511,1931
1.3776917724591549,0.007604275895442832,0.0001908984086865873,0.004328736173470526,9.299364906044429e-05,0.25964332147449437,0.2596430781376189,1932
1.3774966087492149,0.007585836255865037,0.0001791355009211511,0.0043274562779127505,9.305883288074617e-05,0.2596467006214947,0.2596465194006123,1933
1.377167407193547,0.0075255614201970335,0.0001596577332738878,0.004330017750630872,8.64677183050196e-05,0.25929880198224586,0.2592984665974445,1934
1.377021902887495,0.0075283092523226154,0.0001497123518079219,0.004333217667064704,8.632247474540086e-05,0.2592909889002948,0.2592907348343964,1935
1.3776690923317856,0.007588724189675813,0.0001904062367324752,0.004330799288936425,9.328207939472759e-05,0.25965826482318266,0.25965801772409725,1936
1.3774765246731584,0.007571605979094816,0.00017873191617906464,0.004329927732766226,9.320290720386785e-05,0.2596541652774265,0.25965398163776876,1937
1.3771342695181832,0.007513675301611183,0.00015813439027960842,0.004333317449467527,8.627387743840142e-05,0.2592883732396153,0.25928804214596324,1938
1.3769912268350124,0.007514498408238339,0.0001485783702541443,0.004335975660302289,8.631862006931634e-05,0.25929078145633166,0.25929053321506823,1939
1.3776497963362517,0.007573626923463788,0.00019010413204317047,0.004332958933774961,9.354862967146318e-05,0.2596720540564796,0.25967180261774503,1940
1.3774595626492627,0.007557850093038812,0.00017850391464166736,0.004332506825125664,9.332235104517872e-05,0.25966034942666044,0.25966016271059983,1941
1.377098986475228,0.007501428456288068,0.00015650598965482202,0.004336547704100036,8.611144208265936e-05,0.2592796251046397,0.2592792999638652,1942
1.376958494152592,0.007500327649523558,0.00014734904940461144,0.004338658875892322,8.634898356528664e-05,0.25929241537843023,0.2592921743258,1943
1.3776343295818818,0.007559122564471243,0.00019001446378252433,0.004335250568876247,9.378356501713474e-05,0.2596841915004369,0.25968393498109116,1944
1.3774460363584762,0.007544572979549326,0.00017847268775376558,0.00433519306510525,9.341804502766911e-05,0.25966530108313596,0.2596651104824995,1945
1.3770614547604125,0.007488704047530986,0.0001547800821549438,0.004339677714904188,8.599030324163785e-05,0.259273095666585,0.2592727782525528,1946
1.3769237195603954,0.007485845924011581,0.00014602045091813976,0.004341283479276114,8.641083937244017e-05,0.25929574307801373,0.2592955106018982,1947
1.3776226684189898,0.00754529336899862,0.00019013247134377301,0.00433770317118734,9.397871245991458e-05,0.25969426183161537,0.259693999406677,1948
1.3774358490233416,0.0075317293518485685,0.00017863521314890723,0.004337979761725026,9.349182054422693e-05,0.25966911684406735,0.25966892150926857,1949
1.3770219163943358,0.007475421079464436,0.0001529828393934654,0.00434268573135542,8.591669980656318e-05,0.2592691261619725,0.2592688181196059,1950
1.3768872090641622,0.0074711371494674455,0.00014460392539477793,0.004343875568896437,8.64983395757723e-05,0.25930044835348126,0.2593002257223663,1951
1.3776143979151083,0.007532146511265427,0.00019043217892325282,0.004340333227135092,9.412919955130473e-05,0.259702020385018,0.259701751214324,1952
1.3774285646325528,0.007519225696140618,0.00017896890140764888,0.004340853096134276,9.354657084996773e-05,0.25967194762444296,0.2596717467759481,1953
1.3769808671943433,0.00746154783047432,0.00015115101826546765,0.0043455634155818105,8.58920617231653e-05,0.25926779702643327,0.2592674996646586,1954
1.3768494538652707,0.007456315677233262,0.00014311981676059414,0.004346470515930527,8.660302593391285e-05,0.2593060746791498,0.2593058629587495,1955
1.3776088420940527,0.007519595118360217,0.00019087572735063812,0.004343136670771066,9.423579210038125e-05,0.2597075121478359,0.2597072354329738,1956
1.3774235230994656,0.007506921892019967,0.0001794391558419602,0.00434378986441337,9.358673735701698e-05,0.25967402384517513,0.25967381688536395,1957
1.376938927982575,0.007447116561928335,0.00014932154880168568,0.004348320788999659,8.59118172766902e-05,0.25926886278227756,0.2592685769339607,1958
1.3768110003961593,0.0074415119856420095,0.0001415907412253268,0.004349109608036037,8.671536564205842e-05,0.2593121085497356,0.2593119086001538,1959
1.3776052155447571,0.007507448670555272,0.00019142363400856936,0.004346081522898395,9.43068722492148e-05,0.2597111725475977,0.2597108875955947,1960
1.3774199712621031,0.007494637623654918,0.00018000769717964126,0.004346755744406011,9.361848396718063e-05,0.2596756645232863,0.25967545115999435,1961
1.3768967138088293,0.0074322338396941665,0.0001475218399491292,0.004350989985547865,8.596463897561118e-05,0.2592717117608137,0.2592714377306034,1962
1.3767723372924157,0.007426845984362748,0.00014003732328829438,0.004351832975405398,8.682758820811576e-05,0.2593181322274432,0.25931794478069664,1963
1.3776027365703736,0.007495426695284745,0.00019204139022092767,0.004349106508774812,9.435825375172877e-05,0.2597138176713241,0.2597135240076804,1964
1.3774171506653574,0.007482169539462371,0.00018063739315583643,0.004349707289355785,9.36483387115283e-05,0.25967720717518894,0.2596769875878795,1965
1.3768547529648376,0.007417074956001255,0.00014576547250310862,0.004353624265085467,8.60330215163384e-05,0.25927539872546396,0.2592751363213188,1966
1.376733846089045,0.007412391547405539,0.0001384790162342816,0.004354669541670556,8.693755341031781e-05,0.25932403096360784,0.25932385675485425,1967
1.3776006280701023,0.007483206288540893,0.00019269697921159035,0.004352131715137897,9.440877725919038e-05,0.25971641792324673,0.2597161155134136,1968
1.377414271413755,0.007469320823127847,0.00018128885042411564,0.004352600416454595,9.367912206009017e-05,0.2596787975523869,0.25967857264947014,1969
1.3768134990870968,0.0074018492463977185,0.00014405731043213871,0.004356288223311423,8.609615886469849e-05,0.25927880158558736,0.2592785501968191,1970
1.376695837013125,0.0073981461388246345,0.00013693996459589533,0.0043576278700498995,8.705253642697714e-05,0.2593301948761522,0.2593300347865563,1971
1.3775979716396944,0.00747049915743999,0.00019334725935744372,0.0043550835793273015,9.447085317091316e-05,0.25971961178087444,0.25971930140544275,1972
1.3774103452452033,0.007455934842599602,0.00018190758158451414,0.004355404531465386,9.370307230041629e-05,0.2596800347261989,0.2596798065390864,1973
1.37677343341127,0.007386732325561795,0.0001424078491676686,0.004359037783473546,8.613533774714881e-05,0.2592809125492674,0.25928067120930604,1974
1.376658645128167,0.007384029182422349,0.0001354558772486227,0.0043606949696786326,8.719111997408253e-05,0.25933761853868975,0.2593374737205258,1975
1.3775934360384736,0.007457127948610981,0.00019391646250310692,0.004357926847882941,9.453814655527385e-05,0.25972307289673763,0.25972275668001477,1976
1.3774038998529818,0.007441909859623454,0.0001824046208546316,0.004358114998978498,9.369403130890504e-05,0.25967956772324596,0.2596793399608992,1977
1.3767352245935505,0.007371785334906423,0.0001408522629638288,0.004361895387152992,8.614014695593626e-05,0.259281171637026,0.25928093899342725,1978
1.3766227676037524,0.007369933677935344,0.00013407809706200623,0.0043638505962841365,8.738137980334631e-05,0.25934780080036723,0.2593476727771468,1979
1.377584839947857,0.007443039631074468,0.00019426777237456868,0.0043606831200017175,9.45765967896203e-05,0.2597250499633483,0.2597247320282887,1980
1.37739251273844,0.007427153776896309,0.0001826284501707571,0.00436075029678739,9.360246616206963e-05,0.25967483675118447,0.2596746155294892,1981
1.3766999971282001,0.007356913961698263,0.00013947201876650628,0.004364834996388713,8.611105788030037e-05,0.2592796044032222,0.25927937848011423,1982
1.3765891418074399,0.0073558332580709275,0.00013288090828620727,0.004367097659553794,8.765458898984207e-05,0.2593624029495553,0.2593622936313154,1983
1.3775683160668997,0.007428184365056281,0.0001941553477685286,0.004363411096035092,9.452782986699909e-05,0.2597225423561432,0.2597222295637646,1984
1.3773719240691236,0.007411441155955325,0.00018231277014790946,0.004363322700932809,9.335822603195887e-05,0.25966220606445334,0.2596620007317954,1985
1.3766699262419173,0.007341935414829528,0.00013842644865053432,0.00436779589910542,8.605281847069638e-05,0.2592764658394615,0.25927624341845834,1986
1.3765598046364045,0.007341888762013248,0.00013199242693581677,0.004370490455444986,8.803471862592253e-05,0.259382681846142,0.2593825931663449,1987
1.3775369434622047,0.007412284705983675,0.000193142950449602,0.004366152867103361,9.43346086290207e-05,0.25971260050805245,0.2597123027426677,1988
1.3773347218910241,0.007394234654105242,0.0001809931073291831,0.004365800385705136,9.28886786885111e-05,0.2596378772916297,0.25963770050351676,1989
1.376649387574581,0.007326775861741579,0.00013800761393840385,0.0043707307766505405,8.595851098406086e-05,0.2592713812878158,0.25927115674937506,1990
1.3765390937747597,0.0073284218775994175,0.0001316691804170773,0.0043741153444171975,8.851933925097578e-05,0.2594084716745588,0.25940840418177225,1991
1.3774769537409004,0.0073946626867122675,0.0001903518096344829,0.004368937699410318,9.399807517707358e-05,0.2596952604491614,0.2596949884496911,1992
1.3772647794292474,0.00737453216092156,0.00017763653042811637,0.0043681535018074156,9.216355547492226e-05,0.2596001851791995,0.25960005024779226,1993
1.376650832187228,0.007311806128227215,0.0001389945812054356,0.0043736698444800815,8.578450545193114e-05,0.25926199252061516,0.2592617543505355,1994
1.3765393537236277,0.007315637420346951,0.00013267370695655767,0.004377959512210421,8.899060995447227e-05,0.25943348344751144,0.2594334314411604,1995
1.377376633030862,0.007375374275503938,0.00018496841610686645,0.0043719903483875324,9.37296391325512e-05,0.2596814068777503,0.2596811587012964,1996
1.377158131964942,0.007352850717351683,0.00017192047452846147,0.004370590280538214,9.139344803379752e-05,0.25955999205197355,0.25955989830695,1997
1.3766801234887447,0.007297457939160828,0.0001417217643054379,0.004376622299605961,8.549033081255475e-05,0.2592460981398942,0.2592458306149137,1998
1.3765629090561924,0.0073029719669585715,0.00013514265826385802,0.004381696892039681,8.922818636983954e-05,0.25944606724355906,0.25944601880951007,1999
1.3772485143942894,0.007356144497398147,0.00017768963473770456,0.004375627025554471,9.383261697444643e-05,0.25968672374822604,0.2596864784097535,2000
1.3770265268118405,0.007331390660937361,0.00016452199519694383,0.00437353770447489,9.094783693981602e-05,0.25953665753499705,0.2595365881751587,2001
1.3767402347087137,0.007284010903365717,0.00014633838569256353,0.004379521510411927,8.504236232383935e-05,0.2592218415906932,0.2592215245312,2002
1.376611277826827,0.007289585315277455,0.00013915839420677455,0.004384836748955017,8.892067521138666e-05,0.2594297759894595,0.25942970871762694,2003
1.3771126885156102,0.0073380789446221735,0.00016976907597040142,0.004379821318006737,9.433706512263073e-05,0.25971272696633807,0.2597124626769351,2004
1.3768947237426479,0.007312348503467886,0.00015700634531143318,0.00437719648417522,9.104815271952122e-05,0.25954191556866446,0.25954184982398487,2005
1.376816997934583,0.007271115918603711,0.00015191984754873305,0.00438222866577765,8.446076678168983e-05,0.2591902539019164,0.2591898691016733,2006
1.3766718799454853,0.007275047043725556,0.00014385046211811805,0.004387127927675145,8.801660828418717e-05,0.2593817167024051,0.25938159795815235,2007
1.376993846875148,0.007320994911219618,0.00016289405988854618,0.004383943028247865,9.486457619218915e-05,0.2597398447724894,0.25973956370531776,2008
1.376790056077166,0.007296369554293955,0.00015113199147533335,0.004381249873680737,9.156366893319332e-05,0.259568890684567,0.25956881329435194,2009
1.3768815650198731,0.007258253566608938,0.00015668121900407883,0.004384800490405654,8.391202057085999e-05,0.2591603504611374,0.2591598996788692,2010
1.3767246822248178,0.007259753804516645,0.00014788334288109837,0.0043888553141188625,8.684833519443129e-05,0.2593192454197983,0.2593190478852433,2011
1.3769035448838622,0.007304513410268165,0.00015792170983639671,0.004387481755436771,9.510566312087531e-05,0.2597522132421761,0.25975193575781086,2012
1.3767221739245077,0.0072828279164693505,0.00014753214401819344,0.00438529089394159,9.225219824326658e-05,0.25960480079144105,0.2596047027319625,2013
1.3769133071028055,0.007245211279255999,0.0001594079690429505,0.004387441000968381,8.35793758182861e-05,0.25914217566109327,0.25914168584677977,2014
1.376755649240501,0.0072443652312986825,0.00015041810645170965,0.004390513363962606,8.579565377341236e-05,0.25926259433276727,0.25926231613308254,2015
1.3768400415068944,0.007288661216892716,0.00015474647292885343,0.004390443348387909,9.506843660381437e-05,0.25975030443646835,0.2597500461021205,2016
1.376683415661928,0.007270623211274688,0.00014574918971193,0.004389093106484675,9.293360700808647e-05,0.2596402078301293,0.25964008572184566,2017
1.3769119596113732,0.007232014581533433,0.0001601275146895812,0.004390253116153629,8.34984557565567e-05,0.2591377489436161,0.25913725453902703,2018
1.3767626152645498,0.007229288030580841,0.00015142310113940867,0.004392409596670714,8.503042455036911e-05,0.2592211943125806,0.25922085679123763,2019
1.3767962529777,0.007273471998230498,0.00015286615740227913,0.004393062161231322,9.489246481543581e-05,0.2597412763442701,0.25974104067890436,2020
1.3766611982750512,0.007258758236976444,0.0001450209689174577,0.004392573015289977,9.349415516244842e-05,0.2596692375688287,0.2596690935612229,2021
1.3768881536127213,0.007218751996123458,0.00015949297067292134,0.004393211290917621,8.359713004380227e-05,0.2591431466161165,0.2591426728514381,2022
1.3767501712209136,0.007214645045393723,0.00015126208870055915,0.004394630490286014,8.456674614717832e-05,0.2591960179505685,0.25919565072863204,2023
1.3767657982362476,0.007258874691408028,0.00015183566931339988,0.004395541553819273,9.469466952012589e-05,0.25973111861607523,0.2597309015011228,2024
1.376646381894091,0.007246677156573979,0.0001447959644427235,0.004395736420102078,9.388263563554473e-05,0.259689305219444,0.2596891453262839,2025
1.376852000602472,0.007205449581168166,0.00015810437152067276,0.0043962363977830396,8.378509187542979e-05,0.25915341968203304,0.2591529783218943,2026
1.376723831703028,0.007200382099088546,0.0001503113891973031,0.004397139003240724,8.435995622590924e-05,0.2591847676195922,0.2591843971760882,2027
1.3767446713016116,0.007244808576935062,0.00015138098205552596,0.004398008712583724,9.45426815805128e-05,0.259723306103405,0.25972310063310006,2028
1.3766345167476497,0.007234245598581739,0.00014480115673301373,0.004398646486420549,9.410129278979959e-05,0.2597005820851019,0.25970041350294354,2029
1.3768099530795048,0.007192068060413662,0.00015633934474590944,0.004399247544214705,8.399300897673702e-05,0.2591647699903891,0.2591643621964096,2030
1.3766883752712702,0.007186389316710011,0.00014886753244192698,0.004399848589904426,8.434835024275706e-05,0.25918413579182914,0.2591837803150872,2031
1.3767304054890541,0.007231261217566942,0.00015133610002333338,0.004400535352926165,9.446483172854722e-05,0.25971930201858895,0.25971910118564606,2032
1.3766241018761571,0.007221556979352365,0.00014493396721748585,0.0044013884280819085,9.418612297543536e-05,0.2597049535277319,0.25970478226976873,2033
1.3767657167341143,0.007178544145527419,0.00015441766394870332,0.004402184978180319,8.41782446332504e-05,0.25917487027882413,0.25917449124500447,2034
1.3766477864400686,0.007172574633924327,0.00014715829792104785,0.004402670171144118,8.446704059593207e-05,0.259190595225334,0.2591902640716514,2035
1.3767211812151434,0.007218232421577678,0.00015158081461728344,0.004403156112566907,9.446353811365409e-05,0.25971923546960635,0.25971903326956863,2036
1.376614911701878,0.0072087631286730505,0.00014516540679333981,0.004404040856428633,9.41876008167184e-05,0.25970502966593706,0.2597048591731222,2037
1.3767213183778093,0.0071648282249097105,0.00015246477895525294,0.004405017798240919,8.432038150234041e-05,0.2591826129997044,0.2591822560558169,2038
1.3766050952257045,0.007158879950755554,0.00014534566452575524,0.004405536537574187,8.465607212660323e-05,0.2592008734436793,0.2592005692119015,2039
1.3767155417646015,0.007205691620106545,0.00015202174381005295,0.004405878879540284,9.452848643417411e-05,0.25972257612128463,0.25972236779344504,2040
1.3766070918213578,0.007195989946180483,0.0001454905999888228,0.004406663883096401,9.41563558806394e-05,0.25970341980338063,0.2597032507016687,2041
1.3766776916403167,0.0071509134476171205,0.00015054238100055796,0.004407744840333225,8.441519219319804e-05,0.25918777406084836,0.25918743333835775,2042
1.3765622440397345,0.007145269967929527,0.00014352701714422472,0.00440840641346065,8.486701907283021e-05,0.2592123297310089,0.2592120510364658,2043
1.3767123654621838,0.007193553952118105,0.00015259112187082999,0.004408689328280416,9.464601673247e-05,0.2597286184390421,0.259728400378239,2044
1.3766007720209146,0.00718331255464591,0.00014590806931580167,0.004409298068482459,9.413314681854239e-05,0.259702223807898,0.2597020545549638,2045
1.3766350921764747,0.007136841574014624,0.00014867025589074197,0.004410390607967426,8.446866774049628e-05,0.2591906837471701,0.25919035531637696,2046
1.376520243846036,0.007131717329138144,0.00014175036645700708,0.004411258909358471,8.506745916016046e-05,0.25922320221832745,0.2592229459630172,2047
1.3767108021589678,0.007181687131148383,0.00015324208251313843,0.004411557204974494,9.480338884440944e-05,0.25973670318148856,0.25973647283760776,2048
1.3765959128966168,0.00717076462751971,0.00014641000749551113,0.004411966481268986,9.414299386246523e-05,0.2597027312578709,0.2597025592017632,2049
1.3765934653785667,0.007122689039120805,0.00014684762944168624,0.004412993808853034,8.449149497989698e-05,0.2591919255316771,0.2591916073800307,2050
1.3764795075767944,0.007118192271432141,0.00014003655171225584,0.00441408565921937,8.52419126891849e-05,0.25923265469348794,0.259232417479682,2051
1.3767101668019153,0.007169942443616419,0.00015393975372312232,0.004414448544383035,9.498942602173207e-05,0.2597462518960743,0.2597460077186269,2052
1.376592270424801,0.007158350686847055,0.0001469787843698863,0.004414679037885168,9.419439509609759e-05,0.2597053796987082,0.2597052020654878,2053
1.3765527062146892,0.007108534775304196,0.00014507020482066612,0.004415592337215807,8.449518056269194e-05,0.25919212600885627,0.2591918174821277,2054
1.3764401494653975,0.007104660751151842,0.00013839582321136814,0.0044168844857146485,8.538880856219375e-05,0.2592406065040231,0.25924038536067295,2055
1.376709864965342,0.0071581980820586665,0.00015465377188740435,0.00441733900861377,9.519329613164099e-05,0.25975670518831234,0.2597564465593244,2056
1.376589431717004,0.00714605615663824,0.00014758803351146708,0.0044174377514672085,9.428286332598679e-05,0.25970993631935796,0.2597097508862864,2057
1.376512782901538,0.007094430768623754,0.00014333955850055812,0.004418211838053971,8.449042068471806e-05,0.2591918670945961,0.25919156828850154,2058
1.376402163717841,0.00709109309498542,0.0001368349195499323,0.004419657517822015,8.55150400018254e-05,0.2592474342388484,0.25924722693276786,2059
1.3767093742291168,0.007146385377024861,0.0001553556232314824,0.00442022071783012,9.540337079488287e-05,0.259767464911372,0.25976719197372805,2060
1.3765868882746664,0.007133846416052416,0.0001482071717487994,0.0044202392025430295,9.439634381619166e-05,0.2597157780859894,0.25971558346417367,2061
1.376473758396239,0.007080385377636643,0.00014166547775480026,0.0044208614019386,8.448649002772082e-05,0.2591916532804344,0.2591913646209286,2062
1.3763655082807167,0.007077478097521265,0.0001353580697941501,0.004422413437914006,8.563031866252222e-05,0.2592536651475252,0.25925347023863954,2063
1.3767082437755884,0.007134482130530026,0.00015601907386615302,0.004423099813390491,9.560783640753914e-05,0.25977792597678767,0.2597776393947506,2064
1.3765841034588,0.007121662672429894,0.00014880589658199225,0.004423074686466145,9.452038983272153e-05,0.2597221597308788,0.2597219553698779,2065
1.3764357669964251,0.007066373127079892,0.000140063138749573,0.004423537347032527,8.449022261591291e-05,0.2591918563204563,0.25919157830119705,2066
1.376330142598238,0.007063833286156341,0.0001339665083690431,0.004425169014230573,8.574310764349371e-05,0.25925975742897694,0.2592595741567875,2067
1.3767060798563828,0.007122476485892657,0.00015662115777233075,0.004425986127899045,9.579692027595868e-05,0.2597875901158538,0.25978729084656776,2068
1.3765805505022386,0.007109420552829662,0.00014935655964951744,0.004425930450057308,9.464165607769908e-05,0.2597283943216596,0.25972818039353596,2069
1.3763989837018904,0.0070523631019112284,0.00013854817347425536,0.004426233173064213,8.450454947992653e-05,0.25919263561117956,0.2591923685961791,2070
1.376296048961469,0.007050198255487368,0.00013265978068762737,0.004427945989856092,8.585939507574979e-05,0.25926603448492125,0.25926586256406825,2071
1.3767025063693763,0.007110328973207742,0.00015714149471105719,0.004428881978662788,9.596470862802742e-05,0.2597961578503017,0.25979584701929137,2072
1.376575712911953,0.00709702116701642,0.00014983332159053652,0.004428789938118127,9.474873937881193e-05,0.2597338964129896,0.2597336737240681,2073
1.3763636061649542,0.007038347411880684,0.00013713302739385992,0.004428948895355451,8.452772626495648e-05,0.2591938961417321,0.2591936401939723,2074
1.3762632497235443,0.007036611508142808,0.00013143932800505125,0.004430763614452929,8.598410207027015e-05,0.25927276129695304,0.25927260070767727,2075
1.3766971059810407,0.007097964103789749,0.00015755885304952487,0.0044317792809808135,9.610829539452395e-05,0.2598034838396625,0.25980316276453475,2076
1.3765690494664906,0.007084369761421952,0.0001502086765386301,0.004431638221999438,9.483061534676868e-05,0.2597381012187576,0.2597378712084456,2077
1.376329860837452,0.007024343159880645,0.00013582806565197458,0.004431691829341495,8.455451939332276e-05,0.2591953531413058,0.2591951079184567,2078
1.3762318311480735,0.007023088623028103,0.00013031253864235592,0.004433632039557619,8.612289752434646e-05,0.2592802423203463,0.2592800931398156,2079
1.3766893409513323,0.007085299211638535,0.00015784467789437722,0.004434667585597745,9.622408850381604e-05,0.2598093877741588,0.25980905813428296,2080
1.3765599219699003,0.007071389377227097,0.00015044790684792846,0.004434466171189564,9.48744516813229e-05,0.2597403517226701,0.2597401165388559,2081
1.3762980432219338,0.0070103673227741945,0.00013464793669627903,0.004434468529700594,8.457913216866759e-05,0.2591966913707413,0.25919645610842534,2082
1.3762019828712457,0.007009625203691872,0.00012929486119527214,0.0044365532900010355,8.628173732465613e-05,0.2592887963334684,0.259288658597202,2083
1.3766771354969005,0.007072187312259164,0.00015787478097256994,0.004437544228437331,9.629902588828416e-05,0.259813206707712,0.25981287137335596,2084
1.376545191467673,0.0070578531611295075,0.00015036197441170834,0.004437269027520782,9.485329813001396e-05,0.2597392657900898,0.2597390294173168,2085
1.3762709861518612,0.006996455477376334,0.00013376623852796627,0.004437277462148612,8.458239265836516e-05,0.2591968686333102,0.25919664074039755,2086
1.3761766790559355,0.006996237054348188,0.00012857124652641396,0.004439522051605373,8.64381745419776e-05,0.25929721326753224,0.25929708524754613,2087
1.3766167366226292,0.007055847578254824,0.0001549685954989928,0.004440442364731773,9.61564031323377e-05,0.25980593713687467,0.25980561896440285,2088
1.3764540705072248,0.0070388730678935685,0.00014561720748520107,0.0044400271916113,9.439030169661712e-05,0.259715467137334,0.25971526554229846,2089
1.3763269921503303,0.006984060768578634,0.00013798483431351182,0.004440121806333741,8.410270819595282e-05,0.25917075286963687,0.25917048384735003,2090
1.3762432091016112,0.006983667636400875,0.00013349125303635493,0.004442327137470311,8.579814485655214e-05,0.25926272880184625,0.25926255690592903,2091
1.3764804014168899,0.007034881832159285,0.00014736124375311403,0.004443548586292674,9.58097125139483e-05,0.2597882435867702,0.25978797194398606,2092
1.3763418207942246,0.007018708389598193,0.00013953025846906916,0.004442898706382001,9.390361741650768e-05,0.2596903878878251,0.25969022599219777,2093
1.3763833878489948,0.006971614374982458,0.0001421711481802528,0.0044428122522841675,8.356740868741722e-05,0.25914152113640926,0.25914120516567857,2094
1.3762844923055275,0.00697071691645735,0.00013679034973858783,0.0044449967283214315,8.527314676235889e-05,0.25923434603869483,0.25923413866185435,2095
1.376396055539931,0.007017345100808668,0.00014293169476989543,0.004446634317052586,9.568018547687718e-05,0.2597816248893973,0.2597813770016138,2096
1.376272586195053,0.007001777557109229,0.0001360549249820959,0.004445815595190259,9.370003826673704e-05,0.2596798780088768,0.25967973529633326,2097
1.3764106663743607,0.0069587007606425185,0.00014454441012775674,0.004445443476728499,8.318362005517855e-05,0.25912050547147353,0.2591201579213119,2098
1.3763020872185083,0.00695747528440716,0.00013859093985632814,0.004447607369750429,8.487807193326351e-05,0.25921292960644243,0.2592126969144886,2099
1.376342847438066,0.007001898503838707,0.00014041338637852646,0.00444963995639836,9.56525298332523e-05,0.2597802111343903,0.25977997569908823,2100
1.3762293683057327,0.006986862349024308,0.000134162467696404,0.004448745517391509,9.366940525274907e-05,0.2596782955758103,0.2596781604686101,2101
1.376413914846554,0.00694544101807702,0.00014543998765674418,0.004448082740402322,8.293786600125746e-05,0.25910702289451704,0.25910665930208987,2102
1.37630022382108,0.00694398604608263,0.00013918350622923737,0.004450212100876214,8.461037325662701e-05,0.2591983897099779,0.2591981427867326,2103
1.3763093687610473,0.00698776315425226,0.0001391064366033696,0.004452571733319117,9.569333746413859e-05,0.25978229714658774,0.2597820662883085,2104
1.376202471830987,0.006973206980493428,0.0001332638965616857,0.0044516842416027005,9.375056524196848e-05,0.2596824875544443,0.2596823522519359,2105
1.376399527286368,0.00693193779753676,0.0001452576551322931,0.004450746199452651,8.279557440792691e-05,0.2590992073505293,0.2590988403691456,2106
1.3762841229894727,0.006930336483860348,0.00013890455114052658,0.004452827012733831,8.444891345391536e-05,0.25918960899352717,0.2591893572643539,2107
1.3762886639200353,0.0069745106740464686,0.00013857765384382178,0.004455458881395574,9.579288626495934e-05,0.2597873840358371,0.2597871516994485,2108
1.3761859334419275,0.0069603755509667,0.00013299284257163634,0.0044546377221414395,9.39042183760136e-05,0.2596904188957967,0.25969027804077516,2109
1.3763734615134593,0.006918249410224542,0.00014436610792161717,0.004453425579778509,8.272282939255898e-05,0.25909520914506967,0.25909484731072574,2110
1.376258648820914,0.006916564339059773,0.00013806120992657816,0.004455449938177262,8.436617447857888e-05,0.25918510612233625,0.25918485637314387,2111
1.3762761836241257,0.006961846600120808,0.00013854507240312826,0.004458334437086778,9.59398301803933e-05,0.25979488796160494,0.2597946495693517,2112
1.376175911122796,0.006948098846595341,0.00013311189084887822,0.004457606911455724,9.410405282445258e-05,0.2597007243453493,0.2597005745007998,2113
1.3763404199967182,0.006904439096787361,0.0001430566857485441,0.004456106604955367,8.269699846116934e-05,0.2590937890046542,0.25909343719749944,2114
1.3762276575819965,0.006902747164655487,0.00013689052928763217,0.004458081460468931,8.433843187870593e-05,0.25918359580331723,0.2591833522467062,2115
1.376268818667422,0.006949595086446896,0.0001388156399871927,0.004461222846889249,9.611948621261611e-05,0.25980405458025485,0.25980380721688123,2116
1.3761698595358818,0.006936166203661303,0.00013346590737369784,0.004460581271107402,9.433265968803492e-05,0.2597125001769902,0.2597123394699661,2117
1.3763036878930084,0.006890553969710606,0.00014153327904204438,0.004458781924094268,8.270364759680542e-05,0.25909415458395146,0.2590938153512408,2118
1.3761938387562198,0.006888970466458965,0.0001355536129047982,0.004460730701093035,8.434712070338951e-05,0.2591840688533672,0.25918383398620076,2119
1.3762644309504917,0.006937642131361734,0.0001392567905422516,0.004464128497803703,9.631926726707305e-05,0.2598142379870815,0.25981398003946726,2120
1.3761660504994586,0.00692442546424792,0.00013395033875043602,0.0044635438965423,9.457817731465512e-05,0.25972513122351853,0.259724958756301,2121
1.376265403150338,0.006876665515624864,0.00013992473441585572,0.0044614544623821145,8.273222647897947e-05,0.2590957257258,0.25909540042952006,2122
1.3761589217981058,0.006875288620206441,0.00013415333883510386,0.004463406899987887,8.437961900280406e-05,0.25918583795866246,0.2591856132207719,2123
1.3762615546760941,0.006925848746170598,0.00013978169897957621,0.004467040436641509,9.653119684510078e-05,0.25982502910148875,0.2598247598477227,2124
1.376163295729292,0.006912751413839866,0.00013449517169393662,0.004466487643730972,9.483040809123992e-05,0.2597380905772764,0.2597379059723048,2125
1.3762268881358086,0.006862853389170958,0.00013830674092911655,0.0044641365523376796,8.277427095047605e-05,0.2590980366536125,0.25909772616603455,2126
1.376123952052212,0.006861728091844962,0.00013275328551903067,0.004466110530775721,8.442986847049554e-05,0.2591885727112809,0.259188359022196,2127
1.3762591937594535,0.0069140925686923165,0.0001403333331408338,0.004469944663386312,9.674985437527511e-05,0.25983615038392943,0.25983586957214955,2128
1.3761607666761406,0.006901071421918177,0.00013505150375099704,0.004469417133885912,9.507919738726925e-05,0.25975085623867306,0.25975065948569115,2129
1.3761889454514833,0.006849158938531567,0.00013672539545252354,0.0044668395645162725,8.282435249049056e-05,0.2591007885642119,0.2591004933244017,2130
1.3760895394175896,0.0068482666890058155,0.00013139466831046912,0.004468833370576376,8.449690221529973e-05,0.2591922196566063,0.25919201759775967,2131
1.3762566790236148,0.006902288998276702,0.00014087454428766608,0.004472835028900181,9.69685703788285e-05,0.2598472620752587,0.259846969658651,2132
1.3761578915361499,0.006889339406650568,0.00013558640108396908,0.004472339066044357,9.531472709110166e-05,0.25976292615413543,0.2597627174974342,2133
1.37615204417221,0.006835577529078542,0.00013521069732920098,0.004469565338024775,8.28807585082612e-05,0.2591038869999721,0.25910360704545826,2134
1.376056029809809,0.006834881379670035,0.0001301024413048277,0.004471570304662014,8.458181420066336e-05,0.2591968371846338,0.2591966470226812,2135
1.37625353721791,0.0068904105081110155,0.00014137845691589986,0.004475717517348278,9.717871867132798e-05,0.25985792669232877,0.25985762291822745,2136
1.3761542518444192,0.0068775224889120684,0.0001360766580048764,0.004475253968788144,9.552861110422522e-05,0.2597738739046616,0.2597736539448819,2137
1.3761164533228654,0.006822075151168034,0.00013378277485347052,0.004472305804748712,8.294360745231391e-05,0.2591073381101348,0.2591070730879277,2138
1.3760236116036328,0.006821569235568885,0.00012888887570589968,0.0044743260490219,8.46845772131553e-05,0.25920242235572544,0.25920224412389464,2139
1.3762494015749698,0.006878437449425325,0.00014182500265432185,0.00447860212664186,9.737241263370329e-05,0.2598677460766734,0.2598674314931698,2140
1.3761495068933423,0.006865567957111191,0.00013650545229909359,0.004478157140578569,9.571508336139132e-05,0.2597834085758181,0.25978317829316966,2141
1.376082337744347,0.006808619035218253,0.00013245415052275033,0.004475054343680371,8.301229431099024e-05,0.25911110829213385,0.25911085749354235,2142
1.3759924033033233,0.006808352021297687,0.00012775858204400078,0.004477110980671622,8.480317009325542e-05,0.2592088636700331,0.25920869716439054,2143
1.376232175244501,0.006865473130724159,0.00014150077963772696,0.004481470529703744,9.746080605888692e-05,0.25987222396721665,0.259871906821624,2144
1.3761231006699621,0.006851804061177184,0.00013565923303349728,0.00448098610512674,9.569150352869007e-05,0.25978220340867486,0.25978197662783725,2145
1.3760758251563843,0.006795503783940722,0.00013277174156083114,0.004477761875684191,8.287026116564432e-05,0.25910331045090984,0.25910305546897233,2146
1.375991689117349,0.006795264340944382,0.00012844214426238469,0.004479802218824476,8.459951159636688e-05,0.25919779928006514,0.25919762430433235,2147
1.3761902371432475,0.006850702403269259,0.00013971088392484372,0.004484315013970866,9.737954118251653e-05,0.2598681072745748,0.2598678028475656,2148
1.3760873165183936,0.006837285702603859,0.0001342564939152461,0.004483785340712826,9.558902670475993e-05,0.2597769640842523,0.25977674688696784,2149
1.376068032218229,0.006782343649446229,0.0001330031870479487,0.004480457477509926,8.272567605968196e-05,0.2590953656363932,0.25909510658403234,2150
1.3759811798887667,0.006782133523120946,0.00012853353698519178,0.0044825267830020275,8.448658243095067e-05,0.259191658306908,0.259191481077824,2151
1.3761610652811405,0.006836863534990342,0.000138674957013243,0.004487181134215323,9.739557587671876e-05,0.25986891969147174,0.2598686199917233,2152
1.3760619517243964,0.006823626727183781,0.00013346794491382705,0.004486614177958571,9.558683766055935e-05,0.2597768521345349,0.25977663809260776,2153
1.3760517944196233,0.006769107695002559,0.0001327263940740328,0.00448316777044363,8.264222208636282e-05,0.25909077675924136,0.2590905190831071,2154
1.3759639073158676,0.006768993484218314,0.0001282202587335337,0.004485270936337971,8.444236789499703e-05,0.25918925284748423,0.25918907768488636,2155
1.3761400063087676,0.006823638274633139,0.00013811664030088214,0.004490057595238113,9.747359198254823e-05,0.25987287151656235,0.2598725717375056,2156
1.3760432233447903,0.006810544572588648,0.0001330687739322492,0.0044894693599823315,9.564823467947522e-05,0.2597799915480268,0.25977977654800244,2157
1.3760299764326165,0.006755839209050725,0.00013211819689050243,0.004485892204623151,8.2604987976182e-05,0.25908872862265026,0.25908847632789206,2158
1.3759422569274276,0.006755853305248633,0.00012764949217970473,0.00448802698030906,8.444910817484712e-05,0.25918961958814657,0.25918944952420064,2159
1.3761240083543944,0.006810805225147197,0.0001378559576771772,0.00449294038102545,9.758713566463565e-05,0.2598786201295847,0.2598783171656859,2160
1.3760285881236802,0.006797817315088208,0.00013290962416527725,0.00449234198977132,9.574687563270811e-05,0.25978503324637725,0.2597848145802885,2161
1.376004782087429,0.0067425676769366566,0.0001313144715411863,0.004488628006933543,8.260276138834229e-05,0.2590886061301138,0.2590883619114244,2162
1.3759180278924825,0.006742746430750725,0.00012692986527444873,0.004490797144557476,8.449353764006935e-05,0.25919203664266355,0.25919187360977375,2163
1.3760860484004673,0.006796292940574404,0.00013631182312734638,0.004495772354095552,9.751351070762369e-05,0.2598748929466412,0.25987460137623497,2164
1.3759740131006404,0.0067816864380422495,0.00013041168202524057,0.004495063147631901,9.542030947923313e-05,0.25976833197015914,0.25976813572773416,2165
1.376038374545147,0.00673000734292887,0.00013396299859104254,0.004491237157089438,8.211487762970152e-05,0.25906172597410126,0.2590614504564718,2166
1.3759616467204587,0.006729797624110647,0.00013018280754271549,0.004493262225283537,8.376707790654492e-05,0.25915243562700907,0.25915223373810825,2167
1.3760031449986876,0.006778285749618652,0.00013214384755203304,0.004498497448950075,9.703551506488337e-05,0.2598506606410374,0.25985041080706933,2168
1.375907104652363,0.006764378848401694,0.0001271936038346006,0.004497701033027229,9.492286333561414e-05,0.2597428365138503,0.2597426715360289,2169
1.3760662481453827,0.006717499776352165,0.00013626352879322432,0.004493856224835427,8.169012683477497e-05,0.25903825905995037,0.2590379557052522,2170
1.3759799558433317,0.00671690076615671,0.00013193115723242023,0.004495849394520319,8.333673206608203e-05,0.25912889544611406,0.25912867163770004,2171
1.3759521333756204,0.006762580193711554,0.00012986439699033653,0.00450124977716781,9.677784845116842e-05,0.2598375733009299,0.2598373449909202,2172
1.3758658355666553,0.006749177361359891,0.00012548947751186398,0.004500406033518296,9.466842498541381e-05,0.2597297700376429,0.25972962014516,2173
1.3759985002538286,0.006703824925826918,0.00013297457993960117,0.0044967221422556256,8.204603973063322e-05,0.2590579269002699,0.2590576608553774,2174
1.3758610621794558,0.006703536315616835,0.0001256706626999675,0.0044990479223884,8.441677789077919e-05,0.259187860354336,0.2591877077891794,2175
1.376037605714863,0.0067576611509497795,0.0001355252607940783,0.004504359762271329,9.779984480875353e-05,0.2598893804057056,0.25988907960023067,2176
1.375936344962736,0.006744094190435839,0.00013029633795218519,0.004503693463273752,9.578802146051957e-05,0.25978713550843757,0.2597869234686655,2177
1.3759506546142704,0.006690389315807051,0.00013084064533730466,0.0044995270076753115,8.223508971950613e-05,0.2590683565059776,0.2590681147706418,2178
1.375873262385078,0.006690493725590154,0.00012708392592392234,0.004501624450192782,8.403940566067953e-05,0.2591673008928844,0.25916713103813077,2179
1.3759849061615173,0.006742060872065796,0.0001331263075501321,0.004507166025815002,9.758158418001964e-05,0.2598783391407675,0.2598780609349569,2180
1.375892484251459,0.0067289119788951695,0.00012843321163043413,0.0045064562972829,9.553818423086108e-05,0.2597743636228074,0.2597741683505585,2181
1.3759529606288108,0.006677392627607412,0.00013164118944849134,0.004502160413662465,8.19944898758052e-05,0.2590550808873143,0.25905482884993336,2182
1.3758709012050805,0.006677443915273747,0.00012762573788316334,0.004504264252058266,8.381282507304216e-05,0.25915493446579724,0.2591547567715211,2183
1.3759502672665245,0.0067278982647542345,0.00013178224483278208,0.004510003239954893,9.750174925928012e-05,0.25987429740585527,0.2598740301604699,2184
1.3758633383252223,0.006714969777686709,0.00012742752668155446,0.004509244048905985,9.54629253472773e-05,0.2597705130544551,0.2597703251480182,2185
1.3759419720438983,0.006664387724025448,0.00013166020093757398,0.0045048429339213285,8.187430979942016e-05,0.2590484423963144,0.25904818831706233,2186
1.3758576337338801,0.006664496379545826,0.0001275199932054413,0.00450698046584555,8.370856359914483e-05,0.2591492384163462,0.2591490596881733,2187
1.3759272807636942,0.006714566341142488,0.0001311205465371925,0.004512843370367467,9.752905082606873e-05,0.2598756797652652,0.2598754157162913,2188
1.3758437390559108,0.006701836544882816,0.00012697919828286652,0.004512067362332853,9.550241778501132e-05,0.25977253384670584,0.25977234644521746,2189
1.3759216472814246,0.006651391778497425,0.00013112705825973057,0.004507577226649736,8.183299186918806e-05,0.25904615895666155,0.25904590985989484,2190
1.3758369030593367,0.006651549649341249,0.00012698443690952203,0.004509722838865441,8.369664050210884e-05,0.2591485868035511,0.25914841259450316,2191
1.3759118050152888,0.006701813151003963,0.00013089304379217814,0.004515685524646306,9.763193550713034e-05,0.25988088738459914,0.25988062102926895,2192
1.3758302567241323,0.0066893495792105856,0.00012687872244475192,0.004514941752682219,9.56157413295274e-05,0.2597783301912713,0.25977813878765393,2193
1.375895436282588,0.006638380914029168,0.00013025586010955678,0.0045103318734097285,8.185046191155126e-05,0.2590471245106692,0.25904688492302713,2194
1.3758115875057089,0.00663858614864624,0.00012619229983180876,0.004512469460441556,8.37497525639901e-05,0.2591514890899782,0.25915132289249393,2195
1.3758827590752967,0.00668799371808984,0.00012988671666216983,0.004518485816482829,9.758571915720583e-05,0.2598785484337126,0.25987828939066976,2196
1.3757897561247279,0.006674396886063152,0.00012522197825300623,0.004517673588436981,9.536040079482422e-05,0.25976526501406,0.2597650887175792,2197
1.3758637428138263,0.006625346935794956,0.00012908962318097496,0.004513112118298901,8.194464860122863e-05,0.25905232835248637,0.2590521029736467,2198
1.3757542586344123,0.00662579877072361,0.00012356421950586834,0.004515422490654615,8.424037830842015e-05,0.2591782557334398,0.2591781197674684,2199
1.375838029409601,0.00667281638833386,0.0001279972914479865,0.004521223691219445,9.733604097263947e-05,0.25986590294765965,0.2598656623009876,2200
1.3756998217579215,0.006654336502394702,0.00012073394162990828,0.004520063305651678,9.429482152448685e-05,0.25971055207104554,0.2597104266374475,2201
1.3758056538393986,0.006612299485984076,0.00012644404171045873,0.0045160576993515614,8.236032680869166e-05,0.25907525904912315,0.25907506744356185,2202
1.3756312838834444,0.006614499783154989,0.00011717684362604465,0.004518979553865263,8.597755191418733e-05,0.25927240809683155,0.25927234599251164,2203
1.3757672818767965,0.006655024099077128,0.00012466506173309212,0.004523819926849949,9.669976588578021e-05,0.2598336039113735,0.2598333998547053,2204
1.3755835987984097,0.006629658204919029,0.00011472767578273523,0.004522083351773039,9.227265285842237e-05,0.2596058655444693,0.25960581101312236,2205
1.3757269010432451,0.006599604039342511,0.00012266177424842921,0.004519243498217248,8.31253851208839e-05,0.2591173123847373,0.2591171707083136,2206
1.3755505714035359,0.006604308089217444,0.00011321542922417434,0.004522493128525547,8.75680745668645e-05,0.25935778149813643,0.259357762420838,2207
1.3756876478779065,0.006635878803957511,0.00012086698725952967,0.004526329294918139,9.579455337879062e-05,0.2597874692019332,0.25978730786790655,2208
1.375526831312905,0.006610236766254248,0.00011213277211849723,0.004524486093861269,9.098952729242507e-05,0.259538843079348,0.25953881736498907,2209
1.3756507499692439,0.0065873502858752675,0.00011905739012894744,0.004522516796513481,8.40130105243267e-05,0.2591658611447221,0.25916576687047005,2210
1.3755093347014093,0.006593638630175123,0.00011152966098115712,0.004525749177905567,8.856494127309281e-05,0.25941089481787427,0.2594108907529436,2211
1.375617317352403,0.006617123365518884,0.00011760891562830332,0.0045288629473528635,9.485590074594457e-05,0.2597393994037592,0.2597392758301911,2212
1.3754956651644328,0.006593844871690637,0.00011102196382796684,0.004527143861055243,9.023658187826902e-05,0.25949929375681524,0.2594992796548505,2213
1.3755872977047872,0.0065754612025020346,0.00011618903551427951,0.004525778592694183,8.487632225950218e-05,0.2592128346484403,0.2592127761052408,2214
1.375484471006032,0.006582247798662354,0.00011079075211016325,0.004528837510517086,8.91315636642141e-05,0.25944095141732093,0.2594409511067956,2215
1.3755608074112975,0.006599359873431878,0.000115133453218079,0.004531444547531474,9.399618798111208e-05,0.2596951631229759,0.25969507053551427,2216
1.3754747711479773,0.0065791853981946495,0.00011051883599894996,0.004529947948990401,8.984662197994665e-05,0.2594787458020535,0.25947873663652204,2217
1.3755373855992874,0.00656384126641216,0.00011408751980203276,0.004529004899209477,8.564695773967641e-05,0.25925456415719705,0.2592545293292096,2218
1.3754660134792311,0.006570241916974976,0.00011042331555548586,0.004531812625845842,8.940602984103244e-05,0.2594554761826696,0.25945547611931874,2219
1.375516793069812,0.0065826305932256066,0.00011336196476872296,0.004534058908512335,9.325657474946294e-05,0.25965694437953657,0.2596568761319991,2220
1.3754578323270623,0.006565588706449906,0.00011025191543512522,0.004532841344798576,8.969094428456588e-05,0.2594705303064066,0.259470523286669,2221
1.375498542817083,0.006552400415209331,0.00011260453919204853,0.004532189012782515,8.630653531873942e-05,0.2592901310711281,0.25929011114583456,2222
1.3754500191580254,0.006557801176650782,0.00011019923460640312,0.004534692761794332,8.9496140075725e-05,0.25946023995867573,0.259460239539328,2223
1.3754823370632596,0.006566815048385835,0.00011212589324297103,0.0045366913577007725,9.263581235611076e-05,0.2596247499892782,0.2596246998253864,2224
1.3754424451186902,0.006552659810704705,0.00011007508392560272,0.004535785551480222,8.967664262399776e-05,0.2594697752150723,0.259469768904764,2225
1.3754677868602758,0.006541015335883906,0.00011157361142783304,0.0045353203307518675,8.686483841077366e-05,0.25932013081511057,0.25932012016592987,2226
1.3754350373319975,0.006545109042840124,0.00011003275643727022,0.004537499967482215,8.947829923630266e-05,0.25945929697368164,0.25945929629201525,2227
1.3754546412765112,0.006551769828651191,0.00011126380926570754,0.004539337785358567,9.211463297466244e-05,0.2595976368432371,0.2595975994670566,2228
1.3754277482588562,0.006540147770282083,0.00010993431392963688,0.004538743619485542,8.974105751158404e-05,0.25947317568250394,0.25947316918895763,2229
1.3754426246568092,0.006529625617311185,0.00011085505750030655,0.004538396143172066,8.7340175277536e-05,0.25934559657151623,0.2593455916126653,2230
1.3754205541118258,0.00653232723548069,0.00010989128931777927,0.004540265168048727,8.94033764082883e-05,0.25945533586967107,0.25945533503056933,2231
1.3754315532706796,0.006537315094421208,0.00011065443148343839,0.004541994004078817,9.167209926127938e-05,0.2595745547813608,0.25957452622455507,2232
1.3754134317461622,0.0065278584927836465,0.00010981188094622563,0.0045416885265145675,8.984289924284533e-05,0.25947854942714577,0.2594785421892471,2233
1.3754212442344311,0.006518219077913296,0.00011034577395134732,0.004541424803268876,8.775008228114333e-05,0.2593675013894391,0.25936749964687117,2234
1.3754063734337112,0.0065195799327714,0.00010976138555997782,0.004543008938561694,8.930561938384739e-05,0.25945016504532314,0.2594501640943427,2235
1.3754115714753419,0.006523320601427615,0.00011021260325685362,0.004544648379167903,9.129033907589672e-05,0.25955459779770435,0.2595545754701103,2236
1.3753993627751684,0.006515703317853037,0.00010969819740456105,0.004544604585576822,8.995405562215208e-05,0.2594844111900609,0.2594844029654945,2237
1.3754024184406242,0.006506820359258802,0.00010997457949215083,0.004544415671275844,8.810989505148461e-05,0.2593866871180137,0.25938668683587046,2238
1.3753923967753785,0.006506936852115068,0.00010963776769240927,0.004545739448365176,8.920912103271605e-05,0.25944505802167017,0.2594450569735286,2239
1.3753937008948416,0.006509684465076463,0.00010988235039327515,0.004547289498834481,9.095463086811302e-05,0.2595370137290513,0.2595369960333364,2240
1.37538546202429,0.006503628070671924,0.00010958739491135426,0.004547481413700007,9.005440665379479e-05,0.2594897000297056,0.2594896908702097,2241
1.3753853461546799,0.006495449021823677,0.00010969522058691299,0.004547372412280788,8.843137174762987e-05,0.25940379560324606,0.2594037955820114,2242
1.3753785570371646,0.006494450772616124,0.00010951704864437069,0.0045484630998854185,8.913056876440356e-05,0.2594408987265198,0.2594408975795638,2243
1.3753772979521282,0.006496354049961553,0.00010962636537395598,0.0045499159658521915,9.065493984407318e-05,0.25952128877012315,0.25952127467623715,2244
1.3753716716168631,0.0064916020187343985,0.00010947538971953886,0.004550313672932233,9.013071847883844e-05,0.25949371994946335,0.25949371009887073,2245
1.3753695108548336,0.006484112176841221,0.0001094780828073861,0.004550294553618183,8.872154816143372e-05,0.2594192116528632,0.2594192111284088,2246
1.3753648053859118,0.006482150508003628,0.00010939717737756845,0.004551184969611593,8.908004136881885e-05,0.25943822236275554,0.2594382210802692,2247
1.3753619463804712,0.006483288049185231,0.0001094212218490156,0.004552530541531503,9.03859677710289e-05,0.25950715350517856,0.2595071422159644,2248
1.3753579521011938,0.00647959792560088,0.00010936035529654747,0.00455309925351202,9.017541833556192e-05,0.25949607383793755,0.2594960635893188,2249
1.375354574920347,0.0064728119434210845,0.00010930362310450729,0.004553180972823798,8.898327001955757e-05,0.25943309440319334,0.25943309290781885,2250
1.3753511128961238,0.006470055940364751,0.0001092767437435743,0.0045539076266721155,8.906298331018379e-05,0.2594373186504528,0.25943731714835433,2251
1.3753473689514955,0.00647046262665455,0.00010925170175510445,0.004555135364640823,9.01464997861733e-05,0.25949455105764213,0.259494541887413,2252
1.3753442856621578,0.006467599106130001,0.00010924184092188919,0.004555837056299865,9.01848569749913e-05,0.2594965708008202,0.25949656041985464,2253
1.3753403074245638,0.006461539116291999,0.00010915868637117637,0.0045560291800205805,8.921567811138363e-05,0.25944540513219966,0.25944540238562447,2254
1.3753374733789212,0.006458170317043144,0.00010915573306685488,0.004556631005360978,8.908115580043357e-05,0.25943828140078656,0.2594382795442029,2255
1.3753333695623458,0.006457868939974406,0.00010910738404207703,0.00455773337568409,8.993853201860318e-05,0.2594835927800915,0.2594835851321051,2256
1.375330677477515,0.006455607333615882,0.00010912015751189406,0.0045585279745790795,9.015913775409546e-05,0.25949521657225866,0.2594952062825287,2257
1.3753265388334355,0.006450283625185747,0.00010903349611899037,0.004558834861439376,8.941547477570169e-05,0.2594559756120509,0.25945597148120425,2258
1.3753239026178146,0.006446489963480171,0.00010903474981634806,0.00455935205933866,8.913258366858257e-05,0.259441005437377,0.25944100306106055,2259
1.375319798929775,0.0064455101187122915,0.00010898047497272909,0.0045603284598615896,8.976575781833776e-05,0.25947447929008965,0.2594744726790826,2260
1.375317152516131,0.0064436352628402015,0.00010899667811996313,0.004561176019715495,9.010220193582093e-05,0.2594922179671466,0.2594922079606934,2261
1.375313136172718,0.006439031203653812,0.0001089207372640953,0.004561594293933417,8.957847582249779e-05,0.25946459063153277,0.25946458512572246,2262
1.3753104326993277,0.006435002041795833,0.00010891488297903121,0.004562065613222019,8.921162371583915e-05,0.2594451905071226,0.25944518743791584,2263
1.3753065378308647,0.006433393928050619,0.00010886483885371836,0.004562923284868908,8.963197246013115e-05,0.25946741635612014,0.2594674103956573,2264
1.3753037475436996,0.006431706251362208,0.0001088733724167011,0.004563786598024473,9.002144189221184e-05,0.2594879630001498,0.25948795342977815,2265
1.375299992940534,0.006427769916091893,0.00010881476380967536,0.004564304875675603,8.970117605312725e-05,0.25947107048084467,0.2594710637467703,2266
1.3752971021511056,0.006423683140156141,0.00010879752919680578,0.004564764502691214,8.930966331584836e-05,0.25945037900382034,0.2594503750898078,2267
1.375293492298279,0.006421521916117186,0.00010875595232816378,0.0045655180579612506,8.9539659247735e-05,0.25946253978843603,0.2594625341652615,2268
1.3752904999652953,0.006419848809806016,0.00010875244962867941,0.004566366094203626,8.992673931683638e-05,0.25948297101739937,0.25948296197101123,2269
1.3752870281672394,0.0064164941714379324,0.00010871139968048167,0.004566966471956485,8.978204129425982e-05,0.25947533858467653,0.25947533086874097,2270
1.3752839443454765,0.00641250417323455,0.0001086837851824481,0.004567441300273011,8.941614417335096e-05,0.25945601100746774,0.2594560061389666,2271
1.3752805950694071,0.006409890821299881,0.00010865046129777855,0.004568111229360953,8.948880098259055e-05,0.25945985205923383,0.25945984650406784,2272
1.3752774366850888,0.006408097215690553,0.00010863552143457857,0.004568921575485638,8.982923829702591e-05,0.25947782877546466,0.25947782025539484,2273
1.3752741888590707,0.006405207283824706,0.00010860801055012935,0.0045695814637939465,8.982252571254069e-05,0.25947747464847787,0.2594774662385838,2274
1.3752709778126206,0.006401430568128496,0.00010857427567288138,0.004570089230106067,8.951983147763481e-05,0.25946149203231894,0.25946148615584763,2275
1.375267807656514,0.00639848670135299,0.00010854642604014923,0.004570699818269327,8.947610037289697e-05,0.259459180745334,0.259459175015549,2276
1.3752645667740806,0.006396484069659161,0.00010852342409202302,0.004571459994017385,8.973998818110602e-05,0.2594731192424199,0.2594731111657301,2277
1.3752614505967198,0.006393923179793134,0.00010850351403694702,0.004572154585744353,8.982766137398862e-05,0.2594777455850001,0.25947773675415114,2278
1.375258201986909,0.006390430756542548,0.00010846870476205437,0.004572702986003817,8.961031464417789e-05,0.2594662724788682,0.25946626560536873,2279
1.3752551185993214,0.006387288817410284,0.00010844291964747375,0.004573279063662717,8.949472588321059e-05,0.2594601652143718,0.25946015909102615,2280
1.3752518807612895,0.006385037406185113,0.00010841596673395038,0.004573986366694734,8.966830144714848e-05,0.2594693347943321,0.25946932701119685,2281
1.3752488129896636,0.006382665705443962,0.00010839817209188314,0.004574692091549969,8.980585735192083e-05,0.2594765952404817,0.259476586207385,2282
1.3752456001054372,0.006379478848711745,0.00010836616376976964,0.004575279684350456,8.967970603258098e-05,0.2594699369603277,0.25946992916919287,2283
1.375242536072703,0.0063762674651813055,0.00010834001238838515,0.004575843044754599,8.953501640232549e-05,0.2594622944575999,0.25946228775879165,2284
1.3752393568386891,0.006373774058408957,0.00010831228930229512,0.004576502771425086,8.962024556496682e-05,0.25946679700664205,0.259466789330617,2285
1.3752362898336967,0.006371466329422499,0.00010829302211187765,0.004577200537565074,8.976773328607011e-05,0.2594745835415637,0.2594745744518468,2286
1.3752331479780782,0.00636856139254646,0.00010826535468040678,0.004577819148590447,8.972387484877306e-05,0.2594722687276477,0.2594722601582644,2287
1.3752300764053873,0.006365390314268334,0.00010823812812951289,0.004578385957411485,8.958588695994596e-05,0.25946498214261104,0.2594649747404908,2288
1.3752269711436216,0.0063626991763396906,0.00010821118966679534,0.004579008732048111,8.959777561615198e-05,0.25946561015551306,0.25946560238964356,2289
1.3752238970843707,0.006360358960912192,0.00010818924855068449,0.0045796858858034905,8.972450740525384e-05,0.2594723021175031,0.25947229303941327,2290
1.3752208245012658,0.006357677207284583,0.00010816525764604362,0.0045803234086551035,8.974301076375367e-05,0.2594732787757858,0.2594732696064287,2291
1.3752177527774037,0.006354624501798469,0.00010813770379121404,0.004580902820931043,8.963652074611078e-05,0.2594676565604225,0.2594676483975991,2292
1.3752147071731387,0.0063518049435885805,0.00010811167280149625,0.004581501649131693,8.959852908451464e-05,0.25946564995573546,0.2594656419140806,2293
1.375211643498098,0.006349374602442262,0.00010808759974910984,0.004582152740859608,8.968617773480174e-05,0.25947027865138095,0.25947026957958597,2294
1.3752086187961563,0.006346838773153018,0.00010806539871028591,0.004582796258609017,8.974143709667954e-05,0.259473195717216,0.2594731861296427,2295
1.3752055687994873,0.006343943894290319,0.00010803874002496977,0.004583390398240854,8.967822122145048e-05,0.2594698585639623,0.2594698496564654,2296
1.3752025597938002,0.006341073841604116,0.00010801316479532136,0.004583977460268126,8.961652260350221e-05,0.2594666003720186,0.2594665918954852,2297
1.375199527735353,0.006338535002171401,0.00010798820369807529,0.004584603328265318,8.96597885917006e-05,0.2594688852877042,0.2594688761541593,2298
1.3751965307333782,0.006336066409836421,0.00010796603966271856,0.004585242047945569,8.972639857694613e-05,0.25947240194337984,0.25947239208616985,2299
1.3751935191895708,0.006333330695965219,0.00010794099362112356,0.004585847762755166,8.970583191079215e-05,0.25947131627128944,0.25947130669741997,2300
1.3751905324839138,0.0063304816170504695,0.0001079155846469358,0.00458643212467298,8.96437329534481e-05,0.2594680374393772,0.25946802841021915,2301
1.3751875421068709,0.0063278503339172405,0.00010789066149639824,0.004587037696535778,8.96484507495225e-05,0.25946828657939347,0.25946827727168315,2302
1.3751845656382684,0.006325385243169461,0.00010786770567626866,0.0045876645968921876,8.970624046458265e-05,0.25947133783921694,0.2594713278015023,2303
1.375181595592436,0.006322779655391748,0.00010784411142926122,0.004588275898847413,8.971828460888791e-05,0.2594719736385237,0.2594719635155263,2304
1.3751786306614924,0.006320002991035419,0.00010781905141522323,0.004588862547714414,8.967200960393876e-05,0.25946953059047484,0.2594695209448925,2305
1.3751756791667786,0.006317317933883505,0.000107794481343634,0.004589454397794949,8.965125547755128e-05,0.2594684346899343,0.25946842507533563,2306
1.3751727275903358,0.0063148179606008605,0.00010777084122068643,0.0045900666079512495,8.96884615420974e-05,0.259470399228232,0.25947038902948943,2307
1.3751697925905957,0.006312296887642159,0.00010774797107181765,0.004590677011393172,8.97182313150776e-05,0.25947197082528645,0.25947196027864305,2308
1.3751668562219146,0.006309617033239935,0.00010772362158537066,0.004591267002399524,8.969493291297441e-05,0.25947074088511424,0.25947073062018877,2309
1.37516393600855,0.0063069252562053734,0.00010769935635812567,0.004591851172567572,8.96641261318177e-05,0.2594691143266843,0.2594691042805565,2310
1.375161016117787,0.00630438024628372,0.000107675523867499,0.004592449267207715,8.967807634569264e-05,0.25946985091464975,0.2594698405122993,2311
1.3751581096144911,0.00630189697368455,0.0001076527163704269,0.004593053627617825,8.971075821057376e-05,0.25947157633187706,0.25947156546456546,2312
1.3751552067628314,0.0062993114608354975,0.00010762921481733082,0.004593645235743483,8.970909130917628e-05,0.25947148833653805,0.2594714775043882,2313
1.375152313712785,0.006296654269211369,0.00010760524222088942,0.004594225861421848,8.968143191117032e-05,0.25947002808396946,0.2594700175155044,2314
1.3751494277215264,0.0062940774698742544,0.00010758157094339396,0.0045948124129774415,8.967681109398664e-05,0.25946978411021004,0.2594697734193676,2315
1.3751465484367105,0.006291597215183163,0.00010755859714621106,0.004595407762439628,8.970157926063768e-05,0.2594710917670899,0.25947108063608276,2316
1.375143678652317,0.006289084406970813,0.00010753572402118161,0.004595998020117074,8.971437574150566e-05,0.25947176729768556,0.25947175598535066,2317
1.3751408138197554,0.006286487514968764,0.00010751217311721168,0.00459657701036376,8.969782037954521e-05,0.2594708933253176,0.2594708821960518,2318
1.3751379594380513,0.0062839055028593585,0.00010748875322067573,0.004597155143151489,8.968333178077298e-05,0.25947012839304584,0.2594701173144927,2319
1.3751351097078377,0.006281412150300799,0.00010746573406078814,0.004597740610764022,8.96953224304667e-05,0.25947076144934855,0.2594707500558634,2320
1.3751322700398456,0.006278942756869193,0.000107443149327771,0.004598326585240734,8.971329144882296e-05,0.25947171005937275,0.25947169835749195,2321
1.37512943585519,0.006276412587796999,0.00010742013481580422,0.004598904033876638,8.970967619434343e-05,0.25947151921258377,0.2594715075397654,2322
1.3751266105477773,0.0062738534633614545,0.00010739697505548455,0.0045994764191775095,8.969430641440665e-05,0.25947070780957826,0.2594706962590873,2323
1.3751237919939217,0.006271349288821376,0.0001073740814923615,0.004600052629964714,8.969441483671844e-05,0.2594707135336636,0.25947070183036386,2324
1.375120980997647,0.006268897967105211,0.00010735158844967923,0.004600632144964084,8.970962310405474e-05,0.2594715164099554,0.2594715043815786,2325
1.3751181778749313,0.0062664249057815865,0.00010732905687687914,0.004601206999125248,8.971582328005504e-05,0.25947184371070675,0.2594718315531157,2326
1.3751153814014645,0.006263908639285862,0.00010730622394336586,0.004601775361826484,8.970588358929999e-05,0.25947131899944775,0.25947130693145026,2327
1.3751125933595334,0.006261408173870611,0.00010728352892367314,0.004602343736074736,8.969882801186149e-05,0.25947094652143393,0.2594709344344809,2328
1.375109811665075,0.006258960945992679,0.00010726112634278998,0.004602915649637826,8.970693865565308e-05,0.2594713746972471,0.25947136235841456,2329
1.3751070383541388,0.0062565271679650035,0.00010723891580498609,0.004603486386935105,8.971734508080155e-05,0.2594719240432344,0.2594719114726076,2330
1.3751042716381487,0.0062540608303027195,0.00010721648512248443,0.004604051406735399,8.971507957929558e-05,0.25947180445212503,0.25947179186932096,2331
1.375101512850221,0.006251582139194176,0.00010719401644156204,0.004604613532708553,8.970665828560255e-05,0.25947135989631914,0.2594713473551197,2332
1.3750987611461247,0.006249138117452022,0.0001071717639295004,0.00460517767943968,8.970742343578493e-05,0.25947140028906945,0.2594713876089952,2333
1.3750960168157802,0.0062467266052927605,0.00010714974973064516,0.004605742851297911,8.971667407885962e-05,0.2594718886225958,0.2594718756919749,2334
1.3750932800164213,0.006244305395299507,0.00010712770985687018,0.004606304340345859,8.972062053492744e-05,0.2594720969449709,0.25947208388913834,2335
1.3750905502129134,0.006241862126520023,0.00010710552788370552,0.00460686154451658,8.971525882695396e-05,0.25947181391429086,0.2594718008783451,2336
1.3750878281360233,0.006239429859018176,0.0001070834617768225,0.004607418500671237,8.971143044904386e-05,0.259471611818959,0.2594715987395089,2337
1.3750851129470114,0.0062370307619745375,0.00010706161010951022,0.004607977070362742,8.971637633067434e-05,0.2594718729051162,0.25947185962808816,2338
1.3750824054122242,0.006234643384561898,0.00010703987262113632,0.004608534234418337,8.972299386301246e-05,0.2594722222241147,0.2594722087507131,2339
1.3750797048940515,0.006232240575614966,0.00010701803261296787,0.004609087304520652,8.972240369674669e-05,0.259472191071592,0.2594721775426224,2340
1.3750770117980626,0.006229831777370665,0.00010699618601990864,0.004609638098529835,8.971778769331816e-05,0.2594719474076516,0.2594719338728487,2341
1.3750743259227602,0.006227444286509607,0.00010697450632026716,0.004610189672745695,8.971814051519198e-05,0.2594719660322022,0.2594719523822231,2342
1.3750716472284814,0.006225079519620386,0.00010695299204336505,0.004610741446251243,8.972384817442789e-05,0.2594722673196246,0.25947225346806685,2343
1.3750689759042705,0.006222713832649001,0.00010693148697213545,0.004611290449801148,8.972706918661591e-05,0.25947243734139297,0.25947242335473114,2344
1.3750663116318902,0.0062203373422606385,0.0001069099140560838,0.0046118361547357305,8.972461470732012e-05,0.25947230778149233,0.25947229376343883,2345
1.3750636547465525,0.006217967365169741,0.00010688842407226393,0.004612381062932349,8.972228224209167e-05,0.25947218466047256,0.2594721705900396,2346
1.375061004908094,0.006215619007874585,0.0001068670988441166,0.004612926568252453,8.97250465131865e-05,0.25947233057453056,0.25947231634957785,2347
1.3750583623637378,0.006213282587342776,0.00010684587139055547,0.004613470920049004,8.972960632075369e-05,0.259472571262374,0.25947255686154524,2348
1.3750557269433705,0.006210941044323155,0.00010682460883619468,0.004614012201380515,8.973029522261407e-05,0.25947260762528535,0.2594725931329202,2349
1.3750530986895195,0.006208596482643369,0.00010680334378563745,0.004614551274878754,8.972790393248816e-05,0.2594724814031218,0.2594724668718511,2350
1.375050477630034,0.006206264805994057,0.00010678220284049562,0.004615090212781857,8.972778103005953e-05,0.25947247491577885,0.2594724602900962,2351
1.375047863641899,0.0062039502741922025,0.00010676119946874965,0.00461562904152829,8.973128431615803e-05,0.25947265983323364,0.2594726450428191,2352
1.3750452568638705,0.006201640439770191,0.00010674023509222406,0.004616165892963064,8.973417411807194e-05,0.2594728123658221,0.2594727974320686,2353
1.3750426571312324,0.006199326601883682,0.000106719240856053,0.00461669999867767,8.973357653380186e-05,0.259472780823697,0.25947276581918804,2354
1.3750400645627494,0.006197016360795618,0.0001066982999568791,0.004617232747179892,8.973213750856526e-05,0.2594727048675954,0.259472689802759,2355
1.3750374790575817,0.006194720461096158,0.00010667749130884019,0.004617765407489652,8.973347755451971e-05,0.25947277559929083,0.2594727604126672,2356
1.3750349006423979,0.006192436476314043,0.00010665678067889135,0.004618297244015816,8.97366908487623e-05,0.25947294520456876,0.259472929860577,2357
1.375032329316921,0.006190153844805594,0.00010663607692243975,0.00461882679592038,8.973817597219438e-05,0.25947302359187363,0.25947300813099466,2358
1.3750297650227874,0.006187870379093274,0.0001066153736489088,0.004619354118042111,8.973726859658882e-05,0.25947297569914485,0.25947296017083343,2359
1.3750272078163843,0.006185594571853784,0.00010659475684012485,0.004619880567029494,8.973691365269225e-05,0.2594729569645751,0.25947294135331195,2360
1.3750246576134701,0.006183331890822743,0.0001065742590462202,0.004620406678178251,8.973893074984532e-05,0.259473063430055,0.25947304768424373,2361
1.3750221144645975,0.006181077052356579,0.00010655382455187416,0.004620931448408978,8.974144966292898e-05,0.2594731963804689,0.2594731804913653,2362
1.3750195783188344,0.006178822926398988,0.00010653339217263999,0.004621453953532683,8.974205059467208e-05,0.25947322809789103,0.2594732121082827,2363
1.3750170491799272,0.006176571180544549,0.00010651299103017347,0.004621974703467735,8.97413745789069e-05,0.25947319241749617,0.2594731763541607,2364
1.3750145270445506,0.006174328879051015,0.00010649268722041553,0.004622494768187549,8.97418641498503e-05,0.25947321825726877,0.25947320209337804,2365
1.3750120118753952,0.006172097571909675,0.00010647248256566198,0.004623014162773039,8.974400538359995e-05,0.2594733312717122,0.25947331497084575,2366
1.3750095036962824,0.006169871616418371,0.00010645232070525374,0.004623531922805211,8.97458225811348e-05,0.2594734271824475,0.2594734107521812,2367
1.3750070024622025,0.0061676471375761216,0.00010643216961856057,0.004624047600144072,8.97460082619777e-05,0.25947343698253056,0.2594734204591892,2368
1.375004508188351,0.006165427449607128,0.00010641207020560115,0.004624561867541115,8.974575220403017e-05,0.2594734234679988,0.25947340686134196,2369
1.3750020208485978,0.006163217470902981,0.00010639206744772053,0.004625075442188189,8.974676049301973e-05,0.2594734766845662,0.2594734599662383,2370
1.3749995404333886,0.006161016438282064,0.00010637214668834253,0.004625588049572587,8.974873685926468e-05,0.2594735809944954,0.2594735641423335,2371
1.374997066941333,0.0061588196043007495,0.0001063522589734847,0.004626098915344403,8.975001544025958e-05,0.2594736484756539,0.25947363150475267,2372
1.3749946003455238,0.006156625472555133,0.00010633239305202213,0.0046266079243706335,8.9750097552802e-05,0.2594736528093868,0.2594736357468434,2373
1.3749921406523922,0.006154437580770193,0.00010631259062627934,0.004627115722090597,8.975024803781145e-05,0.25947366075167416,0.2594736435967031,2374
1.3749896878355843,0.006152258888075794,0.00010629287981398799,0.004627622723879805,8.975150396393092e-05,0.25947372703659605,0.25947370976432516,2375
1.3749872418934048,0.006150087605465184,0.0001062732374222951,0.004628128551757113,8.975321640758507e-05,0.259473817414727,0.25947380001376585,2376
1.3749848028128022,0.006147920234190107,0.0001062536248845198,0.004628632649211114,8.97541472168236e-05,0.2594738665399521,0.25947384902714166,2377
1.3749823705790274,0.006145756700025391,0.00010623404495287753,0.004629135083943476,8.975428941863765e-05,0.2594738740449004,0.2594738564387101,2378
1.3749799451887312,0.006143600082321279,0.00010621453466925974,0.0046296363922064656,8.97547516079149e-05,0.2594738984377032,0.2594738807320067,2379
1.374977526621591,0.006141451917648722,0.00010619510847442918,0.004630136783731616,8.975607574162758e-05,0.2594739683207,0.25947395049577915,2380
1.3749751148747271,0.006139310184674505,0.00010617574062752448,0.004630635883722415,8.975753005823584e-05,0.2594740450736861,0.2594740271251654,2381
1.3749727099325224,0.006137172505945648,0.0001061564040927988,0.004631133314701908,8.975826921572442e-05,0.25947408408320954,0.2594740660266248,2382
1.3749703117852319,0.006135039508715205,0.00010613710920414241,0.004631629222926956,8.975853300490312e-05,0.25947409800481835,0.2594740798519304,2383
1.374967920423916,0.0061329136212755755,0.00010611788527068876,0.004632124025694889,8.975919964891122e-05,0.25947413318720564,0.2594741149299804,2384
1.3749655358333257,0.006130795480277992,0.00010609873738168192,0.004632617809287633,8.976049352047788e-05,0.25947420147138944,0.2594741830951042,2385
1.3749631580075645,0.00612868321587971,0.0001060796421242969,0.0046331102445988,8.97617392797796e-05,0.25947426721597927,0.25947424872025254,2386
1.374960786931932,0.0061265752988896305,0.00010606058206259731,0.004633601083641436,8.976239266012398e-05,0.25947430169775715,0.25947428309562215,2387
1.3749584225977638,0.0061244726163937535,0.00010604156944750081,0.004634090494287643,8.976278174021577e-05,0.25947432223117917,0.25947430352974993,2388
1.3749560649939432,0.006122376981254324,0.00010602262594891263,0.004634578790261867,8.976356397222805e-05,0.25947436351277636,0.2594743447040487,2389
1.3749537141080614,0.006120288518853311,0.00010600375197402222,0.00463506598903589,8.976478551622741e-05,0.2594744279783123,0.2594744090516581,2390
1.37495136993193,0.006118205656001295,0.00010598492830253031,0.004635551820083687,8.97658802666896e-05,0.25947448575209703,0.25947446670906177,2391
1.3749490324523332,0.006116127447268863,0.00010596614366497275,0.004636036124711201,8.976650951354566e-05,0.25947451895948,0.25947449981043436,2392
1.3749467016602939,0.00611405479454795,0.00010594740937281707,0.004636519061747441,8.97670024073074e-05,0.25947454497098976,0.25947452572010316,2393
1.3749443775442376,0.006111989008852658,0.0001059287414426335,0.004637000861062916,8.976783809719086e-05,0.2594745890727351,0.2594745697129448,2394
1.3749420600930224,0.006109929966749029,0.00010591013845956979,0.004637481507758854,8.976897767124515e-05,0.2594746492109864,0.25947462973471974,2395
1.3749397492971862,0.00610787641562316,0.00010589158503355465,0.0046379607904389495,8.976997010653354e-05,0.25947470158403596,0.2594746819935053,2396
1.3749374451446432,0.006105827778894111,0.00010587307355209132,0.004638438607855635,8.977060583423539e-05,0.25947473513266917,0.2594747154358942,2397
1.3749351476258822,0.0061037848532450225,0.00010585461373028929,0.004638915094025336,8.977117531326772e-05,0.2594747651851256,0.2594747453845578,2398
1.3749328567294898,0.006101748577402327,0.00010583621762302767,0.0046393904156320186,8.977202597236717e-05,0.259474810075794,0.2594747901656193,2399
1.3749305724447962,0.006099718742052825,0.00010581788314039312,0.0046398645489541925,8.97730889943268e-05,0.259474866172898,0.2594748461476946,2400
1.374928294761754,0.006097694379115389,0.00010579959803379277,0.004640337334375168,8.977401450716546e-05,0.2594749150131896,0.2594748948751504,2401
1.374926023668976,0.006095675124807048,0.00010578135705363286,0.004640808704135776,8.977466883186271e-05,0.25947494954244416,0.25947492929769095,2402
1.3749237591565509,0.0060936616298551145,0.00010576316823641319,0.004641278763120505,8.977529062945893e-05,0.25947498235510014,0.25947496200516723,2403
1.3749215012133538,0.006091654574853535,0.00010574504064516166,0.004641747633723142,8.977613460733946e-05,0.2594750268921697,0.25947500643248217,2404
1.3749192498288672,0.006089653751509104,0.00010572697212833189,0.004642215295498676,8.977713157427085e-05,0.2594750795022665,0.2594750589288641,2405
1.3749170049928157,0.006087658419568266,0.00010570895315737446,0.004642681629700719,8.977801371163428e-05,0.2594751260525459,0.259475105367282,2406
1.3749147666942199,0.0060856683285264055,0.00010569098000160713,0.004643146586868419,8.977868908354648e-05,0.2594751616916835,0.2594751408992178,2407
1.3749125349229343,0.0060836839848253344,0.0001056730589432889,0.004643610245274387,8.977934448362458e-05,0.2594751962767863,0.25947517537821624,2408
1.3749103096680924,0.006081705895152675,0.00010565519678038027,0.004644072696997613,8.978017085028394e-05,0.2594752398835219,0.25947521887536784,2409
1.3749080909192233,0.006079733890151188,0.00010563739177958439,0.004644533929043839,8.978111253154048e-05,0.2594752895750758,0.2594752684543595,2410
1.3749058786659882,0.006077767404877452,0.00010561963670556274,0.004644993853722159,8.978196585916036e-05,0.2594753346040739,0.25947531337219976,2411
1.3749036728976503,0.006075806245748444,0.00010560192865130803,0.0046454524318815865,8.978266026514456e-05,0.2594753712468243,0.2594753499073452,2412
1.3749014736039502,0.0060738507920167365,0.00010558427222422879,0.004645909719657695,8.978333610113255e-05,0.2594754069095281,0.2594753854633663,2413
1.3748992807742173,0.006071901431547629,0.00010556667262554844,0.004646365787555338,8.978414039797654e-05,0.2594754493507156,0.2594754277953088,2414
1.3748970943980094,0.006069958045959049,0.00010554912878259594,0.004646820630427834,8.978503592551833e-05,0.25947549660574676,0.2594754749387883,2415
1.374894914464989,0.0060680202053309505,0.000105531635261197,0.0046472741845192235,8.97858686651073e-05,0.2594755405473834,0.2594755187698313,2416
1.3748927409645764,0.006066087743516542,0.00010551418954064443,0.004647726417230979,8.978657839115051e-05,0.2594755779977345,0.2594755561123001,2417
1.3748905738864696,0.006064160932235266,0.00010549679480960676,0.004648177366783299,8.978726608653925e-05,0.2594756142854455,0.2594755922930004,2418
1.374888413220146,0.006062240074882081,0.00010547945515286634,0.004648627087410889,8.978804757631627e-05,0.2594756555222484,0.2594756334209786,2419
1.3748862589551933,0.006060325103968614,0.00010546217014210951,0.00464907558079566,8.978890402103714e-05,0.2594757007139861,0.25947567850206804,2420
1.374884111081301,0.006058415695340326,0.00010544493572156314,0.004649522801949164,8.97897202059411e-05,0.25947574378114674,0.2594757214591457,2421
1.3748819695880041,0.006056511696353278,0.00010542774958726908,0.004649968723097635,8.979044118376212e-05,0.259475781824407,0.2594757593943826,2422
1.3748798344649966,0.0060546132897506925,0.0001054106138001393,0.004650413368291984,8.979113551107038e-05,0.2594758184612766,0.25947579592409475,2423
1.3748777057018675,0.00605272071537367,0.00010539353159317054,0.004650856779007166,8.979189543473653e-05,0.25947585855924077,0.25947583591369167,2424
1.3748755832882456,0.00605083395035776,0.00010537650305651496,0.004651298962174336,8.979271805846896e-05,0.2594759019654315,0.2594758792100646,2425
1.374873467213852,0.006048952754918972,0.00010535952523160222,0.0046517398875158475,8.979351915096271e-05,0.2594759442353236,0.2594759213703857,2426
1.3748713574683147,0.0060470769852924424,0.00010534259600992499,0.004652179531383816,8.979424750351287e-05,0.2594759826669065,0.25947595969393933,2427
1.3748692540413472,0.0060452067521478145,0.000105325716559705,0.004652617907038065,8.979494546218394e-05,0.25947601949460763,0.2594759964144712,2428
1.3748671569226236,0.0060433422440164895,0.00010530888939118834,0.0046530550456518075,8.9795686056945e-05,0.25947605857184014,0.2594760353838079,2429
1.3748650661018214,0.006041483473222644,0.00010529211497075798,0.004653490957589937,8.979647882228555e-05,0.2594761004016571,0.25947607710459025,2430
1.3748629815686977,0.006039630268586036,0.00010527539124422645,0.00465392562401235,8.979726479872312e-05,0.2594761418730791,0.2594761184669851,2431
1.3748609033129553,0.006037782496202957,0.00010525871632302168,0.004654359025301803,8.9797996908891e-05,0.25947618050212695,0.25947615698812754,2432
1.3748588313243422,0.006035940209846308,0.00010524209067581746,0.004654791166933355,8.979869680838082e-05,0.25947621743146393,0.2594761938103908,2433
1.3748567655925998,0.0060341035535187645,0.0001052255161744504,0.004655222071547343,8.979942079476444e-05,0.25947625563156484,0.2594762319030711,2434
1.3748547061074596,0.006032272563888799,0.00010520899352862546,0.004655651751130494,8.980018691582654e-05,0.2594762960546738,0.2594762722178969,2435
1.374852652858714,0.006030447126161866,0.00010519252143044532,0.004656080195589239,8.98009570079132e-05,0.25947633668713355,0.2594763127419195,2436
1.3748506058361327,0.00602862712001738,0.0001051760982490652,0.004656507389475352,8.980168942598944e-05,0.25947637533163337,0.2594763512787603,2437
1.3748485650295026,0.006026812556098381,0.00010515972393302495,0.004656933333083696,8.980239017532047e-05,0.2594764123050509,0.2594763881452908,2438
1.3748465304286226,0.006025003538076046,0.00010514339978363884,0.004657358041945286,8.980310043646772e-05,0.25947644978019024,0.2594764255134843,2439
1.3748445020232793,0.006023200116122431,0.00010512712661605562,0.004657781528086036,8.980384282023226e-05,0.2594764889500401,0.2594764645757786,2440
1.3748424798033023,0.006021402221436519,0.0001051109037151839,0.0046582037878528815,8.98045960574051e-05,0.2594765286923749,0.25947650421031543,2441
1.3748404637585168,0.006019609751585078,0.00010509472974953667,0.0046586248100202515,8.980532543830597e-05,0.25947656717584516,0.2594765425864878,2442
1.374838453878756,0.006017822686760018,0.00010507860432633279,0.00465904459190074,8.980602603120714e-05,0.25947660414026075,0.2594765794442864,2443
1.3748364501538668,0.0060160410939121564,0.00010506252824699175,0.004659463143261883,8.980672534642332e-05,0.2594766410371198,0.2594766162346757,2444
1.374834452573691,0.0060142650266398895,0.00010504650230300001,0.004659880474970081,8.980744687517368e-05,0.25947667910584576,0.259476654196553,2445
1.3748324611280942,0.006012494452239125,0.00010503052622160713,0.00466029658777456,8.980818250304014e-05,0.2594767179183006,0.2594766929018937,2446
1.3748304758069536,0.006010729289620401,0.00010501459899859292,0.0046607114744649635,8.980890563913618e-05,0.2594767560715224,0.2594767309482844,2447
1.3748284966001478,0.0060089695003902955,0.00010499872006275385,0.004661125131141626,8.980960481181961e-05,0.2594767929602698,0.25947676773076694,2448
1.3748265234975676,0.006007215119193814,0.00010498288979410998,0.004661537563170873,8.98102955897146e-05,0.25947682940596245,0.259476804070473,2449
1.3748245564891068,0.006005466194452776,0.00010496710885692564,0.00466194877951303,8.981099922743876e-05,0.25947686653000024,0.25947684108835045,2450
1.3748225955646705,0.00600372271954054,0.00010495137727715235,0.0046623587835552755,8.981171701647146e-05,0.25947690440051346,0.25947687885246856,2451
1.3748206407141796,0.0060019846363138715,0.00010493569437855789,0.0046627675716181,8.98124309760269e-05,0.25947694206883354,0.25947691641452025,2452
1.3748186919275585,0.006000251898580241,0.00010492005954820978,0.004663175139901758,8.981312704420742e-05,0.2594769787930652,0.25947695303292273,2453
1.3748167491947407,0.005998524514488425,0.00010490447283784623,0.004663581490702243,8.981381107200455e-05,0.2594770148819132,0.2594769890162846,2454
1.3748148125056663,0.0059968025208577596,0.00010488893472028455,0.004663986630758537,8.981449980717375e-05,0.2594770512189802,0.259477025247863,2455
1.3748128818502807,0.005995085927086292,0.0001048734453873555,0.004664390564653558,8.981520023546686e-05,0.2594770881728233,0.25947706209605426,2456
1.3748109572185463,0.005993374697155535,0.00010485800445706199,0.0046647932915484264,8.981590257463289e-05,0.2594771252273373,0.2594770990449457,2457
1.37480903860043,0.005991668786159836,0.00010484261137643346,0.004665194808600078,8.981659344209166e-05,0.2594771616764774,0.25947713538877765,2458
1.374807125985906,0.0059899681829576725,0.00010482726597366454,0.0046655951162584445,8.98172716788257e-05,0.25947719745910286,0.2594771710664474,2459
1.3748052193649571,0.005988272909185406,0.00010481196850878875,0.0046659942191003695,8.981794832590904e-05,0.2594772331577264,0.2594772066602434,2460
1.374803318727571,0.005986582980812921,0.00010479671922480164,0.004666392121821075,8.981863261727914e-05,0.25947726925951137,0.25947724265713223,2461
1.3748014240637458,0.0059848983805570405,0.0001047815179706789,0.004666788825608243,8.981932163087596e-05,0.2594773056102922,0.25947727890300465,2462
1.3747995353634905,0.005983219071352041,0.00010476636431627849,0.004667184328993774,8.982000497749882e-05,0.25947734166195874,0.25947731484996883,2463
1.3747976526168177,0.005981545030767062,0.00010475125797201234,0.004667578631623538,8.982067744770167e-05,0.25947737713967856,0.25947735022330687,2464
1.3747957758137506,0.0059798762648925925,0.00010473619900246755,0.004667971736273942,8.982134434433962e-05,0.2594774123232209,0.25947738530268005,2465
1.3747939049443147,0.005978212788406259,0.00010472118761463322,0.004668363647061009,8.982201431703197e-05,0.2594774476689155,0.2594774205442376,2466
1.3747920399985467,0.0059765545972679055,0.00010470622380844209,0.004668754366371029,8.982268923804654e-05,0.25947748327553505,0.25947745604671346,2467
1.374790180966492,0.005974901665598952,0.00010469130730005836,0.004669143894142216,8.982336285757081e-05,0.25947751881335884,0.25947749148052035,2468
1.3747883278382016,0.0059732539673840535,0.0001046764377744197,0.004669532229993469,8.982402872561692e-05,0.25947755394211064,0.25947752650551964,2469
1.3747864806037333,0.005971611495814326,0.00010466161514592937,0.0046699193754381465,8.98246874331043e-05,0.25947758869296955,0.25947756115287796,2470
1.3747846392531535,0.005969974259007783,0.00010464683953237432,0.004670305333697273,8.982534516797182e-05,0.25947762339238967,0.2594775957489184,2471
1.374782803776532,0.005968342259660059,0.00010463211100318734,0.004670690107634536,8.982600620739169e-05,0.25947765826601654,0.259477630519199,2472
1.374780974163949,0.005966715483063118,0.00010461742941002261,0.004671073698353516,8.982666839030365e-05,0.25947769319984054,0.2594776653497607,2473
1.3747791504054916,0.0059650939057275185,0.00010460279448015858,0.004671456105927943,8.982732623506661e-05,0.2594777279046756,0.25947769995153624,2474
1.3747773324912531,0.0059634775126746606,0.00010458820603847907,0.004671837331184276,8.982797736450018e-05,0.25947776225511593,0.25947773419916886,2475
1.3747755204113337,0.0059618663033869715,0.00010457366409590975,0.004672217376434088,8.982862477593518e-05,0.2594777964092892,0.2594777682507196,2476
1.3747737141558378,0.0059602602812421435,0.00010455916872152784,0.0046725962444798055,8.982927295091074e-05,0.25947783060361973,0.2594778023425187,2477
1.3747719137148795,0.005958659439920252,0.00010454471986548736,0.004672973937202079,8.982992278797298e-05,0.25947786488550945,0.2594778365219545,2478
1.374770119078578,0.005957063761945517,0.00010453031733388256,0.00467335045533308,8.983057103016093e-05,0.2594778990831387,0.25947787061728234,2479
1.3747683302370592,0.0059554732295164295,0.00010451596092471255,0.004673725799521295,8.983121428131127e-05,0.25947793301734673,0.2594779044494147,2480
1.374766547180456,0.005953887834441553,0.00010450165055680856,0.004674099971365323,8.983185271000017e-05,0.2594779666970295,0.2594779380272399,2481
1.3747647698989063,0.005952307576547846,0.00010448738625213751,0.004674472973288124,8.983248946768625e-05,0.2594780002884409,0.25947797151694196,2482
1.3747629983825547,0.005950732453635066,0.00010447316800870162,0.004674844807525963,8.983312695498974e-05,0.2594780339182232,0.2594780050451151,2483
1.3747612326215506,0.005949162454773878,0.00010445899571473197,0.0046752154754401785,8.983376432779557e-05,0.25947806754184605,0.25947803856725427,2484
1.3747594726060524,0.005947597563741028,0.00010444486919121941,0.004675584977864859,8.983439877365211e-05,0.2594781010109437,0.2594780719350582,2485
1.3747577183262225,0.005946037767719485,0.00010443078830160013,0.0046759533159912775,8.983502874660173e-05,0.25947813424396393,0.25947810506700597,2486
1.3747559697722296,0.005944483061359409,0.00010441675300347268,0.004676320491765422,8.983565547620105e-05,0.2594781673057718,0.2594781380279318,2487
1.3747542269342472,0.00594293344242933,0.00010440276329434469,0.004676686507423918,8.983628134870204e-05,0.2594782003222501,0.2594781709436665,2488
1.374752489802455,0.005941388904671343,0.00010438881912153571,0.004677051364770794,8.98369072486141e-05,0.2594782333400594,0.25947820386085674,2489
1.3747507583670389,0.0059398494357521155,0.00010437492035556262,0.004677415065006077,8.983753179690179e-05,0.2594782662864525,0.2594782367067917,2490
1.3747490326181908,0.005938315021861985,0.00010436106684768846,0.004677777609226367,8.983815306534965e-05,0.25947829905971265,0.2594782693797985,2491
1.3747473125461072,0.005936785653327817,0.00010434725850159302,0.004678138998981231,8.983877067006546e-05,0.25947833163959066,0.25947830185963294,2492
1.3747455981409893,0.0059352613252323955,0.00010433349528231603,0.0046784992362836,8.983938600241332e-05,0.2594783640994854,0.25947833421966027,2493
1.374743889393045,0.005933742032994934,0.00010431977716002603,0.0046788583231273965,8.984000057621425e-05,0.2594783965192544,0.25947836653970624,2494
1.3747421862924865,0.005932227768127469,0.00010430610405457804,0.0046792162610832235,8.984061443872736e-05,0.25947842890139117,0.2594783988222693,2495
1.3747404888295311,0.0059307185185541594,0.00010429247583872692,0.004679573051390882,8.984122629128178e-05,0.2594784611773896,0.2594784309988769,2496
1.3747387969944025,0.005929214272608779,0.00010427889239037494,0.0046799286953922116,8.984183499187477e-05,0.259478493287009,0.25947846300931376,2497
1.3747371107773287,0.005927715022136437,0.00010426535363416479,0.004680283194809219,8.984244072146937e-05,0.25947852523979703,0.25947849486311997,2498
1.374735430168542,0.005926220761616705,0.00010425185953021227,0.00468063655159476,8.984304465055512e-05,0.25947855709749934,0.2594785266220133,2499
1.3747337551582792,0.005924731484691991,0.00010423841002732972,0.004680988767561865,8.984364762689474e-05,0.25947858890483677,0.2594785583306986,2500
1.3747320857367842,0.0059232471819679056,0.00010422500503303773,0.004681339844202746,8.984424934655068e-05,0.25947862064577704,0.2594785899731557,2501
1.3747304218943033,0.005921767842173036,0.0001042116444296571,0.004681689782862472,8.98448487988749e-05,0.259478652267009,0.2594786214960996,2502
1.3747287636210883,0.005920293455090709,0.00010419832811481739,0.0046820385850471595,8.984544538018575e-05,0.2594786837366897,0.25947865286770017,2503
1.3747271109073964,0.005918824013075967,0.00010418505602198243,0.004682386252534532,8.984603946414158e-05,0.259478715074531,0.2594786841076578,2504
1.374725463743487,0.005917359509796485,0.00010417182810210535,0.004682732787196199,8.98466319150713e-05,0.2594787463261273,0.2594787152615469,2505
1.3747238221196263,0.005915899937802471,0.0001041586442896052,0.0046830781907455715,8.984722316224199e-05,0.2594787775141229,0.25947874635200513,2506
1.3747221860260834,0.005914445287508966,0.00010414550448914069,0.0046834224646763595,8.984781282045306e-05,0.2594788086181995,0.2594787773587276,2507
1.3747205554531323,0.005912995548439594,0.00010413240859420307,0.004683765610433034,8.984840017307935e-05,0.25947883960055657,0.2594788082439325,2508
1.3747189303910516,0.005911550711215858,0.00010411935651502666,0.004684107629615302,8.984898493069656e-05,0.2594788704459285,0.2594788389923595,2509
1.3747173108301225,0.005910110768220054,0.00010410634818653881,0.004684448524006468,8.984956747434859e-05,0.2594789011744162,0.2594788696240991,2510
1.3747156967606322,0.00590867571243243,0.00010409338355079051,0.004684788295415926,8.985014840292454e-05,0.25947893181761134,0.259478900170729,2511
1.3747140881728697,0.005907245535814905,0.00010408046253445498,0.004685126945513836,8.985072791722738e-05,0.2594789623861068,0.25947893064284067,2512
1.3747124850571302,0.005905820228893307,0.00010406758504437631,0.004685464475824558,8.985130567011073e-05,0.25947899286159193,0.2594789610221351,2513
1.3747108874037113,0.005904399781805713,0.00010405475098339243,0.004685800887868789,8.985188117480941e-05,0.2594790232183917,0.25947899128295027,2514
1.374709295202914,0.0059029841856098955,0.00010404196026834713,0.004686136183297042,8.98524543026886e-05,0.2594790534497221,0.2594790214185044,2515
1.3747077084450445,0.0059015734325369735,0.000104029212832384,0.004686470363882503,8.985302537155776e-05,0.259479083572348,0.25947905144555333,2516
1.3747061271204113,0.0059001675150705075,0.00010401650861112941,0.004686803431395044,8.985359478704843e-05,0.2594791136076665,0.2594790813854853,2517
1.374704551219327,0.005898766424890209,0.00010400384752820596,0.0046871353874934326,8.98541626405413e-05,0.25947914356049856,0.2594791112431217,2518
1.3747029807321072,0.005897370152723275,0.00010399122949415892,0.004687466233740303,8.98547286594932e-05,0.25947917341646903,0.25947914100409686,2519
1.374701415649072,0.005895978689136935,0.00010397865441831255,0.004687795971712161,8.985529251627056e-05,0.25947920315829714,0.2594791706511391,2520
1.3746998559605434,0.005894592025392578,0.00010396612222054675,0.004688124603086599,8.9855854153921e-05,0.2594792327829799,0.2594792001812462,2521
1.3746983016568475,0.0058932101535314595,0.00010395363283170922,0.004688452129623875,8.985641381310763e-05,0.2594792623032126,0.2594792296071069,2522
1.3746967527283134,0.005891833065703484,0.00010394118618353594,0.0046887785530721066,8.985697177013558e-05,0.25947929173357037,0.2594792589432901,2523
1.374695209165273,0.0058904607534739015,0.00010392878219895034,0.004689103875096241,8.985752807161838e-05,0.2594793210765127,0.2594792881922567,2524
1.3746936709580622,0.005889093207771675,0.0001039164207919271,0.004689428097296901,8.98580825194006e-05,0.25947935032158853,0.25947931734356255,2525
1.3746921380970185,0.005887730419449679,0.00010390410187603491,0.0046897512212911155,8.985863489017044e-05,0.2594793794570199,0.2594793463854365,2526
1.374690610572483,0.005886372379850708,0.00010389182537253888,0.004690073248770801,8.985918515316848e-05,0.25947940848118534,0.2594793753162577,2527
1.3746890883747998,0.005885019080844056,0.0001038795912103914,0.004690394181485632,8.985973348017804e-05,0.2594794374031468,0.2594794041450831,2528
1.3746875714943152,0.0058836705143632895,0.00010386739931906989,0.004690714021174861,8.986028006353966e-05,0.25947946623305024,0.25947943288205466,2529
1.3746860599213793,0.0058823266719407645,0.00010385524962173065,0.004691032769518455,8.986082493603553e-05,0.2594794949726257,0.25947946152890333,2530
1.3746845536463432,0.005880987544674075,0.00010384314203520318,0.004691350428151313,8.986136796163291e-05,0.25947952361469884,0.2594794900784603,2531
1.3746830526595615,0.005879653123602907,0.00010383107647598606,0.004691666998720389,8.986190898484308e-05,0.2594795521510693,0.25947951852253015,2532
1.3746815569513913,0.005878323400094925,0.00010381905286601867,0.004691982482926314,8.986244798074923e-05,0.25947958058042386,0.2594795468598003,2533
1.3746800665121912,0.005876998365882343,0.00010380707113280413,0.004692296882512555,8.986298506609482e-05,0.259479608908921,0.2594795750964261,2534
1.374678581332324,0.005875678012758302,0.0001037951312044248,0.004692610199217932,8.986352037801077e-05,0.25947963714379463,0.25947960323963837,2535
1.374677101402152,0.005874362332254625,0.000103783233004643,0.004692922434740579,8.986405394821695e-05,0.25947966528671856,0.25947963129111185,2536
1.374675626712042,0.005873051315598938,0.00010377137645260621,0.00469323359074526,8.986458568892498e-05,0.2594796933330633,0.2594796592462208,2537
1.3746741572523624,0.0058717449539557156,0.00010375956146694994,0.004693543668902472,8.986511549004176e-05,0.25947972127702296,0.25947968709916314,2538
1.3746726930134834,0.005870443238696619,0.00010374778796997091,0.0046938526709201225,8.986564332524063e-05,0.25947974911720983,0.25947971484855215,2539
1.3746712339857763,0.005869146161450497,0.00010373605588807494,0.004694160598539637,8.986616926926941e-05,0.25947977685756735,0.2594797424983295,2540
1.3746697801596157,0.005867853713914771,0.00010372436514846932,0.004694467453504023,8.986669342135832e-05,0.25947980450333014,0.2594797700537275,2541
1.3746683315253778,0.005866565887628078,0.00010371271567559589,0.004694773237529838,8.9867215815576e-05,0.25947983205629593,0.2594797975165441,2542
1.3746668880734394,0.0058652826739138,0.00010370110739052243,0.0046950779523079675,8.986773640051363e-05,0.2594798595137541,0.25947982488407156,2543
1.3746654497941806,0.00586400406402408,0.00010368954021351735,0.004695381599529347,8.986825509825208e-05,0.2594798868715957,0.25947985215220387,2544
1.3746640166779818,0.005862730049330743,0.00010367801406713291,0.0046956841809098,8.98687718801959e-05,0.2594799141283134,0.259479879319435,2545
1.3746625887152257,0.005861460621386701,0.00010366652887693566,0.004695985698191945,8.986928678978984e-05,0.2594799412861995,0.25947990638805624,2546
1.3746611658962953,0.005860195771819141,0.00010365508456953984,0.004696286153124965,8.986979989841332e-05,0.2594799683490196,0.25947993336183184,2547
1.3746597482115777,0.005858935492169813,0.00010364368106999453,0.004696585547442621,8.987031124169354e-05,0.25947999531865357,0.2594799602426412,2548
1.3746583356514581,0.00585767977383047,0.0001036323183009039,0.00469688388285918,8.987082079494493e-05,0.25948002219380023,0.25947998702918523,2549
1.374656928206326,0.0058564286081183685,0.00010362099618387621,0.004697181161084843,8.987132850478964e-05,0.2594800489716451,0.2594800137186517,2550
1.3746555258665683,0.005855181986408379,0.00010360971464172595,0.004697477383844989,8.987183434221457e-05,0.25948007565065884,0.2594800403095129,2551
1.374654128622577,0.005853939900198697,0.00010359847359943709,0.004697772552885933,8.987233832803507e-05,0.25948010223194007,0.259480066802867,2552
1.3746527364647436,0.005852702341060972,0.00010358727298317148,0.004698066669963691,8.987284051179699e-05,0.2594801287181028,0.25948009320132687,2553
1.3746513493834593,0.0058514693005324945,0.00010357611271840853,0.004698359736827433,8.987334092811484e-05,0.2594801551109734,0.2594801195067189,2554
1.3746499673691184,0.005850240770051118,0.00010356499272896117,0.00469865175521249,8.987383957122608e-05,0.25948018141024876,0.2594801457187408,2555
1.3746485904121148,0.005849016740984134,0.00010355391293756322,0.004698942726847996,8.987433640740498e-05,0.2594802076141509,0.2594801718356165,2556
1.3746472185028427,0.005847797204714282,0.0001035428732673838,0.004699232653470846,8.987483141006888e-05,0.25948023372127865,0.2594801978559464,2557
1.3746458516316988,0.0058465821527019434,0.00010353187364304153,0.004699521536833316,8.987532458459575e-05,0.2594802597319164,0.2594802237800149,2558
1.3746444897890788,0.0058453715764730475,0.00010352091399031129,0.00469980937869856,8.987581596279777e-05,0.2594802856477428,0.25948024960950017,2559
1.3746431329653794,0.005844165467552294,0.00010350999423491345,0.0047000961808292075,8.987630557547077e-05,0.25948031147038275,0.2594802753460269,2560
1.3746417811509986,0.005842963817405162,0.00010349911430154115,0.0047003819449795035,8.987679342909656e-05,0.25948033720017893,0.2594803009899382,2561
1.3746404343363334,0.005841766617436894,0.00010348827411389007,0.004700666672897249,8.98772795058793e-05,0.2594803628361935,0.2594803265402976,2562
1.3746390925117833,0.005840573859042156,0.00010347747359558679,0.004700950366332732,8.987776378435078e-05,0.25948038837729503,0.25948035199597475,2563
1.3746377556677454,0.005839385533657198,0.00010346671267109755,0.004701233027046421,8.987824626061785e-05,0.2594804138232789,0.25948037735676593,2564
1.3746364237946194,0.0058382016327703555,0.00010345599126586952,0.00470151465680909,8.987872695233075e-05,0.2594804391750768,0.2594804026236025,2565
1.3746350968828043,0.005837022147887192,0.00010344530930567428,0.004701795257395166,8.987920588415205e-05,0.25948046443399014,0.2594804277977856,2566
1.3746337749226982,0.005835847070484949,0.00010343466671578225,0.004702074830575611,8.987968306905713e-05,0.259480489600704,0.25948045288000054,2567
1.3746324579047013,0.005834676391995542,0.00010342406342068596,0.0047023533781162695,8.988015850161143e-05,0.25948051467493255,0.2594804778699623,2568
1.3746311458192118,0.005833510103827456,0.00010341349934454308,0.0047026309017823625,8.988063216732427e-05,0.2594805396559122,0.2594805027669085,2569
1.3746298386566291,0.005832348197403946,0.00010340297441185377,0.004702907403344819,8.988110405832222e-05,0.25948056454322854,0.2594805275704253,2570
1.3746285364073516,0.005831190664183679,0.00010339248854781799,0.004703182884582975,8.988157418174134e-05,0.2594805893372586,0.25948055228089,2571
1.3746272390617786,0.005830037495649132,0.00010338204167811202,0.0047034573472818945,8.988204255481814e-05,0.25948061403891215,0.2594805768992122,2572
1.3746259466103075,0.005828888683276143,0.00010337163372832552,0.004703730793227114,8.988250919229165e-05,0.25948063864896725,0.25948060142617013,2573
1.3746246590433364,0.00582774421851177,0.00010336126462356354,0.004704003224201384,8.988297409733971e-05,0.2594806631675922,0.2594806258619325,2574
1.374623376351263,0.0058266040927774055,0.00010335093428850665,0.004704274641985794,8.988343726297667e-05,0.25948068759441933,0.25948065020613226,2575
1.3746220985244844,0.0058254682974914936,0.00010334064264783742,0.00470454504836384,8.988389868152636e-05,0.2594807119290445,0.2594806744583661,2576
1.3746208255533963,0.005824336824090972,0.00010333038962662869,0.004704814445124852,8.988435835350793e-05,0.25948073617149575,0.25948069861866263,2577
1.3746195574283948,0.005823209664034341,0.00010332017515040998,0.004705082834064103,8.988481628891374e-05,0.25948076032230083,0.2594807226875495,2578
1.374618294139875,0.00582208680878608,0.00010330999914487413,0.00470535021697993,8.988527250071406e-05,0.25948078438214445,0.2594807466657116,2579
1.374617035678231,0.0058209682497972195,0.0001032998615355054,0.004705616595670527,8.98857269967712e-05,0.25948080835144194,0.2594807705535643,2580
1.3746157820338565,0.005819853978497915,0.00010328976224743696,0.004705881971932931,8.988617977674899e-05,0.25948083223017626,0.259480794351091,2581
1.374614533197143,0.0058187439863063555,0.00010327970120563082,0.0047061463475647535,8.98866308359641e-05,0.2594808560181011,0.2594808180580463,2582
1.3746132891584835,0.00581763826464507,0.00010326967833516732,0.004706409724366996,8.988708017211633e-05,0.25948087971509587,0.25948084167430985,2583
1.3746120499082672,0.005816536804950653,0.00010325969356144502,0.004706672104145578,8.988752778944519e-05,0.2594809033213848,0.2594808652001063,2584
1.3746108154368841,0.00581543959867016,0.00010324974681010715,0.004706933488710597,8.988797369718174e-05,0.2594809268374554,0.25948088863592317,2585
1.374609585734722,0.005814346637248449,0.00010323983800681407,0.00470719387987413,8.988841790434767e-05,0.2594809502637841,0.25948091198223705,2586
1.3746083607921684,0.005813257912117652,0.00010322996707701998,0.0047074532794484985,8.988886041525763e-05,0.25948097360059913,0.2594809352392763,2587
1.374607140599608,0.005812173414696414,0.00010322013394597302,0.004707711689246211,8.98893012292917e-05,0.25948099684786846,0.25948095840700947,2588
1.374605925147426,0.005811093136398406,0.00010321033853887027,0.004707969111081471,8.988974034447642e-05,0.25948102000548867,0.25948098148533355,2589
1.3746047144260047,0.005810017068642361,0.00010320058078103775,0.004708225546771904,8.989017776166138e-05,0.2594810430735052,0.25948100447429434,2590
1.3746035084257255,0.005808945202855609,0.00010319086059802025,0.004708480998139147,8.989061348609833e-05,0.25948106605219573,0.25948102737416967,2591
1.3746023071369682,0.005807877530469169,0.00010318117791548357,0.004708735467008006,8.989104752540741e-05,0.2594810889419627,0.2594810501853621,2592
1.3746011105501106,0.005806814042909238,0.00010317153265904699,0.004708988955205028,8.989147988599315e-05,0.25948111174314453,0.2594810729082102,2593
1.374599918655529,0.005805754731591863,0.00010316192475418134,0.004709241464557556,8.9891910570815e-05,0.25948113445589793,0.25948109554287097,2594
1.3745987314435986,0.005804699587924425,0.0001031523541262366,0.004709492996893998,8.989233958004402e-05,0.25948115708023256,0.2594811180893543,2595
1.3745975489046918,0.005803648603312011,0.00010314282070055357,0.004709743554044914,8.98927669137135e-05,0.2594811796161508,0.25948114054766297,2596
1.3745963710291789,0.0058026017691631595,0.00010313332440258595,0.004709993137844018,8.989319257421988e-05,0.25948120206377967,0.2594811629179244,2597
1.3745951978074291,0.005801559076890747,0.00010312386515791094,0.0047102417501283965,8.989361656667651e-05,0.25948122442338944,0.25948118520040886,2598
1.3745940292298093,0.005800520517907903,0.00010311444289216141,0.004710489392737834,8.989403889726948e-05,0.259481246695307,0.25948120739544334,2599
1.3745928652866841,0.0057994860836225,0.00010310505753092513,0.004710736067513884,8.98944595709976e-05,0.2594812688797965,0.25948122950329217,2600
1.3745917059684165,0.00579845576543465,0.00010309570899967874,0.004710981776299421,8.989487859051763e-05,0.25948129097699874,0.25948125152409623,2601
1.374590551265366,0.005797429554738389,0.00010308639722381585,0.004711226520938876,8.989529595689173e-05,0.2594813129869703,0.2594812734579126,2602
1.374589401167891,0.005796407442925952,0.00010307712212874043,0.004711470303278967,8.989571167143678e-05,0.25948133490978126,0.25948129530481145,2603
1.374588255666347,0.005795389421391032,0.00010306788363992747,0.004711713125169289,8.989612573712874e-05,0.25948135674558914,0.25948131706495053,2604
1.3745871147510866,0.00579437548152884,0.0001030586816829326,0.004711954988462388,8.989653815868571e-05,0.25948137849464337,0.2594813387385794,2605
1.3745859784124612,0.005793365614733171,0.00010304951618332332,0.004712195895013329,8.989694894129648e-05,0.25948140015721816,0.2594813603259724,2606
1.3745848466408186,0.005792359812392991,0.00010304038706662154,0.004712435846679115,8.989735808923933e-05,0.2594814217335397,0.2594813818273557,2607
1.3745837194265036,0.005791358065890996,0.00010303129425826796,0.004712674845318403,8.989776560526e-05,0.25948144322375344,0.2594814032428751,2608
1.37458259675986,0.005790360366604977,0.0001030222376836548,0.004712912892791681,8.989817149117689e-05,0.2594814646279558,0.259481424572627,2609
1.3745814786312274,0.005789366705910508,0.00010301321726817091,0.004713149990961733,8.989857574904112e-05,0.25948148594625553,0.2594814458167204,2610
1.3745803650309423,0.0057883770751830255,0.00010300423293724986,0.004713386141694017,8.989897838204283e-05,0.25948150717882146,0.2594814669753244,2611
1.3745792559493393,0.005787391465797693,0.00010299528461635284,0.004713621346856725,8.989937939442808e-05,0.25948152832587806,0.2594814880486635,2612
1.3745781513767499,0.005786409869127402,0.00010298637223094751,0.004713855608320498,8.989977879076296e-05,0.2594815493876667,0.259481509036979,2613
1.3745770513035016,0.0057854322765406,0.00010297749570646359,0.004714088927958046,8.990017657500844e-05,0.25948157036439684,0.2594815299404805,2614
1.37457595571992,0.0057844586794003295,0.00010296865496826457,0.004714321307643969,8.990057275010337e-05,0.259481591256224,0.2594815507593238,2615
1.3745748646163272,0.005783489069065146,0.00010295984994167755,0.004714552749254864,8.990096731842035e-05,0.25948161206327386,0.2594815714936344,2616
1.3745737779830411,0.005782523436890852,0.00010295108055201249,0.00471478325466963,8.99013602824405e-05,0.2594816327856778,0.2594815921435441,2617
1.3745726958103777,0.005781561774231777,0.00010294234672459071,0.004715012825769694,8.990175164536603e-05,0.2594816534236053,0.2594816127092223,2618
1.3745716180886491,0.00578060407244075,0.00010293364838474803,0.004715241464439091,8.990214141112246e-05,0.25948167397726385,0.2594816331908766,2619
1.3745705448081635,0.005779650322867857,0.00010292498545780597,0.004715469172564264,8.99025295838501e-05,0.25948169444687236,0.2594816535887259,2620
1.3745694759592264,0.0057787005168589,0.00010291635786905969,0.004715695952033848,8.990291616735461e-05,0.25948171483263205,0.25948167390297144,2621
1.3745684115321388,0.005777754645754807,0.00010290776554375535,0.004715921804738536,8.990330116481113e-05,0.2594817351347109,0.2594816941337814,2622
1.3745673515171994,0.0057768127008920745,0.00010289920840709111,0.004716146732571142,8.990368457894965e-05,0.2594817553532534,0.2594817142813001,2623
1.3745662959047014,0.005775874673603842,0.00010289068638423806,0.004716370737426773,8.990406641252752e-05,0.2594817754884055,0.25948173434567395,2624
1.3745652446849361,0.005774940555220781,0.00010288219940036058,0.004716593821202994,8.99044466687317e-05,0.2594817955403358,0.25948175432707116,2625
1.3745641978481897,0.005774010337071109,0.00010287374738061644,0.004716815985799865,8.990482535122397e-05,0.2594818155092379,0.25948177422568564,2626
1.374563155384745,0.005773084010479842,0.00010286533025015367,0.004717037233119861,8.990520246389884e-05,0.25948183539531766,0.25948179404172317,2627
1.374562117284881,0.005772161566767893,0.00010285694793408506,0.004717257565067739,8.99055780104719e-05,0.2594818551987716,0.2594818137753802,2628
1.3745610835388724,0.005771242997251487,0.00010284860035748283,0.004717476983550454,8.990595199429884e-05,0.25948187491977714,0.2594818334268343,2629
1.3745600541369898,0.0057703282932423374,0.0001028402874453634,0.004717695490477169,8.990632441836902e-05,0.25948189455849247,0.25948185299624343,2630
1.3745590290694998,0.005769417446048262,0.00010283200912271096,0.004717913087759356,8.990669528563297e-05,0.25948191411507365,0.259481872483764,2631
1.3745580083266646,0.005768510446973695,0.00010282376531448338,0.004718129777310869,8.990706459925392e-05,0.259481933589688,0.2594818918895631,2632
1.3745569918987424,0.005767607287319882,0.00010281555594563021,0.004718345561048008,8.990743236274462e-05,0.2594819529825213,0.2594819112138266,2633
1.3745559797759868,0.00576670795838451,0.00010280738094107538,0.004718560440889503,8.990779857980849e-05,0.2594819722937693,0.25948193045675016,2634
1.3745549719486472,0.005765812451461125,0.00010279924022570726,0.0047187744187564395,8.990816325411846e-05,0.25948199152362617,0.2594819496185279,2635
1.3745539684069683,0.0057649207578386935,0.00010279113372436386,0.004718987496572223,8.990852638911065e-05,0.2594820106722736,0.2594819686993416,2636
1.37455296914119,0.005764032868801424,0.00010278306136184092,0.004719199676262516,8.990888798799708e-05,0.2594820297398815,0.25948198769936104,2637
1.374551974141549,0.005763148775629131,0.00010277502306288745,0.004719410959755297,8.990924805387714e-05,0.25948204872661373,0.25948200661875004,2638
1.3745509833982756,0.005762268469597605,0.00010276701875221964,0.004719621348980921,8.990960658994294e-05,0.25948206763263915,0.2594820254576774,2639
1.3745499969015957,0.005761391941978767,0.00010275904835452619,0.004719830845872166,8.990996359959089e-05,0.2594820864581373,0.25948204421632276,2640
1.3745490146417316,0.005760519184040595,0.00010275111179446373,0.00472003945236425,8.991031908639537e-05,0.2594821052032972,0.2594820628948749,2641
1.3745480366088996,0.005759650187046759,0.00010274320899665051,0.004720247170394804,8.991067305396977e-05,0.25948212386830977,0.2594820814935248,2642
1.3745470627933112,0.005758784942256236,0.00010273533988565438,0.004720454001903839,8.991102550582124e-05,0.2594821424533605,0.25948210001245775,2643
1.374546093185173,0.005757923440923117,0.00010272750438599409,0.0047206599488336986,8.991137644528433e-05,0.25948216095862564,0.2594821184518501,2644
1.3745451277746872,0.005757065674296623,0.00010271970242214676,0.00472086501312906,8.991172587561682e-05,0.2594821793842775,0.2594821368118738,2645
1.3745441665520493,0.005756211633621409,0.00010271193391854112,0.004721069196736998,8.991207380005338e-05,0.25948219773048703,0.2594821550927001,2646
1.3745432095074517,0.005755361310137701,0.00010270419879956413,0.004721272501607015,8.991242022194455e-05,0.25948221599743143,0.2594821732945058,2647
1.3745422566310792,0.005754514695081329,0.00010269649698956393,0.004721474929691054,8.991276514476518e-05,0.25948223418529437,0.25948219141747464,2648
1.3745413079131132,0.005753671779683537,0.00010268882841284546,0.004721676482943514,8.991310857206802e-05,0.25948225229426364,0.2594822094617943,2649
1.3745403633437299,0.005752832555170675,0.00010268119299366176,0.0047218771633212135,8.991345050738176e-05,0.25948227032452575,0.259482227427651,2650
1.374539422913098,0.005751997012764006,0.00010267359065621842,0.004722076972783361,8.991379095415507e-05,0.259482288276263,0.25948224531522707,2651
1.3745384866113821,0.005751165143679614,0.00010266602132466692,0.004722275913291561,8.991412991573567e-05,0.2594823061496524,0.25948226312469935,2652
1.3745375544287413,0.005750336939128534,0.00010265848492311145,0.00472247398680983,8.991446739545343e-05,0.2594823239448699,0.2594822808562438,2653
1.3745366263553287,0.005749512390316868,0.00010265098137559724,0.00472267119530463,8.991480339664247e-05,0.25948234166209183,0.25948229851003646,2654
1.3745357023812916,0.005748691488445826,0.00010264351060612064,0.0047228675407448885,8.991513792270964e-05,0.2594823593014982,0.25948231608625727,2655
1.374534782496771,0.0057478742247116365,0.00010263607253863875,0.004723063025101994,8.991547097717871e-05,0.2594823768632753,0.25948233358509254,2656
1.3745338666919045,0.005747060590305425,0.00010262866709705004,0.004723257650349802,8.991580256357347e-05,0.25948239434760934,0.25948235100672795,2657
1.3745329549568206,0.0057462505764129534,0.00010262129420519671,0.004723451418464618,8.991613268537468e-05,0.2594824117546843,0.2594823683513477,2658
1.3745320472816438,0.005745444174214589,0.00010261395378686946,0.004723644331425193,8.991646134604203e-05,0.259482429084683,0.2594823856191343,2659
1.3745311436564924,0.005744641374885209,0.00010260664576579788,0.004723836391212722,8.991678854896584e-05,0.25948244633778467,0.2594824028102667,2660
1.3745302440714777,0.005743842169594298,0.00010259937006565074,0.004724027599810888,8.991711429751226e-05,0.2594824635141672,0.2594824199249228,2661
1.3745293485167052,0.0057430465495059676,0.00010259212661004425,0.004724217959205832,8.991743859509805e-05,0.2594824806140112,0.2594824369632831,2662
1.3745284569822755,0.0057422545057789235,0.0001025849153225388,0.004724407471386203,8.991776144519157e-05,0.2594824976374999,0.25948245392553043,2663
1.3745275694582804,0.005741466029566421,0.00010257773612663966,0.004724596138343141,8.991808285129497e-05,0.25948251458481847,0.25948247081185,2664
1.3745266859348073,0.005740681112016128,0.0001025705889457881,0.004724783962070286,8.991840281692836e-05,0.25948253145615285,0.2594824876224275,2665
1.3745258064019374,0.005739899744270019,0.00010256347370336896,0.004724970944563781,8.991872134559083e-05,0.259482548251688,0.2594825043574475,2666
1.374524930849744,0.005739121917464244,0.00010255639032269887,0.004725157087822255,8.991903844073205e-05,0.25948256497160616,0.25948252101709224,2667
1.3745240592682946,0.005738347622729115,0.00010254933872703734,0.004725342393846837,8.991935410579439e-05,0.2594825816160893,0.25948253760154344,2668
1.3745231916476497,0.005737576851189151,0.00010254231883958082,0.004725526864641171,8.991966834422029e-05,0.25948259818531927,0.25948255411098287,2669
1.374522327977864,0.0057368095939630236,0.00010253533058345664,0.004725710502211423,8.991998115945328e-05,0.2594826146794781,0.2594825705455921,2670
1.3745214682489848,0.0057360458421636005,0.0001025283738817337,0.0047258933085662985,8.992029255498747e-05,0.25948263109875036,0.25948258690555565,2671
1.374520612451052,0.005735285586897808,0.00010252144865741866,0.0047260752857170305,8.992060253434339e-05,0.2594826474433221,0.2594826031910595,2672
1.3745197605741004,0.005734528819266563,0.0001025145548334452,0.004726256435677406,8.992091110103001e-05,0.25948266371337875,0.25948261940228845,2673
1.374518912608156,0.005733775530364637,0.00010250769233269223,0.0047264367604637324,8.992121825857638e-05,0.25948267990910673,0.2594826355394291,2674
1.3745180685432394,0.0057330257112806335,0.00010250086107796072,0.004726616262094871,8.992152401046108e-05,0.25948269603068985,0.25948265160266465,2675
1.3745172283693634,0.0057322793530969335,0.00010249406099198957,0.00472679494259223,8.992182836017324e-05,0.25948271207831247,0.2594826675921794,2676
1.3745163920765326,0.005731536446889661,0.00010248729199744381,0.0047269728039797815,8.992213131117997e-05,0.2594827280521578,0.25948268350815645,2677
1.374515559654747,0.005730796983728749,0.00010248055401691807,0.004727149848284069,8.992243286696948e-05,0.25948274395241006,0.25948269935077956,2678
1.374514731093996,0.005730060954677766,0.0001024738469729444,0.004727326077534205,8.992273303106479e-05,0.25948275977925545,0.25948271512023485,2679
1.3745139063842648,0.0057293283507939205,0.0001024671707879823,0.004727501493761879,8.992303180699947e-05,0.2594827755328806,0.25948273081670864,2680
1.3745130855155303,0.005728599163128019,0.00010246052538441655,0.004727676099001372,8.992332919830403e-05,0.2594827912134721,0.2594827464403871,2681
1.3745122684777606,0.005727873382724297,0.00010245391068456415,0.004727849895289547,8.99236252085206e-05,0.25948280682121705,0.2594827619914572,2682
1.3745114552609183,0.005727151000620454,0.00010244732661066807,0.004728022884665864,8.99239198411724e-05,0.25948282235630155,0.25948277747010473,2683
1.3745106458549565,0.00572643200784752,0.00010244077308489054,0.004728195069172388,8.992421309975956e-05,0.2594828378189105,0.25948279287651443,2684
1.3745098402498226,0.0057257163954298725,0.00010243425002932978,0.004728366450853779,8.992450498782017e-05,0.25948285320923087,0.2594828082108728,2685
1.3745090384354546,0.005725004154385204,0.00010242775736600125,0.00472853703175732,8.992479550886394e-05,0.259482868527448,0.25948282347336504,2686
1.3745082404017839,0.005724295275724446,0.00010242129501685077,0.004728706813932913,8.992508466644694e-05,0.2594828837737498,0.2594828386641786,2687
1.3745074461387339,0.005723589750451765,0.00010241486290373845,0.004728875799433094,8.99253724640927e-05,0.2594828989483223,0.25948285378349945,2688
1.3745066556362193,0.005722887569564422,0.00010240846094846062,0.004729043990313023,8.992565890538791e-05,0.2594829140513551,0.2594828688315167,2689
1.374505868884148,0.005722188724052784,0.00010240208907272816,0.004729211388630496,8.99259439938815e-05,0.25948292908303555,0.25948288380841744,2690
1.374505085872419,0.005721493204900176,0.00010239574719817544,0.004729377996445961,8.992622773313498e-05,0.2594829440435518,0.2594828987143896,2691
1.3745043065909242,0.005720801003082901,0.00010238943524635789,0.0047295438158225156,8.992651012671e-05,0.25948295893309203,0.25948291354962094,2692
1.374503531029546,0.005720112109570221,0.00010238315313874395,0.004729708848825918,8.99267911781356e-05,0.2594829737518426,0.2594829283142976,2693
1.37450275917816,0.005719426515324207,0.00010237690079673038,0.004729873097524586,8.992707089098612e-05,0.2594829884999923,0.2594829430086079,2694
1.3745019910266323,0.005718744211299747,0.00010237067814162846,0.004730036563989605,8.992734926882019e-05,0.2594830031777291,0.25948295763273965,2695
1.374501226564822,0.005718065188444515,0.00010236448509467329,0.004730199250294732,8.9927626315227e-05,0.2594830177852426,0.259482972186882,2696
1.3745004657825788,0.005717389437698892,0.00010235832157701106,0.004730361158516422,8.992790203377898e-05,0.2594830323227214,0.25948298667122327,2697
1.374499708669744,0.005716716949995924,0.00010235218750971087,0.00473052229073381,8.99281764280812e-05,0.259483046790356,0.2594830010859536,2698
1.3744989552161515,0.005716047716261247,0.00010234608281375124,0.004730682649028738,8.992844950170829e-05,0.25948306118833514,0.2594830154312613,2699
1.3744982054116244,0.005715381727413023,0.00010234000741003016,0.004730842235485749,8.99287212582528e-05,0.25948307551684857,0.25948302970733605,2700
1.3744974592459802,0.005714718974361916,0.00010233396121936135,0.0047310010521920895,8.992899170131263e-05,0.2594830897760863,0.25948304391436716,2701
1.3744967167090238,0.005714059448010982,0.00010232794416246732,0.004731159101237725,8.992926083446255e-05,0.25948310396623714,0.25948305805254346,2702
1.3744959777905565,0.005713403139255707,0.00010232195615998948,0.004731316384715337,8.992952866130368e-05,0.25948311808749125,0.25948307212205435,2703
1.3744952424803658,0.005712750038983872,0.0001023159971324834,0.004731472904720333,8.992979518544986e-05,0.2594831321400395,0.2594830861230905,2704
1.374494510768233,0.005712100138075586,0.00010231006700041897,0.004731628663350868,8.99300604105276e-05,0.25948314612407336,0.2594831000558432,2705
1.3744937826439299,0.005711453427403188,0.00010230416568416669,0.00473178366270785,8.993032434013712e-05,0.259483160039783,0.2594831139205019,2706
1.3744930580972188,0.005710809897831185,0.00010229829310401456,0.004731937904894929,8.993058697789557e-05,0.2594831738873594,0.25948312771725757,2707
1.3744923371178537,0.005710169540216196,0.00010229244918016397,0.0047320913920185104,8.993084832744116e-05,0.25948318766699474,0.2594831414463017,2708
1.3744916196955792,0.005709532345406865,0.00010228663383272226,0.004732244126187758,8.993110839238378e-05,0.2594832013788796,0.25948315510782466,2709
1.3744909058201307,0.005708898304243876,0.00010228084698170866,0.004732396109514602,8.993136717636173e-05,0.2594832150232061,0.2594831687020181,2710
1.3744901954812339,0.005708267407559834,0.00010227508854705221,0.004732547344113755,8.993162468301028e-05,0.2594832286001662,0.25948318222907363,2711
1.3744894886686059,0.005707639646179312,0.00010226935844858302,0.0047326978321027184,8.993188091595413e-05,0.25948324210995133,0.2594831956891822,2712
1.3744887853719536,0.005707015010918713,0.00010226365660604707,0.004732847575601789,8.993213587885073e-05,0.2594832555527546,0.25948320908253664,2713
1.374488085580975,0.005706393492586265,0.00010225798293908738,0.0047329965767340595,8.993238957533544e-05,0.25948326892876794,0.25948322240932853,2714
1.374487389285359,0.005705775081981921,0.00010225233736726091,0.004733144837625426,8.99326420090679e-05,0.2594832822381846,0.2594832356697505,2715
1.3744866964747842,0.005705159769897322,0.00010224671981003,0.004733292360404598,8.993289318371726e-05,0.25948329548119836,0.25948324886399593,2716
1.3744860071389196,0.005704547547115742,0.00010224113018675718,0.004733439147203094,8.993314310292325e-05,0.25948330865800134,0.2594832619922567,2717
1.3744853212674244,0.005703938404412052,0.000102235568416715,0.004733585200155264,8.993339177036247e-05,0.2594833217687877,0.25948327505472646,2718
1.3744846388499488,0.005703332332552632,0.00010223003441907751,0.004733730521398297,8.993363918971053e-05,0.25948333481375147,0.25948328805159887,2719
1.374483959876133,0.005702729322295385,0.00010222452811292149,0.004733875113072228,8.99338853646368e-05,0.2594833477930864,0.2594833009830671,2720
1.374483284335606,0.005702129364389649,0.00010221904941721772,0.004734018977319942,8.993413029879272e-05,0.2594833607069853,0.2594833138493237,2721
1.3744826122179894,0.005701532449576104,0.00010221359825085294,0.004734162116287168,8.993437399588568e-05,0.2594833735556439,0.2594833266505638,2722
1.3744819435128919,0.005700938568586756,0.00010220817453260688,0.0047343045321225,8.993461645958722e-05,0.259483386339256,0.2594833393869809,2723
1.374481278209914,0.005700347712144871,0.00010220277818116872,0.004734446226977396,8.993485769361215e-05,0.25948339905801776,0.2594833520587707,2724
1.374480616298646,0.0056997598709649325,0.00010219740911511663,0.004734587203006197,8.993509770163216e-05,0.259483411712123,0.2594833646661265,2725
1.374479957768667,0.005699175035752599,0.00010219206725293984,0.004734727462366126,8.993533648737369e-05,0.2594834243017685,0.25948337720924464,2726
1.3744793026095468,0.005698593197204659,0.00010218675251301304,0.004734867007217314,8.993557405451167e-05,0.25948343682714825,0.25948338968831874,2727
1.3744786508108446,0.005698014346008911,0.00010218146481362043,0.004735005839722777,8.9935810406779e-05,0.2594834492884593,0.2594834021035452,2728
1.3744780023621088,0.005697438472844223,0.00010217620407293964,0.004735143962048443,8.993604554788224e-05,0.2594834616858973,0.2594834144551195,2729
1.3744773572528781,0.005696865568380331,0.00010217097020904202,0.0047352813763631525,8.993627948151858e-05,0.2594834740196575,0.25948342674323616,2730
1.3744767154726802,0.005696295623277914,0.00010216576313990409,0.004735418084838663,8.993651221142418e-05,0.25948348628993706,0.259483438968092,2731
1.3744760770110325,0.00569572862818846,0.00010216058278339896,0.004735554089649652,8.993674374134366e-05,0.2594834984969337,0.2594834511298842,2732
1.3744754418574412,0.005695164573754294,0.00010215542905728791,0.004735689392973747,8.993697407499117e-05,0.25948351064084346,0.2594834632288085,2733
1.3744748100014028,0.0056946034506084545,0.00010215030187923135,0.004735823996991525,8.993720321611354e-05,0.25948352272186415,0.25948347526506194,2734
1.3744741814324026,0.005694045249374691,0.0001021452011667809,0.0047359579038865115,8.993743116844078e-05,0.25948353474019265,0.25948348723884107,2735
1.3744735561399148,0.005693489960667369,0.00010214012683738393,0.004736091115845184,8.993765793571875e-05,0.2594835466960267,0.2594834991503432,2736
1.3744729341134028,0.00569293757509143,0.00010213507880838537,0.004736223635056987,8.99378835217102e-05,0.2594835585895649,0.25948351099976635,2737
1.3744723153423197,0.005692388083242324,0.00010213005699701828,0.0047363554637143415,8.993810793016e-05,0.25948357042100495,0.2594835227873077,2738
1.3744716998161068,0.005691841475705999,0.0001021250613204088,0.004736486604012648,8.993833116482468e-05,0.2594835821905451,0.2594835345131651,2739
1.3744710875241948,0.005691297743058796,0.00010212009169557849,0.00473661705815029,8.993855322947553e-05,0.2594835938983845,0.2594835461775371,2740
1.3744704784560036,0.005690756875867471,0.00010211514803943654,0.004736746828328667,8.993877412788284e-05,0.25948360554472205,0.25948355778062215,2741
1.3744698726009408,0.005690218864689074,0.00010211023026878362,0.004736875916752171,8.993899386382006e-05,0.259483617129757,0.259483569322619,2742
1.3744692699484042,0.005689683700070921,0.00010210533830030885,0.004737004325628213,8.993921244106286e-05,0.25948362865368857,0.25948358080372635,2743
1.3744686704877793,0.005689151372550535,0.00010210047205059616,0.004737132057167217,8.99394298634048e-05,0.25948364011671704,0.25948359222414397,2744
1.3744680742084412,0.005688621872655591,0.00010209563143611126,0.0047372591135826396,8.993964613462052e-05,0.2594836515190416,0.2594836035840704,2745
1.374467481099752,0.005688095190903883,0.00010209081637321387,0.004737385497090966,8.993986125850158e-05,0.25948366286086244,0.2594836148837056,2746
1.3744668911510638,0.005687571317803208,0.00010208602677815224,0.004737511209911722,8.994007523885323e-05,0.2594836741423803,0.25948362612324954,2747
1.3744663043517171,0.0056870502438514025,0.00010208126256706449,0.0047376362542674915,8.994028807949134e-05,0.2594836853637967,0.2594836373029031,2748
1.37446572069104,0.005686531959536281,0.00010207652365596725,0.004737760632383924,8.994049978420863e-05,0.25948369652531167,0.2594836484228661,2749
1.3744651401583492,0.005686016455335525,0.00010207180996076977,0.004737884346489728,8.994071035682098e-05,0.2594837076271267,0.2594836594833393,2750
1.3744645627429504,0.005685503721716646,0.00010206712139726519,0.004738007398816694,8.994091980115281e-05,0.2594837186694436,0.2594836704845239,2751
1.3744639884341365,0.0056849937491369774,0.00010206245788113096,0.004738129791599689,8.994112812101485e-05,0.25948372965246347,0.2594836814266207,2752
1.374463417221189,0.005684486528043587,0.00010205781932793172,0.004738251527076667,8.994133532023261e-05,0.25948374057638823,0.259483692309831,2753
1.3744628490933777,0.005683982048873152,0.00010205320565311874,0.004738372607488682,8.994154140264954e-05,0.2594837514414207,0.259483703134357,2754
1.3744622840399607,0.00568348030205205,0.0001020486167720283,0.0047384930350798824,8.994174637210809e-05,0.2594837622477637,0.2594837139004008,2755
1.3744617220501834,0.005682981277996233,0.00010204405259987305,0.00473861281209755,8.994195023244018e-05,0.2594837729956194,0.25948372460816427,2756
1.3744611631132795,0.005682484967111167,0.00010203951305175462,0.004738731940792079,8.994215298749782e-05,0.25948378368519115,0.2594837352578501,2757
1.3744606072184704,0.005681991359791852,0.00010203499804265379,0.0047388504234170065,8.994235464113935e-05,0.2594837943166825,0.25948374584966133,2758
1.3744600543549654,0.005681500446422665,0.00010203050748743381,0.004738968262228995,8.994255519721368e-05,0.2594838048902966,0.2594837563838005,2759
1.374459504511962,0.005681012217377341,0.00010202604130084056,0.0047390854594878545,8.994275465958871e-05,0.25948381540623755,0.25948376686047114,2760
1.374458957678645,0.005680526663018981,0.00010202159939749913,0.004739202017456553,8.994295303213026e-05,0.25948382586470936,0.2594837772798767,2761
1.374458413844186,0.005680043773699905,0.00010201718169191857,0.004739317938401212,8.994315031870841e-05,0.25948383626591626,0.25948378764222085,2762
1.3744578729977461,0.005679563539761649,0.00010201278809848846,0.004739433224591115,8.994334652321223e-05,0.25948384661006346,0.2594837979477082,2763
1.374457335128472,0.005679085951534959,0.00010200841853147267,0.004739547878298745,8.994354164951397e-05,0.2594838568973553,0.25948380819654254,2764
1.3744568002254995,0.005678610999339655,0.00010200407290501907,0.0047396619017997495,8.994373570150592e-05,0.2594838671279972,0.2594838183889286,2765
1.3744562682779506,0.005678138673484647,0.00010199975113315288,0.00473977529737299,8.994392868309412e-05,0.25948387730219524,0.25948382852507185,2766
1.3744557392749348,0.005677668964267853,0.00010199545312977443,0.004739888067300524,8.99441205981625e-05,0.2594838874201544,0.2594838386051769,2767
1.3744552132055494,0.005677201861976143,0.00010199117880866489,0.004740000213867616,8.994431145062453e-05,0.2594838974820811,0.25948384862944945,2768
1.3744546900588788,0.005676737356885287,0.0001019869280834815,0.004740111739362749,8.994450124438846e-05,0.2594839074881817,0.25948385859809514,2769
1.3744541698239943,0.005676275439259914,0.00010198270086775725,0.004740222646077625,8.994468998336148e-05,0.2594839174386622,0.25948386851131955,2770
1.3744536524899544,0.005675816099353435,0.00010197849707490636,0.004740332936307189,8.994487767147822e-05,0.2594839273337304,0.25948387836932973,2771
1.3744531380458045,0.005675359327408047,0.00010197431661821116,0.004740442612349623,8.99450643126439e-05,0.2594839371735922,0.25948388817233126,2772
1.3744526264805779,0.005674905113654608,0.00010197015941083647,0.004740551676506356,8.99452499108037e-05,0.25948394695845584,0.25948389792053134,2773
1.3744521177832931,0.0056744534483126625,0.00010196602536582139,0.004740660131082085,8.994543446990289e-05,0.25948395668852947,0.25948390761413787,2774
1.374451611942957,0.005674004321590351,0.00010196191439607109,0.0047407679783847715,8.994561799386678e-05,0.2594839663640202,0.2594839172533572,2775
1.3744511089485631,0.005673557723684359,0.00010195782641437282,0.004740875220725654,8.994580048664911e-05,0.2594839759851367,0.2594839268383973,2776
1.3744506087890915,0.005673113644779843,0.00010195376133338471,0.004740981860419247,8.994598195219946e-05,0.25948398555208724,0.25948393636946593,2777
1.3744501114535088,0.0056726720750504365,0.00010194971906563841,0.004741087899783364,8.994616239448323e-05,0.25948399506508113,0.2594839458467717,2778
1.374449616930768,0.005672233004658156,0.00010194569952353757,0.004741193341139107,8.994634181745848e-05,0.2594840045243272,0.2594839552705228,2779
1.3744491252098088,0.005671796423753329,0.00010194170261935692,0.004741298186810895,8.994652022508647e-05,0.2594840139300344,0.2594839646409278,2780
1.3744486362795585,0.005671362322474608,0.00010193772826524777,0.00474140243912645,8.994669762135587e-05,0.2594840232824132,0.25948397395819617,2781
1.3744481501289296,0.005670930690948859,0.00010193377637322754,0.004741506100416827,8.994687401023433e-05,0.25948403258167296,0.2594839832225368,2782
1.3744476667468213,0.005670501519291191,0.00010192984685518752,0.004741609173016411,8.994704939571688e-05,0.2594840418280244,0.2594839924341599,2783
1.37444718612212,0.00567007479760481,0.00010192593962288624,0.004741711659262933,8.99472237817923e-05,0.25948405102167804,0.259484001593275,2784
1.374446708243697,0.005669650515981028,0.00010192205458795398,0.004741813561497469,8.994739717244939e-05,0.25948406016284425,0.25948401070009214,2785
1.374446233100411,0.005669228664499186,0.0001019181916618909,0.004741914882064449,8.994756957169696e-05,0.25948406925173456,0.25948401975482216,2786
1.374445760681106,0.005668809233226622,0.00010191435075606703,0.004742015623311671,8.994774098354812e-05,0.2594840782885607,0.259484028757676,2787
1.3744452909746134,0.005668392212218603,0.00010191053178171571,0.0047421157875903045,8.994791141200122e-05,0.25948408727353356,0.259484037708864,2788
1.37444482396975,0.005667977591518302,0.00010190673464994511,0.004742215377254892,8.994808086108309e-05,0.25948409620686563,0.25948404660859786,2789
1.374444359655317,0.005667565361156686,0.00010190295927172977,0.004742314394663375,8.994824933481954e-05,0.2594841050887693,0.2594840554570896,2790
1.374443898020105,0.005667155511152546,0.00010189920555790766,0.004742412842177087,8.9948416837228e-05,0.25948411391945647,0.2594840642545501,2791
1.3744434390528875,0.005666748031512389,0.00010189547341919072,0.004742510722160768,8.994858337236485e-05,0.2594841226991412,0.25948407300119297,2792
1.374442982742425,0.005666342912230439,0.000101891762766151,0.004742608036982576,8.994874894425916e-05,0.25948413142803595,0.25948408169723003,2793
1.3744425290774642,0.005665940143288544,0.0001018880735092275,0.004742704789014091,8.994891355695583e-05,0.2594841401063542,0.2594840903428739,2794
1.3744420780467366,0.00566553971465614,0.00010188440555872587,0.004742800980630324,8.994907721451133e-05,0.25948414873430986,0.259484098938338,2795
1.3744416296389603,0.005665141616290185,0.00010188075882481984,0.00474289661420972,8.994923992099063e-05,0.25948415731211744,0.25948410748383605,2796
1.3744411838428383,0.005664745838135154,0.00010187713321754221,0.004742991692134179,8.994940168044711e-05,0.25948416583999073,0.25948411597958115,2797
1.3744407406470598,0.005664352370122956,0.00010187352864679492,0.004743086216789045,8.994956249695844e-05,0.25948417431814486,0.25948412442578783,2798
1.3744403000402994,0.00566396120217283,0.00010186994502234041,0.004743180190563132,8.994972237458857e-05,0.2594841827467942,0.2594841328226697,2799
1.3744398620112162,0.005663572324191451,0.00010186638225380905,0.004743273615848718,8.994988131742578e-05,0.2594841911261544,0.25948414117044183,2800
1.374439426548456,0.005663185726072688,0.00010186284025069217,0.004743366495041564,8.995003932955829e-05,0.25948419945644113,0.2594841494693191,2801
1.3744389936406496,0.005662801397697724,0.00010185931892234222,0.004743458830540927,8.995019641507442e-05,0.25948420773787007,0.2594841577195165,2802
1.374438563276413,0.005662419328934893,0.00010185581817797895,0.004743550624749549,8.995035257808353e-05,0.25948421597065796,0.25948416592125007,2803
1.3744381354443465,0.005662039509639722,0.00010185233792667778,0.00474364188007369,8.99505078226845e-05,0.25948422415502104,0.2594841740747354,2804
1.3744377101330376,0.005661661929654771,0.00010184887807737973,0.004743732598923113,8.995066215298678e-05,0.25948423229117606,0.2594841821801885,2805
1.3744372873310573,0.005661286578809708,0.00010184543853888612,0.004743822783711106,8.995081557311457e-05,0.2594842403793406,0.25948419023782626,2806
1.374436867026962,0.005660913446921149,0.0001018420192198543,0.00474391243685449,8.995096808716999e-05,0.259484248419731,0.25948419824786434,2807
1.374436449209294,0.005660542523792687,0.00010183862002881118,0.00474400156077361,8.995111969930045e-05,0.25948425641256606,0.25948420621052076,2808
1.3744360338665793,0.005660173799214783,0.00010183524087413668,0.004744090157892361,8.9951270413625e-05,0.25948426435806304,0.25948421412601214,2809
1.3744356209873299,0.005659807262964772,0.0001018318816640783,0.004744178230638192,8.995142023430374e-05,0.2594842722564414,0.25948422199455706,2810
1.3744352105600421,0.005659442904806761,0.00010182854230673434,0.004744265781442116,8.995156916547366e-05,0.2594842801079193,0.25948422981637315,2811
1.3744348025731965,0.0056590807144916745,0.0001018252227100621,0.004744352812738717,8.99517172112686e-05,0.25948428791271483,0.2594842375916778,2812
1.37443439701526,0.0056587206817570864,0.00010182192278188548,0.004744439326966154,8.995186437587191e-05,0.25948429567104864,0.2594842453206908,2813
1.3744339938746828,0.005658362796327273,0.00010181864242987779,0.00474452532656618,8.995201066343964e-05,0.25948430338313994,0.25948425300363065,2814
1.3744335931399003,0.005658007047913094,0.00010181538156157425,0.004744610813984135,8.995215607813515e-05,0.2594843110492083,0.2594842606407163,2815
1.3744331947993322,0.005657653426211987,0.00010181214008436644,0.004744695791668968,8.995230062414404e-05,0.2594843186694746,0.25948426823216775,2816
1.3744327988413836,0.005657301920907898,0.00010180891790550342,0.004744780262073235,8.995244430564448e-05,0.25948432624415907,0.2594842757782046,2817
1.3744324052544428,0.005656952521671237,0.00010180571493209061,0.004744864227653107,8.995258712681996e-05,0.25948433377348246,0.2594842832790469,2818
1.3744320140268835,0.005656605218158839,0.00010180253107108956,0.004744947690868388,8.995272909187193e-05,0.25948434125766634,0.25948429073491536,2819
1.3744316251470639,0.005656260000013898,0.00010179936622931958,0.004745030654182511,8.995287020499866e-05,0.25948434869693215,0.2594842981460307,2820
1.3744312386033255,0.00565591685686595,0.0001017962203134521,0.004745113120062559,8.995301047040056e-05,0.25948435609150144,0.25948430551261376,2821
1.374430854383995,0.005655575778330805,0.00010179309323001833,0.004745195090979264,8.995314989230336e-05,0.2594843634415971,0.2594843128348867,2822
1.3744304724773828,0.005655236754010513,0.0001017899848853977,0.004745276569407017,8.995328847491068e-05,0.2594843707474408,0.25948432011307054,2823
1.3744300928717839,0.0056548997734933125,0.00010178689518583126,0.00474535755782388,8.995342622246303e-05,0.2594843780092562,0.2594843273473881,2824
1.3744297155554785,0.005654564826353564,0.00010178382403740682,0.004745438058711593,8.995356313918093e-05,0.25948438522726597,0.2594843345380609,2825
1.374429340516728,0.0056542319021517465,0.00010178077134606943,0.004745518074555576,8.99536992292944e-05,0.25948439240169313,0.2594843416853118,2826
1.3744289677437793,0.005653900990434336,0.0001017777370176222,0.004745597607844932,8.995383449706405e-05,0.2594843995327624,0.25948434878936466,2827
1.374428597224865,0.005653572080733857,0.00010177472095771244,0.004745676661072482,8.995396894673047e-05,0.2594844066206975,0.2594843558504421,2828
1.374428228948199,0.005653245162568764,0.00010177172307184587,0.0047457552367347455,8.995410258254691e-05,0.25948441366572267,0.2594843628687679,2829
1.3744278629019804,0.005652920225443406,0.00010176874326538077,0.004745833337331954,8.995423540878563e-05,0.25948442066806326,0.2594843698445666,2830
1.3744274990743919,0.005652597258848006,0.00010176578144352625,0.004745910965368063,8.995436742971151e-05,0.2594844276279442,0.2594843767780622,2831
1.3744271374535995,0.005652276252258616,0.00010176283751134008,0.0047459881233507745,8.995449864959369e-05,0.25948443454559067,0.2594843836694793,2832
1.3744267780277544,0.005651957195137042,0.00010175991137373417,0.004746064813791519,8.995462907271922e-05,0.25948444142122873,0.259484390519043,2833
1.374426420784989,0.005651640076930826,0.00010175700293546953,0.004746141039205482,8.995475870336255e-05,0.2594844482550838,0.25948439732697814,2834
1.3744260657134217,0.005651324887073151,0.00010175411210116436,0.004746216802111597,8.995488754584445e-05,0.2594844550473838,0.25948440409351176,2835
1.3744257128011534,0.005651011614982889,0.00010175123877527524,0.004746292105032568,8.995501560443417e-05,0.2594844617983539,0.2594844108188682,2836
1.3744253620362685,0.0056507002500644585,0.0001017483828621188,0.00474636695049487,8.995514288345568e-05,0.25948446850822204,0.2594844175032747,2837
1.3744250134068354,0.005650390781707836,0.00010174554426585657,0.004746441341028754,8.995526938721406e-05,0.25948447517721535,0.25948442414695755,2838
1.374424666900905,0.005650083199288481,0.00010174272289050188,0.004746515279168262,8.995539512003126e-05,0.2594844818055617,0.2594844307501439,2839
1.3744243225065123,0.005649777492167317,0.00010173991863991698,0.004746588767451231,8.995552008624186e-05,0.25948448839348975,0.2594844373130615,2840
1.3744239802116751,0.005649473649690665,0.00010173713141781054,0.004746661808419303,8.995564429016784e-05,0.2594844949412274,0.25948444383593755,2841
1.374423640004395,0.0056491716611902255,0.00010173436112774004,0.004746734404617926,8.995576773614805e-05,0.2594845014490034,0.2594844503190001,2842
1.374423301872657,0.005648871515983025,0.00010173160767311101,0.00474680655859638,8.995589042853085e-05,0.2594845079170472,0.2594844567624775,2843
1.3744229658044287,0.005648573203371342,0.00010172887095717633,0.0047468782729077645,8.995601237166145e-05,0.25948451434558784,0.25948446316659823,2844
1.3744226317876602,0.005648276712642706,0.00010172615088303726,0.004746949550109017,8.995613356990193e-05,0.2594845207348554,0.25948446953159154,2845
1.3744222998102864,0.005647982033069809,0.00010172344735364145,0.004747020392760909,8.995625402761438e-05,0.2594845270850799,0.2594844758576867,2846
1.3744219698602242,0.0056476891539105085,0.00010172076027178292,0.004747090803428073,8.99563737491662e-05,0.2594845333964917,0.259484482145113,2847
1.3744216419253732,0.005647398064407749,0.00010171808954010389,0.004747160784678992,8.995649273893953e-05,0.25948453966932183,0.259484488394101,2848
1.3744213159936165,0.005647108753789526,0.00010171543506109064,0.004747230339086021,8.995661100131655e-05,0.25948454590380143,0.2594844946048808,2849
1.37442099205282,0.005646821211268879,0.00010171279673707736,0.0047472994692253885,8.995672854069525e-05,0.2594845521001624,0.2594845007776836,2850
1.3744206700908326,0.005646535426043784,0.00010171017447024068,0.004747368177677201,8.995684536146204e-05,0.2594845582586361,0.25948450691273983,2851
1.3744203500954855,0.0056462513872971585,0.00010170756816260337,0.00474743646702546,8.995696146802548e-05,0.25948456437945494,0.2594845130102811,2852
1.3744200320545925,0.005645969084196794,0.00010170497771603423,0.004747504339858058,8.995707686478994e-05,0.2594845704628512,0.259484519070539,2853
1.3744197159559508,0.005645688505895352,0.00010170240303224688,0.004747571798766797,8.995719155618192e-05,0.2594845765090584,0.25948452509374603,2854
1.37441940178734,0.005645409641530256,0.0001016998440127951,0.004747638846347391,8.995730554661003e-05,0.25948458251830886,0.259484531080134,2855
1.3744190895365227,0.0056451324802237164,0.00010169730055908092,0.004747705485199469,8.995741884051133e-05,0.25948458849083667,0.2594845370299357,2856
1.3744187791912426,0.005644857011082626,0.00010169477257234943,0.00474777171792659,8.995753144232291e-05,0.25948459442687577,0.2594845429433847,2857
1.3744184707392275,0.005644583223198586,0.00010169225995368799,0.004747837547136249,8.995764335648504e-05,0.2594846003266603,0.259484548820714,2858
1.3744181641681867,0.005644311105647779,0.00010168976260402936,0.004747902975439882,8.99577545874538e-05,0.2594846061904253,0.259484554662158,2859
1.3744178594658127,0.0056440406474910325,0.00010168728042414304,0.004747968005452876,8.995786513967052e-05,0.2594846120184049,0.2594845604679498,2860
1.3744175566197798,0.00564377183777368,0.00010168481331465085,0.004748032639794573,8.995797501761978e-05,0.2594846178108356,0.2594845662383253,2861
1.3744172556177445,0.005643504665525581,0.00010168236117600801,0.004748096881088287,8.995808422575978e-05,0.2594846235679525,0.2594845719735186,2862
1.3744169564473465,0.005643239119761054,0.00010167992390851308,0.004748160731961299,8.995819276856356e-05,0.25948462928999144,0.25948457767376465,2863
1.3744166590962068,0.005642975189478856,0.00010167750141230927,0.004748224195044871,8.995830065051255e-05,0.25948463497718877,0.2594845833392991,2864
1.374416363551929,0.005642712863662103,0.00010167509358738046,0.004748287272974254,8.995840787610715e-05,0.25948464062978177,0.2594845889703582,2865
1.3744160698020984,0.005642452131278272,0.00010167270033354848,0.0047483499683886885,8.995851444983096e-05,0.2594846462480069,0.2594845945671777,2866
1.374415777834283,0.005642192981279108,0.00010167032155048036,0.004748412283931423,8.995862037619599e-05,0.259484651832102,0.2594846001299947,2867
1.3744154876360326,0.0056419354026006705,0.00010166795713768125,0.00474847422224971,8.995872565971116e-05,0.2594846573823049,0.25948460565904585,2868
1.3744151991948794,0.005641679384163204,0.00010166560699449773,0.004748535785994818,8.995883030489169e-05,0.2594846628988537,0.25948461115456856,2869
1.3744149124983362,0.005641424914871133,0.00010166327102011526,0.004748596977822048,8.995893431626125e-05,0.25948466838198686,0.25948461661680056,2870
1.3744146275339,0.005641171983613036,0.00010166094911355855,0.004748657800390725,8.995903769835088e-05,0.25948467383194335,0.2594846220459797,2871
1.3744143442890475,0.005640920579261597,0.00010165864117369272,0.004748718256364211,8.995914045569378e-05,0.2594846792489622,0.2594846274423444,2872
1.3744140627512387,0.00564067069067357,0.00010165634709922212,0.0047487783484099185,8.995924259283893e-05,0.2594846846332832,0.25948463280613343,2873
1.3744137829079146,0.005640422306689709,0.0001016540667886893,0.004748838079199311,8.995934411433324e-05,0.25948468998514623,0.2594846381375858,2874
1.374413504746498,0.005640175416134755,0.00010165180014047611,0.004748897451407908,8.995944502473311e-05,0.25948469530479146,0.25948464343694094,2875
1.374413228254394,0.005639930007817416,0.00010164954705280384,0.004748956467715303,8.995954532861284e-05,0.2594847005924601,0.2594846487044391,2876
1.3744129534189893,0.005639686070530289,0.00010164730742372906,0.004749015130805154,8.995964503053415e-05,0.25948470584839267,0.2594846539403198,2877
1.3744126802276513,0.005639443593049857,0.00010164508115114892,0.004749073443365209,8.995974413507978e-05,0.25948471107283083,0.25948465914482405,2878
1.3744124086677303,0.005639202564136423,0.00010164286813279742,0.0047491314080872985,8.995984264683464e-05,0.2594847162660163,0.2594846643181925,2879
1.3744121387265569,0.005638962972534081,0.00010164066826624254,0.004749189027667352,8.995994057038153e-05,0.2594847214281908,0.25948466946066606,2880
1.3744118703914436,0.005638724806970668,0.00010163848144889597,0.004749246304805394,8.996003791032645e-05,0.2594847265595971,0.25948467457248675,2881
1.3744116036496856,0.005638488056157771,0.00010163630757800148,0.00474930324220556,8.996013467127538e-05,0.2594847316604781,0.2594846796538964,2882
1.3744113384885577,0.005638252708790624,0.00010163414655064187,0.004749359842576108,8.996023085784066e-05,0.25948473673107697,0.25948468470513736,2883
1.3744110748953169,0.005638018753548119,0.00010163199826373833,0.004749416108629406,8.996032647465359e-05,0.25948474177163794,0.25948468972645294,2884
1.3744108128572015,0.005637786179092757,0.00010162986261403901,0.004749472043081963,8.996042152631918e-05,0.2594847467824038,0.2594846947180851,2885
1.3744105523614318,0.005637554974070605,0.00010162773949813751,0.00474952764865442,8.996051601747927e-05,0.2594847517636193,0.2594846996802776,2886
1.3744102933952074,0.005637325127111259,0.00010162562881246042,0.0047495829280715576,8.996060995277999e-05,0.2594847567155294,0.2594847046132747,2887
1.3744100359457114,0.005637096626827816,0.00010162353045326891,0.004749637884062312,8.996070333686741e-05,0.2594847616383791,0.2594847095173203,2888
1.3744097800001072,0.005636869461816844,0.0001016214443166582,0.004749692519359771,8.996079617438872e-05,0.25948476653241337,0.25948471439265847,2889
1.3744095255455384,0.005636643620658298,0.00010161937029856211,0.004749746836701186,8.996088847001533e-05,0.25948477139787857,0.2594847192395348,2890
1.3744092725691315,0.005636419091915561,0.00010161730829474605,0.004749800838827977,8.996098022840814e-05,0.2594847762350204,0.259484724058194,2891
1.3744090210579925,0.005636195864135359,0.00010161525820081161,0.004749854528485746,8.996107145425015e-05,0.25948478104408584,0.25948472884888213,2892
1.3744087709992088,0.0056359739258477195,0.00010161321991219398,0.0047499079084242675,8.996116215221493e-05,0.25948478582532125,0.25948473361184476,2893
1.3744085223798497,0.005635753265565976,0.00010161119332416203,0.004749960981397514,8.996125232699816e-05,0.2594847905789742,0.25948473834732844,2894
1.3744082751869646,0.005635533871786675,0.0001016091783318214,0.00475001375016364,8.996134198329557e-05,0.25948479530529234,0.2594847430555799,2895
1.3744080294075836,0.005635315732989593,0.00010160717483010763,0.00475006621748502,8.996143112581124e-05,0.2594848000045236,0.2594847477368462,2896
1.3744077850287186,0.005635098837637722,0.00010160518271379096,0.004750118386128225,8.996151975925042e-05,0.25948480467691615,0.2594847523913746,2897
1.3744075420373616,0.0056348831741771365,0.00010160320187747693,0.004750170258864042,8.996160788833833e-05,0.25948480932271906,0.25948475701941326,2898
1.3744073004204858,0.005634668731037064,0.00010160123221560329,0.00475022183846748,8.996169551780546e-05,0.25948481394218176,0.2594847616212106,2899
1.374407060165045,0.00563445549662979,0.00010159927362243654,0.004750273127717775,8.996178265236548e-05,0.2594848185355528,0.2594847661970142,2900
1.3744068212579732,0.005634243459350668,0.00010159732599208067,0.004750324129398404,8.996186929676894e-05,0.2594848231030826,0.2594847707470739,2901
1.3744065836861865,0.005634032607578026,0.00010159538921847233,0.0047503748462970705,8.996195545577164e-05,0.2594848276450219,0.2594847752716391,2902
1.37440634743658,0.005633822929673201,0.00010159346319537622,0.004750425281205733,8.996204113411259e-05,0.2594848321616206,0.2594847797709591,2903
1.374406112496031,0.005633614413980449,0.00010159154781639213,0.004750475436920597,8.996212633655813e-05,0.25948483665313,0.25948478424528393,2904
1.3744058788513958,0.0056334070488269754,0.000101589642974948,0.0047505253162421325,8.996221106786097e-05,0.25948484111980064,0.2594847886948636,2905
1.3744056464895125,0.00563320082252281,0.0001015877485643125,0.0047505749219750645,8.996229533282542e-05,0.25948484556188584,0.25948479311995015,2906
1.3744054153971994,0.005632995723360864,0.00010158586447757577,0.004750624256928391,8.996237913621474e-05,0.2594848499796367,0.2594847975207939,2907
1.374405185561255,0.005632791739616879,0.00010158399060766341,0.004750673323915387,8.996246248281638e-05,0.2594848543733057,0.25948480189764633,2908
1.3744049569684582,0.0056325888595493345,0.00010158212684733243,0.004750722125753613,8.996254537743263e-05,0.259484858743146,0.25948480625075976,2909
1.3744047296055693,0.005632387071399516,0.00010158027308917095,0.0047507706652649044,8.996262782486991e-05,0.25948486308941093,0.2594848105803864,2910
1.3744045034593275,0.005632186363391397,0.00010157842922559689,0.004750818945275409,8.996270982993999e-05,0.25948486741235427,0.2594848148867793,2911
1.3744042785164532,0.0056319867237316495,0.00010157659514885734,0.0047508669686155604,8.996279139745459e-05,0.25948487171222967,0.25948481917019106,2912
1.3744040547636476,0.005631788140609626,0.0001015747707510335,0.004750914738120102,8.996287253224867e-05,0.25948487598929204,0.25948482343087553,2913
1.3744038321875909,0.005631590602197269,0.00010157295592403032,0.0047509622566280834,8.996295323914137e-05,0.25948488024379546,0.259484827669086,2914
1.3744036107749442,0.005631394096649166,0.00010157115055958895,0.004751009526982878,8.996303352297501e-05,0.2594848844759952,0.2594848318850768,2915
1.3744033905123492,0.005631198612102456,0.00010156935454927907,0.00475105655203218,8.996311338860668e-05,0.2594848886861474,0.25948483607910305,2916
1.3744031713864278,0.00563100413667681,0.00010156756778449626,0.004751103334628007,8.996319284088083e-05,0.2594848928745074,0.259484840251419,2917
1.3744029533837807,0.005630810658474422,0.00010156579015646994,0.004751149877626708,8.996327188466088e-05,0.2594848970413316,0.25948484440228037,2918
1.3744027364909905,0.005630618165579968,0.00010156402155625783,0.004751196183888973,8.996335052481763e-05,0.25948490118687684,0.25948484853194287,2919
1.374402520694619,0.005630426646060569,0.00010156226187474689,0.004751242256279837,8.996342876622613e-05,0.2594849053114001,0.2594848526406625,2920
1.3744023059812083,0.005630236087965766,0.00010156051100265322,0.004751288097668678,8.996350661377824e-05,0.25948490941515934,0.2594848567286963,2921
1.37440209233728,0.005630046479327528,0.00010155876883051915,0.004751333710929235,8.996358407234902e-05,0.2594849134984115,0.25948486079630034,2922
1.3744018797493365,0.005629857808160159,0.00010155703524872144,0.004751379098939606,8.996366114685881e-05,0.25948491756141606,0.25948486484373295,2923
1.37440166820386,0.005629670062460347,0.0001015553101474537,0.004751424264582256,8.996373784217743e-05,0.2594849216044297,0.2594848688712499,2924
1.3744014576873118,0.005629483230207058,0.00010155359341675273,0.004751469210744017,8.99638141632505e-05,0.2594849256277132,0.2594848728791111,2925
1.3744012481861347,0.005629297299361562,0.0001015518849464763,0.004751513940316097,8.996389011499417e-05,0.2594849296315257,0.25948487686757454,2926
1.3744010396867494,0.0056291122578673945,0.00010155018462630699,0.004751558456194087,8.996396570232149e-05,0.25948493361612623,0.25948488083689847,2927
1.3744008321755583,0.005628928093650307,0.00010154849234575984,0.004751602761277961,8.996404093017282e-05,0.25948493758177527,0.2594848847873422,2928
1.3744006256389425,0.005628744794618277,0.00010154680799417625,0.0047516468584720825,8.996411580348756e-05,0.2594849415287332,0.25948488871916536,2929
1.3744004200632636,0.0056285623486614575,0.00010154513146072797,0.0047516907506852096,8.9964190327224e-05,0.2594849454572614,0.25948489263262814,2930
1.3744002154348622,0.005628380743652152,0.00010154346263440949,0.004751734440830504,8.996426450632892e-05,0.25948494936762073,0.25948489652799045,2931
1.3744000117400594,0.00562819996744481,0.00010154180140404779,0.004751777931825529,8.99643383457733e-05,0.2594849532600732,0.25948490040551336,2932
1.374399808965156,0.0056280200078759595,0.00010154014765829391,0.004751821226592259,8.996441185053125e-05,0.25948495713488107,0.2594849042654581,2933
1.3743996070964313,0.0056278408527642475,0.0001015385012856241,0.004751864328057083,8.996448502556751e-05,0.25948496099230606,0.25948490810808544,2934
1.3743994061201454,0.005627662489910345,0.0001015368621743462,0.00475190723915081,8.996455787587411e-05,0.25948496483261135,0.25948491193365775,2935
1.3743992060225385,0.005627484907096982,0.0001015352302125938,0.004751949962808672,8.99646304064558e-05,0.2594849686560608,0.25948491574243754,2936
1.3743990067898295,0.005627308092088868,0.00010153360528832542,0.004751992501970327,8.996470262230255e-05,0.25948497246291746,0.25948491953468705,2937
1.3743988084082164,0.005627132032632716,0.00010153198728932745,0.004752034859579867,8.996477452842543e-05,0.2594849762534455,0.2594849233106695,2938
1.374398610863878,0.005626956716457219,0.00010153037610321179,0.004752077038585826,8.996484612984285e-05,0.25948498002790954,0.25948492707064846,2939
1.3743984141429728,0.005626782131272966,0.0001015287716174161,0.004752119041941176,8.996491743157118e-05,0.259484983786574,0.25948493081488716,2940
1.3743982182316368,0.0056266082647725086,0.00010152717371920937,0.004752160872603336,8.996498843865414e-05,0.2594849875297047,0.25948493454365085,2941
1.3743980231159876,0.0056264351046302515,0.00010152558229567732,0.004752202533534173,8.996505915610703e-05,0.2594849912575662,0.2594849382572027,2942
1.3743978287821221,0.005626262638502485,0.00010152399723374127,0.00475224402770001,8.996512958899467e-05,0.2594849949704254,0.2594849419558086,2943
1.3743976352161147,0.005626090854027371,0.00010152241842014632,0.00475228535807163,8.996519974237556e-05,0.25948499866854896,0.2594849456397346,2944
1.3743974424040213,0.005625919738824865,0.00010152084574145525,0.004752326527624278,8.996526962128187e-05,0.25948500235220223,0.2594849493092447,2945
1.3743972503318769,0.005625749280496752,0.00010151927908406906,0.004752367539337662,8.996533923081005e-05,0.25948500602165386,0.25948495296460655,2946
1.3743970589856949,0.005625579466626606,0.00010151771833420527,0.004752408396195969,8.996540857601967e-05,0.2594850096771706,0.2594849566060859,2947
1.3743968683514685,0.005625410284779732,0.0001015161633779122,0.00475244910118785,8.996547766200085e-05,0.25948501331902074,0.25948496023395023,2948
1.3743966784151713,0.0056252417225032296,0.00010151461410105879,0.004752489657306447,8.996554649383426e-05,0.25948501694747217,0.2594849638484661,2949
1.374396489162754,0.005625073767325883,0.00010151307038934502,0.0047525300675493685,8.9965615076629e-05,0.2594850205627942,0.2594849674499021,2950
1.3743963005801485,0.005624906406758208,0.00010151153212829165,0.004752570334918726,8.996568341548261e-05,0.2594850241652556,0.2594849710385258,2951
1.3743961126532658,0.0056247396282923905,0.00010150999920324768,0.004752610462421111,8.996575151551682e-05,0.25948502775512633,0.25948497461460607,2952
1.3743959253679947,0.005624573419402311,0.00010150847149938403,0.004752650453067614,8.996581938184393e-05,0.2594850313326759,0.25948497817841165,2953
1.3743957387102053,0.005624407767543468,0.00010150694890169958,0.00475269030987382,8.99658870195973e-05,0.259485034898175,0.25948498173021195,2954
1.3743955526657454,0.00562424266015302,0.00010150543129501375,0.004752730035859814,8.996595443389765e-05,0.25948503845189347,0.25948498527027586,2955
1.3743953672204423,0.005624078084649719,0.00010150391856397752,0.0047527696340501895,8.996602162990572e-05,0.25948504199410344,0.25948498879887455,2956
1.3743951823601022,0.00562391402843392,0.00010150241059306018,0.004752809107474038,8.996608861275388e-05,0.25948504552507545,0.25948499231627753,2957
1.3743949980705121,0.0056237504788875575,0.00010150090726656168,0.004752848459164974,8.99661553876176e-05,0.25948504904508235,0.2594849958227565,2958
1.3743948143374358,0.005623587423374111,0.00010149940846860182,0.00475288769216112,8.996622195964925e-05,0.25948505255439575,0.25948499931858215,2959
1.3743946311466182,0.005623424849238641,0.00010149791408312704,0.004752926809505113,8.996628833402964e-05,0.25948505605328875,0.2594850028040265,2960
1.374394448483782,0.005623262743807696,0.00010149642399390896,0.004752965814244118,8.996635451593744e-05,0.2594850595420344,0.25948500627936144,2961
1.3743942663346296,0.00562310109438937,0.0001014949380845413,0.0047530047094298125,8.996642051055242e-05,0.2594850630209057,0.2594850097448591,2962
1.3743940846848421,0.00562293988827323,0.00010149345623844549,0.004753043498118412,8.996648632307541e-05,0.25948506649017683,0.2594850132007926,2963
1.3743939035200807,0.005622779112730351,0.00010149197833886589,0.004753082183370658,8.996655195871777e-05,0.25948506995012255,0.2594850166474355,2964
1.3743937228259835,0.0056226187550132405,0.00010149050426887086,0.004753120768251819,8.996661742268141e-05,0.25948507340101706,0.25948502008506125,2965
1.3743935425881701,0.005622458802355908,0.00010148903391134971,0.00475315925583171,8.996668272018084e-05,0.25948507684313527,0.25948502351394337,2966
1.374393362792238,0.005622299241973757,0.00010148756714902276,0.004753197649184676,8.996674785644749e-05,0.25948508027675293,0.25948502693435666,2967
1.3743931834237626,0.005622140061063639,0.00010148610386442938,0.004753235951389603,8.996681283671066e-05,0.25948508370214574,0.25948503034657594,2968
1.3743930044683004,0.005621981246803812,0.00010148464393993732,0.004753274165529922,8.99668776662249e-05,0.2594850871195907,0.259485033750877,2969
1.3743928259113851,0.005621822786353952,0.00010148318725773142,0.004753312294693615,8.99669423502164e-05,0.25948509052936325,0.25948503714753435,2970
1.3743926477385309,0.005621664666855097,0.00010148173369982571,0.0047533503419732075,8.996700689395028e-05,0.259485093931741,0.25948504053682436,2971
1.3743924699352295,0.005621506875429663,0.0001014802831480587,0.0047533883104657745,8.996707130268956e-05,0.2594850973270014,0.25948504391902355,2972
1.3743922924869527,0.005621349399181437,0.00010147883548409047,0.004753426203272948,8.996713558170781e-05,0.25948510071542247,0.25948504729440874,2973
1.37439211537915,0.0056211922251955485,0.00010147739058940753,0.004753464023500912,8.996719973628387e-05,0.2594851040972824,0.2594850506632573,2974
1.3743919385972514,0.005621035340538469,0.00010147594834531744,0.004753501774260412,8.996726377169765e-05,0.25948510747285963,0.2594850540258463,2975
1.3743917621266644,0.005620878732258007,0.00010147450863295376,0.004753539458666749,8.996732769325013e-05,0.25948511084243353,0.25948505738245436,2976
1.374391585952776,0.005620722387383272,0.00010147307133327397,0.004753577079839791,8.996739150624015e-05,0.25948511420628345,0.2594850607333595,2977
1.374391410060952,0.005620566292924721,0.00010147163632705553,0.00475361464090397,8.996745521596978e-05,0.2594851175646889,0.25948506407884026,2978
1.3743912344365368,0.0056204104358740445,0.0001014702034949072,0.004753652144988277,8.996751882776948e-05,0.25948512091793086,0.2594850674191766,2979
1.3743910590648543,0.005620254803204303,0.00010146877271725288,0.0047536895952262825,8.99675823469487e-05,0.2594851242662892,0.2594850707546472,2980
1.3743908839312062,0.005620099381869765,0.00010146734387434596,0.004753726994756115,8.996764577884212e-05,0.2594851276100452,0.2594850740855325,2981
1.3743907090208745,0.005619944158806028,0.00010146591684626204,0.004753764346720488,8.99677091287929e-05,0.2594851309494805,0.25948507741211274,2982
1.374390534319119,0.005619789120929913,0.00010146449151290271,0.004753801654266674,8.99677724021526e-05,0.2594851342848772,0.2594850807346691,2983
1.3743903598111789,0.005619634255139526,0.00010146306775398673,0.00475383892054653,8.996783560426227e-05,0.2594851376165168,0.259485084053482,2984
1.3743901854822709,0.005619479548314221,0.00010146164544906355,0.004753876148716493,8.996789874049667e-05,0.2594851409446827,0.2594850873688338,2985
1.3743900113175924,0.005619324987314571,0.00010146022447750444,0.004753913341937558,8.996796181622214e-05,0.2594851442696578,0.25948509068100617,2986
1.3743898373023185,0.0056191705589824165,0.00010145880471850424,0.004753950503375325,8.996802483682081e-05,0.25948514759172575,0.2594850939902818,2987
1.3743896634216035,0.005619016250140813,0.00010145738605107685,0.0047539876361999585,8.99680878076622e-05,0.25948515091116964,0.2594850972969426,2988
1.3743894896605795,0.005618862047594033,0.00010145596835406682,0.004754024743586207,8.996815073414953e-05,0.2594851542282743,0.2594851006012724,2989
1.3743893160043588,0.005618707938127601,0.00010145455150613852,0.004754061828713411,8.996821362167759e-05,0.2594851575433241,0.25948510390355445,2990
1.3743891424380321,0.005618553908508198,0.00010145313538578373,0.004754098894765477,8.996827647566225e-05,0.2594851608566045,0.2594851072040731,2991
1.374388968946668,0.005618399945483781,0.00010145171987131158,0.004754135944930917,8.99683393015057e-05,0.25948516416840034,0.2594851105031122,2992
1.3743887955153153,0.005618246035783489,0.00010145030484086175,0.004754172982402819,8.9968402104647e-05,0.2594851674789983,0.25948511380095707,2993
1.374388622129,0.005618092166117641,0.00010144889017239236,0.0047542100103788575,8.996846489049783e-05,0.25948517078868366,0.2594851170978921,2994
1.3743884487727285,0.005617938323177788,0.00010144747574369131,0.004754247032061294,8.99685276645183e-05,0.25948517409774424,0.259485120394204,2995
1.374388275431485,0.005617784493636665,0.00010144606143236372,0.004754284050656985,8.996859043213591e-05,0.25948517740646615,0.2594851236901776,2996
1.3743881020902318,0.005617630664148212,0.00010144464711584359,0.004754321069377369,8.996865319881398e-05,0.2594851807151374,0.2594851269861001,2997
1.3743879287339114,0.00561747682134754,0.0001014432326713848,0.00475435809143848,8.996871597000736e-05,0.25948518402404547,0.2594851302822577,2998
1.3743877553474442,0.005617322951850987,0.00010144181797606962,0.004754395120060938,8.99687787511952e-05,0.25948518733347925,0.2594851335789382,2999
1.3743875819157305,0.005617169042256063,0.00010144040290679966,0.004754432158469961,8.996884154784713e-05,0.25948519064372705,0.25948513687642866,3000
